Domain,Domain ascore,kloudbean.com,cloudways.com,Matches
adobe.com,100,0,4,1
cambridge.org,100,0,2,1
github.com,100,0,66,1
google.com,100,0,17,1
microsoft.com,100,0,8,1
spotify.com,100,0,2,1
t.me,100,0,14,1
wikipedia.org,100,0,2,1
yandex.ru,100,0,9,1
amazon.in,99,0,7,1
medium.com,98,0,258,1
note.com,97,0,2,1
blog.naver.com,95,0,9,1
forbes.com,93,0,7,1
goodreads.com,92,0,12,1
yandex.com.tr,92,0,3,1
google.co.id,91,0,2,1
slideshare.net,91,0,16,1
line.me,90,0,1,1
mit.edu,89,0,9,1
eksisozluk.com,88,0,1,1
stackoverflow.com,88,0,1,1
stanford.edu,88,0,34,1
stackexchange.com,87,0,2,1
heylink.me,86,0,3,1
intuit.com,86,0,1,1
cnet.com,85,0,6,1
dhl.com,85,0,1,1
geeksforgeeks.org,85,0,2,1
shopify.com,85,0,6,1
monotaro.com,82,0,1,1
wix.com,82,0,1,1
behance.net,81,0,1,1
fcbarcelona.com,81,0,41,1
godaddy.com,81,0,3,1
pcmag.com,81,0,3,1
alibaba.com,80,0,18,1
iheart.com,80,0,21,1
myanimelist.net,80,0,1,1
bit.ly,79,0,16,1
pixnet.net,79,0,7,1
springer.com,79,0,2,1
zendesk.com,79,0,61,1
bbb.org,78,0,1,1
fool.com,78,0,1,1
hubspot.com,78,0,20,1
psu.edu,78,0,1,1
theconversation.com,78,0,1,1
glassdoor.com,77,0,2,1
google.cat,77,0,1,1
nasdaq.com,77,0,4,1
techtarget.com,77,0,1,1
tomsguide.com,77,0,2,1
umich.edu,77,0,2,1
xataka.com,77,0,1,1
dribbble.com,76,0,4,1
google.ca,76,0,1,1
techradar.com,76,0,39,1
asu.edu,75,0,51,1
envato.com,75,0,12,1
fiverr.com,75,0,3,1
osu.edu,75,0,1,1
blogger.com,74,0,1,1
google.pt,74,0,2,1
jotform.com,74,0,4,1
mdpi.com,74,0,2,1
nyu.edu,74,0,1,1
prnewswire.com,74,0,2,1
site.com,74,0,5,1
stuff.co.nz,74,0,1,1
utoronto.ca,74,0,51,1
zapier.com,74,0,9,1
ahrefs.com,73,0,3,1
couponfollow.com,73,0,1,1
fortinet.com,73,0,2,1
fortune.com,73,0,1,1
google.com.vn,73,0,4,1
metro.co.uk,73,0,1,1
upwork.com,73,0,1,1
veed.io,73,0,3,1
wordpress.org,73,0,3208,1
ya.ru,73,0,19,1
google.lk,72,0,5,1
virginia.edu,72,0,2,1
wikidot.com,72,0,1,1
wordpress.com,72,0,41,1
booksy.com,71,0,3,1
habr.com,71,0,63,1
hatena.ne.jp,71,0,2,1
kaspersky.com,71,0,1,1
moodle.org,71,0,15,1
rice.edu,71,0,1,1
unity.com,71,0,4,1
visa.com,71,0,1,1
vocal.media,71,0,98,1
zoominfo.com,71,0,1,1
byu.edu,70,0,1,1
freecodecamp.org,70,0,2,1
glints.com,70,0,2,1
google.ro,70,0,5,1
jetbrains.com,70,0,28,1
qiita.com,70,0,27,1
syosetu.org,70,0,4,1
tweakers.net,70,0,3,1
unsw.edu.au,70,0,1,1
uw.edu,70,0,17,1
icons8.com,69,0,6,1
lifehacker.com,69,0,2,1
mawdoo3.com,69,0,1,1
ptt.cc,69,0,2,1
telkomuniversity.ac.id,69,0,1,1
7esl.com,68,0,1,1
bio.link,68,0,1,1
brasil247.com,68,0,2,1
dcard.tw,68,0,7,1
depositphotos.com,68,0,1,1
google.com.tw,68,0,5,1
meetup.com,68,0,1,1
canva.site,67,0,1,1
computerhope.com,67,0,2,1
domestika.org,67,0,2,1
gartner.com,67,0,1,1
invideo.io,67,0,1,1
php.net,67,0,11,1
rocketreach.co,67,0,1,1
telegram.me,67,0,6,1
tinyurl.com,67,0,8,1
7news.com.au,66,0,1,1
cinfa.com,66,0,85,1
cmoney.tw,66,0,1,1
digitalocean.com,66,0,239,1
edx.org,66,0,1,1
globenewswire.com,66,0,150,1
google.co.il,66,0,3,1
google.ru,66,0,5,1
livechat.com,66,0,1,1
macrumors.com,66,0,2,1
neocities.org,66,0,2,1
pressbooks.pub,66,0,2,1
sfgate.com,66,0,1,1
steemit.com,66,0,20,1
unm.edu,66,0,123,1
vorwerk.com,66,0,17,1
arstechnica.com,65,0,3,1
cybernews.com,65,0,2,1
freepressjournal.in,65,0,1,1
heygen.com,65,0,1,1
mixcloud.com,65,0,1,1
printful.com,65,0,5,1
printify.com,65,0,1,1
raspberrypi.com,65,0,3,1
renault.fr,65,0,41,1
skillshare.com,65,0,3,1
udg.mx,65,0,2,1
uschamber.com,65,0,1,1
venngage.com,65,0,12,1
w3techs.com,65,0,2,1
wave.video,65,0,2,1
work.ua,65,0,2,1
archlinux.org,64,0,1,1
businesswire.com,64,0,8,1
google.hr,64,0,2,1
home.blog,64,0,103,1
upm.es,64,0,1,1
vocus.cc,64,0,48,1
adguard.com,63,0,2,1
cricut.com,63,0,34,1
google.com.sa,63,0,1,1
grokipedia.com,63,0,41,1
splunk.com,63,0,3,1
wikiversity.org,63,0,3,1
woocommerce.com,63,0,11,1
awwwards.com,62,0,7,1
dpreview.com,62,0,1,1
drupal.org,62,0,13,1
entrepreneur.com,62,0,5,1
geocities.ws,62,0,1,1
happyscribe.com,62,0,1,1
iitb.ac.in,62,0,6341,1
lovable.dev,62,0,1,1
moz.com,62,0,3,1
notepad-plus-plus.org,62,0,2,1
overclockers.co.uk,62,0,1,1
ozbargain.com.au,62,0,15,1
s.id,62,0,1,1
shorturl.at,62,0,8,1
simplycodes.com,62,0,4,1
visme.co,62,0,8,1
wargaming.net,62,0,1,1
wordstream.com,62,0,1,1
gauthmath.com,61,0,1,1
mineduc.cl,61,0,17,1
pitchbook.com,61,0,1,1
typeform.com,61,0,1,1
warthunder.com,61,0,1,1
zdnet.com,61,0,9,1
zenn.dev,61,0,3,1
commentcamarche.net,60,0,1,1
elektroda.pl,60,0,1,1
nar.realtor,60,0,1,1
neilpatel.com,60,0,20,1
qlik.com,60,0,4,1
redflagdeals.com,60,0,1,1
toptal.com,60,0,3,1
undip.ac.id,60,0,2,1
alura.com.br,59,0,2,1
apachefriends.org,59,0,8,1
debian.org,59,0,160,1
designrush.com,59,0,9,1
jdsupra.com,59,0,1,1
kinsta.com,59,0,17,1
kongotech.org,59,0,3,1
ninjavan.co,59,0,1,1
restream.io,59,0,2,1
seranking.com,59,0,3,1
acast.com,58,0,4,1
chanty.com,58,0,5,1
freshdesk.com,58,0,2,1
nairaland.com,58,0,20,1
onelogin.com,58,0,1,1
piktochart.com,58,0,1,1
pttweb.cc,58,0,1,1
scam-detector.com,58,0,1,1
searchenginejournal.com,58,0,63,1
wikiwand.com,58,0,1,1
amazonaws.com,57,0,13,1
bleepingcomputer.com,57,0,1,1
clutch.co,57,0,1,1
hepper.com,57,0,2,1
iemlabs.com,57,0,10,1
internxt.com,57,0,1,1
signaturely.com,57,0,2,1
spigotmc.org,57,0,2,1
themeforest.net,57,0,3,1
articulate.com,56,0,1,1
bluehost.com,56,0,17,1
dhamma.org,56,0,17,1
elementor.com,56,0,61,1
emerald.com,56,0,1,1
gallaudet.edu,56,0,34,1
goodcall.com,56,0,1,1
google.com.np,56,0,1,1
hidabroot.org,56,0,17,1
israelnationalnews.com,56,0,1,1
lovable.app,56,0,4,1
pga.com,56,0,51,1
socialcatfish.com,56,0,1,1
thenationonlineng.net,56,0,17,1
theregister.com,56,0,2,1
uoc.edu,56,0,4,1
atlassian.net,55,0,1,1
au.dk,55,0,1,1
beehiiv.com,55,0,151,1
campaignmonitor.com,55,0,2,1
contactout.com,55,0,2,1
csdn.net,55,0,16,1
dal.ca,55,0,1,1
designhill.com,55,0,2,1
flipsnack.com,55,0,2,1
formative.com,55,0,17,1
fullerton.edu,55,0,1,1
gitbook.io,55,0,45,1
google.az,55,0,5,1
hardwarezone.com.sg,55,0,2,1
example.help,55,0,2,1
itprotoday.com,55,0,1,1
levels.fyi,55,0,1,1
nationaldebtrelief.com,55,0,2,1
omsystem.com,55,0,1,1
opensource.com,55,0,3,1
phys.org,55,0,1,1
podcastle.ai,55,0,1,1
proxmox.com,55,0,2,1
scrum.org,55,0,1,1
sitepoint.com,55,0,35,1
trustindex.io,55,0,5,1
tutsplus.com,55,0,13,1
webfx.com,55,0,1,1
workana.com,55,0,5,1
buzzfeednews.com,54,0,2,1
coda.io,54,0,9,1
coupert.com,54,0,1,1
dailyexcelsior.com,54,0,1,1
emailvendorselection.com,54,0,2,1
explodingtopics.com,54,0,2,1
getmailbird.com,54,0,28,1
getresponse.com,54,0,8,1
google.com.sg,54,0,1,1
gtmetrix.com,54,0,1,1
hunter.io,54,0,1,1
influencermarketinghub.com,54,0,2,1
insidermonkey.com,54,0,1,1
isc2.org,54,0,1,1
joomla.org,54,0,2,1
kittl.com,54,0,1,1
lambdatest.com,54,0,1,1
libsyn.com,54,0,10,1
linustechtips.com,54,0,1,1
logo.com,54,0,2,1
openclassrooms.com,54,0,1,1
opentext.com,54,0,1,1
podigee.io,54,0,1,1
producthunt.com,54,0,22,1
prospeo.io,54,0,4,1
rb.gy,54,0,2,1
softwaresuggest.com,54,0,1,1
sparklight.com,54,0,42,1
thedrum.com,54,0,7,1
ua.es,54,0,1,1
uc3m.es,54,0,2,1
webpronews.com,54,0,1,1
weworkremotely.com,54,0,3,1
xataka.com.mx,54,0,9,1
accio.com,53,0,64,1
almrsal.com,53,0,2,1
alternativeto.net,53,0,5,1
applesfera.com,53,0,2,1
bigcommerce.com,53,0,9,1
brafton.com,53,0,6,1
canvaslms.com,53,0,24,1
cloudbeds.com,53,0,6,1
codecanyon.net,53,0,7,1
colorlib.com,53,0,22,1
fixthephoto.com,53,0,5,1
gridinsoft.com,53,0,6,1
hubstaff.com,53,0,1,1
ifsul.edu.br,53,0,5,1
komdigi.go.id,53,0,1,1
maryville.edu,53,0,1,1
mypixieset.com,53,0,2,1
pandadoc.com,53,0,1,1
plainenglish.io,53,0,9,1
postaffiliatepro.com,53,0,2,1
rackspace.com,53,0,1,1
simplecast.com,53,0,14,1
simplybook.me,53,0,5,1
sitechecker.pro,53,0,48,1
sitescorechecker.com,53,0,56,1
tailscale.com,53,0,1,1
teachable.com,53,0,2,1
teamwork.com,53,0,3,1
tiendanube.com,53,0,3,1
towardsdatascience.com,53,0,1,1
uptimerobot.com,53,0,1,1
webnode.page,53,0,3,1
webroot.com,53,0,10,1
whop.com,53,0,1,1
yotpo.com,53,0,2,1
analyticsinsight.net,52,0,2,1
asiaone.com,52,0,1,1
brandcrowd.com,52,0,3,1
cloudwards.net,52,0,2,1
cpanel.net,52,0,1,1
feedinco.com,52,0,1,1
guru99.com,52,0,19,1
iplocation.net,52,0,4,1
lifehack.org,52,0,1,1
lnk.bio,52,0,4,1
mailerlite.com,52,0,1,1
paheal.net,52,0,12,1
pcguide.com,52,0,17,1
provenexpert.com,52,0,2,1
regex101.com,52,0,84,1
seonews.ru,52,0,2,1
skool.com,52,0,1,1
smartinsights.com,52,0,1,1
smashingmagazine.com,52,0,4412,1
thriveagency.com,52,0,1,1
tinhte.vn,52,0,6,1
tops.co.th,52,0,34,1
aliyun.com,51,0,1,1
asg.to,51,0,2,1
castbox.fm,51,0,1,1
chinaz.com,51,0,19,1
cloudways.com,51,0,81,1
cutt.ly,51,0,2,1
devpost.com,51,0,1,1
dzone.com,51,0,4,1
filehorse.com,51,0,7,1
google.by,51,0,2,1
google.ch,51,0,5,1
google.cl,51,0,5,1
kit.com,51,0,45,1
knoji.com,51,0,5,1
krispcall.com,51,0,1,1
leadsquared.com,51,0,2,1
linode.com,51,0,4,1
mydukaan.io,51,0,5,1
mystagingwebsite.com,51,0,9,1
napoleoncat.com,51,0,1,1
networkworld.com,51,0,1,1
nicepage.com,51,0,1,1
nomadicmatt.com,51,0,2,1
omnisend.com,51,0,11,1
pcrisk.com,51,0,1,1
rss.com,51,0,1,1
screenapp.io,51,0,1,1
shiftdelete.net,51,0,1,1
snov.io,51,0,8,1
storage.googleapis.com,51,0,5,1
success.com,51,0,2,1
sucuri.net,51,0,6,1
symfony.com,51,0,35,1
systeme.io,51,0,23,1
theorg.com,51,0,2,1
thepaystubs.com,51,0,1,1
uipath.com,51,0,1,1
uniroma3.it,51,0,2,1
upguard.com,51,0,1,1
victronenergy.com,51,0,2,1
vultr.com,51,0,4,1
xosothantai.com,51,0,1,1
admitad.com,50,0,9,1
apify.com,50,0,2,1
comparably.com,50,0,8,1
coruzant.com,50,0,4,1
cryptorank.io,50,0,2,1
easyparcel.com,50,0,3,1
educba.com,50,0,6,1
flippa.com,50,0,3,1
flippingbook.com,50,0,8,1
footybite.to,50,0,8,1
goodfirms.co,50,0,5,1
gtranslate.io,50,0,15,1
ithome.com.tw,50,0,1,1
itpro.com,50,0,2,1
justanswer.co.uk,50,0,1,1
liveplan.com,50,0,1,1
lpnu.ua,50,0,4,1
myhq.in,50,0,1,1
orbitmedia.com,50,0,1,1
pantheon.io,50,0,5,1
player.fm,50,0,13,1
rankmath.com,50,0,26,1
rb.ru,50,0,1,1
seositecheckup.com,50,0,3,1
skillsyouneed.com,50,0,3,1
slides.com,50,0,3,1
softpedia.com,50,0,1,1
stck.me,50,0,23,1
storyblok.com,50,0,2,1
syncfusion.com,50,0,6,1
transistor.fm,50,0,39,1
ut.ee,50,0,25,1
velog.io,50,0,4,1
wp-rocket.me,50,0,4,1
wpengine.com,50,0,6,1
wpforms.com,50,0,58,1
broadbandsearch.net,49,0,1,1
cnblogs.com,49,0,5,1
codeur.com,49,0,1,1
contentstudio.io,49,0,8,1
creatio.com,49,0,2,1
cxl.com,49,0,10,1
doctorhead.ru,49,0,3,1
doe.gov,49,0,17,1
ecwid.com,49,0,35,1
forms.app,49,0,5,1
google.lt,49,0,5,1
gorgias.com,49,0,1,1
grin.co,49,0,1,1
hackernoon.com,49,0,1,1
hashnode.com,49,0,13,1
hostgator.com,49,0,2,1
ibtimes.com,49,0,5,1
iiit.ac.in,49,0,102,1
indiehackers.com,49,0,15,1
infoworld.com,49,0,1,1
link-assistant.com,49,0,17,1
liquidweb.com,49,0,8,1
luma.com,49,0,10,1
mn.gov.in,49,0,34,1
moengage.com,49,0,3,1
neverendingfootsteps.com,49,0,4,1
novelupdatesforum.com,49,0,2,1
nuvemshop.com.br,49,0,1,1
opencart.com,49,0,57,1
pardus.org.tr,49,0,1,1
pearlevision.com,49,0,3,1
phoenixnap.com,49,0,1,1
pocketcasts.com,49,0,1,1
poddtoppen.se,49,0,2,1
premium.naver.com,49,0,12,1
rebrand.ly,49,0,8,1
rentry.co,49,0,9,1
scholasticahq.com,49,0,1,1
score.org,49,0,2,1
snyk.io,49,0,6,1
softr.io,49,0,1,1
statsig.com,49,0,1,1
statusgator.com,49,0,4,1
strikingly.com,49,0,5,1
surferseo.com,49,0,2,1
surveysparrow.com,49,0,1,1
swu.ac.th,49,0,1,1
teamtreehouse.com,49,0,7,1
techtimes.com,49,0,3,1
testmuai.com,49,0,1,1
thepreviewapp.com,49,0,1,1
tidio.com,49,0,2,1
truenas.com,49,0,1,1
uem.br,49,0,1,1
upworthy.com,49,0,2,1
uservoice.com,49,0,2073,1
wappalyzer.com,49,0,1,1
webflow.com,49,0,1,1
weglot.com,49,0,1,1
acento.com.do,48,0,17,1
atom.com,48,0,3,1
awin.com,48,0,79,1
bitcointalk.org,48,0,4,1
bluesombrero.com,48,0,46,1
cloudtalk.io,48,0,106,1
cmswire.com,48,0,1,1
computer.org,48,0,1,1
debugbear.com,48,0,4,1
deskera.com,48,0,2,1
digitalagencynetwork.com,48,0,11,1
easydmarc.com,48,0,1,1
eesel.ai,48,0,6,1
einpresswire.com,48,0,16,1
eposnow.com,48,0,1,1
google.com.ng,48,0,5,1
google.lv,48,0,1,1
grabo.bg,48,0,20,1
invgate.com,48,0,2,1
kmong.com,48,0,8,1
kommo.com,48,0,4,1
laracasts.com,48,0,8,1
lenso.ai,48,0,3,1
linuxquestions.org,48,0,4,1
mexicanplease.com,48,0,2,1
mostlyblogging.com,48,0,6,1
mybroadband.co.za,48,0,2,1
newswire.com,48,0,15,1
oberlo.com,48,0,1,1
planable.io,48,0,3,1
powerdmarc.com,48,0,23,1
prowly.com,48,0,1,1
purevpn.com,48,0,2,1
quest.com,48,0,1,1
refrens.com,48,0,2,1
ritzau.dk,48,0,1,1
socialbee.com,48,0,8,1
softwaretestinghelp.com,48,0,19,1
sostav.ru,48,0,1,1
startpagina.nl,48,0,2,1
strongdm.com,48,0,1,1
teachers.gov.bd,48,0,2,1
titan.email,48,0,1,1
tkaraoke.com,48,0,1,1
unisg.ch,48,0,2,1
uxplanet.org,48,0,1,1
withairbnb.com,48,0,1,1
woorise.com,48,0,1,1
worldoftanks.com,48,0,2,1
xs4all.nl,48,0,2,1
xsolla.com,48,0,1,1
zonkafeedback.com,48,0,1,1
8x8.com,47,0,14,1
adroll.com,47,0,1,1
appinventiv.com,47,0,1,1
benchmarkemail.com,47,0,2,1
benelli.com,47,0,41,1
billdu.com,47,0,2,1
boardhost.com,47,0,4,1
brand24.com,47,0,4,1
captivate.fm,47,0,4,1
chainstoreage.com,47,0,1,1
coalitiontechnologies.com,47,0,1,1
crowdspring.com,47,0,8,1
diariobitcoin.com,47,0,2,1
digitalcommerce360.com,47,0,2,1
edureka.co,47,0,1,1
emizentech.com,47,0,3,1
fitsmallbusiness.com,47,0,1,1
forkinthekitchen.com,47,0,1,1
gitconnected.com,47,0,1,1
hackerearth.com,47,0,3,1
hostadvice.com,47,0,163,1
httrack.com,47,0,2,1
hulkapps.com,47,0,2,1
i-d.co,47,0,75947,1
investorplace.com,47,0,1,1
iubenda.com,47,0,38,1
landingi.com,47,0,1,1
leadpages.com,47,0,2,1
locals.com,47,0,1,1
magento.com,47,0,160,1
mailtrap.io,47,0,12,1
merca20.com,47,0,4,1
mymotherlode.com,47,0,2,1
packagist.org,47,0,27,1
paperjam.lu,47,0,1,1
popdaily.com.tw,47,0,1,1
prestashop.com,47,0,29,1
prisma.io,47,0,1,1
propakistani.pk,47,0,7,1
psimonmyway.com,47,0,1,1
reallygoodemails.com,47,0,1,1
red-gate.com,47,0,2,1
seamless.ai,47,0,1,1
speakerdeck.com,47,0,1,1
taxjar.com,47,0,1,1
techbullion.com,47,0,50,1
telnyx.com,47,0,1,1
trustradius.com,47,0,7,1
ubergizmo.com,47,0,1,1
vwo.com,47,0,4,1
waikato.ac.nz,47,0,17,1
wall-street.ro,47,0,1,1
weizmann.ac.il,47,0,34,1
wpcomstaging.com,47,0,1,1
ytravelblog.com,47,0,1,1
10web.io,46,0,14,1
atalayar.com,46,0,3,1
b-cdn.net,46,0,82,1
bigrock.in,46,0,3,1
buzzsumo.com,46,0,8,1
clearout.io,46,0,1,1
computerworld.dk,46,0,1,1
datatables.net,46,0,1,1
dontpayfull.com,46,0,2,1
doofinder.com,46,0,2,1
ecommercefastlane.com,46,0,54,1
educause.edu,46,0,1,1
emerce.nl,46,0,3,1
eonetwork.org,46,0,17,1
fintechmagazine.com,46,0,1,1
forumactif.com,46,0,1,1
free.com.tw,46,0,5,1
gariwo.net,46,0,2,1
geckoboard.com,46,0,1,1
geek.hr,46,0,3,1
geekflare.com,46,0,1627,1
genspark.ai,46,0,2,1
ghost.io,46,0,124,1
google.dk,46,0,2,1
google.md,46,0,5,1
gravityforms.com,46,0,3,1
helpscoutdocs.com,46,0,1,1
holded.com,46,0,1,1
hostingersite.com,46,0,91,1
html.it,46,0,2,1
ilounge.com,46,0,1,1
inc42.com,46,0,1,1
itsfoss.com,46,0,1,1
jivochat.com,46,0,6,1
mau.se,46,0,1,1
musicinafrica.net,46,0,1,1
mysignature.io,46,0,1,1
nopcommerce.com,46,0,17,1
openreplay.com,46,0,1,1
pics.io,46,0,4,1
pr-cy.ru,46,0,11,1
remotive.com,46,0,1,1
ryrob.com,46,0,50,1
salesforceben.com,46,0,17,1
sender.net,46,0,4,1
signal-arnaques.com,46,0,1,1
socket.dev,46,0,2,1
sortlist.com,46,0,1,1
strapi.io,46,0,1,1
stripo.email,46,0,1,1
tawk.help,46,0,1,1
templatemonster.com,46,0,4,1
thriveglobal.com,46,0,2,1
tim.blog,46,0,1,1
tintworld.com,46,0,17,1
tldv.io,46,0,24,1
twinery.org,46,0,1,1
ultrasawt.com,46,0,1,1
uniqode.com,46,0,5,1
updownradar.com,46,0,9,1
usersnap.com,46,0,3,1
wildapricot.com,46,0,4,1
wordcamp.org,46,0,51,1
wpml.org,46,0,4,1
xenforo.com,46,0,8,1
2net.co.il,45,0,1,1
amasty.com,45,0,4,1
archivists.org,45,0,13,1
arcserve.com,45,0,1,1
area15.com,45,0,34,1
atpearl.com,45,0,17,1
baliholidaysecrets.com,45,0,5,1
bit.ai,45,0,1,1
boot.dev,45,0,2,1
cari.com.my,45,0,13,1
codeigniter.com,45,0,263,1
coggle.it,45,0,4,1
coingate.com,45,0,1,1
contra.com,45,0,3,1
coupler.io,45,0,2,1
crazydomains.com.au,45,0,1,1
cybersource.com,45,0,5,1
designmantic.com,45,0,3,1
desygner.com,45,0,1,1
direct.me,45,0,1,1
dsers.com,45,0,2,1
earnkaro.com,45,0,2,1
edn.com,45,0,2,1
emailtooltester.com,45,0,1,1
failory.com,45,0,7,1
for9a.com,45,0,1,1
fortlewis.edu,45,0,1,1
foxyfolksy.com,45,0,10,1
google.co.mz,45,0,5,1
google.ee,45,0,4,1
google.ie,45,0,2,1
harmonytx.org,45,0,17,1
hongkiat.com,45,0,1,1
hosteurope.de,45,0,5,1
hubspot.jp,45,0,2,1
ikas.com,45,0,1,1
inmotionhosting.com,45,0,21,1
interest.co.nz,45,0,4,1
keywordseverywhere.com,45,0,1,1
leadiq.com,45,0,3,1
logopond.com,45,0,1,1
lowyat.net,45,0,4,1
luggagehero.com,45,0,1,1
macg.co,45,0,2,1
mediawiki.org,45,0,40,1
myftpupload.com,45,0,71,1
namehero.com,45,0,1,1
nationbuilder.com,45,0,1,1
neo.space,45,0,3,1
nerdnomads.com,45,0,1,1
neverbounce.com,45,0,1,1
optinmonster.com,45,0,6,1
page.link,45,0,1,1
pingback.com,45,0,4,1
pipingpotcurry.com,45,0,2,1
qualaroo.com,45,0,4,1
scoop.it,45,0,32,1
simplified.com,45,0,2,1
softwareone.com,45,0,9,1
spocket.co,45,0,89,1
stackademic.com,45,0,2,1
streamscheme.com,45,0,1,1
streetinsider.com,45,0,17,1
sweclockers.com,45,0,4,1
techbehemoths.com,45,0,1,1
techcabal.com,45,0,1,1
techpoint.africa,45,0,2,1
thehoth.com,45,0,1,1
tidbits.com,45,0,4,1
tweetbinder.com,45,0,1,1
umbraco.com,45,0,2,1
unimap.edu.my,45,0,2,1
upmenu.com,45,0,1,1
viblo.asia,45,0,18,1
whatagraph.com,45,0,2,1
whitepress.com,45,0,1,1
wowza.com,45,0,2,1
yesware.com,45,0,1,1
zight.com,45,0,1,1
2checkout.com,44,0,7,1
advancedcustomfields.com,44,0,29,1
advancedwebranking.com,44,0,1,1
allbusiness.com,44,0,1,1
ananda.org,44,0,17,1
arzdigital.com,44,0,1,1
async.com,44,0,1,1
awario.com,44,0,1,1
bradley.edu,44,0,5,1
bresciamusei.com,44,0,17,1
c-sharpcorner.com,44,0,20,1
callhippo.com,44,0,2,1
chatbase.co,44,0,1,1
circleboom.com,44,0,2,1
close.com,44,0,10,1
codeproject.com,44,0,2,1
creditdonkey.com,44,0,2,1
criptonoticias.com,44,0,1,1
devops.com,44,0,1,1
digitalmarketer.com,44,0,1,1
donorbox.org,44,0,1,1
experts-exchange.com,44,0,9,1
extensiv.com,44,0,1,1
finearts.go.th,44,0,1,1
getassist.net,44,0,1,1
glueup.com,44,0,1,1
google.com.kh,44,0,2,1
google.mn,44,0,5,1
hashnode.dev,44,0,52,1
hsoub.com,44,0,2,1
hupont.hu,44,0,6,1
hutech.edu.vn,44,0,2,1
itnext.io,44,0,1,1
jouwweb.nl,44,0,1,1
learnworlds.com,44,0,3,1
lihi.cc,44,0,1,1
livehelpnow.net,44,0,1,1
maximusuk.co.uk,44,0,17,1
namefatso.com,44,0,1,1
nmrn.org.uk,44,0,34,1
nofluffjobs.com,44,0,17,1
observer-reporter.com,44,0,1,1
outvio.com,44,0,1,1
owler.com,44,0,1,1
parcelmonitor.com,44,0,2,1
peekyou.com,44,0,1,1
personalityjunkie.com,44,0,1,1
realmenrealstyle.com,44,0,3,1
recruiter.com,44,0,1,1
riseworks.io,44,0,2,1
rws.com,44,0,1,1
saleshandy.com,44,0,2,1
savoo.co.uk,44,0,1,1
scanova.io,44,0,1,1
sg-host.com,44,0,1,1
shortpixel.com,44,0,39,1
siit.co,44,0,19,1
siliconangle.com,44,0,1,1
simpleshow.com,44,0,1,1
slcschools.org,44,0,51,1
socialchamp.com,44,0,2,1
softwareworld.co,44,0,62,1
startupgrind.com,44,0,1,1
startups.co.uk,44,0,131,1
superside.com,44,0,2,1
thectoclub.com,44,0,29,1
tooltester.com,44,0,10,1
turbify.com,44,0,2,1
udl.cat,44,0,1,1
vmaker.com,44,0,1,1
vtex.com,44,0,3,1
webrazzi.com,44,0,1,1
wpastra.com,44,0,51,1
wpmarmite.com,44,0,12,1
10minuteschool.com,43,0,5,1
aijourn.com,43,0,3,1
analoghq.ai,43,0,4,1
appsgeyser.io,43,0,1,1
atlantic.net,43,0,1,1
back4app.com,43,0,12,1
beyblade.com,43,0,40,1
brightpearl.com,43,0,3,1
castos.com,43,0,9,1
channelfutures.com,43,0,4,1
chisellabs.com,43,0,1,1
chroniclejournal.com,43,0,2,1
clickfunnels.com,43,0,2,1
codingame.com,43,0,2,1
compareinternet.com,43,0,2,1
contentsnare.com,43,0,6,1
crainsdetroit.com,43,0,1,1
credit.com,43,0,1,1
databox.com,43,0,6,1
designmodo.com,43,0,1,1
discuss.io,43,0,1,1
drip.com,43,0,2,1
ejournals.ph,43,0,2,1
elegantthemes.com,43,0,21,1
epomaker.com,43,0,17,1
exabytes.co.id,43,0,1,1
exoplatform.com,43,0,3,1
fairygodboss.com,43,0,2,1
feedaty.com,43,0,2,1
freelancehunt.com,43,0,11,1
google.com.lb,43,0,1,1
gowork.fr,43,0,1,1
hange.jp,43,0,1,1
hostingadvice.com,43,0,21,1
ied.eu,43,0,1,1
iharare.com,43,0,1,1
improvado.io,43,0,1,1
infosecinstitute.com,43,0,1,1
insomnia.gr,43,0,1,1
intersystems.com,43,0,6,1
jrcigars.com,43,0,34,1
jscrambler.com,43,0,2,1
jubelio.com,43,0,1,1
kripeshadwani.com,43,0,12,1
leadfeeder.com,43,0,2,1
linuxblog.io,43,0,1,1
mababy.com,43,0,1,1
market.us,43,0,1,1
medicai.io,43,0,3,1
mmu.edu.my,43,0,17,1
movableink.com,43,0,1,1
mrw.it,43,0,12,1
nicepage.io,43,0,8,1
nuelink.com,43,0,1,1
opinionstage.com,43,0,2,1
orangepi.org,43,0,8,1
osome.com,43,0,1,1
paltalk.com,43,0,4,1
peerlist.io,43,0,1,1
percona.com,43,0,1,1
plesk.com,43,0,14,1
poraad.nl,43,0,17,1
postplanner.com,43,0,1,1
raindrop.io,43,0,4,1
rswebsols.com,43,0,9,1
searchbug.com,43,0,1,1
seo-kueche.de,43,0,1,1
seohost.pl,43,0,1,1
seoworks.co.uk,43,0,1,1
serpstat.com,43,0,2,1
simcoe.ca,43,0,17,1
sitelike.org,43,0,63,1
smallbiztrends.com,43,0,3,1
smartblogger.com,43,0,2,1
smartbrief.com,43,0,2,1
stackify.com,43,0,1,1
startuptalky.com,43,0,5,1
studytonight.com,43,0,1,1
tagembed.com,43,0,6,1
terrassa.cat,43,0,1,1
thamhiemmekong.com,43,0,1,1
themeisle.com,43,0,32,1
themodestman.com,43,0,1,1
tiiny.host,43,0,2,1
timify.com,43,0,1,1
tldr.tech,43,0,1,1
travelpayouts.com,43,0,1,1
unifrance.org,43,0,4,1
virgool.io,43,0,3,1
webempresa.com,43,0,4,1
webkul.com,43,0,12,1
wpmudev.com,43,0,42,1
yiiframework.com,43,0,7,1
yoo7.com,43,0,1,1
activeboard.com,42,0,18,1
affpaying.com,42,0,51,1
agilitypr.com,42,0,4,1
alaskaseafood.org,42,0,2,1
apploye.com,42,0,1,1
backpack.tf,42,0,1,1
betakit.com,42,0,3,1
bokun.io,42,0,1,1
brimbank.vic.gov.au,42,0,17,1
businessinsurance.com,42,0,2,1
chamberofcommerce.org,42,0,1,1
cloudcomputing-news.net,42,0,1,1
danetsoft.com,42,0,1,1
datafeedwatch.com,42,0,1,1
dealdrop.com,42,0,7,1
dio.me,42,0,1,1
ebayfeescalculator.com,42,0,1,1
ecommerce-platforms.com,42,0,32,1
empireflippers.com,42,0,2,1
engagebay.com,42,0,8,1
faradars.org,42,0,1,1
featured.com,42,0,1,1
finnpartners.com,42,0,2,1
flightsim.to,42,0,20,1
fogbugz.com,42,0,2,1
folio3.com,42,0,1,1
foundershield.com,42,0,1,1
google.ba,42,0,2,1
hive.com,42,0,3,1
hiverhq.com,42,0,2,1
homebusinessmag.com,42,0,1,1
involve.me,42,0,1,1
isdown.app,42,0,305,1
jivochat.com.br,42,0,2,1
kadencewp.com,42,0,22,1
kdan.com,42,0,1,1
leadsbridge.com,42,0,3,1
lebigdata.fr,42,0,13,1
lensa.com,42,0,1,1
liderempresarial.com,42,0,51,1
litespeedtech.com,42,0,2,1
mailshake.com,42,0,1,1
martech.zone,42,0,10,1
mforos.com,42,0,1,1
mont-sainte-anne.com,42,0,119,1
muvi.com,42,0,2,1
mylesrestaurantgroup.com,42,0,17,1
mytotalretail.com,42,0,1,1
nihaojewelry.com,42,0,1,1
onestream.live,42,0,4,1
pixpa.com,42,0,23,1
planradar.com,42,0,1,1
portaly.cc,42,0,4,1
practicalecommerce.com,42,0,2,1
predis.ai,42,0,58,1
prnews.io,42,0,2,1
process.st,42,0,1,1
proofhub.com,42,0,3,1
prweb.com,42,0,2,1
punto-informatico.it,42,0,1,1
qikink.com,42,0,1,1
qmee.com,42,0,1,1
ranktracker.com,42,0,281,1
rdxsports.com,42,0,3,1
referralcandy.com,42,0,9,1
rocket.chat,42,0,1,1
rovaniemi.fi,42,0,2,1
salesmate.io,42,0,1,1
scalefusion.com,42,0,27,1
searchlogistics.com,42,0,2,1
securityboulevard.com,42,0,3,1
sharethis.com,42,0,8,1
smslocal.com,42,0,4,1
soundstream.media,42,0,1,1
sru.ac.th,42,0,4,1
startupstash.com,42,0,3,1
summeryule.com,42,0,2,1
teamupdraft.com,42,0,2,1
techimply.com,42,0,12,1
tecmint.com,42,0,5,1
testsigma.com,42,0,2,1
thebrief.ai,42,0,2,1
thedatascientist.com,42,0,5,1
theenterpriseworld.com,42,0,1,1
timedoctor.com,42,0,2,1
trueconf.com,42,0,1,1
upcity.com,42,0,1,1
usc.edu.tw,42,0,68,1
vcita.com,42,0,1,1
virginiahayward.com,42,0,17,1
wareed.com.sa,42,0,17,1
webnots.com,42,0,2,1
webwork-tracker.com,42,0,8,1
weseektravel.com,42,0,1,1
wishpond.com,42,0,6,1
wp-cli.org,42,0,51,1
your-server.de,42,0,56,1
adminer.org,41,0,14,1
aicrowd.com,41,0,1,1
alidropship.com,41,0,56,1
appsgeyser.com,41,0,2,1
audiense.com,41,0,3,1
bitsrc.io,41,0,1,1
c99.nl,41,0,161,1
camfrog.com,41,0,1,1
cloudzero.com,41,0,4,1
concretecms.com,41,0,1,1
coremedia.com,41,0,1,1
cosmosfarm.com,41,0,2,1
creative-tim.com,41,0,9,1
crocoblock.com,41,0,16,1
cw33.com,41,0,1,1
datamation.com,41,0,1,1
de.tl,41,0,1,1
disruptiveadvertising.com,41,0,1,1
downradar.ru,41,0,4,1
ehandel.se,41,0,3,1
engagedly.com,41,0,1,1
esecurityplanet.com,41,0,1,1
esputnik.com,41,0,2,1
exabytes.my,41,0,1,1
fahimai.com,41,0,20,1
falklandislands.com,41,0,1,1
fluentforms.com,41,0,2,1
fontstruct.com,41,0,1,1
forbesbulgaria.com,41,0,1,1
forum.squarespace.com,41,0,2,1
gamma.site,41,0,3,1
generatepress.com,41,0,7,1
getgrav.org,41,0,27,1
getlatka.com,41,0,1,1
google.com.jm,41,0,5,1
growjo.com,41,0,71,1
happymammoth.com,41,0,17,1
helpcrunch.com,41,0,5,1
herothemes.com,41,0,6,1
indospace.in,41,0,238,1
instapaper.com,41,0,4,1
iobm.edu.pk,41,0,17,1
iotforall.com,41,0,2,1
iurban.in.th,41,0,11,1
iwriter.com,41,0,1,1
joinhorizons.com,41,0,2,1
kindlepreneur.com,41,0,1,1
linnworks.com,41,0,1,1
linux.org.ru,41,0,2,1
londonlovesbusiness.com,41,0,3,1
madgicx.com,41,0,1,1
mageplaza.com,41,0,19,1
mediavida.com,41,0,1,1
memberpress.com,41,0,16,1
mitur.gob.do,41,0,17,1
moveforwardparty.org,41,0,34,1
muffingroup.com,41,0,18,1
mybb.com,41,0,1,1
namasha.com,41,0,1,1
namepros.com,41,0,7,1
nerdbot.com,41,0,3,1
neuroflash.com,41,0,4,1
oceanwp.org,41,0,159,1
ontraport.com,41,0,1,1
opsmatters.com,41,0,4,1
ort.org.il,41,0,2,1
oscommerce.com,41,0,10,1
outfy.com,41,0,1,1
paperform.co,41,0,1,1
parapuan.co,41,0,1,1
partnerkin.com,41,0,2,1
piekary.pl,41,0,195,1
plerdy.com,41,0,2,1
pluginhive.com,41,0,23,1
podbay.fm,41,0,2,1
portnola.com,41,0,1148,1
processwire.com,41,0,1,1
publift.com,41,0,10,1
railway.app,41,0,17,1
rau.ua,41,0,8,1
readwise.io,41,0,1,1
rephonic.com,41,0,1,1
seoclerk.com,41,0,19,1
seongon.com,41,0,3,1
seostudio.tools,41,0,8,1
shift4shop.com,41,0,7,1
siteprice.org,41,0,8,1
softuni.bg,41,0,11,1
stackshare.io,41,0,6,1
starterstory.com,41,0,21,1
startupsmagazine.co.uk,41,0,1,1
techround.co.uk,41,0,16,1
terra-master.com,41,0,2,1
thelostpassport.com,41,0,6,1
translatepress.com,41,0,1,1
unite.ai,41,0,1,1
unovacursos.com.br,41,0,1,1
upskilled.edu.au,41,0,1,1
urbanmatter.com,41,0,1,1
urlr.me,41,0,1,1
uxtweak.com,41,0,2,1
vo-raad.nl,41,0,17,1
wajos.de,41,0,17,1
wasabi.com,41,0,1,1
webnode.pt,41,0,3,1
websitebuilderexpert.com,41,0,1,1
whoishostingthis.com,41,0,5,1
wholesalecentral.com,41,0,1,1
wifitalents.com,41,0,63,1
yapaka.be,41,0,1,1
zoutons.com,41,0,4,1
activeprospect.com,40,0,1,1
addicted2success.com,40,0,1,1
agicent.com,40,0,1,1
ajk.gov.pk,40,0,34,1
aliceoseman.com,40,0,17,1
altcraft.com,40,0,2,1
andtradition.com,40,0,34,1
applitools.com,40,0,164,1
apprendre-larabe-facilement.com,40,0,2,1
arc.dev,40,0,1,1
arizonafoothillsmagazine.com,40,0,1,1
autods.com,40,0,2,1
b4x.com,40,0,1,1
betalist.com,40,0,4,1
bolddesk.com,40,0,2,1
businessabc.net,40,0,1,1
calltrackingmetrics.com,40,0,2,1
cbca.org.au,40,0,17,1
channable.com,40,0,1,1
clintonhallny.com,40,0,16,1
cloudron.io,40,0,11,1
comodosslstore.com,40,0,3,1
consumersadvocate.org,40,0,1,1
creatosaurus.io,40,0,1,1
datadriveninvestor.com,40,0,2,1
document360.com,40,0,1,1
eagle.cool,40,0,7,1
emailaudience.com,40,0,3,1
entireweb.com,40,0,97,1
ernesthealth.com,40,0,1972,1
escala.com,40,0,1,1
fatjoe.com,40,0,1,1
faun.pub,40,0,2,1
fer.es,40,0,5,1
flexoffers.com,40,0,2,1
fluentcart.com,40,0,1,1
fluentsupport.com,40,0,1,1
formidableforms.com,40,0,1,1
fptsoftware.com,40,0,1,1
freshysites.com,40,0,1,1
geekzone.co.nz,40,0,7,1
google.com.mm,40,0,2,1
google.com.py,40,0,1,1
graciousquotes.com,40,0,5,1
h5p.org,40,0,2,1
hammfg.com,40,0,2,1
hessautomobile.com,40,0,1,1
highperformr.ai,40,0,1,1
hispanicsociety.org,40,0,17,1
hostpapa.com,40,0,3,1
influencer-hero.com,40,0,3,1
instamojo.com,40,0,1,1
intigriti.com,40,0,9,1
invisionzone.com,40,0,1,1
k21academy.com,40,0,1,1
kerrycoco.ie,40,0,17,1
kontrakhukum.com,40,0,34,1
letsdothis.com,40,0,1,1
levelblue.com,40,0,2,1
linguise.com,40,0,51,1
lingvolive.com,40,0,2,1
linkody.com,40,0,5,1
louisianafirstnews.com,40,0,4,1
mailmodo.com,40,0,2,1
management.org,40,0,2,1
managewp.com,40,0,4,1
milesweb.in,40,0,1,1
mimuw.edu.pl,40,0,2,1
mobileappdaily.com,40,0,4,1
mockplus.com,40,0,1,1
moreinvest.co.il,40,0,51,1
n.nu,40,0,1,1
nakedcapitalism.com,40,0,1,1
northflank.com,40,0,1,1
npdigital.com,40,0,1,1
nuclino.com,40,0,1,1
pagetraffic.com,40,0,2,1
pastryandbeyond.com,40,0,1,1
plagscan.com,40,0,1,1
powerdigitalmarketing.com,40,0,1,1
recruitcrm.io,40,0,52,1
recruiterflow.com,40,0,3,1
referralrock.com,40,0,3,1
reply.io,40,0,2,1
resurgencebehavioralhealth.com,40,0,17,1
salehoo.com,40,0,5,1
seedly.sg,40,0,2,1
sellthetrend.com,40,0,1,1
sfcc.edu,40,0,17,1
site.pro,40,0,12,1
ski-stoneham.com,40,0,187,1
sleekflow.io,40,0,8,1
speckyboy.com,40,0,28,1
startupblink.com,40,0,2,1
tapfiliate.com,40,0,10,1
tech.blog,40,0,14,1
techbusinessnews.com.au,40,0,36,1
tedium.co,40,0,6,1
theme.co,40,0,10,1
theoutline.com,40,0,1,1
tpu.ro,40,0,2,1
trackingtime.co,40,0,1,1
trans4mind.com,40,0,2,1
twine.net,40,0,6,1
tycoonstory.com,40,0,3,1
uagro.mx,40,0,1,1
ump.edu.my,40,0,1,1
unraid.net,40,0,3,1
utilities-online.info,40,0,1,1
v2ex.com,40,0,2,1
vizologi.com,40,0,1,1
weeztix.com,40,0,1032,1
wincher.com,40,0,5,1
wpallimport.com,40,0,2,1
wpbeaverbuilder.com,40,0,15,1
wpmailsmtp.com,40,0,12,1
yespo.io,40,0,6,1
ywam.org,40,0,9,1
zilliondesigns.com,40,0,1,1
8theme.com,39,0,33,1
accuwebhosting.com,39,0,1,1
agencyanalytics.com,39,0,1,1
agroline.com.br,39,0,3,1
aiforwork.co,39,0,8,1
airbyte.com,39,0,1,1
almcorp.com,39,0,1,1
amcrest.com,39,0,1,1
analyticssteps.com,39,0,3,1
apsense.com,39,0,11,1
armemberplugin.com,39,0,1,1
avada.com,39,0,1,1
beketo.pl,39,0,17,1
benchmarkone.com,39,0,47,1
bloggingwizard.com,39,0,6,1
bring.com.br,39,0,17,1
buddyboss.com,39,0,4,1
bulk.ly,39,0,5,1
chilimath.com,39,0,1,1
cloudpanel.io,39,0,1,1
codeable.io,39,0,3,1
codepath.org,39,0,1,1
codester.com,39,0,7,1
commoninja.com,39,0,5,1
contentshifu.com,39,0,4,1
creativethemes.com,39,0,9,1
cuelinks.com,39,0,1,1
cyberpanel.net,39,0,13,1
decktopus.com,39,0,2,1
desdesoria.es,39,0,1,1
digitalsilk.com,39,0,4,1
doba.com,39,0,2,1
eastus2-01.azurewebsites.net,39,0,76,1
english.cool,39,0,34,1
equinetacademy.com,39,0,1,1
flock.com,39,0,6,1
flywheelsites.com,39,0,1,1
gitnux.org,39,0,88,1
golden.com,39,0,1,1
goodpods.com,39,0,24,1
goodwinrecruiting.com,39,0,24,1
google.com.bz,39,0,5,1
google.si,39,0,5,1
hellobonsai.com,39,0,10,1
hevodata.com,39,0,2,1
highervisibility.com,39,0,3,1
hostingstep.com,39,0,3,1
hoststar.ch,39,0,1,1
ikonet.com,39,0,2,1
incrementors.com,39,0,1,1
isitwp.com,39,0,4,1
iugu.com,39,0,1,1
ivacy.com,39,0,1,1
jeffbullas.com,39,0,1,1
jennarainey.com,39,0,1,1
joinsecret.com,39,0,15,1
kle.cz,39,0,2,1
klenty.com,39,0,1,1
kriesi.at,39,0,11,1
lawsikho.com,39,0,2,1
libraries.io,39,0,2,1
list.ly,39,0,1,1
macrofactorapp.com,39,0,4,1
marketer.ua,39,0,2,1
mediabistro.com,39,0,1,1
milyin.com,39,0,12,1
moneycrashers.com,39,0,1,1
monovm.com,39,0,1,1
moosend.com,39,0,3,1
morebusiness.com,39,0,2,1
mostrecommendedbooks.com,39,0,2,1
motadata.com,39,0,4,1
netify.ai,39,0,2,1
newoldstamp.com,39,0,1,1
nicereply.com,39,0,1,1
nida.ac.th,39,0,16,1
nitropack.io,39,0,34,1
nu.edu.eg,39,0,17,1
oldhickorybuildings.com,39,0,17,1
pipiads.com,39,0,1,1
platingpixels.com,39,0,1,1
prlog.org,39,0,70,1
programminginsider.com,39,0,16,1
publicnow.com,39,0,1,1
pulsetic.com,39,0,1,1
realtyna.com,39,0,1,1
reteno.com,39,0,1,1
route.com,39,0,2,1
runcloud.io,39,0,1,1
salesflare.com,39,0,28,1
scalahosting.com,39,0,1,1
school.blog,39,0,20,1
scoilnet.ie,39,0,1,1
securityjournaluk.com,39,0,1,1
seosherpa.com,39,0,2,1
short.gy,39,0,1,1
smccd.edu,39,0,19,1
smith.ai,39,0,1,1
startinfinity.com,39,0,1,1
suffolk.sch.uk,39,0,51,1
superagi.com,39,0,1,1
targetinternet.com,39,0,3,1
thewildlifediaries.com,39,0,1,1
timely.com,39,0,2,1
tivazo.com,39,0,2,1
track-pod.com,39,0,1,1
undiknas.ac.id,39,0,4,1
uplead.com,39,0,6,1
vimexx.nl,39,0,3,1
voilanorbert.com,39,0,2,1
voluum.com,39,0,2,1
wartank.ru,39,0,3,1
wavel.ai,39,0,2,1
waynecc.edu,39,0,17,1
weblium.com,39,0,1,1
week.co.jp,39,0,1,1
wpamelia.com,39,0,7,1
wpbakery.com,39,0,5,1
wpreset.com,39,0,4,1
xiaomitoday.it,39,0,7480,1
115.com,38,0,5,1
2-spyware.com,38,0,1,1
accelo.com,38,0,4,1
adpushup.com,38,0,7,1
ahrefs.jp,38,0,1,1
alsacreations.com,38,0,8,1
appointlet.com,38,0,1,1
apteka-talap.kz,38,0,2,1
avasam.com,38,0,8,1
b12.io,38,0,1,1
bamboo-gardens.com,38,0,17,1
bitcoinist.com,38,0,1,1
ciep.mx,38,0,34,1
clodura.ai,38,0,1,1
cloudcomputing-insider.de,38,0,1,1
cloudzy.com,38,0,26,1
creativecow.net,38,0,1,1
cs-cart.com,38,0,2,1
ctm.com,38,0,2,1
custify.com,38,0,1,1
danielzrihen.co.il,38,0,2,1
dealstream.com,38,0,2,1
debutify.com,38,0,1,1
delante.co,38,0,2,1
delightfulmomfood.com,38,0,7,1
determ.com,38,0,1,1
devdojo.com,38,0,22,1
dftbskindeep.com,38,0,17,1
digital-coach.com,38,0,1,1
digitalscholar.in,38,0,1,1
elasticemail.com,38,0,2,1
elasticpath.com,38,0,2,1
elephantjournal.com,38,0,1,1
elhacker.net,38,0,17,1
enterprisestorageforum.com,38,0,1,1
enviragallery.com,38,0,1,1
ezo.io,38,0,1,1
fastestknowntime.com,38,0,1,1
fera.ai,38,0,4,1
fieldservicely.com,38,0,1,1
firebearstudio.com,38,0,20,1
firework.com,38,0,1,1
forecast.app,38,0,2,1
foundationinc.co,38,0,1,1
freelancersunion.org,38,0,1,1
freeup.net,38,0,1,1
geniuslink.com,38,0,1,1
glockapps.com,38,0,1,1
golocad.com,38,0,2,1
google.cd,38,0,5,1
google.co.ve,38,0,1,1
google.is,38,0,5,1
granthaalayahpublication.org,38,0,6,1
greatfrontend.com,38,0,2,1
greedygirlgourmet.com,38,0,2,1
hannity.com,38,0,1,1
healthcaresuccess.com,38,0,1,1
healthyhappylife.com,38,0,2,1
hometalk.com,38,0,1,1
hububble.co,38,0,2,1
idealmagazine.co.uk,38,0,2,1
invisioncommunity.com,38,0,1,1
iwa.ie,38,0,17,1
johnnyafrica.com,38,0,1,1
keepandshare.com,38,0,2,1
kibocommerce.com,38,0,1,1
kioskindustry.org,38,0,3,1
kody.pl,38,0,18,1
leanpub.com,38,0,1,1
legiit.com,38,0,2,1
linuxtoday.com,38,0,2,1
litextension.com,38,0,13,1
lowendbox.com,38,0,2,1
lucushost.com,38,0,1,1
macrofactor.com,38,0,4,1
mailpoet.com,38,0,2,1
marcosdelavega.com,38,0,4,1
meetanshi.com,38,0,3,1
metapedia.org,38,0,1,1
mozello.com,38,0,6,1
msp360.com,38,0,1,1
myprosandcons.com,38,0,11,1
napavalleywineacademy.com,38,0,17,1
nederman.com,38,0,41,1
nie.edu.sg,38,0,51,1
nimtools.com,38,0,2,1
ninjaforms.com,38,0,2,1
nowpayments.io,38,0,1,1
nure.ua,38,0,1,1
observe.ai,38,0,2,1
outbacksteakhouse.com.au,38,0,17,1
outbyte.com,38,0,1,1
paidmembershipspro.com,38,0,1,1
parspack.com,38,0,1,1
poptin.com,38,0,1,1
proshare.co,38,0,3,1
ptt.reviews,38,0,1,1
quickemailverification.com,38,0,1,1
railsware.com,38,0,3,1
roastbrief.com.mx,38,0,17,1
saasant.com,38,0,2,1
shipper.id,38,0,11,1
silicon.co.uk,38,0,1,1
slo-tech.com,38,0,1,1
smashballoon.com,38,0,1,1
smscountry.com,38,0,1,1
squid-cache.org,38,0,3,1
stevepavlina.com,38,0,4,1
storydoc.com,38,0,2,1
superbuy.com,38,0,1,1
synup.com,38,0,1,1
techdirt.com,38,0,3,1
teratail.com,38,0,6,1
thekenyatimes.com,38,0,1,1
tiwar.ru,38,0,1,1
traffickinginstitute.org,38,0,17,1
traqq.com,38,0,2,1
travelbooksfood.com,38,0,2,1
truelocal.com.au,38,0,1,1
tympanus.net,38,0,20,1
univer.se,38,0,1,1
unlayer.com,38,0,1,1
vinahost.vn,38,0,1,1
vinpit.com,38,0,2,1
virtuallatinos.com,38,0,1,1
w3c.github.io,38,0,1,1
websitepulse.com,38,0,4,1
websupport.sk,38,0,1,1
wedevs.com,38,0,11,1
wisernotify.com,38,0,3,1
wpshout.com,38,0,33,1
wsform.com,38,0,3,1
wwwhatsnew.com,38,0,2,1
zumvu.com,38,0,13,1
3rd-in.co.jp,37,0,1,1
adventureinstead.com,37,0,4,1
agilecrm.com,37,0,1,1
apollotechnical.com,37,0,3,1
arrajol.com,37,0,1,1
authorlearningcenter.com,37,0,36,1
ays-pro.com,37,0,1,1
b2bnn.com,37,0,2,1
bestreviews.net,37,0,1,1
blogvault.net,37,0,12,1
brightsec.com,37,0,2,1
btcpayserver.org,37,0,2,1
businessesgrow.com,37,0,1,1
cedcommerce.com,37,0,22,1
channele2e.com,37,0,1,1
cigars.com,37,0,17,1
codeless.io,37,0,8,1
coderwall.com,37,0,54,1
collaborator.pro,37,0,1,1
contrary.com,37,0,6,1
convertflow.com,37,0,1,1
crio.do,37,0,1,1
dealfuel.com,37,0,1,1
delightchat.io,37,0,47,1
deployhq.com,37,0,3,1
designfreelogoonline.com,37,0,2,1
designrr.io,37,0,1,1
devops.dev,37,0,1,1
djbcard.com,37,0,34,1
easydigitaldownloads.com,37,0,1,1
ecommercegermany.com,37,0,1,1
ereality.ru,37,0,2,1
escortbook.com,37,0,1,1
esparkinfo.com,37,0,15,1
findstack.com,37,0,3,1
forem.com,37,0,339,1
getpodcast.com,37,0,2,1
glarity.app,37,0,151,1
google.com.ni,37,0,5,1
google.com.pa,37,0,1,1
google.sn,37,0,5,1
grafikart.fr,37,0,6,1
gumlet.com,37,0,1,1
imagekit.io,37,0,1,1
imagely.com,37,0,1,1
inkl.com,37,0,1,1
instawp.com,37,0,2,1
ipsnews.net,37,0,2,1
itexus.com,37,0,1,1
itnetwork.cz,37,0,5,1
javacodegeeks.com,37,0,2,1
jobsinmalta.com,37,0,5,1
kerkyralines.com,37,0,17,1
kombinatkonopny.pl,37,0,17,1
kunstplaza.de,37,0,7,1
leadster.com.br,37,0,1,1
learnpresslms.com,37,0,1,1
linuxhandbook.com,37,0,2,1
loopcv.pro,37,0,1,1
lowendtalk.com,37,0,24,1
ltheme.com,37,0,1,1
ma.tt,37,0,1,1
madebyshape.co.uk,37,0,1,1
magestore.com,37,0,14,1
magnetoitsolutions.com,37,0,1,1
magnitt.com,37,0,2,1
mahara.org,37,0,3,1
malcare.com,37,0,10,1
manus.space,37,0,1,1
marketing91.com,37,0,1,1
marketinglad.io,37,0,13,1
massagemag.com,37,0,1,1
mdbootstrap.com,37,0,1,1
metrobi.com,37,0,1,1
money.ro,37,0,2,1
nase.org,37,0,2,1
netpeaksoftware.com,37,0,4,1
niftypm.com,37,0,4,1
octobercms.com,37,0,33,1
offervault.com,37,0,14,1
one-tab.com,37,0,56,1
onlinemediamasters.com,37,0,332,1
openadmintools.com,37,0,4,1
optimonk.com,37,0,3,1
ourcodeworld.com,37,0,1,1
pagefly.io,37,0,2,1
pandit.com,37,0,41,1
paperblog.com,37,0,61,1
patchstack.com,37,0,25,1
pcsoft.fr,37,0,26,1
peerspot.com,37,0,39,1
pimberly.com,37,0,1,1
punxsutawneyspirit.com,37,0,1,1
quasa.io,37,0,2,1
rattibha.com,37,0,4,1
refermate.com,37,0,1,1
rentechdigital.com,37,0,10,1
replug.io,37,0,3,1
roar.media,37,0,1,1
root.cz,37,0,1,1
saijogeorge.com,37,0,1,1
savingadvice.com,37,0,1,1
secpod.com,37,0,3,1
segmentfault.com,37,0,1,1
sellbrite.com,37,0,1,1
servermania.com,37,0,1,1
shiftasia.com,37,0,1,1
signalvnoise.com,37,0,1,1
singlegrain.com,37,0,1,1
skuad.io,37,0,2,1
slate-ny.com,37,0,2,1
smartslider3.com,37,0,5,1
socialfollowers.uk,37,0,1,1
sorbonne.ae,37,0,6,1
spinxdigital.com,37,0,1,1
starshipit.com,37,0,2,1
statrys.com,37,0,2,1
subscribers.com,37,0,1,1
superprofile.bio,37,0,1,1
taggbox.com,37,0,21,1
techdogs.com,37,0,1,1
testlify.com,37,0,1,1
theirstack.com,37,0,4,1
theretailexec.com,37,0,18,1
thesideblogger.com,37,0,2,1
thewp.world,37,0,2,1
thrivethemes.com,37,0,2,1
ticsyformacion.com,37,0,6,1
timetackle.com,37,0,1,1
tizmos.com,37,0,3,1
tosh.or.th,37,0,34,1
trustpayments.com,37,0,1,1
turnkeylinux.org,37,0,2,1
turso.tech,37,0,2,1
typito.com,37,0,1,1
ukbusinessforums.co.uk,37,0,3,1
valiantceo.com,37,0,2,1
videosdk.live,37,0,1,1
warmy.io,37,0,1,1
wedbush.com,37,0,1,1
wikiwicca.com,37,0,1,1
wpcontent.io,37,0,6,1
wptavern.com,37,0,24,1
writecream.com,37,0,4,1
wwf.hu,37,0,1,1
zeo.org,37,0,4,1
4programmers.net,36,0,7,1
aalpha.net,36,0,1,1
acquire.io,36,0,2,1
advocatemag.com,36,0,17,1
agilityportal.io,36,0,1,1
aithority.com,36,0,1,1
allblogthings.com,36,0,2,1
almowafir.com,36,0,283,1
amino.dk,36,0,16,1
balancemx.org,36,0,17,1
becomebetty.com,36,0,1,1
betsperts.com,36,0,41,1
beurlife.com,36,0,83,1
blixen.dk,36,0,85,1
bobcares.com,36,0,1,1
bookingpressplugin.com,36,0,1,1
boostability.com,36,0,1,1
brandsgateway.com,36,0,4,1
breakdance.com,36,0,4,1
businessupturn.com,36,0,1,1
buttondown.com,36,0,1,1
capitalism.com,36,0,1,1
charle.co.uk,36,0,1,1
chriscoyier.net,36,0,1,1
clickdo.co.uk,36,0,1,1
cloudcannon.com,36,0,1,1
cmscritic.com,36,0,7,1
codecov.io,36,0,2,1
companionlink.com,36,0,45,1
coverwallet.com,36,0,1,1
crunchify.com,36,0,1,1
daniweb.com,36,0,6,1
devopedia.org,36,0,3,1
digitalgravity.ae,36,0,3,1
ditmutunakes.id,36,0,2,1
dolthub.com,36,0,1,1
downloadbytes.com,36,0,1,1
dromnyc.com,36,0,34,1
dronahq.com,36,0,1,1
e2msolutions.com,36,0,4,1
echelon.health,36,0,17,1
editorninja.com,36,0,1,1
eduardklein.com,36,0,2,1
enlyft.com,36,0,1,1
erpsoftwareblog.com,36,0,1,1
expressionengine.com,36,0,8,1
fearlessphotographers.com,36,0,1,1
ffvl.fr,36,0,1,1
firstbase.io,36,0,1,1
floship.com,36,0,1,1
forkintheroad.co,36,0,1,1
freemius.com,36,0,8,1
gardinermuseum.on.ca,36,0,34,1
givewp.com,36,0,2,1
growsurf.com,36,0,2,1
growthmarketingpro.com,36,0,2,1
haproxy.com,36,0,1,1
hawkemedia.com,36,0,1,1
heartinternet.uk,36,0,1,1
heydiscount.co.uk,36,0,5,1
hostingcanada.org,36,0,3,1
hypothes.is,36,0,1,1
iobroker.net,36,0,1,1
islandwaterpark.com,36,0,17,1
issimi.com,36,0,1476,1
jumpseller.com,36,0,1,1
jvzoo.com,36,0,1,1
kickidler.com,36,0,1,1
knowtechie.com,36,0,8,1
kollegierneskontor.dk,36,0,1,1
krautreporter.de,36,0,1,1
kulfiy.com,36,0,1,1
listmonk.app,36,1,0,1
livebitcoinnews.com,36,0,1,1
managementmania.com,36,0,9,1
marinsoftware.com,36,0,6,1
martal.ca,36,0,2,1
maruchan.com.mx,36,0,17,1
middleware.io,36,0,4,1
moneypantry.com,36,0,1,1
mopogaa.com,36,0,1,1
motopress.com,36,0,1,1
newdigitalage.co,36,0,8,1
norbr.com,36,0,1,1
nordicapis.com,36,0,1,1
notsalmon.com,36,0,1,1
nss.com.tw,36,0,6,1
nxcli.net,36,0,1,1
onextrapixel.com,36,0,3,1
overclockzone.com,36,0,1,1
oxygenbuilder.com,36,0,2,1
peacecorpsconnect.org,36,0,85,1
pikadil.ru,36,0,14,1
podcasts.nu,36,0,1,1
portotheme.com,36,0,33,1
pressidium.com,36,0,2,1
productled.com,36,0,1,1
recipecard.io,36,0,5,1
reytheme.com,36,0,4,1
rocketagency.com.au,36,0,1,1
seedtable.com,36,0,5,1
sendy.co,36,0,2,1
seo-hacker.com,36,0,1,1
seodesignchicago.com,36,0,4,1
seoreseller.com,36,0,2,1
serveravatar.com,36,0,1,1
sharewise.com,36,0,1,1
skytechosting.com,36,0,3,1
softcircles.com,36,0,2,1
sortlist.co.uk,36,0,1,1
starkvilledailynews.com,36,0,1,1
steman.at,36,0,1,1
strongswan.org,36,0,5,1
synder.com,36,0,2,1
talentedladiesclub.com,36,0,1,1
tarhely.eu,36,0,1,1
techbuzz.ai,36,0,6,1
technoohub.com,36,0,1,1
testado.cz,36,0,11,1
thedallasseocompany.com,36,0,4,1
thedecoratedcookie.com,36,0,1,1
theeventscalendar.com,36,0,5,1
thewebsiteflip.com,36,0,6,1
thimpress.com,36,0,14,1
thrivemyway.com,36,0,1,1
tms-outsource.com,36,0,1,1
totallynsfw.com,36,0,1,1
tourisme-conques.fr,36,0,4,1
unlimited-elements.com,36,0,2,1
v2cloud.com,36,0,2,1
vadoo.tv,36,0,42,1
vcommission.com,36,0,5,1
venturz.co,36,0,1,1
vestacp.com,36,0,2,1
w3layouts.com,36,0,85,1
warriorforum.com,36,0,1570,1
wealthysinglemommy.com,36,0,2,1
wearetenet.com,36,0,1,1
webtoffee.com,36,0,15,1
whtop.com,36,0,1405,1
worldmetrics.org,36,0,44,1
wpfr.net,36,0,40,1
wpzoom.com,36,0,7,1
xobin.com,36,0,1,1
zipwp.com,36,0,1,1
zoftwarehub.com,36,0,12,1
2stable.com,35,0,6,1
acodez.in,35,0,4,1
adamconnell.me,35,0,1,1
affiliatewp.com,35,0,1,1
afluencer.com,35,0,2,1
ai.kr,35,0,6,1
appetiser.com.au,35,0,1,1
aprenderfotografia.online,35,0,2,1
attrock.com,35,0,2,1
bagisto.com,35,0,3,1
benheine.com,35,0,1,1
bigcommerce.com.au,35,0,1,1
blast.hk,35,0,1,1
bluleadz.com,35,0,1,1
bootstrapdash.com,35,0,1,1
brafton.co.uk,35,0,6,1
business.blog,35,0,6,1
careersidekick.com,35,0,1,1
carmatec.com,35,0,13,1
casn.ca,35,0,16,1
cleverism.com,35,0,4,1
clickmarketing.co.uk,35,0,1,1
coastradar.com,35,0,3,1
commercegurus.com,35,0,13,1
curlie.org,35,0,6,1
cvca.ca,35,0,1,1
dallasmakerspace.org,35,0,3,1
davidwalsh.name,35,0,2,1
dazzet.co,35,0,2,1
deliveredsocial.com,35,0,1,1
devopscube.com,35,0,17,1
digitalinformationworld.com,35,0,4,1
dokan.co,35,0,4,1
duocircle.com,35,0,4,1
elogic.co,35,0,4,1
enlightensmiles.com,35,0,34,1
enterpriseleague.com,35,0,2,1
essential-addons.com,35,0,2,1
europeanbusinessreview.com,35,0,10,1
ewrdigital.com,35,0,2,1
forum.ge,35,0,4,1
foundersnetwork.com,35,0,2,1
fr.gd,35,0,3,1
freelancewritinggigs.com,35,0,1,1
friday.app,35,0,1,1
funnelish.com,35,0,1,1
fusioncraftiness.com,35,0,1,1
fxp.co.il,35,0,2,1
gainapp.com,35,0,2,1
genai.works,35,0,5,1
geokniga.org,35,0,1,1
gfy.com,35,0,4,1
gisuser.com,35,0,2,1
google.co.ma,35,0,1,1
google.co.zw,35,0,5,1
google.com.cu,35,0,1,1
google.com.do,35,0,1,1
google.iq,35,0,5,1
hawksem.com,35,0,1,1
hellobar.com,35,0,2,1
hireawriter.us,35,0,1,1
hive.app,35,0,1,1
hostmerchantservices.com,35,0,10,1
howtodoinjava.com,35,0,1,1
hurree.co,35,0,1,1
hypersku.com,35,0,1,1
iblam.ac.id,35,0,34,1
icecat.com,35,0,1,1
idxbroker.com,35,0,26,1
ihitthebutton.com,35,0,1,1
imunify360.com,35,0,3,1
indonesiare.co.id,35,0,2,1
innoviz.tech,35,0,17,1
ipparaguay.com.py,35,0,4,1
ithelps-digital.com,35,0,1,1
ithy.com,35,0,55,1
javarevisited.blogspot.com,35,0,1,1
jennifermeyering.com,35,0,4,1
jim.com,35,0,4,1
jobma.com,35,0,1,1
jonrenau.com,35,0,17,1
klazify.com,35,0,8,1
kobedigital.com,35,0,12,1
lapa.ninja,35,0,48,1
leadershipcircle.com,35,0,1,1
lenivakucharka.sk,35,0,1,1
lifterlms.com,35,0,20,1
lizzieinlace.com,35,0,1,1
logiwa.com,35,0,1,1
luz.vc,35,0,17,1
magefan.com,35,0,8,1
magenest.com,35,0,2,1
magicpost.in,35,0,12,1
manaycpa.com,35,0,1,1
marketersmedia.com,35,0,8,1
martview-forum.com,35,0,1,1
mergr.com,35,0,2,1
meuredator.com.br,35,0,1,1
mgt-commerce.com,35,0,38,1
mojoauth.com,35,0,2,1
myattendancetracker.com,35,0,2,1
naba.org,35,0,17,1
nbbs.biz,35,0,4,1
nesatilir.com,35,0,3,1
nict.ind.in,35,0,1,1
ninjapromo.io,35,0,1,1
nomupay.com,35,0,1,1
ntin.edu.tw,35,0,17,1
ocsinventory-ng.org,35,0,1,1
online-learning-college.com,35,0,1,1
outsidesuburbia.com,35,0,1,1
paneurouni.com,35,0,1,1
panna.org,35,0,17,1
parkerranch.com,35,0,17,1
passionfroot.me,35,0,2,1
phishdestroy.io,35,0,4,1
plytix.com,35,0,4,1
pod.co,35,0,11,1
price2spy.com,35,0,1,1
question2answer.org,35,0,3,1
readingoutpost.com,35,0,1,1
requestly.com,35,0,1,1
rightpeoplegroup.com,35,0,5,1
ritzherald.com,35,0,8,1
ru-board.com,35,0,1,1
saganet.ne.jp,35,0,8,1
samen-maier.at,35,0,1,1
scienceblogs.com,35,0,2,1
sciencetimes.com,35,0,2,1
securitysenses.com,35,0,4,1
shipthedeal.com,35,0,1,1
signoz.io,35,0,2,1
socialcompare.com,35,0,20,1
spc.int,35,0,18,1
spotsaas.com,35,0,2,1
stuff.co.za,35,0,1,1
stylemixthemes.com,35,0,23,1
techfunnel.com,35,0,1,1
techwyse.com,35,0,1,1
tekpon.com,35,0,1,1
teletype.in,35,0,2,1
temok.com,35,0,2,1
teranicouture.com,35,0,2,1
thatware.co,35,0,1,1
thedesigninspiration.com,35,0,1,1
thefulfillmentlab.com,35,0,1,1
thelogocreative.co.uk,35,0,1,1
themehunk.com,35,0,56,1
themenectar.com,35,0,9,1
thewpweekly.com,35,0,151,1
trackdesk.com,35,0,2,1
trangotech.com,35,0,1,1
truehost.com.ng,35,0,8,1
twaino.com,35,0,4,1
tychesoftwares.com,35,0,31,1
ucraft.com,35,0,1,1
unterberger.cc,35,0,17,1
upqode.com,35,0,3,1
urbansplatter.com,35,0,1,1
uxcel.com,35,0,1,1
vatupdate.com,35,0,1,1
vbz.hr,35,0,34,1
vdigger.com,35,0,4,1
verimatrix.com,35,0,2,1
vivipins.com,35,0,2,1
webhostingtalk.com,35,0,10,1
weblancer.net,35,0,1,1
websitemagazine.com,35,0,1,1
websitesetup.org,35,0,1,1
websrvcs.com,35,0,4,1
welcome-fukushima.com,35,0,5,1
wholegraindigital.com,35,0,3,1
wiserreview.com,35,0,1,1
wmaraci.com,35,0,6,1
worldofgeek.fr,35,0,2,1
wpcreative.com.au,35,0,2,1
wpexperts.io,35,0,3,1
wployalty.net,35,0,1,1
x10hosting.com,35,0,1,1
xcloud.host,35,0,4,1
zerolifestyle.co,35,0,1,1
zipdo.co,35,0,94,1
68edu.ru,34,0,7,1
abakus-internet-marketing.de,34,0,3,1
administrator.de,34,0,5,1
ambercutie.com,34,0,1,1
analytify.io,34,0,2,1
anpur.org.br,34,0,34,1
attentioninsight.com,34,0,1,1
avada.io,34,0,8,1
ayudawp.com,34,0,2,1
banjohangout.org,34,0,2,1
bcdeli.com,34,0,17,1
bdtask.com,34,0,4,1
beccajeanphotography.com,34,0,1,1
bloggerspassion.com,34,0,20,1
bloggingx.com,34,0,4,1
blogsky.com,34,0,8,1
bonza.dog,34,0,1,1
bookafy.com,34,0,7,1
breeze.pm,34,0,2,1
brizy.io,34,0,23,1
canadianinsider.com,34,0,18,1
centra.com,34,0,1,1
charleagency.com,34,0,1,1
chatdesk.com,34,0,2,1
chezboubier.com,34,0,34,1
cioinsight.com,34,0,1,1
cloudinfrastructureservices.co.uk,34,0,1,1
codenewbie.org,34,0,6,1
colormango.com,34,0,17,1
communityhubs.org.au,34,0,51,1
conceptartempire.com,34,0,1,1
contentrally.com,34,0,1,1
correiodecarajas.com.br,34,0,34,1
craigcampbellseo.com,34,0,3,1
crankwheel.com,34,0,1,1
creolestudios.com,34,0,1,1
crowdfireapp.com,34,0,1,1
cssauthor.com,34,0,1,1
customerthink.com,34,0,3,1
dance.nyc,34,0,1,1
data.blog,34,0,7,1
dataedo.com,34,0,1,1
datafloq.com,34,0,3,1
dealerrefresh.com,34,0,3,1
deliberatedirections.com,34,0,1,1
deliciousonadime.com,34,0,1,1
demarestfarms.com,34,0,51,1
designer-daily.com,34,0,6,1
diviflash.com,34,0,20,1
dmiexpo.com,34,0,11,1
doncorgi.com,34,0,2,1
duplicator.com,34,0,24,1
e-student.org,34,0,1,1
ecosyste.ms,34,0,21,1
engati.ai,34,0,1,1
envirogadget.com,34,0,1,1
eshopbox.com,34,0,1,1
explosion.com,34,0,1,1
exposureninja.com,34,0,1,1
filtergrade.com,34,0,4,1
findnerd.com,34,0,4,1
flatlogic.com,34,0,1,1
forex4you.com,34,0,3,1
founderjar.com,34,0,8,1
fueler.io,34,0,4,1
funkwhale.audio,34,0,4,1
funnelkit.com,34,0,3,1
gepard.io,34,0,1,1
getahome.org,34,0,17,1
googiehost.com,34,0,57,1
google.am,34,0,1,1
google.com.mt,34,0,5,1
google.com.uy,34,0,4,1
goprospero.com,34,0,10,1
gov.fm,34,0,3,1
gracethemes.com,34,0,19,1
gracker.ai,34,0,2,1
grupatense.pl,34,0,1,1
highload.tech,34,0,3,1
i-programmer.info,34,0,12,1
imooc.com,34,0,1,1
inevent.com,34,0,1,1
infintechdesigns.com,34,0,1,1
innovaciondigital360.com,34,0,1,1
insidea.com,34,0,13,1
interserver.net,34,0,1,1
inven.ai,34,0,8,1
ipwithease.com,34,0,1,1
issabel.org,34,0,51,1
jivochat.es,34,0,1,1
kadaza.com,34,0,1,1
kingdomhousing.org.uk,34,0,17,1
kiowacountypress.net,34,0,2,1
kommunicate.io,34,0,1,1
koreaportal.com,34,0,52,1
landmarkeventco.com,34,0,17,1
laneros.com,34,0,1,1
lawsociety-barreau.nb.ca,34,0,2,1
leaderonomics.com,34,0,4,1
leadgenapp.io,34,0,6,1
learnyst.com,34,0,1,1
littlehouseonthecorner.com,34,0,2,1
madewithvuejs.com,34,0,4,1
mageworx.com,34,0,21,1
magicbell.com,34,0,1,1
mailmunch.com,34,0,5,1
markmeets.com,34,0,1,1
meditativemind.org,34,0,1,1
melaniekham.com,34,0,1,1
metabox.io,34,0,3,1
millennialmoney.com,34,0,1,1
mirasvit.com,34,0,2,1
mirrorreview.com,34,0,2,1
mozello.lv,34,0,134,1
mycodelesswebsite.com,34,0,7,1
mythemeshop.com,34,0,7,1
nabble.com,34,0,3,1
nealschaffer.com,34,0,2,1
nette.org,34,0,6,1
neuron.com,34,0,2,1
ntaskmanager.com,34,0,1,1
octalsoftware.com,34,0,2,1
okfnlabs.org,34,0,1,1
onlc.fr,34,0,10,1
outbackteambuilding.com,34,0,1,1
outgrow.co,34,0,18,1
parachutedesign.ca,34,0,1,1
pasoroblesdailynews.com,34,0,1,1
perfmatters.io,34,0,2,1
persado.com,34,0,2,1
piperdam.com,34,0,17,1
poststatus.com,34,0,66,1
powr.io,34,0,33,1
princes-wharf.co.nz,34,0,54,1
profitbooks.net,34,0,1,1
prontomarketing.com,34,0,1,1
publicwww.com,34,0,29,1
qatestlab.com,34,0,2,1
querio.ai,34,0,1,1
rabincenter.org.il,34,0,17,1
radiustheme.com,34,0,2,1
raenest.com,34,0,1,1
recordere.dk,34,0,1,1
resolvepay.com,34,0,1,1
risingwave.com,34,0,4,1
runawayjuno.com,34,0,2,1
sales-hacking.com,34,0,3,1
scanwp.net,34,0,2,1
sentora.org,34,0,9,1
showcaseidx.com,34,0,2,1
showit.com,34,0,1,1
singaporemotherhood.com,34,0,1,1
sirclo.com,34,0,1,1
slice.id,34,0,1,1
smartreach.io,34,0,2,1
sociology.org,34,0,1,1
spendbase.co,34,0,16,1
stapleheadquarters.com,34,0,3,1
startupsavant.com,34,0,2,1
supdropshipping.com,34,0,20,1
superbcompanies.com,34,0,1,1
swfast.com.br,34,0,17,1
tabnews.com.br,34,0,4,1
tctconference.com,34,0,16,1
thepilotnews.com,34,0,2,1
thewhitelabelagency.com,34,0,2,1
thraudio.com,34,0,2,1
thumbtube.com,34,0,1,1
tileredi.com,34,0,17,1
tino.vn,34,0,1,1
tipa-corp.com,34,0,34,1
tooljet.ai,34,0,1,1
trafft.com,34,0,3,1
trekmedics.org,34,0,17,1
uppromote.com,34,0,4,1
vanillaforums.com,34,0,1,1
vh-info.com,34,0,1,1
virtualbadge.io,34,0,2,1
vitalityhealthandwellnessgroup.com,34,0,41,1
vpn.com,34,0,2,1
webdesign-inspiration.com,34,0,14,1
webnus.net,34,0,23,1
wintv.com.au,34,0,2,1
wp-umbrella.com,34,0,20,1
wptasty.com,34,0,2,1
writeupcafe.com,34,0,35,1
zerogravitymarketing.com,34,0,1,1
17thavenuedesigns.com,33,0,1,1
23rdstreetdistillery.com.au,33,0,17,1
360degreecloud.com,33,0,2,1
abbacustechnologies.com,33,0,2,1
abc-iwaki.com,33,0,4,1
abstraktmg.com,33,0,1,1
agencyjet.com,33,0,3,1
ai-bees.io,33,0,1,1
alti-trading.fr,33,0,1,1
appscenic.com,33,0,2,1
athemes.com,33,0,4,1
austinwebanddesign.com,33,0,3,1
avc.com,33,0,4,1
avtosreda.ru,33,0,4,1
bairdbrothers.com,33,0,34,1
banjiouwoo.com,33,0,17,1
bestdroidplayer.com,33,0,2,1
bestnotes.com,33,0,17,1
beyondkey.com,33,0,1,1
binarytides.com,33,0,2,1
bloggingpro.com,33,0,1,1
bonsucro.com,33,0,17,1
borrowingmagnolia.com,33,0,1,1
botsify.com,33,0,2,1
botw.org,33,0,2,1
britishamericanfootball.org,33,0,17,1
buddypress.org,33,0,4,1
business-reporter.co.uk,33,0,4,1
cach3.com,33,0,14,1
capitalnumbers.com,33,0,1,1
cardmaven.in,33,0,1,1
cba.com.br,33,0,17,1
ccrw.org,33,0,17,1
cdri.org.tw,33,0,287,1
cepatlakoo.com,33,0,1,1
champschicken.com,33,0,17,1
chatbotslife.com,33,0,2,1
chatujme.cz,33,0,1,1
cmsmadesimple.org,33,0,1,1
codedthemes.com,33,0,30,1
codilar.com,33,0,3,1
competitors.app,33,0,1,1
connectively.us,33,0,6,1
contactpigeon.com,33,0,4,1
creacionblog.com,33,0,9,1
curator.io,33,0,3,1
curiousblogger.com,33,0,2,1
dagogtid.no,33,0,41,1
dashclicks.com,33,0,2,1
datacenterpost.com,33,0,1,1
dealify.com,33,0,1,1
devrant.com,33,0,209,1
devzery.com,33,0,1,1
diggitymarketing.com,33,0,5,1
dodropshipping.com,33,0,3,1
dropified.com,33,0,1,1
ebizcharge.com,33,0,1,1
elsner.com,33,0,2,1
emailsherlock.com,33,0,1,1
epodcastnetwork.com,33,0,2,1
eto-razvod.ru,33,0,2,1
eventx.io,33,0,4,1
fbpostlikes.com,33,0,5,1
fenced.ai,33,0,1,1
fieldpromax.com,33,0,2,1
filmdaily.co,33,0,4,1
flarum.org,33,0,3,1
forobeta.com,33,0,12,1
forsatnet.ir,33,0,6,1
fundacionmisangre.org,33,0,34,1
gadens.com,33,0,17,1
gauravtiwari.org,33,0,6,1
gensolve.com,33,0,17,1
georezo.net,33,0,15,1
getakko.com,33,0,17,1
getdevdone.com,33,0,1,1
getgenie.ai,33,0,22,1
getomnify.com,33,0,1,1
getshogun.com,33,0,1,1
globaljusticecenter.net,33,0,17,1
goinflow.com,33,0,1,1
google.hn,33,0,1,1
google.jo,33,0,2,1
google.ng,33,0,1,1
gorillaroi.com,33,0,2,1
helpsquad.com,33,0,2,1
hfsctx.gov,33,0,17,1
hivepress.io,33,0,4,1
html-seminar.de,33,0,1,1
icybox.de,33,0,17,1
ideabuddy.com,33,0,1,1
identixweb.com,33,0,1,1
impactmedia.co.uk,33,0,3,1
intellspot.com,33,0,1,1
iranserver.com,33,0,5,1
itsupplychain.com,33,0,2,1
izooto.com,33,0,1,1
jasperactive.com,33,0,17,1
joomunited.com,33,0,107,1
justuseapp.com,33,0,1,1
laravel.io,33,0,150,1
lazyapply.com,33,0,1,1
leadingmrk.com,33,0,2,1
leelinesourcing.com,33,0,56,1
letsweel.com,33,0,1,1
libhunt.com,33,0,85597,1
loopexdigital.com,33,0,2,1
lornajane.net,33,0,6,1
lxahub.com,33,0,6,1
mackenzie.art,33,0,1,1
magelang1337.com,33,0,1,1
mamboserver.com,33,0,17,1
markinblog.com,33,0,1,1
mediaupdate.co.za,33,0,3,1
mexseo.info,33,0,6,1
miarroba.com,33,0,1,1
micro.blog,33,0,3,1
millo.co,33,0,1,1
mombeach.com,33,0,1,1
moneymint.com,33,0,4,1
monsterrg.com,33,0,17,1
motocms.com,33,0,7,1
mssw.in,33,0,51,1
mtec.edu,33,0,17,1
myotspot.com,33,0,2,1
namify.tech,33,0,1,1
naturaily.com,33,0,1,1
neos.io,33,0,1,1
nichepursuits.com,33,0,5,1
nucamp.co,33,0,5,1
o8.agency,33,0,2,1
oakesdaylilies.com,33,0,17,1
oldcoastguardhotel.co.uk,33,0,17,1
pakwired.com,33,0,1,1
pasja-informatyki.pl,33,0,4,1
paystubcreator.net,33,0,3,1
pcekspert.com,33,0,2,1
pcsteps.gr,33,0,3,1
phacility.com,33,0,225,1
photocrati.com,33,0,2,1
phptherightway.com,33,0,6,1
pittmanoutdoors.com,33,0,17,1
pk12ls.com,33,0,4,1
portalredsalud.cl,33,0,1,1
poweredbysearch.com,33,0,2,1
profiletree.com,33,0,13,1
purchasegreen.com,33,0,41,1
quantvps.com,33,0,2,1
radio-social.com,33,0,68,1
redhotcyber.com,33,0,1,1
retainful.com,33,0,3,1
revesdechasse.com,33,0,2,1
ridgwayrecord.com,33,0,1,1
risely.me,33,0,2,1
rontar.com,33,0,4,1
salesandmarketing.com,33,0,1,1
salonprivemag.com,33,0,1,1
scopicsoftware.com,33,0,1,1
seahawkmedia.com,33,0,749,1
secureworld.io,33,0,1,1
selleo.com,33,0,1,1
semfirms.com,33,0,2,1
seolinks.co.il,33,0,5,1
serpninja.io,33,0,1,1
shenoto.com,33,0,1,1
slant.co,33,0,9,1
socialmedia55.com,33,0,2,1
softwaretested.com,33,0,2,1
sos-wp.it,33,0,1,1
spacebring.com,33,0,3,1
ssdnodes.com,33,0,1,1
startupnation.com,33,0,1,1
steiermarkbahn.at,33,0,17,1
supermonitoring.com,33,0,4,1
superteam.fun,33,0,17,1
taager.com,33,0,17,1
tagshop.ai,33,0,7,1
teaformeplease.com,33,0,2,1
techgenyz.com,33,0,1,1
technologychecker.io,33,0,16,1
techolac.com,33,0,3,1
techpilipinas.com,33,0,10,1
teknologi.id,33,0,1,1
templated.co,33,0,1,1
templatetoaster.com,33,0,3,1
termageddon.com,33,0,3,1
terragroup.com,33,0,17,1
the215guys.com,33,0,1,1
theadminbar.com,33,0,11,1
thehistoryoftheweb.com,33,0,2,1
themexpert.com,33,0,16,1
themintkentuckydowns.com,33,0,17,1
theoldreader.com,33,0,9,1
theplusaddons.com,33,0,10,1
time.ly,33,0,42,1
times-online.com,33,0,1,1
tooljet.com,33,0,1,1
tribulant.com,33,0,2,1
trustprofile.com,33,6,0,1
tubeonai.com,33,0,1,1
tutorlms.com,33,0,16,1
ukwebhostreview.com,33,0,3,1
ultimateelementor.com,33,0,13,1
undsgn.com,33,0,1,1
usermaven.com,33,0,2,1
userp.io,33,0,4,1
verygoodsecurity.com,33,0,2,1
vn-z.vn,33,0,1,1
wappler.io,33,0,1,1
wearenova.ai,33,0,1,1
webandseo.fr,33,0,3,1
webptt.com,33,0,2,1
weekend.hr,33,0,17,1
weshare.net,33,0,20,1
wilsonlearning.com,33,0,2,1
winmo.com,33,0,1,1
wisdmlabs.com,33,0,27,1
wol.org,33,0,17,1
wordable.io,33,0,9,1
wp101.com,33,0,1,1
wpdatatables.com,33,0,5,1
wpfactory.com,33,0,3,1
wphive.com,33,0,11,1
wpmanageninja.com,33,0,1,1
wpmayor.com,33,0,27,1
wpmet.com,33,0,44,1
wpstackable.com,33,0,14,1
zippyapp.com,33,0,1,1
1888pressrelease.com,32,0,1,1
2p4c.tw,32,0,742,1
aapanel.com,32,0,13,1
abilogic.com,32,0,3,1
admitad.ru,32,0,1,1
adzooma.com,32,0,3,1
affcatalog.com,32,0,2,1
affiliatefix.com,32,0,15,1
affpilot.com,32,0,2,1
aijobs.ai,32,0,1,1
alertadigital.com,32,0,1,1
algarvedailynews.com,32,0,2,1
alts.co,32,0,1,1
animatorisland.com,32,0,1,1
annajah.net,32,0,3,1
anvilmediainc.com,32,0,2,1
appdevelopmentcompanies.co,32,0,1,1
appdomain.cloud,32,0,1,1
asdf.id,32,0,1,1
askalawyeroncall.com,32,0,1,1
automatiking.com,32,0,5,1
azaunited.org,32,0,4,1
barn2.com,32,0,1,1
bbpa.org,32,0,17,1
bdshop.com,32,0,41,1
beingboss.club,32,0,17,1
belitsoft.com,32,0,1,1
bentoncourier.com,32,0,1,1
bigscoots.com,32,0,1,1
bird.marketing,32,0,1,1
bizplanr.ai,32,0,2,1
bkkkids.com,32,0,17,1
boldgrid.com,32,0,4,1
brainybe.es,32,0,3,1
brandveda.in,32,0,3,1
bt.cn,32,0,1,1
businessbloomer.com,32,0,5,1
capsicummediaworks.com,32,0,3,1
careercloud.com,32,0,2,1
champsignal.com,32,0,4,1
cheapies.nz,32,0,5,1
checkoutchamp.com,32,0,2,1
chrislema.com,32,0,3,1
clearskyhealth.com,32,0,527,1
cogsci.nl,32,0,2,1
coinprwire.com,32,0,2,1
colaninfotech.com,32,0,1,1
colibriwp.com,32,0,12,1
compass-living.com,32,0,34,1
connextglobal.com,32,0,1,1
conves.io,32,0,33,1
couponzania.com,32,0,2,1
createandgo.com,32,0,2,1
ctschicago.edu,32,0,2,1
custercountychief.com,32,0,1,1
cyber.ee,32,0,1,1
czat.ai,32,0,1,1
datainsightsmarket.com,32,0,4,1
developernation.net,32,0,2,1
digitalpoint.com,32,0,4,1
directorist.com,32,0,6,1
dofollow.com,32,0,1,1
doit.software,32,0,1,1
ebool.com,32,0,14,1
ecommercetech.io,32,0,1,1
ecompedia.ro,32,0,1,1
efusiontech.com,32,0,4,1
elakiri.com,32,0,3,1
elektronikforumet.com,32,0,1,1
elextensions.com,32,0,2,1
envisagedigital.co.uk,32,0,1,1
facetwp.com,32,0,2,1
fat.guide,32,0,144,1
finalscout.com,32,0,1,1
findstack.es,32,0,1,1
firstsiteguide.com,32,0,10,1
fitgap.com,32,0,1,1
flyingvgroup.com,32,0,2,1
fooplugins.com,32,0,5,1
fpu.sk,32,0,41,1
frankknow.com,32,0,17,1
freeonline.org,32,0,5,1
gearfuse.com,32,0,1,1
geektonight.com,32,0,1,1
geniusu.com,32,0,17,1
getcarro.com,32,0,6,1
gojilabs.com,32,0,1,1
google.co.cr,32,0,2,1
google.com.bn,32,0,1,1
google.gg,32,0,5,1
google.sm,32,0,1,1
gotechark.com,32,0,1,1
guestblogging.pro,32,0,2,1
hackr.io,32,0,6,1
haei.org,32,0,17,1
heylocate.mobi,32,0,6,1
hollingsworthllc.com,32,0,1,1
host.com.tw,32,0,1,1
hoststar.at,32,0,2,1
humanmade.com,32,0,1,1
huntclub.com,32,0,4,1
huzzaz.com,32,0,4,1
inksem.com,32,0,2,1
insightsforprofessionals.com,32,0,1,1
invitation.codes,32,0,2,1
invoicera.com,32,0,1,1
invozone.com,32,0,3,1
ixawiki.com,32,0,1,1
jb51.net,32,0,1,1
jeleefstijlalsmedicijn.nl,32,0,169,1
jetpackcrm.com,32,0,1,1
jootoor.com,32,0,1,1
kadvacorp.com,32,0,9,1
kajgana.com,32,0,1,1
khadi.kharkov.ua,32,0,2,1
kingcasino.com,32,0,41,1
kolbuszowa.pl,32,0,3,1
koombea.com,32,0,1,1
leadfuze.com,32,0,2,1
legacy-france.org,32,0,1,1
legalinsurrection.com,32,0,1,1
leserpent.ca,32,0,17,1
lesstroud.ca,32,0,17,1
letsreachsuccess.com,32,0,4,1
lightrun.com,32,0,112,1
lineardesign.com,32,0,1,1
lite14.net,32,0,2,1
litslink.com,32,0,1,1
livecode.com,32,0,6,1
logicballs.com,32,0,1,1
lostontheroute.com,32,0,2,1
mailbluster.com,32,0,1,1
mandalasystem.com,32,0,1,1
markaz.app,32,0,5,1
marketgoo.com,32,0,3,1
markletic.com,32,0,4,1
marktechpost.com,32,0,54,1
martechseries.com,32,0,3,1
max.com.gh,32,0,17,1
maxmanroe.com,32,0,1,1
metapress.com,32,0,1,1
mollearn.com,32,0,1,1
momof6.com,32,0,1,1
movi-den.com,32,0,1,1
mycocotte.uk,32,0,34,1
naijatechguide.com,32,0,1,1
narrato.io,32,0,2,1
nemprogrammering.dk,32,0,5,1
netfree.link,32,0,1,1
newportvermontdailyexpress.com,32,0,2,1
nichehacks.com,32,0,1,1
noibu.com,32,0,2,1
noonpost.com,32,0,4,1
notifyvisitors.com,32,0,4,1
nozzle.io,32,0,1,1
ogrencikariyeri.com,32,0,1,1
openads.co.kr,32,0,4,1
openflyers.com,32,0,2,1
openli.com,32,0,2,1
openlitespeed.org,32,0,9,1
openstatus.dev,32,0,61,1
opentechalliance.com,32,0,17,1
overclockers.com.au,32,0,1,1
par-king.com,32,0,17,1
pepper.inc,32,0,7,1
perishablepress.com,32,0,2,1
pgcbasketball.com,32,0,17,1
phpfreaks.com,32,0,37,1
planly.com,32,0,1,1
planningtank.com,32,0,1,1
predpriemach.com,32,0,4,1
prerender.io,32,0,1,1
pushalert.co,32,0,1,1
qnet-india.in,32,0,1,1
quickcreator.io,32,0,16,1
redeparcerias.com,32,0,3,1
remotehub.com,32,0,1,1
reussir-mon-ecommerce.fr,32,0,1,1
revolutionized.com,32,0,2,1
rkdgroup.com,32,0,1,1
rockethub.com,32,0,1,1
rok.biz,32,0,1,1
salespanel.io,32,0,1,1
saltyginger.com,32,0,3,1
scammer.info,32,0,1,1
searchendurance.com,32,0,1,1
seota.com,32,0,41,1
shareasale.com,32,0,525,1
shipyaari.com,32,0,1,1
shopping-cart-migration.com,32,0,10,1
simicart.com,32,0,2,1
sinalite.com,32,0,1,1
site.naver.com,32,0,1,1
siteefy.com,32,0,7,1
siteorigin.com,32,0,3,1
skircr.com,32,0,2,1
sko.dev,32,0,3,1
smartclick.agency,32,0,4,1
socialmarketingwriting.com,32,0,2,1
solvid.co.uk,32,0,1,1
sourcecodester.com,32,0,2,1
sparkle.io,32,0,6,1
spotlightr.com,32,0,1,1
ssojet.com,32,0,3,1
storegrowers.com,32,0,1,1
strategicpete.com,32,0,2,1
streetfightmag.com,32,0,1,1
successstory.com,32,0,1,1
sugester.pl,32,0,102,1
supr.link,32,0,10,1
suzukiecuador.com,32,0,187,1
swarmify.com,32,0,2,1
sylius.com,32,0,1,1
synology-forum.de,32,0,1,1
tapni.com,32,0,3,1
techaffinity.com,32,0,1,1
techguruplus.com,32,0,2,1
techstory.in,32,0,6,1
techzeel.net,32,0,2,1
themeskingdom.com,32,0,1,1
theorandall.com,32,0,1,1
thisisbarry.com,32,0,4,1
tipsandtricks-hq.com,32,0,2,1
topseokit.com,32,0,1,1
towardsaws.com,32,0,1,1
trustedrevie.ws,32,0,2,1
uideck.com,32,0,1,1
ultimatemember.com,32,0,1,1
veloceinternational.com,32,0,1,1
vielight.com,32,0,17,1
viral-loops.com,32,0,6,1
visitlaesoe.dk,32,0,17,1
visualcomposer.com,32,0,14,1
vnetwork.vn,32,0,2,1
volatusdrones.com,32,0,17,1
voymedia.com,32,0,2,1
wapakdailynews.com,32,0,2,1
wbcomdesigns.com,32,0,31,1
wealthyaffiliate.com,32,0,1,1
webberinsurance.com.au,32,0,1,1
webdew.com,32,0,6,1
webhelpagency.com,32,0,1,1
wei.com,32,0,2,1
which-50.com,32,0,64,1
wizcommerce.com,32,0,1,1
woblogger.com,32,0,58,1
wormboss.com.au,32,0,41,1
wpbuffs.com,32,0,3,1
wpdeveloper.com,32,0,7,1
wpgeodirectory.com,32,0,44,1
wpkube.com,32,0,4,1
wplook.com,32,0,1,1
wppopupmaker.com,32,0,54,1
wptravel.io,32,0,2,1
x10.mx,32,0,4,1
zegal.com,32,0,7,1
10100.com,31,0,1,1
3ptechies.com,31,0,1,1
achoo.jp,31,0,2,1
adalib.org,31,0,17,1
adaptivesports.org,31,0,17,1
advertisepurple.com,31,0,1,1
affmaven.com,31,0,12,1
ahmadiyya.uk,31,0,17,1
algorand.org,31,0,2,1
allianceinteractive.com,31,0,2,1
anyleads.com,31,0,12,1
anytrack.io,31,0,1,1
appinstitute.com,31,0,2,1
appscrip.com,31,0,1,1
artima.com,31,0,2,1
ascencia-business-school.com,31,0,1,1
atwix.com,31,0,2,1
aumcore.com,31,0,1,1
authority.builders,31,0,3,1
avajaneskitchen.com,31,0,17,1
backdropcms.org,31,0,1,1
baronycastle.com,31,0,17,1
bbpress.org,31,0,7,1
beautifulthemes.com,31,0,16,1
bigcommerce.es,31,0,1,1
bikegremlin.com,31,0,1,1
bitninja.com,31,3,0,1
blesta.com,31,0,11,1
blogmojo.de,31,0,1,1
boagworld.com,31,0,1,1
bookmark4you.com,31,0,72,1
brafton.com.au,31,0,5,1
burladero.tv,31,0,1,1
businesschief.eu,31,0,1,1
butteredveg.com,31,0,2,1
cacarts.org,31,0,17,1
carrot.com,31,0,2,1
cchphealthplan.com,31,0,17,1
chamaileon.io,31,0,5,1
chameleoncollective.com,31,0,2,1
cheqmark.io,31,0,1,1
chichisrestaurants.com,31,0,17,1
citybuzz.co,31,0,1,1
codeception.com,31,0,23,1
codecourse.com,31,0,1,1
collabnix.com,31,0,1,1
cookielawinfo.com,31,0,1,1
cotactic.com,31,0,2,1
covelli.com,31,0,41,1
cubettech.com,31,0,1,1
cyberchimps.com,31,0,54,1
cybrhome.com,31,0,1,1
daito.io,31,0,4,1
deanlife.blog,31,0,14,1
designveloper.com,31,0,2,1
devrix.com,31,0,7,1
digital8.com.au,31,0,1,1
digitalmediateam.co.uk,31,0,1,1
digitalpress.blog,31,0,6,1
dpethotels.com,31,0,85,1
dustinstout.com,31,0,4,1
dylanmhowell.com,31,0,2,1
dynapictures.com,31,0,4,1
easkme.com,31,0,5,1
easttnhistory.org,31,0,17,1
ebusinessblog.co.uk,31,0,1,1
ema.co.nz,31,0,85,1
emb.global,31,0,1,1
entrepreneursbreak.com,31,0,4,1
epresence.ie,31,0,1,1
eservicecorp.ca,31,0,4,1
eskimo.com,31,0,3,1
everestforms.net,31,0,5,1
eway-crm.com,31,0,1,1
fabric.inc,31,0,3,1
flatlineagency.com,31,0,1,1
flothemes.com,31,0,3,1
flxpoint.com,31,0,1,1
foosball.com,31,0,5,1
forosdelweb.com,31,0,3,1
foxecom.com,31,0,1,1
freightpros.com,31,0,2,1
ftftftf.com,31,0,67,1
fulfillmenthubusa.com,31,0,2,1
futurefirm.co,31,0,1,1
fuzip.gov.ba,31,0,1,1
fws.tw,31,0,4,1
generateblocks.com,31,0,1,1
geni.us,31,0,7,1
george-dewi.com,31,0,2,1
getwpfunnels.com,31,0,2,1
ghpage.com,31,0,4,1
glama.ai,31,0,1,1
gmapswidget.com,31,0,1,1
gomage.com,31,0,8,1
gorails.com,31,0,5,1
grapetree.com,31,0,51,1
graphicsprings.com,31,0,1,1
gravitywiz.com,31,0,1,1
growtraffic.com,31,0,1,1
guj.com.br,31,0,1,1
gustdebacker.com,31,0,2,1
happyaddons.com,31,0,7,1
hornbeckoffshore.com,31,0,1,1
hostsearch.com,31,0,1432,1
iconlogovector.com,31,0,1,1
idanbenor.co.il,31,0,1,1
ijhssnet.com,31,0,2,1
inblog.io,31,0,3,1
incidenthub.cloud,31,0,47,1
influno.com,31,0,1,1
invitereferrals.com,31,0,2,1
jinda44f.com,31,0,17,1
josiahroche.co,31,0,12,1
kellblog.com,31,0,16,1
kilkenny.ie,31,0,33,1
kims.or.kr,31,0,17,1
kiszervezettmarketing.hu,31,0,21,1
krishtechnolabs.com,31,0,1,1
lamper-design.nl,31,0,1,1
latesthackingnews.com,31,0,1,1
likeagirl.io,31,0,1,1
limoo.host,31,0,4,1
linksmanagement.com,31,0,1,1
lordsuniversal.edu.in,31,0,34,1
mackmediagroup.com,31,0,2,1
mainwp.com,31,0,35,1
mediaonemarketing.com.sg,31,0,3,1
melhoreshospedagem.com,31,0,3,1
membermouse.com,31,0,10,1
milople.com,31,0,13,1
mindstick.com,31,0,7,1
mintlify.app,31,0,1,1
monetizepros.com,31,0,1,1
moneycheck.com,31,0,1,1
moreaboutadvertising.com,31,0,2,1
mtu.ac.in,31,0,17,1
multidots.com,31,0,1,1
nafezly.com,31,0,1,1
nalog.nl,31,0,68,1
nchannel.com,31,0,2,1
neliosoftware.com,31,0,5,1
nestnepal.com,31,0,2,1
newyorkcomputerhelp.com,31,0,4,1
nexgenshop.pk,31,0,1,1
niezaleznaopinia.pl,31,0,1,1
novi-vinodolski.hr,31,0,17,1
onrampfunds.com,31,0,1,1
opustechglobal.com,31,0,1,1
orangina.eu,31,0,2,1
ostraining.com,31,0,4,1
ostrichfestival.com,31,0,17,1
outranking.io,31,0,2,1
p2hp.com,31,0,6,1
pagerly.io,31,0,3,1
phelpsdodge.com.ph,31,0,1,1
pickyourownchristmastree.org,31,0,12,1
pivitglobal.com,31,0,1,1
pixelkicks.co.uk,31,0,2,1
podcasts-online.org,31,0,16,1
postnitro.ai,31,0,9,1
premio.io,31,0,65,1
presscustomizr.com,31,0,1,1
pressrelease.com,31,0,12,1
propetroservices.com,31,0,17,1
pulse.is,31,0,1,1
q.agency,31,0,1,1
quera.org,31,0,1,1
rapidops.com,31,0,1,1
raspberrytips.com,31,0,1,1
ratednearme.com,31,0,3,1
rebellionresearch.com,31,0,1,1
refrescosbandeirantes.com.br,31,0,17,1
regpacks.com,31,0,1,1
repairdesk.co,31,0,2,1
retable.io,31,0,1,1
retail-loyalty.org,31,0,1,1
reverbico.com,31,0,7,1
reviewgrower.com,31,0,1,1
revive.social,31,0,6,1
ricentral.com,31,0,1,1
rivoli.net,31,0,17,1
rufox.ru,31,0,1,1
salary.sg,31,0,1,1
savemyleads.com,31,0,1,1
sbvu.ac.in,31,0,17,1
scandiafamilycenter.com,31,0,17,1
scienceforums.net,31,0,5,1
scottmax.com,31,0,5,1
searchandfilter.com,31,0,4,1
selfmademillennials.com,31,0,3,1
sermitsiaq.ag,31,0,36,1
seventh-art.com,31,0,51,1
shopwired.co.uk,31,0,1,1
smallbusinesscomputing.com,31,0,5,1
smartbranding.com,31,0,1,1
socialfutures.org.au,31,0,17,1
spark.ngo,31,0,7,1
stefanjudis.com,31,0,3,1
stephenshouseandgardens.com,31,0,5,1
subscriptionflow.com,31,0,1,1
switchy.io,31,0,2,1
symfonycasts.com,31,0,1,1
tartuh.ee,31,0,17,1
teamyellow.org,31,0,17,1
tecadmin.net,31,0,6,1
technext24.com,31,0,17,1
technofizi.net,31,0,1,1
technologyreseller.uk,31,0,2,1
techtudo.globo.com,31,0,6,1
texanscan.org,31,0,17,1
thedeepview.com,31,0,3,1
thedigitaltips.com,31,0,1,1
theeveningleader.com,31,0,1,1
thefastlaneforum.com,31,0,6,1
themegrill.com,31,0,1,1
themeselection.com,31,0,10,1
themeum.com,31,0,15,1
thepalaceschool.com,31,0,3,1
theradiatorcentre.com,31,0,1,1
thinkers360.com,31,0,3,1
tommcfarlin.com,31,0,5,1
toronto-employmentlawyer.com,31,0,41,1
torquemag.io,31,0,60,1
travelislife.org,31,0,2,1
tudosobrehospedagemdesites.com.br,31,0,1,1
underconstructionpage.com,31,0,16,1
unikoshardware.com,31,0,1,1
upstore.cloud,31,0,1,1
urlm.it,31,0,1,1
vectortemplates.com,31,0,1,1
veeble.com,31,0,1,1
veganburg.com,31,0,17,1
viewportsizer.com,31,0,2,1
vistatec.com,31,0,2,1
vn4u.vn,31,0,1,1
volksrailway.org.uk,31,0,17,1
vondranlegal.com,31,0,1,1
wcpd.org,31,0,17,1
wip.co,31,0,9,1
wjunction.com,31,0,11,1
woonsocketcall.com,31,0,2,1
wparena.com,31,0,4,1
wpblog.com,31,0,169,1
wpforo.com,31,0,4,1
wpx.net,31,0,4,1
wpxpo.com,31,0,1,1
zeet.co,31,0,1,1
1crm.com,30,0,2,1
2fa.directory,30,0,1,1
2xecommerce.com,30,0,15,1
abnewswire.com,30,0,1,1
adamenfroy.com,30,0,5,1
adido-digital.co.uk,30,0,1,1
advids.co,30,0,2,1
advisoryexcellence.com,30,0,7,1
aerc.org,30,0,48,1
agencyhandy.com,30,0,2,1
alifsemi.com,30,0,41,1
amazonita.co.nz,30,0,16,1
ambulance.co.il,30,0,17,1
amfund.org,30,0,17,1
ancashnoticias.com,30,0,1,1
angelscarehealth.com,30,0,17,1
appscribed.com,30,0,6,1
archivemarketresearch.com,30,0,3,1
artbees.net,30,0,13,1
askdoctorg.com,30,0,17,1
assetwise.co.th,30,0,34,1
astralweb.com.tw,30,0,1,1
babylovegrowth.ai,30,0,1,1
behindrankings.com,30,0,3,1
benjamincrozat.com,30,0,4,1
betterucare.com,30,0,51,1
bigscal.com,30,0,1,1
binarymoon.co.uk,30,0,2,1
blacksmith.agency,30,0,2,1
blueskylimovail.com,30,0,1,1
bluetriangle.com,30,0,1,1
booknetic.com,30,0,6,1
boostcommerce.net,30,0,1,1
briansolis.com,30,0,1,1
brizy.site,30,0,14,1
broxer.com,30,0,310,1
calculators.tech,30,0,2,1
canirank.com,30,0,1,1
casabona.org,30,0,6,1
catchthemes.com,30,0,8,1
chatbots.org,30,0,2,1
classicinformatics.com,30,0,4,1
click4assistance.co.uk,30,0,2,1
cliowebsites.com,30,0,11,1
cmsreport.com,30,0,8,1
codecontrol.io,30,0,3,1
codewithfaraz.com,30,0,3,1
comingsoonwp.com,30,0,5,1
completo.ru,30,0,1,1
connectly.ai,30,0,1,1
convio.com,30,0,6,1
coupontoaster.com,30,0,1,1
creativemktgservices.com,30,0,1,1
datahen.com,30,0,1,1
dcpweb.co.uk,30,0,5,1
defyn.com.au,30,0,2,1
designil.com,30,0,4,1
digiswift.nl,30,0,2,1
digitalproductsdp.com,30,0,6,1
dinarys.com,30,0,4,1
domainnamewire.com,30,0,1,1
domainwheel.com,30,0,1,1
draftss.com,30,0,3,1
dreambaby.com.au,30,0,3444,1
dropshipzone.com.au,30,0,3,1
duogeeks.com,30,0,239,1
earthnutshell.com,30,0,3,1
easecloud.io,30,0,1,1
easyaffiliate.com,30,0,5,1
ecommercebonsai.com,30,0,2,1
elephas.app,30,0,1,1
empat.tech,30,0,1,1
empreender.com.br,30,0,1,1
entrepreneurshiplife.com,30,0,1,1
entrepreneurshq.com,30,0,1,1
eselundlandspielhof.de,30,0,41,1
ewww.io,30,0,11,1
extrachill.com,30,0,2,1
flywheelstaging.com,30,0,1,1
forumweb.hosting,30,0,5,1
freshvanroot.com,30,0,1,1
frogamesformacion.com,30,0,4,1
fromdev.com,30,0,5,1
fs-poster.com,30,0,8,1
gearseo.com.br,30,0,3,1
getadmiral.com,30,0,1,1
getdeploying.com,30,0,103,1
getedara.com,30,0,1,1
ggames.com.br,30,0,1,1
globalesim.app,30,0,340,1
globaltoynews.com,30,0,1,1
golquadrado.com.br,30,0,4,1
google.al,30,0,4,1
google.je,30,0,1,1
gozen.com,30,0,1,1
gravitykit.com,30,0,3,1
halifaxforum.ca,30,0,17,1
hallbook.com.br,30,0,1,1
hiyield.co.uk,30,0,2,1
hobohost.com,30,0,1,1
hostingpill.com,30,0,1,1
huihoo.com,30,0,1,1
hypergridbusiness.com,30,0,3,1
hypersonix.ai,30,0,1,1
incomeschool.com,30,0,14,1
innovatopia.jp,30,0,1,1
inspire.scot,30,0,2,1
intelivita.co.uk,30,0,1,1
intellisoft.io,30,0,1,1
involverolemodels.org,30,0,34,1
iss.one,30,0,1,1
ivyforms.com,30,0,2,1
jewcy.com,30,0,1,1
jinda44e.com,30,0,17,1
kevinleary.net,30,0,1,1
kingscrowd.com,30,0,17,1
knotwood.com,30,0,1,1
kontactr.com,30,0,3,1
laurel-house.org,30,0,17,1
leaderweb.com.tw,30,0,1,1
learnenough.com,30,0,2,1
learnwoo.com,30,0,33,1
leenkup.com,30,0,3,1
lefilet.ca,30,0,17,1
linkpizza.com,30,0,3,1
linuxbabe.com,30,0,1,1
lloydsengg.in,30,0,17,1
lumaprints.com,30,0,1,1
machform.com,30,0,7,1
magecloud.agency,30,0,17,1
malvern-online.com,30,0,1,1
mammothtimes.com,30,0,2,1
markethax.com,30,0,1,1
markhendriksen.com,30,0,382,1
melapress.com,30,0,2,1
mindthebleep.com,30,0,1,1
mizbanfa.net,30,0,1,1
mog.com.my,30,0,17,1
msecure.com,30,0,1,1
museumsontario.ca,30,0,34,1
mycred.me,30,0,2,1
nanpuu.jp,30,0,1,1
netconomy.net,30,0,2,1
nexcess.com,30,0,2,1
nimbusthemes.com,30,0,2,1
nostra.ai,30,0,1,1
noupe.com,30,0,18,1
novalogic.com,30,0,2,1
nvecta.com,30,0,4,1
oneims.com,30,0,1,1
ossel.com.br,30,0,34,1
paykickstart.com,30,0,3,1
paylinedata.com,30,0,2,1
pemmz.com,30,0,34,1
phpbuilder.com,30,0,8,1
pirene.it,30,0,17,1
planeta.tv,30,0,3,1
preis-king.com,30,0,2,1
punyamishra.com,30,0,3,1
querianson.com,30,0,1,1
readability.com,30,0,1,1
refgrow.com,30,0,1,1
restrictcontentpro.com,30,0,1,1
riverhotels.com,30,0,17,1
rk.md,30,0,11,1
roger-pearse.com,30,0,2,1
saasgenius.com,30,0,148,1
saaspirate.com,30,0,8,1
safe.zone,30,0,2,1
sarojmeher.com,30,0,2,1
savee.in,30,0,1,1
scouts.org.ar,30,0,34,1
se-radio.net,30,0,4,1
securityonline.info,30,0,1,1
sellcoursesonline.com,30,0,1,1
seosly.com,30,0,3,1
siamthai.ie,30,0,17,1
silveredgepackaging.com,30,0,1,1
sitecare.com,30,0,7,1
sligogaa.ie,30,0,5,1
smarterqueue.com,30,0,1,1
snd.com.br,30,0,34,1
southtowndesigns.com,30,0,3,1
splitpixel.co.uk,30,0,1,1
spllabs.com,30,0,17,1
starbucksmenuus.info,30,0,1,1
starcomnetwork.net,30,0,17,1
startcrochet.com,30,0,1,1
statsfiji.gov.fj,30,0,17,1
stockiqtech.com,30,0,1,1
storagenewsletter.com,30,0,1,1
storeapps.org,30,0,2,1
storeboard.com,30,0,2,1
strategyquant.com,30,0,6,1
supplyia.com,30,0,1,1
surecart.com,30,0,2,1
sustainablewebdesign.org,30,0,1,1
syde.com,30,0,2,1
syncbricks.com,30,0,8,1
syncsignature.com,30,0,1,1
techcult.com,30,0,1,1
techrounder.com,30,0,10,1
tfr.news,30,0,2,1
theamericangenius.com,30,0,2,1
thecheckergroup.com,30,0,17,1
themeboy.com,30,0,2,1
themissusa.com,30,0,51,1
thesocialproxy.com,30,0,1,1
thirstyaffiliates.com,30,0,78,1
thrivewebdesigns.com,30,0,4,1
tidalcreekbrewhouse.com,30,0,17,1
topsoftwarecompanies.co,30,0,1,1
trendswe.com,30,0,2,1
tvisha.com,30,0,6,1
twominutereports.com,30,0,1,1
twoscotsabroad.com,30,0,6,1
unisea.com,30,0,17,1
up-board.org,30,0,16,1
upgrd.com,30,0,2,1
urbeez.com,30,0,2,1
usite.pro,30,0,1,1
uvisionuav.com,30,0,17,1
valasys.com,30,0,5,1
visenze.com,30,0,1,1
vmblog.com,30,0,9,1
w3c.org.il,30,0,13,1
wagento.com,30,0,5,1
wcvendors.com,30,0,3,1
webbeeglobal.com,30,0,2,1
webjinnee.com,30,0,5,1
webshuk.com,30,0,4,1
wedowebapps.com,30,0,1,1
weetracker.com,30,0,1,1
whatech.com,30,0,1,1
winningpc.com,30,0,5,1
womenlovetech.com,30,0,1,1
wpdownloadmanager.com,30,0,33,1
wperp.com,30,0,14,1
wpfusion.com,30,0,2,1
wplift.com,30,0,36,1
wpsocialninja.com,30,0,4,1
wytlabs.com,30,0,1,1
zibb.nl,30,0,2,1
21cloudbox.com,29,0,1,1
3dprintboard.com,29,0,2,1
abcmoney.co.uk,29,0,1,1
aceinfoway.com,29,0,1,1
ackahlaw.com,29,0,17,1
acmecomedycompany.com,29,0,2,1
acowebs.com,29,0,7,1
actionpay.com.br,29,0,6,1
activeaway.com,29,0,17,1
activenoon.com,29,0,1,1
aexlab.com,29,0,17,1
akademie-der-naturheilkunde.com,29,0,1,1
akrabat.com,29,0,1,1
ananda.it,29,0,17,1
anatta.io,29,0,1,1
antoniopacelli.com,29,0,2,1
apitracker.io,29,0,21,1
appmaker.xyz,29,0,9,1
apppresser.com,29,0,1,1
ar-wp.com,29,0,6,1
artavita.com,29,0,1,1
ashokcharan.com,29,0,2,1
atarim.io,29,0,63,1
aureatelabs.com,29,0,1,1
avenacloud.com,29,0,2,1
ayampenyetria.com,29,0,17,1
baronius.com,29,0,2,1
bausch.in,29,0,4,1
bizprospex.com,29,0,1,1
biztechpost.com,29,0,1,1
blogpros.com,29,0,5,1
blogtyrant.com,29,0,4,1
bluewhalemedia.co.uk,29,0,8,1
bookmeatable.com,29,0,1,1
bootstrapped.ventures,29,0,2,1
bossini.com.sg,29,0,9,1
boxmode.com,29,0,1,1
bucktee.com,29,0,17,1
buildupbookings.com,29,0,2,1
bullet.so,29,0,2,1
business-awards.uk,29,0,2,1
businessage.com,29,0,2,1
businessmanchester.co.uk,29,0,1,1
buzznessinfo.com,29,0,2,1
byramtwp.org,29,0,3,1
bytecheck.com,29,0,1,1
canadiansinternet.com,29,0,2,1
cantonfirstfriday.com,29,0,17,1
capitalmort.com,29,0,17,1
cartflows.com,29,0,2,1
casamilanoitaly.com,29,0,119,1
cemoh.com,29,0,17,1
churchthemes.com,29,0,2,1
cirklestudio.co,29,0,1,1
cityofmcgregor.com,29,0,23,1
clickwp.com,29,0,2,1
clouddevs.com,29,0,4,1
cloudtweaks.com,29,0,153,1
cloudysocial.com,29,0,1,1
cminds.com,29,0,2,1
code.market,29,0,3,1
codegym.vn,29,0,2,1
codeless.co,29,0,11,1
coinguides.org,29,0,1,1
communicateonline.me,29,0,17,1
cotinga.io,29,0,20,1
cpasitesolutions.com,29,0,1,1
dealsbe.com,29,0,1,1
decaturdailydemocrat.com,29,0,1,1
denverdivorceattorneys.com,29,0,17,1
deploybot.com,29,0,3,1
designbeep.com,29,0,1,1
dj-extensions.com,29,0,1,1
do3d.com,29,0,6,1
domaindetails.com,29,0,2,1
dotcommagazine.com,29,0,1,1
dsmtool.com,29,0,1,1
dynamic.ooo,29,0,1,1
dynamicwebdevelopment.sg,29,0,1,1
eastdulwichforum.co.uk,29,0,1,1
ecollect.co,29,0,1,1
elearnmagazine.com,29,0,1,1
elementpack.pro,29,0,32,1
elitesecurity.org,29,0,6,1
eluminoustechnologies.com,29,0,1,1
emailexpert.com,29,0,2,1
era-comm.eu,29,0,3,1
estudioarquitectos.cl,29,0,5,1
exposmall.com,29,0,1,1
externals.io,29,0,1,1
factchecking.cl,29,0,130,1
fatlabwebsupport.com,29,0,4,1
faustos.com,29,0,2,1
festivalskelowna.com,29,0,17,1
fizzle.co,29,0,1,1
fluentsmtp.com,29,0,2,1
flycart.org,29,0,4,1
formget.com,29,0,3,1
formtools.org,29,0,10,1
founderpath.com,29,0,1,1
freerdps.com,29,0,2,1
ful.io,29,0,1,1
full.services,29,0,5,1
geschilleninstantiepensioenfondsen.nl,29,0,17,1
get.online,29,0,1,1
getlasso.co,29,0,8,1
getshieldsecurity.com,29,0,1,1
glutenfrei-kochen.de,29,0,1,1
gmi.com,29,0,1,1
golo.fm,29,0,17,1
google.ac,29,0,5,1
google.lu,29,0,5,1
granicusideas.com,29,0,8,1
grossetonotizie.com,29,0,1,1
gryphonconnect.com,29,0,17,1
guestrevu.com,29,0,1,1
gunsails.com,29,0,4,1
hartware.de,29,0,1,1
hengjing168.golf,29,0,17,1
heroxhost.com,29,0,1,1
highpayingaffiliateprograms.com,29,0,4,1
histre.com,29,0,2,1
hitechnectar.com,29,0,1,1
hnworth.com,29,0,1,1
hostingcharges.in,29,0,37,1
hotframeworks.com,29,0,9,1
hottg.com,29,0,5,1
houzez.co,29,0,45,1
howtobuysaas.com,29,0,43,1
hyscaler.com,29,0,1,1
iceclog.com,29,0,1,1
icegram.com,29,1,0,1
ilos.com.br,29,0,17,1
imcgrupo.com,29,0,1,1
increditools.com,29,0,1,1
indiasikho.com,29,0,2,1
indoleads.com,29,0,1,1
informiran.si,29,0,2,1
infyways.com,29,0,1,1
ingenius.agency,29,0,4,1
inote.tw,29,0,1,1
instant.so,29,0,1,1
ironplane.com,29,0,1,1
iscripts.com,29,0,2,1
jamestaylorseo.co.uk,29,0,2,1
jazzednet.org,29,0,17,1
jobitt.com,29,0,6,1
joomlashack.com,29,0,1,1
jumpstartmag.com,29,0,1,1
jungle.co.kr,29,0,6,1
justpublishingadvice.com,29,0,2,1
kevinmuldoon.com,29,0,2,1
kirkwoodus.com,29,0,4,1
knowthecode.io,29,0,1,1
koala-apps.io,29,0,3,1
kodezi.com,29,0,1,1
kristihines.com,29,0,3,1
leaddyno.com,29,0,2,1
leakix.net,29,0,1,1
letsbecrazy.de,29,0,1,1
lidog.org,29,0,1,1
londonlovesbeauty.com,29,0,17,1
longevidadesaudavel.com.br,29,0,17,1
losangelesseoinc.com,29,0,1,1
lseo.com,29,0,1,1
macfreak.nl,29,0,1,1
machsomwatch.org,29,0,34,1
magezon.com,29,0,3,1
make-cash.pl,29,0,3,1
manna.church,29,0,17,1
manytools.com,29,0,1,1
margatesummerseries.co.uk,29,0,17,1
mariopeshev.com,29,0,3,1
marketpress.de,29,0,1,1
markovate.com,29,0,1,1
martincreed.com,29,0,1,1
mechamenozap.com.br,29,0,17,1
megaventory.com,29,0,7,1
memcyco.com,29,0,1,1
metrilo.com,29,0,6,1
mjc.org.za,29,0,17,1
mobilespy.io,29,0,1,1
moneydoneright.com,29,0,1,1
multiplica.com,29,0,1,1
muncheye.com,29,0,1,1
mysterythemes.com,29,0,7,1
napolify.com,29,0,1,1
newsunshinetanning.com,29,0,17,1
nexterwp.com,29,0,6,1
ninjateam.org,29,0,4,1
npm.io,29,0,2,1
oflox.com,29,0,8,1
okcs.com,29,0,1,1
opace.agency,29,0,4,1
operacionsonrisa.org.co,29,0,17,1
opiniones.hosting,29,0,1,1
osmarks.net,29,0,13,1
ostheimer.at,29,0,1,1
outdoo.ai,29,0,2,1
pagepilot.ai,29,0,1,1
papaly.com,29,0,28,1
phishprotection.com,29,0,2,1
picreel.com,29,0,2,1
pitsolutions.com,29,0,3,1
pivotal.digital,29,0,1,1
podcastguru.io,29,0,18,1
postaffiliatepro.de,29,0,1,1
prestigeawards.co.uk,29,0,1,1
prestoplayer.com,29,0,1,1
prlog.ru,29,0,187,1
publicist.co,29,0,1,1
pxlme.me,29,0,1,1
quadlayers.com,29,0,17,1
qualimero.com,29,0,23,1
quicksprout.com,29,0,1,1
quintype.com,29,0,1,1
quoleady.com,29,0,1,1
rakocziszovetseg.org,29,0,41,1
rankomedia.com,29,0,2,1
redcross.org.mt,29,0,17,1
reddashmedia.com,29,0,1,1
resizemyimg.com,29,0,5,1
rextheme.com,29,0,18,1
rockcreekfarm.com,29,0,51,1
rstforums.com,29,0,12,1
sarastro-stauden.com,29,0,1,1
sausalito.com,29,0,2,1
savemycent.com,29,0,1,1
sciencesays.com,29,0,9,1
secomapp.com,29,0,1,1
secureblitz.com,29,0,20,1
senseilms.com,29,0,2,1
setsail.ca,29,0,1,1
simoncox.com,29,0,1,1
smartmoneymatch.com,29,0,1,1
socialtap.com.au,29,0,1,1
societe.tech,29,0,1,1
soleapp.com.au,29,0,17,1
solutionhow.com,29,0,1,1
sooperarticles.com,29,0,18,1
sopawards.com,29,0,17,1
spicyweb.com.au,29,0,2,1
spilavinir.is,29,0,41,1
startupbahrain.com,29,0,1,1
submitexpress.com,29,0,10,1
superbthemes.com,29,0,20,1
supermonitoring.pl,29,0,3,1
supportmeindia.com,29,0,2,1
surge.global,29,0,1,1
symbolbudapest.hu,29,0,1,1
targetbay.com,29,0,2,1
tau-trade.com,29,0,17,1
techicy.com,29,0,3,1
techmedya.com,29,0,1,1
techresearchonline.com,29,0,2,1
techspark.co,29,0,2,1
techwibe.com,29,0,1,1
tenten.co,29,0,5,1
testado.sk,29,0,11,1
theaustonian.com,29,0,1,1
thedopple.com,29,0,17,1
thefresh.co.uk,29,0,1,1
thegroovecartel.com,29,0,2,1
themezaa.com,29,0,65,1
tickcoupon.com,29,0,2,1
timtingtravel.com,29,0,2,1
todaytesting.com,29,0,1,1
tomauroprovato.gr,29,0,17,1
toptool.app,29,0,10,1
traversal.com,29,0,8,1
tripguaranty.co.il,29,0,51,1
turis.app,29,0,1,1
ugu.pl,29,0,8,1
ukrecruiter.co.uk,29,0,1,1
unchartedbackpacker.com,29,0,2,1
unkover.com,29,0,1,1
upmore.pl,29,0,1,1
ventsmagazine.co.uk,29,0,1,1
vicky.dev,29,0,1,1
victory.digital,29,0,2,1
victorytale.com,29,0,20,1
videoweek.com,29,0,85,1
visualmodo.com,29,0,2052,1
w3speedup.com,29,0,2,1
wadline.com,29,0,1,1
wahidhalal.com,29,0,102,1
wayup.in,29,0,1,1
wcs-group.co.uk,29,0,17,1
web-standards.ru,29,0,2,1
web-tourist.net,29,0,1,1
webappick.com,29,0,4,1
webdevelopersjournal.com,29,0,1,1
webreactiva.com,29,0,3,1
webreus.net,29,0,26,1
websiteseostats.com,29,0,12,1
whatmore.ai,29,0,1,1
whmcs.community,29,0,3,1
wonaruto.com,29,0,4,1
woodcentral.com,29,0,1,1
worldfinancialreview.com,29,0,423,1
wp-crm.com,29,0,1,1
wp-valley.com,29,0,95,1
wp.cloud,29,0,1,1
wp.sk,29,0,6,1
wpbrigade.com,29,0,3,1
wpeasycart.com,29,0,1,1
wplaybook.com,29,0,1,1
wpresidence.net,29,0,5,1
wrox.com,29,0,1,1
yclas.com,29,0,1,1
yttags.com,29,0,3,1
zachleat.com,29,0,1,1
3plains.com,28,0,1,1
7blog.hu,28,0,1,1
7designs.co,28,0,1,1
99signals.com,28,0,1,1
abantecart.com,28,0,2,1
abrightclearweb.com,28,0,2,1
aceenglishmalta.com,28,0,17,1
achronicvoice.com,28,0,4,1
activewebgroup.com,28,0,2,1
activosblog.com,28,0,10,1
acymailing.com,28,0,3,1
affilorama.com,28,0,1,1
afflift.com,28,0,3,1
aiforeveryone.org,28,0,7,1
aimsfx.com,28,0,34,1
ait-pro.com,28,0,4,1
allepaginas.nl,28,0,1,1
aloa.co,28,0,1,1
amitmerchant.com,28,0,3,1
amwaly.com,28,0,4,1
anastasiablogger.com,28,0,1,1
apipark.com,28,0,1,1
appkodes.com,28,0,1,1
arounddeal.com,28,0,1,1
articlecube.com,28,0,2,1
atsit.in,28,0,55,1
avmc.edu.in,28,0,34,1
bdthemes.com,28,0,6,1
bed.co.th,28,0,17,1
befound.ie,28,0,1,1
bethnalgreenventures.com,28,0,10,1
bistromoulin.com,28,0,17,1
bit-integrations.com,28,0,7,1
biztechcs.com,28,0,6,1
blogarama.com,28,0,100,1
bloggazza.com,28,0,12,1
bloggerpilot.com,28,0,5,1
bluejackets.com,28,0,34,1
bmgmediaco.com,28,0,1,1
bogos.io,28,0,1,1
boldist.co,28,0,1,1
boldseo.com.au,28,0,17,1
botellasdeamor.org,28,0,17,1
bovec.net,28,0,2,1
bresdel.com,28,0,7,1
btw.media,28,0,20,1
buildersociety.com,28,0,1,1
businessblogshub.com,28,0,2,1
cardswitcher.co.uk,28,0,1,1
catsy.com,28,0,1,1
christiancareercenter.com,28,0,41,1
cioinfluence.com,28,0,1,1
clbmarketing.com,28,0,1,1
clickx.io,28,0,1,1
cliently.com,28,0,1,1
columbiamontourchamber.com,28,0,1,1
comparapps.com,28,0,3,1
comparethecloud.net,28,0,1,1
conferenceparties.com,28,0,1,1
consumerrating.org,28,0,1,1
convertful.com,28,0,1,1
convexinteractive.com,28,0,5,1
costadoro.com.au,28,0,3,1
cozmoslabs.com,28,0,3,1
craftycopy.co.uk,28,0,3,1
creativeskills.be,28,0,2,1
crypto-fundraising.info,28,0,1,1
dailytimesleader.com,28,0,1,1
decipherzone.com,28,0,1,1
delesign.com,28,0,2,1
depicter.com,28,0,10,1
dianarangaves.com,28,0,1,1
dieg.info,28,0,3,1
digitalguider.com,28,0,1,1
dirjournal.com,28,0,2,1
discoverballyvaughan.com,28,0,17,1
ditchcarbon.com,28,0,3,1
diviextended.com,28,0,12,1
dripshipper.io,28,0,3,1
dropshiplifestyle.com,28,0,1,1
ecombalance.com,28,0,1,1
egochi.com,28,0,1,1
electrotraveller.com,28,0,40,1
elicus.com,28,0,3,1
employmentlawhandbook.com,28,0,1,1
enonic.com,28,0,2,1
espartedelviaje.com,28,0,3,1
estudiosite.com.br,28,0,1,1
everything.design,28,0,1,1
exalted.com,28,0,51,1
exclusivehouseholdstaff.com,28,0,4,1
expresspigeon.com,28,0,1,1
fantasyplanet.cz,28,0,1,1
finance.blog,28,0,4,1
findniche.com,28,0,1,1
flus.fr,28,0,4,1
fortrabbit.com,28,0,5,1
fosterkinship.org,28,0,17,1
freedium.cfd,28,0,1,1
freek.dev,28,0,26,1
freshlearn.com,28,0,2,1
fundz.net,28,0,3,1
fusionartps.com,28,0,6,1
gaps.com,28,0,1,1
gccoupons.com,28,0,1,1
gebenfuerleben.at,28,0,17,1
geekextreme.com,28,0,1,1
gethppy.com,28,0,1,1
goldpenguin.org,28,0,11,1
google.co.bw,28,0,5,1
google.co.ug,28,0,1,1
google.com.et,28,0,5,1
google.com.qa,28,0,5,1
google.la,28,0,1,1
govertical.ch,28,0,3,1
guestpostnow.com,28,0,2,1
hersuitespot.com,28,0,1,1
honimunn.com,28,0,17,1
hostenko.com,28,0,4,1
hostingexperto.es,28,0,1,1
hostingjournalist.com,28,0,11,1
hotjoomlatemplates.com,28,0,5,1
hybridtraffic.net,28,0,1,1
in-due-time.com,28,0,41,1
industrytap.com,28,0,1,1
inforge.net,28,0,2,1
intensedebate.com,28,0,1,1
invoiceowl.com,28,0,1,1
ippei.com,28,0,1,1
japaneseclass.jp,28,0,7,1
jmark.com,28,0,1,1
juliangoldie.com,28,0,2,1
justcreative.com,28,0,1,1
justforcanada.com,28,0,2,1
kanerepublican.com,28,0,2,1
kerekmese.hu,28,0,2,1
kidscodecs.com,28,0,1,1
konacoffeefest.com,28,0,17,1
krishaweb.com,28,0,1,1
kubiobuilder.com,28,0,3,1
kurtuhlir.com,28,0,1,1
landofcoder.com,28,0,30,1
lbcurrent.com,28,0,1,1
leadbit.com,28,0,2,1
lebirdbar.com,28,0,1,1
lihi2.com,28,0,1,1
lilachbullock.com,28,0,2,1
line25.com,28,0,8,1
linkcentre.com,28,0,8,1
liquid-themes.com,28,0,17,1
lockedownseo.com,28,0,1,1
logicrays.com,28,0,1,1
luzzidigital.com,28,0,1,1
mailwizz.com,28,0,1,1
makeawebsitehub.com,28,0,9,1
makewebbetter.com,28,0,2,1
marketinghack4u.com,28,0,1,1
marketinginasia.com,28,0,1,1
marketsherald.com,28,0,4,1
martech360.com,28,0,1,1
masterblogging.com,28,0,1,1
maxange.com,28,0,1,1
mazars.com,28,0,20090,1
meanit.ie,28,0,10,1
meetfox.com,28,0,1,1
membersplash.com,28,0,17,1
merehead.com,28,0,1,1
mexicanappetizersandmore.com,28,0,1,1
mindfulpresenter.com,28,1,0,1
mitmachim.top,28,0,1,1
moosoft.com,28,0,2,1
morehubbub.com,28,0,2,1
morningdough.com,28,0,120,1
movies2k.pro,28,0,1,1
mozello.co.il,28,0,2,1
mybasis.com,28,0,1,1
mylist.co.il,28,0,7,1
narangdesign.com,28,0,1,1
navthemes.com,28,0,2,1
negup.com,28,0,1,1
nichemarket.co.za,28,0,1,1
notclosed.com,28,0,3,1
nudgify.com,28,0,1,1
numato.com,28,0,1,1
numberanalytics.com,28,0,1,1
observernewsonline.com,28,0,1,1
oceanearthtravels.com,28,0,4,1
octolize.com,28,0,1,1
odp.org,28,0,2,1
onenine.com,28,0,3,1
orcaa.org,28,0,64,1
p2c.com,28,0,68,1
pakistangulfeconomist.com,28,0,1,1
paradisosolutions.com,28,0,1,1
paymattic.com,28,0,1,1
phorum.pl,28,0,11,1
pigment-adv.co.il,28,0,164,1
pkrevenue.com,28,0,63,1
plumrocket.com,28,0,9,1
portaleduca.cl,28,0,1,1
postaffiliatepro.es,28,0,1,1
postaffiliatepro.fr,28,0,1,1
powderkeg.com,28,0,2,1
press.farm,28,0,4,1
purethemes.net,28,0,6,1
pycom.io,28,0,1,1
pyxl.com,28,0,1,1
quayclean.com.au,28,0,17,1
quicksync.pro,28,0,1,1
rablab.ca,28,0,1,1
radio-t.com,28,0,1,1
rathena.org,28,0,4,1
readupnext.com,28,0,2,1
releasewire.com,28,0,9,1
republicmarketing.co.uk,28,0,2,1
riptutorial.com,28,0,4,1
roe.pl,28,0,2,1
salespop.net,28,0,1,1
sangfroidwebdesign.com,28,0,2,1
seene.online,28,0,2,1
seopressor.com,28,0,1,1
seoservices.com.br,28,0,40,1
seoworld.in,28,0,1,1
serviciiseobucuresti.ro,28,0,1,1
shoptimized.net,28,0,1,1
sidex.ru,28,0,5,1
sitecentre.com.au,28,0,1,1
skollov-se.se,28,0,4,1
sktthemes.org,28,0,5,1
skyminds.net,28,0,11,1
sleigh.co.uk,28,0,17,1
slidedeck.com,28,0,2,1
slotxo24hrc.com,28,0,17,1
smartwriter.ai,28,0,1,1
socialnomics.net,28,0,3,1
socialoapp.com,28,0,1,1
sofy.ai,28,0,17,1
solveyourtech.com,28,0,4,1
sonaar.io,28,0,13,1
soravjain.com,28,0,1,1
soup.io,28,0,1,1
sparklewpthemes.com,28,0,2,1
spont.nl,28,0,17,1
sport-equipements.fr,28,0,1,1
sportsillustratedprospects.com,28,0,34,1
startus.cc,28,0,1,1
steephill.tv,28,0,5,1
stellaslubbock.us,28,0,17,1
stuffablog.com,28,0,1,1
swissuplabs.com,28,0,6,1
tagdiv.com,28,0,72,1
takecare-newyork.com,28,0,17,1
tastyigniter.com,28,0,1,1
tatabojs.cz,28,0,34,1
techloyce.com,28,0,1,1
technochops.com,28,0,1,1
techx.pk,28,0,1,1
temperstack.com,28,0,19,1
the-tech-trend.com,28,0,1,1
thearabtribune.com,28,0,1,1
thedigitalmerchant.com,28,0,77,1
thefinrate.com,28,0,1,1
thehake.com,28,0,1,1
thehumancapitalhub.com,28,0,1,1
theme-junkie.com,28,0,1,1
themecircle.net,28,0,11,1
themehigh.com,28,0,3,1
themerex.net,28,0,2,1
themintgaming.com,28,0,17,1
thetechnotricks.net,28,0,3,1
thevoiceoflakewood.com,28,0,34,1
thewave.com.hk,28,0,17,1
thewordcracker.com,28,0,62,1
tidyrepo.com,28,0,8,1
tntcode.com,28,0,5,1
toonhoundstudios.com,28,0,51,1
topline.com,28,0,1,1
trekkingthai.com,28,0,17,1
trickyenough.com,28,0,1,1
tripetto.com,28,0,1,1
tuffclassified.com,28,0,1,1
tweakyourbiz.com,28,0,14,1
upperbuenavista.com,28,0,17,1
usawire.com,28,0,2,1
vatrooper.com,28,0,17,1
viesearch.com,28,0,34,1
viralchilly.com,28,0,2,1
voxfor.com,28,0,2,1
vpswala.org,28,0,1,1
vyper.ai,28,0,1,1
wawacold.com,28,0,2,1
wbcalaredo.org,28,0,1,1
wclovers.com,28,0,5,1
webdesignledger.com,28,0,8,1
webfactoryltd.com,28,0,10,1
weblizar.com,28,0,3,1
webmonkey.com,28,0,1,1
webstacks.com,28,0,1,1
wecomm.fr,28,0,1,1
weetechsolution.com,28,0,4,1
wellkeptwallet.com,28,0,1,1
winningwp.com,28,0,8,1
wiseintro.co,28,0,1,1
wishlistmember.com,28,0,1,1
wittypen.com,28,0,1,1
wolfpackadvising.com,28,0,1,1
womensbusinessdaily.com,28,0,1,1
wpcrafter.com,28,0,10,1
wpexplorer.com,28,0,47,1
wppluginsify.com,28,0,14,1
wpremote.com,28,0,1,1
wpriders.com,28,0,6,1
wpsauce.com,28,0,12,1
wpswings.com,28,0,6,1
wpwebify.com,28,0,27,1
wpzone.co,28,0,2,1
yuko.so,28,0,1,1
zeracreative.com,28,0,7,1
zorashouse.com,28,0,17,1
1solutions.biz,27,0,2,1
360smsapp.com,27,0,1,1
50vidsotkiv.org.ua,27,0,1,1
6amtech.com,27,0,1,1
7olm.org,27,0,1,1
a11yjobs.com,27,0,2,1
abc-directory.com,27,0,99,1
abcplus.biz,27,0,4,1
academylms.net,27,0,2,1
acuteseo.com,27,0,10,1
admincolumns.com,27,0,2,1
ahmadawais.com,27,0,10,1
aimeos.org,27,0,29,1
alcorfund.com,27,0,1,1
alltimedesign.com,27,0,1,1
alltopstartups.com,27,0,2,1
altstadtgarage.at,27,0,2,1
amnavigator.com,27,0,2,1
appclonescript.com,27,0,1,1
astratic.com,27,0,1,1
atakinteractive.com,27,0,1,1
autoglass.co.il,27,0,17,1
avenier.cz,27,0,123,1
avminho.pt,27,0,41,1
azaronline.com,27,0,1,1
azjazzfest.com,27,0,17,1
bandariklan.com,27,0,33,1
barrazacarlos.com,27,0,463,1
begindot.com,27,0,34,1
beingguru.com,27,0,1,1
believeinabudget.com,27,0,1,1
belvg.com,27,0,5,1
binpress.com,27,0,1,1
bizrateinsights.com,27,0,2,1
bloggingtips.com,27,0,3,1
bluejethealthcare.com,27,0,17,1
bluetree.digital,27,0,1,1
bnsflogistics.com,27,0,17,1
boomingbulls.com,27,0,17,1
bostitch.co.uk,27,0,2,1
brafton.de,27,0,6,1
brandignity.com,27,0,1,1
breadcrumbs.io,27,0,2,1
businesspartnermagazine.com,27,0,6,1
buttercms.com,27,0,4,1
callmefred.com,27,0,8,1
cannaplanners.com,27,0,1,1
capitalandgrowth.org,27,0,1,1
carbonite.co.za,27,0,1,1
carriyo.com,27,0,2,1
cave-ladenburg.de,27,0,17,1
ccsprojects.com,27,0,34,1
chainlinkmarketing.com,27,0,1,1
cleancommit.io,27,0,1,1
clientjoy.io,27,0,1,1
coderower.com,27,0,1,1
coderunner.org.nz,27,0,6,1
coinbound.io,27,0,1,1
completeconnection.ca,27,0,1,1
consultationonline.co.uk,27,0,119,1
controlf5.in,27,0,1,1
cospark.com,27,0,3,1
coupons-promo-code.com,27,0,38,1
cubecreative.design,27,0,2,1
cuttles.io,27,0,1,1
darrelwilson.com,27,0,13,1
dejaoffice.com,27,0,3,1
designculture.com.br,27,0,1,1
designnominees.com,27,0,1,1
develodesign.co.uk,27,0,1,1
devproblems.com,27,0,6,1
dianapps.com,27,0,2,1
discipleshistory.org,27,0,41,1
dnforum.com,27,0,1,1
dokkan-battle.fr,27,0,2,1
driedsquidathome.com,27,0,1,1
dropcommerce.com,27,0,1,1
dropshipman.com,27,0,2,1
easycommerce.dev,27,0,1,1
easypropertylistings.com.au,27,0,2,1
easyweb-agency.fr,27,0,4,1
echotecheg.com,27,0,17,1
ecommerce.co.za,27,0,2,1
ecommerceceo.com,27,0,1,1
edwiser.org,27,0,2,1
elated.com,27,0,1,1
electroyou.it,27,0,2,1
emilyandblair.com,27,0,2,1
enhance.com,27,0,2,1
enrichest.com,27,0,1,1
enstacked.com,27,0,1,1
enstinemuki.com,27,0,2,1
estheticsgroup.com,27,0,68,1
feedingtrends.com,27,0,6,1
fintechnews.org,27,0,1,1
flexfactor.io,27,0,1,1
fondazionebracco.com,27,0,5,1
foregroundweb.com,27,0,1,1
frontity.org,27,0,1,1
fuelthemes.net,27,0,3,1
futuramo.com,27,0,1,1
fyple.com,27,0,1,1
geeksscan.com,27,0,1,1
gemplan.co.il,27,0,6,1
getfirepush.com,27,0,1,1
google.co.tz,27,0,5,1
google.com.af,27,0,5,1
google.com.ly,27,0,2,1
google.ht,27,0,4,1
google.mg,27,0,2,1
google.mu,27,0,5,1
google.tl,27,0,2,1
goterrestrial.com,27,0,1,1
gowp.com,27,0,7,1
greenjobsearch.org,27,0,17,1
greenshiftwp.com,27,0,2,1
groupboss.io,27,0,1,1
guymondailyherald.com,27,0,1,1
haciendacantalagua.com,27,0,17,1
harisandcoacademy.com,27,0,2,1
harryfultz.edu.al,27,0,34,1
hevo.com,27,0,17,1
hffoodsgroup.com,27,0,17,1
hogash.com,27,0,3,1
humancoders.com,27,0,1,1
iamsnkrs.com,27,0,4,1
iconicwp.com,27,0,2,1
ijbssnet.com,27,0,1,1
indmnd.com,27,0,2,1
itamarblauer.com,27,0,1,1
itsjerryandharry.com,27,0,1,1
iuemag.com,27,0,1,1
jerusalemgarden.net,27,0,17,1
jessitron.com,27,0,1,1
jetbackup.com,27,0,54,1
jhkinfotech.com,27,0,3,1
jinda44d.com,27,0,17,1
k6agency.com,27,0,1,1
kestner.de,27,0,2,1
keytrends.ai,27,0,2,1
kingnewswire.com,27,0,2,1
knowstartup.com,27,0,1,1
kosarertek.hu,27,0,1,1
ladybugz.com,27,0,22,1
lawebdelprogramador.com,27,0,2,1
lazizpizza.com,27,0,9,1
leadsdubai.com,27,0,1,1
learnku.com,27,0,36,1
letswrite.tw,27,0,1,1
lifelineurgentcare.org,27,0,17,1
lighthouseapp.com,27,0,6,1
linkhouse.net,27,0,1,1
logicalmediagroup.com,27,0,2,1
magpiesnestwagga.com,27,0,1,1
maildata.jp,27,0,2,1
mancisantiqueclub.com,27,0,41,1
mantavyanews.com,27,0,1,1
marketinglabs.co.uk,27,0,1,1
marlowe-es.com,27,0,17,1
materials-exchange.org,27,0,17,1
matthewrenze.com,27,0,1,1
mercycollege.edu.in,27,0,3,1
metodoviral.com,27,0,5,1
mingsbings.com,27,0,2,1
muhammadiyah.org.sg,27,0,51,1
musicbc.org,27,0,17,1
mxp.tw,27,0,1,1
myelearningworld.com,27,0,2,1
nestify.io,27,0,12,1
nextendweb.com,27,0,1,1
nichesiteproject.com,27,0,2,1
nicolettihome.com,27,0,17,1
nogin.com,27,0,1,1
nsaneforums.com,27,0,4,1
ochobitshacenunbyte.com,27,0,1,1
onlc.be,27,0,2,1
outreachmonks.com,27,0,7,1
pajaking.com,27,0,17,1
parsdata.com,27,0,1,1
pass4success.com,27,0,2,1
phparch.com,27,0,2,1
pickthebrain.com,27,0,1,1
piloto151.com,27,0,17,1
pluginrepublic.com,27,0,1,1
pluginsforwp.com,27,0,1,1
poddigital.co.uk,27,0,1,1
pointeplazahotel.com,27,0,3,1
pontodesaude.com.br,27,0,1,1
porthminster.kitchen,27,0,17,1
postaffiliatepro.com.br,27,0,1,1
prehost.com,27,0,1,1
previousmagazine.com,27,0,1,1
productivityland.com,27,0,1,1
promocodeclub.com,27,0,1,1
propelrr.com,27,0,1,1
questionscout.com,27,0,1,1
rapyd.cloud,27,0,1,1
redsider.com,27,0,1,1
rego.co.il,27,0,3,1
retrocube.com,27,0,2,1
robinwaite.com,27,0,3,1
rockethousepictures.com,27,0,1,1
rootusers.com,27,0,1,1
round13.com,27,0,17,1
scribecount.com,27,0,1,1
scrums.com,27,0,5,1
seabirdrescue.org.au,27,0,17,1
searchenginenews.com,27,0,1,1
seersco.com,27,0,1,1
sellox.app,27,0,1,1
seo-plus.co.uk,27,0,1,1
seodity.com,27,0,1,1
severnesails.com,27,0,1,1
sheownsit.com,27,0,1,1
shipturtle.com,27,0,3,1
shufflehound.com,27,0,22,1
simplep.net,27,0,1,1
simplystatic.com,27,0,1,1
siterubix.com,27,0,1,1
slotxo24hrb.com,27,0,17,1
smackcoders.com,27,0,7,1
smallseo.tools,27,0,1,1
smartbusinesstrends.com,27,0,3,1
snapseo.ca,27,0,1,1
sobold.co.uk,27,0,3,1
socinvestigation.com,27,0,1,1
softandapps.info,27,0,1,1
softwaretestingmagazine.com,27,0,2,1
solwininfotech.com,27,0,5,1
speedscale.com,27,0,1,1
start24.nl,27,0,14,1
startingedu.com,27,0,1,1
startupinspire.com,27,0,1,1
statanalytica.com,27,0,2,1
statussight.com,27,0,2,1
storytellermedia.ca,27,0,1,1
stra.co.il,27,0,1,1
strategydriven.com,27,0,61,1
stringlabscreative.com,27,0,1,1
stylecloud.co,27,0,2,1
subscribed.fyi,27,0,34,1
suppligator.de,27,0,2,1
surejob.in,27,0,1,1
syntacticsinc.com,27,0,1,1
tapscape.com,27,0,1,1
taskip.net,27,0,2,1
techforceservices.com,27,0,1,1
techintelpro.com,27,0,1,1
techmediatoday.com,27,0,1,1
technofaq.org,27,0,1,1
techpanga.com,27,0,1,1
tekglide.com,27,0,3,1
teksun.com,27,0,1,1
templates.com,27,0,1,1
thedailyshot.com,27,0,1,1
thegenielab.com,27,0,1,1
thekoalamom.com,27,0,1,1
theloftsteakhouse.com,27,0,51,1
themehorse.com,27,0,2,1
themepalace.com,27,0,2,1
themler.io,27,0,294,1
thesearchengineshop.com,27,0,97,1
thestuffofsuccess.com,27,0,1,1
threesevenmarketing.com,27,0,1,1
ticksy.com,27,0,66,1
tinkertry.com,27,0,10,1
trackmyhashtag.com,27,0,1,1
travis.media,27,0,8,1
trevaskisfarm.co.uk,27,0,2,1
tunga.io,27,0,1,1
twomorebeers.co.uk,27,0,51,1
uknewsgroup.co.uk,27,0,2,1
ultracommerce.co,27,0,2,1
university-mall.com,27,0,1,1
upstackhq.com,27,0,2,1
utopiapark.co.il,27,0,17,1
vihadigitalcommerce.com,27,0,1,1
volody.com,27,0,2,1
voolt.com,27,0,1,1
wankuma.com,27,0,2,1
wealthawesome.com,27,0,2,1
webbiquity.com,27,0,1,1
webdesignerforum.co.uk,27,0,2,1
weberlo.com,27,0,2,1
webhostmost.com,27,0,1,1
webtonic.io,27,0,2,1
wellis.com,27,0,1,1
welliswhirlpools.de,27,0,1,1
wfg-koblenz.de,27,0,17,1
woodlandlakeslodges.co.uk,27,0,17,1
woolentor.com,27,0,2,1
wp-portugal.com,27,0,22,1
wp-tonic.com,27,0,27,1
wpbeaveraddons.com,27,0,4,1
wpfixit.com,27,0,2,1
wpjohnny.com,27,0,9,1
wpspeedfix.com,27,0,40,1
wpstream.net,27,0,1,1
xomisse.com,27,0,8,1
yaro.blog,27,0,1,1
yaycommerce.com,27,0,5,1
yolotheme.com,27,0,4,1
youngupstarts.com,27,0,8,1
zfort.com,27,0,1,1
zi.media,27,0,1,1
zipgrow.com,27,0,17,1
2brothersbarber.com,26,0,17,1
9koi5.com,26,0,41,1
acaydia.edu,26,0,17,1
adpost4u.com,26,0,3,1
aealearningonline.org,26,0,1,1
affiliateprogramdb.com,26,0,2,1
agilestorelocator.com,26,0,1,1
alejandrorioja.com,26,0,2,1
alienroad.com,26,0,5,1
amptoons.com,26,0,2,1
andava.com,26,0,1,1
annych.com,26,0,154,1
apinchofparsley.com,26,0,1,1
articsledge.com,26,0,1,1
arunangshudas.com,26,0,19,1
asmac.org,26,0,2,1
assurances.gov.gh,26,0,142,1
atemuser.com,26,0,2,1
atomdigital.com.br,26,0,2,1
awstrack.me,26,0,2,1
babia.to,26,0,40,1
bacheloroftravel.com,26,0,1,1
badseller.net,26,0,2,1
barnraisersllc.com,26,0,1,1
beanstalkconsulting.co,26,0,4,1
bedssu.co.uk,26,0,41,1
bestfulfill.com,26,0,2,1
bestwebsite.gallery,26,0,4,1
bigfork.co.uk,26,0,2,1
bikerentalsanfrancisco.com,26,0,119,1
birthphotographers.com,26,0,17,1
bottlecrunch.com,26,0,1,1
bouncemagazine.co.uk,26,0,1,1
bouncewatch.com,26,0,2,1
branvas.com,26,0,1,1
briancoords.com,26,0,1,1
brightvessel.com,26,0,18,1
business-reporter.com,26,0,1,1
businessanalystlearnings.com,26,0,1,1
businessfirstonline.co.uk,26,0,4,1
businesslistings.net.au,26,0,1,1
canadianpomsky.com,26,0,17,1
capitainewp.io,26,0,1,1
carolblog.tw,26,0,3,1
cazoomi.com,26,0,1,1
centralasiaclimateportal.org,26,0,3,1
centrestack.com,26,0,3,1
ceoblognation.com,26,0,3,1
chamber-business.com,26,0,1,1
chamberofbusiness.co.uk,26,0,4,1
charityontop.org,26,0,17,1
ciphersdigital.com,26,0,8,1
closecareer.com,26,0,2,1
cmrefsi.com,26,0,17,1
codedesign.org,26,0,3,1
codesnippets.pro,26,0,1,1
compromath.com,26,0,12,1
computan.com,26,0,4,1
conceptualizeddesign.com,26,0,1,1
concurate.com,26,0,22,1
consultantsussex.com,26,0,4,1
contentdevelopmentpros.com,26,0,2,1
costgoat.com,26,0,1,1
crazy-deals.ro,26,0,5,1
createitwebdesigns.com,26,0,1,1
crobox.com,26,0,2,1
customshow.com,26,0,1,1
defineliving.com,26,0,17,1
desall.com,26,0,1,1
designhammer.com,26,0,2,1
desiremarketing.io,26,0,6,1
devowl.io,26,0,4,1
devprojournal.com,26,0,1,1
dianeandbrucehallefoundation.org,26,0,17,1
digitaluncovered.com,26,0,1,1
digitechnopost.com,26,0,1,1
digitei.com,26,0,1,1
digwp.com,26,0,1,1
discoversdk.com,26,0,12,1
disrupt.com,26,0,11,1
diviengine.com,26,0,136,1
dogmanyc.com,26,0,102,1
dolead.com,26,0,1,1
doppiozeroo.com,26,0,17,1
drews-review.com,26,0,3,1
droitthemes.com,26,0,6,1
dub.sh,26,0,1,1
dustinhowes.com,26,0,2,1
echowebsolutions.co.uk,26,0,17,1
ecommercebooth.com,26,0,1,1
econotimes.com,26,0,1,1
elementoraddons.com,26,0,2,1
elp.co.nz,26,0,17,1
empoweredstartups.com,26,0,17,1
enmilan.net,26,0,16,1
epanorama.net,26,0,5,1
ericacamilleproductions.com,26,0,1,1
eshowmagazine.com,26,0,2,1
estateagentnetworking.co.uk,26,0,1,1
etatvasoft.com,26,0,3,1
eurovps.com,26,0,1,1
evemilano.com,26,0,4,1
everythingedinburgh.com,26,0,1,1
exclusiveaddons.com,26,0,2,1
expert.co.il,26,0,2,1
expresstech.io,26,0,1,1
eyemetrics.co.jp,26,0,1,1
facuminas.com.br,26,0,17,1
famousashleygrant.com,26,0,10,1
fangwallet.com,26,0,4,1
feastdesignco.com,26,0,3,1
feriayecla.com,26,0,17,1
ferien-mit-hund.de,26,0,361,1
finicalholdings.com,26,0,2,1
finneytown.org,26,0,17,1
firebounty.com,26,0,3,1
flexitrent.com,26,0,11,1
fmisrael.com,26,0,3,1
fmtc.co,26,0,2,1
founderpass.com,26,0,1,1
foundersguide.com,26,0,1,1
freshsparks.com,26,0,1,1
frisseblikken.com,26,0,1,1
funnelgraphic.com,26,0,6,1
galussothemes.com,26,0,2,1
gamecrate.com,26,0,2,1
getcleanly.net,26,0,7,1
glthemes.com,26,0,1,1
goedbegin.nl,26,0,2,1
google.com.iq,26,0,5,1
google.ps,26,0,3,1
google.sc,26,0,2,1
google.tt,26,0,2,1
graphpaperpress.com,26,0,2,1
greatives.eu,26,0,1,1
groundhogg.io,26,0,5,1
growtraffic.co.uk,26,0,3,1
growwwise.com,26,0,436,1
gschoppe.com,26,0,8,1
gutenbergtimes.com,26,0,2,1
helpotkotisivut.fi,26,0,1,1
henig.co.il,26,0,34,1
hochzeitsfotografie-collective.de,26,0,1,1
homeclean.co.uk,26,0,51,1
hometechhacker.com,26,0,1882,1
hostingdiscussion.com,26,0,3,1
hotelarcparismontrouge.com,26,0,3,1
hubertushof.co.at,26,0,2,1
icoderzsolutions.com,26,0,2,1
idcspy.com,26,0,1,1
idsucla.org,26,0,17,1
ilovefreesoftware.com,26,0,2,1
inboundblogging.com,26,0,1,1
infisign.ai,26,0,4,1
infomsp.com,26,0,9,1
intercoolstudio.com,26,0,2,1
invasivespeciesbrewing.com,26,0,17,1
iseatz.com,26,0,2,1
iseeu.tw,26,0,8,1
it.mk,26,0,1,1
iyinet.com,26,0,1,1
jacamcatalyst.com,26,0,17,1
jessewillms.com,26,0,1,1
jinda44g.com,26,0,17,1
jldtherapy.com,26,0,17,1
johntool.com,26,0,10,1
jollyseo.com,26,0,1,1
jonoalderson.com,26,0,1,1
joomdev.com,26,0,2,1
kevquirk.com,26,0,12,1
keystonecollection.com,26,0,119,1
klub-masterov.by,26,0,2,1
koelman.com,26,0,1,1
kokuryudo.com,26,0,1,1
kom.pe,26,0,1,1
ktkm.net,26,0,1,1
kveeky.com,26,0,2,1
laconsole.dev,26,0,3,1
leadscrape.com,26,0,1,1
learnphotographyskills.com,26,0,17,1
lemonade-it.com,26,0,1,1
leparfum.hu,26,0,1,1
liara.ir,26,0,5,1
limitless.ro,26,0,1,1
linux.se,26,0,4,1
lithium.com,26,0,44,1
livingproofcreative.com,26,0,1,1
lodgingkit.com,26,0,17,1
loginpress.pro,26,0,1,1
lowendspirit.com,26,0,16,1
mandynews.com,26,0,4,1
marshallmovies.com,26,0,17,1
martechvibe.com,26,0,1,1
may-fly.co.uk,26,0,1,1
mctmidland.org,26,0,17,1
menuchow.com,26,0,17,1
middleeastainews.com,26,0,1,1
mindster.com,26,0,2,1
mlsimport.com,26,0,15,1
mmcgbl.com,26,0,2,1
mobaptist.org,26,0,17,1
moneysmartfamily.com,26,0,2,1
monsterspost.com,26,0,32,1
montreuxjazzfestivalmiami.com,26,0,1,1
motel2.it,26,0,17,1
msia.org.my,26,0,17,1
mwprem.net,26,0,9,1
myflyingleap.com,26,0,2,1
mynamarketing.com,26,0,1,1
myshapa.com,26,0,17,1
mywebaudit.com,26,0,4,1
navneetkaushal.com,26,0,2,1
netbranding.co.nz,26,0,1,1
netolink.co.il,26,0,15,1
newsworthy.ai,26,0,1,1
noctura.com,26,0,19,1
noobpreneur.com,26,0,2,1
notificationx.com,26,0,64,1
ojdigitalsolutions.com,26,0,2,1
oldsaltys.com,26,0,1,1
oodlenoodle.ca,26,0,34,1
oopspam.com,26,0,8,1
openweaver.com,26,0,5,1
orthomedcenter.com,26,0,34,1
osbornedm.com,26,0,5,1
osiaffiliate.com,26,0,2,1
otoolesway.com,26,0,17,1
pageoneformula.com,26,0,2,1
paintcolor.com.br,26,0,17,1
panowalks.com,26,0,1,1
papelea.com,26,0,1,1
paradoxmarketing.io,26,0,5,1
pctechmag.com,26,0,1,1
peertopeermarketing.co,26,0,1,1
perceptionsystem.com,26,0,1,1
philadelphiadanceacademy.com,26,0,17,1
phpconference.com,26,0,3,1
picker-elliott.co.uk,26,0,1,1
pineharbour.co.nz,26,0,17,1
piulike.com,26,0,1,1
platon.sk,26,0,38,1
plocktonhotel.co.uk,26,0,34,1
pluginsandsnippets.com,26,0,4,1
podcastpage.io,26,0,138,1
postclic.com,26,0,7,1
postmake.io,26,0,1057,1
pradeepsingh.com,26,0,1,1
prepspin.com,26,0,17,1
prostarseo.com,26,0,2,1
pvsm.ru,26,0,9,1
qeematech.net,26,0,1,1
quantummarketer.com,26,0,2,1
railstutorial.org,26,0,1,1
rca-arc.org,26,0,32,1
reachship.com,26,0,17,1
redeemingproductivity.com,26,0,4,1
rightsstatements.org,26,0,2,1
rigorousthemes.com,26,0,5,1
roc21.com,26,0,1,1
rocketranker.co.uk,26,0,3,1
rolify.com,26,0,4,1
rstheme.com,26,0,1,1
rumahinspirasi.com,26,0,17,1
rushradar.com,26,0,6,1
s-sols.com,26,0,4,1
saasscout.com,26,0,2,1
saastrac.com,26,0,13,1
salt.pe,26,0,2,1
samsolabyrinten.com,26,0,68,1
samtidskunst.dk,26,0,51,1
saver.com,26,0,1,1
scoredetect.com,26,0,1,1
searchfunder.com,26,0,1,1
seattlepolicejobs.com,26,0,17,1
server.ir,26,0,1,1
sgalinski.de,26,0,4,1
shakebugs.com,26,0,1,1
shanebarker.com,26,0,3,1
sherbrookerecord.com,26,0,2,1
shirley.school.nz,26,0,17,1
shoghlonline.com,26,0,3,1
shopwice.com,26,0,17,1
simtechdev.com,26,0,1,1
sinister.ly,26,0,1,1
siteforinfotech.com,26,0,2,1
sitegeek.com,26,0,1,1
sitetuners.com,26,0,1,1
skailama.com,26,0,1,1
smallbizclub.com,26,0,1,1
smartrural27.eu,26,0,1,1
smi-re.jp,26,0,2,1
snipplr.com,26,0,3,1
social-hire.com,26,0,1,1
socialistics.com,26,0,2,1
softermii.com,26,0,2,1
softo.org,26,0,7,1
soundhub.io,26,0,1,1
soundoftext.or.id,26,0,1,1
southbuffalocs.org,26,0,17,1
spiraclethemes.com,26,0,4,1
sprint.xyz,26,0,17,1
startupcityindia.com,26,0,1,1
statuscode.com,26,0,1,1
streetberlin.net,26,0,2,1
studyguide.org,26,0,1,1
support-hub.io,26,0,1,1
suremembers.com,26,0,2,1
sustainablecapitolhill.org,26,0,1,1
swantoncare.com,26,0,17,1
swimmingclub.org.au,26,0,119,1
talad-pra.com,26,0,4,1
techboard.com.au,26,0,4,1
techgyo.com,26,0,1,1
techli.com,26,0,2,1
technikkram.net,26,0,1,1
techrights.org,26,0,2,1
the-best-iptv.com,26,0,2,1
the-mainboard.com,26,0,1,1
the-unthanks.com,26,0,1,1
thefullybookedcoach.com,26,0,2,1
thegamekeepers.co.uk,26,0,119,1
thegardenat120.com,26,0,410,1
theroundpie.com,26,0,2,1
thewebhostingdir.com,26,0,11,1
thinkml.ai,26,0,1,1
thinkwithniche.com,26,0,2,1
thisisyu.com,26,0,596,1
threefirescouncil.org,26,0,21,1
tigren.com,26,0,2,1
togetherdigital.ie,26,0,1,1
travall.com,26,0,17,1
travelalerts.ca,26,0,5,1
tributeprintedpics.us,26,0,1,1
truehost.co.za,26,0,6,1
ubuntu.hu,26,0,1,1
ucas-edu.net,26,0,51,1
udaipurkiran.com,26,0,1,1
uilicious.com,26,0,1,1
ukbusinessmagazine.co.uk,26,0,2,1
ultimatemembershippro.com,26,0,2,1
unit.link,26,0,1,1
upandsocial.com,26,0,1,1
us-reviews.com,26,0,1,1
villatheme.com,26,0,1,1
wan.io,26,0,1,1
webable.com,26,0,1,1
webhostingcat.com,26,0,1,1
webinale.de,26,0,3,1
webinopoly.com,26,0,2,1
webservertalk.com,26,0,3,1
websitepro.hosting,26,0,34,1
whidegroup.com,26,0,5,1
wholesalemanager.co.uk,26,0,1,1
williambeem.com,26,0,2,1
winhost.com,26,0,6,1
wooninjas.com,26,0,10,1
wowtrk.com,26,0,1,1
wpblockart.com,26,0,17,1
wpbuilds.com,26,0,26,1
wpmozo.com,26,0,5,1
wpnovin.com,26,0,9,1
wpoptic.com,26,0,1,1
wprssaggregator.com,26,0,5,1
wpwebinfotech.com,26,0,3,1
wra.go.ke,26,0,17,1
xsquareseo.com,26,0,2,1
zabilo.com,26,0,41,1
zanostroy.ru,26,0,2,1
zephyrnet.com,26,0,34,1
zhighley.com,26,0,1,1
zyteq.com.au,26,0,2,1
180sites.com,25,0,1,1
1byte.com,25,0,13,1
21twelveinteractive.com,25,0,3,1
5daydeal.com,25,0,8,1
ademvzw.be,25,0,17,1
adventist.dk,25,0,17,1
affiliate-toolkit.com,25,0,2,1
affiliatebooster.com,25,0,25,1
ai4chat.co,25,0,12,1
aicontentfy.com,25,0,2,1
aimtell.com,25,0,1,1
ait-themes.club,25,0,33,1
alexking.org,25,0,1,1
alpaca.vc,25,0,1,1
alrab7on.com,25,0,2,1
altelis.com,25,0,58,1
alternative.to,25,0,177,1
ameravant.com,25,0,18,1
ampforwp.com,25,0,2,1
anamid.com.br,25,0,1,1
anpinggrill.hk,25,0,17,1
anybiz.io,25,0,1,1
appjetty.com,25,0,4,1
arenda-server.cloud,25,0,2,1
artoftravel.de,25,0,2,1
ashallendesign.co.uk,25,0,4,1
asktheegghead.com,25,0,27,1
astoundify.com,25,0,3,1
atamgo.com,25,0,3,1
atoms.world,25,0,7,1
avdi.codes,25,0,1,1
avodamehabait.net,25,0,14,1
ayuna.co,25,0,17,1
b3n.org,25,0,3,1
backstageviral.com,25,0,1,1
barcelonacard.com,25,0,17,1
beanstalkmums.com.au,25,0,1,1
beeznest.com,25,0,8,1
belovdigital.agency,25,0,7,1
bestinsingapore.co,25,0,1,1
bigtricks.in,25,0,4,1
billerickson.net,25,0,3,1
bitapps.pro,25,0,1,1
bizglide.in,25,0,1,1
blucactus.blue,25,0,4,1
bowgroup.org,25,0,17,1
brandnewcopy.com,25,0,1,1
breakingnews.fr,25,0,1,1
bsr.co.il,25,0,17,1
bucosheriff.org,25,0,34,1
building.lv,25,0,12,1
businessmarketingengine.com,25,0,1,1
buzut.net,25,0,4,1
cairodesignweek.net,25,0,17,1
carolscookies.com,25,0,2,1
cartboss.io,25,0,1,1
cerebrodigital.net,25,0,1,1
challengingvoice.com,25,0,2,1
champdigital.com,25,0,1,1
chateau-motel.com.tw,25,0,17,1
chriscolotti.us,25,0,18,1
citrushoteljb.com,25,0,17,1
clickysoft.com,25,0,4,1
clubautosport.net,25,0,17,1
codestory.co,25,0,182,1
codesupply.co,25,0,2,1
coininterestrate.com,25,0,7,1
communio-icr.com,25,0,4,1
comparatif-logiciels.fr,25,0,1,1
competethemes.com,25,0,5,1
completed.com,25,0,1,1
contentforce.ai,25,0,1,1
converted.in,25,0,2,1
couponlap.in,25,0,1,1
course-catalog.com,25,0,51,1
createandgrow.com,25,0,4,1
creativemotions.it,25,0,18,1
cringely.com,25,0,1,1
ctssupermercati.it,25,0,17,1
culture-informatique.net,25,0,1,1
customfit.ai,25,0,1,1
dejurka.ru,25,0,2,1
design-hero.com,25,0,1,1
designbombs.com,25,0,3,1
designsvalley.com,25,0,2,1
didit.com,25,0,41,1
digitalazadi.com,25,0,1,1
digitalon.com.au,25,0,3,1
dimeadozen.ai,25,0,1,1
discovermybusiness.co,25,0,18,1
divi.help,25,0,3,1
divigear.com,25,0,7,1
dojobusiness.com,25,0,1,1
drbcapital.com,25,0,17,1
dreamcatcafe.com,25,0,3,1
dwrdistribution.co.za,25,0,17,1
dyadtech.com,25,0,17,1
eac.com.au,25,0,3,1
easyengine.io,25,0,1,1
ecommerceparadise.com,25,0,1,1
ecosecretariat.org,25,0,1,1
ehso.com,25,0,4,1
electric-scooter.guide,25,0,19,1
elovebook.com,25,0,2,1
emaildiscussions.com,25,0,3,1
emerline.com,25,0,1,1
emirhankabakci.com,25,0,1,1
emstell.com,25,0,1,1
eprodesse.com,25,0,17,1
ervaringensite.be,25,0,1,1
escapecreative.io,25,0,7,1
esono.de,25,0,1,1
etl-tools.com,25,0,1,1
evangelicalmagazine.com,25,0,1,1
ewebdiscussion.com,25,0,13,1
expertdigital.net,25,0,84,1
expirki.pl,25,0,7,1
festzeit.ch,25,0,1,1
fh-diploma.de,25,0,2,1
fhoke.com,25,0,1,1
findmassleads.com,25,0,1,1
fixrunner.com,25,0,3,1
fjellvann.no,25,0,4,1
foober.com.au,25,0,1,1
founderscpa.com,25,0,1,1
futureweek.com,25,0,34,1
gabitos.com,25,0,2,1
galvestonislandshrimpfestival.com,25,0,17,1
gantonretirement.com,25,0,17,1
geekaz.net,25,0,1,1
gethome.id,25,0,34,1
getivan.com,25,0,2,1
ginasplatform.com,25,0,2,1
gitanesburger.com,25,0,17,1
globaltravelgroup.com,25,0,17,1
goodtimesbowling.com,25,0,17,1
google.bj,25,0,1,1
google.bs,25,0,5,1
google.com.kw,25,0,1,1
google.com.om,25,0,2,1
google.kg,25,0,2,1
google.mw,25,0,1,1
gpldl.com,25,0,3,1
gregladen.com,25,0,1,1
gyde.ai,25,0,1,1
hashmagnet.pl,25,0,1,1
headendinfo.com,25,0,17,1
hiddentechies.com,25,0,4621,1
hitechwork.com,25,0,3,1
hobsonvillemarina.co.nz,25,0,34,1
hollandfintech.com,25,0,1,1
hoory.com,25,0,1,1
hostduplex.com,25,0,3,1
hostreview.com,25,0,1,1
hudareview.com,25,0,2,1
hypegig.com,25,0,4,1
ibeamconsulting.com,25,0,3,1
ignitestudentlife.com,25,0,1,1
ijeponline.org,25,0,5,1
informationsecuritybuzz.com,25,0,1,1
inleo.io,25,0,1,1
inspry.com,25,0,4,1
instacopy.ai,25,0,8,1
insuranceleadsguide.com,25,0,1,1
intelligentinstructor.co.uk,25,0,17,1
inthenews.co.uk,25,0,1,1
intothumbnail.com,25,0,1,1
iriegenetics.com,25,0,17,1
jaamiah.com,25,0,2,1
jasonhennessey.com,25,0,1,1
jayde.com,25,0,11,1
jenniferbourn.com,25,0,1,1
jonathanbossenger.com,25,0,2,1
juphy.com,25,0,1,1
kajane.com,25,0,17,1
kanakinfosystems.com,25,0,1,1
kartinki.net,25,0,2,1
kevinszabojrplumbing.net,25,0,2,1
kombib.rs,25,0,5,1
kuberns.com,25,0,3,1
leadconnect.io,25,0,1,1
lemonheaddesign.com,25,0,1,1
leotheme.com,25,0,1,1
lilo.co.uk,25,0,1,1
liquidcapitalcorp.com,25,0,3,1
luckyregister.com,25,0,1,1
lycee-les-fauvettes.org,25,0,1,1
mailazy.com,25,0,1,1
maivapharma.com,25,0,17,1
mamchenkov.net,25,0,1,1
mangolassi.it,25,0,176,1
manodruskininkai.lt,25,0,2,1
marginmedia.com.au,25,0,2,1
masortiolami.org,25,0,17,1
masslight.com,25,0,6,1
master-addons.com,25,0,1,1
matbia.org,25,0,17,1
mconnectmedia.com,25,0,4,1
meilleurtest.fr,25,0,20,1
memberium.com,25,0,1,1
microlaunch.net,25,4,0,1
montyspuba2.com,25,0,17,1
mr-stingy.com,25,0,4,1
mugo.ca,25,0,1,1
musicreviewworld.com,25,0,1,1
mwmbl.org,25,0,3,1
mysites.guru,25,0,3,1
nancybadillo.com,25,0,1,1
nationalcouriersdirect.co.uk,25,0,1,1
nevey.org,25,0,17,1
nevinainfotech.com,25,0,1,1
newsletterglue.com,25,0,1,1
nolimitwebdesign.nl,25,0,17,1
normcyber.com,25,0,1,1
notawissi.com,25,0,2,1
nubecolectiva.com,25,0,2,1
nws.report,25,0,18,1
nystudio107.com,25,0,2,1
octivdigital.com,25,0,5,1
officinesolimano.it,25,0,17,1
ohiohipoint.com,25,0,17,1
oldpcgaming.net,25,0,2,1
onestepcheckout.com,25,0,266,1
onilab.com,25,0,1,1
ourfamilylifestyle.com,25,0,1,1
ourgreenfish.com,25,0,2,1
own0.com,25,0,1,1
oyova.com,25,0,1,1
pacer.org.au,25,0,1,1
padveewebschool.com,25,0,5,1
partner.io,25,0,1,1
partnerbase.com,25,0,53,1
passwordprotectwp.com,25,0,4,1
peakdistrictseo.co.uk,25,0,1,1
pennycanny.com,25,0,15,1
petunjuk.id,25,0,1,1
pickplugins.com,25,0,1,1
pikitemplates.com,25,0,1,1
pixelgrade.com,25,0,34,1
pixelmechanics.com.sg,25,0,1,1
planetdestiny.com,25,0,4,1
playtherapyregister.org.uk,25,0,17,1
portal-sites.net,25,0,2,1
powerpackelements.com,25,0,3,1
primat.su,25,0,1,1
printxpand.com,25,0,4,1
productsdesigner.com,25,0,3,1
psee.io,25,0,1,1
publishergrowth.com,25,0,105,1
pushoutfilm.com,25,0,17,1
rakhesh.com,25,0,10,1
rankred.com,25,0,2,1
rannkly.com,25,0,1,1
rapidweblaunch.com,25,0,9,1
rawww.com,25,0,34,1
redalkemi.com,25,0,1,1
relevantaudience.com,25,0,2,1
reviewx.io,25,0,4,1
rno1.com,25,0,1,1
robpyne.com.au,25,0,22,1
rogerwilco.co.za,25,0,1,1
salferrarello.com,25,0,1,1
sanishtech.com,25,0,1,1
scallywagsindoorplay.com,25,0,17,1
secomm.vn,25,0,8,1
securitylab.lat,25,0,2,1
sellbery.com,25,0,3,1
sellerdeck.co.uk,25,0,3,1
selling.com,25,0,1,1
seoblog.com,25,0,3,1
seoconsultant.agency,25,0,11,1
serverhub.com,25,0,1,1
setubridge.com,25,0,1,1
seventhqueen.com,25,0,6,1
shavermfg.com,25,0,2,1
shizune.co,25,0,2,1
sidehustleteach.com,25,0,1,1
simple-press.com,25,0,4,1
slotwallet888.com,25,0,34,1
slotxo24hr.guru,25,0,17,1
smarter01.com,25,0,1,1
smartrural21.eu,25,0,1,1
southfloridashootingclub.com,25,0,17,1
spdload.com,25,0,2,1
squaresocket.com,25,0,1,1
startfleet.io,25,0,1,1
startground.com,25,0,4,1
steamshipauthorityschedules.com,25,0,17,1
strattonspine.com,25,0,2,1
studio1design.com,25,0,1,1
sugarmagnoliabb.com,25,0,17,1
summarehabhospital.com,25,0,17,1
superlockandkey.com,25,0,34,1
takeads.com,25,0,1,1
tech-wonders.com,25,0,1,1
techist.com,25,0,3,1
techtricksworld.com,25,0,1,1
thachpham.com,25,0,2,1
thebetterwebmovement.com,25,0,2,1
thebluebirdcafe.co.uk,25,0,20,1
thebluepub.co.nz,25,0,17,1
thecustomdroid.com,25,0,1,1
thefreewebsiteguys.com,25,0,2,1
thegeneticchef.com,25,0,1,1
theliquidgrid.com,25,0,1,1
themadrascafefl.com,25,0,17,1
theme404.com,25,0,2,1
thenewsgod.com,25,0,2,1
therepository.email,25,0,68,1
thesheapproach.com,25,0,1,1
thetechhacker.com,25,0,1,1
thinkdrink.co.il,25,0,51,1
thirtybees.com,25,0,21,1
thoughtshift.co.uk,25,0,1,1
tinnakorn.com,25,0,17,1
tipsonblogging.com,25,0,1,1
tnaot.com,25,0,1,1
tokenoftrust.com,25,0,1,1
top10hebergeurs.com,25,0,6,1
topbestalternatives.com,25,0,1,1
trackssl.com,25,0,2,1
tradegecko.com,25,0,779,1
traff.ink,25,0,1,1
truehost.co.ke,25,0,6,1
twc-it-solutions.com,25,0,1,1
tzd-seo.org.il,25,0,1,1
ultimateaffiliate.pro,25,0,1,1
uncannyowl.com,25,0,4,1
undefined.fr,25,0,1,1
universal.edu.in,25,0,19,1
universityeda.org,25,0,48,1
upbeatgeek.com,25,0,1,1
userproplugin.com,25,0,3,1
vendry.io,25,0,1,1
veteransoutreach.org,25,0,34,1
vidboard.ai,25,0,1,1
viperinnovations.com,25,0,17,1
visitorplugin.com,25,0,5,1
visitwestbranch.com,25,0,17,1
voiceofthedba.com,25,0,1,1
vsw.jp,25,0,2,1
wcclp.com.au,25,0,32,1
wearewibble.com,25,0,3,1
webdesignbrasil.org,25,0,2,1
webeminence.com,25,0,1,1
webhosting.today,25,0,8,1
webnexs.com,25,0,1,1
webramz.com,25,0,1,1
websavers.ca,25,0,2,1
websitelearners.com,25,0,9,1
wellisspa.com,25,0,1,1
wholesure.com,25,0,17,1
wisp.blog,25,0,84,1
womensnetwork.com.au,25,0,1,1
wp-danmark.dk,25,0,2,1
wp-pagebuilderframework.com,25,0,3,1
wpadminify.com,25,0,2,1
wpmag.ru,25,0,1,1
wpointer.com,25,0,163,1
wpthemego.com,25,0,2,1
wpwebelite.com,25,0,7,1
wpzinc.com,25,0,1,1
writersblocklive.com,25,0,1,1
xstak.com,25,0,1,1
yuvaleizikblog.com,25,0,2,1
zbrains.net,25,0,1,1
zupyak.com,25,0,39,1
00web.net,24,0,18,1
100coaches.com,24,0,51,1
257.cz,24,0,3,1
3dflipbook.net,24,0,2,1
5ms.co.uk,24,0,1,1
7wdata.be,24,0,2,1
abruselas.com,24,0,9,1
acclaim.agency,24,0,25,1
accountantseastlondon.com,24,0,1,1
acikgazete.com,24,0,22455,1
activoblog.com,24,0,8,1
affiliate.watch,24,0,1,1
affiliatepressplugin.com,24,0,1,1
agiliron.com,24,0,1,1
aifire.co,24,0,26,1
aitechtonic.com,24,0,1,1
akaku.org,24,0,9,1
aldonauto.com,24,0,2,1
allergywest.com.au,24,0,2,1
almondsolutions.com,24,0,1,1
alvinashcraft.com,24,0,402,1
amaphoenix.org,24,0,3,1
ambaum.com,24,0,1,1
appcritic.es,24,0,1,1
appikon.com,24,0,1,1
appliedi.net,24,0,4,1
arawakbeachresort.com,24,0,21,1
areaten.com,24,0,1,1
artesiancorp.com,24,0,17,1
articlecity.com,24,0,2,1
arzey.co.il,24,0,17,1
asael.digital,24,0,33,1
atman.fr,24,0,1,1
atoallinks.com,24,0,1,1
australiancoupons.com.au,24,0,1,1
avney-derech.co.il,24,0,17,1
awplife.com,24,0,3,1
axiomq.com,24,0,5,1
b2evolution.net,24,0,1,1
balancebycchp.com,24,0,17,1
bayswater.co.nz,24,0,17,1
bcpparihar.org,24,0,17,1
bestofbristol.co,24,0,17,1
beyourown.org,24,0,3,1
bhi.co.il,24,0,17,1
bitsundso.de,24,0,2,1
bixgrow.com,24,0,2,1
blazedream.com,24,0,4,1
blazingcdn.com,24,0,2,1
bowlrx.com,24,0,17,1
branex.com,24,0,3,1
brath.se,24,0,1,1
bretech.net,24,0,3,1
bridgetwillard.com,24,0,4,1
brightcoding.dev,24,0,868,1
budgetfitter.uk,24,0,33,1
builtatlightspeed.com,24,0,1,1
businesstechweekly.com,24,0,1,1
buysafe.com,24,0,3,1
bydewey.com,24,0,4,1
calhouncountyil.gov,24,0,17,1
cambridgewebmarketing.co,24,0,1,1
carltonhotel.hu,24,0,12,1
celebme.net,24,0,1,1
ceritafilm.com,24,0,41,1
cgscomputer.com,24,0,1,1
checkoutwc.com,24,0,2,1
chimchimbangkok.com,24,0,17,1
citycare.com.tw,24,0,17,1
cjwray.com,24,0,1,1
claytarget.com.au,24,0,17,1
cleartailmarketing.com,24,0,1,1
clicknathan.com,24,0,1,1
clientvenue.com,24,0,2,1
cloudfusion.co.za,24,0,1,1
codegrape.com,24,0,7,1
coderlegion.com,24,0,1,1
convergine.com,24,0,2,1
cooltimeline.com,24,0,1,1
couponaffiliates.com,24,0,8,1
createandcode.com,24,0,4,1
cryoutcreations.eu,24,0,1,1
ct250.org,24,0,17,1
ctmlabelingsystems.com,24,0,34,1
cytoday.eu,24,0,41,1
davidspizza.com,24,0,17,1
dawgshed.com,24,0,4,1
dcschool.org,24,0,5,1
devita.net.au,24,0,17,1
dfactory.co,24,0,5,1
digitalgyd.com,24,0,1,1
diowebhost.com,24,0,12,1
diskidee.be,24,0,1,1
diskusiwebhosting.com,24,0,4,1
divicake.com,24,0,3,1
divimode.com,24,0,2,1
divithemeexamples.com,24,0,3,1
dougu.co.jp,24,0,6,1
dream.io,24,0,18,1
durofy.com,24,0,1,1
dynamologic.com,24,0,2,1
eaglestatus.io,24,0,1,1
easycloud.co.il,24,0,50,1
easysendy.com,24,0,1,1
easytechshield.com.br,24,0,17,1
edu-apps.org,24,0,3,1
educationnest.com,24,0,1,1
edulize.com,24,0,1,1
elegantmarketplace.com,24,0,7,1
elegantmexico.com,24,0,2,1
elevatemybrand.com,24,0,1,1
elinkdesign.com,24,0,30,1
eliteweb.co,24,0,6,1
empathyfirstmedia.com,24,0,1,1
endorsely.com,24,0,1,1
enterprisemonkey.com.au,24,0,4,1
envzone.com,24,0,1,1
ephrataministries.org,24,0,2,1
escandinavo.com,24,0,17,1
eteam.io,24,0,2,1
evince.uk,24,0,2,1
evreuxvolleyball.com,24,0,1,1
explica.co,24,0,1,1
extroly.com,24,0,11,1
eyeuniversal.com,24,0,1,1
fcterc.gov.ng,24,0,4,1
feather.so,24,0,1,1
fedevel.com,24,0,4,1
femaleswitch.com,24,0,3,1
femallay.com,24,0,2,1
finally.agency,24,0,2,1
find-us-here.com,24,0,10,1
flytonic.com,24,0,1,1
flywp.com,24,0,5,1
foodiedigital.com,24,0,3,1
formstory.io,24,0,1,1
forokymco.es,24,0,1,1
fortuneherald.com,24,0,7,1
forum-francophone-linuxmint.fr,24,0,1,1
foundingjourney.com,24,0,6,1
freelance.today,24,0,5,1
freelock.com,24,0,2,1
freewebspace.net,24,0,19,1
friendsoftonga.org,24,0,17,1
fujiyamarket.com,24,0,17,1
ganzelectric.com,24,0,1,1
gcreate.com.tw,24,0,1,1
gemstatedermatology.com,24,0,17,1
getdollie.com,24,0,2,1
getnextjstemplates.com,24,1,0,1
google.dm,24,0,1,1
google.gp,24,0,5,1
google.rw,24,0,5,1
gori.gov.ge,24,0,1,1
gorodkusa.ru,24,0,1,1
grandpamac.com,24,0,17,1
guerradetitanes.net,24,0,5,1
gutenify.com,24,0,2,1
hacksnation.com,24,0,1,1
hanningfield.com,24,0,1,1
hengjing168.plus,24,0,17,1
heropost.io,24,0,1,1
hertwill.com,24,0,1,1
heyitscarlyrae.com,24,0,1,1
higheffect.com,24,0,2,1
highplainsscuba.com,24,0,17,1
html.de,24,0,1,1
human-d.co.jp,24,0,5,1
ibeccreative.com,24,0,1,1
ilearn.co.za,24,0,15,1
infiniteuploads.com,24,0,4,1
inmotionmktg.com,24,0,2,1
innerwise.com,24,0,17,1
insai.ru,24,0,5,1
insiderpaper.com,24,0,1,1
insta.tel,24,0,1,1
intertoons.com,24,0,4,1
isdownorblocked.com,24,0,1,1
itechguides.com,24,0,15,1
jabucnjak.hr,24,0,1,1
jamersan.com,24,0,5,1
jirifranek.cz,24,0,1,1
joinative.com,24,0,1,1
joinmcp.com,24,0,17,1
joshhall.co,24,0,3,1
journalspub.info,24,0,1,1
jussihyvarinen.com,24,0,1,1
klasio.com,24,0,1,1
klientsolutech.com,24,0,2,1
kolka.lv,24,0,32,1
kopress.kr,24,0,7,1
kristianole.dk,24,0,1,1
lachmanina.co.il,24,0,17,1
laracopilot.com,24,0,6,1
leadgrowdevelop.com,24,0,3,1
leiweb.it,24,0,5,1
liceboss.com.au,24,0,41,1
lifisher.com,24,0,3,1
linkbot.com,24,0,1,1
lisnic.com,24,0,1,1
loclweb.com,24,0,1,1
longlist.io,24,0,1,1
lvia.it,24,0,51,1
lyndonsriverviewsports.com,24,0,34,1
m-thong.com,24,0,5,1
magenteiro.com,24,0,7,1
magetop.com,24,0,4,1
mailoptin.io,24,0,2,1
mailster.co,24,0,1,1
mailtopython.org,24,0,1,1
makeanapplike.com,24,0,2,1
mapsmith.net,24,0,51,1
marketingmadeclear.com,24,0,4,1
marketsearchrecruiting.com,24,0,1,1
marksfootprint.tw,24,0,7,1
mashummollah.com,24,0,1,1
masterful-marketing.com,24,0,1,1
mattreport.com,24,0,2,1
mavenbird.com,24,0,2,1
max-everyday.com,24,0,2,1
mcmurraystern.com,24,0,17,1
mediastreet.ie,24,0,42,1
meingpt.com,24,0,8,1
meltdesign.co.uk,24,0,3,1
messagely.com,24,0,1,1
microenglish.com,24,0,1,1
midnay.com,24,0,1,1
milesweb.co.uk,24,0,1,1
mintivo.co.uk,24,0,17,1
moosecoaching.com,24,0,1,1
motogon.ru,24,0,10,1
mustat.com,24,0,1,1
mymillennialguide.com,24,0,1,1
mysignaturecare.org,24,0,164,1
mytechdecisions.com,24,0,1,1
neopay.online,24,0,7,1
newyorkrehab.com,24,0,68,1
nichedropshipping.com,24,0,4,1
nichoseo.com,24,0,3,1
nirazo.co.il,24,0,2,1
nischenkino.de,24,0,1,1
nquiringminds.com,24,0,3,1
nripage.com,24,0,2,1
nsem.ca,24,0,17,1
nvsadmissionclasssix.in,24,0,41,1
nyongesasande.com,24,0,27,1
oadesignservices.co.uk,24,0,1,1
ocoderre.com,24,0,4,1
octopusintelligence.com,24,0,1,1
openborder.com,24,0,1,1
opinew.com,24,0,1,1
optasy.com,24,0,12,1
orangeskin.com,24,0,2,1
orchardgastropub.ie,24,0,17,1
orengreenberg.com,24,0,5,1
osfkids.org,24,0,34,1
paddn.com,24,0,2,1
paolomargari.it,24,0,7,1
pastryperfection.com,24,0,17,1
patriciabt.com,24,0,1,1
patronum.io,24,0,1,1
pavlin.si,24,0,2,1
pawtuckettimes.com,24,0,1,1
pegadesconto.com.br,24,0,35,1
petrirestaurant.com,24,0,17,1
php-download.com,24,0,3,1
pillbanana.com,24,0,4,1
pixfort.com,24,0,10,1
pmtoday.co.uk,24,0,1,1
pootlepress.com,24,0,1,1
popup-builder.com,24,0,1,1
posimyth.com,24,0,2,1
postaffiliatepro.sk,24,0,1,1
prensaeventos.cl,24,0,1,1
printwhatyoulike.com,24,0,41,1
procon-leicestershire.co.uk,24,0,1,1
programacionymas.com,24,0,2,1
promoteproject.com,24,0,842,1
prosafecon.de,24,0,1,1
protocol-online.net,24,0,1,1
psdtohtmlninja.com,24,0,1,1
pushlapgrowth.com,24,0,3,1
pyrocms.com,24,0,6,1
qrolic.com,24,0,2,1
qwhouse720.com,24,0,17,1
ravenousravendesign.com,24,0,8,1
realclobber.com,24,0,1,1
red-website-design.co.uk,24,0,2,1
reelmind.ai,24,0,7,1
referly.so,24,0,9,1
rifugiobenevolo.com,24,0,17,1
rinardmedia.com,24,0,1,1
robcubbon.com,24,0,1,1
robertrodriguezjr.com,24,0,1,1
rockpages.gr,24,0,32763,1
romanelectrichome.com,24,0,85,1
rshweb.com,24,0,4,1
runonflux.io,24,0,1,1
saufter.io,24,0,3,1
savedelete.com,24,0,5,1
sbnphiladelphia.org,24,0,41,1
sbostats.com,24,0,17,1
sbwire.com,24,0,5,1
sceptermarketing.com,24,0,3,1
scienceabroad.org.il,24,0,17,1
scottky.gov,24,0,17,1
seima.com.au,24,0,17,1
seleqt.net,24,0,2,1
semidotinfotech.com,24,0,1,1
seowebchecker.com,24,0,1,1
shtudio.com.au,24,0,1,1
sim-usa.mobi,24,0,17,1
simplistics.ca,24,0,1,1
sitesaga.com,24,0,57,1
skoladesignu.sk,24,0,1,1
skymem.info,24,0,4,1
slowandtravel.com,24,0,1,1
smallbusinessprices.co.uk,24,0,5,1
smbceo.com,24,0,2,1
socialmarketingfella.com,24,0,2,1
softnetconsulting.ro,24,0,17,1
sonar-inc.com,24,0,1,1
sparktime.co.uk,24,0,1,1
spectrasoundllc.com,24,0,22,1
sstfi.org,24,0,17,1
stackcrawler.com,24,0,1,1
stackone.com,24,0,1,1
starzlnetwork.org,24,0,17,1
statvoo.com,24,0,2,1
stellastra.com,24,0,1,1
stories.google,24,0,1,1
stronger.co.il,24,0,1,1
studio98.com,24,0,1,1
stylevanity.com,24,0,2,1
superstarseo.com,24,0,1,1
supportcandy.net,24,0,1,1
sweepstakesbible.com,24,0,1,1
swingplanit.com,24,0,5,1
t3lm.com,24,0,1,1
taijiyu.net,24,0,10,1
talk-business.co.uk,24,0,2,1
talkbitz.com,24,0,6,1
tannisbycamping.dk,24,0,85,1
tchumim.com,24,0,1,1
tebiko.com,24,0,12,1
techbriefly.com,24,0,8,1
techmaster.vn,24,0,288,1
technocratshorizons.com,24,0,1,1
technotification.com,24,0,1,1
techtoreview.com,24,0,1,1
techtrends.africa,24,0,1,1
thecarpetbarn.co.nz,24,0,2,1
thedigitalnonprofit.com,24,0,1,1
thedotstore.com,24,0,2,1
theme-sky.com,24,1,0,1
theouut.com,24,0,1,1
theweather.agency,24,0,1,1
thewindowdoctorltd.com,24,0,1,1
thewoodshedmaine.com,24,0,34,1
thishosting.rocks,24,0,26,1
tmiky.com,24,0,17,1
tn-its.eu,24,0,17,1
tosinso.com,24,0,2,1
trioseo.com,24,0,1,1
truethemes.net,24,0,3,1
tuwebdecero.com,24,0,10,1
tvcnet.com,24,0,1,1
ultimateblocks.com,24,0,5,1
unaccoschool.in,24,0,17,1
unibicfoods.com,24,0,17,1
unlimitedwp.com,24,0,3,1
ushre.com,24,0,82,1
vacco.com,24,0,5,1
valeonetworks.com,24,0,1,1
veyarestaurant.com,24,0,51,1
visionfactory.org,24,0,1,1
visionvix.com,24,0,1,1
vudigital.co.uk,24,0,1,1
vuejsdevelopers.com,24,0,1,1
wanchunghuang.com,24,0,1,1
wapka.site,24,0,3,1
way2ecommerce.com,24,0,1,1
waynedenner.com,24,0,17,1
wazile.com,24,0,1,1
weavertheme.com,24,0,8,1
webcodegeeks.com,24,0,5,1
webcrunch.com,24,0,6,1
webfixtool.com,24,0,1,1
webgaku.net,24,0,1,1
webiators.com,24,0,1517,1
weblabor.hu,24,0,2,1
webseotrends.com,24,0,3,1
websitehelper.co.uk,24,0,3,1
webwash.net,24,0,7,1
whatarmy.com,24,0,2,1
whynohttps.com,24,0,1,1
whynotwin11.com,24,0,17,1
wildflowersandpixels.co.uk,24,0,4,1
wisery.io,24,0,1,1
woffice.io,24,0,2,1
worldonawhim.com,24,0,2,1
wp-doin.com,24,0,626,1
wpbaran.ir,24,0,1,1
wpbeaches.com,24,0,2,1
wplang.org,24,0,4,1
wpnewsify.com,24,0,36,1
wpsoul.com,24,0,2,1
wpxpro.com,24,0,3,1
wuchang.org.tw,24,0,41,1
wyomind.com,24,0,4,1
xnforo.ir,24,0,1,1
yeshnoseo.co.il,24,0,117,1
zamulk.com,24,0,2,1
zapurza.org,24,0,17,1
zemez.io,24,0,1,1
zenwriting.net,24,0,2,1
zerial.org,24,0,1,1
zoer.ai,24,0,5,1
zoutons.ae,24,0,1,1
201creative.com,23,0,1,1
2link.co.il,23,0,41,1
702pros.com,23,0,2,1
770goodlaw.com,23,0,17,1
888starz.partners,23,0,2,1
aclasses.org,23,0,1,1
actfornet.com,23,0,45,1
adithyashetty.com,23,0,1,1
adoric.com,23,0,6,1
adpump.com,23,0,14,1
adventureweddingacademy.com,23,0,4,1
affiliateguarddog.com,23,0,1,1
affilitizer.com,23,0,1,1
agencymavericks.com,23,0,3,1
alamoengenharia.com.br,23,0,17,1
alltop9.com,23,0,1,1
ampblogs.com,23,0,4,1
apocalypsev.com,23,0,1,1
arrowpackagingsolutions.com,23,0,17,1
asperbrothers.com,23,0,1,1
ataraxismgmt.com,23,0,1,1
atta.systems,23,0,1,1
aviontechnology.net,23,0,3,1
awesomewebdesigns.ca,23,0,1,1
ayokay.com,23,0,1,1
backslashcreative.com,23,0,2,1
bahaburger.com,23,0,17,1
bakedujour.com,23,0,2,1
bangalorepoloclub.co.nz,23,0,16,1
bemoreyouonline.com,23,0,3,1
betabeers.com,23,0,4,1
bhgrafica.com.br,23,0,3,1
bitsharestalk.org,23,0,1,1
bizbahrain.com,23,0,8705,1
blinktechno.com,23,0,1,1
blisswebsolution.com,23,0,1,1
blitzrocket.com,23,0,1,1
blog-gold.com,23,0,7,1
blogolize.com,23,0,6,1
blogpascher.com,23,0,27626,1
blogrecode.com,23,0,2,1
bluerock.ro,23,0,17,1
bonheurenvrac.ca,23,0,1,1
bookofer.com,23,0,1,1
brandchemistry.com.au,23,0,1,1
brandpublishing.com.br,23,0,17,1
brassworks.jp,23,0,1,1
brath.com,23,0,1,1
budgetfitter.co.uk,23,0,4,1
businessmantalk.com,23,0,1,1
bwfiresecurity.com,23,0,17,1
caasify.com,23,0,15,1
camping-chalets-settons.com,23,0,4,1
cantonkayakclub.com,23,0,17,1
capitalcarfinance.co.uk,23,0,17,1
captainwords.com,23,0,1,1
carriedils.com,23,0,1,1
chad-wyatt.com,23,0,2,1
checkoutera.com,23,0,234,1
childshome.org,23,0,17,1
chinacloudsites.cn,23,0,1,1
circmag.com,23,0,34,1
clean-tech.co.il,23,0,17,1
clickwise.net,23,0,6,1
cloudclicks.com.au,23,0,2,1
cloudkul.com,23,0,1,1
cloudpick.ai,23,0,2,1
coderapper.com,23,0,1,1
codeyard.app,23,0,1,1
colitco.com,23,0,1,1
complain.biz,23,0,2,1
conectandonet.com.br,23,0,9,1
conroycreativecounsel.com,23,0,17,1
consolto.com,23,0,3,1
contempothemes.com,23,0,85,1
converlab.com.br,23,0,1,1
convertdigital.co.uk,23,0,1,1
couponsclub.net,23,0,6,1
couponupto.com,23,0,3,1
cpacrossings.com,23,0,17,1
cpvlab.pro,23,0,7,1
crawlspider.com,23,0,1,1
creaadesigns.com,23,0,1,1
crmjetty.com,23,0,3,1
crownmansion.com,23,0,17,1
crumina.net,23,0,36,1
crypterium.com,23,0,2,1
ctmsit.com,23,0,2,1
cursuswp.com,23,0,1,1
cyberrafting.com,23,0,2,1
cybexonline.co.il,23,0,51,1
dailyhostnews.com,23,0,1,1
dailyseo.id,23,0,1,1
davinci.ee,23,0,17,1
dbcsingapore.org,23,0,51,1
deala.com,23,0,1,1
deha.co.jp,23,0,1,1
deothemes.com,23,0,30,1
designerly.com,23,0,2,1
diadem.in,23,0,1,1
digituul.ee,23,0,1,1
dignitas.digital,23,0,1,1
disclose.io,23,0,2,1
diversity.net.nz,23,0,3,1
domyweb.org,23,0,100,1
dorset.tech,23,0,1,1
doyouevenblog.com,23,0,3,1
dpuseo.com,23,0,1,1
east74restaurant.com,23,0,17,1
easya11yguide.com,23,0,1,1
easybib.co.uk,23,0,1,1
ecar-education.com,23,0,1,1
edu.lat,23,0,3,1
effectivebusinessideas.com,23,0,2,1
eflairwebtech.com,23,0,32,1
element.how,23,0,1,1
elementmortgage.com,23,0,17,1
elementortemplatepack.com,23,0,2,1
elitecontentmarketer.com,23,0,5,1
elsabagh.com,23,0,1,1
emailsorters.com,23,0,2,1
entrepreneurshipinabox.com,23,0,1,1
execweb.com,23,0,1,1
fallsmanor.com,23,0,17,1
famijeunes.org,23,0,17,1
fastpixel.io,23,0,6,1
fleuriste-toulouse.fr,23,0,1,1
flightphp.com,23,0,96,1
forgefusion.io,23,0,1,1
format-productions.com,23,0,2,1
freexian.com,23,0,122,1
frontenddogma.com,23,0,5,1
gasmark8.com,23,0,2,1
gearz.lk,23,0,17,1
get-merit.com,23,0,1,1
gigarefurb.co.uk,23,0,166,1
github-wiki-see.page,23,0,9,1
giveforgood.world,23,0,28,1
globalgarden.co,23,0,1,1
goldhill.org,23,0,17,1
gonuldagi.com.tr,23,0,3,1
google.bi,23,0,1,1
google.fm,23,0,1,1
google.gm,23,0,1,1
google.to,23,0,1,1
google.ws,23,0,2,1
gooptions.cc,23,0,3,1
graphene-theme.com,23,0,1,1
greenroom.be,23,0,17,1
gretathemes.com,23,0,4,1
gui.do,23,0,1,1
halmeks.pl,23,0,6,1
hamyarwp.com,23,0,7,1
heropress.com,23,0,1,1
highsky.org,23,0,17,1
highticket.io,23,0,2,1
hl-users.com,23,0,1,1
hypershoot.com,23,0,4,1
i-connectweb.com,23,0,4,1
iconprosolutions.com,23,0,1,1
idigital.co.nz,23,0,1,1
igeniusmind.com,23,0,41,1
incrediblethings.com,23,0,1,1
infostans.com,23,0,1,1
inipe.com.br,23,0,2,1
inkhive.com,23,0,1,1
instalogic.com,23,0,1,1
instantwp.com,23,0,4,1
intermass.com,23,0,18,1
internetvibes.net,23,0,1,1
interreg-bayaut.net,23,0,1,1
intlhotelwagga.com.au,23,0,16,1
ipulsedesign.com,23,0,1,1
isa-grp.com,23,0,17,1
itcompanies.net,23,0,1,1
itprc.com,23,0,3,1
itresan.com,23,0,1,1
jarthur.co,23,0,1,1
jeffco911.org,23,0,17,1
jimmyrose.me,23,0,2,1
joedolson.com,23,0,2,1
joinbaltimorepd.org,23,0,17,1
kairaweb.com,23,0,5,1
kayaktillamook.com,23,0,17,1
kcwebdesign.com.au,23,0,1,1
khaleejtimes.ae,23,0,41,1
kifarunix.com,23,0,1,1
kingkind.co,23,0,1,1
kme.digital,23,0,1,1
l-raphael.com,23,0,51,1
lagloria.com.ec,23,0,34,1
lakessothebysrealty.com,23,0,17,1
larednoticias.com,23,0,2,1
lawwithmiller.com,23,0,1,1
lendarius.com,23,0,6,1
liendesign.com,23,0,1,1
lifeofaworkingadult.com,23,0,6,1
limblengthening.org,23,0,17,1
limecall.com,23,0,2,1
linkbux.com,23,0,8,1
linux-bg.org,23,0,1,1
liquidblox.com,23,0,1,1
liverecover.com,23,0,1,1
livplasticsurgery.com,23,0,51,1
localmeatmilkeggs.org,23,0,1,1
loginslink.com,23,0,112,1
luxmarketingcompany.com,23,0,1,1
magecloud.net,23,0,19,1
magentip.com,23,0,2,1
manufacturedhomepronews.com,23,0,1,1
mapplinks.com,23,0,2,1
mariolurig.com,23,0,1,1
marketinglogiq.com,23,0,1,1
mattersolutions.com.au,23,0,1,1
mediadoma.com,23,0,12,1
meetsimplicity.com,23,0,114,1
meritec.ie,23,0,17,1
michaelscodingspot.com,23,0,2,1
microtask.com,23,0,1,1
midteknologi.com,23,0,1,1
mikegingerich.com,23,0,9,1
miloszkrasinski.com,23,0,4,1
mipcon.co.id,23,0,1,1
misawa-kk.co.jp,23,0,1,1
moki.co.jp,23,0,6,1
momblogsociety.com,23,0,1,1
moritzembroidery.com,23,0,1,1
morningjason.com,23,0,12,1
motoshkola.od.ua,23,0,8,1
muratbuffalo.blogspot.com,23,0,3,1
muskarci.rs,23,0,1,1
mypr.co.za,23,0,8,1
namasteui.com,23,0,1,1
nandbox.com,23,0,4,1
neogy.cz,23,0,1,1
nextgen.co.id,23,0,1,1
nicheprowler.com,23,0,3,1
nimbbl.biz,23,0,6,1
noform.ai,23,0,1,1
nordstromsauto.com,23,0,17,1
norskeanmeldelser.no,23,0,1,1
olavivo.com,23,0,5,1
oldecastlebar.com,23,0,1,1
olitt.com,23,0,40,1
omahamediagroup.com,23,0,1,1
onemorecupof-coffee.com,23,0,2,1
onesmablog.com,23,0,6,1
onetestforcancer.com,23,0,17,1
onlc.eu,23,0,2,1
orionfeedback.org,23,0,2,1
pardesign.net,23,0,2,1
pasteleriaoiartzun.com,23,0,17,1
peacememorial.org,23,0,3,1
pet-net.net,23,0,1,1
philatelie-epernay.fr,23,0,1,1
phpmagazine.net,23,0,4,1
phuturephillies.com,23,0,1,1
pikapod.net,23,0,2,1
place-il.org,23,0,17,1
planprintland.com,23,0,1,1
plcustom.com,23,0,28,1
plugmatter.com,23,0,1,1
pluxe.net,23,0,1,1
postaffiliatepro.nl,23,0,1,1
postaffiliatepro.pl,23,0,1,1
postmansmtp.com,23,0,1,1
premiumcoding.com,23,0,2,1
premiumwp.com,23,0,1,1
priceofbusiness.com,23,0,2,1
privacyaustralia.net,23,0,1,1
probytes.net,23,0,3,1
profitise.com,23,0,1,1
promo2day.com,23,0,4,1
purplez.com,23,0,2,1
purshology.com,23,0,2,1
qbn.com,23,0,5,1
qrdiffusion.com,23,0,1,1
quantisnow.com,23,0,1,1
quickbuy.com,23,0,17,1
rackmarket.ru,23,0,2,1
rentaldepotca.com,23,0,17,1
responsivedesignchecker.com,23,0,5,1
rlogical.com,23,0,3,1
rocketlink.io,23,0,3,1
rootways.com,23,0,5,1
rosebankfarms.com,23,0,2,1
roshdana.com,23,0,2,1
rostersvernon.com,23,0,7,1
ruffroofers.com,23,0,1,1
rvfish.com,23,0,18,1
sabrinamontecarlo.com,23,0,2,1
saffiretech.com,23,0,1,1
samsys.pt,23,0,4,1
saucal.com,23,0,10,1
sbiblica.org,23,0,17,1
schmizzapublichouse.com,23,0,19,1
scottpearson.co.uk,23,0,1,1
sdstudio.top,23,0,3,1
seedwebs.com,23,0,1,1
sfb.co.il,23,0,17,1
shipstersolutions.com,23,0,1,1
simeononsecurity.com,23,0,7,1
site-now.app,23,0,4,1
slotxo24hrf.com,23,0,17,1
smallbusinesscurrents.com,23,0,2,1
smartlinksolutions.com,23,0,2,1
social9.com,23,0,4,1
socpub.com,23,0,4,1
sodah.de,23,0,4,1
solidaffiliate.com,23,0,2,1
stalbanswebdesign.com,23,0,9,1
stanley-bostitch.de,23,0,5,1
statedesign.tv,23,0,17,1
storecensus.com,23,0,1,1
stormtheheavens.org,23,0,17,1
studiosugarsnap.nl,23,0,17,1
sugarloafmountainmotel.com,23,0,1,1
sycotec.eu,23,0,4,1
tagenigma.com,23,0,4,1
taimeifood.com.tw,23,0,17,1
techjournal.org,23,0,1,1
techlila.com,23,0,1,1
technewstop.org,23,0,1,1
techreels.co.uk,23,0,1,1
teixido.co,23,0,1,1
telegram.dog,23,0,14,1
templatetrip.com,23,0,1,1
theexpertcfo.com,23,0,1,1
themanchurch.com,23,0,1,1
themefic.com,23,0,3,1
themekraft.com,23,0,5,1
themesvila.com,23,0,5,1
thenextad.com,23,0,2,1
theo-u.com,23,0,17,1
thepiercafe.uk,23,0,17,1
thevested.com,23,0,1,1
thewatchtower.com,23,0,1,1
tophebergeur.com,23,0,49,1
topranker.cz,23,0,1,1
tourkick.com,23,0,2,1
trainingint.com,23,0,1,1
tripleareview.com,23,0,1,1
truehost.cloud,23,0,2,1
truehost.com,23,0,5,1
truetransit.org,23,0,9,1
ultimatefosters.com,23,0,4,1
uniformserver.com,23,0,1,1
uniqueworldedu.com,23,0,17,1
unopim.com,23,0,1,1
upinc.co,23,0,1,1
venturelearning.org,23,0,17,1
vietnammarcom.edu.vn,23,0,19,1
vimexx.be,23,0,3,1
virginiaready.org,23,0,102,1
vishwanathyadav.com,23,0,4,1
vitrxpert.com,23,0,34,1
vouchery.io,23,0,1,1
vraagalex.com,23,0,27,1
w3d.community,23,0,2,1
w3j.com,23,0,1,1
wadav.com,23,0,2,1
waterviewgrillnh.com,23,0,17,1
waytoidea.com,23,0,3,1
webanketa.com,23,0,4,1
webdesigndev.com,23,0,14,1
webinsights.in,23,0,5,1
webstart.am,23,0,1,1
webtechsolution.org,23,0,1,1
webweq.com,23,0,1,1
weformspro.com,23,0,5,1
wf-creative.com,23,0,1,1
whatsthehost.com,23,0,3,1
wildconnectionsphotography.com,23,0,2,1
withintheflow.com,23,0,2,1
wittysparks.com,23,0,15,1
wixmediagroup.com,23,0,2,1
woopos.com,23,0,5,1
wordops.net,23,0,2,1
worldlink.com.cn,23,0,2,1
wp-content.co,23,0,40,1
wp-packages.org,23,0,2,1
wpbingosite.com,23,0,2,1
wpblogging101.com,23,0,1,1
wpcodebox.com,23,0,1,1
wpcompress.com,23,0,10,1
wpfounders.com,23,0,7,1
wpgetpaid.com,23,0,2,1
wphostingbenchmarks.com,23,0,34,1
wpindigo.com,23,0,10,1
wpion.com,23,0,1,1
wpsolr.com,23,0,14,1
wpwax.com,23,0,1,1
wpwebsitehelp.com,23,0,1,1
xgentech.net,23,0,1,1
xtix.ai,23,0,6,1
yukz.com,23,0,6,1
zetaenergy.com,23,0,51,1
zionbuilder.io,23,0,18,1
12bet.net,22,0,1,1
42works.net,22,0,2,1
4dp.com.au,22,0,51,1
66biolinks.com,22,0,2,1
99robots.com,22,0,3,1
a1american.com,22,0,17,1
abun.com,22,0,1,1
adersaytech.com,22,0,13,1
adultsitebroker.com,22,0,1,1
aedigi.com,22,0,1,1
affninja.com,22,0,1,1
agsft.com,22,0,1,1
aifht.ca,22,0,17,1
aikomall.com,22,0,19,1
aitoc.com,22,0,1,1
algroup.com,22,0,17,1
allinonemarketing.com,22,0,17,1
altitudebranding.com,22,0,120,1
anahit.fr,22,0,4,1
apollo13themes.com,22,0,1,1
appaspect.com,22,1,0,1
art4muslim.com,22,0,1,1
artisanfurniture.us,22,0,2,1
aryanjalan.com,22,0,2,1
asiafarming.com,22,0,1,1
asistentugas.com,22,0,17,1
athome.fr,22,0,1,1
auq.io,22,0,2,1
australiaunwrapped.com,22,0,3,1
avalpardakht.com,22,0,5,1
awesomerank.github.io,22,0,2,1
babsannarbor.com,22,0,17,1
backlinks.pk,22,0,1,1
bankeronwheels.com,22,0,1,1
barntondental.com,22,0,8,1
bcguestranches.com,22,0,17,1
beekeepingfornewbies.com,22,0,10,1
beliebtestewebseite.de,22,0,1,1
bespoketraining.com,22,0,1,1
bird.eu,22,0,5,1
bitexpert.de,22,0,13,1
blockenergy.co.uk,22,0,68,1
bloggingbeats.com,22,0,3,1
bloggingfordevs.com,22,0,2,1
blogkoo.com,22,0,3,1
blogocial.com,22,0,6,1
blott.com,22,0,4,1
bluecactus.digital,22,0,17,1
bookmarkninja.com,22,0,1,1
bramework.com,22,0,1,1
brandafy.com,22,0,1,1
brandbydifference.com,22,0,1,1
briancall.com,22,0,17,1
brilliantaffiliate.com,22,0,6,1
bringsl.com,22,0,1,1
bulbapp.io,22,0,4,1
businesselitesafrica.com,22,0,1,1
businessingmag.com,22,0,4,1
businessnews.com.ph,22,0,1,1
byjessicala.com,22,0,1,1
caboolturenhc.com.au,22,0,17,1
cafe10th.co.nz,22,0,5,1
caldwellrecognition.com,22,0,17,1
canadianmotorcyclerentals.com,22,0,17,1
carmelon-digital.com,22,0,1,1
cashbackjournal.de,22,0,3,1
casosreaispodcast.com.br,22,0,17,1
cenariobaloes.com.br,22,0,85,1
chutneymarys.com.au,22,0,17,1
cleanplatepictures.com,22,0,1,1
clearskinstudy.com,22,0,1,1
codeastro.com,22,0,1,1
codecondo.com,22,0,5,1
codedecorator.com,22,0,1,1
colreservas.com,22,0,17,1
comeaucomputing.com,22,0,2,1
comparewise.ca,22,0,3,1
connectionmodel.com,22,0,1,1
constitutionsquare.com,22,0,17,1
constructdigital.com,22,0,1,1
continents.us,22,0,2,1
convology.com,22,0,1,1
coolplugins.net,22,0,2,1
cornmazesandmore.org,22,0,10,1
cotocus.com,22,0,1,1
crazybeat.co.uk,22,0,34,1
creek.fm,22,0,2,1
creode.co.uk,22,0,2,1
csd-graz.at,22,0,17,1
cube.ma,22,0,17,1
cubeapm.com,22,0,1,1
cuchara.photography,22,0,2,1
cueforgood.com,22,0,1,1
cybernaira.com,22,0,16,1
dahliagardenscnr.com,22,0,17,1
danielkossmann.com,22,0,10,1
danylkoweb.com,22,0,1,1
dashnex.com,22,0,1,1
daswritingservices.com,22,0,2,1
datafeedwatch.de,22,0,1,1
degusteriaforlino.com,22,0,17,1
designspartans.com,22,0,1,1
dgwebfactory.com,22,0,1,1
diary.tw,22,0,1,1
digipharm.co.il,22,0,2,1
digitorm.com,22,0,1,1
dishing.co,22,0,1,1
distancelearning.institute,22,0,2,1
dmletterstudio.com,22,0,1,1
doingfedtime.com,22,0,2,1
domaineye.com,22,0,1,1
drinkmana.com,22,0,17,1
drjackwolfson.com,22,0,17,1
eattopround.com,22,0,17,1
ecoeureka.com,22,0,327,1
ecor-education.com,22,0,1,1
edufex.com,22,0,1,1
egglestonsteel.co.uk,22,0,9,1
eknowledgetree.com,22,0,4,1
elasticpress.io,22,0,1,1
elearningevolve.com,22,0,4,1
eleonorabaldelli.com,22,0,1,1
elizacross.com,22,0,1,1
epigra.com,22,0,2,1
esoftskills.com,22,0,6,1
estudiopatagon.com,22,0,2,1
eventscalendaraddons.com,22,0,1,1
everleap.com,22,0,2,1
everytale.net,22,0,1,1
ewcursos.com,22,0,1,1
exysoft.net,22,0,7,1
fabswingerscom.uk,22,0,6,1
facileway.com,22,0,2,1
factory.dev,22,0,1,1
faun.dev,22,0,5,1
fdaytalk.com,22,0,1,1
festivalofsportuk.com,22,0,17,1
findfocus.net,22,0,1,1
fiverrpromotion.net,22,0,1,1
fjorge.com,22,0,1,1
foosales.com,22,0,10,1
forestdeclaration.org,22,0,17,1
fostira.se,22,0,1,1
franzsauerstein.de,22,0,3,1
freebeg.com,22,0,25,1
freshtechtips.com,22,0,1,1
fthemes.net,22,0,1,1
fuelyourphotos.com,22,0,2,1
full-design.com,22,0,8,1
fundacion-alborada.org,22,0,2,1
gateway.web.tr,22,0,1,1
geekdashboard.com,22,0,4,1
getmason.io,22,0,1,1
ggvinteligencia.com.br,22,0,17,1
gizarena.com,22,0,1,1
golaravel.com,22,0,2,1
gomy.com.tw,22,0,2,1
google.bf,22,0,3,1
google.cg,22,0,5,1
google.nr,22,0,1,1
google.sr,22,0,5,1
google.td,22,0,1,1
gowinglaw.co.uk,22,0,119,1
gradientgroup.com,22,0,23,1
greatbigdigitalagency.com,22,0,1,1
griffinhill.com,22,0,17,1
grorapidlabs.com,22,0,1,1
groupe.com,22,0,51,1
growthshuttle.com,22,0,1,1
guildwork.com,22,0,4,1
gwc.events,22,0,34,1
hacosem.co.il,22,0,1,1
haemato-onkologie-hh.de,22,0,17,1
hakimisolutions.com,22,0,3,1
hashthemes.com,22,0,4,1
heyletslearnsomething.com,22,0,2,1
hit.hr,22,0,1,1
hitchinsummerseries.co.uk,22,0,17,1
hooman.design,22,0,3,1
hostwp.io,22,0,1,1
hotel-binic.fr,22,0,17,1
htgsports.com,22,0,17,1
ianfernando.com,22,0,1,1
ibrandstudio.com,22,0,3,1
ifans.com.tw,22,0,4,1
ilad.ngo,22,0,17,1
ilgiornaledellaprotezionecivile.it,22,0,2,1
impactzonegolf.com,22,0,17,1
instantshift.com,22,0,6,1
invergehq.com,22,0,1,1
iowacityvet.com,22,0,17,1
itnetwork.sk,22,0,3,1
ivetriedthat.com,22,0,4,1
jacob-le.com,22,0,1,1
jawabkom.com,22,0,1,1
jdrakewebdesign.com,22,0,1,1
jefffinley.org,22,0,3,1
jeffreifman.com,22,0,4,1
jerusalem-today.co.il,22,0,2,1
jetprofiler.com,22,0,2,1
joomlaplates.de,22,0,1,1
just4metin.ro,22,0,1,1
justtotaltech.com,22,0,2,1
justwebworld.com,22,0,8,1
kahnmedia.com,22,0,1,1
kanawata.com,22,0,2,1
kassiesa.nl,22,0,3,1
kestates.ae,22,0,51,1
kompasoutdoor.nl,22,0,2,1
kopano.io,22,0,1,1
krowdbase.com,22,0,40,1
kulakswoodshed.com,22,0,17,1
lakeshoreridelink.org,22,0,17,1
lalanoleto.com.br,22,0,1,1
lanzatu.blog,22,0,8,1
leadnear.com,22,0,17,1
lifecoachmagazine.com,22,0,2,1
locogecko.com,22,0,17,1
longknowledge.com,22,0,2,1
lucasmarc.com,22,0,4,1
magicbox.tools,22,0,23,1
maimonweb.com,22,0,3,1
mariosurfschool.com,22,0,51,1
marketguest.com,22,0,9,1
marketingbyali.com,22,0,32,1
marketingguru.io,22,0,13,1
meadowlakeretirement.com,22,0,17,1
meetthegreens.org,22,0,5,1
metod-kopilka.ru,22,0,3,1
milesweb.ae,22,0,1,1
minddevelopmentanddesign.com,22,0,1,1
miniaturebullterrierclub.org,22,0,17,1
mivzakon.co.il,22,0,2,1
momitsubo.jp,22,0,1,1
mowwaco.org,22,0,16,1
muamat.com,22,0,1,1
muffinmarketing.com,22,0,1,1
muinteoirvalerie.com,22,0,17,1
mybrandingagency.com,22,0,20,1
mymortuarycooler.com,22,0,1,1
mystiekproductions.nl,22,0,17,1
narconon.it,22,0,1,1
nelya.net,22,0,2,1
nightcapbara2.com,22,0,17,1
nmg-international.com,22,0,1,1
noticias.ltda,22,0,1,1
oldshen.com,22,0,8,1
oliegeultje.nl,22,0,17,1
omniservices.com,22,0,1,1
omorovie.com,22,0,4,1
opencartbrasil.com.br,22,0,2,1
optinly.com,22,0,3,1
orimintzmedia.co.il,22,0,11,1
palcurr.com,22,0,4,1
partrunner.com,22,0,2,1
party.biz,22,0,2,1
peachpay.app,22,0,1,1
performedia.com,22,0,34,1
perimetersolutionsgroup.com,22,0,17,1
pesticon.ca,22,0,13,1
php-resource.de,22,0,1,1
phpweekly.com,22,0,680,1
pindorama.org.br,22,0,17,1
plattershare.com,22,0,1,1
podiumdesign.co.uk,22,0,1,1
pointblog.net,22,0,28,1
pojo.me,22,0,3,1
politeonsociety.com,22,0,1,1
postaffiliatepro.hu,22,0,1,1
powerplaysportsvt.com,22,0,17,1
programproductions.com,22,0,17,1
psdcenter.com,22,0,3,1
pure-consulting.com,22,0,17,1
qeryz.com,22,0,1,1
quarkly.io,22,0,1,1
rankflo.ai,22,0,1,1
rateusonline.com,22,0,1,1
rawkblog.com,22,0,1,1
react-pdf-kit.dev,22,0,3,1
reactivaonline.com,22,0,1,1
realitypaper.com,22,0,2,1
realtypress.ca,22,0,3,1
receiptmakerly.com,22,0,2,1
referralcodes.com,22,0,1,1
regentmedicalcare.com,22,0,3,1
reviewsignal.com,22,0,15,1
rise.company,22,0,1,1
robpowellbizblog.com,22,0,2,1
roocket.ir,22,0,38,1
rootnode.pl,22,0,2,1
rstpompeya.com,22,0,17,1
saasultra.com,22,0,13,1
sacid.org.au,22,0,17,1
salamexperts.com,22,0,1,1
sandybayholidaypark.com.au,22,0,17,1
sanitizeemail.com,22,0,1,1
satellitewp.com,22,0,2,1
scambiinternazionali.it,22,0,17,1
schwartz.com.au,22,0,17,1
searchonedigital.com.br,22,0,1,1
semaphore-software.com,22,0,1,1
seo-rush.co.il,22,0,2,1
seowow.co.il,22,0,1,1
several.com,22,0,6,1
sfwpexperts.com,22,0,1,1
sgebiz.com,22,0,17,1
sgtpeppersrestaurant.co.uk,22,0,17,1
simplylearn.com,22,0,2,1
sitesmartmarketing.com,22,0,6,1
skybootstrap.com,22,0,1,1
smallbizgenius.net,22,0,1,1
smashnotes.com,22,0,2,1
smiota.com,22,0,2,1
sochic.sg,22,0,1,1
socialbarrel.com,22,0,1,1
socialspike.ca,22,0,3,1
socion.io,22,0,17,1
soluzionecomputer.it,22,0,2,1
southtownwakepark.com,22,0,17,1
sponsorgap.com,22,0,9,1
start-up.pe,22,0,1,1
stazionedellarte.com,22,0,5,1
steamedukacija.me,22,0,1,1
stockmanagementlabs.com,22,0,1,1
stonyhurstpenang.edu.my,22,0,17,1
stratos.com.au,22,0,17,1
streamlinedsolopreneur.com,22,0,4,1
stuartkerrs.com,22,0,8,1
studiotoolshub.com,22,0,2,1
successful-blog.com,22,0,1,1
sudonull.com,22,0,213,1
sunnytoo.com,22,0,4,1
surfski.info,22,0,2,1
syndicate.marketing,22,0,4,1
sytian-productions.com,22,0,1,1
taisa.kz,22,0,2,1
tangbuy.com,22,0,25,1
tech9logy.com,22,0,1,1
techbear.com,22,0,1,1
techmoran.com,22,0,2,1
technology.ie,22,0,2,1
telapost.com,22,0,1,1
telegram-site.com,22,0,7,1
tely.ai,22,0,2,1
tfi.org.il,22,0,17,1
the7eagles.com,22,0,3,1
theafricanamericanchildrensbookproject.org,22,0,17,1
thedailytribute.com,22,0,1,1
thefrisky.com,22,0,2,1
thelandingsf.com,22,0,17,1
theroadtripexpert.com,22,0,1,1
therockysafari.com,22,0,1,1
theseotools.net,22,0,26207,1
thevaultjewelry.com,22,0,82,1
thompson.co.uk,22,0,2,1
throwback2k.com,22,0,17,1
tierneyphotography.co.uk,22,0,5,1
tigzrice.com,22,0,1,1
tkinternetmarketing.com,22,0,1,1
tomsoft.hr,22,0,6,1
trackroad.com,22,0,1,1
transformsolution.com,22,0,1,1
troyerwebsites.com,22,0,1,1
turboseotools.com,22,0,7,1
twilo.net,22,0,1,1
two99.org,22,0,1,1
ucptt.com,22,0,2,1
ulmod.com,22,0,2,1
universitydunia.com,22,0,8036,1
unleashthedogs.co.uk,22,0,51,1
upcraft.io,22,0,2,1
upviews.com,22,0,1,1
uxwizz.com,22,0,1,1
validsoftware.ro,22,0,1,1
valuespectrum.com,22,0,11,1
visitezitalie.fr,22,0,17,1
visualmarketing.com.au,22,0,3,1
vitlibovicky.cz,22,0,2,1
waterproconference.org,22,0,17,1
wdgfarm.com,22,0,34,1
webhosterwissen.de,22,0,2,1
webhostingcentrum.cz,22,0,12,1
webinale.com,22,0,3,1
webkima.com,22,0,1,1
webpeak.com.br,22,0,1,1
websitesecuritystore.com,22,0,6,1
weekendgrowth.com,22,0,1,1
whitestudio.team,22,0,7,1
wildcoffeemarketing.com,22,0,2,1
williz.info,22,0,2,1
winkel.net,22,0,3,1
wn.se,22,0,16,1
woculus.com,22,0,17,1
worldblogged.com,22,0,7,1
worldnet.fr,22,0,15,1
wp-glogin.com,22,0,1,1
wpbuilderaddons.com,22,0,2,1
wpeka.com,22,0,10,1
wpklik.com,22,0,13,1
writeyourlist.com,22,0,204,1
xpeedstudio.com,22,0,3,1
yellowpeach.co.uk,22,0,1,1
yoemprendedora.es,22,0,1,1
yonkov.github.io,22,0,1,1
youthfoundation.org.uk,22,0,1,1
yrcharisma.com,22,0,1,1
zebracrm.com,22,0,255,1
zeessalon.com,22,0,17,1
zeguro.com,22,0,3,1
ziddu.com,22,0,2,1
zuzu.deals,22,0,1,1
123articleonline.com,21,0,7,1
2fasvg.github.io,21,0,1,1
30secondstomars.ru,21,0,3,1
5starprocessing.com,21,0,1,1
82cart.com,21,0,17,1
85ideas.com,21,0,6,1
aajneeti.social,21,0,2,1
aalogics.com,21,0,3,1
aartisto.com,21,0,2,1
abiro.com,21,0,23,1
abiting.cc,21,0,186,1
abonnement-ip.tv,21,0,1,1
academia-x.com,21,0,2,1
ackadia.com,21,0,2,1
adapttraining.com,21,0,17,1
addspacetoyourlife.com,21,0,17,1
agentsrepublic.com,21,0,3,1
aiesec.hk,21,0,17,1
akoca-seo.co.uk,21,0,2,1
algoentremanos.com,21,0,1,1
amittai.co.il,21,0,2,1
amjproduce.com.au,21,0,3,1
ananova.com,21,0,2,1
andriy.space,21,0,62,1
angelleye.com,21,0,1,1
aoravit.cz,21,0,3,1
apiexperts.io,21,0,17,1
appexperts.io,21,0,17,1
applabx.com,21,0,4,1
applewoodholidays.co.uk,21,0,19,1
aquasalt.com,21,0,17,1
arahoster.com,21,0,1,1
ariapsa.com,21,0,5,1
armanitalks.com,21,0,1,1
arphost.com,21,0,1,1
avinashchandra.com,21,0,1,1
avoiderrors.com,21,0,9,1
bdc.org.jo,21,0,34,1
beglobal.nl,21,0,34,1
bestblackhatforum.com,21,0,2,1
beststartup.co.uk,21,0,1,1
besweet.hu,21,0,17,1
betterlinks.io,21,0,3,1
bickfordsgroup.com,21,0,68,1
bigredm.com,21,0,41,1
bits.com.mx,21,0,17,1
blogbright.net,21,0,2,1
blogflixo.com,21,0,17,1
bloggactivo.com,21,0,5,1
bloggadores.com,21,0,5,1
bloggingraptor.com,21,0,3,1
blogminds.com,21,0,4,1
blogsaays.com,21,0,1,1
bluearksolutions.com,21,0,1,1
blumengaerten-kulinarik.at,21,0,1,1
bookscrolling.com,21,0,1,1
bordeauxcognactourguide.com,21,0,6,1
bracketspace.com,21,0,1,1
brendaknowles.com,21,0,1,1
britanniashopping.co.uk,21,0,1,1
brocomo.com,21,0,1,1
bucleweb.com,21,0,2,1
byggebasen.dk,21,0,3,1
cahcinc.com,21,0,17,1
cf7addons.com,21,0,1,1
charityfirst.com,21,0,1,1
charmingwebdesign.com,21,0,1,1
christopherjanb.com,21,0,2,1
claudiaengel.de,21,0,17,1
cloudliving.com,21,0,12,1
cloudminister.com,21,0,1,1
cloudwalks.com,21,0,1,1
cmegenius.com,21,0,2,1
codepal.ai,21,0,1,1
codewithcurious.com,21,0,16,1
computersciencezone.org,21,0,2,1
computersluggish.com,21,0,1,1
concentrate.co.nz,21,0,1,1
connectedtechnologysolutions.co.uk,21,0,1,1
connorgillivan.com,21,0,2,1
consciouslifenews.com,21,0,1,1
conveyorcomponents.com,21,0,41,1
coopcreator.ca,21,0,17,1
courageous.co.uk,21,0,1,1
crazyleafdesign.com,21,0,1,1
crowsnestvineyards.com,21,0,17,1
csir-sari.org,21,0,1,1
cuatrorios.net,21,0,17,1
cupomcerto.com.br,21,0,5,1
cutthroatmarketing.com,21,0,8,1
dailyblogzz.com,21,0,5,1
dailycupoftech.com,21,0,19,1
dcri.gov.co,21,0,29,1
derco.ca,21,0,136,1
dermoprotect.de,21,0,4,1
designdevelopnow.com,21,0,275,1
designink.info,21,0,2,1
devoninsight.org.uk,21,0,17,1
die-leadagenten.de,21,0,3,1
digitaltriggers.io,21,0,2,1
dimluxlighting.com,21,0,1,1
disarmproject.eu,21,0,34,1
dominioslibres.info,21,0,1,1
dplugins.com,21,0,1,1
draftpress.com,21,0,2,1
dragdropr.com,21,0,1,1
dripdigital.com,21,0,1,1
dtf.digital,21,0,4,1
dtptips.com,21,0,1,1
duogroup.com,21,0,17,1
dw-images.com,21,0,1,1
eastvalleycardiology.com,21,0,1,1
ecommercecoffeebreak.com,21,0,2,1
ecommercemasterplan.com,21,0,23,1
ecwusers.com,21,0,1,1
edivovina.hr,21,0,2,1
einvestigator.com,21,0,1,1
emctiles.co.uk,21,0,742,1
entrecopasdeagave.com,21,0,1,1
escrevaseulivro.com.br,21,0,17,1
esmesalon.com,21,0,33,1
evesbar.com.au,21,0,51,1
ewallzsolutions.com,21,0,98,1
excelbuddy.com,21,0,3,1
excelschools.net,21,0,164,1
ezetech.com,21,0,1,1
farmfreshportsmouth.com,21,0,17,1
farmhouselbk.com,21,0,9,1
fatfrogmedia.com,21,0,1,1
fazt.dev,21,0,2,1
fbcnewnan.org,21,0,17,1
femwellness.ca,21,0,5,1
fermerosedesvents.com,21,0,2,1
fetchprofits.com,21,0,28,1
findstack.de,21,0,1,1
fixi.it,21,0,1,1
flowservice.com,21,0,51,1
flyingsaucer.nyc,21,0,1,1
for-wild.org,21,0,6,1
formgent.com,21,0,1,1
fptsoftware.de,21,0,1,1
fraction.com,21,0,1,1
freakwebdesign.co.uk,21,0,32,1
garysgotit.com,21,0,17,1
gatilab.com,21,0,5,1
gfisk.com,21,0,1,1
goodfellasseafoodhut.com,21,0,16,1
google.bt,21,0,5,1
google.ci,21,0,5,1
google.com.nf,21,0,3,1
google.im,21,0,5,1
google.li,21,0,1,1
google.ml,21,0,5,1
google.ne,21,0,4,1
grafikmk.pl,21,0,2,1
greediersocialmedia.co.uk,21,0,1,1
grocerycrud.com,21,0,4,1
groupbuyseo.org,21,0,3,1
gs-ks.ru,21,0,8,1
guru-is.com,21,0,13,1
happenedinnz.com,21,0,1,1
haroseo.co,21,0,10,1
heartenmade.com,21,0,1,1
heate.co,21,0,1,1
heybooster.ai,21,0,1,1
himachalscape.com,21,0,1,1
honeyhat.com,21,0,4,1
hostify.vn,21,0,1,1
hostsg.com,21,0,1,1
hotel-castelet.com,21,0,33,1
hotelcarladez.com,21,0,17,1
hotelhillsboro.com,21,0,17,1
hoteltourdenesle.com,21,0,17,1
huntersdigital.com,21,0,1,1
hustlewp.com,21,0,1,1
idniyra.org,21,0,41,1
inovalize.com.br,21,0,2,1
insidetechworld.com,21,0,1,1
inspireui.com,21,0,2,1
internetdominators.com,21,0,3,1
irisnetworksusa.com,21,0,1,1
itskeptic.org,21,0,2,1
jasontucker.blog,21,0,2,1
jaypeeonline.net,21,0,2,1
jedidigitalmarketing.hk,21,0,4,1
jillschildhouse.com,21,0,18,1
joinportlandpd.com,21,0,17,1
joinvistara.com,21,0,1,1
joshthompson.co.uk,21,0,1,1
kalamalkalake.org,21,0,19,1
kalyanpgcollege.org,21,0,17,1
kamcord.com,21,0,1,1
keepshoppers.com,21,0,2,1
kevinsguides.com,21,0,2,1
kids-sport.ch,21,0,3,1
knowledgehubmedia.com,21,0,1,1
kristamashore.com,21,0,1,1
kristyting.com,21,0,1,1
krrwebdesign.com,21,0,1,1
ksk.si,21,0,1,1
lagare.com,21,0,17,1
lago-events.co.il,21,0,17,1
laravel.gen.tr,21,0,5,1
laserscanningforum.com,21,0,3,1
leapempowers.org,21,0,17,1
leasedadspace.com,21,0,1,1
letstalkshop.com,21,0,1,1
liberiangeek.net,21,0,2,1
lifehackerguy.com,21,0,1,1
lihivip.com,21,0,2,1
limitloginattempts.com,21,0,1,1
lingcure.org,21,0,1,1
loriballen.com,21,0,1,1
luke.cafe,21,0,55,1
mafahem.com,21,0,1,1
magesolution.com,21,0,1,1
makeitwork.press,21,0,2,1
mandelmarketing.com,21,0,1,1
marcosalvo.it,21,0,2,1
mbcsc.com,21,0,17,1
measureddesigns.com,21,0,1,1
meckwowambassador.com,21,0,51,1
mediakanjers.nl,21,0,1,1
meek.media,21,0,1,1
mei-review.com,21,0,3,1
metamind.kr,21,0,1,1
miaminftweek.com,21,0,17,1
microbio.tv,21,0,1,1
mikesblog.com,21,0,1,1
mkaion.com,21,0,2,1
mondetech.fr,21,0,2,1
morepower.club,21,0,3,1
mrowl.com,21,0,2,1
museumofthesierra.org,21,0,17,1
mwspace.com,21,0,1,1
myhomekeeper.org,21,0,16,1
myparisblog.com,21,0,5,1
n1fd.org,21,0,11,1
naibabiji.com,21,0,6,1
nakhonitech.com,21,0,132,1
naturalintuitionphoto.com,21,0,1,1
newsonlineng.com,21,0,9,1
nickschaeferhoff.com,21,0,2,1
no-harassment.net,21,0,4,1
nocodeweb.jp,21,0,1,1
noirth.com,21,0,2,1
northeastkingdomonline.com,21,0,1,1
notouttravel.co.uk,21,0,17,1
novate.co.uk,21,0,2,1
nureply.com,21,0,1,1
obloo.vc,21,0,17,1
obordesk.io,21,0,1,1
odeki.de,21,0,5,1
oetrends.com,21,0,19,1
ogilvyspirits.com,21,0,2,1
omnious.ai,21,0,1,1
orcabinwash.com,21,0,17,1
outagedown.com,21,0,56,1
outlawnation.com,21,0,17,1
outsourceschool.com,21,0,1,1
oxfordpublish.org,21,0,1,1
ozcart.com,21,0,1,1
pasolra.com,21,0,17,1
passportyachts.com,21,0,2,1
peppervirtualassistant.com,21,0,2,1
perspectiveteam.com,21,0,2,1
perzonalization.com,21,0,2,1
phonegnome.com,21,0,169,1
phpsources.net,21,0,1,1
pittsburghunited.org,21,0,17,1
ponss.it,21,0,2,1
postaffiliatepro.it,21,0,1,1
precognox.com,21,0,1,1
premmerce.com,21,0,1,1
printblame.com,21,0,1,1
prothemes.biz,21,0,6,1
qltech.com.au,21,0,3,1
qmilkfiber.eu,21,0,9,1
qnetindia.co,21,0,1,1
qnetindia.net,21,0,1,1
quemalabs.com,21,0,4379,1
raise-up.com.tw,21,0,1,1
rankingtactics.com,21,0,1,1
ratu.ai,21,0,1,1
reactheme.com,21,0,1,1
readmedium.com,21,0,9,1
relywp.com,21,0,12,1
retailescaper.com,21,0,4,1
reyaztecanewkensington.com,21,0,17,1
rfp.wiki,21,0,3,1
rocketexpansion.com,21,0,1,1
roconpaas.com,21,0,1,1
roxo.ir,21,0,2,1
runpost.com.in,21,0,1,1
saasaffiliate.com,21,0,1,1
saasbpm.com,21,0,1,1
saastreats.net,21,0,1,1
samhilla2.com,21,0,17,1
saplandscapes.ie,21,0,1,1
sassvi.sa.edu.au,21,0,17,1
savvydad.co.uk,21,0,1,1
seattle24x7.com,21,0,3,1
selfdirection.org,21,0,1,1
sell-saas.com,21,0,4,1
sellacious.com,21,0,14,1
senhabitatdakar.com,21,0,17,1
seosozluk.com,21,0,1,1
seroter.com,21,0,1,1
sharpcommerce.com,21,0,1,1
shbiro.co.il,21,0,34,1
shiptothemoon.com,21,0,5,1
shopdeals.com,21,0,6,1
silicondales.com,21,0,3,1
sillo.org,21,0,2,1
simontechway.com,21,0,1,1
skipblast.com,21,0,313,1
skptricks.com,21,0,1,1
skubadesign.com,21,0,1,1
slickbusiness.co,21,0,1,1
smallbusinessitalia.it,21,0,1,1
snatika.com,21,0,1,1
softwareaccountant.com,21,0,1,1
solidcp.com,21,0,2,1
spark.do,21,0,1,1
sparkcycleworks.com,21,0,26,1
sparklight.net,21,0,42,1
spconsulting.ca,21,0,17,1
speedsquare.co,21,0,1,1
spintheblog.com,21,0,1,1
sproullanes.com,21,0,136,1
sprout24.com,21,0,12,1
ssup.co.th,21,0,13,1
starmusiqweb.com,21,0,1,1
startvriend.nl,21,0,4,1
stellapizzeria.ca,21,0,17,1
stevestedman.com,21,0,2,1
stevethewebsiteguy.com,21,0,1,1
storepro.io,21,0,3,1
suitapp.de,21,0,2,1
superbusinessmanager.com,21,0,1,1
surefeedback.com,21,0,2,1
surfschool.co.nz,21,0,5,1
swiftperformance.io,21,0,8,1
swiftpropel.com,21,0,1,1
taglineinfotech.com,21,0,1,1
tasawk.com.sa,21,0,1,1
taxwindow.com.au,21,0,1,1
techfily.com,21,0,3,1
techktimes.co.uk,21,0,1,1
technumero.com,21,0,15,1
tecnologia21.com,21,0,18,1
theamericanreporter.com,21,0,1,1
thebrightsidetavern.com,21,0,17,1
thechocolateaffaire.com,21,0,17,1
thegreenmanandcourtyard.com,21,0,17,1
themelooks.com,21,0,3,1
thememasters.club,21,0,577,1
thememiles.com,21,0,2,1
themeskills.com,21,0,25,1
theminifigclub.com,21,0,17,1
theomnibuzz.com,21,0,1,1
therichlawncompany.com,21,0,17,1
thesoftking.com,21,0,3,1
thinkdifferentdesigns.com,21,0,3,1
titaninteractif.com,21,0,2,1
tnasuite.com,21,0,2,1
tomerpappe.com,21,0,34,1
top5hosting.co.uk,21,0,1,1
topcssgallery.com,21,0,3,1
toshalinfotech.com,21,0,1,1
trackawesomelist.com,21,0,10,1
transferito.com,21,0,3,1
trend.app,21,0,17,1
trulifedist.com,21,0,1,1
tswreis.in,21,0,1,1
turbotecproducts.com,21,0,34,1
tylermedia.com,21,0,17,1
umt.ac.th,21,0,17,1
uncorkedbinghamton.com,21,0,9,1
undigital.com,21,0,1,1
unit360.pt,21,0,323,1
unitedworks.no,21,0,1,1
unitypayments.ca,21,0,4,1
uptivity.co.uk,21,0,1,1
urosevic.net,21,0,1,1
usecaddy.com,21,0,1,1
usecue.com,21,0,1,1
userswp.io,21,0,2,1
valaros.com,21,0,2,1
valueglide.com,21,0,17,1
vatechniques.com,21,0,5,1
vertechlimited.com,21,0,1,1
vignoblesderamatuelle.com,21,0,1,1
vincerecancer.com,21,0,17,1
viralrang.com,21,0,1,1
vpssos.com,21,0,20,1
vridergame.com,21,0,17,1
watermelonwebworks.com,21,0,1,1
wcanvas.com,21,0,2,1
wdvstudios.be,21,0,2,1
web-link.it,21,0,1,1
webhostingadvices.com,21,0,15,1
webprecis.com,21,0,1,1
websi.com,21,0,1,1
websitehosting.com,21,0,2,1
webtng.com,21,0,1,1
webtoolsweekly.com,21,0,35,1
wellicious.com,21,0,18,1
wenyan.design,21,0,1,1
wielinga.nl,21,0,17,1
wisy.co.il,21,0,1,1
witchfest.net,21,0,17,1
withemes.com,21,0,17,1
woodstockmotors.co.uk,21,0,1,1
wordvell.com,21,0,1,1
workspacestrat.com,21,0,1,1
worxpayroll.com,21,0,17,1
wowrevenue.com,21,0,1,1
wpdaxue.com,21,0,3,1
wpdiscussionboard.com,21,0,1,1
wppagebuilders.com,21,0,10,1
wppool.dev,21,0,3,1
wptravelkit.com,21,0,2,1
wptuts.co.uk,21,0,8,1
wrightfhc.com,21,0,34,1
xadapter.com,21,0,2,1
yaaka.cc,21,0,1,1
ypsihistory.org,21,0,51,1
yugasa.com,21,0,2,1
yutasan.co,21,0,3,1
zabec.net,21,0,1,1
zacphua.com,21,0,2,1
zao.is,21,0,1,1
zdravija.com,21,0,2,1
zenkosuperfoods.com,21,0,17,1
24x7servermanagement.com,20,0,3,1
34ml.com,20,0,1,1
365dropship.com,20,0,1,1
42mate.com,20,0,1,1
5minphp.ru,20,0,1,1
accuindexcheck.com,20,0,1,1
activdmkingston.com,20,0,1,1
adllinsmedia.com.au,20,0,1,1
admin-junkies.com,20,0,14,1
adsensefarm.kr,20,0,12,1
advice.lk,20,0,1,1
afcbaskatong.com,20,0,2,1
airportvipservices.co.uk,20,0,17,1
alestat.com,20,0,4,1
algolplus.com,20,0,1,1
allenc.com,20,0,4,1
allfactors.com,20,0,1,1
alphabin.co,20,0,1,1
alpswebsolutions.com,20,0,7,1
alvacommerce.com,20,0,4,1
americanaccent.com,20,0,1,1
anjapoehlmann.com,20,0,1,1
annatee.co,20,0,7,1
appmus.com,20,0,23,1
approvalgenie.ca,20,0,17,1
arockets.ru,20,0,1,1
artabout.gr,20,0,3,1
artignition.com,20,0,1,1
asax.ir,20,0,3,1
asgaros.com,20,0,1,1
astalaweb.net,20,0,8,1
authoraevia.com,20,0,2,1
avraham.marketing,20,0,2,1
azalio.io,20,0,1,1
b.link,20,0,2,1
bantrr.com,20,0,1,1
baslondigital.com,20,0,1,1
baysidebaptist.org,20,0,17,1
bestfive.com.au,20,0,1,1
beth-shan.co.nz,20,0,1,1
bettawebs.com,20,0,1,1
biokube.com,20,0,63,1
blackfridaydeals.dev,20,0,3,1
blog-directory.org,20,0,4,1
bloggersneed.com,20,0,3,1
bluent.net,20,0,2,1
bluesteelesolutions.com,20,0,1,1
bracesfrisco.com,20,0,17,1
brick.do,20,0,1,1
bromleysbread.com.au,20,0,17,1
buenasuerte.com,20,0,68,1
buradabiliyorum.com,20,0,4,1
burgman-club.ru,20,0,1,1
businessinfomag.uk,20,0,2,1
capcca.org,20,0,17,1
caribbeanclimatehub.org,20,0,17,1
carlosmarca.com,20,0,103,1
cbtonline.com,20,0,82,1
ceymox.com,20,0,2,1
cf7skins.com,20,0,1,1
charta.de,20,0,17,1
chinagravy.com,20,0,5,1
chrisdunnconsulting.co.uk,20,0,1,1
chumsay.com,20,0,1,1
cloudteamcompany.com,20,0,34,1
cloudwedge.com,20,0,1,1
comunidadhosting.com,20,0,3,1
consolidatedtreatment.com,20,0,17,1
country168.com,20,0,17,1
countrywidedumpsterrental.com,20,0,17,1
couponato.com,20,0,52,1
couponifier.com,20,0,7,1
couponthemes.net,20,0,2,1
cozinfo.com,20,0,2,1
crazywisdombookstore.com,20,0,17,1
creativenerds.co.uk,20,0,1,1
criticalcloud.ai,20,0,4,1
cwaf.jp,20,0,5,1
cybertzar.com,20,0,2,1
dantetesta.com.br,20,0,9,1
davidibiza.com,20,0,3,1
daysedge.com,20,0,17,1
dbweekly.com,20,0,3,1
dearblogger.org,20,0,3,1
deha.vn,20,0,1,1
deliveryhero.jobs,20,0,1,1
designorbital.com,20,0,3,1
developerdrive.com,20,0,2,1
developress.io,20,0,2,1
ditulis.id,20,0,1,1
divi-professional.com,20,0,3,1
divinext.com,20,0,1,1
domo-7.com,20,0,16,1
dopurecleaning.hu,20,0,1,1
dropship.it,20,0,4,1
drumgoal.com,20,0,26,1
drupal.cz,20,0,8,1
drupalpartners.com,20,0,1,1
drwellsmd.com,20,0,246,1
dynonames.com,20,0,3,1
dzines.co.uk,20,0,2,1
ebusinessboss.com,20,0,2,1
ecop.org.ph,20,0,17,1
eddiekamaesongbook.org,20,0,17,1
edgeucating.com,20,0,10,1
educationcareers.ie,20,0,533,1
egenslab.com,20,0,5758,1
elasticsearch.cn,20,0,61,1
elevatedcharterschool.org,20,0,51,1
elsenmedia.com,20,0,1,1
emergedigital.co,20,0,5,1
emilyrhodeswriter.com,20,0,17,1
enlac.ee,20,0,1,1
epicpresence.com,20,0,2,1
ericasneubauer.com,20,0,1,1
escuela-indecopi.edu.pe,20,0,91,1
estherlittlefield.com,20,0,1,1
ethanhathaway.com,20,0,7,1
evertise.net,20,0,1,1
excesssolutions.com,20,0,5,1
executivemodcartrendz.net,20,0,33,1
ezinemark.com,20,0,1,1
familyfocuslegal.com.au,20,0,17,1
faranie.com,20,0,5,1
fashion-israel.co.il,20,0,3,1
fcdistribuidora.com.br,20,0,17,1
finddigitalagency.com,20,0,12,1
firstlinepractitioners.com,20,0,10,1
flpremaritalcourse.com,20,0,17,1
formvalidation.io,20,0,1,1
foursevenmedia.co.uk,20,0,1,1
fozzie.io,20,0,1,1
freeacademy.ai,20,0,1,1
freespinlink.com,20,0,1,1
freetrials.com,20,0,5,1
friendbookmark.com,20,0,1,1
fs-code.com,20,0,3,1
funfact.today,20,0,1,1
funworks.sg,20,0,85,1
ga-international.com,20,0,34,1
generate.support,20,0,1,1
glassmountains.co.uk,20,0,6,1
glendaledesigns.com,20,0,2,1
globalcsforum.net,20,0,17,1
globaltechstack.com,20,0,4,1
gomrcuriosity.com,20,0,3,1
gotechug.com,20,0,3,1
grand-hotell.no,20,0,34,1
grmediasolutions.com,20,0,17,1
growthstage.marketing,20,0,1,1
gsmcneal.com,20,0,2,1
gudstory.com,20,0,2,1
hackathailand.com,20,0,17,1
harbourviewgolf.com,20,0,17,1
hasetri.com,20,0,17,1
havnhotell.no,20,0,34,1
heydesigner.com,20,0,7,1
hns.to,20,0,21,1
hogwired.com,20,0,2,1
hokstadconsulting.com,20,0,2,1
howtouselinux.com,20,0,30,1
huntingtontravel.com,20,0,34,1
iamjeremie.me,20,0,2,1
idyllicpursuit.com,20,0,1,1
ift.tt,20,0,2,1
illuminaire.io,20,0,1,1
ilonarosehouse.com,20,0,17,1
impactechs.com,20,0,51,1
indousrare.org,20,0,41,1
ingeniumweb.com,20,0,2,1
invotec.com.au,20,0,17,1
islabit.com,20,0,1,1
it-s.com,20,0,1,1
itagpro.com,20,0,33,1
ititans.com,20,0,2,1
itzen.hu,20,0,1,1
izmail-tour.com,20,0,5,1
jace.pro,20,0,10,1
jandadigital.com,20,0,4,1
jazzaramatuelle.com,20,0,1,1
jin-design.com,20,0,3,1
joker123zone.com,20,0,17,1
joomlahostingreviews.com,20,0,2,1
jordanparis.com,20,0,1,1
joycehsh.co,20,0,1,1
joynesbenfranklin.com,20,0,17,1
justcancel.io,20,0,3,1
karayarestaurant.com,20,0,51,1
kbkbusinesssolutions.com,20,0,10,1
kentlanesbowling.com,20,0,9,1
kidseatfree.io,20,0,2,1
kitsunecreative.co,20,0,1,1
klizer.com,20,0,1,1
kmtech.id,20,0,1,1
knowonlineadvertising.com,20,0,1,1
kobba.ie,20,0,3,1
konsyg.com,20,0,1,1
kwebby.com,20,0,4,1
launchora.com,20,0,3,1
launchtip.com,20,0,15,1
lawchef.com,20,0,1,1
learningisf.com,20,0,1,1
lendablelinens.com,20,0,17,1
lessocialistes.fr,20,0,1,1
letterpad.app,20,0,1,1
line.do,20,0,1,1
linkpanda.com,20,0,1,1
linkytools.com,20,0,2,1
linkz.ai,20,0,1,1
liquidmaps.org,20,0,2,1
lisafraley.com,20,0,2,1
local585.org,20,0,44,1
lomitpatel.com,20,0,1,1
lumc-online.org,20,0,3,1
lund-industries.com,20,0,2,1
lytbox.co,20,0,30,1
macroplastic.com,20,0,2,1
magecom.net,20,0,2,1
magentoexpertforum.com,20,0,438,1
magexo.cz,20,0,1,1
mailtrack.io,20,0,2,1
mailtube.co.uk,20,0,45,1
mainstreetmcdonough.com,20,0,16,1
majis.om,20,0,17,1
manhattanmeditationcenter.org,20,0,17,1
marketing.limited,20,0,2,1
marketingconteudo.com,20,0,1,1
master-x.com,20,0,5,1
mcdonaldsmyrtlebeach.com,20,0,17,1
mckeegroup.net,20,0,17,1
medicalmavericks.co.uk,20,0,17,1
metrolaserinc.com,20,0,17,1
mexmat.ru,20,0,1,1
micocacola.com.py,20,0,17,1
misingresospasivos.com,20,0,2,1
mlreef.com,20,0,3,1
mocrazystrong.org,20,0,17,1
mojadigitalnaakademija.com,20,0,2,1
montclairrrtrail.org,20,0,17,1
mooandbrewfest.com,20,0,51,1
moreconvert.com,20,0,4,1
mri-ct.com,20,0,34,1
mycustomsoftware.com,20,0,1,1
mydriverdirect.com,20,0,17,1
myreech.com,20,0,1,1
myservername.com,20,0,61,1
mywptips.com,20,0,8,1
nakocos.com,20,0,4,1
negosentro.com,20,0,1,1
netolink.com,20,0,23,1
netvouz.com,20,0,12,1
newpulselabs.com,20,0,4,1
nexos.cl,20,0,17,1
nexusmktg.com,20,0,8,1
nhsfootballhof.com,20,0,34,1
noptin.com,20,0,1,1
norcalpca.org,20,0,17,1
nuancesprog.ru,20,0,2,1
oceanviewkangarooisland.com.au,20,0,17,1
oel-muehle.at,20,0,1,1
olliemarketing.com,20,0,2,1
onidea.it,20,0,4,1
onlinemarketinginct.com,20,0,1,1
open.video,20,0,87,1
opencirrus.org,20,0,2,1
optimwise.com,20,0,1,1
organicdigital.co,20,0,1,1
outandbeyond.com,20,0,2,1
overzichtje.nl,20,0,2,1
ownedbypugs.com,20,0,4,1
packalyst.com,20,0,15,1
palmergolfcourse.com,20,0,41,1
pangolia.com,20,0,1,1
partneringforpeace.org,20,0,17,1
pashtriku.org,20,0,2,1
pathwayfirm.com,20,0,17,1
penpath.com,20,0,1,1
peterindia.net,20,0,22,1
photoshop-online.org,20,0,1,1
php.earth,20,0,2,1
piccianeri.com,20,0,6,1
pixelemu.com,20,0,34,1
pixelettestudios.com,20,0,5,1
pixelwerker.de,20,0,6,1
pixolabo.com,20,0,10,1
plantdesigns.com,20,0,3,1
poliklinika-sebetic.hr,20,0,4,1
pooltables.ca,20,0,5,1
primeilmedicalgroup.com,20,0,17,1
qadra.studio,20,0,24,1
quantsnote.com,20,0,5,1
quipwave.com,20,0,15,1
radioafrika.net,20,0,17,1
rankhandy.com,20,0,1,1
reaction.ca,20,0,5,1
reciftech.com,20,0,1,1
renes.nl,20,0,17,1
researchasahobby.com,20,0,2,1
riverandrichcolumbus.com,20,0,16,1
rivermillsal.com,20,0,17,1
roadtoblogging.com,20,0,2,1
rosswintle.uk,20,0,1,1
rozzario.com,20,0,2,1
sandbar-anguilla.com,20,0,51,1
sanmigueldeallende.realestate,20,0,17,1
scamrisk.com,20,0,2,1
scmgalaxy.com,20,0,1,1
scrumhalfconnection.com,20,0,2,1
seatheme.net,20,0,1,1
seethebrilliance.com,20,0,18,1
selectivf.com,20,0,1,1
seo-4u.com,20,0,3,1
seoagency.co.il,20,0,1,1
sercooftexas.com,20,0,17,1
shellcreeper.com,20,0,2,1
shiftweb.com,20,0,1,1
shinyakiniku.com,20,0,41,1
shmul.co.il,20,0,2,1
shoutmecrunch.com,20,0,1,1
showcasejewellers.com.au,20,0,17,1
simplywordpress.com.au,20,0,4,1
sinnapse.com,20,0,17,1
slimming.com.tw,20,0,17,1
smartdigitalsolutions.co.uk,20,0,1,1
smile58puli.com,20,0,17,1
socialmediaworldwide.com,20,0,1,1
sociaty.io,20,0,1,1
solutionsuggest.com,20,0,1,1
sparq.ai,20,0,2,1
spintheglobeproject.com,20,0,2,1
sport-squad.com,20,0,17,1
sridharkatakam.com,20,0,2,1
starsmedia.com,20,0,2,1
startblogging101.com,20,0,6,1
startupblogpost.com,20,0,1,1
startupgeek.com,20,0,4,1
startupmgzn.com,20,0,1,1
stier.co.il,20,0,17,1
stik.pro,20,0,1,1
storeownertips.com,20,0,3,1
studio-umi.jp,20,0,1,1
studyhub.net.in,20,0,1,1
successwithsoul.co,20,0,1,1
sultanbaklava.com,20,0,17,1
sunzhongwei.com,20,0,1,1
superdevresources.com,20,0,1,1
superspeedyplugins.com,20,0,1,1
superwebtricks.com,20,0,1,1
sushisaintny.com,20,0,41,1
svetwp.cz,20,0,2,1
synapsa-med.pl,20,0,51,1
syndelltech.com,20,0,2,1
syriancanadianfoundation.ca,20,0,17,1
t-ranks.com,20,0,4,1
tacenc.com,20,0,51,1
tai-wu.nl,20,0,16,1
techvocast.co.uk,20,0,5,1
techyv.com,20,0,1,1
teknovidia.com,20,0,1,1
testado.hu,20,0,15,1
testfellow.com,20,0,5,1
thekatyblog.com,20,0,7,1
thematosoup.com,20,0,1,1
themeim.com,20,0,1,1
themencode.com,20,0,34,1
themeparrot.com,20,0,1,1
themesharbor.com,20,0,17,1
thenextscoop.com,20,0,7,1
theprairiegroup.com,20,0,2,1
thereserveculinarytavern.com,20,0,17,1
thetechdelta.com,20,0,6,1
timtech.tw,20,0,2,1
tizzit.co,20,0,48,1
tonytemplates.com,20,0,1,1
toptierstartups.com,20,0,1,1
tqnia.me,20,0,2,1
trafficsoda.com,20,0,3,1
tricoglandbank.org,20,0,14,1
trywinback.com,20,0,1,1
tsid.org,20,0,17,1
tudomuaban.com,20,0,4,1
turbanaus.com,20,0,41,1
turtlegirltravel.com,20,0,4,1
tutorials24x7.com,20,0,1,1
ubi-interactive.com,20,0,1,1
uprav-uchet.ru,20,0,1,1
urmotors.com,20,0,5,1
useworkhero.com,20,0,2,1
valdelivenne.fr,20,0,2,1
versatile.club,20,0,1,1
victorduse.com,20,0,1,1
video-bookmark.com,20,0,65,1
vintage.recipes,20,0,17,1
vipestudio.com,20,0,3,1
vpsboard.com,20,0,12,1
webcartisan.com,20,0,1,1
webfit.co.kr,20,0,1,1
webforumet.no,20,0,7,1
webiskola.hu,20,0,1,1
weblic.co.jp,20,0,1,1
webnode.lv,20,0,4,1
weboworld.com,20,0,2,1
webprecious.com,20,0,1,1
websitebuilder.org,20,0,5,1
webstick.blog,20,0,43,1
wellis.nl,20,0,1,1
westfield-creative.com,20,0,5,1
wewp.io,20,0,2,1
wizza.com,20,0,1,1
wp-rankings.com,20,0,4,1
wp-school.co.il,20,0,1,1
wpar.net,20,0,17,1
wpcaremarket.com,20,0,9,1
wpcore.com,20,0,1,1
wpdepend.com,20,0,3,1
wpdiscounts.io,20,0,3,1
wphub.com,20,0,1,1
wponcall.com,20,0,2,1
wpsoul.net,20,0,3,1
wpsupportspecialists.com,20,0,1,1
wpsymposium.com,20,0,2,1
wpthemespeed.com,20,0,1,1
wrightsville.com,20,0,17,1
writetext.ai,20,0,1,1
xaelcharter.com,20,0,17,1
xdg.me,20,0,1,1
xplodedthemes.com,20,0,7,1
xposedornot.com,20,0,1,1
yewbiz.com,20,0,4,1
yoandev.co,20,0,2,1
yoheplumbing.com,20,0,34,1
yourfitnesssolutions.ca,20,0,17,1
zetaspace.cc,20,0,2,1
323works.com,19,0,1,1
3bro.info,19,0,1,1
4rbhturningpoint.org,19,0,17,1
8degreethemes.com,19,0,8,1
abilitye.com,19,0,1,1
ablanckcanvas.com,19,0,17,1
ablocks.pro,19,0,1,1
aceart.de,19,0,1,1
adventdigital.net,19,0,3,1
aescoladesites.com.br,19,0,1,1
afteractive.com,19,0,1,1
ahoi.dev,19,0,21,1
ampedpages.com,19,0,6,1
andolinis-pizza.com,19,0,17,1
annagrunduls.com,19,0,2,1
antimatterlabs.ca,19,0,17,1
antsle.com,19,0,279,1
aovup.com,19,0,2,1
appflow.ai,19,0,1,1
apuleius.it,19,0,17,1
arrowtheme.com,19,0,4,1
arthaimpact.com,19,0,34,1
artsycourseexperts.com,19,0,1,1
asmlawyers.com,19,0,1,1
associateprograms.com,19,0,1,1
astutecopyblogging.com,19,0,4,1
ateresshimon.org,19,0,1,1
athletixtraining.com,19,0,170,1
atlantamimosafestival.com,19,0,41,1
atxgo.org,19,0,9,1
audicontractors.com,19,0,17,1
awaraj.com,19,0,1,1
b2bco.com,19,0,1,1
babiato.tech,19,0,38,1
barbarapatterson.com,19,0,17,1
barnacionalcuritiba.com.br,19,0,17,1
baycountryrentalsofpasadena.com,19,0,17,1
bayseries.co.uk,19,0,17,1
bbsnaturalstone.com,19,0,1,1
beecommercer.com,19,0,4596,1
bellinghamrollerbetties.com,19,0,17,1
bgol.us,19,0,2,1
bigmetaladditive.com,19,0,17,1
bizspice.com,19,0,1,1
blizzardpress.com,19,0,1,1
bloggersideas.com,19,0,74,1
blogmanagement.io,19,0,1,1
blognife.com,19,0,4,1
bluefx.net,19,0,35,1
bluemind.app,19,0,1,1
boabcaravanpark.com.au,19,0,1,1
bosnianforum.com,19,0,2,1
brandexponents.com,19,0,1,1
brewskeezstl.com,19,0,17,1
brianshim.com,19,0,3,1
brighton-website-design.co.uk,19,0,1,1
brocksgapdentalgroup.com,19,0,86,1
bslthemes.com,19,0,17,1
builtindia.in,19,0,1,1
businessnet.com.au,19,0,17,1
buskerteerschoir.com,19,0,68,1
buttonizer.pro,19,0,1,1
buzz4ai.com,19,0,1,1
californiaherald.com,19,0,1,1
calimentaria.com,19,0,164,1
capelinks.com,19,0,5,1
caribbeancuts.com,19,0,17,1
cart-help.com,19,0,138,1
cce.community,19,0,51,1
cdminternacional.com,19,0,17,1
centerstreetdazefestival.com,19,0,17,1
charlestw.com,19,0,1,1
chateaulemongrass.com,19,0,17,1
classicyachtinfo.com,19,0,17,1
cliveblair.co.uk,19,0,2,1
cloudmeister.ch,19,1,0,1
codeandcore.com,19,0,1,1
codesamplez.com,19,0,1,1
codestag.com,19,0,2,1
cokoye.com,19,0,3,1
com21.com,19,0,3,1
comfortparking.nl,19,0,17,1
comkeyconsulting.com.au,19,0,1,1
compackage.com,19,0,6,1
companyriviera.eu,19,0,1,1
comparisontabl.es,19,0,1,1
comtechies.com,19,0,46,1
connect4consulting.com,19,0,1,1
contagiousevents.net,19,0,17,1
conversiones.com,19,0,188,1
coolfordeal.com,19,0,17,1
copytactics.com,19,0,1,1
couponcodes.store,19,0,2,1
creatuity.com,19,0,2,1
ctkpro.com,19,0,93,1
dacostacoaching.co.uk,19,0,19,1
dade2.net,19,0,1,1
dailyseoblog.com,19,0,1,1
danskjagtformidling.dk,19,0,1,1
daveswift.com,19,0,63,1
dbtune.com,19,0,2,1
deletedesk.org,19,0,2,1
dentserv.com,19,0,17,1
depotgrill-twinfalls.com,19,0,17,1
derak.cloud,19,0,1,1
developher.com,19,0,17,1
diendanit.net,19,0,3,1
diewebag.de,19,0,5,1
digipixinc.com,19,0,11,1
do-centr.ru,19,0,1,1
downelink.com,19,0,1,1
drawwow.com,19,0,6,1
drm.gov.bs,19,0,1,1
dulcineapitagora.com,19,0,2,1
easyb.org,19,0,1,1
eazyplugins.com,19,0,4,1
echelontechs.com,19,0,3,1
elephantscandance.com.au,19,0,1,1
eliteshost.com,19,0,176,1
elivestory.com,19,0,1,1
enappd.com,19,0,9,1
epwired.com,19,0,1,1
espressotiamo.com,19,0,1,1
establishpr.com,19,0,17,1
f.technology,19,0,4,1
f13.net,19,0,103,1
fastread.in,19,0,2,1
fasttechbuzz.com,19,0,5,1
fatrainbow.com,19,0,3,1
feedsynews.com,19,0,3,1
fireindustrytraining.com.au,19,0,17,1
firstorder.ai,19,0,2,1
fiv5starscleaning.com,19,0,697,1
fiveoceansinateaspoon.com,19,0,51,1
fixmywp.com,19,0,2,1
flexicloud.co,19,0,1,1
flowragency.com,19,0,10,1
foreignerds.com,19,0,5,1
forumforyou.it,19,0,1,1
forumpromotion.net,19,0,138,1
fountaincity.tech,19,0,2,1
foureyes.com,19,0,1,1
freeclassifiedssites.com,19,0,1,1
friendstaxi.in,19,0,220,1
frodx.com,19,0,6,1
frontierbio.com,19,0,17,1
gbti.network,19,0,3,1
geek.com.tr,19,0,2,1
getclicks.co.il,19,0,1,1
getswitchboardapp.com,19,0,5,1
gifographics.co,19,0,1,1
global-remit.co.il,19,0,17,1
gloriamarisgh.com,19,0,17,1
godam.io,19,0,1,1
gohartanah.com,19,0,2,1
google.com.tn,19,0,5,1
goworkhorse.com,19,0,16,1
graceful.dev,19,0,6,1
grasslandequipment.ca,19,0,51,1
greenlightec.com,19,0,17,1
guideblogging.com,19,0,1,1
harkersislandrvresort.com,19,0,34,1
harmonweb.com,19,0,1,1
heartandsoulclinic.org,19,0,17,1
helmegypt.org,19,0,17,1
hocviendaotao.com,19,0,1,1
hoffnmazor.com,19,0,1,1
hollybirchphotography.com,19,0,1,1
hot-themes.com,19,0,1,1
hotelcourseine.com,19,0,1,1
hotvsnot.com,19,0,49,1
houstonestatesalesauctions.com,19,0,17,1
httclub.com,19,0,1,1
hudsonvalleytraveler.com,19,0,4,1
ibenic.com,19,0,1,1
ibftoday.ca,19,0,1,1
icharts.org,19,0,1,1
ichotebor.cz,19,0,17,1
ideadeco.co,19,0,15,1
idevie.com,19,0,3,1
ilamhomestead.co.nz,19,0,17,1
im88.tw,19,0,1,1
imanageproducts.com,19,0,2,1
infosecscout.com,19,0,1,1
internetviking.nl,19,0,3,1
intricate-designs.com,19,0,2,1
intuitivespecialists.com,19,0,9,1
iohealth.ai,19,0,17,1
ishayoga.eu,19,0,1,1
itdelight.io,19,0,1,1
jafarnajafov.com,19,0,1,1
jefec.com,19,0,1,1
joinarlingtoncountypd.com,19,0,17,1
joinarvadapd.com,19,0,17,1
joinnewarkpd.com,19,0,17,1
joinstocktonpd.com,19,0,17,1
joshwp.com,19,0,7,1
jrudevels.org,19,0,2,1
julian.org.il,19,0,3,1
justpaste.in,19,0,1,1
kateporteryoga.com,19,0,17,1
kauppahotelli.fi,19,0,17,1
kgcnijmegen.nl,19,0,17,1
kievisp.com,19,0,1,1
kilowott.com,19,0,1,1
kimmytailor.com,19,0,17,1
kisanlink.com,19,0,2,1
klikmania.net,19,0,20,1
ko-mar.com,19,0,17,1
koalahilfe.de,19,0,3,1
konsepto.fi,19,0,6,1
kss1.com,19,0,17,1
lab00.org,19,0,102,1
labande.ca,19,0,17,1
lalocamaria.in,19,0,17,1
lamanwp.com,19,0,1,1
ldx.design,19,0,1,1
lebkuchen-gandl.com,19,0,2,1
limontec.com,19,0,1,1
linkshake.co.il,19,0,7,1
litossb.com,19,0,17,1
logic1.co.nz,19,0,34,1
longhornphp.com,19,0,1,1
louiswebsdale.co.uk,19,0,1,1
lovethailicious.com,19,0,17,1
lowvisionaids.org,19,0,17,1
lynnplourde.com,19,0,17,1
magforest.com,19,0,33645,1
mailvio.com,19,0,2,1
maisey.co,19,0,1,1
marcbergermusic.com,19,0,17,1
marketrefinedmedia.com,19,0,1,1
marrmediagroup.com,19,0,2,1
maslike.es,19,0,1,1
mateusguimaraes.com,19,0,2,1
mavenecommerce.com,19,0,2,1
maxiblocks.com,19,0,1,1
mdpinocchio.com,19,0,164,1
meetingplanner.io,19,0,2,1
mendelsites.com,19,0,2,1
meridianspine.com,19,0,17,1
metishomes.co.uk,19,0,17,1
metpgajuniorgolf.com,19,0,51,1
mezcaldeleyendas.com,19,0,51,1
mindflowmarketing.com,19,0,6,1
misp-galaxy.org,19,0,1,1
mister-wp.com,19,0,6,1
mitcoworld.com,19,0,17,1
miu.sg,19,0,41,1
mockitt.com,19,0,1,1
montecardon.com,19,0,17,1
moosocial.com,19,0,1,1
moss51.com,19,0,1,1
mybargainbuddy.com,19,0,1,1
myps.ps,19,0,19,1
mysailingcourse.com,19,0,17,1
n6cloud.com,19,0,1,1
nadlan-nadlan.co.il,19,0,17,1
nairobigarage.com,19,0,1,1
nakeddigital.au,19,0,1,1
nealgrosskopf.com,19,0,10,1
neatprompts.com,19,0,10,1
nectar.id,19,0,1,1
neon.today,19,0,2,1
netup.ai,19,0,1,1
nexusmedia-ua.com,19,0,1,1
niagarafleamarket.ca,19,0,17,1
nichetwins.com,19,0,8,1
nicholasidoko.com,19,0,2,1
nikolaroza.com,19,0,2,1
ninaishare.com,19,0,24,1
nisys.de,19,0,2,1
nobleintent.com,19,0,3,1
norcalgolfacademy.com,19,0,17,1
nordweb.lt,19,0,1,1
northington.co.nz,19,0,17,1
northshore.digital,19,0,10,1
oberonlai.blog,19,0,2,1
onedollarvps.com,19,0,27,1
ournagpur.com,19,0,3,1
ourownstartup.com,19,0,1,1
outreachapps.com,19,0,44,1
ownersmag.com,19,0,2,1
oxfordcountrycottages.co.uk,19,0,17,1
paradhis.co.uk,19,0,17,1
pdf7.app,19,0,2,1
phoenixlawgroup.com,19,0,17,1
phonecare.com,19,0,2,1
pikmediagroup.com,19,0,1,1
pixelpeople.com,19,0,1,1
pixoulgaming.com,19,0,17,1
placedesproducteurs.ca,19,0,119,1
plana.ae,19,0,6,1
planetahuevo.es,19,0,1,1
pluginever.com,19,0,3,1
pmprecruitment.co.uk,19,0,17,1
podro.com,19,0,1,1
poi.si,19,0,17,1
pontikis.net,19,0,7,1
popularaitools.ai,19,0,9,1
postmode.org,19,0,4,1
prek.no,19,0,1,1
prev.site,19,0,1,1
proautobc.com,19,0,17,1
pronacatqma.com,19,0,17,1
psmgraphix.com,19,0,17,1
quorage.com,19,0,4,1
rabatol.pl,19,0,1,1
rampartcre.com,19,0,47,1
ratablog.com,19,0,2,1
reactin.io,19,0,2,1
readysteadywebsites.com,19,0,4,1
redcart.com,19,0,4,1
reinvestwealth.com,19,0,4,1
rejestracjadomen.pl,19,0,2,1
rentkit.com,19,0,1,1
rescue1mfg.com,19,0,5,1
revshare.so,19,0,4,1
rickidwebdesign.nl,19,0,120,1
rickyspears.com,19,0,1,1
riolafayette.com,19,0,34,1
riyo.ai,19,0,1,1
rksmarketing.com,19,0,1,1
rmcreative.ru,19,0,11,1
rosslersbluecordbbq.com,19,0,17,1
rumotan.com,19,0,1804,1
rusichi.info,19,0,5,1
sabavision.com,19,0,1,1
salestaxusa.com,19,0,188,1
samaritaninfotech.com,19,0,1,1
sanwebe.com,19,0,4,1
saskcode.ca,19,0,17,1
senooken.jp,19,0,2,1
seokar.com,19,0,1,1
shakespeares.ca,19,0,17,1
simpleyilan.com,19,0,17,1
smartbrandmarketing.com,19,0,3,1
smartpeopleiknow.com,19,0,6,1
smstoslack.com,19,0,38,1
socialifestylemag.com,19,0,1,1
soju101.com,19,0,85,1
solarmais.digital,19,0,17,1
soniclean.com.au,19,0,3,1
soofootball.com,19,0,2,1
soulbeautyaesthetics.com,19,0,17,1
soulheart.co,19,0,1,1
spinysoftware.com,19,0,34,1
spravyomeste.sk,19,0,58,1
startbloggingonline.com,19,0,2,1
startutorial.com,19,0,1,1
stateofdb.com,19,0,1,1
statusfield.com,19,0,22,1
steelriverscog.org,19,0,10,1
stephensevolution.com,19,0,4,1
stoutewebsolutions.com,19,0,2,1
studio5creative.com,19,0,3,1
sudeshroul.com,19,0,1,1
sumosearch.us,19,0,1,1
susanbailisal.com,19,0,17,1
susannagebauer.com,19,0,5,1
tailwindcafe.com,19,0,17,1
tapisrougefransfilmfestival.nl,19,0,17,1
tatemweb.com,19,0,1,1
tawasulforum.org,19,0,1,1
teachconnect.in,19,0,17,1
techdella.com,19,0,1,1
techeshta.com,19,0,17,1
techquintal.com,19,0,5,1
techrrival.com,19,0,1,1
teknoflair.com,19,0,1,1
temeculadancecompany.com,19,0,2,1
templechildrensmuseum.org,19,0,17,1
tetrapy.de,19,0,1,1
the-founders-corner.com,19,0,14,1
thebarberingacademy.com,19,0,2,1
theblackbarn.co.nz,19,0,17,1
thebluepub.com,19,0,17,1
thecwtchswansea.co.uk,19,0,17,1
thedavahotel.com.au,19,0,17,1
thekingsarmssandhutton.co.uk,19,0,17,1
themovementstudio.ie,19,0,17,1
thenicheguru.com,19,0,9,1
thesternmethod.com,19,0,17,1
thetechjournal.com,19,0,1,1
thethrive.in,19,0,956,1
theunconventionalrd.com,19,0,12,1
thfineart.ca,19,0,17,1
thinktoshare.com,19,0,3,1
thosethatknow.co.uk,19,0,1,1
tickledtoad.com,19,0,1,1
timarchiropractic.co.uk,19,0,17,1
tinycp.com,19,0,3,1
tiptop.market,19,0,34,1
tkt.travel,19,0,17,1
top10hebergeursweb.com,19,0,2,1
topenddevs.com,19,0,39,1
translationblog.net,19,0,2,1
tri-vtool.com,19,0,17,1
tribaldigitalmedia.com,19,0,1,1
trinkkost.de,19,0,1,1
trueformprojects.com,19,0,51,1
truemark.dev,19,0,1,1
trytada.com,19,0,2,1
tutorialink.com,19,0,3,1
tvpsolar.com,19,0,17,1
twinstrata.com,19,0,18,1
unicent.in,19,0,34,1
utdplug.co.uk,19,0,1,1
utmagazine.ru,19,0,4,1
verysaas.io,19,0,3,1
vidi-x.org,19,0,17,1
villagetrust.co.nz,19,0,17,1
vimexx.eu,19,0,3,1
visible.no,19,0,1,1
visithometownmed.com,19,0,17,1
vostokshin.ru,19,0,3,1
vypemedia.com,19,0,17,1
wahoobay.org,19,0,17,1
waterpigs.co.uk,19,0,2,1
waynecountybarassociation.com,19,0,17,1
wdb.agency,19,0,1,1
wearestarke.com,19,0,3,1
web4pro.net,19,0,3,1
webclub.co.il,19,0,1,1
websta.me,19,0,3,1
weirdworm.net,19,0,1,1
weteringbrug.info,19,0,4,1
wifiwijs.nl,19,0,3,1
wikimint.com,19,0,3,1
wilmhope.org,19,0,17,1
woahtech.com,19,0,1,1
woofrance.fr,19,0,15,1
wordandwonder.org,19,0,1,1
wordpressintegration.com,19,0,3,1
wpaccessibility.day,19,0,8,1
wpaisle.com,19,0,1,1
wpblazer.com,19,0,2,1
wpdive.com,19,0,3,1
wpinsideblog.com,19,0,1,1
wprblogger.com,19,0,10,1
wpromo.net,19,0,17,1
wpviking.agency,19,0,2,1
writtlesunflowers.co.uk,19,0,17,1
wsptrooper.com,19,0,17,1
xn-health.com,19,0,17,1
yosseftiran.com,19,0,16,1
youautocompleteme.io,19,0,1,1
yungke.me,19,0,1,1
zeropointdevelopment.com,19,0,2,1
zetra.hu,19,0,2,1
zouton.com,19,0,1,1
10best.co.nz,18,0,2,1
4vn.eu,18,0,2,1
777baystreet.com,18,0,17,1
9malls.com,18,0,1,1
abra-ca-debora.co.uk,18,0,17,1
acshropshire.co.uk,18,0,1,1
actlimo.com.au,18,0,1,1
advertstar.net,18,0,9,1
affcaptain.com,18,0,38,1
affiliateresources.org,18,0,2,1
againstmedia.io,18,0,1,1
agencygrowth.events,18,0,2,1
agileweboperations.com,18,0,1,1
agreatidea.com,18,0,34,1
aidm.in,18,0,3,1
airportridgesportingclays.com,18,0,17,1
aiworld.hu,18,0,1,1
alainschlesser.com,18,0,2,1
albert-digital-dental.tw,18,0,51,1
allied-re.co.il,18,0,17,1
allreviews.ca,18,0,4,1
allusefulinfo.com,18,0,3,1
alt-creative.com,18,0,3,1
alta-se.com,18,0,17,1
am-news.com,18,0,1,1
amitiesoleil.org,18,0,17,1
anchoralpine.com,18,0,1,1
androidinfotech.com,18,0,1,1
animeoceancity.com,18,0,51,1
animogen.com,18,0,5,1
apdigi.in,18,0,5,1
apibit.com,18,0,5,1
apical.xyz,18,0,1,1
appgini.com,18,0,1,1
aquabluewax.com,18,0,17,1
arabes1.com,18,0,1,1
arc-hotel.de,18,0,17,1
aubinauto.com,18,0,17,1
axiswebart.com,18,0,1,1
aztecwasher.com,18,0,17,1
banffbeavercabins.com,18,0,17,1
banglatech24.com,18,0,1,1
baste-sportive.com,18,0,4,1
beautycoach.com,18,0,51,1
beezeebodies.com,18,0,123,1
berkus.com,18,0,1,1
bforbloggers.com,18,0,1,1
bizwin.co.nz,18,0,139,1
blackriverinn.co.uk,18,0,2,1
blogheist.com,18,0,5,1
bongocinema.com,18,0,5,1
bookingcore.co,18,0,7,1
bosspro.co.il,18,0,1,1
brightseotools.com,18,0,22,1
briteccomputers.co.uk,18,0,8497,1
brockmcgoff.com,18,0,1,1
buildabetterweb.site,18,0,2,1
business.express,18,0,4,1
c212.net,18,0,2,1
cadfa.org,18,0,1,1
caforum.fr,18,0,7,1
cariera.co,18,0,1,1
carinashipping.com,18,0,34,1
casadaurora.com.br,18,0,34,1
casanovabrooks.com,18,0,17,1
cca.cl,18,0,17,1
chamer-autoservice.de,18,0,12,1
checkview.io,18,0,1,1
cherrywoodre.com,18,0,17,1
choq.fm,18,0,11,1
cibersistemas.pt,18,0,1,1
cieldesign.co.jp,18,0,2,1
cirquenuit.com,18,0,17,1
clays.com,18,0,1,1
clippingpathcreative.com,18,0,1,1
cloudghost.net,18,0,17,1
cloudzat.com,18,0,3,1
clubbuzz2.co.uk,18,0,17,1
clubdeferias.com.br,18,0,17,1
codepaz.com,18,0,2,1
comfortmasterinc.com,18,0,17,1
completerpi.com,18,0,51,1
controlelectricinc.com,18,0,17,1
corse-canyoning-parc.com,18,0,17,1
couponappa.com,18,0,18,1
couponhunt.org,18,0,8,1
couponplusdeal.com,18,0,3,1
creativeskillseurope.eu,18,0,1,1
crestaproject.com,18,0,2,1
crm.buzz,18,0,2,1
csures.com,18,0,17,1
cybertekmarketing.com,18,0,1,1
daiphap.org,18,0,1,1
daninstitute.com,18,0,1,1
designgrid.com.au,18,0,1,1
dgimlaw.com,18,0,17,1
digicom.io,18,0,1,1
digiexe.com,18,0,190,1
digifloor.com,18,0,4,1
dinaweb.net,18,0,1,1
divicio.us,18,0,3,1
domainmappingsystem.com,18,0,1,1
double.ir,18,0,1,1
dueamicipizza.com,18,0,17,1
easydeploy.io,18,0,1,1
easypaymentsgateway.com,18,0,5,1
easypc.io,18,0,1,1
eatimpasto.com,18,0,17,1
ecobeeworld.com,18,0,17,1
elitemedialimited.co.uk,18,0,17,1
emfsurvey.com,18,0,1,1
endtrace.com,18,0,1,1
ennisbraces.com,18,0,17,1
entranet.com.br,18,0,4,1
entrepreneurmakeover.com,18,0,2,1
entresoft.com,18,0,68,1
evrig.com,18,0,4,1
evron.com,18,0,1,1
ewhois.com,18,0,1,1
eyankimedia.com,18,0,3,1
ezentials.ca,18,0,17,1
fallsatimperialoaks.com,18,0,17,1
fatnerdstock.com,18,0,52,1
flarewd.com,18,0,17,1
flashcloud.com,18,0,4,1
flavorpalooza.com,18,0,1,1
florianbrinkmann.com,18,0,1,1
foodtruckhires.com.au,18,0,17,1
formica.ai,18,0,4,1
fourdots.com.au,18,0,1,1
fredericksburgcomiccon.com,18,0,51,1
freysoft.com,18,0,1,1
friedemannkarig.de,18,0,1,1
gastrosurgicenter.com,18,0,17,1
getaccum.com,18,0,1,1
ghostkitchensindia.com,18,0,17,1
gingerbit.co.il,18,0,17,1
griffinlakecabins.com,18,0,1,1
grow.vn,18,0,5,1
guiadohost.com,18,0,7,1
gvectors.com,18,0,12,1
h1-design.hr,18,0,1,1
hadakanbo.jp,18,0,4,1
hamyarit.com,18,0,1,1
health4community.com.au,18,0,17,1
hearingandbraincenters.com,18,0,17,1
heathhousestables.com,18,0,9,1
hebergeurcloud.com,18,0,2,1
helmykediri.com,18,0,2,1
heywakeup.com.tw,18,0,88,1
hikateatroa.eus,18,0,17,1
hillcrestfarmmarket.com,18,0,85,1
honestfulphilment.com,18,0,2,1
hostida.com,18,0,1,1
hosting-review.com,18,0,5,1
humanistkitap.com,18,0,1,1
huntbiz.com,18,0,2,1
hydrabooking.com,18,0,1,1
hyperspeed.me,18,0,1,1
ialwaysbelievedinfutures.com,18,0,1,1
iamhana.nz,18,0,68,1
icisk.eu,18,0,17,1
idahowomenlawyers.com,18,0,17,1
ideation-digital.com,18,0,1,1
igwebs.com,18,0,1,1
imexpert.au,18,0,1,1
indesignmedia.net,18,0,3,1
infinity-web-solutions.com,18,0,1,1
influrry.tw,18,0,1,1
infographicportal.com,18,0,1,1
inmanelectric.com,18,0,17,1
innovationisland.ca,18,0,1,1
instagym.sk,18,0,17,1
instantloan.sg,18,0,1,1
interminddigital.com,18,0,492,1
inturact.com,18,0,4,1
ircwebservices.com,18,0,22,1
itsreleased.co.uk,18,0,2,1
jeffmcneill.com,18,0,9,1
johnnyholland.org,18,0,2,1
joinbuttesheriff.com,18,0,17,1
joomla-monster.com,18,0,8,1
joomlaux.com,18,0,2,1
joomtechsolutions.com,18,0,2,1
juii.net,18,0,1,1
kalvn.net,18,0,37,1
kavaspojuje.cz,18,0,17,1
keyzy.io,18,0,1,1
kingfishermarketing.be,18,0,34,1
kivaloarany.hu,18,0,3,1
kofclubbock3008.org,18,0,17,1
konstantin.blog,18,0,1,1
kukuainstitute.org,18,0,6,1
lacommission.ca,18,0,17,1
ladiesmakemoney.com,18,0,1,1
lafluteabec.com,18,0,16,1
laghana.org,18,0,16646,1
lakesidepdx.com,18,0,13,1
laramind.com,18,0,3,1
laserlines.com,18,0,1,1
latenightim.com,18,0,3,1
learncodingusa.com,18,0,2,1
learninglaravel.net,18,0,36,1
lecafenoir-dinan.com,18,0,17,1
lecancanpigalle.com,18,0,17,1
lemonsight.com,18,0,1,1
levelupbasketball.training,18,0,17,1
lexemo.com,18,0,17,1
licerainc.com,18,0,1,1
lifehub.com.au,18,0,17,1
linkilo.co,18,0,1,1
linking.co.il,18,0,2,1
liranely.co.il,18,0,2,1
littlebizzy.com,18,0,1,1
locksmithnyc.com,18,0,16,1
lollipopcreative.com.au,18,0,2,1
loud.us,18,0,4,1
lucid-themes.com,18,0,1,1
lytboxacademy.com,18,0,6,1
madavi.co,18,0,10,1
magebig.com,18,0,6,1
magentech.com,18,0,93,1
mailvibes.io,18,0,3,1
make9.tw,18,0,1,1
maluwilz-israel.co.il,18,0,17,1
marketermagazine.co,18,0,1,1
marketingbykevin.com,18,0,1,1
mashma.net,18,0,17,1
mattcromwell.com,18,0,3,1
matthias-zeis.com,18,0,11,1
mattwilsonco.com,18,0,17,1
medium.edu.mk,18,0,17,1
michaeladegoke.net,18,0,1,1
michellemaymd.com,18,0,17,1
midlandsmaidens.com,18,0,2,1
missionbaystanduppaddle.com,18,0,17,1
mnbety.com,18,0,2,1
moj-startup.pl,18,0,1,1
mondedie.fr,18,0,1,1
moniropticians.com,18,0,17,1
morethanamummy.com,18,0,1,1
mountalexanderhotel.com.au,18,0,17,1
mrtintsd.com,18,0,17,1
mrvyasidea.com,18,0,4,1
mswebarts.com,18,0,2,1
mumstheboss.co.uk,18,0,1,1
musaamin.web.id,18,0,1,1
nahamilton.org,18,0,17,1
ncompass.co.uk,18,0,1,1
neonmarketing.it,18,0,1,1
netmark.com,18,0,2,1
newgenapps.com,18,0,1,1
newsblog.pl,18,0,24,1
newsmeter.com,18,0,2,1
newszii.com,18,0,3,1
nexlerate.com,18,0,1,1
nexweave.com,18,0,2,1
nikolay100.com,18,0,2,1
nimml.org,18,0,2,1
nlsoftworks.com,18,0,4,1
noosasunmotel.com.au,18,0,32,1
nordic.dk,18,0,17,1
nspeaks.com,18,0,1,1
ny-media.co.il,18,0,3,1
oaklandperio.com,18,0,17,1
onlinebizbooster.net,18,0,5,1
onsleek.com,18,0,1,1
opkevin.cc,18,0,6,1
organizedassistant.com,18,0,1,1
pactfamily.org,18,0,17,1
pakipackages.com,18,0,1,1
paktales.com,18,0,33,1
palmettoonwest.com,18,0,17,1
paramitafoundationriau.com,18,0,82,1
pasvalia.lt,18,0,17,1
perchcms.com,18,0,8,1
perfectclicks.com,18,0,2,1
pioneer.media,18,0,1,1
plugincy.com,18,0,1,1
pluspromotions.co.uk,18,0,1,1
polarmass.com,18,0,1,1
portableentrepreneur.com,18,0,1,1
poweraggregates.ie,18,0,24,1
ppeci.com,18,0,2,1
profitablemedia.com,18,0,2,1
propoze.app,18,0,1,1
purelysupp.com,18,0,1,1
pussy888fun.live,18,0,17,1
qbexpress.com,18,0,1,1
quantumwarp.com,18,0,55,1
questioncage.com,18,0,1,1
rainaamsterdam.nl,18,0,17,1
rainbowthemes.net,18,3,0,1
raisedtowalk.org,18,0,1,1
rankmagic.com,18,0,1,1
reinforcelab.com,18,0,8,1
reisburocerimovic.nl,18,0,17,1
renewableh2.org,18,0,17,1
resqunit.com,18,0,17,1
retrogustoibiza.com,18,0,17,1
return-true.com,18,0,1,1
rhealth.com,18,0,17,1
rigzsoft.co.uk,18,0,1,1
rizalconsulting.id,18,0,2,1
rktshirts.com,18,0,17,1
robotalp.com,18,0,1,1
rosewoodmarketing.ca,18,0,1,1
roxellemt.com,18,0,17,1
royaldogboarding.com,18,0,17,1
rubberline.ca,18,0,17,1
ruhanirabin.com,18,0,2,1
sackvilleelc.com,18,0,43,1
salesandorders.com,18,0,1,1
samanthanorth.com,18,0,6,1
samarj.com,18,0,18,1
santamariacraftpub.com,18,0,17,1
satishkushwaha.com,18,0,2,1
saudagarwp.com,18,0,2,1
savvygents.com,18,0,1,1
scalesta.com,18,0,1,1
schealthcarevoices.org,18,0,17,1
schoolofwoodcarving.com,18,0,17,1
sda.company,18,0,3,1
seanobrien.com.au,18,0,1,1
sellerconnect.de,18,0,2,1
sfnd.ch,18,0,3,1
sheatwork.com,18,0,16,1
siegalworks.com,18,0,1,1
simplesites.com,18,0,17,1
sinbadgroup.org,18,0,4,1
smet.be,18,0,17,1
snapcorn.com,18,0,1,1
socialcrow.co,18,0,1,1
softwarecompare.co.il,18,0,1,1
softwaremag.com,18,0,3,1
sourcelow.com,18,0,1,1
southamptonstreetgarage.co.uk,18,0,17,1
speedy.site,18,0,2,1
spinupcreative.com,18,0,1,1
spreadtrumdriver.com,18,0,1,1
staceybrownrandall.com,18,0,1,1
startupgrantsindia.com,18,0,252,1
startupheroes.io,18,0,1,1
startupsoflondon.com,18,0,1,1
staticfast.com,18,0,1,1
steadyrun.com,18,0,1,1
stellarwp.com,18,0,4,1
steplabs.xyz,18,0,1,1
storyware.co,18,0,276,1
stratigia.com,18,0,1,1
summersetsuperstore.com,18,0,17,1
summithouseweddings.com,18,0,17,1
superdense.com,18,0,2,1
svcommunity.org,18,0,2,1
swiatwp.pl,18,0,2,1
tapis-decor.com,18,0,17,1
targetarm.com,18,0,17,1
taskerpaymentgateways.com,18,0,1,1
teambuildingsingapore.sg,18,0,17,1
techpocket.net,18,0,3,1
techstorify.com,18,0,1,1
texasjdmmotors.com,18,0,4,1
thaifoodnetwork.com,18,0,17,1
thefalafelbar.com,18,0,17,1
thefeinheit.com,18,0,1,1
thegrogroup.com,18,0,162,1
thehappynews.gr,18,0,4797,1
thehaweslawfirm.com,18,0,51,1
themacresourcesgroup.com,18,0,2,1
theme4press.com,18,0,1,1
themsaid.com,18,0,1,1
thesmartbear.co.uk,18,0,2,1
thestartupzone.in,18,0,51,1
theworldbeast.com,18,0,7,1
thorgdg.com,18,0,1,1
timothyplivingston.com,18,0,1,1
tokpisin.info,18,0,50,1
topashopo.com,18,0,83,1
tran.vc,18,0,1,1
transrescue.org,18,0,1,1
treethemes.com,18,0,51,1
tres.pe,18,0,2,1
trickdroid.org,18,0,2,1
try.direct,18,0,2,1
tung-ning-dental.tw,18,0,51,1
tutsflow.com,18,0,2,1
uknew.co,18,0,5,1
unionwindowfilms.com,18,0,17,1
univahost.com,18,0,1,1
urlumbrella.com,18,0,2,1
valuehosted.com,18,0,1,1
vavodigital.com,18,0,1,1
veidc.com,18,0,2,1
vialit.at,18,0,2,1
videoveggie.com,18,0,17,1
viktoryshop.de,18,0,1,1
vpnx.blog,18,0,1,1
vrabe.tw,18,0,2,1
vrid.ai,18,0,2,1
vvitchdigital.com,18,0,1,1
wallblog.com,18,0,2,1
wantalkmarketing.com,18,0,2,1
webhostingmedia.net,18,0,1,1
websiteradar.net,18,0,96,1
webtoonxyz.net,18,0,1,1
welpmagazine.com,18,0,2,1
wheel-power.co.uk,18,0,17,1
whiteshellpetroforms.com,18,0,17,1
wilbargroup.com,18,0,34,1
winsavvy.com,18,0,1,1
winterwonderlandstoke.com,18,0,17,1
wp-bullet.com,18,0,1,1
wpappstore.com,18,0,2,1
wpdu.me,18,0,2,1
wpeventful.com,18,0,2,1
wpexposure.com,18,0,1,1
wpfrank.com,18,0,1,1
wppit.com,18,0,5,1
wppluginsforyou.com,18,0,1,1
wpservices.com,18,0,6,1
wptablebuilder.com,18,0,5,1
wpworld.host,18,0,7,1
wwmfest.com,18,0,17,1
xgenious.com,18,0,1,1
yarmo.eu,18,0,2,1
yarntonmanor.org,18,0,17,1
yellana.co,18,0,2,1
yes-news.com,18,0,2,1
yourguitarbrain.com,18,0,2,1
ytechnology.co,18,0,1,1
11meigui.com,17,0,1,1
1daywebs.com,17,0,1,1
2fawebsites.github.io,17,0,2,1
3xm.nl,17,0,17,1
40tech.com,17,0,1,1
60secondmarketer.com,17,0,2,1
789.com.mx,17,0,17,1
8329098.com.tw,17,0,17,1
99eedu.com,17,0,1,1
a2zmusicfactory.com,17,0,1,1
aboutdev.gr,17,0,3,1
acetour.it,17,0,17,1
adquickly.com,17,0,2,1
aetice.pt,17,0,4,1
aff.top,17,0,4,1
affinsight.com,17,0,4,1
afshinmusic.com,17,0,9,1
agencypro.app,17,0,1,1
agent.so,17,0,1,1
agst.com.br,17,0,17,1
agudahil.org,17,0,68,1
aguilerawebdesign.com,17,0,1,1
aiiottalk.com,17,0,1,1
alarmpol.eu,17,0,151,1
albadrsystems.com,17,0,1,1
alian.info,17,0,3,1
amanjaya-suites-phnom-penh.com,17,0,17,1
anpeq.it,17,0,618,1
anson.com.tw,17,0,1,1
answerguy.com,17,0,2,1
apexauthors.com,17,0,1,1
apponward.com,17,0,2,1
asauctions.com,17,0,17,1
ashparkdigitalservices.co.uk,17,0,4,1
ataiva.com,17,0,1,1
atomicspeakers.com,17,0,6,1
automateddairy.com,17,0,17,1
automotiveinet.com,17,0,17,1
ayaninsights.com,17,0,1,1
azurehospitality.com,17,0,17,1
balcaourbano.com.br,17,0,34,1
bayvista.ca,17,0,1,1
beaverhero.com,17,0,1,1
beecherwalker.com,17,0,17,1
benrey.io,17,0,17,1
bestwebhostingaustralia.org,17,0,1,1
bettercampaign.com,17,0,1,1
bigdataanalyticsnews.com,17,0,3,1
bigorangeheart.org,17,0,2,1
bigtsjerkyhouse.com,17,0,51,1
blackpearl.london,17,0,1,1
bloggersutra.com,17,0,2,1
bloggingden.com,17,0,1,1
blogonyourown.com,17,0,2,1
blogprodesign.com,17,0,8,1
blogsidea.com,17,0,10,1
blogspud.com,17,0,2,1
bootscore.me,17,0,1,1
bradt.ca,17,0,1,1
braveasset.com.br,17,0,68,1
bruscanursery.com,17,0,1,1
buildboard.tv,17,0,1,1
buildinglinkapac.com,17,0,1,1
builtmighty.com,17,0,1,1
burlingamecakery.com,17,0,51,1
busilearn.fr,17,0,33,1
businessfig.com,17,0,22,1
cafebaron.be,17,0,17,1
cafemmo.club,17,0,1,1
cambridgekidsclub.com,17,0,17,1
campaigndonut.com,17,0,18,1
canbottlereturn.com,17,0,204,1
carretadeoro.com,17,0,17,1
casestudies.com,17,0,21,1
catchupdates.com,17,0,307,1
centerforworklife.com,17,0,1,1
centralpalaundry.com,17,0,1,1
charliechang.com,17,0,2,1
chiesi.net,17,0,18,1
chimpandzinc.com,17,0,1,1
chinavasion.com,17,0,1,1
chiro.hu,17,0,4,1
chorri.club,17,0,1,1
christinekmiller.com,17,0,17,1
cityofdarwincruises.com.au,17,0,11,1
clickboxagency.com,17,0,1,1
cloudtimes.org,17,0,2,1
clubaffiliation.com,17,0,19,1
cmsdrupal.com,17,0,3,1
cnvrtool.com,17,0,3,1
cnwintech.com,17,0,1,1
cobalt.graphics,17,0,2,1
codeconfig.dev,17,0,4,1
cointime.ai,17,0,2,1
communitywetlandsforum.ie,17,0,34,1
comoaprenderjapones.net,17,0,47,1
compsmag.com,17,0,5,1
confesercentiroma.it,17,0,739,1
consolacioncas.org,17,0,1,1
coppa.co.il,17,0,17,1
corecaab.com,17,0,17,1
coreinc.biz,17,0,68,1
corkwalksandhikes.com,17,0,205,1
crowdforthink.com,17,0,1,1
crypque.in,17,0,34,1
cupcakeandasmile.com,17,0,17,1
custompcguide.net,17,0,9,1
damiencarbery.com,17,0,3,1
devdiggers.com,17,0,5,1
devhelm.io,17,0,15,1
dextech.net,17,0,17,1
dicasdehospedagem.com,17,0,1,1
disboard.co.uk,17,0,1,1
disq.us,17,0,5,1
doctoroncall.ae,17,0,123,1
doublejack.club,17,0,3,1
dowebwork.de,17,0,48,1
dropshipping.store,17,0,4,1
duhocdaiduong.com,17,0,2,1
e3rf.net,17,0,1,1
earthweb.com,17,0,1,1
easycloudsolutions.com,17,0,2,1
easywebdesigntutorials.com,17,0,3,1
eclipsebuilt.com,17,0,2,1
ecommercecamp.co.uk,17,0,1,1
ecommercexpert.co.uk,17,0,1,1
ecompath.com,17,0,2,1
eem.com.au,17,0,34,1
efficientlyconnected.com,17,0,1,1
electricala2z.com,17,0,1,1
elims.org.ua,17,0,1,1
elinsys.com,17,0,1,1
emacromall.com,17,0,4,1
energiascendente.com,17,0,29,1
example3.com,17,0,1,1
exploringgraphics.com,17,0,17,1
fapello.com.de,17,0,2,1
fasteners.com.mx,17,0,17,1
fastlancer.org,17,0,6,1
feelfree.community,17,0,17,1
felipeelia.com,17,0,3,1
feriors.com,17,0,2,1
fermefleurieperigord.com,17,0,3,1
ferryway.com,17,0,17,1
festaitalianarockford.com,17,0,17,1
filelinx.com,17,0,41,1
finxter.com,17,0,1,1
first1saudi.net,17,0,1,1
flaex.ai,17,0,3,1
flipl.io,17,0,2,1
flocondetoile.fr,17,0,1,1
fluf.io,17,0,8,1
fome.agency,17,0,1,1
foxfiny.com,17,0,17,1
foxland.fi,17,0,1,1
gappsy.com,17,0,1,1
garycoxe.com,17,0,17,1
geek.tr,17,0,2,1
glassquality.com,17,0,4,1
gnms.org.uk,17,0,17,1
goaim.org,17,0,17,1
gomediashark.com,17,0,1,1
goralblue.com,17,0,3,1
gouravbagora.com,17,0,2,1
grabdeals.ae,17,0,16,1
grafix.gr,17,0,2,1
guidebytips.com,17,0,2,1
h3summit.org,17,0,16,1
hassapiko.gr,17,0,17,1
hitspanda.com,17,0,326,1
horseshealingheartsusa.org,17,0,41,1
horsleylab.org,17,0,51,1
hostingclues.com,17,0,1,1
hostingdolphin.com,17,0,8,1
hostingreview.com,17,0,57,1
hostperl.com,17,0,3,1
hostpromola.com,17,0,10,1
hunted.space,17,0,17,1
ibew292benefits.org,17,0,17,1
iccc.net,17,0,16,1
ideaforgestudios.com,17,0,1,1
iftiseo.com,17,0,1,1
increativeweb.com,17,0,2,1
infinityexcel.com,17,0,51,1
inforum.in,17,0,1,1
infouna.edu.pe,17,0,2,1
integritytree.com,17,0,17,1
intel-sw.com,17,0,2,1
investmentpartners.com,17,0,17,1
iotworm.com,17,0,1,1
iptv-new.com,17,0,3,1
iptvranks.com,17,0,2,1
irvinglab.com,17,0,39,1
itsarty.studio,17,0,3,1
itsmachas.com,17,0,3,1
jacobmartella.com,17,0,1,1
jasonyingling.me,17,0,1,1
jiggmin2.com,17,0,2,1
jitendra.co,17,0,3,1
jonbishop.com,17,0,1,1
jontorres.com,17,0,2,1
joomlaxtc.com,17,0,1,1
jrobuchoncyprus.com,17,0,17,1
jstruckmart.com,17,0,17,1
justin-travel.com,17,0,1,1
justoborn.com,17,0,5,1
kaisiadoriuspc.lt,17,0,17,1
karmalize.org,17,0,1,1
kehorne.co.uk,17,0,603,1
khrisdigital.com,17,0,1,1
kirriemuircameraobscura.com,17,0,30,1
kiwimore.com,17,0,3,1
labtopinstruments.com,17,0,68,1
latherandfizz.com,17,0,2,1
leanna.ng,17,0,1,1
learningcenter.org,17,0,17,1
leathercraft.com.sg,17,0,17,1
lecolombaiecountryresort.com,17,0,17,1
lieyucruise.com,17,0,17,1
linkforce.io,17,0,1,1
linuxtechmore.com,17,0,2,1
lior-shapira.co.il,17,0,4,1
littlebrotherscincinnati.org,17,0,17,1
livingmetta.com,17,0,17,1
lm2c2.cl,17,0,34,1
locandadeipescatori.com,17,0,17,1
login-ed.com,17,0,77,1
lokalhq.com,17,0,1,1
lsong.org,17,0,7,1
lttraining.com.au,17,0,17,1
macjack.app,17,0,17,1
madebytribe.com,17,0,1,1
makingmommas.com,17,0,1,1
manojjoshi.tech,17,0,2,1
marketergems.com,17,0,2,1
masjidtarbiyah.org,17,0,17,1
masstamilan.tv,17,0,1,1
materassiematerassi.it,17,0,17,1
mattcanada.com,17,0,34,1
maxjacobs.com.au,17,0,2,1
maxket.com,17,0,1,1
meatbarrestaurant.com,17,0,17,1
meckmulchmadness.com,17,0,68,1
medicinemanonline.com,17,0,3,1
mehaitech.com,17,0,3,1
meshulash.org,17,0,17,1
mighil.com,17,0,13,1
mikeligalig.com,17,0,1,1
mikeschinkel.com,17,0,1,1
millerspremier.com,17,0,17,1
mindfree.cl,17,0,17,1
minyanville.com,17,0,2,1
mktclarity.com,17,0,1,1
mobilsistemi.co.rs,17,0,17,1
modulebazaar.com,17,0,4,1
monasheelodge.com,17,0,3,1
morebizz.net,17,0,17,1
mschiaen.cc,17,0,2,1
musomusicacademy.com.au,17,0,17,1
mutterkind-kur.de,17,0,1,1
muziekschatten.nl,17,0,5,1
myfrugalbusiness.com,17,0,2,1
mygamingtalk.com,17,0,6,1
myrrproperties.com,17,0,17,1
nanomedsys.com,17,0,17,1
nettsidedesign.no,17,0,2,1
nextscripts.com,17,0,1,1
nightguard.com,17,0,17,1
nooshi.se,17,0,17,1
nozhamedical.com,17,0,17,1
nuatair.com,17,0,34,1
nulledfrm.com,17,0,4,1
numaiaruncamancare.ro,17,0,17,1
oblik65.ru,17,0,3,1
odan.github.io,17,0,1,1
office-masui.com,17,0,1,1
ogni.com,17,0,3,1
olibro.com,17,0,1,1
olladeals.com,17,0,51,1
ontechstreet.com,17,0,1,1
openpedia.io,17,0,5,1
opinioesja.pt,17,0,1,1
organiqo.com,17,0,6,1
orinjulie.com,17,0,17,1
otletiroda.hu,17,0,1,1
outdoorsmanmotel.com,17,0,1,1
outsourceit.today,17,0,1,1
oyekunledamola.com,17,0,1,1
p3k.io,17,0,4,1
pacgie.com,17,0,4,1
pages10.com,17,0,6,1
pakainfo.com,17,0,2,1
parkercasio.com,17,0,1,1
peanutsquare.com,17,0,2,1
pendium.ai,17,0,3,1
periscopeup.com,17,0,1,1
pero.bg,17,0,1,1
petbuddygroup.com,17,0,17,1
petorthobraces.com,17,0,17,1
pfibrasil.com.br,17,0,17,1
phpgang.com,17,0,2,1
pier-beach.com,17,0,17,1
pitsolutions.ch,17,0,1,1
plysolutions.com,17,0,17,1
powertherm.com,17,0,51,1
pranavjha.com,17,0,1,1
princeavc.com,17,0,17,1
prospace.services,17,0,1,1
proventuresindia.com,17,0,17,1
purrdesign.com,17,0,1,1
ratanjhadigital.com,17,0,494,1
redeyedesign.co.nz,17,0,1,1
reembatteries.com,17,0,48,1
refpaymedia.com,17,0,1,1
reliefcreation.com,17,0,1,1
resumekit.com,17,0,1,1
retzor.com,17,0,4,1
rillsbusservice.com,17,0,37,1
rogerwoodward.com,17,0,5,1
roshdigital.co.il,17,0,1,1
roystonyouthaction.co.uk,17,0,17,1
russellcurtis.co.uk,17,0,17,1
rzd.com.br,17,0,17,1
saasbrowser.com,17,46,0,1
sajhussain.com,17,0,17,1
salesschema.com,17,0,12,1
sassyj.net,17,0,1,1
sauwald-pramtal.at,17,0,1,1
scalebyseo.com,17,0,1,1
scfarmers.org.au,17,0,17,1
schwimmverein-goldbad.de,17,0,17,1
scoprosoccer.com,17,0,17,1
scrapeit.io,17,0,1,1
seoulmamafood.com,17,0,17,1
sergioks.com,17,0,2,1
sertmedia.com,17,0,7,1
shameem.me,17,0,1,1
shanewebguy.com,17,0,1,1
shanghaibistro.co.nz,17,0,17,1
shantytowndesign.com,17,0,1,1
shirepubhall.org.uk,17,0,17,1
shrsl.com,17,0,16,1
shubbaktech.com,17,0,5,1
shukranoman.com,17,0,1,1
siamfocus.com,17,0,3,1
simongondeck.com,17,0,1,1
simplycharmedgreek.com,17,0,1,1
sociallyactiveentrepreneur.com,17,0,1,1
socialmediamarketing.net,17,0,1,1
softocoupon.com,17,0,4,1
sophiasmissionus.org,17,0,3,1
sparklit.com,17,0,2,1
spawnrider.net,17,0,1,1
spiderlath.com,17,0,17,1
stars-s.ru,17,0,4,1
stlwindowsdirect.com,17,0,17,1
stmarksliving.org,17,0,17,1
stocktonrehab.com,17,0,102,1
stronechrubie.co.nz,17,0,17,1
studiofordigitalgrowth.com,17,0,1,1
susannefellbrink.se,17,0,51,1
svivision.com,17,0,34,1
takhasosameine.ir,17,0,1,1
takteek.net,17,0,41,1
taniadibbs.com,17,0,26,1
tasso.nl,17,0,17,1
tdsaustralia.com.au,17,0,1,1
tech-mail.gr,17,0,1,1
techfy.ir,17,0,1,1
technig.com,17,0,1,1
tehtalk.com,17,0,1,1
telesystemsinc.com,17,0,3,1
temaxleasing.de,17,0,17,1
tenoblog.com,17,0,1,1
thaibet168.net,17,0,17,1
thebroodle.com,17,0,1,1
thecontentkettle.com,17,0,1,1
thegetsmartgroup.com,17,0,1,1
theimagedepartment.com,17,0,1,1
themadbrains.com,17,0,2,1
themidwestkitchenblog.com,17,0,1,1
therapyinmotion.care,17,0,17,1
therawolf.com,17,0,17,1
thetileryatp.com,17,0,5,1
thewebmagazine.org,17,0,1,1
thiscodeworks.com,17,0,2,1
tldevtech.com,17,0,4,1
tmdextensions.com,17,0,1,1
todayin-ai.com,17,0,2,1
tomsfamilyrestaurant.ca,17,0,8,1
tonyteaches.tech,17,0,4,1
top-hebergement.net,17,0,2,1
top100beauty.ru,17,0,2,1
topsitenet.com,17,0,2,1
trademarkfresno.com,17,0,17,1
trainsure.com,17,0,17,1
transilvaniasellingmachine.ro,17,0,2,1
trinavo.com,17,0,6,1
truedigital.ru,17,0,1,1
trysignalbase.com,17,0,1,1
tusblogos.com,17,0,5,1
ufp-ks.com,17,0,17,1
ulement.com,17,0,2,1
universalcollegeofengineering.edu.in,17,0,34,1
unremot.com,17,0,1,1
uppergiwest.com.au,17,0,17,1
usamarketingpros.com,17,0,1,1
usinademassas.com.br,17,0,17,1
uswaterpartnership.org,17,0,17,1
uti.is,17,0,1,1
uwebdesign.ru,17,0,1,1
visser.com.au,17,0,6,1
vps55.com,17,0,1,1
way2earning.com,17,0,4,1
webdesignbyrick.com,17,0,1,1
webdesigner-kualalumpur.com,17,0,1,1
webmedic.com,17,0,1,1
wellis.fr,17,0,1,1
wendi.co.il,17,0,17,1
westwaleschronicle.co.uk,17,0,2,1
wfbalance.com,17,0,2,1
whoismydomain.com.au,17,0,1,1
williamsiegal.com,17,0,17,1
willieandcoote.com,17,0,17,1
wisdomtech.academy,17,0,13,1
womendailymagazine.com,17,0,1,1
wonderwebdevelopment.com,17,0,1,1
woobro.com,17,0,1,1
wpdirecto.com,17,0,1,1
wpletter.de,17,0,1,1
wpshopmart.com,17,0,8,1
wpspeedmatters.com,17,0,2,1
wpspring.com,17,0,1,1
yanco.dk,17,0,1,1
yementk.com,17,0,2,1
yerecointraders.com.au,17,0,17,1
yinonfire.org,17,0,17,1
youniversity.club,17,0,17,1
yukai.nl,17,0,17,1
zafarie.com.br,17,0,122,1
zastone.com,17,0,2,1
zidkiyaho.co.il,17,0,17,1
zjuu-tilburg.nu,17,0,17,1
100productmanagers.com,16,0,1,1
1770sunsetcruises.com.au,16,0,17,1
27collective.net,16,0,1,1
4thandjawn.com,16,0,2,1
5base.com,16,0,2,1
6cfn.com,16,0,80,1
9iphp.com,16,0,1,1
academe.co.uk,16,0,1,1
aceautorecyclers.com,16,0,17,1
adultbusinessconsulting.com,16,0,1,1
advance.healthcare,16,0,17,1
advantageangels.co.uk,16,0,17,1
affiliateotter.com,16,0,2,1
agaric.coop,16,0,10,1
agrojacarezinho.com.br,16,0,17,1
aisite.ai,16,0,3,1
aksoftsol.com,16,0,2,1
akturatech.com,16,0,1,1
allhow.com,16,0,20,1
ampierce.com,16,0,2,1
amritsardigitalacademy.in,16,0,2,1
andrewmurrayhq.com,16,0,2,1
aplus-framework.com,16,0,1,1
ardstone.com,16,0,17,1
artisansweb.net,16,0,15,1
arty.name,16,0,1,1
atualblog.com,16,0,5,1
avran.co.uk,16,0,34,1
aynsoft.com,16,0,1,1
azinsuranceshop.com,16,0,9,1
banchanandcook.com,16,0,41,1
barrenjoeyboating.com.au,16,0,17,1
beergeek.com,16,0,4,1
beplusthemes.com,16,0,1,1
berelevant.it,16,0,1,1
berrebi.org,16,0,1,1
bettertechtips.com,16,0,1,1
bewrit.com,16,0,1,1
biblioeteca.com,16,0,2,1
biztips.co,16,0,2,1
bloggdude.com,16,0,1,1
bloggingidol.com,16,0,166,1
blogpocket.es,16,0,2,1
bloguetechno.com,16,0,6,1
blogwings.com,16,0,5,1
blue37.com,16,0,48,1
botanika.com.my,16,0,17,1
boundlessestates.com,16,0,5,1
boxdistrictliving.com,16,0,17,1
brandbeavers.com,16,0,103,1
brandedbrolly.com,16,0,1,1
brendanaw.com,16,0,1,1
bridgewaterlabs.com,16,0,1,1
brighterwebsites.com.au,16,0,1,1
bringup.io,16,0,17,1
bristolchildparentsupport.co.uk,16,0,1,1
buddyxtheme.com,16,0,16,1
bufordroofing.com,16,0,34,1
bullermeedia.ee,16,0,1,1
business.co.za,16,0,2,1
businessconsultingsolutions-llc.com,16,0,17,1
buzzwebmedia.com.au,16,0,17,1
bydik.com,16,0,6,1
camilocoutinho.com.br,16,0,17,1
camporacity.it,16,0,1,1
canariblogs.com,16,0,3,1
canoe-kayak-dordogne.fr,16,0,3,1
caritech.com,16,0,3512,1
casinowebscripts.com,16,0,1,1
catchplugins.com,16,0,4,1
cbfc.com.br,16,0,1,1
ccicthai.com,16,0,2,1
centennialkennels.com,16,0,17,1
centlinux.com,16,0,1,1
ceviu.com.br,16,0,1,1
ch2i.eu,16,0,3,1
changstco.com,16,0,3,1
cheapandbesthosting.com,16,0,24,1
chittlesoft.com,16,0,1,1
christchurchgarage.com,16,0,19,1
ciaooopizzeria.co.uk,16,0,17,1
citizen428.net,16,0,1,1
claritydev.net,16,0,1,1
cloudcomputing.blogspot.com,16,0,6,1
coastalmediabrand.com,16,0,1,1
codewithahsan.dev,16,0,11,1
colomahotel.com,16,0,17,1
comcomundo.com,16,0,17,1
communitylivingaccess.ca,16,0,14,1
comparebiztech.com,16,0,8,1
comparecheapssl.com,16,0,2,1
compassionategeek.com,16,0,3,1
competico.com,16,0,1,1
consensuscreative.com,16,0,2,1
cookspharmacy.com,16,0,17,1
createscape.ca,16,0,1,1
creativebeacon.com,16,0,1,1
cubesports.com.au,16,0,17,1
cursion.dev,16,0,1,1
cxoforum.global,16,0,1,1
cybersec.cr,16,0,34,1
danastar.dk,16,0,1,1
datumcp.com,16,0,1,1
davidcarralon.com,16,0,16,1
dealmango.com,16,0,7,1
deepdaive.com,16,0,2,1
deskxpand.com,16,0,1,1
deuglo.com,16,0,2,1
devmarketer.io,16,0,3,1
digitalfortress.tech,16,0,1,1
digitalorks.com,16,0,2,1
digitalsolley.com,16,0,1,1
digitizer.co.il,16,0,8,1
dineshkarki.com.np,16,0,7,1
directory-free.com,16,0,2,1
diviblogextras.com,16,0,170,1
dlz123.cn,16,0,1,1
donyad.com,16,0,4,1
doug.show,16,0,4,1
drshivuk.co.il,16,0,1,1
drthomasmccarty.com,16,0,41,1
dsurfer.com,16,0,13,1
dundeerecycling.com,16,0,17,1
duns.co.nz,16,0,68,1
dwwhiteconstruction.com,16,0,17,1
dynamytedigitallab.com,16,0,26,1
ealstar.com,16,0,1,1
eauclairesbestpizza.com,16,0,17,1
educatorsnotebook.com,16,0,17,1
ellocursos.com.br,16,0,17,1
eltallerdelbit.com,16,0,2,1
endometriosis.us,16,0,17,1
eprenz.com,16,0,17,1
esg-view.com,16,0,34,1
eventstopten.com,16,0,2,1
exhibit3sixty.co.uk,16,0,119,1
factchecktool.com,16,0,54,1
familyfootcenters.com,16,0,492,1
fastcow.com,16,0,1,1
febcanada.org,16,0,17,1
finefeatherheads.com,16,0,1,1
focuswp.co,16,0,2,1
foxcitiesbuilders.com,16,0,16,1
freesiteslike.com,16,0,1,1
funnytales.us,16,0,17,1
fusewp.com,16,0,1,1
gamerlaunch.com,16,0,53,1
gelecekburada.net,16,0,1,1
getmorestreams.com,16,0,1,1
getsocialguide.com,16,0,19,1
gettrusted.io,16,0,1,1
ghostwriterph.com,16,0,17,1
giddsmedia.com,16,0,1,1
gjestestuer.no,16,0,1,1
glowupbyvanessa.com,16,0,1,1
goldmedialab.com,16,0,17,1
gonzalo123.com,16,0,1,1
gorod.it.com,16,0,2,1
grabtheaxe.com,16,0,1,1
greenwebsoftwaredevelopment.com,16,0,17,1
gregadamsone.com,16,0,17,1
gridinsoft.ua,16,0,4,1
group-media.co.il,16,0,17,1
growthhakka.co.uk,16,0,1,1
halogico.com,16,0,17,1
harpinformation.co.uk,16,0,17,1
hasuper.co.il,16,0,5,1
hd-aesthetic.co.uk,16,0,1,1
hfwarrantyportal.com,16,0,17,1
highedwebtech.com,16,0,1,1
hntoplinks.com,16,0,27,1
honestsharing.org,16,0,34,1
horizonsisg.com,16,0,27,1
hudsonweekly.com,16,0,1,1
hyunpost.com,16,0,1,1
icicoaching.com,16,0,17,1
id.uz,16,0,5,1
iga-y.com,16,0,1,1
imeanmarketing.com,16,0,1,1
infinit3solutions.com,16,0,1,1
infophilic.com,16,0,121,1
informpartner.com,16,0,5,1
innovaragency.com,16,0,1,1
inspiration.ie,16,0,1,1
instalinko.com,16,0,2,1
investedwallet.com,16,0,1,1
ipages.biz,16,0,1,1
iprimamedia.com,16,0,2,1
irealty.my,16,0,49,1
irontemplates.com,16,0,36,1
jaafdesign.nl,16,0,17,1
jade-sky.com.au,16,0,17,1
jamesbanks.co,16,0,2,1
jclassroom.net,16,0,4,1
jerseycollision.com,16,0,17,1
jiujitsu.org.au,16,0,14,1
joinparadisevalleypd.com,16,0,17,1
jonathanhung.com,16,0,1,1
jordanharcourthughes.com,16,0,17,1
juda.hu,16,0,1,1
kanoobi.com,16,0,7,1
katuchef.com,16,0,17,1
kbridge.org,16,0,2,1
keasigmadelta.com,16,0,6,1
keepersdigital.com,16,0,1,1
keychanges.org,16,0,17,1
kickstartcommerce.com,16,0,1,1
knobystudios.com,16,0,11,1
krausegroupcsr.com,16,0,17,1
krobkrua.com,16,0,17,1
kursprofi.com,16,0,1,1
kyserclark.com,16,0,1,1
laicos.com,16,0,2,1
landingrabbit.com,16,0,2,1
lavishclinic.ae,16,0,17,1
lhbk.shop,16,0,1,1
liberty-blog.com,16,0,3,1
lightinthedesert.church,16,0,11,1
limestonetitleandescrow.com,16,0,17,1
linkcenter.com,16,0,12,1
linkdesignbrasil.com,16,0,1,1
listenring.com,16,0,17,1
listofinformation.com,16,0,2,1
loudgrowth.com,16,0,2,1
lsi-media.com,16,0,2,1
lupopi.com,16,0,1,1
machothemes.com,16,0,1,1
magnifyi.io,16,0,43,1
mahbubosmane.com,16,0,2,1
marcoislandtarponfishing.com,16,0,17,1
mariuscucu.ro,16,0,1,1
marketingfoodonline.com,16,0,1,1
masu.mn,16,0,17,1
mb-heritage.com,16,0,6,1
mcneece.com,16,0,1,1
meckfoam.com,16,0,51,1
mediplexpropertygroup.com,16,0,17,1
mehosting.com,16,0,2,1
mehulgohil.com,16,0,1,1
mejor.hosting,16,0,1,1
mesman.nl,16,0,1,1
midwestdentalsleepcenter.com,16,0,34,1
montanha.org,16,0,1,1
morganmodels.ca,16,0,17,1
motherafricanunion.org,16,0,17,1
mr-shoshani.co.il,16,0,17,1
mtnhaus.co,16,0,4,1
mustafa-wp.com,16,0,4,1
mypodcastdata.com,16,0,3,1
mysterylib.space,16,0,2,1
mystudyseries.co.nz,16,0,3,1
nativeappdeveloper.com,16,0,1,1
nch.ca,16,0,9,1
neconnected.co.uk,16,0,2,1
neponsit.org,16,0,17,1
nerdist.ro,16,0,1,1
newvideofrontiers.com,16,0,17,1
newworldaviation.com,16,0,17,1
nicholastinelli.com,16,0,3,1
nomadphp.com,16,0,16971,1
nordmare.com,16,0,2,1
nspglobalservices.in,16,0,1,1
obviyo.com,16,0,1,1
ogolgye.com,16,0,2,1
opdee.com,16,0,1,1
orbitingweb.com,16,0,2,1
pagetest.ai,16,0,1,1
paidonlinewritingjobs.com,16,0,1,1
paradoxdigital.uk,16,0,7,1
partagetravail.fr,16,0,1,1
pawclub.com.au,16,0,17,1
pellicanos.com,16,0,17,1
pgtrackandfield.ca,16,0,17,1
photographysidehustle.com,16,0,1,1
phpfog.com,16,0,6,1
pigotsburgerclub.com,16,0,17,1
play2learnacademy.com,16,0,17,1
pluginus.net,16,0,4,1
plugivery.com,16,0,1,1
pockets.com.au,16,0,17,1
podm8.com,16,0,2,1
prattvillewebdesign.com,16,0,3,1
promocode.ac,16,0,66,1
promosearcher.co.uk,16,0,2,1
psnews.us,16,0,1,1
psyinternat.ru,16,0,82,1
ptnam.com,16,0,4,1
purebibleforum.com,16,0,2,1
purewebsitedesign.com,16,0,1,1
qiyutech.tech,16,0,19,1
queensparkclt.org,16,0,51,1
raddy.dev,16,0,7,1
ran-rahav.co.il,16,0,17,1
randomsmartthings.com,16,0,2,1
rapydapps.cloud,16,0,3,1
rashtranews.com,16,0,1,1
readyspace.com.my,16,0,3,1
reclaimthefacts.com,16,0,2,1
redskydigital.com,16,0,2,1
reeveyew.com,16,0,1,1
reginaldchan.net,16,0,20,1
remotebliss.com,16,0,1,1
respectvn.com,16,0,3,1
revealspro.com,16,0,1,1
revit.news,16,0,15,1
rgcre.com,16,0,17,1
riderchris.com,16,0,24,1
ridxpc.com,16,0,17,1
rkimball.com,16,0,2,1
rodrigoolivares.com,16,0,6,1
roose.digital,16,0,12,1
rootsvetdental.co.uk,16,0,1,1
run.place,16,0,12,1
runituprecords.com,16,0,17,1
sackwernpact.com,16,0,17,1
sailed.io,16,0,2,1
saitas.lt,16,0,4,1
saladocreekantiques.com,16,0,306,1
sanatorii-kamenka.org,16,0,1,1
sanmita.com,16,0,17,1
santegra-international.com,16,0,2,1
saralittlefoundation.org,16,0,16,1
scottbolinger.com,16,0,2,1
seedready.org,16,0,1,1
semix.co.il,16,0,17,1
seniortrade.com,16,0,1,1
seocares.com,16,0,2,1
shelterhouseresale.shop,16,0,17,1
shootandthrive.com,16,0,2,1
signsdeal.com,16,0,2,1
site-builder.wiki,16,0,1,1
siteweb.co.il,16,0,7,1
skinnerdrivencdltraining.com,16,0,17,1
skytrek.co.il,16,0,17,1
smallway.tw,16,0,36,1
smartbrickell.com,16,0,51,1
smmrmaroc.ma,16,0,7,1
smrtec.cloud,16,0,65,1
so-theagency.com,16,0,17,1
soilandmulchproducernews.com,16,0,17,1
somosrestaurantlounge.com,16,0,14,1
soundcrashmusic.com,16,0,17,1
sparktopus.com,16,0,2,1
sparrowdigital.co.uk,16,0,17,1
speckdesigns.com,16,0,1,1
squiresloftmornington.com.au,16,0,17,1
standardannex.com,16,0,17,1
startentrepreneureonline.com,16,0,2,1
startocure.com,16,0,3,1
stefanzweifel.dev,16,0,1,1
stefvanlooveren.me,16,0,1,1
step-tech.pl,16,0,10,1
stoppingscams.com,16,0,2,1
sushiyeefl.com,16,0,82,1
swiftrenewables.co.uk,16,0,51,1
swiy.io,16,0,1,1
szoupi.com,16,0,1,1
talkerscode.com,16,0,4,1
tanyasicsirke.hu,16,0,17,1
tecdud.com,16,0,15,1
techcrams.com,16,0,2,1
techie-buzz.com,16,0,1,1
templatesell.com,16,0,1,1
tempobilisim.com,16,0,1,1
testerwp.com,16,0,3,1
thebestgarageconversions.co.uk,16,0,17,1
thebinderyec1.com,16,0,17,1
theblogmetrics.com,16,0,5,1
thecuretribute.com,16,0,17,1
thefranklandarms.com,16,0,17,1
theharmac.com,16,0,17,1
thekickassentrepreneur.com,16,0,9,1
thelabelcollective.com,16,0,17,1
themescamp.com,16,0,52,1
themesgrove.com,16,0,2,1
theorytime.com,16,0,34,1
thepssaini.com,16,0,12,1
theskyfloor.com,16,0,2,1
thetechheadlines.com,16,0,2,1
thetechplatform.com,16,0,9,1
thewarehouseeventvenue.com,16,0,17,1
thewebgeeks.ca,16,0,4,1
tickiwi.com,16,0,5,1
timepost.info,16,0,44,1
timleland.com,16,0,1,1
timnati.co.il,16,0,17,1
tmsmed.net,16,0,1,1
togetherforwater.com,16,0,17,1
tongfamily.com,16,0,13,1
tonylea.com,16,0,9,1
torahtwilight.com,16,0,17,1
torchbankz.com,16,0,3,1
touchdownmoney.com,16,0,1,1
travelandblossom.com,16,0,10,1
trustratings.com,16,0,2,1
tuktuksafarisrilanka.com,16,0,17,1
tutorialchip.com,16,0,1,1
twomorebeers.lv,16,0,102,1
ualocal396.org,16,0,34,1
ultimatestatusbar.com,16,0,2,1
unitedbasketballplus.com,16,0,17,1
unleash-wp.com,16,0,126,1
unlimitedvisitors.io,16,0,10,1
unlock.coach,16,0,7,1
uranquinty.com.au,16,0,48,1
usablewp.com,16,0,9,1
usaindiacfo.com,16,0,17,1
vacancesscolaires-be.be,16,0,4,1
vapvarun.com,16,0,1,1
venasnews.co.ke,16,0,2,1
verdinmarketing.com,16,0,1,1
vfdigital.nz,16,0,2,1
vitechteam.com,16,0,1,1
vtrep.com,16,0,1,1
wahjf.org,16,0,68,1
walshblair.com.au,16,0,34,1
walter-dental.tw,16,0,17,1
warmemorialparkbistro.co.uk,16,0,34,1
watercolorpaintingacademy.com,16,0,93,1
wbeen.com,16,0,1,1
webbroi.com,16,0,4,1
webby.digital,16,0,34,1
webmarketing.academy,16,0,18,1
webpus.com,16,0,2,1
websiteberater.com,16,0,169,1
websitebuilderguide.com,16,0,4,1
wedomedia.co.il,16,0,18,1
weignitegrowth.com,16,0,1,1
westtexaslandguys.com,16,0,17,1
womenofpeacecorpslegacy.com,16,0,17,1
wonderspire.com,16,0,17,1
wp-admin.cz,16,0,2,1
wp-tutoring.com,16,0,216,1
wpaboveaverage.com,16,0,7,1
wpcharger.io,16,0,1,1
wpctrl.com,16,0,1,1
wpdeveloping.com,16,0,3,1
wpeagle.com,16,0,2,1
wpexeter.com,16,0,3,1
wplogout.com,16,0,4,1
wplovers.co.uk,16,0,28,1
wpmediafolders.com,16,0,2,1
wpmethods.com,16,0,1,1
wpnovatos.com,16,0,2,1
wporigami.com,16,0,1,1
wpwizards.com,16,0,1,1
xunlong.tv,16,0,4,1
zhgl.com,16,0,5,1
zigrin.com,16,0,2,1
ziid.net,16,0,2,1
zovps.com,16,0,3,1
3formoem.com,15,0,17,1
4ix.com,15,0,1,1
51web.com.au,15,0,1,1
730moradrive.com,15,0,51,1
84pins.com,15,0,1,1
a-byte.eu,15,0,1,1
actsupport.com,15,0,1,1
adovita.com,15,0,43,1
adventures-in-golf.com,15,0,17,1
afflr.io,15,0,1,1
africapreneurs.com,15,0,1,1
agnfootball.com,15,0,34,1
aifounderkit.com,15,0,3,1
aino.it,15,0,2,1
airankingskool.com,15,0,2,1
akhilendra.com,15,0,1,1
alankent.me,15,0,5,1
allmedica.au,15,0,17,1
alnakib.com,15,0,4,1
alphaomegaselfstorage.com,15,0,17,1
althemist.com,15,0,1,1
amalinkspro.com,15,0,15,1
amazingfacts.com.au,15,0,17,1
amplitudemktg.com,15,0,1,1
anarkismo.net,15,0,11,1
anchor-blog.com,15,0,2,1
annawilliamsonarchitects.co.uk,15,0,17,1
aontasnascribhneoiri.ie,15,0,1,1
archwaymarket.com,15,0,17,1
archyde.com,15,0,1,1
arringtonstorage.com,15,0,17,1
artisanshopper.com,15,0,2,1
attesawp.com,15,0,2,1
aubedulac.com,15,0,1,1
automaticrealpips.com,15,0,3,1
axis-intelligence.com,15,0,2,1
aznresearch.com,15,0,3,1
azzablog.com,15,0,5,1
bannerstartpagina.nl,15,0,2,1
barpcv.org,15,0,17,1
barretteyecare.com,15,0,17,1
bballgolf.com,15,0,1,1
bennettsdesign.co.uk,15,0,3,1
bhicoupons.com,15,0,2,1
biglinden.com,15,0,2,1
billiebranding.be,15,0,4,1
bitquirky.com,15,0,1,1
blog4youth.com,15,0,7,1
blogdon.net,15,0,4,1
bloggingdays.com,15,0,5,1
blueskyphoenix.com,15,0,5,1
bmy.jp,15,0,4,1
borednomad.com,15,0,26,1
bpholiday.com,15,0,41,1
brainywp.com,15,0,1,1
branded-brolly.co.uk,15,0,1,1
brighthosting.io,15,0,4,1
britonenglish.co.id,15,0,1558,1
brndle.com,15,0,6,1
buildapreneur.com,15,0,1,1
bujubantonfoundation.org,15,0,51,1
bullet.site,15,0,2,1
bureauram.nl,15,0,1,1
businessmodulehub.com,15,0,1,1
cafeoliviatx.com,15,0,35,1
calculadoraaliciaa.com,15,0,1,1
calvarymontrose.com,15,0,17,1
cambolink21express.com,15,0,17,1
cartesiani.it,15,0,2,1
casabonnafous.fr,15,0,17,1
cashprior.com,15,0,1,1
centrepleinairml.com,15,0,1,1
centrerenaissance.ca,15,0,34,1
chathamclub.org,15,0,2,1
cityfarmsalcoa.com,15,0,17,1
clickfirstmarketing.com,15,0,1,1
climaxgrp.co.il,15,0,17,1
codersvibe.com,15,0,1,1
codewatchers.com,15,0,123,1
colossis.io,15,0,1,1
commercers.com,15,0,5,1
compuhoy.com,15,0,1,1
conquerorstech.com,15,0,18,1
coreplazamuskegon.com,15,0,17,1
couponnxt.com,15,0,5,1
craftcobrands.com,15,0,17,1
creativetrnd.com,15,0,1,1
creativewebs2u.com,15,0,282,1
creativewomens.co,15,0,1,1
criticalcodestudies.com,15,0,1,1
cshel.com,15,0,177,1
cur.at,15,0,2,1
currencylovers.com,15,0,17,1
cyberitas.com,15,0,42,1
dabhandmarketing.com,15,0,1,1
dandersmore.com,15,0,17,1
danielproctor.com,15,0,1,1
dayoptimizer.com,15,0,1,1
dealshopa.com,15,0,51,1
destinymarketingsolutions.com,15,0,1,1
devops.vn,15,0,1,1
devotepress.com,15,0,3,1
dexotexmarine.com,15,0,17,1
dh42.com,15,0,2,1
diegopaz.net,15,0,1,1
digitaldawn.in,15,0,1,1
digitalmagazine.org,15,0,1,1
digitalnomad.press,15,0,4,1
digitalvishesh.in,15,0,3,1
directallied.com,15,0,4,1
dkparker.com,15,0,1,1
dongleauth.com,15,0,6,1
doorvadoor.com,15,0,17,1
dotcomdollar.com,15,0,2,1
drcrousesbraceplace.com,15,0,43,1
drinskaoaza.com,15,0,1,1
driverstories.gr,15,0,1520,1
drupalsun.com,15,0,12,1
drupalwatchdog.net,15,0,2,1
dzteck.com,15,0,5,1
e2sahko.fi,15,0,17,1
ealstar.co.uk,15,0,1,1
ecodesoft.com,15,0,1,1
edmondmotorwerks.com,15,0,17,1
eightmedia.ph,15,0,1,1
electdanfrankel.com,15,0,17,1
elemendas.com,15,0,1,1
eltrino.com,15,0,3,1
emberand.co,15,0,93,1
emma.uk.net,15,0,17,1
empiregpl.com,15,0,5,1
ennisauto.com,15,0,17,1
enterpriseaisolutions.io,15,0,1,1
entrepreneurnut.com,15,0,1,1
eoxcentric.com,15,0,48,1
epelna.com,15,0,3,1
everestthemes.com,15,0,1,1
exploreclt.com,15,0,17,1
f5design-tw.com,15,0,1,1
facts.dev,15,0,5,1
fixyourwebsitenow.com,15,0,1,1
floridawestcoastpropertymanagement.com,15,0,17,1
fndb.es,15,0,51,1
fooman.com,15,0,3,1
frantorres.es,15,0,1,1
free-resume.net,15,0,1,1
freeseotesting.com,15,0,703,1
freetricksworld.com,15,0,1,1
frip.in,15,0,176,1
fssblog.com,15,0,1,1
fuelyourdigital.com,15,0,39,1
futuresparity.com,15,0,2,1
gabrieldosite.com.br,15,0,1,1
gautamkhorana.com,15,0,6,1
geriatrx.com,15,0,68,1
ggg.com.tw,15,0,1,1
gigarocket.net,15,0,2,1
gillian-sarah.com,15,0,1,1
glavhost.ru,15,0,1,1
globalind.com,15,0,1,1
goodmed.co.il,15,0,17,1
google.gl,15,0,1,1
gorjesspets.com,15,0,17,1
gotchahosting.com,15,0,5,1
grandmarqueeroom.com,15,0,51,1
graphicfort.com,15,0,4,1
gratzergraphics.com,15,0,1,1
growmore.co.il,15,0,5,1
growthganik.com,15,0,1,1
growthog.com,15,0,3,1
grumft.com,15,0,3,1
gsbfundraising.com,15,0,51,1
hamaspikresort.com,15,0,68,1
hannemyr.no,15,0,4,1
haverhilllibrarynh.org,15,0,17,1
hccindia.org,15,0,51,1
hebrideanholidaycabins.co.uk,15,0,17,1
heraldbee.com,15,0,1,1
herrpfleger.de,15,0,2,1
hitricks.com,15,0,3,1
hocvienit.vn,15,0,2,1
hoganchua.com,15,0,12,1
hollowbrookfoot.com,15,0,2249,1
hospedagemdesites.wiki.br,15,0,1,1
hostkita.net,15,0,1,1
huduma.social,15,0,2,1
humcommerce.com,15,0,3,1
hurren.com,15,0,17,1
i-nvention.com,15,0,82,1
ibcrecruitment.com.au,15,0,17,1
idarb.com,15,0,1,1
iena21.com,15,0,1,1
igormartinovic.com,15,0,68,1
ikeelectric.com,15,0,1,1
iloveit.net,15,0,2,1
instituteroboticsurgery.com,15,0,17,1
instructify.com,15,0,69,1
int.com.ar,15,0,285,1
internet-marketing.tech,15,0,4,1
iptvreviewz.com,15,0,4,1
ironlinx.com,15,0,2,1
itigic.com,15,0,1,1
iwebapp.ca,15,0,676,1
izolacniskla.cz,15,0,4,1
jachta.lt,15,0,1,1
jeanettekimszal.com,15,0,2,1
jelinekkaffee.at,15,0,1,1
jenxi.com,15,0,4,1
jindaleevillagemedicalcentre.com.au,15,0,17,1
jltryoen.fr,15,0,11,1
johannroche.com,15,0,1,1
johntool.tw,15,0,2,1
joinconcordpd.com,15,0,17,1
joinsantarosapd.com,15,0,17,1
jointfit.hk,15,0,32,1
joinvacavillepd.com,15,0,17,1
joinwebs.com,15,81,0,1
jonathanjernigan.com,15,0,5,1
jonroc.com,15,0,2,1
jscompanyinc.com,15,0,17,1
julianbradley.org,15,0,17,1
kainjoo.com,15,0,8,1
kayenglishphotography.com,15,0,41,1
kelownamade.ca,15,0,17,1
khabeer.online,15,0,4,1
kijo.london,15,0,1,1
kingfisherrecruiting.com,15,0,17,1
kjellsvinkjeller.no,15,0,17,1
knjiskimoljac.rs,15,0,17,1
kochatelier-marcel-hoeppner.de,15,0,17,1
koukoulihotel.gr,15,0,1,1
kudobuzz.com,15,0,1,1
kykob.org,15,0,17,1
laimfren.com,15,0,1,1
landingpage.fyi,15,0,12,1
laodongdongnai.vn,15,0,3,1
lastrev.com,15,0,2,1
lauredarles.com,15,0,2,1
learnhowwp.com,15,0,4,1
lemp.io,15,0,4,1
leokoo.com,15,0,5,1
leprisme.ca,15,0,1,1
lichtplanerin.at,15,0,17,1
ljapps.com,15,0,9,1
longwatchstudio.com,15,0,2,1
losboquerones.com,15,0,155,1
lovetheidea.co.uk,15,0,1,1
lusciousorange.com,15,0,1,1
m-takagi.org,15,0,7,1
macleodscottdisclosures.co.uk,15,0,17,1
madlemmings.com,15,0,10,1
magenticians.com,15,0,894,1
mailandhanoicity.com,15,0,17,1
majznerlab.com,15,0,51,1
mangofamily56.com,15,0,319,1
marianabonelliviajes.tur.ar,15,0,17,1
marketingagencycoach.com,15,0,1,1
marketminute.com,15,0,39,1
martakrasnodebska.pl,15,0,3,1
mcgas.com.au,15,0,17,1
meatbargrouphospitality.com,15,0,17,1
memphisbestguide.com,15,0,3,1
mertbuldur.com,15,0,2,1
michaeltyler.co.uk,15,0,1,1
microdose-gear.com,15,0,17,1
mintseo.co.uk,15,0,1,1
mktoolboxsuite.com,15,0,1,1
mobecls.com,15,0,2,1
modernpug.github.io,15,0,1,1
monrocloud.com,15,0,3,1
moodlemoot.hu,15,0,8,1
morecustomersapp.com,15,0,2,1
movimentodrindrin.it,15,0,10,1
mpo000.com,15,0,41,1
multimerch.com,15,0,2,1
museedelanature.ca,15,0,17,1
mybloglicious.com,15,0,52,1
myshli.com,15,0,51,1
mzr.co.il,15,0,67,1
napitinsurance.co.uk,15,0,17,1
nbcph.org,15,0,11,1
newcoupons.info,15,0,19,1
newfrontiersmarketing.com,15,0,1,1
newna.org,15,0,17,1
newsnreleases.com,15,0,1,1
newsy-today.com,15,0,3,1
nextandgo.com,15,0,1,1
nexusphp.org,15,0,1,1
nihongokanji.com,15,0,1,1
noblehcc.com,15,0,17,1
nodezone.net,15,0,6,1
noipfraud.com,15,0,2,1
nordicwareic.com,15,0,16,1
nursesnetwork.net,15,0,17,1
oakridgeassistedliving.com,15,0,17,1
ognjen.io,15,0,2,1
ontwerpbureaudries.be,15,0,2,1
openatlas.eu,15,0,4,1
orthotechgroup.com,15,0,17,1
ositracker.com,15,0,2,1
packortravel.com,15,0,1,1
palleon.website,15,0,271,1
panopus.com,15,0,1,1
paper.wf,15,0,1,1
pastenow.net,15,0,2,1
paymentplanswc.com,15,0,17,1
pctown.co.nz,15,0,4,1
persmind.com,15,0,3,1
peterdaviscleaning.co.uk,15,0,17,1
pex.mu,15,0,17,1
pharos.digital,15,0,3,1
philipwareing.co.nz,15,0,17,1
phpdeveloper.org,15,0,980,1
phreesite.com,15,0,4,1
pixelstreet.in,15,0,1,1
plair.it,15,0,51,1
plancha.ch,15,0,41,1
planethippo.co.uk,15,0,1,1
playsabertag.com,15,0,17,1
pmpr.ir,15,0,1,1
ppc.org,15,0,2,1
prchitects.com,15,0,1,1
precisionorthopedicsonline.com,15,0,17,1
premiuminfo.org,15,0,7,1
primemdcenters.com,15,0,51,1
prodjex.com,15,0,5,1
profoundrs.com,15,0,17,1
project-awesome.org,15,0,3,1
ptarental.com.br,15,0,17,1
qcode.in,15,0,1,1
r3redistribution.ca,15,0,17,1
ram-consulting.org,15,0,1,1
raphaelhertzog.com,15,0,73,1
readyspace.academy,15,0,1,1
redcitrusdesign.co.uk,15,0,1,1
redmango.agency,15,0,1,1
regicidelegacy.com,15,0,82,1
reigntheme.com,15,0,8,1
reviewsforwebsitehosting.com,15,0,1,1
rfcm.ca,15,0,17,1
rightchoice.ca,15,0,17,1
ristorantedamanuela.it,15,0,9,1
robinjescott.com,15,0,3,1
ryansautoglass.com,15,0,17,1
sakaniuae.com,15,0,156,1
sanitationtowel.com,15,0,41,1
savingshopperhub.com,15,0,4,1
savvital.us,15,0,1,1
sayansamanta.com,15,0,6,1
scrolltotop.com,15,0,2,1
secretvault.app,15,0,17,1
semupdates.com,15,0,1,1
seogeek.io,15,0,18,1
sheshoppes.com,15,0,1,1
sindelarcenter.at,15,0,17,1
singaporeyou.com,15,0,1,1
sitenerdy.com,15,0,51,1
skillfine.com,15,0,1,1
skyinclude.com,15,0,8,1
skyway.gr,15,0,17,1
snapirimfarm.com,15,0,17,1
sobrelinux.info,15,0,3,1
socialbookmarkssite.com,15,0,5,1
softtechcube.com,15,0,1,1
softwarecosmos.com,15,0,1,1
solihullfc.co.uk,15,0,34,1
sorgguide.dk,15,0,17,1
specialoffers.com,15,0,24,1
spectrumcapitalre.com,15,0,17,1
spendark.com,15,0,1,1
spiritlhl.net,15,0,2,1
splashdigital.co.nz,15,0,1,1
stanislavapinchuk.com,15,0,17,1
starwebinnovations.co.uk,15,0,17,1
storepulse.co,15,0,2,1
suomiblog.com,15,0,4,1
suwerenni.org,15,0,41,1
sweetgrouprealty.com,15,0,17,1
swwwift.io,15,0,34,1
syncitgroup.com,15,0,1,1
tahoeaquaticcenter.com,15,0,17,1
talentgruppen.no,15,0,51,1
tali.kr,15,0,8,1
tarynblyth.co.za,15,0,2,1
techendo.com,15,0,1,1
techmitra.in,15,0,1,1
techrecur.com,15,0,1,1
techsling.com,15,0,4,1
techviral.tech,15,0,1,1
templatelane.com,15,0,4,1
tgiltd.com,15,0,656,1
the30minuteonlinemarketer.com,15,0,2,1
theaffiliatemonkey.com,15,0,10,1
theglobe.org,15,0,4,1
thehappypassport.com,15,0,1,1
thehostingdirectory.com,15,0,2,1
thehotskills.com,15,0,4,1
thejunction.co.il,15,0,16,1
themezhub.com,15,0,5,1
theobloggers.com,15,0,9,1
theparkerla.com,15,0,102,1
theprojectfocus.org,15,0,17,1
thetechlounge.com,15,0,1,1
thewpguy.com.au,15,0,1,1
thezenweb.com,15,0,4,1
thisprogrammingthing.com,15,0,1,1
tiktoktip.com,15,0,1,1
timberghost.com,15,0,17,1
timdtech.com,15,0,2,1
toogoodtothrowmarket.co.uk,15,0,17,1
toptips.fr,15,0,24,1
trafficticketnc.com,15,0,96,1
tresorelledolcedelaware.com,15,0,34,1
tsmithsiding.com,15,0,7,1
tube-bender.co.uk,15,0,17,1
turnersecurity.us,15,0,164,1
uanvi.com,15,0,34,1
ubezpieczeniaukowalskich.pl,15,0,162,1
unitstep.net,15,0,2,1
upvotes.co,15,0,1,1
uttercoupons.com,15,0,8,1
valuu.net,15,0,1,1
vaya.earth,15,0,17,1
verdebrancomania.com.br,15,0,17,1
vineeshrohini.com,15,0,2,1
vip-parking.com,15,0,17,1
volcon.in,15,0,17,1
voudes.com,15,0,1,1
vpsantiddos.com,15,0,2,1
wandcre.org.au,15,0,17,1
we-drop.co.uk,15,0,51,1
webhostingdiscussion.net,15,0,35,1
webhostingwizard.com,15,0,2,1
webhostwhat.com,15,0,100,1
webmastered.com,15,0,1,1
webprogeeks.io,15,0,3,1
webwiner.com,15,0,1,1
weig-bft.com,15,0,2,1
whrmarketing.com,15,0,6,1
willro.com,15,0,1,1
wisemerchant.com,15,0,1,1
wittychimp.com,15,0,1,1
wmhomestaykotabharu.com,15,0,17,1
woohelpdesk.com,15,0,1,1
wordzite.com,15,0,1,1
wpbens.com,15,0,1,1
wpdailythemes.com,15,0,3,1
wpfloor.com,15,0,3,1
wpfullpicture.com,15,0,2,1
wpgears.com,15,0,1,1
wpmarmalade.com,15,0,2,1
wpnext.org,15,0,1,1
wpservice.pro,15,0,9,1
wpservis.com,15,0,9,1
wptasks.com,15,0,1,1
wpvibes.com,15,0,1,1
wpxpress.com,15,0,2,1
wwx.tw,15,0,2,1
xinquji.com,15,0,7,1
yellowribbon.nz,15,0,17,1
zaiwork.com,15,0,39,1
zensoft.hu,15,0,1,1
zillman.us,15,0,42,1
101-help.com,14,0,58,1
11thegame.com,14,0,17,1
acceptbitcoin.cash,14,0,1,1
acegeography.com,14,0,17,1
achdncmeetings.org,14,0,17,1
activewin.com,14,0,2,1
adaefineartacademy.com,14,0,1,1
adenag.org.ar,14,0,17,1
administrandowp.com,14,0,4,1
advanton.com,14,0,1,1
adventlauf.at,14,0,17,1
aff.tools,14,0,1,1
agenciavilo.com,14,0,1,1
agilegrowthlabs.com,14,0,3,1
airfiltersidaho.com,14,0,102,1
airplantexpert.com,14,0,1,1
alienwp.com,14,0,1,1
alisonsbookshop.co.uk,14,0,3,1
alltdesign.com,14,0,3,1
almooryaat.com,14,0,17,1
amarvyas.in,14,0,3,1
amicidelweb.it,14,0,1,1
amoblog.com,14,0,5,1
amtrade-systems.com,14,0,17,1
anaboliclabs.com,14,0,18,1
anagi.co.uk,14,0,51,1
anamcroi.ie,14,0,17,1
anandachandigarh.org,14,0,17,1
andrewchee.com,14,0,2,1
andyhenriquez.com,14,0,9,1
antonyagnel.com,14,0,10,1
appliedworkplace.co.uk,14,0,1,1
appllc.org,14,0,17,1
arbohq.com,14,0,1,1
arbordaynursery.net,14,0,17,1
archer.mt,14,0,1,1
arkiemedia.com,14,0,3,1
arnhost.com,14,0,1,1
aromotion.com,14,0,17,1
articlesteller.com,14,0,1,1
asadobamidbar.co.il,14,0,17,1
asanaplugins.com,14,0,38,1
asapguide.com,14,0,644,1
ashik.me,14,0,1,1
ashokhall.com,14,0,2,1
asptiming.com,14,0,17,1
aventivestudio.com,14,0,2,1
avisoutheast.com,14,0,51,1
ayuda.la,14,0,17,1
backlinkbuilding.io,14,0,2,1
barbaemiami.com,14,0,1,1
barluna.ca,14,0,34,1
barnamenevisan.org,14,0,2,1
beluganottinghill.co.uk,14,0,17,1
bemowgli.com,14,0,2,1
bensonseo.com,14,0,1,1
berlime.com,14,0,1,1
berlinlovevietnam.com,14,0,34,1
bertrandkeller.info,14,0,3,1
bestinau.com.au,14,0,9,1
bestwestern-angleterre-bourges.com,14,0,20,1
bigdiamondpools.com,14,0,17,1
bizblaze.co,14,0,1,1
biztechafrica.com,14,0,2,1
bizwin.com.au,14,0,3334,1
blackchalkmarketing.com.au,14,0,1,1
bldigital.it,14,0,4,1
blogbrandz.com,14,0,4,1
blogcd.com,14,0,3,1
bloggerwalk.com,14,0,1,1
bloggin-ads.com,14,0,3,1
bloggingos.com,14,0,7,1
blogsvirals.com,14,0,8,1
blogvivid.com,14,0,17,1
bluapps.in,14,0,41,1
bluecowmarketing.ca,14,0,1,1
boccia.ie,14,0,136,1
bolder.co.il,14,0,1,1
bolditalic.de,14,0,17,1
bonham.ie,14,0,17,1
bonjourcapital.com,14,0,17,1
brasserielaloupiote.fr,14,0,17,1
brisbaneagency.com,14,0,2,1
brkt.org,14,0,112,1
buaq.net,14,0,5,1
buddhayana.or.id,14,0,82,1
businessyield.com,14,0,16,1
buylilcooler.com,14,0,17,1
cabrella.com,14,0,41,1
cameronjonesweb.com.au,14,0,71,1
care2b.nl,14,0,17,1
carlosroofers.com,14,0,17,1
carriechattersonstudio.com,14,0,3,1
cassinimx.com,14,0,2,1
ccsmidatlantic.com,14,0,17,1
ceelweb.co.il,14,0,1,1
ceochannels.com,14,0,14,1
cfoexpertise.com,14,0,1,1
charleslange.blog,14,0,2,1
chaseshuswap.com,14,0,1,1
childrensbookmastery.com,14,0,17,1
chooseplugin.com,14,0,1,1
chubes.net,14,0,1,1
cick.nl,14,0,51,1
cidersoft.com,14,0,3,1
clearvision-cm.com,14,0,1,1
closetsamples.com,14,0,3,1
codedwebmaster.com,14,0,1,1
codeintra.com,14,0,2,1
cogbranding.com.au,14,0,1,1
coloradoskitowns.com,14,0,246,1
columbianacraftbeerfest.com,14,0,34,1
colwords.com,14,0,15,1
commission.academy,14,0,12,1
context-awesome.com,14,0,6,1
convertsquad.com,14,0,2,1
corposs.org,14,0,1,1
coyleschoolresidences.com,14,0,17,1
creatives.me,14,0,1,1
crifan.com,14,0,1,1
crivva.com,14,0,1,1
crossingz.io,14,0,4,1
cssfox.co,14,0,1,1
dabasblog.com,14,0,3,1
decorative-films-by-maryanne.com,14,0,17,1
deejayspider.com,14,0,2,1
definemarketing.com.au,14,0,1,1
deidra.co.il,14,0,1,1
delightdental.tw,14,0,17,1
descubraoguaruja.com.br,14,0,2,1
designhooks.com,14,0,1,1
dev98.de,14,0,1,1
digitalxlabs.com,14,0,17,1
dijitaliyidir.com,14,0,1,1
distingui.sh,14,0,2,1
divi.chat,14,0,1,1
doc-e.ai,14,0,1,1
dreyfus.group,14,0,1860,1
easyclouditalia.it,14,0,27,1
easyinfoblog.com,14,0,1,1
ebster-holding.at,14,0,1,1
ecomaximus.com,14,0,41,1
ecsoga.com,14,0,18,1
edificeautomarketing.com,14,0,1,1
eggrank.com,14,0,1,1
ehtc.net,14,0,34,1
eixamplerespira.com,14,0,7,1
eksiduyuru.com,14,0,1,1
elathar.com,14,0,1,1
elizabethhalesvo.com,14,0,17,1
emka.web.id,14,0,1,1
entrepreneur-resources.net,14,0,1,1
erianmarketing.com,14,0,2,1
eshikshya.org,14,0,4,1
everglaze.co.uk,14,0,17,1
evezossorkert.hu,14,0,2,1
evolup.com,14,0,2,1
exafol.com,14,0,21,1
eyalp.co.il,14,0,1,1
fairmontadventurepark.com.au,14,0,17,1
farmfreshnewportnews.com,14,0,17,1
faun.to,14,0,1,1
favinks.com,14,0,4,1
fertilai.com,14,0,17,1
filipinowealth.com,14,0,1,1
findcloudhost.com,14,0,104,1
findukhosting.com,14,0,26,1
flowrms.com,14,0,51,1
fnlcclimatestrategy.ca,14,0,17,1
foalingwatch.com,14,0,17,1
folderat.com,14,0,25,1
fontanaoutdoors.com,14,0,17,1
foothillsoutdooradventures.com,14,0,17,1
fostira.com,14,0,34,1
foxreddigital.com,14,0,17,1
francescolamanno.com,14,0,4,1
franklinsquarechamber.com,14,0,17,1
freeadzforum.com,14,0,1,1
fsualphachiomega.com,14,0,17,1
fullstro.com,14,0,1,1
futr.com.au,14,0,3,1
gabi.dev,14,0,7,1
galastarmedia.com,14,0,20,1
galleryberg.com,14,0,1,1
galorx-ray.co.il,14,0,17,1
gaseping.com,14,0,52,1
gemarestaurant.com,14,0,41,1
getorchestra.com,14,0,1,1
goatfarming.in,14,0,1,1
godtv.com,14,0,17,1
google.st,14,0,1,1
google.vg,14,0,1,1
goroboted.com,14,0,1,1
grandvalleydental.co.uk,14,0,17,1
greatstartups.com,14,0,1,1
grn.dk,14,0,1,1
groupconstellation.com,14,0,51,1
grow.al,14,0,1,1
hatapartments.com,14,0,17,1
hausmanmarketingletter.com,14,0,1,1
healthdimensions.com,14,0,17,1
heatware.net,14,0,9,1
helpinneed.org,14,0,17,1
hemmingvillage.com,14,0,17,1
hivetownhouse.co.uk,14,0,17,1
holakevinfang.com,14,0,25,1
hondalock-sc.info,14,0,41,1
horstschulte.com,14,0,1,1
hosting4u.co.il,14,0,3,1
hrendoh.com,14,0,2,1
hrhmedicalgroup.com,14,0,17,1
hudsonptnj.com,14,0,17,1
huihongfiber.com,14,0,82,1
huxo.co.uk,14,0,3,1
iaemo.ie,14,0,17,1
icmsmt.com,14,0,5,1
iinkor.com,14,0,2,1
infin-events.com,14,0,17,1
insuracademync.com,14,0,17,1
intuitiva.pt,14,0,7,1
isblog.net,14,0,2,1
ithaka.movie,14,0,34,1
jackedfreaks.com,14,0,3,1
jagsnbrady.com,14,0,1,1
jaskaransaini.com,14,0,34,1
jaysonlinereviews.com,14,0,4,1
jenniferlicko.com,14,0,2,1
jhurleydesign.com,14,0,1,1
jimmycastor.com,14,0,17,1
jlm.org.il,14,0,51,1
jmfm.com,14,0,17,1
joinkauaipd.com,14,0,17,1
joinycso.com,14,0,17,1
joomlabeginner.com,14,0,7,1
junin.net,14,0,17,1
justechcreations.com,14,0,2,1
justnock.com,14,0,2,1
kabasawa-saw.jp,14,0,1,1
kangarooislandtouring.com.au,14,0,17,1
kapitaapp.com,14,0,1,1
karnschurch.org,14,0,1,1
kartris.com,14,0,2,1
kelyphos.com,14,0,2,1
kendrawatt.com,14,0,17,1
kfirbakish.com,14,0,3,1
kindlingapp.com,14,0,1,1
kortingscouponcodes.nl,14,0,1,1
lacuracaogroup.com,14,0,17,1
launchdeck.io,14,0,2,1
leadingtochange.com,14,0,17,1
leterresainte.re,14,0,17,1
liaosam.com,14,0,3,1
lifedge.online,14,0,1,1
linkverse.io,14,0,1,1
linuxnetmag.com,14,0,1,1
livemeshthemes.com,14,0,1,1
logensol.com,14,0,2,1
logtivity.io,14,0,2,1
london-2012.co.uk,14,0,2,1
lssocialservices.com,14,0,451,1
lureon.ai,14,0,1,1
luxurybathrochester.com,14,0,17,1
magepsycho.com,14,0,1,1
maggiephysio.com,14,0,3,1
mailbridge.app,14,0,1,1
mainwp.dev,14,0,1,1
makitweb.com,14,0,1,1
mameradicaslav.cz,14,0,41,1
marketingpal.io,14,0,1,1
marrsmarketing.com,14,0,1,1
mathsya.co.in,14,0,17,1
mattwatson.org,14,0,1,1
maxfunnels.com,14,0,4,1
maxpronko.com,14,0,13,1
mediumtalk.net,14,0,2,1
meghanlynchphotography.com,14,0,2,1
menets.net,14,0,17,1
merchbridge.com,14,0,17,1
mestredomalte.com.br,14,0,17,1
meyne.co,14,0,4,1
michaelcampos.com.br,14,0,2489,1
michaelyeh.com,14,0,3,1
mightythemes.com,14,0,2,1
minevisam.ir,14,0,1,1
mixtureweb.com,14,0,1,1
modernizingtech.com,14,0,3,1
morganfeeney.com,14,0,1,1
msbdigital.com,14,0,1,1
mudimento.hu,14,0,17,1
murmuring.idv.tw,14,0,1,1
musicfactory.com,14,0,544,1
mybloggingideas.com,14,0,1,1
nancychoate.com,14,0,9,1
naulak.com,14,0,1,1
nejzlato.cz,14,0,5,1
nepalfuneral.com,14,0,17,1
netvaluator.com,14,0,23,1
newdigitalnoise.com,14,0,1,1
nickpierno.com,14,0,1,1
nioma.ca,14,0,1,1
nyehillbrewers.com,14,0,17,1
oculum.ph,14,0,17,1
oneclickadvisor.com,14,0,799,1
outdoorswithnolimits.com,14,0,1,1
pagebuildersandwich.com,14,0,3,1
paramounttechnetwork.com,14,0,2,1
peakslodge.ca,14,0,1,1
peterpaul.org.au,14,0,17,1
pgmf.in.th,14,0,34,1
phpprofi.ru,14,0,2,1
pixl.my,14,0,1,1
platon.org,14,0,92,1
pleaseadvise.io,14,0,2,1
pointofperfection.com,14,0,20,1
poladroid.net,14,0,1,1
portdoversummerfestival.com,14,0,17,1
postgradoune.edu.pe,14,0,102,1
pouyanit.com,14,0,1,1
pow.com.au,14,0,17,1
praiowa.com,14,0,17,1
preferium.no,14,0,2,1
prillante.com,14,0,5,1
primeshopers.com,14,0,51,1
primuspucollege.edu.in,14,0,8,1
printingelpaso.com,14,0,1,1
pro-motion.it,14,0,4,1
projectpractical.com,14,0,1,1
projectspivot.com,14,0,1,1
ptach.org,14,0,17,1
pupuweb.com,14,0,3,1
puremagic.com,14,0,1,1
pureresiduals.com,14,0,5,1
purplecowines.com,14,0,34,1
pytalkbiz.com,14,0,1,1
pzhouston.com,14,0,17,1
qingsongb2c.com,14,0,4,1
queknow.com,14,0,1,1
quomodosoft.com,14,0,1,1
qwhosting.com,14,0,1,1
radiostation.pro,14,0,1,1
rajuginni.com,14,0,3,1
ranajayant.com,14,0,2,1
rankify.nl,14,0,2,1
ravensartcafe.com,14,0,17,1
readnewsblog.com,14,0,1,1
recap.global,14,0,17,1
rentadinosaur.co.uk,14,0,30,1
rfsmarketing.co.uk,14,0,2,1
richtech.online,14,0,85,1
rilna.net,14,0,2,1
ritec.at,14,0,3,1
robots.net,14,0,1,1
saas.blackfriday,14,0,2,1
safekenya.org,14,0,17,1
sarayflora.com,14,0,17,1
sblibrokerage.com,14,0,17,1
scmwizard.com,14,0,3,1
scooterfactory.nl,14,0,17,1
scribeage.com,14,0,2,1
scys-notts.co.uk,14,0,1938,1
seoarmy.fr,14,0,1,1
server-home.org,14,0,1,1
setupwp.io,14,0,4,1
sevendev.com.au,14,0,2,1
shannonpayne.com.au,14,0,5,1
shuswapbjj.com,14,0,19,1
sibleyconstruction.com,14,0,17,1
simpauldesign.com,14,0,2,1
sinhalasongbook.com,14,0,2,1
siteko.net,14,0,36,1
sitthinunt.com,14,0,1,1
small-bizsense.com,14,0,7,1
smarttoolsai.com,14,0,1,1
softwarepodium.com,14,0,3,1
solopreneurgrind.com,14,0,1,1
specswriter.com,14,0,1,1
spiderevent.com,14,0,5,1
ssnblog.com,14,0,5,1
staffmerica.com,14,0,17,1
startupguys.net,14,0,1,1
stewards.gr,14,0,17,1
storegrowth.io,14,0,2,1
stpatrickshotel.com,14,0,68,1
strategicgoal.co.uk,14,0,1,1
streamseo.com,14,0,4,1
strikerlanes.net,14,0,17,1
studiotechnika.no,14,0,17,1
suedwest-touristik.de,14,0,2,1
sweetreatscakesandpastries.com,14,0,17,1
syndication.cloud,14,0,2,1
syzmic.com,14,0,1,1
tamilprint2.co.uk,14,0,1,1
taylorbanks.com,14,0,1,1
tblogz.com,14,0,1,1
tdfjewellery.com,14,0,11,1
teamone.cn,14,0,1,1
teamtct.com,14,0,17,1
techearl.com,14,0,4,1
techlist.pk,14,0,1,1
techplugged.com,14,0,2,1
techproductivity.co,14,0,15,1
techsslash.com,14,0,1,1
templatetester.com,14,0,2,1
terracehilldental.com,14,0,17,1
thebillionairesplan.com,14,0,6,1
thebinaryworks.com,14,0,1,1
thebusinessblocks.com,14,0,1,1
thecaskwinebar.com,14,0,41,1
thecoxteam.com,14,0,2,1
thecreativesloft.com,14,0,1,1
thehackpost.com,14,0,1,1
theideasuperb.com,14,0,7,1
thelifetech.com,14,0,1,1
theultimatewebmaster.com,14,0,1,1
thevegastourist.com,14,0,4,1
thisishiphophq.com.ng,14,0,3,1
ticketsummit.org,14,0,82,1
titletapsites.com,14,0,51,1
to-all.com,14,0,17,1
tofulab.app,14,0,6,1
tokengoplatform.com,14,0,17,1
toolhub.me,14,0,1,1
topmarketingfunnels.com,14,0,1,1
torontochinese.ca,14,0,34,1
trendshapersmag.com,14,0,1,1
treycallowaymusic.com,14,0,17,1
tri-shark.org,14,0,17,1
udance.com.au,14,0,1,1
ugurus.com,14,0,2,1
upgradedreviews.com,14,0,4,1
uptempomag.com,14,0,1,1
urbanlegendshaunt.com,14,0,17,1
vianapatricio.com.br,14,0,1,1
vipdecals.com,14,0,17,1
virfice.com,14,0,9,1
vtpaddlers.net,14,0,1,1
web-profile.net,14,0,2,1
web3canvas.com,14,0,2,1
webfolio.to,14,0,31,1
webhostingprof.com,14,0,61,1
websitebuilderly.com,14,0,9,1
websitegear.com,14,0,4,1
websoftglobal.com,14,0,7,1
webweekly.email,14,0,4,1
webyourself.eu,14,0,1,1
welldressedburrito.com,14,0,1,1
wendrich.com,14,0,1,1
winevybe.com,14,0,1,1
wingmanmspmarketing.com,14,0,1,1
woofresh.com,14,0,1,1
wpallresources.com,14,0,1,1
wpbiz.dev,14,0,9,1
wpbriefs.com,14,0,7,1
wpchathelp.com,14,0,2,1
wpconsults.com,14,0,31,1
wpfangirl.com,14,0,1,1
wpleaders.com,14,0,4,1
wpmyweb.com,14,0,3,1
wpnewsboard.com,14,0,79,1
wpoptimizers.xyz,14,0,2,1
wpsmallfix.com,14,0,2,1
wptangtoc.com,14,0,1,1
wpvkp.com,14,0,6,1
wpwebsmartz.com,14,0,1,1
wpwham.com,14,0,4,1
wsmenterprisearea.co.uk,14,0,17,1
wupples.com,14,0,1,1
wutdawut.com,14,0,3,1
xforms.org,14,0,14,1
xploredigital.in,14,0,1,1
ybierling.com,14,0,10,1
yopuedo.co,14,0,17,1
you-grouphk.com,14,0,34,1
yourwebseo.in,14,0,1,1
zaclab.com,14,0,1,1
zendevs.xyz,14,0,3,1
zeroazul.com,14,0,6,1
zufglobus.com,14,0,17,1
2100academy.co.il,13,0,1,1
24hshop.pl,13,0,1,1
4dpianoteaching.com,13,0,9,1
54solutions.com,13,0,1,1
5balloons.info,13,0,314,1
99points.info,13,0,1,1
aammii.com,13,0,2870,1
acciyo.com,13,0,120,1
acento.com.mx,13,0,2,1
activdigital.marketing,13,0,1,1
activedatasystems.com,13,0,17,1
adamleeb.com,13,0,4,1
adaptonline.se,13,0,1,1
adlibweb.com,13,0,3,1
adloonix.com,13,0,1,1
admit.app,13,0,17,1
adsy.me,13,0,25,1
adtools.org,13,0,3,1
advantiv.com,13,0,17,1
aifutureadda.com,13,0,3,1
aitanadonostia.com,13,0,17,1
alazharcilacap.sch.id,13,0,1,1
alchemythree.com,13,0,1,1
alecing.com,13,0,24,1
alianzaestrategica.edu.pe,13,0,14,1
allbloggingtips.com,13,0,3,1
alvinang.sg,13,0,1,1
alxweb.com.br,13,0,17,1
amoreuxdubois.com,13,0,1,1
ampedsafety.com,13,0,17,1
ampmycontent.com,13,0,1,1
andiastina.com,13,0,3,1
answersq.com,13,0,3,1
apdroid.app,13,0,17,1
aprstaffing.com,13,0,17,1
aquariusthemes.com,13,0,1,1
aqurus.ca,13,0,1,1
arcadearchive.co.uk,13,0,1,1
arenalaptop.com,13,0,8,1
arialpert.com,13,0,1,1
aruntastic.com,13,0,1,1
askeustache.com,13,0,1,1
assetcleanup.com,13,0,2,1
atlasknits.com,13,0,1,1
atlaspreneur.com,13,0,1,1
avendanodesign.com,13,0,2,1
awebautomate.com,13,0,5,1
axisimages.in,13,0,17,1
baby-safety.co.il,13,0,44,1
bangbangstudios.co,13,0,51,1
bbdsdesign.com,13,0,1,1
beachgeek.co.uk,13,0,1,1
beesbestcompost.com,13,0,17,1
belmontpartyrentals.com,13,0,17,1
belynderwalia.com,13,0,17,1
betacompression.com,13,0,1,1
betternotificationsforwp.com,13,0,1,1
bibliothek.nu,13,0,17,1
bidul.co.il,13,0,60,1
bildr.org,13,0,17,1
bingyi.info,13,0,9,1
bitmason.blogspot.com,13,0,6,1
blackcatwebstudio.com,13,0,4,1
blockedinchina.io,13,0,68,1
blogstalgia.com,13,0,9,1
blogvarient.com,13,0,2,1
bondicarpets.com.au,13,0,17,1
brafton.ca,13,0,6,1
butterdigital.com.au,13,0,1,1
c-bot.info,13,0,17,1
calaplanning.co.uk,13,0,51,1
calgamingconference.com,13,0,17,1
canadabusinessgrants.com,13,0,2,1
capefearfoodandwineclub.com,13,0,51,1
casinobutler.com,13,0,1,1
chahra.com,13,0,1,1
challisgolf.com,13,0,17,1
chatgpt-online.org,13,0,17,1
cheshiredave.com,13,0,17,1
cheyinsulation.com,13,0,17,1
chicfamilytravels.com,13,0,1,1
christianwebsite.com,13,0,1,1
chriswright.photography,13,0,4,1
citymaas.io,13,0,2,1
cityprincegeorge.ca,13,0,17,1
cloakist.site,13,0,6,1
cloudcow.com,13,0,5,1
cmpcommercial.com,13,0,17,1
codeforest.net,13,0,76,1
comafin.nl,13,0,34,1
compareyourtech.com,13,0,8,1
computingskillset.com,13,0,56,1
containerspecialtiesinc.com,13,0,17,1
contenthacker.co,13,0,87,1
corpoacao.com.br,13,0,17,1
coupontive.com,13,0,1,1
cpi-gc.com,13,0,17,1
crajun.com,13,0,1,1
createashoppe.com,13,0,1,1
createashoppeplus.com,13,0,1,1
crochething.com,13,0,1,1
cryptocurrencyplugins.com,13,0,1,1
cscotrmuseum.ca,13,0,17,1
cubbie.com,13,0,2,1
cubik.com.tw,13,0,1,1
cursowordpress.com,13,0,1,1
cvwcleantech.com,13,0,82,1
cw-servers.co.il,13,0,30,1
cybersolve.net,13,0,3,1
cykel.lk,13,0,17,1
danielweltlinger.com,13,0,18,1
dariomarkovic.com,13,0,1,1
daveshrein.com,13,0,2,1
davidsandyofficial.com,13,0,1,1
demo-heythemers.com,13,0,61,1
dewebkiller.com,13,0,1,1
dhruvvidyut.co.in,13,0,17,1
digital-advertisers.com,13,0,1,1
digitalroos.com,13,0,2,1
digitalstrategyconsultants.in,13,0,1,1
directory9.biz,13,0,147157,1
divigallery.com,13,0,4,1
division13.com,13,0,328,1
dmunozmedia.com,13,0,102,1
dogbytemarketing.com,13,0,2,1
downloadauthenticator.com,13,0,4,1
drfurithemes.com,13,0,17,1
drtracy.co.za,13,0,1,1
dtcdailynews.com,13,0,8,1
easyprotools.com,13,0,1,1
ecoupon.io,13,0,3,1
edforidaho.com,13,0,17,1
edostate.com,13,0,5,1
elceshow.com,13,0,17,1
elitenotarysigningsagency.com,13,0,17,1
enlivy.com,13,0,3,1
ericdalius.com,13,0,1,1
escoladenutricaoanimal.com.br,13,0,17,1
etalasebisnis.com,13,0,9,1
ethereumico.io,13,0,2,1
euphoriabylaranorman.com,13,0,17,1
exigen.com.au,13,0,5,1
explorenewmfg.org,13,0,102,1
fakaza2022.co.za,13,0,123,1
falkus.co,13,0,4,1
fatdogcreatives.com,13,0,1,1
fibrygaresources.ca,13,0,16,1
finanssenteret.as,13,0,8,1
fincyte.com,13,0,1,1
flammadesign.com.br,13,0,2,1
flaremagazine.co.uk,13,0,1,1
flipstarter.cash,13,0,3,1
flowsome.com,13,0,17,1
fls-survey.com,13,0,17,1
forrayniki.hu,13,0,1,1
foruslabs.com,13,0,17,1
framarootapp.com,13,0,1,1
framestudio.co.nz,13,0,17,1
friendsfit.co.il,13,0,17,1
frmginc.com,13,0,17,1
fs.al,13,0,1,1
ftplayground.com.au,13,0,17,1
fuerstbentheim.de,13,0,17,1
fullingmgmt.com,13,0,17,1
fusionsoft.co.uk,13,0,1,1
fyrquel.com,13,0,17,1
garagedoorguide.com,13,0,4,1
garagerocket.com,13,0,17,1
gardensafari.co.nz,13,0,17,1
garlandroad.com,13,0,17,1
garnerdental.com,13,0,17,1
gemenywinery.net,13,0,51,1
gemius.co,13,0,34,1
getdsm.com,13,0,1,1
gigonway.com,13,0,3,1
gocreate.me,13,0,1,1
gogonow.de,13,0,1,1
gpacademy.com.au,13,0,17,1
grantscape-scotland.scot,13,0,17,1
ha-ayal.co.il,13,0,1,1
hakumonkai.org,13,0,5,1
hamiltonairconditioning.co.uk,13,0,17,1
happy168.ai,13,0,17,1
hbfreelance.com,13,0,1,1
hellosmitten.com,13,0,2,1
helpgis.com,13,0,17,1
hhcontest.ca,13,0,17,1
higherfaugan.co.uk,13,0,119,1
holtslander.ca,13,0,1,1
humantimebombs.com,13,0,1,1
icecct.com,13,0,4,1
indraputra.ai,13,0,2,1
infinitytransport.com,13,0,17,1
inform.click,13,0,130,1
innocodia.com,13,0,1,1
inre.me,13,0,1,1
insidehost.net,13,0,10,1
insightdials.com,13,0,1,1
inteliqoservices.com,13,0,12,1
internetmarketingdeals.com,13,0,2,1
investorsi.pl,13,0,91,1
ixyzero.com,13,0,1,1
jakson.co,13,0,3,1
jcthessaloniki.gr,13,0,17,1
jens-noer.dk,13,0,17,1
jinaldesai.com,13,0,1,1
jomapply.com,13,0,51,1
joseantoniozarzalejos.com,13,0,41,1
jshan.kr,13,0,1,1
jw.lt,13,0,2,1
jwhunt.net,13,0,17,1
kanev.com,13,0,1,1
kartracingleague.com,13,0,17,1
kasareviews.com,13,0,11,1
katelynmcd.com,13,0,17,1
kealabs.com,13,0,1,1
kedou.life,13,0,2,1
keeganedwards.com,13,0,1,1
kemptvillesuites.com,13,0,17,1
kikxy.com,13,0,221,1
kingsgrovedayhospital.com.au,13,0,17,1
kissat.app,13,0,17,1
kreativopro.com,13,0,1,1
kris.co.il,13,0,4,1
kukukaraliene.lv,13,0,17,1
kwaveblog.com,13,0,3,1
la-sirolaise.com,13,0,2,1
lamapublishers.com,13,0,17,1
laythemeforum.com,13,0,2,1
ldninjas.com,13,0,6,1
leslelewispoetry.com,13,0,17,1
level3belton.com,13,0,17,1
linkz.us,13,0,54,1
linodash.com,13,0,1,1
lisandraramos.com,13,0,1,1
listingprowp.com,13,0,5,1
litigationlocker.com,13,0,17,1
litmusink.com,13,0,34,1
locksmiths365.ie,13,0,17,1
lotteryno.one,13,0,1,1
makemoney.tw,13,0,1,1
manaovibes.com,13,0,17,1
mangabis.lt,13,0,8,1
marathispirit.com,13,0,119,1
market-link.co.uk,13,0,1,1
mas-concorp.com,13,0,68,1
matthewturland.com,13,0,2,1
mcleodvision.com,13,0,17,1
medfordseniorcare.com,13,0,17,1
medisanhealth.com,13,0,17,1
mentalhealth-world.org.uk,13,0,19,1
merchantcenter.co.il,13,0,38,1
meridian-direct.com,13,0,17,1
merku.love,13,1,0,1
midatlanticasphaltexpo.com,13,0,17,1
midgafarm.com,13,0,17,1
mixiii.com,13,0,17,1
mketrainer.com,13,0,17,1
mobicryp.io,13,0,17,1
mobilitae.com,13,0,17,1
mofascience.com,13,0,1,1
montiumliving.com,13,0,51,1
moorewebexposure.com,13,0,596,1
mootpoint.org,13,0,2,1
morsebrowndesign.co.uk,13,0,1,1
mrstudio.eu,13,0,1,1
mtkorea.tw,13,0,1,1
mudaparis.fr,13,0,2,1
multithai.com,13,0,17,1
multiversemediagroup.com,13,0,1,1
mycoldleads.com,13,0,2,1
myherb.co.il,13,0,18,1
mymidnight.blog,13,0,2,1
namenfinden.de,13,0,2,1
naturalvitality.com.ec,13,0,85,1
ncedcloud.co.uk,13,0,1,1
nerdisa.com,13,0,22,1
neuconcept.com,13,0,1,1
newzeal.org.nz,13,0,17,1
njev.net,13,0,17,1
nocodedevs.com,13,0,1,1
nomaddiva.com,13,0,2,1
noviwealth.com,13,0,1,1
nsddd.top,13,0,2,1
objectif-suede.com,13,0,2,1
ocapghpa.org,13,0,17,1
odessitclub.org,13,0,82,1
olivare.com.ar,13,0,2,1
oneincomedollar.com,13,0,1,1
optoutcode.com,13,0,17,1
oscarabadfolgueira.com,13,0,15,1
palsglobalnetwork.com,13,0,17,1
papasearch.net,13,0,88,1
patriot-realty.net,13,0,17,1
pawspetmarket.com,13,0,3,1
pdfnotes.co,13,0,1379,1
peacefulmedia.com,13,0,1,1
pembsplumbing.co.uk,13,0,17,1
pennygaff.com.au,13,0,1,1
pennypolly.com,13,0,3,1
perkelt.com,13,0,51,1
pet-abuse.com,13,0,1,1
peterbabic.com,13,0,2,1
peterbabic.dev,13,0,2,1
phillytod.org,13,0,34,1
piclabapp.com,13,0,17,1
plantenance.com,13,0,34,1
plethoradesign.com,13,0,6,1
podmuse.com,13,0,2,1
pokereagles.com,13,0,1,1
populartv.com,13,0,17,1
positivevoicesct.com,13,0,17,1
poweredbysage.com,13,0,17,1
pressconf.events,13,0,1,1
prml.ink,13,0,1,1
professions.ng,13,0,1,1
profit.com.au,13,0,1,1
prosociate.com,13,0,5,1
pxel7media.com,13,0,4,1
qawithexperts.com,13,0,8,1
qoxy.com,13,0,1,1
radux.nl,13,0,18,1
rebecca-green-catering.co.uk,13,0,16,1
rebeccagill.com,13,0,2,1
redrockprecision.com,13,0,17,1
remax.com.ph,13,0,17,1
remokey.com,13,0,578,1
resilienthumanperformance.com,13,0,17,1
resonancelabjo.com,13,0,1,1
retouch.ca,13,0,9,1
richteamedia360.com,13,0,4,1
robbyf.com,13,0,1,1
robkish.life,13,0,1,1
robusttechhouse.com,13,0,1,1
rockandwater.ca,13,0,17,1
rogerboltonsbeebwatch.com,13,0,51,1
rule27design.com,13,0,1,1
rushnsp.org.au,13,0,5,1
rytbee.com,13,0,1,1
rzska.pl,13,0,82,1
saasbattles.com,13,0,5,1
saascss.com,13,0,2,1
sabaqinsure.ly,13,0,1,1
sabrinazeidan.com,13,0,1,1
sales-office-dubai.com,13,0,17,1
sarahnoelblock.com,13,0,1,1
sayjobcity.com,13,0,1,1
scalelabs.dev,13,0,1,1
scivideoblog.com,13,0,3,1
scorpius.com,13,0,9,1
scr888ts.vip,13,0,34,1
screenberkshire.co.uk,13,0,17,1
scuti.asia,13,0,1,1
searsavor.com,13,0,102,1
seascs.org,13,0,17,1
secretpizza.co.il,13,0,17,1
senoleczanesi.com.tr,13,0,3,1
seo-forum.se,13,0,2,1
seoengine.ai,13,0,2,1
servicedapartments.ae,13,0,1,1
shaha.tw,13,0,1,1
shallcrossmarketing.com,13,0,1,1
shedsofmarana.com,13,0,17,1
shiphaus.com,13,0,34,1
shogundojo.com,13,0,2,1
shopyuppypuppy.com,13,0,17,1
showcasegroup.co.nz,13,0,9,1
silvis.nu,13,0,34,1
sislin.me,13,0,13,1
sitekhoob.com,13,0,1,1
sitetechsystems.com,13,0,16,1
skoleferie-dk.dk,13,0,5,1
smartwebcreators.com,13,0,2,1
smartyscripts.com,13,0,1,1
smithpaleo.org,13,0,17,1
smoothwebsites.net,13,0,1,1
sns-management.com,13,0,17,1
sobergroup.com,13,0,9,1
socialbuzzhive.com,13,0,1,1
softdiscover.com,13,0,1,1
softwarecave.org,13,0,1,1
solutiontales.com,13,0,1,1
sonweb.net,13,0,1,1
soyinsider.com,13,0,1,1
sparkpressfusion.com,13,0,46,1
sphereinvestments.com,13,0,17,1
spreadmyfiles.com,13,0,1,1
srch.fi,13,0,11,1
staging33.com,13,0,1,1
stallioni.com,13,0,1,1
stephanochmann.de,13,0,18,1
stockcheck.com,13,0,1,1
storific.com,13,0,2,1
story.com.au,13,0,2,1
strayapple.in,13,0,17,1
stresslessweb.com,13,0,1,1
studiosteinwender.at,13,0,2,1
sukipara.net,13,0,50,1
sukkarshop.com,13,0,2,1
swiy.co,13,0,2,1
swoil.com,13,0,17,1
sws.edu.in,13,0,17,1
szybkihol.pl,13,0,1,1
taglive.com,13,0,17,1
takethiscourse.net,13,0,1,1
talent4boards.com,13,0,1,1
talktorob.com,13,0,16,1
tamasenco.com,13,0,17,1
tamchart.com,13,0,1,1
tanyadigital.com,13,0,1,1
tech-vise.com,13,0,1,1
technocript.com,13,0,1,1
technologytales.com,13,0,1,1
techrakyat.com,13,0,1,1
techsupremo.com,13,0,1,1
thedevcouple.com,13,0,66,1
theflamingo.co.za,13,0,17,1
thegrays.co,13,0,2,1
thehackingday.com,13,0,1,1
thekashmirglory.com,13,0,17,1
theme9.net,13,0,23,1
themeridianliving.com,13,0,82,1
themewaves.com,13,0,7,1
therphl.net,13,0,17,1
thersvp.org,13,0,17,1
theseed.gen.tr,13,0,1,1
theswissdigital.ch,13,0,1,1
thumbsuckingclinic.com.au,13,0,17,1
tiaraexpress.mx,13,0,17,1
tiengtrungquoc.net,13,0,15,1
tipsforchina.com,13,0,1,1
tng-global.org,13,0,17,1
tokfun.net,13,0,5,1
toolai.co,13,0,3,1
toolfio.com,13,0,1,1
topranked.io,13,0,4,1
townpressmedia.com,13,0,32,1
travelcontinuously.com,13,0,1,1
trevorball.com,13,0,1,1
tudosobretattoo.com,13,0,41,1
twunq.nl,13,0,17,1
ucoa.edu.in,13,0,17,1
udlvirtual.edu.pe,13,0,1,1
unitedtitle24.com,13,0,17,1
universitam.edu.mx,13,0,1,1
updimes.com,13,0,4,1
utilizewp.com,13,0,6,1
valleysolutionsinc.com,13,0,1,1
vamban.com,13,0,17,1
vanar.md,13,0,2,1
vanguardhc.com,13,0,17,1
verifiedtools.info,13,0,1,1
vie.free.fr,13,0,4,1
vimexx.com,13,0,3,1
vinasoft.net,13,0,1,1
vinthewrench.com,13,0,1,1
vitex.asia,13,0,11,1
vivatasteofbrazil.com,13,0,34,1
vizajobs.com,13,0,2,1
volumetree.com,13,0,1,1
vscode.email,13,0,7,1
web-st.net,13,0,4,1
web750.com,13,0,6,1
webbuddy.sg,13,0,1,1
webhelpforums.net,13,0,2,1
webmetools.com,13,0,31,1
webpresshub.net,13,0,1,1
websolxpert.com,13,0,1,1
weekly.pw,13,0,2,1
welovewp.com,13,0,44,1
whoacceptsamex.co.uk,13,0,2,1
wilbrown.com,13,0,1,1
wisedesignlab.com,13,0,2,1
wpadventure.com,13,0,1,1
wpautorobot.com,13,0,9,1
wpdavies.dev,13,0,5,1
wpgenie.org,13,0,3,1
wpscout.io,13,0,6,1
wpsimplehacks.com,13,0,6,1
wpuxsolutions.com,13,0,31,1
wpvilla.com,13,0,1,1
wtftechsolutions.com,13,0,26,1
yanopp.com,13,0,4,1
yoav-bulshtein.com,13,0,4,1
youmans.it,13,0,34,1
yoyao.com,13,0,1,1
yuanjhen.com,13,0,1,1
z-uniform.com.hk,13,0,17,1
zayahameni.com,13,0,51,1
zsmotor.cl,13,0,17,1
zwiicms.fr,13,0,2,1
10dollarsoloads.com,12,0,41,1
1984london.com,12,0,17,1
1pilot.io,12,0,3,1
208homecareservices.com,12,0,17,1
99tech.co.uk,12,0,2,1
aadarsh.in,12,0,1,1
abdigital.com.au,12,0,18,1
abhijitrawool.com,12,0,2,1
acceleratetax.com,12,0,17,1
acctla.org,12,0,17,1
adawebguard.com,12,0,1,1
adyouri.com,12,0,2,1
aerowhats.com,12,0,17,1
affiqfadzil.com,12,0,1,1
aglcpa.com,12,0,17,1
aljyyosh.com,12,0,1,1
allforturntables.com,12,0,1,1
almaruf.sch.id,12,0,17,1
americanpitbull.it,12,0,1,1
amr4dm.com,12,0,2,1
andromedia.co.il,12,0,136,1
andybernstein.com,12,0,17,1
anjana.co.in,12,0,1,1
anka-tech.com.tr,12,0,17,1
annapolisyachtservices.com,12,0,136,1
anniewhitakerphotography.com,12,0,17,1
answeryourtech.com,12,0,3,1
apistudios.io,12,0,1,1
applicationadvantage.com,12,0,2,1
aquatechedu.com,12,0,17,1
armaseo.com,12,0,1,1
armedforcescommunity.org,12,0,17,1
artofliberty.org,12,0,17,1
asdp.us,12,0,51,1
asemanserver.ir,12,0,1,1
asiainfluencerx.com,12,0,1,1
aspiretoinspireagency.com,12,0,34,1
aster.cloud,12,0,2,1
atheon.org,12,0,17,1
atinyspaceforu.com,12,0,2,1
atozaitools.com,12,0,6,1
atura-house.co.il,12,0,1,1
aura.ie,12,0,17,1
avalos.sv,12,0,2,1
axe-web.com,12,0,10,1
barrettrollins.com,12,0,51,1
bcrypt.live,12,0,17,1
beanbagfoodprogram.org,12,0,17,1
benady.co.il,12,0,2,1
bentleighfitnesscentre.com.au,12,0,17,1
bespinlabs.com,12,0,3,1
best-tickets.co.il,12,0,1,1
beyondthelaptops.org,12,0,27,1
birkey.com,12,0,20,1
blackfridaydealspoint.com,12,0,2,1
blog3c.net,12,0,2,1
blogadulti.com,12,0,16,1
blogbook.hu,12,0,8,1
blogpioneer.com,12,0,5,1
bloompixel.com,12,0,1,1
blueandgoldauto.com,12,0,17,1
blueheronnc.com,12,0,41,1
blueprint-dentistry.com,12,0,17,1
bondisbest.com.au,12,0,17,1
bonhamnsbrygga.se,12,0,17,1
bonnihillfarms.com,12,0,17,1
boroughbbq.com,12,0,17,1
bprol.com,12,0,17,1
brandandpartners.com,12,0,5,1
brandonfire.com,12,0,89,1
brandtheboss.com,12,0,1,1
brnsgroup.com,12,0,41,1
bryggeriet.se,12,0,17,1
bubbadutch.com,12,0,17,1
burgerplanet17.com,12,0,41,1
buyek.com.tr,12,0,17,1
buyersprove.com,12,0,1,1
campvalnotredame.com,12,0,17,1
caraudiocustoms.com,12,0,17,1
carlicas.com,12,0,1,1
carouselfarmllc.com,12,0,17,1
ccof.church,12,0,17,1
ccsmidwest.com,12,0,51,1
centerforbirthhealing.com,12,0,17,1
centredge.com,12,0,2,1
cfnplan.com,12,0,17,1
chaospin.com,12,0,2,1
chemexams.com,12,0,1,1
chemposite.com,12,0,2,1
chenfei.ca,12,0,1,1
chuber.at,12,0,1,1
ciademelhoramento.com.br,12,0,17,1
cicerovasa.se,12,0,17,1
cjhallock.com,12,0,10,1
cleaner-web.com,12,0,1,1
clearlyloc.com,12,0,1,1
clientclicks.com,12,0,6,1
clinicacardioclin.com.br,12,0,17,1
clonkapp.com,12,0,1,1
cloudcredits.io,12,0,6,1
cloudgeeks.com.au,12,0,4,1
cmotimes.com,12,0,1,1
codaproductions.net,12,0,17,1
codeair.in,12,0,1,1
codebuzzweb.com,12,0,2896,1
collaboration133.com,12,0,1,1
coloradowaterpurification.com,12,0,17,1
com-tel.fr,12,0,17,1
combinedlimousines.com,12,0,1,1
compassnewspaper.org,12,0,17,1
consulae.com,12,0,1,1
contentisrael.com,12,0,17,1
conversationswithdanielle.com,12,0,1,1
conversiongems.com,12,0,3,1
coopdutournesol.com,12,0,17,1
copyflight.com,12,0,4,1
cornucopiahotel.com,12,0,68,1
couponorg.co.in,12,0,3,1
createurdesolutions.fr,12,0,1,1
creativemini.com,12,0,19,1
crwtx.com,12,0,17,1
csgstl.com,12,0,17,1
csuchen.de,12,0,1,1
ctbakery.com,12,0,17,1
cyberfuture.tech,12,0,1,1
dainikuttarakhand.in,12,0,17,1
darteweb.com,12,0,1,1
dateyvs.com,12,0,17,1
davidwaumsley.com,12,0,7,1
davidwickesproductions.com,12,0,17,1
dbohra.com,12,0,153,1
dealmela.com,12,0,1,1
dealsnado.com,12,0,26,1
deasoft.com,12,0,1,1
defiguide.org,12,0,1,1
delaossa.co,12,0,1,1
demowa.it,12,0,1,1
designwebkit.com,12,0,1,1
devin.org,12,0,1,1
devsecopsguides.com,12,0,1,1
dewpboer.nl,12,0,17,1
deytonbell.com,12,0,51,1
diariodeunfriki.com,12,0,7,1
digitalnomadni.com,12,0,3,1
digivox.ba,12,0,1,1
diviwe.com,12,0,16,1
divorcefast.ca,12,0,274,1
divplanet.com,12,0,1,1
dmdbuilders.com,12,0,17,1
doe1.org,12,0,34,1
dqstudios.com,12,0,17,1
drhammond.co.za,12,0,17,1
dubaihires.com,12,0,871,1
dukhoon.com,12,0,17,1
duo-corp.com,12,0,34,1
dztechy.com,12,0,6,1
eclecticwitchcraft.com,12,0,2,1
econnexion.net,12,0,6,1
edulabs.sg,12,0,17,1
eemeurope.org,12,0,1,1
ejobscircular.com,12,0,1,1
ekendraonline.com,12,0,2,1
elearninghippo.com,12,0,238,1
emailsnest.com,12,0,3,1
entrepreneurbusinessblog.com,12,0,4,1
entrepreneursclass.com,12,0,1,1
ericwu.asia,12,0,1,1
ethicallyengineered.com,12,0,1,1
ewebtalk.com,12,0,105,1
exportmybase.com,12,0,1,1
fairlymarvellous.co.uk,12,0,1,1
faithfigures.com,12,0,17,1
falleneight.at,12,0,3,1
farmaciascarimas.com,12,0,2,1
farmhut.in,12,0,17,1
fearlessdrone.academy,12,0,17,1
firstfridayodtx.com,12,0,17,1
fitmama.com,12,0,17,1
fogbender.com,12,0,1,1
fotoclubfllum.com,12,0,2,1
fousdecafe.com,12,0,1,1
freehostforum.com,12,0,34,1
fri3nd.me,12,0,1,1
futari.pl,12,0,1,1
gail-thomas.com,12,0,17,1
geekeries.org,12,0,11,1
generatorpodcast.com,12,0,1,1
genisoft.fr,12,0,1,1
getsetlive.com,12,0,1,1
getthe.info,12,0,2,1
gflix.kr,12,0,1,1
giftvoucher.my,12,0,2,1
globalmindfulnesscollaborative.org,12,0,136,1
gnodesign.com,12,0,1,1
goflyting.com,12,0,4,1
goweb.org.il,12,0,293,1
gowinko.com,12,0,4,1
gpliving.com,12,0,17,1
gravistech.com,12,0,20,1
greatfindsparker.com,12,0,17,1
greatspiritpdx.com,12,0,16,1
grosspaydigital.com,12,0,1,1
grupoemporium.mx,12,0,17,1
guardianplumbing.net.au,12,0,18,1
haama.com,12,0,17,1
hairhaven.mt,12,0,17,1
hallathuntingtown.com,12,0,2,1
hamsterstack.com,12,0,59,1
happyvillage.com.tw,12,0,17,1
haruheal.com,12,0,34,1
hau.xyz,12,0,1,1
hearinglosssolutions.com,12,0,3,1
heathfieldsummerschool.co.uk,12,0,17,1
hebronmall.com,12,0,17,1
hengjing168c.com,12,0,17,1
hiddenkey-locksmiths.com,12,0,17,1
highscalability.squarespace.com,12,0,1,1
hindimehelp.com,12,0,3,1
hokkaido-otobe-marche.com,12,0,1,1
homemusicmaker.com,12,0,2,1
homesteadpresents.com,12,0,17,1
hostingrevelations.com,12,0,9,1
hotavn.com,12,0,10,1
hotboxstoves.co.uk,12,0,17,1
houseoforangebali.com,12,0,17,1
howinsights.com,12,0,1,1
howto-do.it,12,0,3,1
humanstories.in,12,0,1,1
hxb.jp,12,0,1,1
icanb2c.com,12,0,1,1
idconline.vn,12,0,1,1
imageattributespro.com,12,0,1,1
imcbasket.com,12,0,5,1
increasink.co.id,12,0,1,1
indianbusinessdirectory.in,12,0,1,1
infostourisme.com,12,0,1,1
inshotspot.com,12,0,2,1
intelligent.events,12,0,17,1
internetfolks.com,12,0,10,1
internjobhub.com,12,0,2,1
inyes.edu.mx,12,0,17,1
iscabrands.com,12,0,3,1
italyinnocenceproject.org,12,0,21,1
ithinkvirtual.com,12,0,1,1
itsolution24x7.com,12,0,1,1
itsonmedia.com,12,0,63,1
iviziontech.com,12,0,1,1
iweb.ee,12,0,21,1
jennifer-franklin.com,12,0,2,1
jiemahao.com,12,0,2,1
jobadvisor.link,12,0,1,1
joelin.cc,12,0,3,1
joinlosaltospd.com,12,0,17,1
jointemplepd.com,12,0,34,1
jonascleveland.com,12,0,11,1
jorijn.com,12,0,2,1
joyymkt.com,12,0,1,1
judopeugeot-mulhouse.com,12,0,1,1
justdirectory.org,12,0,143105,1
justwebdevelopment.com,12,0,4,1
kaiten.design,12,0,1,1
kappaboulefoundation.org,12,0,17,1
kat-b.com,12,0,17,1
kcoad.com,12,0,17,1
keenly.pro,12,0,68,1
keithtaylorphoto.com,12,0,1,1
kendal-gehoorbescherming.nl,12,0,17,1
kerihosting.com,12,0,1,1
kgbinternet.com,12,0,8,1
kieranpotts.com,12,0,1,1
kimlawfirm.com,12,0,17,1
kineticiris.com,12,0,1,1
kukie.net,12,0,3,1
kuldeeprathore.com,12,0,4,1
kushikatsu-oasis.com,12,0,82,1
labruja.rest,12,0,17,1
lacteoscastelar.com.ar,12,0,17,1
ladesignanddev.com,12,0,17,1
lakesideluxury.ca,12,0,17,1
lashiblog.com,12,0,31,1
latestgadget.co,12,0,1,1
lawrencemcdaniel.com,12,0,1,1
lazyweb.com,12,0,1,1
ledetailwp.com,12,0,2,1
letswepp.com,12,0,1,1
liberatorfilmservices.com,12,0,17,1
liftaboutique.co.il,12,0,17,1
likoma.com,12,0,1,1
limitlessreferrals.info,12,0,1,1
lingulo.com,12,0,10,1
literacyforkids.org,12,0,41,1
litgroup.io,12,0,1,1
littlebalilove.com,12,0,17,1
littleducklingindy.com,12,0,17,1
liveviews.cc,12,0,1,1
lmstr.io,12,0,1,1
loudmoneymoves.com,12,0,1,1
lpl-uk.com,12,0,51,1
ltdtc.org,12,0,34,1
lucapapp.com,12,0,17,1
lucianamodiin.co.il,12,0,17,1
lucys.nu,12,0,17,1
lycslaw.com,12,0,17,1
macleamy.com,12,0,17,1
mageefy.com,12,0,1,1
makingyourfuture.org,12,0,19,1
mammasandpapas.com.au,12,0,17,1
marketerrakib.com,12,0,2,1
marketingmm.co.kr,12,0,2,1
masterweb.com.tw,12,0,2,1
mattsosna.com,12,0,1,1
maxfoundry.com,12,0,25,1
mdeus.rs,12,0,1,1
mecksolidwasteprojects.com,12,0,51,1
media-target.co.il,12,0,10,1
mediatree.co.in,12,0,1,1
meetdental.tw,12,0,17,1
menuconnect.co.uk,12,0,17,1
merakiautismcenter.com,12,0,17,1
michaelmilette.com,12,0,1,1
midsouthsecurity.com,12,0,17,1
milehybridauto.com,12,0,16,1
millionclues.com,12,0,1,1
mlproperties.com,12,0,1,1
modellismobaracca.com,12,0,1,1
modulwood.hu,12,0,2,1
momentumag.org,12,0,17,1
monetizedfuture.com,12,0,2,1
morikouji.jp,12,0,1,1
morita.hr,12,0,17,1
msdigitalsolutions.com,12,0,18,1
mumbaimatka.online,12,0,23,1
murrowindianchildrenshome.org,12,0,17,1
mybigguide.com,12,0,1,1
mybudgetrecipes.com,12,0,1,1
mydrom.com,12,0,1,1
mymakeup.co.il,12,0,17,1
mystery-party-games.com,12,0,51,1
n8finch.com,12,0,1,1
nationalcortina.com,12,0,51,1
naturalbeautysalon.co.uk,12,0,17,1
naturalizenow.org,12,0,17,1
naxos-airport.com,12,0,17,1
nckl.gov.kh,12,0,65,1
needsomefun.net,12,0,1,1
neeharneuro.com,12,0,4,1
nelsonhaworth.com,12,0,17,1
networthon.com,12,0,1,1
newspaperfit.com,12,0,23,1
nickamster.com,12,0,17,1
nimble.help,12,0,7,1
nirajforhelp.com,12,0,2,1
notesstartup.com,12,0,11,1
ntertain.com,12,0,17,1
nuethic.com,12,0,1,1
nursfpxwriters.com,12,0,1,1
nwdthemes.com,12,0,1,1
nyctechclub.com,12,0,7,1
nymynet.com,12,0,1,1
oati1.com,12,0,17,1
offerix.com,12,0,4,1
og1athletes.com,12,0,17,1
ohmysimplemeals.com,12,0,1366,1
oladejoelisha.com,12,0,2,1
omahasystemguidelines.org,12,0,17,1
onemdnj.com,12,0,17,1
onleaves.com,12,0,5,1
opapeleo.com,12,0,41,1
optimusclick.com.au,12,0,1,1
osec.tw,12,0,4,1
outsidetheboxmom.com,12,0,1,1
papillondining.com,12,0,82,1
parenttaughtdrivingcourse.com,12,0,17,1
pasivendohod.net,12,0,5,1
pasteur.mx,12,0,17,1
pastortopioneer.com,12,0,17,1
pawlusdental.com,12,0,17,1
peacecorpsiran.org,12,0,17,1
perfectlancer.com,12,0,1,1
pestsdiseases.com,12,0,1,1
petrem.com,12,0,9,1
pierreetmarie.ca,12,0,16,1
pimatic.org,12,0,1,1
pinpointmarketing.ca,12,0,2,1
pintureriacentral.com.ar,12,0,17,1
pioneersnow.com,12,0,1,1
pizzaromamenu.com,12,0,17,1
pleasanttownshiptrustee.org,12,0,17,1
plomberiemartine.ca,12,0,1,1
popapilles.com,12,0,1,1
powerfulwp.com,12,0,85,1
primecut.co,12,0,1,1
primetimekomunikacije.hr,12,0,17,1
pro-net.se,12,0,4,1
procon-nottinghamshire.co.uk,12,0,1,1
productivityshift.com,12,0,1,1
prositeweb.ca,12,0,3,1
protezownia.pl,12,0,1,1
providencefinancialpodcast.com,12,0,34,1
prtelerehab.com,12,0,17,1
purelifeliving.com,12,0,17,1
puretruthson.com,12,0,2,1
pvribbon.com,12,0,34,1
qtag.com.br,12,0,1,1
quillshift.com,12,0,2,1
rabit.click,12,0,4,1
raizesinstituto.com.br,12,0,18,1
rangebankps.vic.edu.au,12,0,17,1
rangersecurity.com,12,0,34,1
raullg.com,12,0,1,1
rayisle.com,12,0,17,1
realbasics.com,12,0,7,1
redwet.in,12,0,1,1
relateddirectory.org,12,0,1760,1
renatoyacolca.com,12,0,1,1
renemorozowich.com,12,0,1,1
resonantstrategic.ca,12,0,17,1
reviewbolt.com,12,0,1,1
rexmas.pe,12,0,5945,1
rhfaus.com.au,12,0,17,1
rickkadingfoundation.org,12,0,17,1
rightcreative.design,12,0,2,1
ripirobo.com,12,0,1,1
riptidebeachclubs.com,12,0,17,1
ro89.xyz,12,0,17,1
robertjacobi.com,12,0,6,1
rotaryoakville.ca,12,0,17,1
rpcv4ea.org,12,0,17,1
saeedkhosravi.com,12,0,1,1
sangwannconnect.com,12,0,1,1
sansansunsports.com,12,0,2,1
sapnaaz.com,12,0,1,1
sarayrestaurant24.com,12,0,17,1
saurabhk.com,12,0,2,1
savannahmillworks.com,12,0,17,1
sbkits.com.my,12,0,1,1
scalater.com,12,0,2,1
schoolvakanties-be.be,12,0,4,1
sciencemadefunfranchise.net,12,0,17,1
scorerise.com,12,0,17,1
scottdeluzio.com,12,0,1,1
seapod.co.uk,12,0,17,1
seastyle.net,12,0,17,1
secureonsitesecurity.co.uk,12,0,17,1
seemless.link,12,0,5,1
serviceplusbihar.info,12,0,1,1
sheepbuy.com,12,0,3,1
shemeansblogging.com,12,0,12,1
shopnik.com.bd,12,0,1,1
sidehustleacademy.com,12,0,1,1
simonnystrom.com,12,0,2,1
skindeepsalonspa.com,12,0,17,1
smallenvelop.com,12,0,1,1
smartfunnel.net,12,0,37,1
smarttfix.com,12,0,1,1
smashgo.co,12,0,5,1
social-lady.com,12,0,6,1
softwarecomoservicio.com,12,0,3,1
sonuprasadgupta.com,12,0,5,1
sparrow.media,12,0,6,1
spidercreations.net,12,0,17,1
sprywebtech.com,12,0,1,1
spscpaincare.com,12,0,17,1
sqdental.com,12,0,17,1
ssdigitalblog.in,12,0,1,1
starlitdevs.com,12,0,2,1
state48tavernpageaz.com,12,0,41,1
statut-services.fr,12,0,6,1
stierdev.com,12,0,4,1
stockbossup.com,12,0,1,1
stonesmentor.com,12,0,1,1
studio-qiao.com,12,0,17,1
successpixel.com,12,0,5,1
successteam1.com,12,0,17,1
sunithafurniture.in,12,0,17,1
supercolecao.com,12,0,3,1
supree.co,12,0,17,1
sweetstartups.com,12,0,3,1
sydneyarmschelsea.com,12,0,51,1
symphonythemes.com,12,0,2,1
syndicatelabs.com,12,0,17,1
tableclothsonline.co.uk,12,0,17,1
taviramonte.com,12,0,1,1
tavrost.ru,12,0,6,1
teachernews.in,12,0,1,1
techactive.in,12,0,1,1
techbuzz.com.pk,12,0,2,1
techbuzzonline.com,12,0,1,1
techdailytimes.com,12,0,2,1
technewscast.io,12,0,1,1
teluguaha.com,12,0,1,1
teresa-english.com.tw,12,0,17,1
thaicoconutaz.com,12,0,17,1
thecornerpubfl.com,12,0,369,1
thedigitalbrew.com.au,12,0,1,1
thedreamerdesigns.com,12,0,1,1
thefunnelbro.com,12,0,1,1
theknightonline.com,12,0,4,1
theluregroup.com,12,0,19,1
themadcaprocks.com,12,0,17,1
themebullet.com,12,0,1,1
theseoking.com,12,0,5,1
theswiftech.com,12,0,17,1
thetogetheragency.com,12,0,17,1
threewaysbeautifulsalon.com,12,0,17,1
tnmlimited.com,12,0,17,1
toacharm.com,12,0,4,1
toadmin.ru,12,0,18,1
todotech20.com,12,0,1,1
togusainc.com,12,0,51,1
tokitea.com.tw,12,0,17,1
topwebsitebuilders.org,12,0,1,1
torresengineering.com,12,0,41,1
touristpoint.in,12,0,1,1
trendpadlok.hu,12,0,4,1
tringle.me,12,0,17,1
truehost.ca,12,0,4,1
trustunlimited.com,12,0,9,1
trydiscountcoupons.com,12,0,6,1
tubeace.com,12,0,2,1
turnkeydirectories.com,12,0,1,1
twentyoneent.com,12,0,17,1
um.la,12,0,1,1
unidadeducativa.org,12,0,1,1
unsafe.sh,12,0,6,1
up-estates.co.uk,12,0,1,1
upsidedown.gg,12,0,17,1
ursulasebastine.com,12,0,1,1
vashishthakapoor.com,12,0,1,1
vayimaen.org,12,0,17,1
venturefactory.tech,12,0,34,1
victorygolfworks.com,12,0,17,1
vif-talent.com,12,0,4,1
virginiafurniturecompany.com,12,0,82,1
vizyonpara.com,12,0,1,1
vjdesign.com.au,12,0,10,1
vsenasplav.ru,12,0,3,1
vsq.bar,12,0,17,1
wackes.com,12,0,34,1
wadethompsonortho.com,12,0,17,1
walesboilerscheme.com,12,0,17,1
we-be.co.il,12,0,2,1
wealthpursuits.com,12,0,3,1
webhostinglogic.com,12,0,1,1
webmaster.solutions,12,0,15,1
webnorth.com,12,0,3,1
websei.de,12,0,1,1
webservetechnology.com,12,0,1,1
websitescrawl.com,12,0,2,1
webslesson.info,12,0,2,1
wgentech.com,12,0,2,1
wheelhorsedigital.com,12,0,2,1
whitelabelseoagency.net,12,0,2,1
willembilderdijk.nl,12,0,17,1
willowzone.com,12,0,1,1
winchestercarlisle.com,12,0,17,1
wisdommaterials.com,12,0,1,1
wlfa.org,12,0,4,1
womenwealthwordpress.com,12,0,6,1
wpbeacon.io,12,0,1,1
wpcareerpages.com,12,0,1,1
wpcopilot.com.au,12,0,2,1
wpdexigner.com,12,0,30,1
wpflex.jp,12,0,1,1
wpkor.com,12,0,10,1
wpmavens.co,12,0,3,1
wpmultiverse.org,12,0,2,1
wpmunk.com,12,0,2,1
wpodyssey.com,12,0,1,1
wpoutcast.com,12,0,3,1
wutong-cement.com.tw,12,0,17,1
wyliefarming.com,12,0,17,1
xenrion.com,12,0,1,1
xklsv.com,12,0,1,1
xsiteskatepark.co.uk,12,0,17,1
xuanstyl.com,12,0,7,1
yanziaart.com,12,0,1,1
yardbird.dk,12,0,1,1
yazame.com,12,0,1,1
ydesignservices.com,12,0,2,1
yogadeck.com,12,0,17,1
yrw.co.il,12,0,17,1
zestdesk.com,12,0,17,1
ziffdigital.com,12,0,155,1
zivzafrani.co.il,12,0,17,1
zolniergraduatesupply.com,12,0,17,1
zonediary.com,12,0,1,1
zurka.us,12,0,3,1
0120.ws,11,0,1,1
10downingst.ca,11,0,17,1
11eight.net,11,0,2,1
3hundrd.com,11,0,1,1
aaabuildersllc.com,11,0,5,1
abidingacademy.org,11,0,17,1
abitaeye.com,11,0,51,1
able-increase-828970.framer.app,11,0,1,1
aboelezz-egypt.com,11,0,17,1
abouthostings.com,11,0,63,1
acceloninc.com,11,0,53956,1
aentbd.com,11,0,2,1
afextop.com,11,0,3,1
aficionado.pl,11,0,11,1
agcmco.com,11,0,17,1
allstar.agency,11,0,17,1
alumiglass.com.br,11,0,17,1
amanjacademy.com,11,0,2,1
ambercouch.co.uk,11,0,1,1
americasonetitle.com,11,0,34,1
anakmarketing.com,11,0,3,1
annongvn.com,11,0,17,1
antonellis-pizza.com,11,0,17,1
apcpa.com.hk,11,0,17,1
aquaessentials.com,11,0,3,1
ar1auto.com,11,0,17,1
arazcloud.com,11,0,3,1
area19delegate.org,11,0,1,1
arkcarrental.co.za,11,0,17,1
articlean.com,11,0,17,1
artisanandcraftinsurance.com,11,0,34,1
aryan.app,11,0,118,1
asklink.org,11,0,212256,1
aspiringbloggers.com,11,0,2,1
athlenergy.com,11,0,17,1
avada.tistory.com,11,0,1,1
azanebrain.github.io,11,0,2,1
backlink.co.in,11,0,1,1
badboyburgerco.com.au,11,0,1,1
baeind.com,11,0,17,1
bahiyat.com,11,0,1,1
bakemetreats.com,11,0,85,1
bavaan.com,11,0,4,1
bedandbone.net,11,0,17,1
bedynamic.tech,11,0,1,1
bellezza.id,11,0,1,1
bergasushi.nu,11,0,1,1
berghconsulting.com,11,0,2,1
bet365baji.com,11,0,41,1
betanet.net,11,0,17,1
bkcpet.co.za,11,0,17,1
black-friday.org.il,11,0,1,1
blackfriday.hosting,11,0,6,1
blessingdigital.com,11,0,17,1
blucactus.uk,11,0,1,1
borrowedearth.co.nz,11,0,17,1
bouffeetcie.com,11,0,17,1
brecktic.uk,11,0,1,1
brentweaver.co,11,0,1,1
bsitsoftware.com,11,0,2,1
bsy.pl,11,0,1,1
buckeyeautoparts.com,11,0,17,1
buildhb.com,11,0,17,1
bungaburger.com,11,0,17,1
business.digital,11,0,1,1
businessinyourbackpack.com,11,0,3,1
bysb.net,11,0,3,1
cafecafeteras.com,11,0,1,1
calimero.co.il,11,0,17,1
calmsite.pl,11,0,1,1
camarasyequipos.com,11,0,1,1
canineacres.net,11,0,16,1
cantabriainmobiliaria.pe,11,0,17,1
carding.store,11,0,1,1
carsandchai.com,11,0,51,1
carters-estateagents.co.uk,11,0,17,1
caslavsobe.cz,11,0,41,1
cavallino-tortona.it,11,0,17,1
cefut.org,11,0,17,1
ceoparana.com.br,11,0,17,1
cgcolors.com,11,0,2,1
charlottebestpricelocksmith.us,11,0,17,1
chateaubeirut.se,11,0,17,1
chemtechserv.com,11,0,17,1
chenfeiblog.com,11,0,4,1
cheshireandwarringtonlsip.co.uk,11,0,17,1
chimeschiropractic.com,11,0,17,1
chiropractorbreckenridge.com,11,0,17,1
chrisgherbert.com,11,0,1,1
cibokitchens.com,11,0,17,1
cillero.es,11,0,4,1
citygreen.nz,11,0,17,1
ckab.com,11,0,1,1
clarksforkspokane.com,11,0,17,1
classiccustomcarts.com,11,0,17,1
clubmotel.com.au,11,0,16,1
clubsoft.co,11,0,1,1
cmuscm.blogspot.com,11,0,6,1
coatrunway.com,11,0,17,1
coffeesurfco.com,11,0,22,1
coloridecora.it,11,0,17,1
communityec.org,11,0,17,1
compraenergia.do,11,0,17,1
cor-ten-steel.co.uk,11,0,17,1
cor-ten-steel.com,11,0,17,1
cor-ten-steel.com.au,11,0,6,1
cotizadorbmi.com.ec,11,0,68,1
cranelakesiderv.com,11,0,17,1
crazyfintech.com,11,0,1,1
crazythemes.com,11,0,9,1
creare-sito-web-gratis.it,11,0,78,1
crimetechweekly.com,11,0,64,1
crosscreative.co.za,11,0,17,1
crovana.com,11,0,4,1
crpalmela.pt,11,0,1,1
cruffins.lv,11,0,102,1
crybit.com,11,0,1,1
cutewriters.com,11,0,1,1
cvive.mx,11,0,17,1
dabliope.com,11,0,73,1
darearqamschools.edu.pk,11,0,68,1
davesusedautoparts.com,11,0,17,1
davidgrzyb.com,11,0,5,1
davidsonusedautoparts.com,11,0,17,1
dcabms.com,11,0,1,1
dcburbagemeats.com,11,0,17,1
de14.be,11,0,17,1
deckhousetavern.com,11,0,17,1
deluxebuilding.hu,11,0,1,1
dereynaert.nl,11,0,17,1
deshoptec.com,11,0,50,1
designbysully.com,11,0,1,1
designparc.com,11,0,11,1
dierenmarkt.eu,11,0,1,1
dieterdesigns.com,11,0,23,1
digitalbrain.co.il,11,0,1,1
digitalduckinc.com,11,0,17,1
digitalwithsree.com,11,0,2,1
dirbear.com,11,0,1,1
discoverycoach.io,11,0,17,1
diviblock.com,11,0,85,1
doaction.co.th,11,0,1,1
dobains.com,11,0,7,1
dpelectrical.co.uk,11,0,1,1
drafterscorner.com,11,0,6,1
dssh.hr,11,0,17,1
dtftransfer.co.uk,11,0,17,1
ducodigital.com,11,0,1,1
dukkank.com,11,0,17,1
durhamcourt.co.nz,11,0,4,1
dxtalk.net,11,0,1,1
easycrypto.nz,11,0,41,1
easypress.co.il,11,0,4,1
ecomstrive.com,11,0,8,1
eddsellservices.com,11,0,3,1
edificiosaltavista.com.pt,11,0,2,1
efectivoenelacto.com.ar,11,0,17,1
elitebanquets.ca,11,0,17,1
elzarandeao.com,11,0,51,1
encore.com.tr,11,0,17,1
ergofradley.co.uk,11,0,17,1
ergoseo.com,11,0,1,1
esecom.mx,11,0,17,1
eshare.space,11,0,2,1
essentialmillennial.com,11,0,1,1
etechblog.cz,11,0,27,1
evefitgym.com,11,0,17,1
evolve.services,11,0,1,1
expressmarijuanacard.com,11,0,17,1
eyecareandwear.com,11,0,34,1
eyewitnessforlife.org,11,0,17,1
fadak.ir,11,0,1,1
faithamaole.com,11,0,1,1
falrx.com,11,0,14,1
familyaffairministries.com,11,0,1,1
fapello-com.uk,11,0,4,1
feiertage-at.at,11,0,46,1
findaffiliates.online,11,0,1,1
fireflywebstudio.com,11,0,6,1
firehost.pl,11,0,18,1
firstbridgeconsulting.com,11,0,1,1
fiubit.com,11,0,6,1
fluvialweb.com,11,0,1,1
flyingbuilt.com,11,0,18,1
focusintoprofits.com,11,0,21,1
fogaszattata.hu,11,0,17,1
fondationmad.org,11,0,17,1
foodomaa.com,11,0,1,1
foreverwebs.com,11,0,4,1
forex4you.com.ng,11,0,1,1
formerlylife.com,11,0,6,1
foundersmag.com,11,0,1,1
freegamingideas.com,11,0,1,1
freelancemile.com,11,0,1,1
freelanceprj.ir,11,0,1,1
frenzybits.com,11,0,1,1
friendsofmalawi.org,11,0,17,1
funnylittlemonsters.tv,11,0,17,1
gainworldwide.org,11,0,17,1
ganglaishare.com,11,0,2,1
geazle.com,11,0,34,1
geekai.co,11,0,21,1
geekshangout.com,11,0,1,1
getmahoney.com,11,0,68,1
ggmoneyonline.com,11,0,1,1
gilariveroutdoor.com,11,0,17,1
giorgiopregnolato.com,11,0,5,1
girabene.it,11,0,2,1
glassbrickcompany.com.au,11,0,17,1
globallyfulfill.com,11,0,2,1
glossyit.com,11,0,1,1
goimprovr.com,11,0,17,1
gowglas.com,11,0,37,1
grandmasfootsteps.com,11,0,17,1
greenbrookshelbyfarms.com,11,0,48,1
grstowing.com.au,11,0,17,1
gs-system.co.il,11,0,17,1
gurunanakuniversity.co.in,11,0,1,1
h2i.be,11,0,17,1
haemocare.org.ng,11,0,40,1
hairiyanti.com,11,0,41,1
hanakosushi.it,11,0,17,1
hdg.tw,11,0,17,1
healthandliving.net,11,0,17,1
helgdagar-se.se,11,0,5,1
helphindi.in,11,0,27,1
herzpraxis-be.de,11,0,17,1
heticongress.org,11,0,17,1
hgtactical.net,11,0,2,1
hicancercoalition.org,11,0,17,1
highway16storage.ca,11,0,17,1
hikkly.com,11,0,31,1
hindikitchen.com,11,0,3,1
hinditechdr.com,11,0,1,1
hofmannsven.com,11,0,1,1
hoito.org,11,0,2,1
homesickmusicrec.com,11,0,1,1
horizoninc.net,11,0,34,1
hospedagenspro.com,11,0,126,1
hostingdonuts.com,11,0,1,1
hostingfoxy.com,11,0,2,1
hostingmonks.com,11,0,1,1
hostlater.com,11,0,1,1
hotelroyalmansart.fr,11,0,3,1
hotelsirenettaroma.it,11,0,17,1
hotshotsgymnastics.com,11,0,17,1
houseofbiryanisandkebabs.com,11,0,17,1
hydencrc.com.au,11,0,17,1
ibizexpert.com,11,0,1,1
im-fish.com,11,0,17,1
indeduconsultancy.com,11,0,2,1
indianwebsites.in,11,0,1,1
individualobligation.com,11,0,1,1
indonesia-digital-marketing.com,11,0,2,1
ingpro.fr,11,0,1,1
innersite.com.br,11,0,1,1
innozilla.com,11,0,1,1
insitucontractors.com,11,0,17,1
instabiomsg.com,11,0,1,1
integr8dance-winchester.com,11,0,17,1
integrity.help,11,0,17,1
intermassgroup.com,11,0,18,1
internationalproam.com,11,0,17,1
ioprojecthq.co.uk,11,0,17,1
ipscenter.org,11,0,17,1
irenesphotosanddesign.com,11,0,16,1
ironchefpickerington.com,11,0,17,1
isailo.edu.co,11,0,1,1
itribe.io,11,0,1,1
jackson-macnichol.com,11,0,17,1
jameslau.com,11,0,1,1
jaynehardy.co.uk,11,0,5,1
jdrmdentalcare.co.uk,11,0,5945,1
jessiebeecreative.com,11,0,2,1
jianzhanpress.com,11,0,1,1
jobprime.in,11,0,4,1
jorhna.com,11,0,3,1
joshuamayo.com,11,0,1,1
jovankaciares.com,11,0,17,1
joyceinthebay.com,11,0,3,1
joyhealey.com,11,0,1,1
julpiin.com.tw,11,0,17,1
jumanjii.shop,11,0,34,1
juneecommunitycentre.com.au,11,0,16,1
juyang.tw,11,0,17,1
kangaroofunzone.com,11,0,17,1
karmaproperties.ca,11,0,17,1
katibatech.com,11,0,1,1
kcic.co.in,11,0,16,1
keenchief.com,11,0,2,1
keonline.biz,11,0,6,1
kepting.com,11,0,22,1
kerbco.com,11,0,241,1
ketofitnesscoaching.com,11,0,17,1
kgix.net,11,0,3,1
khdp.co.uk,11,0,17,1
khooseller.co.uk,11,0,1,1
kidsdayoutvariety.co.nz,11,0,17,1
kinkdoctor.com,11,0,2,1
kmcrisisministry.org,11,0,17,1
kodyo.sk,11,0,4,1
kristinnoble.com,11,0,17,1
ksmwebdesign.com,11,0,5,1
ksoids.com,11,0,51,1
kuneze.com,11,0,2,1
lafuenteojai.com,11,0,17,1
laidings.com,11,0,44,1
landjcreations.com,11,0,17,1
landlautopartsinc.com,11,0,17,1
landscaper-marketing.ca,11,0,1,1
langatalinkholidays.com,11,0,41,1
laser-it.ca,11,0,17,1
lasnubesresidencial.com,11,0,17,1
lbcivils.co.uk,11,0,5,1
leakforum.io,11,0,2,1
leon.com.tw,11,0,3,1
lethanhnamwork.com,11,0,1,1
letusdesign.co.uk,11,0,4,1
lexbrodiescarwash.com,11,0,17,1
lexiang.com.tw,11,0,17,1
leyun.asia,11,0,1,1
lfg.money,11,0,17,1
linchikwok.net,11,0,4,1
linelesslaserclinic.co.uk,11,0,17,1
linuxitos.com,11,0,2,1
littlebiggarden.com,11,0,17,1
livelifewellclinic.com,11,0,17,1
livingmoreworkingless.com,11,0,1,1
livingtheblog.com,11,0,8,1
lkg.ie,11,0,17,1
lmghdc.com.ph,11,0,17,1
lmsninjas.com,11,0,1,1
logowanie.eu,11,0,2,1
lollipopsadventures.co.nz,11,0,17,1
lowercoomberoyal.co.uk,11,0,17,1
ls-emotions.ch,11,0,51,1
lucasebastiani.it,11,0,17,1
luce.edu.in,11,0,17,1
luispolasek.com,11,0,1,1
luminairedesign.fr,11,0,1,1
lxdlearningexperiencedesign.com,11,0,1,1
lyallpur.nz,11,0,20,1
madeinasia.ch,11,0,17,1
madeinchinatownmovie.com,11,0,16,1
madom.es,11,0,17,1
magazineneed.com,11,0,3,1
makerstack.co,11,0,2,1
makethatseachange.com,11,0,3,1
mangcoding.com,11,0,35,1
maniacopenhagen.dk,11,0,34,1
marcoantonioart.com,11,0,17,1
mareeba.co.uk,11,0,32,1
martinssalvage.com,11,0,17,1
massagesalonapeldoorn.nl,11,0,17,1
mauiplumbinginc.com,11,0,16,1
mayankgupta.com,11,0,1,1
mcdougalcapital.com,11,0,16,1
mediageneous.com,11,0,1,1
megan-vaughan.com,11,0,17,1
mensagensdeamizade.com,11,0,41,1
methvenscarecrowtrail.nz,11,0,17,1
mexico-restaurant.no,11,0,34,1
mh3.ca,11,0,17,1
michalkuczek.pl,11,0,1,1
michelerocco.com,11,0,1,1
microwork.dev,11,0,4,1
millcreekcnr.com,11,0,17,1
miramarltda.com.br,11,0,17,1
mitdyrskue.dk,11,0,17,1
mobkii.com,11,0,5,1
moneyfromsidehustle.com,11,0,1,1
monkeymakers.co.il,11,0,18,1
moonlightlabs.com,11,0,2,1
mopubi.com,11,0,1,1
motoneiges.com,11,0,2,1
mowgli.digital,11,0,3,1
mpateldigital.com,11,0,5,1
mronn.com,11,0,2,1
musthave.ai,11,0,3,1
muthushospital.com,11,0,17,1
myflexbot.co.uk,11,0,1,1
myhomewellness.in,11,0,17,1
mymassageplanet.com,11,0,17,1
mymoneyyard.com,11,0,1,1
mypawfectplace.com,11,0,3,1
myprogrammingschool.com,11,0,2,1
naganeko.jp,11,0,9,1
nakibvps.com,11,0,2,1
naukribuddy.com,11,0,1,1
nec-itplatform.fr,11,0,3,1
nerdostudio.com,11,0,17,1
nerodiseppia.at,11,0,17,1
netologiste.com,11,0,2,1
nnu.ng,11,0,1,1
nonnatinas.com,11,0,17,1
noracheikh.com,11,0,5,1
notalknote.xyz,11,0,9,1
novarpcv.org,11,0,17,1
nutz.pet,11,0,2,1
nvdigitalsolutions.com,11,0,6,1
nysunriseagency.com,11,0,17,1
oaktreedesigns.ca,11,0,1,1
occumax.com.au,11,0,17,1
oceansidevillage.com,11,0,17,1
ocshop.cc,11,0,43,1
ogocer.com,11,0,2,1
ogormans.ie,11,0,34,1
okii.se,11,0,2,1
oldfieldelectrical.co.uk,11,0,17,1
onlinetoknow.com,11,0,2,1
onstipes.com,11,0,1,1
opalrealestateservices.com,11,0,17,1
optsus.com,11,0,1,1
ordination-dirisamer.at,11,0,1,1
ostadmaroc.com,11,0,1,1
ourchildtherapy.com,11,0,17,1
papirfalva.hu,11,0,2,1
party4less.com,11,0,17,1
paullacey.digital,11,0,1,1
pawsandclawssc.com,11,0,17,1
peek-hospital-veterinario.com.mx,11,0,17,1
penasihathosting.com,11,0,14,1
petstarsmty.com.mx,11,0,17,1
phoenixhotelpune.in,11,0,1,1
photoboothhustle.com,11,0,1,1
php.mk,11,0,1,1
phpromania.net,11,0,2,1
piedmonthillscnr.com,11,0,17,1
pippoadelaide.com.au,11,0,17,1
pixelspinx.com,11,0,9,1
playacoloradosurfingschool.com,11,0,17,1
pluginthemebr.com,11,0,1,1
polskapresta.pl,11,0,1,1
premiumhonlap.hu,11,0,1,1
prepformula.com,11,0,5,1
pressmagazine.co.uk,11,0,2,1
previa.mx,11,0,7,1
provitalis.co,11,0,153,1
pumpmedya.com,11,0,1312,1
purbavision.com,11,0,17,1
puremassagespa.gr,11,0,17,1
qastack.com.br,11,0,9,1
quickregisterseo.com,11,0,53,1
quizstudio.hu,11,0,17,1
raabauke.at,11,0,3,1
racinenw.org,11,0,17,1
radubalas.com,11,0,2,1
ralcoenergy.co.il,11,0,17,1
raoulubraun.de,11,0,63,1
ravmayer.org,11,0,17,1
redletterins.com,11,0,16,1
reformas.com.ar,11,0,17,1
regenerativecannabisfarming.org,11,0,17,1
regiscardoso.com.br,11,0,16,1
renis.com.au,11,0,17,1
renvoit.com,11,0,1,1
reportwire.org,11,0,3,1
republishai.com,11,0,2,1
reservohk.com,11,0,17,1
resourcesfordesigner.com,11,0,1,1
resourify.com,11,0,5,1
restaurant-gloria.ro,11,0,17,1
restaurant-narbonne-istanbul.com,11,0,1,1
restaurantcharlotte.be,11,0,17,1
revisionroad.com,11,0,11,1
ristorantemeishi.it,11,0,17,1
rnr.design,11,0,1,1
rockbigs.com,11,0,8,1
rolocrm.in,11,0,1,1
rose-real-estate.com,11,0,17,1
rsaic.org,11,0,17,1
rubydigitalagency.com,11,0,2,1
ruggaroots.co.za,11,0,17,1
rushmac.com,11,0,2117,1
saask.fr,11,0,26,1
saassurf.com,11,0,90,1
samiharaketi.com,11,0,2,1
sarkariyojanaguj.com,11,0,10,1
scooterimporter.com,11,0,17,1
scrivins.co.uk,11,0,1,1
sebberkloster.dk,11,0,27,1
sedmicaplus.rs,11,0,17,1
sendflock.com,11,0,1,1
seo-wordpress.it,11,0,1,1
seoarticletime.com,11,0,1,1
seosirji.com,11,0,1,1
serbiancookbook.com,11,0,5,1
sergioscantinamaui.com,11,0,16,1
seventeentheopticians.com,11,0,17,1
shaderaleighpmu.com,11,0,1,1
sharonit.co.il,11,0,17,1
sheehanrealty.com,11,0,1,1
showstango.com.br,11,0,17,1
simplify.ro,11,0,6,1
simply-france.com,11,0,3,1
singular.rs,11,0,17,1
sitemonki.com,11,0,1,1
sitepact.com,11,0,1,1
skcare.com.hk,11,0,17,1
skinrefineddayspa.com,11,0,17,1
skyevet.com,11,0,17,1
skyrostravel.com,11,0,17,1
smashed.by,11,0,2,1
smondaystudios.com,11,0,1,1
snowlife-elisa.com,11,0,1,1
socialbenchers.com,11,0,17,1
socialsee.co,11,0,1,1
sopranoiceedinburgh.com,11,0,17,1
sorabel.com,11,0,41,1
soundzipper.com,11,0,17,1
spacecdn.com,11,0,2,1
spargon.net,11,0,1,1
sparsh.dev,11,0,3,1
staleydental.com,11,0,17,1
starbucksmenuus.com,11,0,2,1
steamcleanersinc.com,11,0,17,1
stebe.it,11,0,34,1
steinhaugenmoss.no,11,0,17,1
stjohnsbaptistvb.org,11,0,3,1
studbud.org,11,0,26,1
studiopanamaitalia.com,11,0,3,1
sugardesigngroup.com,11,0,1,1
sugggest.com,11,0,35,1
superhamizrah.co.il,11,0,17,1
sushitiger.it,11,0,17,1
syderoad.com,11,0,3,1
synodphilippines.com,11,0,17,1
taichichihassociation.org,11,0,17,1
taiwanpoolsresult.com,11,0,17,1
takegawahelmet.com.tw,11,0,17,1
talos.id,11,0,18,1
tammys.com.au,11,0,16,1
tangolearn.com,11,0,1,1
techchickensoup.com,11,0,3,1
techmusea.com,11,0,4,1
technary.com,11,0,14,1
technicalfitness.com.ar,11,0,17,1
techsians.com,11,0,1,1
telebit.com,11,0,1,1
telluricgroup.com,11,0,51,1
templatelelo.com,11,0,1,1
testerdigital.ca,11,0,3,1
the-innovation-garage.com,11,0,1,1
theabstractandtitleco.com,11,0,34,1
thealbanyintwickenham.co.uk,11,0,48,1
thebeaconstudios.com,11,0,17,1
thecaravancompany.com,11,0,164,1
thecleverbusiness.com,11,0,1,1
thecourtsofcampsprings.com,11,0,17,1
theeduassist.com,11,0,2,1
thegivingtea.co.th,11,0,17,1
theleaderboy.com,11,0,1,1
themeburn.com,11,0,220,1
thenomadbrad.com,11,0,13,1
thepluginpros.com,11,0,17,1
thereckoningpodcast.com,11,0,7,1
thestackna.com,11,0,17,1
thetrustedautomation.com,11,0,1,1
thewebhostbiz.com,11,0,58,1
thrivingpets.com.au,11,0,51,1
tijara.me,11,0,3,1
timswebworx.co.za,11,0,19,1
tint.melbourne,11,0,1,1
tiruchirappalliairport.in,11,0,17,1
tjendodontics.com,11,0,17,1
tomfuble.com,11,0,17,1
tomorrowwebdesign.com,11,0,1,1
toptut.com,11,0,1,1
toropro.com.tw,11,0,17,1
torqmsp.com,11,0,17,1
tpsearchtool.com,11,0,81,1
trashyminds.com,11,0,18,1
truehost.co.in,11,0,2,1
twmec.com,11,0,17,1
tzfatestates.com,11,0,17,1
universalcollege.edu.in,11,0,17,1
upliven.com,11,0,17,1
upmore.com,11,0,2,1
uptheme.ir,11,0,3,1
usearticle.com,11,0,6,1
vaktin.is,11,0,3,1
velocitygroup.gr,11,0,2,1
vesbar.com.au,11,0,17,1
veterinariosenmonterrey.com.mx,11,0,34,1
vhdental.com,11,0,17,1
vipfootandmassage.com,11,0,41,1
visitardublin.com,11,0,9,1
walnutstlabs.com,11,0,1,1
watchsumo.com,11,0,1,1
webandseo.net,11,0,4,1
webeel.in,11,0,1,1
webfume.com,11,0,2,1
webtutorialhindi.com,11,0,2,1
westwyalongcaravanpark.com.au,11,0,16,1
whalesonfire.com,11,0,3,1
whitehorsefleamarket.com,11,0,17,1
wikisun.az,11,0,1,1
will-fill.com,11,0,51,1
winfieldgame.com,11,0,1,1
winnteamrealtors.com,11,0,34,1
wisnv.com,11,0,17,1
wjonderhoud.nl,11,0,2,1
wkava.com.ua,11,0,68,1
wooassist.com,11,0,1,1
wootfi.com,11,0,11,1
wp-assistenza.it,11,0,2,1
wpcodingdev.com,11,0,1,1
wpdiaries.com,11,0,1,1
wpgiz.com,11,0,6,1
wpspeedexpert.com,11,0,2,1
wpvilaga.hu,11,0,2,1
wunderlandmedia.com,11,0,4,1
x-card.co.il,11,0,3,1
yerushalmi.com,11,0,164,1
yogabusinessgrowth.com,11,0,3,1
yu-country.com,11,0,17,1
zeni.cz,11,0,2,1
zillim.com,11,0,16,1
zlavynahosting.sk,11,0,1,1
zsmx.com.tw,11,0,17,1
172montague.com,10,0,17,1
1deng.me,10,0,13,1
20airstreetw1.co.uk,10,0,17,1
22yardsdallas.com,10,0,18,1
2infodaily.com,10,0,2,1
2ndlifelavender.com,10,0,6,1
2wp.com.br,10,0,1,1
2xsales.com,10,0,2,1
360logistics.com,10,0,17,1
360rents.net,10,0,17,1
4m.uk,10,0,2,1
66noodlesbq.com,10,0,17,1
94iplay.com,10,0,1,1
abacusespresso.com.au,10,0,17,1
ace-videos.com,10,0,17,1
acemedpharm.ca,10,0,17,1
adeptive.com.au,10,0,1,1
adproservices.com,10,0,5,1
adriancurranguitars.com,10,0,17,1
adtonline.co.th,10,0,17,1
advancedcomms.com.au,10,0,50,1
adventor.no,10,0,1,1
affiegy.com,10,0,1,1
affiliateweapons.com,10,0,2,1
aguaplusservicios.com,10,0,17,1
agudatami.com,10,0,17,1
aidthestudent.com,10,0,1696,1
aillynotes.com,10,0,4,1
airconditioningservices.be,10,0,17,1
aithenticate.art,10,0,16,1
akarmula.id,10,0,1,1
akistepinska.com,10,0,1,1
akshayaamahal.in,10,0,17,1
alder.co,10,0,51,1
alfa.net.au,10,0,34,1
aliba.co.il,10,0,17,1
aliholic.com,10,0,1,1
alldaylikes.com,10,0,5,1
allspan.com,10,0,19,1
allspec.au,10,0,17,1
alltechabout.com,10,0,1,1
almenlaegeklinikkalundborg.dk,10,0,17,1
altair.it,10,0,17,1
altaresp.es,10,0,1,1
amanahlifestyle.ma,10,0,2,1
ambiente-design.com,10,0,1,1
ampack.co.th,10,0,17,1
andigarcia.com,10,0,6,1
andrewrezk.com,10,0,32,1
ankjit.com.np,10,0,4,1
arabitec.com,10,0,2,1
arabweb1.com,10,0,1,1
archerautoco.com,10,0,17,1
ardilaunleisureclub.ie,10,0,1,1
argentinaburger.com,10,0,1,1
ariaatmm.com,10,0,17,1
ariabrookfield.com,10,0,17,1
arostar.co.in,10,0,17,1
arrowheadestateagents.co.uk,10,0,17,1
arsenaltottenham.com,10,0,1,1
arvomedia.fi,10,0,4,1
ashbycomputers.co.uk,10,0,17,1
astracom.it,10,0,1,1
athulyagroup.in,10,0,85,1
atronstore.com,10,0,1,1
australianmobilestorage.com.au,10,0,17,1
autashop.com.br,10,0,17,1
av-vertrag.org,10,0,4,1
avada.co.kr,10,0,27,1
avahavsbad.se,10,0,17,1
avasta.ch,10,0,2,1
babacchi.jp,10,0,51,1
bajaburgershack.com,10,0,17,1
bakwagentjehuren.nl,10,0,17,1
barbershop-cava.nl,10,0,17,1
baromfi-coop.hu,10,0,17,1
baselinestore.at,10,0,1,1
basstournamentfinder.com,10,0,17,1
bbcc-learncode.com.tw,10,0,13,1
bbinforj.com.br,10,0,34,1
beautyshots-hamburg.de,10,0,1,1
beautyspotmedspa.com,10,0,17,1
becomingcoachable.com,10,0,51,1
bedigital.hu,10,0,1,1
behairitaly.it,10,0,41,1
bein.no,10,0,1,1
belgraveclinic.com,10,0,17,1
belvidahuahin.com,10,0,17,1
berihospital.com,10,0,41,1
bespokebranddevelopers.com,10,0,1,1
bethchana.ch,10,0,17,1
beyourfuture.com.br,10,0,82,1
bigbensboxing.com.au,10,0,17,1
biggars.ca,10,0,17,1
bigreddesignco.com,10,0,1,1
bioxtra.ie,10,0,17,1
biztechnosys.com,10,0,2,1
blackbirdbooksandspirits.com,10,0,17,1
blackcaesartattoo.com,10,0,17,1
blackpearestateagents.co.uk,10,0,17,1
blackpearlfriesian.org,10,0,17,1
blacksmith.gr,10,0,17,1
blargz.com,10,0,1,1
blingandco.ph,10,0,17,1
blog.tw,10,0,1,1
bloggingtry.com,10,0,1,1
blogking.uk,10,0,1,1
blueboltgear.com,10,0,2,1
bmlegaladvisors.com.au,10,0,1,1
bobawhaaat.com,10,0,17,1
boisdesoeuvres-equitation.fr,10,0,1,1
bonmercato.group,10,0,9,1
bookingunivillage.com,10,0,7,1
boomvan.com,10,0,1,1
boredreading.com,10,0,8,1
borofone-hoco.ru,10,0,6,1
bowsicecream.com.au,10,0,48,1
bradmc.com,10,0,2,1
brauweilerblog.de,10,0,1,1
bravilor.com.ua,10,0,68,1
brightgreenpath.com,10,0,3,1
brouski.fi,10,0,1,1
brownpost.in,10,0,6,1
buggskiphire.com,10,0,34,1
buildthatwebsite.com,10,0,5,1
burbagehirecentre.co.uk,10,0,1,1
businesstechnet.com,10,0,1,1
buxtedvillage.org.uk,10,0,41,1
c4lstore.com,10,0,17,1
cablecreativo.com,10,0,17,1
cafe-de-paris-1er.fr,10,0,22,1
caffeinatedblogger.com,10,0,4,1
calandrias.mx,10,0,17,1
calma-paris.com,10,0,1,1
calvinsprague.com,10,0,68,1
camelliagardenscnr.com,10,0,17,1
cannoky.com,10,0,3,1
carcid.com,10,0,17,1
carder.market,10,0,3,1
carmelon.co.il,10,0,1,1
cartoonpng.com,10,0,17,1
caryplus.com,10,0,2,1
casserola.co.il,10,0,17,1
cdlacom.eu,10,0,2,1
cedarhillscnr.com,10,0,17,1
challengers.hu,10,0,1,1
cherryhillwebdesign.com,10,0,1,1
chicslaundry.com,10,0,68,1
chucksautosalvageinc.com,10,0,17,1
churchmemberpro.com,10,0,1,1
cidindaiatuba.com.br,10,0,17,1
cis.ac.th,10,0,17,1
citdx.org,10,0,17,1
classycleaning.biz,10,0,17,1
cleansea.com.ar,10,0,17,1
clinicamordenti.it,10,0,1,1
cloudpap.com,10,0,1,1
cloudwaysguide.com,10,0,49,1
coaticom.com,10,0,34,1
coca-cola-femsa-cr.com,10,0,17,1
cococornercafe.co.uk,10,0,17,1
columbusliquidationcenter.com,10,0,123,1
commercialjunee.com.au,10,0,16,1
comprose.pt,10,0,1,1
congreshaifa.co.il,10,0,17,1
conniespizza.ca,10,0,17,1
contentifai.agency,10,0,5,1
conversationswithlauren.com,10,0,1,1
cor-ten-steel.co.nz,10,0,17,1
cpegenesis.com,10,0,18,1
crazy-deals.bg,10,0,1,1
cricketinfo.co.in,10,0,1,1
crossfitrichmond.com,10,0,17,1
crownglassnailsea.co.uk,10,0,17,1
cspackaging.com,10,0,1,1
cuadroszamora.es,10,0,17,1
culte-du-code.fr,10,0,1,1
daltondubai.com,10,0,17,1
dameimom.com,10,0,18,1
danasvoice.com,10,0,17,1
danielauzier.com,10,0,17,1
davidsutoyo.com,10,0,1,1
dealsdekho.co.in,10,0,11,1
dearysgymnastics.com,10,0,40,1
deepawaliseotips.com,10,0,18,1
deneroutes.ca,10,0,17,1
denvilledogandicecream.com,10,0,17,1
deoderm.ph,10,0,17,1
deproeverijsprangcapelle.nl,10,0,17,1
dev74.com,10,0,1,1
devopshint.com,10,0,41,1
dewerfalmere.nl,10,0,17,1
dezzign.ist,10,0,17,1
dhipanama.com,10,0,17,1
digitalprim.com,10,0,1,1
dishtsai.com,10,0,1,1
do7ksa.com,10,0,17,1
dogbreeders.co.nz,10,0,17,1
dominiongardensokc.com,10,0,17,1
dotvizion.com,10,0,1,1
downtownbrooklynchildcare.com,10,0,17,1
drcarolineyao.com,10,0,17,1
drinksnearmebelton.com,10,0,17,1
driven.com.au,10,0,17,1
drogariamais.com.br,10,0,17,1
dropmailx.com,10,0,1,1
droppyflix.com,10,0,27,1
drs-israel.co.il,10,0,34,1
duffyboatrentalslongbeach.com,10,0,11,1
dwayne.xyz,10,0,2,1
earigator.com,10,0,17,1
earnmorecashtoday.com,10,0,2,1
eccelerate.us,10,0,17,1
ecommercedesign.agency,10,0,1,1
economees.com,10,0,11,1
econsis.kr,10,0,5,1
eddiesugoodlife.com,10,0,4,1
edmondcoins.com,10,0,17,1
edouarddelaage.com,10,0,1,1
eheima.com,10,0,1,1
eklart.com,10,0,17,1
elbehyp.de,10,0,17,1
elementor-site.ir,10,0,1,1
elmauto.com,10,0,17,1
embernovadigital.com,10,0,1,1
empro.com,10,0,1,1
enlivy.dev,10,0,174,1
erkmais.com.br,10,0,17,1
erricgunawan.com,10,0,1,1
esmar.com.mx,10,0,34,1
estherbunny.net,10,0,2,1
et-district.com,10,0,17,1
etosweb.pl,10,0,1,1
evancarter.com,10,0,17,1
everbloomlearning.com,10,0,17,1
evergreenrecords.com,10,0,1,1
ewires.io,10,0,17,1
exitnow.gr,10,0,1,1
expresswirebeam.com,10,0,1,1
eziro.com,10,0,2,1
ezygreendrycleaning.com.au,10,0,1,1
factshop.net,10,0,1,1
fancyqslakelandfl.com,10,0,17,1
faqs.tw,10,0,1,1
fastnfreshfife.com,10,0,17,1
ferm-polska.pl,10,0,17,1
fernandez-racing.com,10,0,17,1
findstack.ch,10,0,1,1
fitnessacademia.com.br,10,0,17,1
flair-fashion.it,10,0,51,1
flashpointfuels.com,10,0,17,1
flipsshoeshop.com,10,0,17,1
floridaregionalpain.com,10,0,17,1
flyingstudio.co.nz,10,0,17,1
flymastravel.com,10,0,17,1
focuslogistics.co.il,10,0,68,1
fontanadentalclinic.com,10,0,17,1
foodstation.lk,10,0,17,1
fourfathers.org.uk,10,0,51,1
foxpm.net,10,0,17,1
freedombynumber.com,10,0,14,1
freshthemarket.com,10,0,17,1
friendsofparaguay.org,10,0,17,1
funnelmedia.in,10,0,1,1
fututel.com,10,0,251,1
fw4kids.com,10,0,17,1
gagnonclayproducts.com,10,0,20,1
gal-revivo.co.il,10,0,21,1
gamesync.us,10,0,3,1
geekorea.com,10,0,4,1
genuinetech.pk,10,0,3,1
gerrysclub.co.uk,10,0,17,1
gespron.com.co,10,0,17,1
gimicreative.com,10,0,1,1
glassclinickw.com,10,0,17,1
globalunpaid.com,10,0,22,1
gnbconsulting.com,10,0,51,1
goatlasdigital.com,10,0,17,1
gointelisys.com,10,0,17,1
goldcoastdatacentre.com.au,10,0,2,1
gonewing.com,10,0,39,1
goodweb-tech.com,10,0,2,1
govcon-biz.com,10,0,1,1
gpa.agency,10,0,1,1
gplrock.com,10,0,1,1
gplthemeplugin.com,10,0,1,1
gpwest.com.au,10,0,17,1
graceirvine.org,10,0,17,1
grandcherryhill.com,10,0,16,1
greenrootsjuicery.co.za,10,0,17,1
greygr.co.uk,10,0,17,1
gridlife.io,10,0,2,1
griyakasihvictory.com,10,0,17,1
growthx247.com,10,0,2,1
gsdp.co.za,10,0,17,1
gsmtutors.com,10,0,1,1
guidacostazzurra.fr,10,0,17,1
habu.com.tw,10,0,17,1
hacking.lk,10,0,17,1
hairbyzara.se,10,0,17,1
hanwei.tw,10,0,34,1
happy168.casa,10,0,17,1
happy168.uk,10,0,17,1
happyheartswine.com,10,0,1003,1
hapusakun.com,10,0,1,1
harborrmg.com,10,0,17,1
hasilh.com,10,0,160,1
hausarztpraxis-gallasch.de,10,0,17,1
heavypenguin.com,10,0,2,1
hebronhq.com,10,0,16,1
hedleyroberts.co.uk,10,0,2,1
heidiglasson.com.au,10,0,2,1
herbolarigranvida.es,10,0,17,1
heritageeyecare.ca,10,0,17,1
hi-globe.eu,10,0,17,1
hidrotec.com.mx,10,0,17,1
highpeaksmedia.com,10,0,2,1
hillaryparkerwatercolors.com,10,0,17,1
hillsmotorgroup.co.uk,10,0,17,1
hinckleysquash.com,10,0,1,1
hji.us,10,0,1,1
holisticwellnesshub.com,10,0,4,1
homedadpro.com,10,0,2,1
hostblog.cn,10,0,2,1
hostingtavsiye.com.tr,10,0,2,1
hostlecture.com,10,0,10,1
hostwizly.com,10,0,5,1
hotelelianasc.com.br,10,0,17,1
hotpotstorycos.com,10,0,17,1
housechaser.com,10,0,9,1
hoverweb.com.br,10,0,1,1
hsin-sin.com.tw,10,0,17,1
htips.in,10,0,1,1
humdum.co,10,0,3,1
iain-stewart-hair.co.uk,10,0,17,1
iemis.com.tw,10,0,2,1
ifixyourdesign.be,10,0,17,1
igotmysoundchicken.com,10,0,17,1
ildolcecortile.com,10,0,17,1
illuminati-glass.com,10,0,41,1
imaage.com.au,10,0,17,1
imemodvd.idv.tw,10,0,17,1
impactledsigns.com,10,0,41,1
impatto-positivo.it,10,0,17,1
imyq.co,10,0,1,1
incendiowands.co.uk,10,0,102,1
infinitydomainhosting.com,10,0,7,1
infinitygymnastics.in,10,0,2,1
institutomexicanodeultrasonido.com.mx,10,0,3,1
interbroquer.com,10,0,17,1
introvertit.net,10,0,15,1
islandus.com,10,0,17,1
isushimi.com,10,0,17,1
it-kiso.com,10,0,32,1
itallbeginsheredaycare.ca,10,0,17,1
itfoods.co.th,10,0,17,1
izabell-optika.hu,10,0,2,1
izbushkaspa.com,10,0,51,1
jackandjillser.org,10,0,17,1
jakechampion.name,10,0,35,1
jameelattariacademy.com,10,0,5,1
jankoch.co,10,0,10,1
januarudsalg.dk,10,0,17,1
japanpoolsresult.com,10,0,17,1
jeaproperties.com,10,0,17,1
jeevananmolvns.com,10,0,17,1
jessielab.com,10,0,4,1
jimmyswebnote.com,10,0,2,1
jobzambia.com,10,0,268,1
johnspearsjr.com,10,0,10,1
johnwesleyshipp.com,10,0,51,1
joinpeoriapoliceaz.com,10,0,17,1
joinuwpd.com,10,0,17,1
jolidesignsolutions.com,10,0,1,1
jollykangaroos.com,10,0,29,1
kabseating.com.au,10,0,17,1
kalindinursinghome.com,10,0,17,1
kamilriazkara.com,10,0,4,1
kanefamilyfoundation.com,10,0,17,1
kappesmiller.com,10,0,17,1
katitiee.gr,10,0,17,1
kebco.no,10,0,68,1
kelleywpowell.com,10,0,34,1
keryanastore.com,10,0,78,1
kespoke.co.uk,10,0,36,1
kimonservices.com,10,0,1,1
kirurg-charlottebulow.dk,10,0,17,1
kitsuke-kyo-roman.com,10,0,1,1
kju67.tistory.com,10,0,2,1
kkhomedesign.com,10,0,3,1
klassiskmobelsalg.dk,10,0,2,1
kodbakeff.com,10,0,17,1
koesister.com,10,0,41,1
kollect.live,10,0,17,1
konditorei-muehlbacher.at,10,0,1,1
krafti.nl,10,0,1,1
ksbminfotech.com,10,0,1,1
kufripacificresort.com,10,0,17,1
kyoto-hirakawa.jp,10,0,41,1
lairdpage.com,10,0,1,1
lamuralla.com.pe,10,0,17,1
lancasterdentalcarenh.com,10,0,17,1
landscapesupplyco.nz,10,0,17,1
larasoft.io,10,0,1,1
larger.io,10,0,11,1
lariojaanimalhospital.com.mx,10,0,17,1
larryflowers.com,10,0,17,1
larsdeltrap.nl,10,0,1,1
latapiada.com,10,0,77,1
layanetwork.in,10,0,17,1
lcadanvers.com,10,0,17,1
lennartwoermer.de,10,0,10,1
lgltdclass.com,10,0,17,1
libcov.org,10,0,17,1
lifetimedeals.it,10,0,1,1
likacloud.com,10,0,624,1
lilymove.com,10,0,2,1
lindenplacecnr.com,10,0,17,1
linkbuild.ca,10,0,17,1
liverespara.com,10,0,17,1
locationhl.com,10,0,1,1
logoshape.com,10,0,55,1
louisvillebarbershop.com,10,0,17,1
lowbake.com,10,0,17,1
macvalleyoil.com,10,0,17,1
madrececilia.edu.ve,10,0,14,1
magazinenext.com,10,0,26,1
magickmale.com,10,0,51,1
maharatnet.com,10,0,3,1
maisonslannoy.com,10,0,1,1
makegreenvilleyours.com,10,0,17,1
makemoneyfarm.com,10,0,1,1
mamamia.co.il,10,0,17,1
mambs.edu.mv,10,0,13,1
manofoto.hu,10,0,1,1
mantisvision.com.au,10,0,17,1
manyujp.com,10,0,1,1
maomaochia.com,10,0,1,1
maotravel.tw,10,0,17,1
marketingtools-vergelijken.nl,10,0,7,1
markkulab.net,10,0,4,1
markrobinson.co.nz,10,0,17,1
markslawgroup.com,10,0,1,1
marsfitness.tw,10,0,17,1
masstechbusiness.com,10,0,17,1
mawarmentari.com.my,10,0,19,1
maytavbus.com,10,0,17,1
mcsharryplant.ie,10,0,17,1
mediaapartman.hu,10,0,1,1
medicosplexus.com,10,0,5,1
medidocs.com,10,0,2,1
meersworld.net,10,0,2,1
menuground.com,10,0,34,1
merginit.com,10,0,1,1
merritts.uk.com,10,0,127,1
metalscoin.com,10,0,28,1
metropolin.net,10,0,4,1
meydeey.com,10,0,1,1
mfansw.com.au,10,0,34,1
mgobrandstore.com,10,0,68,1
miamimassageheadspa.com,10,0,1,1
micocacola.com.ar,10,0,17,1
mikefederali.com,10,0,68,1
mikehourigan.com,10,0,17,1
miraclenanniesandsitters.com,10,0,68,1
miradores.co,10,0,17,1
mishimishi-ra.de,10,0,17,1
misssaigoncafe.com,10,0,17,1
mjwebs.com,10,0,4,1
mkwoutfitters.com,10,0,17,1
mmdesignweb.com,10,0,18,1
mobilecovidtestingtx.com,10,0,17,1
mobilelocksmithnc.com,10,0,17,1
monbeauberet.com,10,0,17,1
moni-sitton.co.il,10,0,17,1
monroefamilydentistry.com,10,0,17,1
monstervapelabs.eu,10,0,68,1
morphatic.com,10,0,1,1
morristheatreguild.org,10,0,17,1
motelestreladovale.com.br,10,0,1,1
moti-ronel.com,10,0,17,1
mountaingirl.camp,10,0,38,1
movementpilates.studio,10,0,17,1
mrash.co,10,0,4,1
mrkhan.digital,10,0,1,1
mshini.com,10,0,1,1
muttcams.com,10,0,17,1
myhomeapartments.co.za,10,0,17,1
mymagicfundas.com,10,0,4,1
myreviewlive.com,10,0,4,1
mysoundtrip.com,10,0,17,1
naavakodesh.org,10,0,9,1
nadertricks.com,10,0,2,1
nal.qa,10,0,17,1
nalurihospital.com,10,0,17,1
naukrivibhag.com,10,0,1,1
neilhodgson100.com,10,0,17,1
neronline.co.il,10,0,12,1
networker.tw,10,0,1,1
neu-star.com,10,0,17,1
neuways.com,10,0,1,1
newbeautyclinic.com,10,0,17,1
newsboostspot.com,10,0,36,1
newsdaily.org.ua,10,0,2,1
nexgendigitalworks.com,10,0,17,1
nidarosbredde.no,10,0,17,1
niels.to,10,0,6,1
njamal.org.au,10,0,17,1
nomaintenancedecks.com,10,0,17,1
noroff.dev,10,0,2,1
notar-pana.de,10,0,19,1
notar1030.at,10,0,5,1
novapharma.com,10,0,17,1
nswhatapp.com,10,0,17,1
nyuszipellet.hu,10,0,3,1
oakleafsauna.com,10,0,17,1
ohsuccessday.com,10,0,34,1
okemoschiro.com,10,0,17,1
oldkentroadfamilyzone.org.uk,10,0,17,1
oldno1.com,10,0,17,1
oncreativity.tv,10,0,3,1
one-earth.global,10,0,17,1
oneclickwarehouse.net,10,0,17,1
onemohrti.me,10,0,2,1
onepartyevents.gr,10,0,17,1
onespot.pro,10,0,17,1
openmoon.info,10,0,2,1
orbin.co.il,10,0,17,1
ordination-tiefenthaler.at,10,0,1,1
ostermeier.net,10,0,18,1
ouis-guesthouse.com,10,0,1,1
outerwavemedia.com,10,0,4,1
oyecommerz.com,10,0,3,1
paealexla.com,10,0,17,1
pakoes.com,10,0,2,1
panelwood.com,10,0,17,1
paparazzistudios.com.au,10,0,17,1
parafia-przyleki.pl,10,0,80,1
paragonthai.com.au,10,0,100,1
patrimoniogranada.org,10,0,17,1
pcprompt.in,10,0,2,1
pdftextbook.com,10,0,51,1
peninsuladrycleaners.au,10,0,17,1
pennineseo.com,10,0,1,1
peperoncinopizzeria.com,10,0,17,1
peppercrust.com,10,0,17,1
perkledger.com,10,0,7,1
petscool.ca,10,0,17,1
philippinechurches.com,10,0,1,1
phptutorialpoints.in,10,0,1,1
physioplushamel.com,10,0,17,1
piccolarosburgo.com,10,0,17,1
pieceofclare.com,10,0,1,1
pineacrescnr.com,10,0,17,1
pinnaclemma.ca,10,0,17,1
pinnaclewholesalers.com.au,10,0,17,1
pizzaarena.es,10,0,17,1
pizzastugan.se,10,0,17,1
placaschinas.com,10,0,4,1
planteci.com,10,0,17,1
plastigrafica.it,10,0,17,1
playfulbricker.hk,10,0,17,1
plspros.com,10,0,17,1
plugg.art.br,10,0,17,1
plusboekhouden.nl,10,0,17,1
podcastdetails.com,10,0,3,1
polecanehostingi.pl,10,0,1,1
portwayonline.co.uk,10,0,17,1
powerslide.ae,10,0,17,1
pownallandhampson.com,10,0,34,1
praiahall.com.br,10,0,17,1
precisionautocollision.com,10,0,17,1
premiumkitchens.pl,10,0,51,1
primehospital.org,10,0,17,1
prmoaksofwestlakes.com,10,0,17,1
promonix.com,10,0,12,1
proofcraftkitchen.com,10,0,17,1
proveitoso.com,10,0,41,1
psd.com.tw,10,0,17,1
psklima.at,10,0,17,1
psychi.com.tw,10,0,17,1
pubmag.ru,10,0,1,1
pupsic.ch,10,0,12,1
quimerafilmes.com.br,10,0,17,1
r13daf.com,10,0,17,1
radis.be,10,0,17,1
rancho-stokrotka.pl,10,0,2,1
randy24.com,10,0,1,1
raulgonzalez.xyz,10,0,3,1
ravenhouse.be,10,0,17,1
rawoceanlodge.com,10,0,97,1
rawstreetburger.gr,10,0,17,1
realbrickpavers.com,10,0,16,1
realsoluplus.com,10,0,17,1
reddeergoldsmiths.ca,10,0,17,1
redicc.net,10,0,1,1
redrecs.com,10,0,1,1
reductioncodepromo.fr,10,0,1,1
rejinpaul.com,10,0,41,1
resalg.com,10,0,17,1
residence-wilson.com,10,0,12,1
restaurangchristers.se,10,0,17,1
richard23.com,10,0,5,1
riggsdrycleaning.co.uk,10,0,17,1
rjmachinery.co.uk,10,0,1,1
robnic-steel.co.uk,10,0,9,1
romiramen.it,10,0,17,1
rongsenter.com,10,0,51,1
rootsrestaurant.no,10,0,17,1
rowleys.cafe,10,0,17,1
royalajwa.com,10,0,17,1
rpdrivermanagement.com,10,0,17,1
ruraltransport.co.nz,10,0,17,1
ruthieridleyblog.com,10,0,1,1
saasdiscovery.com,10,0,1,1
sadfa.org.za,10,0,17,1
saizul.com,10,0,1,1
sakurapistoia.it,10,0,17,1
sandaplantationhideaway.com,10,0,17,1
santaclarafamilydental.com,10,0,17,1
saritasmexicangrill.com,10,0,17,1
saturniafontenuova.it,10,0,17,1
savvysilverfox.com,10,0,1,1
sbdphilippines.com,10,0,34,1
sbookscan.com,10,0,1,1
scajax.org,10,0,34,1
schulferien-ch.ch,10,0,3,1
scionsteel.com,10,0,17,1
seadragonslimes.com,10,0,17,1
seapearlnyc.com,10,0,17,1
searesort.in,10,0,17,1
secretbearworld.com,10,0,17,1
seeloveskin.com,10,0,17,1
seguridadsi.com,10,0,1,1
seoireland.net,10,0,1,1
seolinkworld.com,10,0,2,1
seomonster.co.il,10,0,1,1
serrasummit.com,10,0,205,1
shahnarayandas.com,10,0,41,1
sharonxhenderson.com,10,0,1,1
shedsofbentonville.com,10,0,17,1
shedsofcalhoun.com,10,0,17,1
shedsofgriffin.com,10,0,17,1
shedsofpalmyra.com,10,0,17,1
shedsofwellford.com,10,0,17,1
sheikehairsalon.com.au,10,0,17,1
sherdore.com,10,0,2,1
shieldsandboris.com,10,0,17,1
shopstermins.co.uk,10,0,17,1
showstango.com.ar,10,0,17,1
shra.ru,10,0,1,1
siamshelter.com,10,0,34,1
sightseedesign.com,10,0,4,1
signuptrendingnature.com,10,0,9,1
simplelife77.tistory.com,10,0,1,1
simplifiedelearning.in,10,0,2,1
simplify-erp.com,10,0,2,1
siplife.tw,10,0,4,1
sisgroup.lk,10,0,2,1
siteclicks.com.au,10,0,2,1
sitespeedbot.com,10,0,1,1
sitestud.io,10,0,1,1
sivistys.net,10,0,1,1
slicemypage.com,10,0,3,1
smartpetguides.com,10,0,17,1
smartzeno.com,10,0,71,1
smashblendy.com,10,0,2,1
smilingpatient.com,10,0,17,1
smithysoft.com,10,0,2,1
snowlinemotel.com.au,10,0,17,1
snowsushi.it,10,0,17,1
snscapitalgroup.com,10,0,17,1
socallaserspa.com,10,0,1,1
softwarehope.com,10,0,9,1
solaes.fr,10,0,1,1
sorriaclinicas.com.br,10,0,17,1
southgate-residence.co,10,0,17,1
soypro.com.tw,10,0,17,1
sparkjoytw.com,10,0,5,1
spiga.mx,10,0,2,1
splashlaundrette.au,10,0,16,1
springfieldfair.com.au,10,0,41,1
sreelakshmisilks.in,10,0,17,1
stax.de,10,0,17,1
stbrigids.school.nz,10,0,17,1
steakandfish.it,10,0,17,1
steelshoponline.co.uk,10,0,17,1
stevehardie.com,10,0,2,1
storageinvestments.com.au,10,0,51,1
strawberrymotorco.com,10,0,17,1
strengthcenternj.com,10,0,17,1
successwithjess.com,10,0,13,1
summary.co.in,10,0,1,1
sumosushi.it,10,0,17,1
sunflowerdental.clinic,10,0,17,1
sunraygaragedoors.ca,10,0,17,1
superkidsdentistry.ca,10,0,17,1
supply-education-alliance.co.uk,10,0,17,1
sushimercury.it,10,0,17,1
sutura.art,10,0,17,1
swiftpresslink.com,10,0,1,1
sycamoreterracetemecula.com,10,0,1,1
sync.win,10,0,3,1
syncrosim2023.org,10,0,17,1
szabobelsoepiteszet.hu,10,0,17,1
taherabdelhameed.com,10,0,2,1
taihankw.com,10,0,17,1
tajmahalmidrand.co.za,10,0,17,1
tanandgo.co.uk,10,0,17,1
taplend.in,10,0,17,1
tayo.ph,10,0,118,1
tdotshots.com,10,0,1,1
teaserclub.com,10,0,1,1
techforu.in,10,0,4,1
techleads.fyi,10,0,11,1
technoa5bar.com,10,0,8,1
technologer.net,10,0,2,1
tennanttrucklines.com,10,0,17,1
terryrosen.com,10,0,2,1
testado.hr,10,0,8,1
thaitasterestaurant.com,10,0,17,1
thamyfestas.com,10,0,17,1
theaiautomators.com,10,0,1,1
theappjourney.com,10,0,1,1
theboldedge.com,10,0,1,1
thebusinesspost.gr,10,0,3075,1
thecareeraccelerators.ca,10,0,1,1
thecodingbus.info,10,0,59,1
thecoolidgeschool.com,10,0,17,1
thedailysem.com,10,0,1,1
thefamilybreeze.com,10,0,17,1
thegatheringscotland.uk,10,0,17,1
themagikoven.com,10,0,16,1
themastectomyboutique.com,10,0,17,1
themosaurus.com,10,0,1,1
theperfectjerkchicken.com,10,0,17,1
thepointeatlapts.com,10,0,80,1
thepracticeofdemocracy.com,10,0,17,1
thequeen.se,10,0,17,1
theseoink.com,10,0,1,1
thinksmart.hr,10,0,7,1
threeducks.co.uk,10,0,1,1
tikane10.com,10,0,1,1
tirfing.se,10,0,17,1
titimadam.com,10,0,1,1
tomherudek.com,10,0,1,1
top-sponsoring-tunisie.com,10,0,1,1
top10iptv.com,10,0,2,1
transcendrxfishers.com,10,0,17,1
transoverseas.ph,10,0,17,1
travelinmay.com,10,0,19,1
treldevejensgrill.dk,10,0,17,1
trembaodeliciasdeminas.com.br,10,0,34,1
trescomatres.com,10,0,3,1
triggergrowth.com,10,0,4,1
tristateaircompressor.com,10,0,34,1
trn.co.il,10,0,17,1
troupcohealth.org,10,0,17,1
truckwashes.com,10,0,17,1
tsshouston.com,10,0,41,1
tvcarib.com,10,0,17,1
twofloor.studio,10,0,2,1
tyokaluvertailu.fi,10,0,12,1
ugenumre-dk.dk,10,0,2,1
uho.com.br,10,0,1,1
unitedcarpet.com.my,10,0,17,1
unitedmasonrymi.com,10,0,17,1
universityclubqc.com,10,0,3,1
universpro.fr,10,0,1,1
unsitoweb.it,10,0,1,1
uptonines.com,10,4,0,1
urbanledtvrepair.com,10,0,34,1
urbizgardenlaunion.com,10,0,17,1
usawtiq.com,10,0,1,1
v4u.vn,10,0,2,1
vaisakhiboston.com,10,0,17,1
vakantieparking.nl,10,0,17,1
valley-group.com,10,0,17,1
variety-atelier.com,10,0,17,1
vel.tw,10,0,1,1
vettura.co.il,10,0,17,1
vintagecarwash.com,10,0,17,1
vipapartments.co.uk,10,0,17,1
virginiacardshows.com,10,0,51,1
visualvybzstudios.com,10,0,1,1
vminstall.com,10,0,2,1
voiceconnect.com.au,10,0,34,1
vpsknow.com,10,0,4,1
waivly.com,10,0,1,1
waldorforthodontics.com,10,0,17,1
walterhenrysbookshop.co.uk,10,0,17,1
watchthedot.com,10,0,1,1
webaidin.com,10,0,1,1
webcare.sk,10,0,1,1
webkonsepter.no,10,0,2,1
webness.co.za,10,0,2,1
webscare.com,10,0,1,1
websitebuilder.com.tw,10,0,12,1
webspacehost.com,10,0,2,1
wefru.com,10,0,17,1
wellis.at,10,0,1,1
wellis.uk,10,0,1,1
whatalife.ph,10,0,1,1
wickedbeauty.ie,10,0,17,1
windowsourceofkansas.com,10,0,17,1
wiseandcodispensary.com.au,10,0,17,1
wiseinvest.co.in,10,0,17,1
woocamp.com,10,0,14,1
woocommercify.com,10,0,3,1
wp-kotisivut.com,10,0,1,1
wpacademy.pk,10,0,2,1
wpislife.com,10,0,1,1
wproom.de,10,0,2,1
wptea.com,10,0,2,1
wpwiz.io,10,0,68,1
wrbctc.org,10,0,34,1
writeuuu.com,10,0,2,1
wrotkarniarybnik.pl,10,0,14,1
xincoupon.com,10,0,82,1
xnbeast.com,10,0,6,1
yaishfinancial.com,10,0,17,1
yeda-plus.co.il,10,0,17,1
yenkly.com,10,0,9,1
yesmatematica.com,10,0,17,1
yiantcmpraxis.de,10,0,17,1
yidjob.com,10,0,2,1
yii2x.com,10,0,3,1
yixinyuan.com.tw,10,0,17,1
yolkweb.com,10,0,9,1
yorisushi.it,10,0,17,1
yorkshireflooringco.co.uk,10,0,17,1
yourorganizingbusiness.com,10,0,1,1
yourvoiceicg.co.uk,10,0,51,1
ysgolestyn.com,10,0,17,1
ytg.io,10,0,1,1
ytpara.com,10,0,2,1
yubeautyworkshop.com,10,0,51,1
yukai-beek.nl,10,0,17,1
yundianseo.com,10,0,2,1
yunlinclinic.com.tw,10,0,17,1
yzqz.com.tw,10,0,17,1
zauru.com,10,0,1,1
zeemly.com,10,0,4,1
zeproperty.com.my,10,0,17,1
zerda.digital,10,0,68,1
108shakthipeettemple.com,9,0,17,1
1fcinsurance.com,9,0,17,1
1hr.website,9,0,2,1
221autopartsrecycling.com,9,0,17,1
2dhouses.com,9,0,2,1
3for1glassesstcatharines.com,9,0,17,1
3tottenhammews.com,9,0,17,1
425vasc.com,9,0,17,1
465-media.com,9,0,1,1
4life.org.au,9,0,34,1
727americandiner.com,9,0,17,1
a1bus.ca,9,0,3,1
aay.co.il,9,0,17,1
absbs.org,9,0,4,1
ac-id.cloud,9,0,1,1
acasadipe.it,9,0,17,1
accessiblehomeservices.org,9,0,34,1
acemhrecovery.org,9,0,17,1
achiangnotes.com,9,0,4,1
acornresale.org,9,0,17,1
activityhub.com,9,0,1,1
adnetsreview.com,9,0,2,1
aexocontabil.com.br,9,0,57,1
affililist.com,9,0,2,1
afrigran.co.za,9,0,17,1
agencyatlantic.com,9,0,1,1
agentur-braun.de,9,0,1,1
agriturismokarrares.it,9,0,1,1
agroimperiosrl.com.ar,9,0,17,1
aieim.in,9,0,34,1
airconditioningrepairsnorthbrisbane.com.au,9,0,17,1
airconwarehouse.co.nz,9,0,17,1
airhilllawn.com,9,0,17,1
aithietke.com,9,0,1,1
al-khwarizmi.com,9,0,1,1
alatfitnessbali.com,9,0,34,1
albertschicken.co.za,9,0,17,1
alcammetals.com,9,0,34,1
alexanderandassoc.com,9,0,17,1
alexanderpeterhihler.com,9,0,1,1
all-spec.net,9,0,34,1
almenlaegeklinikgorlev.dk,9,0,17,1
alpinepestsolutions.com,9,0,1,1
alpsandmore.com,9,0,17,1
alturaif-iic.com,9,0,17,1
amazingthingsmedia.com,9,0,17,1
ambitionfireprotection.com,9,0,17,1
ambrosemcsparronandsons.com,9,0,34,1
amicisitaliankitchen.com,9,0,17,1
andreasrvpark.com,9,0,17,1
andyproctor.co.uk,9,0,1,1
anthonyoandassociates.co.uk,9,0,17,1
anudinikar.com,9,0,1,1
aokselfstorage.com.au,9,0,17,1
apaantincendio.it,9,0,17,1
apexendovascular.com,9,0,16,1
apluspowdercoating.com.au,9,0,17,1
apogo.my,9,0,17,1
aqararabi.com,9,0,17,1
ariant.com,9,0,16,1
ariawaukesha.com,9,0,17,1
arifminda.com,9,0,17,1
arlingtondumpster.net,9,0,17,1
arogyacenter.com,9,0,41,1
arrive.com.hk,9,0,17,1
arrowheadfinancial.co.uk,9,0,17,1
ascotbusinesspark.co.uk,9,0,17,1
ashevillemetalfinishing.com,9,0,6,1
atlanticweldings.com,9,0,17,1
atlascollections.com,9,0,17,1
atomlogics.com,9,0,1,1
atomx.cc,9,0,1,1
atozpest.com,9,0,1,1
attalosbergama.com,9,0,17,1
augustime.com,9,0,2,1
aurabeautyco.com,9,0,17,1
australianhydraulic.services,9,0,17,1
autoair2go.co.nz,9,0,17,1
autoarena.co.in,9,0,51,1
autobedrijf-elshof.com,9,0,17,1
autoscuolab80.it,9,0,34,1
auxhi.com,9,0,17,1
avencacosmeticos.com.br,9,0,17,1
aventyrsgolfcity.se,9,0,17,1
azumivillahoian.com,9,0,2,1
babsteering.com,9,0,2,1
babybundlesonthego.com,9,0,17,1
bagworthcommunitycentre.org,9,0,17,1
baileywrightdentistry.com,9,0,16,1
baksonhospital.com,9,0,17,1
baliscoop.com,9,0,2,1
ballinacentral.com.au,9,0,41,1
bandbpestcontrol.com,9,0,17,1
barberoms.com,9,0,17,1
barrancocairo.com,9,0,17,1
barrio-weine.de,9,0,17,1
barsproduction.com.au,9,0,17,1
basingstoked.co.uk,9,0,17,1
baunthiyallabs.com,9,0,17,1
bbhh.io,9,0,17,1
bbqworldmalta.mt,9,0,17,1
beatstore.co,9,0,7,1
beautihaircentre.com,9,0,17,1
berger.com.mt,9,0,17,1
berliner-arroganz.de,9,0,17,1
bestatos.com,9,0,2,1
bestchicagolocksmiths.com,9,0,17,1
betatestsolutions.com,9,0,1,1
betterapp.ca,9,0,17,1
beyondbeautifulsmiles.ca,9,0,17,1
beyondblessednb.com,9,0,17,1
bezeq-nrg.co.il,9,0,17,1
bienesactivos.com,9,0,34,1
bienestarpolicia.gov.co,9,0,3,1
bigfootproductions.in,9,0,17,1
bilhusetas.no,9,0,9,1
billklassen.com,9,0,17,1
binfordtool.com,9,0,17,1
bio-rives.com,9,0,1,1
bioark.life,9,0,17,1
biodomeproject.com,9,0,17,1
blabtime.com,9,0,28,1
blackhawk.com.tw,9,0,17,1
blackweek.pl,9,0,20,1
bloomfieldwellnessclinic.com,9,0,17,1
blossompds.com,9,0,34,1
bmaenterprises.com,9,0,34,1
bodykneads.info,9,0,17,1
boext.com,9,0,17,1
boltflow.io,9,0,16,1
bomke.com.ar,9,0,17,1
bonanzafoodscorp.com,9,0,51,1
bonitaspringsgaragedoorrepair.com,9,0,17,1
boottownwesternwear.com,9,0,17,1
bostickdentalcenter.com,9,0,17,1
botlist.net,9,0,1,1
bottrillssolicitorsllp.com,9,0,17,1
bozemanwinegallery.com,9,0,17,1
bpcustomdev.com,9,0,5,1
brandnerhof.de,9,0,17,1
bravolog.co.il,9,0,17,1
brg.co.nz,9,0,17,1
brianlostudio.com,9,0,2,1
brickedbouquet.com,9,0,41,1
bringo.co.in,9,0,17,1
brodinger.eu,9,0,1,1
browneprinters.com,9,0,17,1
bsfashionsurat.com,9,0,1,1
bsk.co.nz,9,0,17,1
bucksplanthire.com,9,0,17,1
buddyscustomcatering.com,9,0,17,1
buesch-peters.de,9,0,17,1
buglerock.asia,9,0,17,1
buhamadco.com,9,0,17,1
buildingmaintenanceaustralia.com,9,0,17,1
bulkinkjetbrasil.com.br,9,0,17,1
burgesspump.com,9,0,17,1
byenfraskyen.dk,9,0,17,1
cabledahmerconnect.com,9,0,17,1
cafereserva.cl,9,0,17,1
cafezog.com,9,0,4,1
calebeequipamentos.com.br,9,0,17,1
calicosweets.com,9,0,17,1
camerapro.com.tw,9,0,17,1
cancun-sightseeing.com,9,0,16,1
caninecountry.com.au,9,0,17,1
capital.gov.kw,9,0,5,1
capitaldentistry.com,9,0,17,1
carbonsugar.com,9,0,194,1
carofin.co.kr,9,0,17,1
carolina-re.com,9,0,65,1
carossimusic.it,9,0,20,1
carrollferst.org,9,0,16,1
carstorecornelissen.nl,9,0,17,1
carvingmachines.in,9,0,17,1
cash2tube.com,9,0,2,1
casperpot.com,9,0,9,1
cavapoo.nl,9,0,17,1
ccxcompany.co,9,0,1,1
centrokappa.it,9,0,17,1
centuryfinance.ch,9,0,17,1
ceosharing.com,9,0,3,1
cfgroup.net.au,9,0,17,1
chancemarketing.com.tw,9,0,17,1
changinkimchi.com,9,0,17,1
charitycarsforkids.org,9,0,17,1
charleson.co.ke,9,0,1,1
charliegsfxbg.com,9,0,17,1
cheetaskitchen.co.uk,9,0,1,1
chiilabo.jp,9,0,1,1
chinapoolsresult.com,9,0,17,1
chohaneyehospital.com,9,0,272,1
chrisflynndesign.com,9,0,2,1
christelskeuken.be,9,0,2,1
christopherburgon.co.uk,9,0,1,1
churchlangleydental.com,9,0,17,1
churchofsovereigntemples.com,9,0,1,1
cickpodium.nl,9,0,68,1
cimadistribucion.mx,9,0,17,1
cimalaboratorios.com,9,0,1,1
citizenup.co,9,0,1,1
cittadicastellonline.it,9,0,17,1
classicbussales.com,9,0,17,1
classicseo.com,9,0,1,1
clearbraoffresno.com,9,0,17,1
clementemoraleda.com,9,0,1,1
click-store.co.il,9,0,17,1
clinicasantejm.com.br,9,0,17,1
clubamericatravel.com,9,0,17,1
clubdeceramica.com,9,0,1,1
coastalfitnessmovement.au,9,0,17,1
coderclick.com,9,0,10,1
colegiolomadorada.com,9,0,17,1
collaudoeuropeo.it,9,0,17,1
collegetripsandtips.com,9,0,17,1
collinabeach.com.br,9,0,17,1
colonialautobody.net,9,0,16,1
commonwealthpedo.com,9,0,9,1
comochiro.com.au,9,0,17,1
concepteducation.co.uk,9,0,17,1
condominiomustique.com.br,9,0,17,1
contacte.online,9,0,34,1
conversionchris.com,9,0,44,1
converso.cz,9,0,1,1
coomerasquare.com.au,9,0,41,1
copacabanahoteldesign.com,9,0,17,1
copebusiness.com,9,0,23,1
coppelllawnandgarden.com,9,0,17,1
countrysidepetresort.com.au,9,0,17,1
couponbunch.com,9,0,3,1
couponcloud.in,9,0,6,1
cpas.org.il,9,0,17,1
cpebiscuit.ca,9,0,17,1
crabtreeplumbing.net,9,0,17,1
crackensia.com,9,0,17,1
createand.co,9,0,2,1
creative-minded.com,9,0,1,1
creativewake.com,9,0,2,1
crifan.org,9,0,1,1
criscarautoparts.com.br,9,0,17,1
crypque.ae,9,0,17,1
ctyeorespiratory.sg,9,0,17,1
culturaltoolbox.com,9,0,17,1
customdeermeats.com,9,0,17,1
customwebaudits.com,9,0,2,1
cvh.gov.np,9,0,4,1
cyberscap.com,9,0,1,1
cycleshop.gr,9,0,1,1
dakaan.pk,9,0,1,1
damd.tistory.com,9,0,2,1
dancing4ever.com,9,0,2,1
danielpiedra.co,9,0,17,1
dartdigital.co.uk,9,0,1,1
dasauto.com.au,9,0,17,1
datanet.iq,9,0,32,1
daveden.co.uk,9,0,2,1
dawsonelectricsd.com,9,0,17,1
decido.nl,9,0,17,1
defenderpos.com,9,0,17,1
definelife.com,9,0,17,1
defjp.com,9,0,17,1
degeusflooring.com,9,0,17,1
dejoffers.nl,9,0,17,1
delorean-uhren.de,9,0,52,1
dengue.gov.bd,9,0,10,1
dennisboltworx.ca,9,0,17,1
dermatologochihuahua.com,9,0,1,1
desaihealth.com,9,0,17,1
detergenti-plus.si,9,0,17,1
detoxzen.com.au,9,0,17,1
devotionsdancecompany.com,9,0,17,1
diangelolaw.com,9,0,17,1
digistoreblog.com,9,0,122,1
digitalpasala.com,9,0,1,1
digitalthriveai.com,9,0,216,1
diraeast.com,9,0,41,1
disasterpr.fun,9,0,17,1
distinctionkitchens.com,9,0,16,1
dltech.forum,9,0,8,1
dnbolt.com,9,0,60,1
dnfs.ie,9,0,17,1
dnx.vn,9,0,1,1
dogloversplayground.ca,9,0,17,1
doinarotaru.ro,9,0,17,1
dollydarts.life,9,0,1,1
dolphins.mx,9,0,51,1
domoliving.com,9,0,17,1
donaldbns.com.au,9,0,17,1
dorsetland.co.uk,9,0,17,1
downscanner.com,9,0,1,1
dralysstore.com,9,0,1,1
dramandazoldak.com,9,0,34,1
drbensgynec.com,9,0,34,1
dropshipping-forum.de,9,0,1,1
drsaturnlife.com,9,0,2,1
dthroneeventrentals.com,9,0,17,1
duncanstorage.com,9,0,17,1
dwarkeshlalji.com,9,0,17,1
dymsa.mx,9,0,17,1
earlscollisioncenter.com,9,0,17,1
earmorstore.fr,9,0,1,1
eastchchshirleycricket.org.nz,9,0,17,1
easttexasmedicinalmeds.com,9,0,34,1
ecampus.ro,9,0,1,1
ecolizo.com,9,0,2,1
edgefieldrehab.com,9,0,17,1
edgehomesonline.com,9,0,17,1
edigitaluniversity.com,9,0,1,1
edunews.co.in,9,0,6,1
edwardsandcopropertygroup.com.au,9,0,17,1
einshtin-law.co.il,9,0,17,1
ekfinancialgroup.com.au,9,0,68,1
ekunblog.com,9,0,1,1
el-shutter.com,9,0,17,1
elbeautomatic.se,9,0,17,1
eldoradoapartments.com.au,9,0,17,1
elevatorsrus.com,9,0,17,1
eliteclinicofaesthetics.co.uk,9,0,17,1
elitegardenandlandscape.com,9,0,17,1
elixir-london.eu,9,0,68,1
ellensjourney.com,9,0,8,1
elliottsyard.com,9,0,1,1
embarkemr.com,9,0,2,1
embrunconcrete.ca,9,0,3,1
engagebranding.com,9,0,1,1
engigogo.com,9,0,2,1
enrichmentforall.org,9,0,17,1
entaleq-online.com,9,0,1,1
epilennium.nl,9,0,17,1
erein.com.pk,9,0,34,1
escambron.org,9,0,17,1
escenanightclub.com,9,0,17,1
eshed-m.co.il,9,0,17,1
eskda.com.br,9,0,8,1
espacejlp.com,9,0,1,1
esplanadecronulla.com.au,9,0,17,1
eurasia-sushi.com,9,0,17,1
eurotec.com.tr,9,0,34,1
everest-tile.com,9,0,17,1
evosuites.com,9,0,17,1
ewtpro.com,9,0,9,1
executivehomedelivery.co.uk,9,0,17,1
expocuenca.com,9,0,17,1
expresspizzas.ca,9,0,17,1
exza.co.za,9,0,17,1
ezbizer.com,9,0,17,1
ezfka.com,9,0,2,1
fabricated.com.au,9,0,17,1
facon.com.pk,9,0,170,1
facuminas.edu.br,9,0,34,1
fairhomebuyers.com,9,0,17,1
falafelstations.com,9,0,51,1
fantasydance.it,9,0,51,1
farsundmaraton.no,9,0,17,1
fastlaneinsider.com,9,0,7,1
fastprishemsida.se,9,0,1,1
fazerparaaprender.am.gov.br,9,0,3,1
fddst.com,9,0,1,1
feenanoor.com,9,0,2,1
finanzprofi-ag.de,9,0,17,1
firmcosmo.com.hk,9,0,17,1
fitnessquestmma.com,9,0,17,1
fitnesswithaview.com,9,0,17,1
fixusjobs.com,9,0,10,1
flavorofindiaspf.com,9,0,41,1
floranectar.com.br,9,0,17,1
flowell.mx,9,0,17,1
fluffandfoldcoinlaundry.com,9,0,123,1
fnhfood.com,9,0,34,1
foamzone.sa,9,0,34,1
fobsourcify.com,9,0,4,1
fobwebs.com,9,0,155,1
forbetterhealthacademy.com,9,0,17,1
fordanddraperdental.com,9,0,17,1
forthvalleyhomes.co.uk,9,0,17,1
fortisiba.com,9,0,17,1
foundationsgroup.com,9,0,17,1
foxaccountants.co.uk,9,0,17,1
foxycrawn.com,9,0,10,1
fozdok.com,9,0,17,1
freecoupons.tw,9,0,4,1
freespiritmi.com,9,0,73,1
frontendtools.tech,9,0,8,1
frontiscompany.com,9,0,17,1
fullstrength.fitness,9,0,17,1
futurecities.co,9,0,17,1
g-forces.com,9,0,17,1
gamesync.consulting,9,0,4,1
gaspecanna.com,9,0,51,1
gayguidegraz.at,9,0,17,1
gbh.co.il,9,0,17,1
gemy.in,9,0,1,1
gerinciskola.com,9,0,1,1
gestoriabuch.cat,9,0,17,1
getfeedz.com,9,0,17,1
getyoursponsor.com,9,0,1,1
gforces.in,9,0,1,1
giga4.team,9,0,2,1
girldreamweekends.com,9,0,1,1
gjenvinningsorvest.no,9,0,17,1
globalbusinessline.com,9,0,1,1
gmax.org.il,9,0,17,1
gmms.lk,9,0,3,1
go-electric.eu,9,0,17,1
gofermentor.com,9,0,17,1
gofreetrial.co,9,0,5,1
goldcoastbusinesswebsites.com.au,9,0,1,1
goldenkimen.com,9,0,17,1
golet.ir,9,0,1,1
gomez-pictures.com,9,0,41,1
goodeplumbingca.com,9,0,17,1
goodfellaspizza.co,9,0,17,1
goodgutayurveda.com,9,0,1,1
goodmurmur.com,9,0,7,1
goose.studio,9,0,125,1
gopenguin.tistory.com,9,0,1,1
goyakw.com,9,0,17,1
gpm.ltd,9,0,17,1
gpuheaven.com,9,0,34,1
grassedartificial.co.uk,9,0,17,1
greenfingers.tistory.com,9,0,3,1
greenkeyrealestate.com,9,0,17,1
greenpastures.uk.com,9,0,17,1
gripit.co.in,9,0,41,1
grupocardiomed.com.br,9,0,17,1
gtown24.com,9,0,17,1
guidebean.com,9,0,2,1
guildfordvillagepotters.com.au,9,0,17,1
guillaumeriviere.name,9,0,2,1
guitaomama.tw,9,0,17,1
gulvleggervest.no,9,0,16,1
habibiparty.com.au,9,0,17,1
hairtoth.hu,9,0,3,1
hamblenpres.org,9,0,17,1
hammermasonry.ca,9,0,17,1
hamon.fr,9,0,1,1
hanksly.es,9,0,17,1
hanksome.gr,9,0,17,1
hanktalk.com,9,0,1,1
happion.com.tw,9,0,34,1
harbortownlandscape.com,9,0,17,1
hartlogistic.com,9,0,1,1
hasheado.com,9,0,1,1
hassicity.com,9,0,2,1
hauen.media,9,0,5,1
hazayis.org,9,0,17,1
heartlandcast.com,9,0,17,1
hec.com.tw,9,0,17,1
help4housing.uk,9,0,51,1
helpfultiger.com,9,0,49,1
helsevern.com,9,0,17,1
henleysresponseltd.co.uk,9,0,17,1
hennegoldens.com,9,0,17,1
henrypress.net,9,0,2,1
heritageneuro.com,9,0,16,1
highendrenovation.ca,9,0,25,1
highwayimage.com.au,9,0,16,1
hippo-sro.cz,9,0,17,1
hitpresence.com,9,0,609,1
hmaishotel.com.br,9,0,17,1
homeenergyconstruction.com,9,0,17,1
homesbywyatt.com,9,0,17,1
hoodyvan.com,9,0,20,1
horror-world.co.il,9,0,686,1
hosprep.com,9,0,17,1
hostandprotect.com,9,0,2,1
hostinav.com,9,0,1,1
hostingguider.com,9,0,6,1
hostmeloud.com,9,0,3,1
hostphobia.com,9,0,8,1
hotofer.com,9,0,15,1
howei.co.th,9,0,68,1
hqdaus.com,9,0,17,1
hsinming.com.tw,9,0,17,1
hub.lk,9,0,1,1
hyperfashion.gr,9,0,17,1
hyundai-sibiu.ro,9,0,17,1
i4c.co.za,9,0,17,1
ibrahimsharif.com,9,0,1,1
icenter.ph,9,0,51,1
icstexas.com,9,0,17,1
idealearthwater.com,9,0,17,1
idealeaseofchattanooga.com,9,0,17,1
iet.co.th,9,0,17,1
ifly-egypt.com,9,0,17,1
ihome.vegas,9,0,17,1
image.my,9,0,4,1
imagenesmedicas.mx,9,0,17,1
imhunk.com,9,0,101,1
imorgoninnovation.com,9,0,17,1
impactgroupco.com,9,0,17,1
impastainc.com,9,0,17,1
imperialrelocationservices.com,9,0,17,1
inbound.technology,9,0,1,1
indianrestaurantnewalbany.com,9,0,82,1
indigenouswellnesscanada.com,9,0,17,1
indonesianwriter.com,9,0,2,1
industrialph.com,9,0,17,1
inetservices.com,9,0,4,1
infotech.uk.com,9,0,1,1
inivatech.co.uk,9,0,17,1
inoverz.com,9,0,1,1
iowasedationdentistry.com,9,0,17,1
ipro.cc,9,0,1,1
irbahnet.com,9,0,1,1
irevive.tech,9,0,36,1
irwinvet.com,9,0,17,1
isbogor.org,9,0,17,1
it4all.pk,9,0,2,1
itechmobik.com,9,0,4,1
itm247.com,9,0,17,1
itokicenter.com,9,0,17,1
ivenzu.com.au,9,0,1,1
j3atthegap.com,9,0,17,1
j5cyberconsulting.com,9,0,1,1
jabont.com,9,0,68,1
jasperwayinn.com,9,0,1,1
jcpc.cc,9,0,1,1
jeremielitzler.fr,9,0,1,1
jeweller.co.il,9,0,75,1
jh-felda.de,9,0,15,1
jinhoe.com,9,0,1,1
jkp.agency,9,0,2,1
jodyspencer.com,9,0,17,1
john-mellor.co.uk,9,0,34,1
johnsonbros.co.za,9,0,34,1
joinhorizons.cn,9,0,2,1
joinlynchburgpd.com,9,0,17,1
jointracypd.com,9,0,17,1
joinwalnutcreekpd.com,9,0,17,1
jolietdisposalinc.com,9,0,17,1
josephedwards.co.uk,9,0,153,1
joursferies-be.be,9,0,3,1
jrfoilfield.ca,9,0,17,1
jumpseller.co.uk,9,0,1,1
jupiterbooks.in,9,0,17,1
jusconsorcio.com.br,9,0,17,1
justrightmom.com,9,0,2,1
jvcodes.com,9,0,1,1
jwayfood.com.sg,9,0,17,1
jzlegal.com,9,0,17,1
kanchans.co.uk,9,0,17,1
kapruka.co.nz,9,0,4,1
kaptf.com,9,0,17,1
karaokeserelepe.com.br,9,0,17,1
karem-icecream.com,9,0,17,1
karinasmex.com,9,0,17,1
kartodromodegoiania.com.br,9,0,17,1
kashmiah.com.au,9,0,17,1
katharina-lang.at,9,0,48,1
katibatec.com,9,0,1,1
kayonews.co.id,9,0,1,1
kbclucky.com,9,0,17,1
kbeventrentals.com,9,0,17,1
kbgengineers.com,9,0,17,1
keelholidaycottages.ie,9,0,34,1
keilanidigitalmarketing.com,9,0,1,1
kenkiichiba.com,9,0,12423,1
kentfarmliving.com,9,0,17,1
kenyonsapir.com,9,0,17,1
kerenanavystudio.com,9,0,17,1
kerstner.at,9,0,1,1
kevinbk.com,9,0,1,1
kfz-gringer.at,9,0,50,1
kiko-brandenburg.de,9,0,4,1
kimmycosmetic.store,9,0,10086,1
kingstonlaser.co.uk,9,0,17,1
kipeps.com,9,0,17,1
kiwinest.co.nz,9,0,17,1
kiword.fr,9,0,1,1
kkschrotthandel.de,9,0,47,1
koerberbeer.com,9,0,17,1
kolhaolamdaily.com,9,0,2,1
konveksijaket.id,9,0,34,1
labahiacreativa.com,9,0,17,1
labflores.com.br,9,0,2,1
labomba.no,9,0,51,1
labramholmes.co.uk,9,0,17,1
lacimacenter.com,9,0,17,1
laegeaabenraa.dk,9,0,17,1
laegeesbjergcity.dk,9,0,17,1
laegefaxe.dk,9,0,17,1
laegeglesborg.dk,9,0,17,1
laegegreve.dk,9,0,17,1
laegeholbaek.dk,9,0,17,1
laegeholstebro.dk,9,0,17,1
laegenaestved.dk,9,0,17,1
laegenorresnede.dk,9,0,17,1
laegeskaelskor.dk,9,0,17,1
laegeslagelse.dk,9,0,17,1
laegesonderborg.dk,9,0,17,1
laegesonderfelding.dk,9,0,17,1
lafiestapartyrental.com,9,0,17,1
lakeshoreminibarns.com,9,0,17,1
lakewoodcounselingcenter.com,9,0,17,1
lamourpostpartum.com,9,0,17,1
lanarkshireclassics.co.uk,9,0,17,1
landlkitchenandbath.com,9,0,17,1
lapizzashoppe.com,9,0,17,1
laraveltemplates.com,9,0,1,1
laredogroup.org,9,0,17,1
lareynasofrito.com,9,0,17,1
lastwish.gr,9,0,17,1
launcestondogwalkingfield.co.uk,9,0,17,1
laxdental.com,9,0,17,1
lazywaveslakemurraysc.com,9,0,17,1
league88-th.info,9,0,51,1
learnalotdrivingschool.ie,9,0,17,1
learndigitalmarketingapp.com,9,0,17,1
legumineuses.com,9,0,1,1
lernify.com,9,0,4,1
letshosttalk.com,9,0,4,1
letsworkonline.net,9,0,9,1
libox.fr,9,0,5,1
librarysmkbintulu.wixsite.com,9,0,2,1
light-livinggroup.com,9,0,17,1
lightwavephotonics.com,9,0,17,1
lime-agency.com,9,0,1,1
limerickbraces.com,9,0,17,1
lincoln-casino.org,9,0,17,1
lisettebphotography.com.au,9,0,17,1
littleachievers.education,9,0,17,1
littleriverglamping.co.uk,9,0,17,1
liveinge.it,9,0,19,1
livelocal-realty.com,9,0,17,1
liycheng.com.tw,9,0,17,1
lmscrafter.com,9,0,57,1
localstreet.ca,9,0,17,1
locurainmobiliaria.mx,9,0,17,1
lodenrealty.com,9,0,17,1
losclouds.com,9,0,2,1
lotusvillagecnr.com,9,0,17,1
low-orbit.net,9,0,2,1
ltwi.org,9,0,17,1
luxelifestylehq.com,9,0,17,1
m4kamerica.com,9,0,17,1
macovinweb.co,9,0,11,1
madagascar.co.nz,9,0,9,1
madinsdrycleanersandlaundry.com.au,9,0,16,1
madmargarets.com,9,0,17,1
magicween.com,9,0,23,1
maiplacement.com,9,0,17,1
maizonslakeviewresort.com,9,0,34,1
makete.shop,9,0,17,1
makiyamazaki.jp,9,0,22017,1
mamorastudio.com,9,0,34,1
manateespringsrvpark.com,9,0,17,1
manread.me,9,0,1,1
mapar-partenaires.org,9,0,17,1
maplewealthproject.com,9,0,13,1
marfic.com.br,9,0,1,1
marinetekstil.no,9,0,17,1
marketingbox.in,9,0,1,1
marketwpthemes.com,9,0,1,1
maryvillecaravansite.co.uk,9,0,17,1
masstilt.com,9,0,17,1
maturecamz.com,9,0,34,1
maxximindustries.com,9,0,50,1
mbslifecoach.com,9,0,17,1
mcmahonrealestate.ca,9,0,17,1
mcpdream.com,9,0,17,1
meblepiatka.pl,9,0,165,1
medagreens.in,9,0,1,1
medimib.com,9,0,11,1
medinacountylifestyle.com,9,0,41,1
medipro.co.za,9,0,17,1
medisleep.net.au,9,0,17,1
megawashanddry.com,9,0,17,1
menardeyecenter.com,9,0,17,1
menrregeltechniek.nl,9,0,17,1
mergola.it,9,0,1,1
metaserv.me,9,0,17,1
metcalfrealtycoinc.com,9,0,17,1
metrotowndentalclinic.com,9,0,17,1
metsea.org.au,9,0,17,1
mgfs.net,9,0,17,1
miamiplay777.com,9,0,34,1
miamitropicalw.com,9,0,68,1
microadia.net,9,0,52,1
midsouthfuneralsupply.com,9,0,17,1
mihao.tw,9,0,1,1
mikigolan-3t.co.il,9,0,17,1
milltron.com,9,0,17,1
mimmi.co.kr,9,0,213,1
mingaraswimclub.com.au,9,0,17,1
miss-alexis.de,9,0,17,1
missionsilencers.com,9,0,34,1
misterice.com,9,0,17,1
mmio.in,9,0,3,1
modernliquorokc.com,9,0,17,1
monacodesign.it,9,0,5,1
money.ke,9,0,1,1
monstertees.com,9,0,1,1
morleyorthodontic.com.au,9,0,51,1
morristrucking.com,9,0,1,1
mosaic-sites.com,9,0,1,1
mossimmobilien.de,9,0,1,1
mostvaluedbusiness.com,9,0,2,1
motqantech.com,9,0,1,1
mountainviewapartmenthomes.com,9,0,1,1
mpi-iq.com,9,0,17,1
mrkeating.co.uk,9,0,1,1
mrshafaq.com,9,0,1,1
mufawad.com,9,0,3,1
mulliganstx.com,9,0,17,1
mundodostinteiros.pt,9,0,17,1
munnenterprises.com,9,0,17,1
munsonelectric.com,9,0,17,1
my365.mt,9,0,17,1
mybias.blog,9,0,1,1
mygeschenkgutscheine.at,9,0,1,1
myisraelproperty.com,9,0,17,1
mymaxa.com,9,0,121,1
mytechhow.com,9,0,3,1
nailsbyninadc.com,9,0,17,1
namg.edu.in,9,0,17,1
napacapecod.com,9,0,17,1
nationalsafesedation.com,9,0,48,1
naturaedolce.com,9,0,17,1
ncdwell.com,9,0,17,1
neamandfootandankle.com,9,0,17,1
nerismexicancafe.com,9,0,17,1
neto-kidum.co.il,9,0,1,1
neuraartificial.com.br,9,0,291,1
new-drivers.ca,9,0,34,1
newdaypersonalcare.com,9,0,17,1
newellstrength.com,9,0,17,1
newjerseyrealtyllc.com,9,0,4,1
newsail.com.tw,9,0,17,1
newscast.com.ua,9,0,1,1
newskinstudio.it,9,0,17,1
newsupdates360.com,9,0,1,1
ninjashipping.com,9,0,2,1
nishkarshsharma.com,9,0,1,1
nitropack.dev,9,0,8,1
nko-hasselt.be,9,0,17,1
noblerecycling.co.uk,9,0,17,1
noelpepincanine.ca,9,0,17,1
nonaflowers.com,9,0,17,1
northcountryinsulation.ca,9,0,17,1
northstarbuildings.us,9,0,17,1
northwestalternativevenues.com,9,0,17,1
norwichwindows.co.uk,9,0,34,1
notalonenow.com,9,0,9,1
novatex.us,9,0,1,1
npk.bg,9,0,17,1
null48.net,9,0,4,1
nxlevelent.com,9,0,2,1
oakbarnfurnishings.com,9,0,17,1
oasisbaybuffet.com,9,0,17,1
obcochemical.com,9,0,17,1
obsails.com,9,0,35,1
obsidiannailstudio.com,9,0,1,1
oceansidecove.com.au,9,0,17,1
ocloudi.com,9,0,1,1
ocyanaperfumes.com,9,0,17,1
odlumhire.co.nz,9,0,17,1
odysseyweb.idv.tw,9,0,4,1
officepods.co.nz,9,0,17,1
ofim.co.il,9,0,17,1
olahtrade.hu,9,0,1,1
oncovie.com.br,9,0,17,1
onederlandenterprise.com.au,9,0,17,1
onlinestreamtv.net,9,0,17,1
onlytans.net.au,9,0,17,1
onpoint.to,9,0,2,1
ontbolt-ontozorendszer.hu,9,0,17,1
optur.com.br,9,0,9,1
orale.co.kr,9,0,1,1
orangegrovegardens.com.au,9,0,33,1
orienscafe.net,9,0,17,1
orijinsupport.ca,9,0,17,1
oroglass.sk,9,0,9,1
orourkewindows.ie,9,0,17,1
orsgo.com,9,0,1,1
ortalshizuf.co.il,9,0,17,1
oshrib.com,9,0,2,1
osidepainting.com,9,0,17,1
osscompanies.com,9,0,34,1
osteo-pertuis.fr,9,0,17,1
osteriadalmerlo.it,9,0,16,1
ourfaithchurch.com,9,0,17,1
ourladyofhopesyr.org,9,0,1,1
outlaw-archery.com,9,0,17,1
outstanding.ventures,9,0,34,1
overthemooncreative.co,9,0,6,1
owsc.lk,9,0,17,1
oxfordschoolresidences.com,9,0,34,1
oxfordshirepropertyagent.co.uk,9,0,17,1
oxyzhealth.com,9,0,17,1
paasfinder.org,9,0,4,1
palmersoderberg.com,9,0,17,1
pandraus.com,9,0,2,1
patrickgordonframing.ca,9,0,17,1
paveloft.com.my,9,0,17,1
pavilionatcrescentlake.com,9,0,17,1
pavilionatjacksonville.com,9,0,17,1
pavilionsapts.com,9,0,1,1
pawleysislandliquorstore.com,9,0,17,1
paws2purrfection.com,9,0,2,1
paysagement.ca,9,0,17,1
peakcitygym.com,9,0,17,1
peeblesautomotive.com,9,0,17,1
penghuhola.com.tw,9,0,2,1
pensiuneaunio.ro,9,0,17,1
peopleworksonline.com,9,0,68,1
perennialcorktown.com,9,0,41,1
performlabs.dev,9,0,1,1
personaltrainerstudio.it,9,0,1,1
petrnosek.cz,9,0,4,1
petzoo.it,9,0,1,1
phanmemthienha.com,9,0,2,1
phinin.com,9,0,2,1
phlera.com,9,0,1,1
phoenixgroup.global,9,0,34,1
phoneservices.es,9,0,17,1
pinnacleholidayhomes.com,9,0,17,1
pizzacastello.it,9,0,51,1
pkboats.com.au,9,0,17,1
planctofire.com,9,0,3,1
planlogisticssolutions.com,9,0,17,1
playatpalacepark.com,9,0,17,1
plushroseblowoutbar.com,9,0,17,1
pokerinoviterbo.com,9,0,17,1
polardigital.co.id,9,0,17,1
polczfood.sk,9,0,1,1
pombalverde.pt,9,0,17,1
posify.io,9,0,1,1
powerlinker.org,9,0,17,1
prabhathauditoriums.com,9,0,17,1
praxisschools.ca,9,0,13,1
prcg.de,9,0,1,1
precisionglass.net,9,0,16,1
precisionstairsystems.com,9,0,17,1
premierflooringinc.net,9,0,17,1
premiumholidaystays.ae,9,0,17,1
presseteamaustria.at,9,0,3,1
privi.lk,9,0,17,1
prizebondlucky.net,9,0,1,1
produkton.hu,9,0,1,1
projectpartynyc.com,9,0,17,1
projectsafecanada.ca,9,0,17,1
promocodis.fi,9,0,2,1
promptearn.com,9,0,5,1
proscale.com.br,9,0,17,1
prosparkae.nz,9,0,17,1
prosperalinkk.com,9,0,1,1
pttdigits.com,9,0,3,1
pumadevelopment.com,9,0,17,1
pumpkinsnannyagency.co.uk,9,0,17,1
punjabprinting.ca,9,0,17,1
pure.events,9,0,4,1
pvcbamboos.com,9,0,17,1
pvgruppo.com.br,9,0,17,1
qabana.co.uk,9,0,17,1
qdap.com.hk,9,0,17,1
qdl.de,9,0,34,1
qishan-sanheyuan.tw,9,0,17,1
quantumbio.com.br,9,0,17,1
queenout.com,9,0,3,1
queensentertainmentgroup.com,9,0,1,1
queensmassage.ca,9,0,17,1
queesia.com,9,0,3,1
quickstitchtailor.ca,9,0,17,1
quicktalkers.com,9,0,7,1
rankdigitalsolution.com,9,0,17,1
realdigitalsuccess.com,9,0,1,1
realitnikariera.cz,9,0,1,1
realnicedigital.com,9,0,26,1
recvastgoed.nl,9,0,9,1
redioli.it,9,0,17,1
redswines.us,9,0,34,1
redtailrvpark.com,9,0,17,1
redwoodcreative.com,9,0,1,1
reeleys.com,9,0,17,1
refer.guide,9,0,1,1
rehasimbuild.co.il,9,0,17,1
relevantelephant.net,9,0,1,1
reloveandrewind.com,9,0,51,1
rhinomouthguards.com,9,0,68,1
ricestreetthai.com,9,0,17,1
richscoach.com,9,0,2,1
rifiorirejewels.com,9,0,17,1
rijschooljado.nl,9,0,51,1
ripti.info,9,0,6,1
riseortho.com.au,9,0,17,1
riverso.it,9,0,17,1
roadc.com.mx,9,0,17,1
roadrunnerservicesllc.com,9,0,17,1
robison.co.uk,9,0,17,1
rocksolidechuca.com.au,9,0,55,1
rodingerwaescherei.de,9,0,17,1
rollfab.ca,9,0,17,1
rootmillers.com,9,0,17,1
rosevilleboxingacademy.com,9,0,17,1
royaldonerdanmarksplass.no,9,0,51,1
rozafragrance.com,9,0,17,1
rubytec.com,9,0,17,1
runcornponyclub.org.au,9,0,17,1
ryantownley.com,9,0,1,1
sabrinaspace.com,9,0,21,1
sacramentskerkbreda.nl,9,0,34,1
sakuras.com.tw,9,0,17,1
salonessentialhairskin.com,9,0,17,1
samedaytradeframes.com,9,0,1,1
sandfordwall.co.nz,9,0,17,1
sastaoffer.in,9,0,3,1
saudihires.com,9,0,675,1
saviregency.com,9,0,17,1
scardifieldssmashrepairs.com.au,9,0,17,1
seahorseinnobx.com,9,0,41,1
sealsstore.net,9,0,17,1
secmecrb.co.za,9,0,17,1
seo-winner.com,9,0,4,1
seofortradies.com.au,9,0,17,1
sergiocaballero.com,9,0,1,1
sewerinspectionsrepairs.com,9,0,68,1
seymourharrison.co.uk,9,0,17,1
sgpedia.com,9,0,1,1
shamrockboxinggym.com,9,0,17,1
sharethekarma.com,9,0,82,1
shedsofanniston.com,9,0,17,1
shedsofdesmoines.com,9,0,17,1
shedsoffortmyers.com,9,0,17,1
shedsofhouston.com,9,0,17,1
shedsofmilledgeville.com,9,0,17,1
shedsofminnesota.com,9,0,17,1
shedsofocala.com,9,0,17,1
shedsofogden.com,9,0,17,1
shedsofrimbey.com,9,0,17,1
shedsofsanantonio.com,9,0,17,1
shedsofspartanburg.com,9,0,17,1
shedsofsplendora.com,9,0,17,1
shedsofsteinbach.ca,9,0,17,1
shedsofstephenville.com,9,0,17,1
sheetany.site,9,0,7,1
shifaproject.org.au,9,0,17,1
shinewithkellie.com,9,0,17,1
shipshewanapopcorn.com,9,0,17,1
shirabentley.com,9,0,3,1
shivahomes.com,9,0,17,1
shktee.com,9,0,2,1
shopquip.se,9,0,17,1
showbizfashion.pk,9,0,2,1
showmeproject.com,9,0,1,1
siam-thaimassage-bremen.de,9,0,17,1
siddhantamanor.com,9,0,17,1
sigmative.com,9,0,2,1
silverwheelsltd.co.uk,9,0,17,1
simulz.kr,9,0,1,1
sirgo.com,9,0,1,1
sistersjo.com,9,0,18,1
siterating.net,9,0,2,1
siteshack.com.au,9,0,3,1
sixtwo.com.au,9,0,68,1
skinfocus.ca,9,0,17,1
skiquebecregion.com,9,0,51,1
skopeloscountry.com,9,0,4,1
skylineroofingoh.com,9,0,17,1
skypole.ca,9,0,17,1
skyreaderpapa.com,9,0,4,1
skyvideovision.in,9,0,17,1
slatan.co.th,9,0,1,1
slevynahosting.cz,9,0,1,1
smallway.com.tw,9,0,64,1
smartpubtools.com,9,0,10,1
smeoda.org.tw,9,0,61,1
smithlocke.com,9,0,17,1
snapitostudio.com,9,0,1,1
snowleopardlodge.com,9,0,17,1
sobankoreaneatery.com,9,0,41,1
soccerwindsor.com,9,0,16,1
sodview.com,9,0,8,1
sofashion.co.il,9,0,17,1
soft8ware.com,9,0,4,1
sonderenergy.com,9,0,17,1
soqoo.com.au,9,0,41,1
southwestwindowcleaning.ca,9,0,17,1
spacelama.com,9,0,1,1
spacerocketdigital.com,9,0,34,1
spidermeshusa.com,9,0,17,1
ss-harikyu.jp,9,0,1,1
sscons.in,9,0,17,1
ssu.edu.in,9,0,5,1
stackscan.com,9,0,3,1
staddonstimber.co.uk,9,0,17,1
startupplugs.com,9,0,9,1
startupwise.com,9,0,1,1
stephenoke.co.uk,9,0,1,1
steveroymusic.com,9,0,17,1
stgrealty.in,9,0,51,1
stonehavencottages.com,9,0,17,1
stowrehab.com,9,0,17,1
strategicmortgagebrokers.com.au,9,0,17,1
strikeforcetire.com,9,0,17,1
strutchannelsdirect.com,9,0,1794,1
studytoureuropean.es,9,0,17,1
stvck.dev,9,0,1,1
successlogistics.com.au,9,0,68,1
sudonix.org,9,0,1,1
sugarandblow.com,9,0,17,1
sugarpawstea.com,9,0,17,1
suitesdelcarmen.com,9,0,17,1
sundae-club.co.uk,9,0,51,1
sunderlandhairandbeauty.co.uk,9,0,17,1
sungoldnc.com,9,0,17,1
sunlifood.com,9,0,9,1
sunnyside-park.co.uk,9,0,17,1
sunnysideaustralia.com.au,9,0,17,1
sunshadeenergy.in,9,0,17,1
superiorcounters.ca,9,0,17,1
surgicarebrooklyn.com,9,0,17,1
sushi-time.it,9,0,17,1
sushi-z.com,9,0,17,1
sushimikapiti.co.nz,9,0,17,1
sushinice.cl,9,0,17,1
switchisland.co.uk,9,0,17,1
sydneyexoticaquariums.com.au,9,0,17,1
sydneyoralsurgeryandimplants.com.au,9,0,17,1
synarcon.com,9,0,1,1
synergistmedia.com,9,0,19,1
t-mac.mx,9,0,17,1
tablerockrv.com,9,0,17,1
talentedrecruitment.co.za,9,0,17,1
tallentyservicos.com.br,9,0,17,1
tamagouliana.gr,9,0,17,1
tamarindrestaurantchino.com,9,0,41,1
tamarsafra.com,9,0,17,1
tandarts-arts.nl,9,0,17,1
tankardspanelservice.com.au,9,0,1,1
tarbiahsentap.com,9,0,17,1
tarseel.net,9,0,17,1
tattoocartel.fi,9,0,17,1
taxi-deurne.be,9,0,17,1
teamwbm.nl,9,0,34,1
technerds.nl,9,0,3,1
technopediasite.com,9,0,1,1
technovation.in,9,0,68,1
technoverse.id,9,0,1,1
techtidesolutions.com,9,0,1,1
teeneeweb.com,9,0,5,1
telco-repair.com,9,0,17,1
telenco.be,9,0,17,1
temp.co.za,9,0,16,1
tempcontrolmelbourne.com.au,9,0,17,1
tensocret.mx,9,0,17,1
tentes-rodos.gr,9,0,14,1
thaiseolinks.com,9,0,2,1
the-web-radar.com,9,0,1,1
the40yearflight.com,9,0,17,1
the8balllounge.com,9,0,17,1
thebearcreekranch.com,9,0,16,1
thebenjaminlodi.com,9,0,1,1
thebrandarchetypes.com,9,0,17,1
theforddieselservice.com,9,0,17,1
theglenchiro.com,9,0,17,1
thegoodland.vn,9,0,3,1
thegrandluxvenue.com,9,0,17,1
thegreatkiwicircus.co.nz,9,0,17,1
thejqbarandgrill.co.uk,9,0,17,1
thelaneslifestyle.com,9,0,2,1
themagiccity.org,9,0,17,1
theoldpackethouse.com,9,0,17,1
thequeenrestaurant.se,9,0,17,1
thermaltaxi.hu,9,0,1,1
therowboatcompany.com,9,0,17,1
theseaitools.com,9,0,3,1
thesweetspotnh.com,9,0,17,1
thetaco.com.cy,9,0,16,1
thetavern.com.au,9,0,17,1
thetechthinker.com,9,0,1,1
thetinyzone.com,9,0,1,1
theton.co.uk,9,0,17,1
thetoothstudio.co.in,9,0,17,1
thetycoonrealty.com,9,0,17,1
thevillagewellbeing.com.au,9,0,17,1
thevillageyeronga.com.au,9,0,41,1
thevoiceovercouple.com,9,0,17,1
thewoshotels.com,9,0,17,1
theyogaannex.com,9,0,17,1
thomasmkieferdmd.com,9,0,41,1
threelittlepigs.my,9,0,19,1
tidalcreekpicklehouse.com,9,0,34,1
tiger-workshop.com,9,0,1,1
tigermedia.co.il,9,0,1,1
tinagoodwinhair.co.uk,9,0,17,1
tintuckingfun.com,9,0,1,1
tipografiavecchi.it,9,0,1,1
tiptopnailspaandover.com,9,0,17,1
tira-events.co.il,9,0,17,1
titanformation.ca,9,0,1,1
tj-tech.pro,9,0,17,1
togloom.net,9,0,17,1
tomastermote.com,9,0,17,1
tomatisvegan.com,9,0,17,1
tomballplumbing.net,9,0,17,1
tomsperformancemachine.com,9,0,17,1
top707.com,9,0,1,1
topdigitalmarketingagency.ca,9,0,17,1
topicmd.com,9,0,1,1
toproadgroup.com,9,0,17,1
topsailautoplaza.ca,9,0,60,1
torcom.net,9,0,16,1
tormodgundersen.com,9,0,3,1
touchball.co.il,9,0,17,1
towandfert.com.au,9,0,11,1
towerestates.co.uk,9,0,17,1
tps-energy.com,9,0,17,1
tranquilitymassageinc.com,9,0,17,1
treetrav.com,9,0,62,1
trichome-il.com,9,0,17,1
tricitiestnelectrician.com,9,0,1,1
trinitydentist.com,9,0,17,1
triot.com,9,0,34,1
tripletempcoldstorage.com,9,0,17,1
tristanphotos.com,9,0,6,1
trust-board.ru,9,0,4,1
trutech.net,9,0,17,1
trynina.co,9,0,3,1
tupelobaygolfvillas.com,9,0,17,1
turbantandoori.com,9,0,17,1
turquoic.com,9,0,17,1
tutos-gameserver.fr,9,0,1,1
tutsplanet.com,9,0,4,1
tznua.co.il,9,0,17,1
u90paints.com,9,0,16,1
uniontech.it,9,0,17,1
uniquebeautyclinic.co.uk,9,0,17,1
unirishpubrestaurant.com,9,0,17,1
unitverse.com,9,0,17,1
unityseo.co.uk,9,0,1,1
uppfaustralia.com.au,9,0,17,1
upstatepoolmanagement.com,9,0,17,1
uqing.com.tw,9,0,17,1
usaautorepair.com,9,0,16,1
usereviews.io,9,0,4,1
usitestatus.com,9,0,4,1
valiantsteel.com,9,0,22,1
vanburentitle.com,9,0,34,1
vancouversod.com,9,0,34,1
vantagesvcs.net,9,0,17,1
vasilitsarooms.gr,9,0,17,1
vccpay.cc,9,0,17,1
veinspecialistnj.com,9,0,51,1
veronicayen.com,9,0,1,1
veterinaireabitibi.com,9,0,1,1
viborgvaretransport.dk,9,0,1,1
vicarypharmacy.com,9,0,17,1
victor-reyes.es,9,0,17,1
vidar1909.ch,9,0,17,1
vidi0.online,9,0,17,1
vietnetmedia.edu.vn,9,0,2,1
vigor2.com.tw,9,0,17,1
vilastitle.com,9,0,34,1
villa-bistro.de,9,0,17,1
vinabook.edu.vn,9,0,2,1
vintonbowling.com,9,0,17,1
virtualescaperoom.sg,9,0,17,1
vncoder.vn,9,0,1,1
vocabularyinchunks.wordpress.com,9,0,1,1
voomride.co.uk,9,0,17,1
vornixhost.com,9,0,1,1
vps911.com,9,0,1,1
vpsdawanjia.com,9,0,1,1
vserveecommerce.com,9,0,1,1
waconcreting.com.au,9,0,17,1
wakavoice.com,9,0,17,1
wangchiu.com.tw,9,0,20,1
wastewatertrainingsolutions.com,9,0,17,1
watchsizeguide.com,9,0,51,1
wateralia.com,9,0,17,1
watsonfamilydentistry.com,9,0,17,1
wcsounds.com,9,0,17,1
wearestuntdoubles.com,9,0,17,1
webion.gr,9,0,1,1
webrecourse.com,9,0,1,1
websitesworkshop.com,9,0,6,1
weineng.com.tw,9,0,17,1
wellis.it,9,0,1,1
wesmarwinery.com,9,0,17,1
westaustinmassage.com,9,0,1,1
wheatlandshorescampground.com,9,0,41,1
whiskyvaten.nl,9,0,17,1
whiteroseclinicyork.co.uk,9,0,17,1
whitesquareeg.com,9,0,17,1
wildthingsif.com,9,0,17,1
wilkswater.com.au,9,0,16,1
willowtraceliving.com,9,0,17,1
wilsonbulktransport.co.nz,9,0,17,1
winfieldautos2.com,9,0,17,1
winterhello.com,9,0,1,1
wisdomjobs.org,9,0,82,1
wontec.com.tw,9,0,34,1
woonverzekeringen.nl,9,0,17,1
wordiply.uk,9,0,2,1
wpbuilders.co,9,0,1,1
wproom.ru,9,0,1,1
wpsnix.com,9,0,4,1
wptoolbear.com,9,0,20,1
wwkejishe.top,9,0,1,1
xerowp.com,9,0,7,1
xingchensushi.it,9,0,17,1
xvision.vn,9,0,17,1
yassinebentaleb.com,9,0,1,1
yerainabreu.com,9,0,3,1
yiyuankitchen.com,9,0,17,1
ylsseo.com,9,0,33,1
yoderwindowandsiding.com,9,0,17,1
yontihair.com,9,0,17,1
youtuber.ai,9,0,17,1
zacinej.cz,9,0,1,1
zakatekchmielna.pl,9,0,1,1
zenpescia.it,9,0,17,1
zenyoga.co.il,9,0,17,1
zhenhe-co.com,9,0,3,1
zichyelmenybirtok.hu,9,0,5,1
zsquarestudio.com,9,0,1,1
zsxxfx.com,9,0,3,1
0937585622.com,8,0,17,1
101thaispa.com,8,0,17,1
1055main.com,8,0,17,1
1337x.co.za,8,0,2,1
13thcenturywhiskey.com,8,0,17,1
1in.me,8,0,33169,1
28spaunionave.com,8,0,41,1
333greeneave.com,8,0,17,1
4gpackages.com,8,0,1,1
4retail.nl,8,0,17,1
4thegirls.co.uk,8,0,17,1
57insuranceagency.com,8,0,17,1
62threadneedle.com,8,0,17,1
714water.com,8,0,1,1
74th.net,8,0,1,1
89constellation.com,8,0,41,1
984wolf.com,8,0,17,1
a12parket.nl,8,0,17,1
a1group.co.nz,8,0,51,1
a2zhindime.com,8,0,2,1
abedorc.com,8,0,1,1
ablaizeproductions.com,8,0,17,1
abnjunction.com,8,0,1,1
abpcyber.com,8,0,17,1
abutw.com,8,0,17,1
academiadearteybelleza.com,8,0,17,1
acapellas.site,8,0,1,1
access-i-s.com,8,0,17,1
accesspointdc.com,8,0,17,1
accurat-mauerentfeuchtung.at,8,0,17,1
aceyeswood.com,8,0,17,1
acratedeal.com,8,0,17,1
acrestateagents.co.uk,8,0,17,1
acshmiami.com,8,0,41,1
adamsilver.com,8,0,2,1
adhutmedia.com,8,0,1,1
adhv.com.au,8,0,17,1
adressevirtuelle.ca,8,0,1,1
adsinsertion.com,8,0,1,1
adsolutions.co.nz,8,0,17,1
adsstoneridge.com,8,0,49,1
aerialview-surrey.co.uk,8,0,17,1
afexnimbs.com,8,0,2,1
affjumbo.com,8,0,1,1
afiliagram.pro,8,0,3,1
africarib.ca,8,0,17,1
afulaelit.co.il,8,0,17,1
agence-wordpress-lille.fr,8,0,2,1
agencianotavel.com.br,8,0,5,1
agileadam.com,8,0,14,1
agrimiahotel.gr,8,0,17,1
aidentaldallas.com,8,0,17,1
aiminity.com,8,0,1,1
aiproductivitytools.io,8,0,2,1
aitre.fr,8,0,1,1
akaki.odo.br,8,0,17,1
aktivnett.no,8,0,4,1
akwheelworks.com,8,0,51,1
albareeqkw.com,8,0,17,1
albertapowerwash.ca,8,0,17,1
alessiodeidda.it,8,0,1,1
alestaweb.com,8,0,1,1
alicings.com,8,0,6,1
allaroundcovington.com,8,0,17,1
allcaretrees.com,8,0,17,1
alldifferences.com,8,0,1,1
alliedlock.com,8,0,34,1
allinea.mx,8,0,17,1
alliviews.com,8,0,7,1
allivyevents.com,8,0,17,1
allthingsoffroadwagga.com,8,0,16,1
almaha-fe.com,8,0,5,1
almeidajjtatuape.com.br,8,0,17,1
almostalivetaxidermy.com,8,0,16,1
alohaworkwear.com,8,0,17,1
alpana.co.in,8,0,1,1
alsaqf.org,8,0,17,1
am-ag.com,8,0,34,1
ambilgratis.com,8,0,2,1
amequip.com.mx,8,0,17,1
americanalloy.com,8,0,17,1
amp2.tv,8,0,1,1
anabarrentopsicologa.pt,8,0,1,1
anandamjsr.com,8,0,1,1
anassasuites.gr,8,0,17,1
andersonsdrivingschool.com.au,8,0,17,1
andover.org,8,0,19,1
andreatasselli.net,8,0,1,1
andreawhitmer.com,8,0,1,1
andrewsandgilmore.co.nz,8,0,9,1
anikaizi.si,8,0,1,1
anirudh.digital,8,0,1,1
anita-fred.net,8,0,8,1
anmarelax.be,8,0,17,1
antheiachelan.com,8,0,15,1
antoniocenteno.com,8,0,17,1
apex-estates.co.uk,8,0,17,1
apmci.com.ph,8,0,17,1
apostillesnow.com,8,0,17,1
appalachianmasonryandwaterproofing.com,8,0,17,1
appliancetechutah.com,8,0,17,1
appskeeper.in,8,0,4,1
aralardesinfeccionsl.com,8,0,17,1
aratakiceramics.co.nz,8,0,17,1
arboxy.com,8,0,4,1
argentinaexpats.org,8,0,3,1
argim.com.ar,8,0,5,1
ariaatvp.com,8,0,17,1
ariahcmgt.com,8,0,17,1
arikporat.com,8,0,17,1
arkanum-vitae.ch,8,0,41,1
armstrongsheds.com,8,0,17,1
arsuffifamilydental.com,8,0,34,1
arthaus.mk,8,0,1,1
arwadigital.com,8,0,4,1
arye-g.studio,8,0,4,1
asdenvironmental.com,8,0,17,1
asfassociates.ca,8,0,17,1
ashtonheightsva.com,8,0,17,1
asr-india.co.in,8,0,17,1
assurance-title.com,8,0,34,1
astrogroup.org,8,0,102,1
atabekhoforce.cl,8,0,2,1
atco.co.com,8,0,17,1
atticsolutionspro.com,8,0,17,1
augmetic.xyz,8,0,8,1
aureolepharmatech.com,8,0,17,1
aurora-aberdeen.com,8,0,17,1
austintrophywhitetails.com,8,0,17,1
australiansafetytraining.com.au,8,0,17,1
autismworkbooks.in,8,0,17,1
autobodybuilders.com,8,0,16,1
autofixdrive.co.uk,8,0,34,1
avalonstudios.eu,8,0,3,1
avantapres-conseil.com,8,0,17,1
avencore.com.au,8,0,17,1
avextech.co.uk,8,0,2,1
aviscientific.com,8,0,17,1
avoden.com,8,0,17,1
avposgradounap.edu.pe,8,0,6,1
avsoft.com.au,8,0,17,1
avsprojects.co.in,8,0,17,1
axisbuilding.com.au,8,0,17,1
ay-elektriciens.be,8,0,4,1
ayaearthfood.com.au,8,0,17,1
aynesenterprises.com,8,0,17,1
babble-up.com,8,0,1,1
bacidea.com,8,0,5,1
backyardkingdom.com,8,0,17,1
backyardleasing.com,8,0,17,1
bahiadelingles.cl,8,0,51,1
baitevents.com,8,0,17,1
bajaculinaria.com.mx,8,0,1,1
bakertillytraining.edu.kw,8,0,17,1
bandscontracting.net,8,0,16,1
baraunainvest.com.br,8,0,17,1
bartolomebas.com,8,0,17,1
basinmachine.ca,8,0,17,1
basketballpracticeplans.com,8,0,17,1
bathfitternynj.com,8,0,17,1
bauty.it,8,0,17,1
bbtanning.com,8,0,17,1
bbulog.com,8,0,1,1
bcdroofing.com,8,0,17,1
bctiwc.org,8,0,17,1
bdplumbingsewer.com,8,0,17,1
beatrice-segreti.com,8,0,17,1
beatsukhumvit.com,8,0,17,1
beaute-apaisee.fr,8,0,1,1
beautyelements-medspa.com,8,0,17,1
beautyhubsunshinecoast.com.au,8,0,17,1
becarservice.com,8,0,1,1
becos.in,8,0,68,1
begninistudio.it,8,0,17,1
bellacrossing.com,8,0,17,1
bemflorir.com.br,8,0,34,1
bentamo.site,8,0,1,1
bepensa.digital,8,0,17,1
berger-international.at,8,0,2,1
bespokeconcretedesign.co.nz,8,0,17,1
bet2beat.com,8,0,1,1
betterbetslips.com,8,0,1,1
bewiser.co.il,8,0,1,1
beyondweb.nl,8,0,5,1
beznakazu.pl,8,0,35,1
bga-vending.rs,8,0,34,1
bhumika.ca,8,0,17,1
bienetrenoir.com,8,0,34,1
bigmerecords.com,8,0,17,1
bikerentalrotterdam.nl,8,0,34,1
billionnapkin.com,8,0,4,1
biltonareamethodist.org.uk,8,0,17,1
bimant.com,8,0,2,1
bimeksltd.com.tr,8,0,1,1
bioavenir.com,8,0,34,1
birdiedesign.nl,8,0,9,1
bitsupport.nl,8,0,17,1
blackfridays25.com,8,0,1,1
blacksportablebuildings.com,8,0,17,1
blackvelvetpaving.com,8,0,17,1
blainechiro.com,8,0,17,1
blakecampbellsolar.com.au,8,0,17,1
blancer.com,8,0,14,1
blankx.com,8,0,53,1
blazemagazine.co.uk,8,0,1,1
bloggerraaz.com,8,0,1,1
bloggertutor.com,8,0,13,1
bloggingnote.com,8,0,2,1
bloggingpursuits.com,8,0,2,1
bloggingrocket.net,8,0,2,1
blogsparkline.com,8,0,1,1
bloomfertility.ca,8,0,17,1
bloostone.com,8,0,17,1
blueprint1000.org.uk,8,0,17,1
blueriver.co.in,8,0,1,1
bm-i.co.kr,8,0,17,1
bmcevents.pt,8,0,51,1
boardwalkstaffing.com,8,0,1,1
bodytechbracknell.co.uk,8,0,17,1
bogcolumbus.com,8,0,17,1
boiserefrigeration.com,8,0,102,1
bokasciences.com,8,0,16,1
bolka.cl,8,0,34,1
boltworx.ca,8,0,17,1
bonadeabody.com,8,0,41,1
bongdabet888.com,8,0,17,1
bonya-yogurt.com,8,0,17,1
bookandtechtips.com,8,0,2,1
boonc.com,8,0,1,1
bottanos.com.ar,8,0,17,1
bottomlinesystems.us,8,0,3,1
bourbonstreetict.com,8,0,17,1
bowensestateagentsandpropertylettings.co.uk,8,0,17,1
box168.tw,8,0,10,1
boxhousevillages.com,8,0,17,1
brickbybrick.sg,8,0,17,1
bridgeportdumpster.org,8,0,17,1
bsi-intr.com,8,0,17,1
btc-iq.com,8,0,17,1
btm.org.il,8,0,17,1
buckleysfarm.com,8,0,51,1
budgetairandheat.com,8,0,17,1
buenasuerte.us,8,0,68,1
burncitystudio.com,8,0,17,1
businesstantra.in,8,0,6,1
buyercab.com,8,0,1,1
buzayookaki.com,8,0,1,1
bv.co.th,8,0,17,1
bvf.edu.pe,8,0,8,1
byresroadgarage.com,8,0,17,1
cabinet-jamrot.fr,8,0,17,1
caiptvv.com,8,0,17,1
calanjiyam.com,8,0,1,1
calhounslawnmaintenance.com,8,0,41,1
calmaparis.fr,8,0,1,1
camarillomattress.com,8,0,1,1
cambodiapoolsresult.com,8,0,17,1
camping-paradise.com,8,0,17,1
camporioescondido.cl,8,0,17,1
campusdynamix.com,8,0,17,1
campusone80.com,8,0,17,1
canalfultonrehab.com,8,0,17,1
canapewines.com,8,0,17,1
candcpallets.com,8,0,51,1
canfeydimyon.com,8,0,1,1
capefearbeachrentals.com,8,0,1,1
capricornequestrian.co.uk,8,0,17,1
carbreathalyzerexperts.com,8,0,51,1
carcarinfo.com,8,0,2,1
carder.pw,8,0,3,1
cardimpulz.com,8,0,17,1
careersin.in,8,0,17,1
carrozzeriacarrauto.com,8,0,17,1
carrozzeriaellezeta.it,8,0,17,1
carstyle.co.il,8,0,17,1
casa-mexico.mx,8,0,17,1
casaleaoconstrucao.com.br,8,0,17,1
casanafloresta.com.br,8,0,1,1
cascinadellemonachewines.it,8,0,17,1
caseman.co.uk,8,0,17,1
castlehillgin.com,8,0,17,1
castleonthemountain.com,8,0,19,1
casutaseniorilor.ro,8,0,17,1
catherinebakeryny.com,8,0,68,1
cave-tek.com,8,0,17,1
cblemb.com,8,0,16,1
cbtdexperience.com.br,8,0,17,1
cch.org.za,8,0,17,1
cddos.net,8,0,1,1
ce-verandas.nl,8,0,17,1
cedarpeakmanagement.com,8,0,17,1
celebrationministries.com,8,0,17,1
cellvital.hu,8,0,2,1
centersquarediscountgrocery.com,8,0,17,1
centraldelaudos.com.br,8,0,17,1
centralmainechristianacademy.org,8,0,17,1
centralmedsupply.com,8,0,17,1
centromedicoesteticoanabrotons.com,8,0,17,1
centtran.com.br,8,0,17,1
cfchospitals.com,8,0,17,1
cfgauss.edu.pe,8,0,6,1
cfucarrental.com,8,0,17,1
cgpaquette.com,8,0,1,1
challengerdownhole.com,8,0,34,1
championhealthcaregroup.com,8,0,17,1
championsgymtexas.com,8,0,17,1
chamsanjose.com,8,0,17,1
chaveiro24horasbh.com.br,8,0,17,1
cheaperasp.net,8,0,2,1
chelmsfordfencing.co.uk,8,0,51,1
cheventing.co.uk,8,0,1,1
chimpzlab.tech,8,0,17,1
chosearch.com,8,0,3,1
chowontourlv.com,8,0,17,1
chrisdry.com,8,0,1,1
christianerfurt.com,8,0,2,1
chuhaiya.com,8,0,12,1
cicisbodytherapy.com,8,0,34,1
cifshanghai.com,8,0,1,1
cinevista.at,8,0,1,1
cinquepi.it,8,0,85,1
citrusliquidation.com,8,0,17,1
citychirostl.com,8,0,17,1
civita-bagnoregio.it,8,0,17,1
cksnda.com.tw,8,0,17,1
clarkthetailor.com,8,0,17,1
classreviewed.com,8,0,3,1
cleanshop-bazel.co.il,8,0,17,1
click2cart.site,8,0,17,1
click2host.pk,8,0,1,1
clickhive.co.uk,8,0,1,1
closingpilot.com,8,0,2,1
cloud-korea.com,8,0,3,1
cloud7-lounge.ch,8,0,17,1
cloudways-cn.com,8,0,92,1
cloudwayspromocode.in,8,0,17,1
clydesdale.co.nz,8,0,17,1
cmgroup.net.au,8,0,51,1
coaptriskscore.com,8,0,5,1
coastlinebb.com,8,0,1,1
coastlinetileonline.com,8,0,3,1
cocojuan.com,8,0,3,1
codeswodes.com,8,0,1,1
codexgpo.com,8,0,2,1
coding.nl,8,0,1,1
codinginpy.com,8,0,1,1
comerhomes.de,8,0,34,1
comfortinsulation.com,8,0,34,1
comparateur-tech.com,8,0,5,1
complex-arda.com,8,0,17,1
comprenapovoa.pt,8,0,17,1
concierge-co.de,8,0,1,1
conectify.mx,8,0,17,1
connascent.com,8,0,2,1
consolsrl.com,8,0,34,1
constructiondesmarais.com,8,0,48,1
consultecocupacional.com.br,8,0,4,1
consumeradvocateservices.org,8,0,5,1
continuous2023.com,8,0,17,1
conversioncoach.ai,8,0,1,1
conveyancelaw.com,8,0,17,1
cookiepress.co.kr,8,0,2,1
coopcollegevatakara.in,8,0,68,1
coopeoccidente.com.co,8,0,17,1
corbettfamilydentistry.com,8,0,16,1
corevalue01.com,8,0,17,1
cornerstone-projects.co.uk,8,0,17,1
coryellcitywater.com,8,0,31,1
cosmeticwheelrepair.com,8,0,17,1
costascountryside.in,8,0,1,1
costcare.cc,8,0,4,1
costminer.com,8,0,17,1
country-graphics.com,8,0,17,1
couponlava.com,8,0,3,1
couponterra.com,8,0,4,1
coxhorneglamping.co.uk,8,0,17,1
cozybluhotel.com,8,0,17,1
crankitupnutrition.com,8,0,17,1
creativeoutdoors.net,8,0,17,1
creativeperformingarts.com.au,8,0,17,1
creativeworld9.com,8,0,1,1
cricketlive.co.in,8,0,1,1
cristallosushi.com,8,0,17,1
cromur.com,8,0,1,1
crossroadsvillagecenter.com,8,0,17,1
crtdigital.co,8,0,2,1
cubicwood.com,8,0,27,1
cuerotrancao.com,8,0,1,1
cultureexchange.hk,8,0,17,1
cumminsweldingandequipment.com,8,0,17,1
customer-service.xyz,8,0,30,1
customplumb.com,8,0,17,1
customwebforge.com,8,0,1,1
cutaboveproductions.com.au,8,0,16,1
cvcshow.com,8,0,17,1
cworks.id,8,0,1,1
cy24cloud.com,8,0,1,1
cynthiajamesattorneyatlaw.com,8,0,17,1
cynynion-uchaf.co.uk,8,0,17,1
cypressoft.com,8,0,1,1
cyrians.com,8,0,1,1
dailyfulfill.com,8,0,1,1
dailymagazine.co.il,8,0,1,1
dailypatrika.com,8,0,1,1
dakaluyou.com,8,0,126,1
dallasdesignco.com,8,0,1,1
dam.org.es,8,0,1,1
dammwhiskey.com,8,0,34,1
dandvtrucking.com,8,0,34,1
danesparza.net,8,0,2,1
daoyuan.li,8,0,2,1
datafragment.com,8,0,2,1
datascience.edu.pe,8,0,1,1
datorino.it,8,0,1,1
davemateer.com,8,0,1,1
daviviendavacaciones.com.sv,8,0,3,1
deali.mx,8,0,17,1
dearloser.com,8,0,1,1
decimaltutoring.com,8,0,17,1
dedeecom.com,8,0,17,1
dekineantwerpen.be,8,0,17,1
dekoparadies-ahrens.de,8,0,17,1
delmarnord.com,8,0,17,1
delta4.io,8,0,2,1
depedicurebrielle.nl,8,0,17,1
derekmiller.us,8,0,1,1
designtalks.co.za,8,0,1,1
designtransportes.com.br,8,0,17,1
destacaweb.cl,8,0,17,1
destinynailsmedford.com,8,0,17,1
devget.net,8,0,1,1
devmanextensions.com,8,0,2,1
devops-with-alex.com,8,0,2,1
dflogistique.ca,8,0,17,1
differentech.com,8,0,17,1
digipix.ai,8,0,9,1
digital-4u.com,8,0,1,1
digitalerena.com,8,0,1,1
digitizer.link,8,0,4,1
dimoragiulia.com,8,0,34,1
dinarize.com,8,0,2,1
dinnershowevents.nl,8,0,17,1
directcutting.com,8,0,1824,1
directstaffingsol.com,8,0,16,1
divasoft.net,8,0,1,1
divinolash.com,8,0,2,1
djcconcessions.com,8,0,17,1
dmcplumbing.com,8,0,17,1
dmthought.com,8,0,1,1
docekarma.com.br,8,0,17,1
doctorwellness.co.uk,8,0,17,1
doe.no,8,0,1,1
donegalrecoveryservices.com,8,0,5,1
donsliljohns.com,8,0,17,1
doo-av.com,8,0,17,1
doofdoof.co.nz,8,0,17,1
dragosbunea.ro,8,0,2,1
drakfjell.se,8,0,1,1
dralandao.com.au,8,0,17,1
drama.gg,8,0,1,1
dramelissazakia.com.br,8,0,17,1
drcarlos.co.za,8,0,17,1
drdogradds.com,8,0,36,1
dreamsestateagency.co.uk,8,0,17,1
drinkcultor.com,8,0,17,1
drivewithclive.ie,8,0,17,1
drl-nadlan.com,8,0,17,1
drogueriafarreny.cat,8,0,17,1
drpigni.com.ar,8,0,17,1
drsjamshidi.com,8,0,17,1
dsolutiongroup.com,8,0,1,1
dumpsterrentalriverside.org,8,0,17,1
dupreetire.com,8,0,17,1
dusour.com,8,0,1,1
eagle-booking.com,8,0,8,1
easashareef.com,8,0,17,1
easydata.io.vn,8,0,1,1
eatoncoffee.ca,8,0,17,1
echovision.ae,8,0,1,1
ecofan.com.mx,8,0,17,1
ecomconversions.com,8,0,1,1
ecomintegrators.com,8,0,5,1
ecommerce.com.pk,8,0,1,1
ecommerceedu.com,8,0,97,1
ecomools.com,8,0,171,1
economyfactory.com,8,0,2,1
ecosolenergiasolar.com,8,0,17,1
edeka-ahrens.de,8,0,17,1
edencoffeehouse.co.uk,8,0,17,1
edenparkbrooklinlavvi.com.br,8,0,17,1
edifica-usa.com,8,0,17,1
edilbrentapavimenti.it,8,0,17,1
edustudio.org,8,0,2,1
edwsarchitects.co.uk,8,0,17,1
egsupport.com.ar,8,0,17,1
ekapl.com,8,0,27,1
ekdesigncanada.com,8,0,34,1
electrobytecorp.com,8,0,17,1
electroencefalografista.com,8,0,51,1
elev8d.com.au,8,0,1,1
elevateyourmind.life,8,0,17,1
elhelaltradingimp.com,8,0,34,1
elishevagronich.co.il,8,0,17,1
eliteweightmanagement.co.uk,8,0,17,1
eljarromex.com,8,0,17,1
elmtraining.com,8,0,17,1
elpasosushitime.com,8,0,17,1
elshahbndr.com,8,0,3,1
eminentdomainlaws.com,8,0,17,1
emmeasrl.it,8,0,17,1
emotionte.com,8,0,2,1
enpowerdrc.com,8,0,17,1
enviosnaya.com,8,0,34,1
eo247.com,8,0,48,1
epplastic.com,8,0,34,1
erber-agro.at,8,0,1,1
erickswebsdesign.com,8,0,1,1
erpconsultors.com,8,0,357,1
escobarodontologia.com,8,0,17,1
eshinaroma.com,8,0,5,1
esmatec.de,8,0,17,1
essentialshairdesign.com,8,0,17,1
ethiopiaeritrearpcv.org,8,0,17,1
etz-oren.co.il,8,0,34,1
eustisportablebuildings.com,8,0,17,1
evansrealestategroup.com,8,0,17,1
even-israel.co.il,8,0,17,1
eventstlv.co.il,8,0,17,1
everythinx.it,8,0,1,1
evolutionshop.se,8,0,17,1
evoratest.ro,8,0,17,1
ewaga.org,8,0,17,1
examenmedicolicenciairp.com,8,0,17,1
experity.com.au,8,0,34,1
expertowordpress.org,8,0,1,1
eyecareofblackfoot.com,8,0,17,1
facilitycoffee.us,8,0,51,1
factory-relocation.co.uk,8,0,13,1
faculdadefitec.com.br,8,0,17,1
facuminaseadoficial.com.br,8,0,17,1
fairduct.com,8,0,51,1
famenity.com,8,0,17,1
familiamiastenia.cl,8,0,17,1
familyhealingcenternj.com,8,0,34,1
fangs.com.tw,8,0,17,1
fapopedia.co.uk,8,0,1,1
farinalaw.com,8,0,17,1
fastestwebsite.net,8,0,3,1
fastloansinc.com,8,0,17,1
fatiena.com,8,0,1,1
faunatrhysobotka.cz,8,0,51,1
feerie.io,8,0,1,1
feestdagen-nl.nl,8,0,4,1
feriia.ir,8,0,1,1
feriman.com,8,0,6,1
fermettemedicalebibi.ca,8,0,17,1
fertvidaprime.com,8,0,17,1
fezconstructions.com.au,8,0,17,1
fiberoptic.com.pk,8,0,82,1
fibraservico.pt,8,0,1,1
fiftyfenchurch.com,8,0,17,1
fight4justice.com,8,0,9,1
filegarden.net,8,0,1,1
fincrm.com,8,0,3,1
find-wordpress-plugins.com,8,0,1,1
finding-freedom-ministries.com,8,0,17,1
fireflynewmedia.com,8,0,2,1
firstfittw.com,8,0,17,1
fiveringsacademy.com,8,0,17,1
flare-solar.co.uk,8,0,17,1
flavioweb.altervista.org,8,0,1,1
flcompres.com,8,0,2,1
floristkuningan.com,8,0,51,1
flowtechsystems.in,8,0,17,1
flugtransfer24.de,8,0,9,1
foglieditabacco.it,8,0,2,1
foilschoolnederland.nl,8,0,51,1
foremostcareers.com,8,0,17,1
foremostgroups.com.tw,8,0,17,1
forestdrivemontessori.com,8,0,17,1
formstyler.com,8,0,34,1
forpay.com.br,8,0,17,1
foundthisweek.com,8,0,6,1
fourdollar.pro,8,0,5,1
fourpawsvet.co.uk,8,0,17,1
foxblogging.com,8,0,2,1
franciscosaldivar.com.mx,8,0,17,1
fredoniapeanut.com,8,0,17,1
free-your-hair.com,8,0,2,1
freetemplates.pro,8,0,1,1
freewateraccountants.com.au,8,0,51,1
freshmindsfood.nl,8,0,17,1
freshmountainwater.ca,8,0,17,1
freyhealthservices.com,8,0,17,1
frontdeskreview.com,8,0,8,1
fryarortho.com,8,0,22,1
ftobuilders.com,8,0,17,1
fub.ag,8,0,51,1
fuhrhalterei-insel.de,8,0,1,1
fujijapan.ae,8,0,34,1
fullstacko.com,8,0,1,1
fultontrailers.com,8,0,17,1
fumiplusmty.com,8,0,17,1
fuzionliving.com,8,0,34,1
gadgets-n-tech.com,8,0,2,1
gamedaylgx.com,8,0,17,1
gameonsportsphotos.com,8,0,16,1
ganedenevent.com,8,0,17,1
garciacivil.com,8,0,17,1
gardenbay.com.au,8,0,17,1
garipiere.fr,8,0,2,1
gcclad.com,8,0,17,1
gebrjansen.com,8,0,2,1
gee-services.com,8,0,17,1
genotekbio.com,8,0,68,1
gentlefootcarecenter.com,8,0,17,1
germinlab.com.br,8,0,102,1
gethomeproject.id,8,0,17,1
getkillabug.com,8,0,17,1
getspace.co.in,8,0,1,1
getwindsurffit.com,8,0,11,1
gilad-ceramica.com,8,0,17,1
gilbertosales.com.br,8,0,1,1
gimnasia4u.co.il,8,0,17,1
ginecologachihuahua.com,8,0,1,1
giraffa.co.il,8,0,16,1
gnhcare.co.uk,8,0,17,1
goblackown.com,8,0,17,1
gohildyechem.com,8,0,17,1
golden-elements.co.il,8,0,17,1
goldpigtech.com,8,0,6,1
golf19academy.jp,8,0,3,1
gopave.ca,8,0,17,1
goros.jp,8,0,17,1
goshopping.fr,8,0,17,1
graffitibombing.com,8,0,17,1
grahamaluminium.com,8,0,17,1
grandtilehuahin.com,8,0,16,1
grasshopperlawnservices.com,8,0,17,1
grays.life,8,0,69,1
grazon.com.br,8,0,17,1
greatbritishlighting.co.uk,8,0,1,1
greatkcpetexpo.com,8,0,17,1
greatsisyphus.com,8,0,19,1
green-floor.co.il,8,0,17,1
greenerfield.com,8,0,51,1
greenglaze.co.uk,8,0,17,1
greenlakes.in,8,0,2,1
greenparkpartners.com,8,0,9,1
greenpointchildcare.com,8,0,17,1
greenworksrecycling.net,8,0,102,1
greggautobodyrepairs.com,8,0,17,1
greystonenz.co.nz,8,0,17,1
grillmasterscharleston.com,8,0,17,1
grupolatre.edu.pe,8,0,5,1
gsautohuolto.fi,8,0,51,1
gskonveksi.com,8,0,17,1
gtov.net,8,0,17,1
guarisemobili.it,8,0,17,1
gutterdone.ca,8,0,36,1
gyglobaltrade.com,8,0,17,1
gyleworks.com,8,0,17,1
gyroswimloop.com,8,0,16,1
ha-nativ.co.il,8,0,51,1
habersizseniz.com,8,0,27,1
haiju.hatenablog.com,8,0,2,1
hajjency.com,8,0,2,1
hamannandsons.com,8,0,17,1
hamiltonquarter.net,8,0,17,1
hamsgrill.com.br,8,0,17,1
hanksly.gr,8,0,17,1
hanksly.pt,8,0,17,1
hanksome.bg,8,0,17,1
hanyudigital.com,8,0,5,1
hardyshaulage.com.au,8,0,17,1
harikiri.diskstation.me,8,0,2,1
harithaniwahana.com,8,0,17,1
harrylau.com,8,0,2,1
haryanaupdate.com,8,0,16,1
hastingspcn.org,8,0,51,1
hawaiidesigngroup.com,8,0,16,1
hayleyrealestateteam.com,8,0,28,1
hazelgoodwinmillinery.co.uk,8,0,17,1
hcsdoh.net,8,0,9,1
healthcarealliance.com.au,8,0,17,1
healthgeorgina.ca,8,0,17,1
heartlandticket.com,8,0,2,1
hebammelydidue.de,8,0,17,1
hedinc.com,8,0,17,1
heerkens.nl,8,0,17,1
helligdage-dk.dk,8,0,3,1
hellogorgeousclinics.nl,8,0,17,1
helpinghandsclinic.info,8,0,17,1
hemispheresinsights.com,8,0,9,1
herberthouse.ie,8,0,17,1
herbika.life,8,0,17,1
herelaef.nl,8,0,17,1
herohost.net,8,0,1,1
hexin-pawnshop.com,8,0,17,1
hi-blanche.com,8,0,17,1
hindibuddy.com,8,0,3,1
hirefast.it,8,0,1,1
historicwallacephotomuseum.org,8,0,17,1
hiyaja.com,8,0,1,1
hjeliteacademy.co.nz,8,0,17,1
hmcknives.com,8,0,17,1
hnamu.com,8,0,1,1
hogarcaninoparqueboadilla.com,8,0,17,1
holysandwichshop.com,8,0,17,1
home-dental.com,8,0,17,1
homeopatiaintegral.com,8,0,17,1
homesbywelkin.com,8,0,17,1
homeservicesmarketing.ca,8,0,1,1
homeservicesplus.us,8,0,17,1
hondasemabokmelaka.com.my,8,0,17,1
honoree.fr,8,0,34,1
hopinglab.com,8,0,17,1
hostingarabi.com,8,0,2,1
hostingteacher.com,8,0,14,1
hostnats.com,8,0,3,1
hotel-antonella.it,8,0,17,1
hotel41bucharest.ro,8,0,17,1
hotpropertyfinder.ai,8,0,17,1
howtousethephoenix.com,8,0,17,1
howzitmediamarketing.com,8,0,1,1
hranice-online.cz,8,0,1,1
hrapts.com,8,0,17,1
hrdesign-inc.com,8,0,51,1
hringbrot.is,8,0,1,1
hrma.co.uk,8,0,51,1
hsm-solicitors.co.uk,8,0,17,1
httrailers.com,8,0,9,1
hughesglazing.com,8,0,34,1
huidstudiozuiver.nl,8,0,17,1
huisstunt.nl,8,0,12,1
hulahalauokamuela.com,8,0,17,1
humeinph.org,8,0,17,1
hungrydata.com.au,8,0,17,1
hydro-complex.com.pl,8,0,1,1
hyview.com,8,0,1,1
i-time.jp,8,0,2,1
i35selfstorage.com,8,0,17,1
iamshoppist.com,8,0,1,1
ibakwt.org,8,0,17,1
icountmethod.com,8,0,17,1
idcspy.org,8,0,7,1
idealinsuranceagencynj.com,8,0,17,1
ideaspot.com.au,8,0,2,1
idlebread.com,8,0,1,1
ignitefitnessdevelopment.com,8,0,17,1
ihabexpress.com,8,0,8,1
ihl.co.nz,8,0,17,1
ikaaf.net,8,0,17,1
ikigai.mx,8,0,17,1
iktechn.com,8,0,18,1
ikukaroom.com,8,0,2,1
imad.in,8,0,1,1
imageplus.be,8,0,1,1
imdtfl.com,8,0,17,1
imexmed.com.gt,8,0,17,1
imisas.com.co,8,0,17,1
imjanehsieh.com,8,0,13,1
immobiliaresermide.it,8,0,36,1
impactpc2b.fr,8,0,1,1
incredibleconventions.com,8,0,68,1
indaiacaixas.com.br,8,0,17,1
indianeducircle.com,8,0,41,1
indigocirclesc.com,8,0,68,1
indonesiapoolsresult.com,8,0,17,1
infamousbarberstudio.com,8,0,17,1
infinity8.co.il,8,0,17,1
infipereira.gov.co,8,0,14,1
infjblanc.com,8,0,25,1
infopressbeat.com,8,0,1,1
information-net.com,8,0,2,1
ingeschrauwen.nl,8,0,17,1
inhomesgh.com,8,0,215,1
innover.cloud,8,0,68,1
insiteseo.com,8,0,1,1
inspireacademia.com.br,8,0,17,1
inspiredkitchensandjoinery.com.au,8,0,16,1
instaprotwo.com,8,0,17,1
integritytree.ca,8,0,1,1
intentwire.com,8,0,1,1
internetier.com,8,0,19,1
ip2whois.ru,8,0,2,1
ipainfree.com,8,0,34,1
ipwatch.co.kr,8,0,2,1
irrigacionmonterrey.com.mx,8,0,17,1
is-kur.com.tr,8,0,17,1
isabellafragaboleria.com,8,0,17,1
isabellagruber.at,8,0,1,1
isushiristorante.com,8,0,17,1
itamatamirimparque.com.br,8,0,17,1
itc-oman.com,8,0,17,1
itgit.co.kr,8,0,274,1
itmart24.com,8,0,9,1
itsik-wood.com,8,0,17,1
ityres.com,8,0,17,1
iwordpower.com,8,0,3,1
izzysbarbers.co.uk,8,0,17,1
jacksonvilleportablebuildings.com,8,0,17,1
jacob-cb.co.il,8,0,17,1
jagspizza.com,8,0,17,1
jamietheelectrician.com,8,0,17,1
jamjaraberdeen.com,8,0,17,1
janssenpartyverhuur.nl,8,0,34,1
jardinsuizo.cl,8,0,2,1
jassweb.com,8,0,2,1
jayaabadiexpress.id,8,0,17,1
jenniferberube.com,8,0,2,1
jerkantingz.com,8,0,17,1
jianweilab.com,8,0,17,1
jisikup.com,8,0,1,1
jmoveisescritorio.com.br,8,0,34,1
jobsai.co.il,8,0,17,1
joffreytower.com,8,0,17,1
jofull.com.tw,8,0,51,1
johannes.nl,8,0,17,1
johnheffleyplumbing.com,8,0,17,1
joinaurorafire.com,8,0,17,1
joinpslpolice.com,8,0,17,1
joinsanjoaquincounty.com,8,0,17,1
joinsonorapd.com,8,0,17,1
jonessealants.com,8,0,17,1
joserodriguezinmob.com.ar,8,0,1,1
jr.agency,8,0,1,1
jrscustomcabinets.com,8,0,17,1
jskdistribution.com,8,0,34,1
jterreu.com,8,0,17,1
jumprope.cc,8,0,2,1
jumpseller.in,8,0,1,1
juns-life.tistory.com,8,0,1,1
justinspremiershedsales.com,8,0,17,1
jyotishdham.in,8,0,68,1
kaart4you.nl,8,0,17,1
kadeclubhuis.nl,8,0,17,1
kairiskulma.fi,8,0,17,1
kalemizi.com.tr,8,0,1,1
kalender-nederland.nl,8,0,4,1
kalesjemannen.no,8,0,17,1
kaliyathaispa.com,8,0,17,1
karenslaw.com,8,0,17,1
kargafacil.com.br,8,0,17,1
kartiv.co.il,8,0,1,1
kasiakeenan.com,8,0,1,1
kaweraueng.co.nz,8,0,17,1
kbconsulting.be,8,0,1,1
kcrpros.com,8,0,17,1
keencomputer.com,8,0,6,1
keepseversafe.com,8,0,17,1
kehorne.digital,8,0,44,1
kelcyspoetry.com,8,0,3,1
kellerhousebb.com,8,0,17,1
kensingtongatewatches.co.uk,8,0,17,1
kenyo.co.th,8,0,34,1
kepubizni.lt,8,0,3,1
keslon.net,8,0,1,1
keswinpublishing.com,8,0,9,1
kettencorp.com,8,0,3,1
kews.cz,8,0,56,1
keyspace.work,8,0,17,1
khaweb.vn,8,0,1,1
khctw.com,8,0,17,1
kickoff.travel,8,0,2,1
kidz.cab,8,0,17,1
kilotrainedwaverly.com,8,0,17,1
kimportexport.com.br,8,0,34,1
kingsbridgess.com,8,0,17,1
kingsfoods.com.sg,8,0,17,1
kingsleychiro.com,8,0,17,1
kingut.com,8,0,17,1
kintonpharmacy.com,8,0,17,1
kissforest.com,8,0,17,1
kitaadmin.com,8,0,1,1
kiwieducare.kiwi,8,0,17,1
kkmhealthcare.com,8,0,17,1
kkopitea.com,8,0,17,1
kmurrayandson.com,8,0,34,1
knightagency.com.au,8,0,1,1
know-bee.com,8,0,3,1
knowhowlab.co.kr,8,0,1,1
kohalapacificrealty.com,8,0,17,1
kojiballet.com,8,0,1,1
kootenayhotsprings.com,8,0,2,1
korum.io,8,0,51,1
kostenkozijnen.nl,8,0,17,1
krakowconstructions.com.au,8,0,51,1
kreedly.com,8,0,4,1
kriptokereso.com,8,0,1,1
ks-studio.be,8,0,17,1
kubadzikowski.com,8,0,1,1
kula3.hr,8,0,17,1
kunjudit.hu,8,0,18,1
kup.com.tr,8,0,2,1
kurvinvauhti.com,8,0,17,1
kxp.as,8,0,17,1
kythuatin.com,8,0,67,1
labadiecherie.com,8,0,17,1
labvit.com.br,8,0,17,1
lacorteagricola.it,8,0,17,1
ladyflor.ru,8,0,1,1
laegechristiansfeld.dk,8,0,17,1
laegeesbjerg.dk,8,0,17,1
laegehedensted.dk,8,0,17,1
laegehorsens.dk,8,0,17,1
laegekolding.dk,8,0,17,1
laegenakskov.dk,8,0,17,1
laegenykobingfalster.dk,8,0,17,1
laegeranders.dk,8,0,17,1
laegestege.dk,8,0,17,1
lagardeamis.ca,8,0,17,1
lakelandspinecenter.com,8,0,38,1
lakeside.healthcare,8,0,17,1
lamontemarzina.it,8,0,17,1
landmarklandclearing.com,8,0,17,1
langillehouse.ca,8,0,2,1
lankoetxe.com,8,0,17,1
lansingengineering.com,8,0,17,1
lansky.dk,8,0,1,1
laravel-school.com,8,0,3,1
lasergamecremonese.it,8,0,17,1
latinowebstudio.com,8,0,2,1
laziobasket.it,8,0,17,1
leadersunoco.com,8,0,1,1
learnhubafrica.org,8,0,1,1
leedsgin.com,8,0,17,1
legacychurchai.org,8,0,17,1
legacyestatesalesmh.com,8,0,34,1
legalgo.id,8,0,17,1
leonpharm.com,8,0,17,1
lesprom.org,8,0,3,1
letrascriativas.com,8,0,1,1
leukartimmobilienverwaltung.de,8,0,1,1
levelutionsports.com,8,0,50,1
lexingtonpg.com,8,0,17,1
lhageek.com,8,0,3,1
libertytrustee.com,8,0,17,1
lifeeservices.com,8,0,17,1
lifesavingkzn.org.za,8,0,17,1
lifeshare.community,8,0,17,1
lifestylehomesanddevelopments.co.uk,8,0,17,1
lihiwebsite.com,8,0,138,1
likangstore.com,8,0,17,1
lillenordmann.no,8,0,1,1
lindbergscoveresort.com,8,0,17,1
linrenching.net,8,0,2,1
linxpittsburgh.com,8,0,17,1
little6llc.com,8,0,1,1
littleenglishfilm.com,8,0,17,1
livblk.com,8,0,17,1
livegot.com,8,0,2,1
livingarden.com.tw,8,0,17,1
livingoffcloud.com,8,0,1,1
livinlyfemarketing.com,8,0,1,1
local-warehouses.com,8,0,85,1
lodjouadetoueno.it,8,0,17,1
logoskaipraxi.edu.gr,8,0,17,1
lojaspisocenter.com.br,8,0,17,1
lollipopschool.com,8,0,17,1
londonprintcentre.co.uk,8,0,17,1
lookhin4.com,8,0,1,1
loudscale.com,8,0,1,1
lovena.garden,8,0,17,1
lowerkingswoodbc.org.uk,8,0,17,1
lsvicente.com.br,8,0,17,1
lukebrennan.co.uk,8,0,1,1
luxuryescapes.online,8,0,123,1
luxuryexoticcarrentalshuntingtonbeach.com,8,0,11,1
lymphaticclinic.com.au,8,0,17,1
macombeyecarespecialists.com,8,0,17,1
macosalesofwarnerrobins.com,8,0,17,1
macroter.com,8,0,4,1
madeirahelp.pt,8,0,1,1
madeireiraaripuana.com.br,8,0,17,1
madniacademy.org,8,0,1,1
maestroexperto.cl,8,0,16,1
mafa-co.com,8,0,17,1
mag.com.jo,8,0,2,1
magnoliaelopementsgvl.com,8,0,17,1
magnoliapt.com,8,0,17,1
magsaysayinsurance.com,8,0,34,1
maistralitavern.gr,8,0,17,1
majinoukari.com,8,0,1,1
majoraccident.co.uk,8,0,17,1
makewebsites.tw,8,0,2,1
makihouseakron.com,8,0,51,1
maldives-residence.com,8,0,17,1
mallgiftcard.com.cy,8,0,17,1
managedituk.co.uk,8,0,2,1
manchesterspiritualistcentre.org.uk,8,0,17,1
manisula.fr,8,0,17,1
mannfoodco.co.uk,8,0,1,1
manorgolf.ca,8,0,17,1
mansfield10k.com,8,0,17,1
mansion-one.com,8,0,17,1
manzousa.com,8,0,39,1
maplecrestimmigration.com,8,0,17,1
mapleleafbakery.ca,8,0,17,1
maraspiezimes.lv,8,0,17,1
marclandolt.ch,8,0,2,1
marclhouse.org,8,0,17,1
marek.pl,8,0,17,1
mariontilecompany.com,8,0,17,1
marketingflavor.com,8,0,1,1
marketingmedia.com.au,8,0,2,1
markhamcentralsquare.com,8,0,17,1
marohr.kr,8,0,1,1
marqavs.com,8,0,1,1
marstrellautoparts.com,8,0,17,1
martinwaterlabs.com,8,0,17,1
marvelsprings.com,8,0,17,1
masdeboutonnet.fr,8,0,17,1
maskeley.com,8,0,2,1
matgarwp.com,8,0,6,1
matlockfireworks.com,8,0,20,1
matthiasoberholzer.com,8,0,1,1
maveninsurance.com.au,8,0,17,1
maximum-media.co.il,8,0,12,1
maxionresearch.com,8,0,41,1
mazu-restaurant.co.uk,8,0,34,1
mazzarotto.com.br,8,0,17,1
mcgowans-tkd.com,8,0,17,1
mcintoshoil.com,8,0,17,1
mckerchercorporation.com,8,0,1,1
mcw-access.com.au,8,0,17,1
mds.med.sa,8,0,102,1
medicabiella.it,8,0,17,1
megaetiquetas.com.br,8,0,17,1
mekumatramey.com,8,0,1,1
mentaliteit.be,8,0,17,1
mercury-electric.com,8,0,17,1
mesaquemota.com.br,8,0,147,1
mesimot.com,8,0,17,1
metairiemartialarts.com,8,0,17,1
mgdinternational.com,8,0,34,1
micahsanderssilva.com,8,0,17,1
mickelsenconstruction.com,8,0,17,1
mighty.church,8,0,17,1
miltonsoccercanada.ca,8,0,17,1
mindsofenterprise.com,8,0,1,1
minervastatisticalconsulting.com,8,0,17,1
minilessons.org,8,0,1,1
minkcosmetictattooing.com.au,8,0,17,1
minoshop.net,8,0,17,1
mirajadesign.com,8,0,3,1
mirarosenfeld.co.il,8,0,4,1
mischacommunications.com,8,0,1,1
missioncoaching.in,8,0,1,1
missionplazapharmacy.com,8,0,17,1
mitchbarbershop.com,8,0,17,1
mli-co.com.hk,8,0,17,1
mmmpha.com,8,0,4,1
mobellex.de,8,0,3664,1
mocochoco.com,8,0,17,1
modcastagency.com,8,0,17,1
mokdol.com,8,0,3,1
molinodebatan.com,8,0,1,1
monacc.ca,8,0,1,1
monetizatuvivienda.com,8,0,17,1
montfort.tv,8,0,68,1
moorecontractinginnovations.com,8,0,17,1
moqef.ma,8,0,17,1
morethansheds.com,8,0,17,1
mothertouchmassage.com.au,8,0,17,1
motorleafsprings.com,8,0,18,1
motteandfig.co.uk,8,0,17,1
mountainhighweddings.com,8,0,16,1
mousseaulaw.com,8,0,3,1
moveacademy.nl,8,0,32,1
movicampobelo.com.br,8,0,17,1
mp3forge.com,8,0,10,1
mpowerpilatesfitness.com,8,0,32,1
mpteethwhitening.com.au,8,0,17,1
mr247.com.au,8,0,1,1
mra-construction.com,8,0,17,1
mrbuzzy.net,8,0,17,1
mrprogrammer.in,8,0,4,1
mrslia.com,8,0,1,1
mshrclean.co.il,8,0,17,1
msochile.com,8,0,17,1
mtzschools.com,8,0,2,1
mundosurparcelas.cl,8,0,17,1
murrellsinletliquorstore.com,8,0,17,1
muser-company.com,8,0,17,1
museruolepercanidatartufi.com,8,0,17,1
musicgoldencircle.com,8,0,2,1
mvrayurveda.com,8,0,17,1
mybrightdoor.com,8,0,51,1
mycus-tom.com,8,0,1,1
myds.cloud,8,0,1,1
myfirstwebsite.com,8,0,1,1
mygeschenkgutscheine.de,8,0,1,1
myhalobenefits.com,8,0,51,1
myjewelryworkshop.com,8,0,51,1
mylocksmithcentennial.com,8,0,17,1
myradiologyclinic.com.au,8,0,17,1
mytip.co.il,8,0,4,1
myviptuto.com,8,0,1,1
nakib4tech.com,8,0,83,1
nami-uk.com,8,0,85,1
nancyhancock-cullen.com,8,0,17,1
nanumpress.com,8,0,3,1
naos.studio,8,0,1,1
nationalhealthcarecenter.com,8,0,41,1
naturistravel.us,8,0,9,1
navegacolombia.com,8,0,51,1
nea-imoveis.com,8,0,17,1
nebulatechnologies.com,8,0,17,1
nelsonbros.com,8,0,17,1
neonsolns.com,8,0,17,1
nestonaddison.com,8,0,17,1
netdesign.media,8,0,10,1
newbeat.com.mx,8,0,17,1
newcastleschooluk.com,8,0,17,1
newcopowertools.co.za,8,0,17,1
newdelhigbg.se,8,0,17,1
newelectricaltechnology.com,8,0,17,1
newsflashburst.com,8,0,29,1
nextcommit.careers,8,0,2,1
nextdoortitle.com,8,0,34,1
nhlogcabinhomes.com,8,0,17,1
nicholasobrien.com.au,8,0,1,1
nickagas.com,8,0,7,1
nigelkonstam.com,8,0,4,1
niktronk.com,8,0,39,1
nimrodvendeghaz.hu,8,0,1,1
noistudiochile.com,8,0,17,1
nordicvarmepumpe.no,8,0,51,1
nordzones.com,8,0,25,1
northernconcreterepair.ca,8,0,17,1
notonlyblogger.com,8,0,2,1
novoarkitekter.no,8,0,12,1
nqautocare.com.au,8,0,17,1
nsnelectrical.com.au,8,0,34,1
nullam.com.br,8,0,17,1
nunoalexandre.com,8,0,1,1
nuritroth.co.il,8,0,17,1
nutswp.com,8,0,2063,1
nutz.pro,8,0,2,1
oaktitle.com,8,0,34,1
oatsafrica.com,8,0,3,1
oba.london,8,0,17,1
objectif-affiliation.com,8,0,1,1
obrienmaterialhandling.com,8,0,17,1
oceanpearlfoodllc.com,8,0,17,1
ofertazileionline.com,8,0,17,1
officialadavox.com,8,0,17,1
oklahomatrailersales.com,8,0,17,1
ommatrestaurant.no,8,0,41,1
onanysunday50th.com,8,0,17,1
oneapplefall.com,8,0,1,1
onedayquiz.com,8,0,1,1
onlan.net,8,0,34,1
onlineconsultation.co.uk,8,0,17,1
ooorito.com,8,0,1,1
opselfstorage.com,8,0,17,1
optiglass-software.com,8,0,17,1
opusprint.com.mx,8,0,1,1
orchidavenuetw.com,8,0,17,1
originalvideoreviews.com,8,0,2,1
orionet.nz,8,0,11,1
ortodoncjaspecjalistyczna.pl,8,0,17,1
osiltec.com,8,0,1,1
osiriusgroup.com,8,0,17,1
ostbasketballnj.com,8,0,17,1
osteopathymagazine.com,8,0,1,1
osteriamama.it,8,0,34,1
ourcba.org,8,0,17,1
overheaddoorcompanyofpocatello.com,8,0,16,1
overlookinnandcabins.com,8,0,2,1
ozoneair.nl,8,0,17,1
ozzysautorepair.com,8,0,17,1
padelventurina.it,8,0,34,1
painlesspeachpaincare.com,8,0,17,1
paisleyliang.com,8,0,2,1
pantoneprint.com,8,0,17,1
pap-autotrading.com,8,0,17,1
par3ga.com,8,0,17,1
paramountmassageutah.com,8,0,17,1
paranalogistica.com.ar,8,0,17,1
parenttaught101.com,8,0,17,1
parkstorego.com,8,0,17,1
partycenterrentals.com,8,0,16,1
pathwaysreflexology.ie,8,0,17,1
patrioticdistributors.com,8,0,1,1
paul-automobile.fr,8,0,17,1
paulandsons.co.uk,8,0,17,1
pbnlinks.agency,8,0,1,1
pctravelservice.com,8,0,17,1
peacefulmaple.com,8,0,1,1
peacottage.co.uk,8,0,17,1
peculiaryogi.com,8,0,3,1
pepeyellow-sushi.com,8,0,17,1
perc.buzz,8,0,1,1
peregrinewood.com,8,0,17,1
perfecthomecarecorp.net,8,0,17,1
perfileled.com.br,8,0,17,1
performanceenergy.ca,8,0,17,1
persaper.it,8,0,1,1
persiaranda.com,8,0,17,1
petroplexproperties.com,8,0,17,1
pfg.com.au,8,0,119,1
phloxhealth.com,8,0,17,1
phoenixaquatics.com,8,0,17,1
phone-xtra.co.uk,8,0,17,1
phoneisland.it,8,0,17,1
piccostraps.com,8,0,34,1
pickleballogist.com,8,0,7,1
pilates-mind.com,8,0,17,1
pinoyhelper.com,8,0,4,1
pixelperfect.hu,8,0,2,1
pixelsols.com,8,0,2,1
pixolab.com.mx,8,0,16,1
pizzaprompt.com,8,0,2,1
pizzarius.es,8,0,2,1
pjibali.com,8,0,17,1
pkbimmigrationlaw.com,8,0,2,1
plais.se,8,0,17,1
plasterart.co.nz,8,0,17,1
plasticfreediary.com,8,0,17,1
platinumdevelopers.com,8,0,17,1
plisoude.ca,8,0,1,1
plowsupply.ca,8,0,17,1
plugintheme.in,8,0,1,1
plutex.be,8,0,1,1
plutuss.com.au,8,0,17,1
pmhvaccorp.com,8,0,19,1
pneuspintopinto.com,8,0,34,1
pochilun.com,8,0,17,1
pogusa.com,8,0,17,1
polczfood.com,8,0,1,1
polczfood.pl,8,0,1,1
policywoke.com,8,0,1,1
poolbuddypoolcleaner.com,8,0,17,1
poppyz.nl,8,0,1,1
portalurubici.com.br,8,0,3,1
portosolviaggi.it,8,0,17,1
possocompany.com,8,0,136,1
powerdaycare.com,8,0,17,1
pranala.asia,8,0,1,1
pravinzende.co.in,8,0,1,1
praxis-brammer.de,8,0,17,1
precisewolf.com,8,0,2,1
prem-constructions.com,8,0,1,1
premiermasterthatchers.co.uk,8,0,68,1
prescottradiologists.com,8,0,17,1
prescribingnature.com.au,8,0,17,1
presticebdt.com,8,0,12,1
prettywp.com,8,0,2,1
primaprojects.co.nz,8,0,16,1
primejunkremoval.com,8,0,17,1
primetowerapartmentsouthjakarta.co,8,0,17,1
prisma.org.cn,8,0,1,1
privatelabelbathsalts.com,8,0,1,1
proactivemktg.com,8,0,17,1
proceed-property.co.uk,8,0,17,1
proctorlandscapesupply.com,8,0,17,1
productland.co.il,8,0,2,1
productsafet.com,8,0,20,1
profissionalwp.dev.br,8,0,1,1
proinsight.ca,8,0,1,1
prologuerecruit.org,8,0,17,1
promueverd.com,8,0,1,1
property-one.net,8,0,17,1
protoolgids.nl,8,0,14,1
psflf.org,8,0,17,1
psth888s.com,8,0,34,1
pugetsoundbeverage.com,8,0,68,1
pumpwright.com,8,0,17,1
punewebsitedesigns.com,8,0,1,1
puraandalex.com,8,0,17,1
pureaudiocentre.ca,8,0,17,1
pureperfection.nl,8,0,17,1
purezza.ru,8,0,3,1
purocigarbar.com,8,0,17,1
pwtyler.com,8,0,9,1
qdos.co.za,8,0,68,1
qmiwi.com,8,0,17,1
queenstownnaturopathy.co.nz,8,0,27,1
racetech.com.tw,8,0,17,1
rackinspector.com.au,8,0,17,1
raguellaw.com,8,0,17,1
rainbowlighthousekindy.com,8,0,17,1
rajasyahiran.com,8,0,17,1
rajyoggroup.com,8,0,96,1
ramberk.com,8,0,1,1
ramblas-center.co.il,8,0,17,1
rapid-tech.co.uk,8,0,17,1
raremichigangenetics.com,8,0,17,1
ratingkey.com,8,3,0,1
rbsnj.com,8,0,17,1
rdesignandprinting.com,8,0,17,1
readingsbyjamie.com,8,0,17,1
reddeerlimos.com,8,0,17,1
redeeminglegacy.com,8,0,17,1
redintegral.com.mx,8,0,34,1
rediprint.com,8,0,17,1
redmond.ai,8,0,17,1
reecediesel.com.au,8,0,17,1
reedstowing.com,8,0,17,1
refit-hofstade.be,8,0,17,1
regalkitchens.com,8,0,17,1
rekimanempilhadeiras.com.br,8,0,17,1
reliable.world,8,0,17,1
remoteaccesssales2.com,8,0,16,1
rensselaerhousing.org,8,0,17,1
repoutah.com,8,0,17,1
repy.online,8,0,17,1
rescribe.io,8,0,10,1
resulife.com,8,0,17,1
revivaltabfremont.com,8,0,17,1
reynoldsburgchiropractic.com,8,0,17,1
riabanerjee.com,8,0,17,1
richardowensopticians.com,8,0,17,1
rightchoicepaintingidaho.com,8,0,119,1
rishiandassociates.com,8,0,17,1
rivaridgeassistedliving.com,8,0,51,1
riverbendaptsa.com,8,0,17,1
riversidedentalgroup.ca,8,0,18,1
rmworthy.com,8,0,17,1
robinsonestates.net,8,0,17,1
rocarusa.com,8,0,23,1
rockymountainprestain.com,8,0,51,1
roitmanabogados.com.ar,8,0,17,1
roketindia.com,8,0,17,1
rolloffdumpsterftlauderdale.com,8,0,17,1
roofdogspringfield.com,8,0,17,1
rooffixer.com.au,8,0,17,1
rose-melin.com,8,0,17,1
rosebaycampsite.co.uk,8,0,17,1
rosefloristpurwokerto.com,8,0,17,1
roxiehristev.com,8,0,28,1
royalcrowngames.com,8,0,17,1
royaldentalcare.pk,8,0,1,1
royalimperialhotel.com,8,0,17,1
royalsoftskillscampus.com,8,0,17,1
rubbermaidcommercial.com.my,8,0,17,1
rubenrendon.com,8,0,1,1
salefa.st,8,0,7,1
salmahogar.com,8,0,2,1
salonienterprise.in,8,0,17,1
saluddental.la,8,0,17,1
salvo.cz,8,0,17,1
samuiorchidtheoceanresort.com,8,0,17,1
sandpainters.hk,8,0,17,1
sanfranciscoesthetics.com,8,0,17,1
sansiparty.nl,8,0,17,1
saojoaquimconnect.com.br,8,0,9,1
sasiep.com,8,0,14,1
savingheist.com,8,0,2,1
sbepl.in,8,0,1,1
sbsaccounting.com.my,8,0,17,1
schalke04.cz,8,0,36,1
schellinckortho.com,8,0,17,1
schoolvakanties-nl.nl,8,0,5,1
schrammek.co.il,8,0,17,1
schulferien-at.at,8,0,2,1
scooplinking.com,8,0,31,1
scoopyreviews.com,8,0,1,1
scorerevive.com,8,0,1,1
scottssheetmetal.com,8,0,9,1
seanlang.co.uk,8,0,6,1
searchhotels.in,8,0,1,1
semkush.com,8,0,15,1
senseiolano.edu.pe,8,0,5,1
sentinel-vaults.com,8,0,34,1
seoelinks.com,8,0,36,1
seofocuspoint.com,8,0,1,1
seopanda.ai,8,0,51,1
seorankking.de,8,0,1,1
seosuccor.com,8,0,1,1
sewalaptopdanprinterznr.com,8,0,17,1
sgelectricalsurrey.co.uk,8,0,17,1
shadybayrvpark.ca,8,0,34,1
shalepower.org,8,0,10480,1
sharongreer.com,8,0,17,1
shawarmahouse.jp,8,0,17,1
shedmoversofetx.com,8,0,17,1
shedrepairexperts.com,8,0,17,1
shedsofalliance.com,8,0,17,1
shedsofamarillo.com,8,0,17,1
shedsofaugusta.com,8,0,17,1
shedsofbridgeport.com,8,0,17,1
shedsofchatsworth.com,8,0,17,1
shedsofcrestview.com,8,0,17,1
shedsofdouglasville.com,8,0,17,1
shedsofdumas.com,8,0,17,1
shedsoffulton.com,8,0,17,1
shedsofgadsden.com,8,0,17,1
shedsofgallipolis.com,8,0,17,1
shedsofhenagar.com,8,0,17,1
shedsofhendersonville.com,8,0,17,1
shedsoflynchburg.com,8,0,17,1
shedsofmidland.com,8,0,17,1
shedsofmission.com,8,0,17,1
shedsofnewport.com,8,0,17,1
shedsofpanamacity.com,8,0,17,1
shedsofparsons.com,8,0,17,1
shedsofroanoke.com,8,0,17,1
shedsofstilwell.com,8,0,17,1
shedsofwinfield.com,8,0,17,1
shelbox.co.il,8,0,17,1
shipeasy.tech,8,0,1,1
shopitek.com,8,0,3,1
shopspring.kr,8,0,6,1
signalmountainfamilydentistry.com,8,0,17,1
signvision.com.au,8,0,17,1
silentmedia.co.uk,8,0,1,1
simfamilydental.com,8,0,17,1
simonorsi.hu,8,0,85,1
simplycrantock.co.uk,8,0,16,1
sinbidays.com,8,0,1,1
skane-pizzeria.se,8,0,17,1
skff.no,8,0,17,1
skinplus.co.nz,8,0,10,1
skytransfer.com.hk,8,0,17,1
slaterspellets.com,8,0,9,1
smartfluid.cl,8,0,17,1
smartystudio.co.uk,8,0,1,1
smilemasters.com,8,0,49,1
snydersportablebuildings.com,8,0,17,1
sobeautiful.fr,8,0,17,1
soberanotransporte.com.br,8,0,17,1
sociconta.pt,8,0,8,1
solicitorswebsites.ie,8,0,1,1
solutiontutorials.com,8,0,1,1
somiebeauty.com,8,0,17,1
songbird0323.com,8,0,17,1
sonsoa.co.uk,8,0,1,1
sorali.co.za,8,0,17,1
soul-bylago.co.il,8,0,17,1
soulfirestudios.es,8,0,1,1
southfloridamilling.com,8,0,17,1
southparkselfstorage.com,8,0,17,1
southtexascement.com,8,0,51,1
southtours.com,8,0,17,1
southwestsaw.com,8,0,22,1
souvenirsart.com,8,0,68,1
specialisedaccessandscaffolding.com.au,8,0,17,1
specialtychiropractic.com,8,0,17,1
spectrumbuildingenvelopes.co.uk,8,0,1,1
speedymikes.com,8,0,17,1
spevka.com,8,0,1,1
spmc.eu,8,0,68,1
sport-franchise.co.uk,8,0,17,1
sprayfoampei.ca,8,0,17,1
springys.com.au,8,0,17,1
sprithomecareohio.com,8,0,41,1
spyingbee.com,8,0,8439,1
sqbconsulting.uz,8,0,41,1
srcsecuritysystems.co.uk,8,0,17,1
srikanthdigitalworks.in,8,0,1,1
sritgroup.com,8,0,1,1
srl-emmebi.it,8,0,17,1
stampsplus.com.au,8,0,51,1
standardcomplex.com,8,0,17,1
stanglsoft.at,8,0,1,1
starockgroup.com,8,0,17,1
startupcheckr.com,8,0,1,1
starzdanceschool.com,8,0,17,1
sterlingcounsel.com,8,0,16,1
stevenlitton.com,8,0,5,1
stichtingweteringschans.nl,8,0,17,1
stinsonscountrystylemeats.com,8,0,17,1
stjosephspastoralcentre.com,8,0,17,1
stockheyu.com,8,0,1,1
storetoolskit.com,8,0,2,1
storit.ca,8,0,1,1
stoxeuw.gr,8,0,81,1
streetshvac.com,8,0,17,1
streetzhibachi.com,8,0,17,1
strohecker.com,8,0,34,1
studiocitysports.com,8,0,16,1
stupidstudio-hk.com,8,0,1,1
summitdigital.com.au,8,0,1,1
summitptclinic.com,8,0,17,1
sumpterelectric.com,8,0,17,1
sundakreatif.com,8,0,21,1
sunlightcovers.com,8,0,17,1
sunriseapthomes.com,8,0,1,1
sunserver.in,8,0,10,1
sunshine-marine.com.tw,8,0,17,1
sunshinegardensresort.com.au,8,0,51,1
suntime.gr,8,0,3,1
supercleanproperty.com,8,0,17,1
superhealthyme.co.uk,8,0,17,1
supersavingcoupons.com,8,0,17,1
supplity.com,8,0,779488,1
supportcrm.com,8,0,2,1
surekha.co.in,8,0,1,1
surgeprobaseball.com,8,0,2,1
susuthechen.com,8,0,2,1
swbp.com,8,0,17,1
sweetbotanics.com.au,8,0,17,1
sweetfitnesskickboxing.com,8,0,51,1
swtbuilding.co.nz,8,0,17,1
syddanskzoneterapi.dk,8,0,1,1
sysgenoutsource.com,8,0,17,1
szybkicar.pl,8,0,1,1
szybkipay.pl,8,0,1,1
takeoversrl.it,8,0,34,1
takocleantech.com,8,0,17,1
tampataxi.cab,8,0,17,1
taroaox.com,8,0,17,1
tarunhindi.com,8,0,1,1
tbilisiyouthorchestra.ge,8,0,1,1
tccgp.org,8,0,17,1
teamlawyers.com,8,0,17,1
tech-in-japan.github.io,8,0,1,1
techaj.com,8,0,1,1
techinfoes.net,8,0,1,1
techmadar.com,8,0,1,1
technology360.in,8,0,1,1
techshiba.com,8,0,105,1
techvise.pk,8,0,3,1
techwaiz.co.il,8,0,5,1
tecnosa.com.co,8,0,17,1
tedsnote.com,8,0,4,1
teghouston.com,8,0,17,1
testado.si,8,0,6,1
thainoodle.co.nz,8,0,9,1
thaizeninternationalmadrid.com,8,0,17,1
thamybrinquedosinflaveis.com,8,0,17,1
the-twins.co.il,8,0,17,1
the12point.net,8,0,17,1
thecarrolltondentist.com,8,0,6519,1
thecavehypeaz.com,8,0,17,1
thecornermarket.com,8,0,17,1
thedayafter.co.il,8,0,17,1
thedealmonk.com,8,0,7,1
thedosefitness.com,8,0,17,1
theenchantedretreat.nz,8,0,17,1
theflowerhousebournemouth.com,8,0,17,1
thegrangeholidays.co.uk,8,0,17,1
theheimatgroup.com,8,0,17,1
thelakshmibuilders.com,8,0,17,1
thelawschooledge.com,8,0,17,1
thelundell.com,8,0,17,1
themagnoliaroomdecatur.com,8,0,5,1
themantrix.com,8,0,1,1
theodapp.com,8,0,1,1
theosdining.com,8,0,17,1
thephotostory.in,8,0,17,1
theraahatfoundation.com,8,0,17,1
theresourcelist.com,8,0,2,1
thesaginawdentist.com,8,0,17,1
thesregroup.com,8,0,17,1
thesufitarot.com,8,0,17,1
thevillagelocksmiths.com,8,0,8,1
thewahman.com,8,0,3,1
thewebdirectory.net,8,0,1,1
thewildlifeman.com.au,8,0,17,1
thewindsorgallery.com,8,0,17,1
thirdfloorlimited.com,8,0,17,1
thistlehillhall.co.uk,8,0,17,1
thorre.mx,8,0,1,1
thrivenorth.ca,8,0,1,1
thriveqld.com,8,0,68,1
thriveto.ca,8,0,17,1
tibbsfleetservices.com.au,8,0,17,1
tiktalkmedia.com,8,0,17,1
timber24.run,8,0,17,1
timetowashlaundry.com,8,0,16,1
timsmagazines.com,8,0,1,1
tmadvances.com,8,0,17,1
tn-foyers.com,8,0,17,1
tofanari.eu,8,0,34,1
tomlevy.co.il,8,0,51,1
tommyemmanuelguitarretreat.com,8,0,17,1
tommygeorge.com,8,0,1,1
tonda.com.tw,8,0,17,1
tondre.org,8,0,17,1
tooltrust.io,8,0,9,1
topadviesholland.nl,8,0,1,1
topstore.mn,8,0,17,1
toptime.dance,8,0,17,1
torneisportivi.com,8,0,2,1
toroto.eu,8,0,17,1
totalfitnessbali.com,8,0,34,1
totalplatinumsalon.com,8,0,17,1
touristpoints.in,8,0,1,1
towardsdev.com,8,0,1,1
towerdoors.com.au,8,0,779,1
towtrucksantabarbara.com,8,0,17,1
traainer.com,8,0,17,1
traksource.com,8,0,4,1
tranquility-hospice.com,8,0,17,1
transcolamps.com.au,8,0,17,1
transformadorespedestal.com,8,0,34,1
transwestfreighters.co.nz,8,0,17,1
trappenplakken.nl,8,0,68,1
treebooks.co.uk,8,0,51,1
trentvalleylodge.ca,8,0,17,1
triangle-massage.com,8,0,17,1
tring-web-design.co.uk,8,0,2,1
tringcinema.com,8,0,17,1
triosecure.com,8,0,17,1
triplet.net.au,8,0,17,1
trippple.page,8,0,17,1
trix-racing.co.za,8,0,1,1
trogonmachining.com,8,0,17,1
truefreedom.club,8,0,17,1
truenorthwebdesign.ca,8,0,1,1
trustrating.ai,8,0,5,1
ttalents.co.il,8,0,1,1
ttglobalasset.com,8,0,17,1
tubalinblog.com,8,0,6,1
tucsonchiropractors.com,8,0,17,1
tugpslatino.ca,8,0,1,1
tuscfair.com,8,0,17,1
tutorialforest.com,8,0,1,1
tuttiperlinux.blog,8,0,15,1
tuynloodz.nl,8,0,32,1
twgpozlife.com,8,0,2,1
tzahivazana.co.il,8,0,17,1
ugss.co.uk,8,0,16,1
ukholidayguide.net,8,0,1,1
ultronique.com.br,8,0,17,1
unchartified.com,8,0,1,1
unforgettableview.com,8,0,17,1
uniplushealth.com,8,0,34,1
universitam.university,8,0,1,1
uplpgroup.com,8,0,17,1
urbanbased.com.au,8,0,34,1
urbanic.nl,8,0,51,1
urcpmhss.edu.in,8,0,34,1
urisuri.com,8,0,17,1
urskinbeauty.co.uk,8,0,17,1
uxbet.blog,8,0,3,1
vaccines-mscmed.gr,8,0,2,1
valetparkingschiphol.com,8,0,17,1
vanderkaa.com,8,0,4,1
vandoagency.com,8,0,39,1
vandyck-partners.be,8,0,17,1
vanguardtattoo.com,8,0,17,1
vantopia.ie,8,0,1,1
vanzwienenenlems.nl,8,0,34,1
vaporiumcanada.com,8,0,17,1
varanasijourneys.com,8,0,17,1
vartrailers.com,8,0,34,1
vcrcyclingclub.uk,8,0,17,1
vcvs.in,8,0,17,1
veeddydropshipping.com,8,0,2,1
venabygd-montessoriskole.no,8,0,17,1
verdeitalia.com.au,8,0,17,1
verhuisbedrijfmeppel.nl,8,0,17,1
verifiedcliq.com,8,0,2,1
viableinmobiliaria.com,8,0,17,1
vibetoolstack.com,8,0,2,1
vikingbenefit.ca,8,0,17,1
vilanoviapark.pl,8,0,1,1
villacolinas.com.br,8,0,17,1
villageofbeloitohio.com,8,0,17,1
villarosa.co.il,8,0,17,1
villasara.co.uk,8,0,17,1
villasullaspiaggiadiamante.com,8,0,1,1
villighetsstyrke.no,8,0,17,1
vincelogodesign.com,8,0,1,1
vindoctraining.com,8,0,17,1
vioen.nl,8,0,34,1
vip-club.co.uk,8,0,17,1
virtualuncp.edu.pe,8,0,8,1
vishwarekha.com,8,0,34,1
visiblegraphics.com,8,0,17,1
visyu.de,8,0,1,1
vitalispharmacy.com,8,0,17,1
vitcak.com,8,0,1298,1
vivibar.jp,8,0,17,1
vividbutplain.com,8,0,4,1
vivremercierouest.org,8,0,17,1
vncoupon.com,8,0,8,1
volunteerdisposal.com,8,0,17,1
voorheesballettheatre.com,8,0,1,1
vowsweddingchapel.com,8,0,17,1
vpos.com.tw,8,0,17,1
vuub.net,8,0,3026,1
vvedrada.gov.ua,8,0,16,1
w2best.se,8,0,2,1
wadecoastalhomes.com,8,0,17,1
wallsandroche.com,8,0,17,1
wallshieldsco.com,8,0,17,1
waltonsconcrete.co.uk,8,0,17,1
wannabeparty.hu,8,0,17,1
warhamateur.com,8,0,2,1
warmtescan.nl,8,0,17,1
warnerliving.com,8,0,17,1
washburnsmetal.com,8,0,17,1
wavecity.co.in,8,0,1,1
wb-cw.com,8,0,8,1
wearehypha.com,8,0,17,1
web2view.nl,8,0,1,1
webandfree.com,8,0,1,1
webchuyennghiep247.com,8,0,1,1
webic.co.il,8,0,85,1
webliance.com,8,0,2074,1
websrentables.es,8,0,1,1
webypress.fr,8,0,30,1
webzoe.com.br,8,0,1,1
weedery.com,8,0,17,1
weedfans.ca,8,0,34,1
weerockart.com,8,0,1,1
weightlosswellnessky.com,8,0,17,1
wellesleys.com,8,0,102,1
wellis.es,8,0,1,1
wellis.pl,8,0,1,1
welliswhirlpools.ch,8,0,1,1
welloffmap.com,8,0,6,1
welsh-hideaways.co.uk,8,0,17,1
werkstatt533.com,8,0,17,1
westandbarker.com,8,0,34,1
westarservices2.ca,8,0,17,1
westenddriving.co.uk,8,0,17,1
westwoodland.com,8,0,16,1
wheelerblocklofts.com,8,0,1,1
whistlermechanical.com,8,0,17,1
whitehousedental.net,8,0,17,1
whitelabeloutreach.com,8,0,1,1
whitepages.com.pg,8,0,17,1
whitepages.tw,8,0,246,1
whiteriverlogistics.ca,8,0,17,1
whprealties.com,8,0,17,1
whyasap.com,8,0,17,1
whypayfull.in,8,0,53,1
wigworldnola.com,8,0,17,1
wijkopenjouwfiets.nl,8,0,34,1
wildriverfilms.com,8,0,1,1
wilfullwear.com,8,0,17,1
windingriverhomestead.co.nz,8,0,17,1
withtelescope.com,8,0,1,1
wl.tools,8,0,1,1
wlspros.ca,8,0,1,1
wmpsites.com,8,0,2,1
womaneng.com,8,0,421,1
womensobandgyn.com,8,0,16,1
woodtechrouting.com,8,0,17,1
wordpress-doktor.com,8,0,4,1
wordpresskotisivutyritykselle.fi,8,0,10,1
wordpresslicenses.com,8,0,258,1
wordstore.ru,8,0,1,1
worklockermorisset.com.au,8,0,17,1
worldautocenter.net,8,0,16,1
worldchampiontkdtx.com,8,0,17,1
wp-agency.co.uk,8,0,2,1
wp-guide.co.kr,8,0,1,1
wp-typ.de,8,0,1,1
wpbrief.com,8,0,1,1
wpbuilderhelper.com,8,0,1,1
wpcare.ai,8,0,1,1
wpdev.co.il,8,0,3,1
wpeasy.cn,8,0,1,1
wproads.com,8,0,1,1
wpschool.com,8,0,6,1
wptroubleshoot.com,8,0,2,1
wpworld.com.br,8,0,1,1
wpworld.es,8,0,1,1
writeanonymousletter.com,8,0,2,1
writeitkids.com,8,0,17,1
ww-production.com,8,0,17,1
wyosupport.com,8,0,1,1
x2xecommerce.com,8,0,1,1
xbarauto.com,8,0,17,1
xceleratenetworks.com,8,0,51,1
xedulichdaklak.com,8,0,2,1
xenllc.com,8,0,4,1
xiaoko.com,8,0,1,1
xltms.com,8,0,17,1
yadavgaurav.com,8,0,1,1
yazilimtoplulugu.com,8,0,1,1
yeguada4g.com,8,0,17,1
yeniendustriyel.com.tr,8,0,17,1
yeppy.com,8,0,17,1
yielaw.com,8,0,17,1
yitent.com.tw,8,0,17,1
ymlleather.com,8,0,17,1
yolandatorosio.com,8,0,17,1
youmoneyhappiness.com,8,0,1,1
yourkmry.com,8,0,17,1
yourrenewal.com,8,0,34,1
yourtreedoctor.ca,8,0,16,1
youtrain.cl,8,0,17,1
ypedeboer.nl,8,0,16,1
yuanpenpu.com,8,0,17,1
yuzhoublog.com,8,0,3,1
zalvis.com,8,0,2,1
zangerhall.com,8,0,17,1
zapoo.com.br,8,0,5,1
zentech.co.id,8,0,17,1
ziegler.at,8,0,1,1
zocchelab.com,8,0,17,1
zoomdentalclinic.com,8,0,17,1
zyklushaus.at,8,0,4,1
1001cuponesdedescuento.cl,7,0,4,1
1001cuponesdedescuento.com.ar,7,0,3,1
1001cuponesdedescuento.com.mx,7,0,2,1
1055mainapts.com,7,0,17,1
1288rose.com,7,0,17,1
15-northside.com,7,0,1,1
1stchoicerx.com,7,0,17,1
1worldsolutions.com,7,0,2,1
2am-tinyhouse.com,7,0,17,1
2cloudways.com,7,0,206,1
2ndgenexteriors.ca,7,0,34,1
2seoblog.co.kr,7,0,1,1
2utrailer.com,7,0,17,1
3160louis.com,7,0,51,1
316music.org,7,0,19,1
3axisarchitects.com,7,0,17,1
3de.es,7,0,4,1
5squaremiledistillery.com,7,0,17,1
5starvetsupply.com,7,0,17,1
60degree.com,7,0,1,1
7heavensuites.com,7,0,17,1
8020physicaltherapy.com,7,0,17,1
80wattdistrict.com,7,0,17,1
89calls.com,7,0,1,1
8bit.media,7,0,3,1
9leaves.com,7,0,68,1
a7hotel.com,7,0,17,1
aarcs.in,7,0,17,1
abbevillespecialtycare.com,7,0,17,1
abcbuilders.net.au,7,0,17,1
abcscreens.com,7,0,17,1
abjbuilders.com,7,0,17,1
aboutgoods2019.com,7,0,17,1
aboveandbeyondremodelingct.com,7,0,17,1
absolute0.net,7,0,41,1
abspottery.co.uk,7,0,17,1
academieduballet.it,7,0,1,1
accessart.co.uk,7,0,17,1
acerecruitmentsw.co.uk,7,0,17,1
acg-electrical.com.au,7,0,17,1
acplumbingminerva.com,7,0,17,1
acrylicspot.com,7,0,4,1
activewebsitemanagement.com,7,0,3,1
actonrexburg.org,7,0,17,1
adambuilders.net,7,0,17,1
adamknight.live,7,0,17,1
adelsupportcoservices.com.au,7,0,17,1
adhiwangsa-bali.com,7,0,68,1
adhnsw.com.au,7,0,17,1
admatischool.co.il,7,0,17,1
adovgal.ru,7,0,1,1
ads-forum.com,7,0,1,1
advancedautobroker.com,7,0,17,1
advanceddriverupdater.software,7,0,17,1
advancedfabricators.com,7,0,17,1
advancedweightlossderby.com,7,0,17,1
adventurefunpark.com,7,0,17,1
advokatclaratengbom.se,7,0,17,1
affboosters.com,7,0,9,1
affiliama.com,7,0,1,1
affiliatebro.io,7,0,2,1
affiliateprogramfinder.com,7,0,3,1
affmojo.com,7,0,2,1
affranking.com,7,0,1,1
afrielect.com,7,0,10,1
agamair.co.il,7,0,17,1
agencewebstudio.com,7,0,1,1
aguilaproperties.com,7,0,17,1
aiaplaycation.ca,7,0,17,1
aicavo.com,7,0,12,1
aifinancebites.com,7,0,1,1
aijiaprotein.com,7,0,17,1
aimingthedreams.com,7,0,1,1
airportsdirectservices.co.uk,7,0,17,1
airyourvoice.com,7,0,1,1
ajasolicitors.co.uk,7,0,17,1
ajfdreamliving.com,7,0,17,1
akeysmassage.com,7,0,17,1
akovantsev.github.io,7,0,1,1
alafandia.com.sa,7,0,17,1
alamocityapostolic.org,7,0,17,1
alansariholding.com,7,0,17,1
alatfitnesslombok.com,7,0,34,1
albertohairconcepts.com,7,0,17,1
alejandroramos.net,7,0,1,1
alexcavender.com,7,0,2,1
alexisknightly.com,7,0,17,1
alexquinto.com,7,0,1,1
alfafiatparts.co.uk,7,0,41,1
alhagova.co.il,7,0,17,1
alicankres.com,7,0,9,1
alinguibodasyeventos.com,7,0,123,1
all-starimages.com,7,0,16,1
alligatormedia.com,7,0,2,1
allmediaegypt.com,7,0,17,1
allmightyfencing.com,7,0,17,1
allprohaul.com,7,0,16,1
allseasglobal.net,7,0,17,1
allseasonpergola.com,7,0,17,1
almenlaegeklinikhvidovre.dk,7,0,17,1
alongwaytogo.co.kr,7,0,17,1
aloroba.com.sa,7,0,17,1
alroukn.com,7,0,34,1
alshariea.com,7,0,17,1
altaafihospital.com,7,0,17,1
alternativeincomemagazine.com,7,0,2,1
altidag.co.il,7,0,31,1
amaravathitechsystems.com,7,0,2,1
amathe.in,7,0,2,1
amazingsunnah.com,7,0,17,1
ambrosianresources.com,7,0,34,1
amebateatre.com,7,0,17,1
ameliahairandtherapyspa.com,7,0,17,1
americanentranceservices.com,7,0,1,1
amitechdesign.com,7,0,1,1
amqamash.com,7,0,51,1
andaazcooking.com,7,0,17,1
andnewsindia.com,7,0,1,1
andreapreite.com,7,0,1,1
andres-dev.com,7,0,1,1
angeliceyes.com.au,7,0,17,1
anguaspeluqueria.es,7,0,1,1
animalfeedequipment.uk,7,0,17,1
anime.co.il,7,0,17,1
anneqvesehl.dk,7,0,19,1
antareswineclearingusa.com,7,0,17,1
apartamentoturisticoentoledo.com,7,0,17,1
apexbuildinginspections.co.nz,7,0,17,1
apprankr.com,7,0,13,1
aquabaycayman.com,7,0,51,1
aquaflowshop.com,7,0,17,1
arabiatea.com,7,0,17,1
arabiclanguageinstituteaustralia.com.au,7,0,17,1
arbour.promo,7,0,17,1
arizonapaintreatmentcenters.com,7,0,82,1
armeriagerevini.it,7,0,17,1
arshek.com,7,0,18,1
artesanacrafts.com,7,0,1,1
artisticpoolsandspasaz.com,7,0,17,1
artofmedicine.pl,7,0,17,1
asabluelife.com,7,0,3,1
asdsportmania.com,7,0,17,1
asga-academy.com,7,0,17,1
asiagate-sa.com,7,0,17,1
asian-e.com,7,0,17,1
askbcg.com,7,0,17,1
askwebba.com,7,0,1,1
aslan.com.pk,7,0,17,1
asmaresidencies.com,7,0,17,1
asterixkombat.it,7,0,17,1
atafirst.com,7,0,6,1
ateckbuilders.com,7,0,2,1
athomerealtygroup.net,7,0,21,1
atlanta-limoservice.com,7,0,17,1
atlaszeus.com,7,0,1,1
atticattack.uk,7,0,17,1
attilios.co.uk,7,0,17,1
atw.ac.id,7,0,3,1
augustineproject-brevard.org,7,0,17,1
auroraautohailrepair.com,7,0,1,1
austinrotter.net,7,0,1,1
authentictravelmexico.com,7,0,17,1
autobrokerweb.it,7,0,17,1
autographprestigene.co.uk,7,0,2,1
avenuespro.ca,7,0,2,1
avidmarketer.com,7,0,1,1
avishaijewelry.co.il,7,0,17,1
aweiseoer.com,7,0,1,1
awesome-statuspages.com,7,0,1,1
axesscommunications.net,7,0,17,1
axnhost.com,7,0,265,1
ayo-athens.com,7,0,17,1
azerbaijan.co.il,7,0,1,1
b-asado.co.il,7,0,17,1
b-care.co.il,7,0,17,1
b-othman.com,7,0,68,1
b1ng.co.kr,7,0,1,1
b2bsolutions.ca,7,0,3,1
babelx3d.net,7,0,4,1
babypaleis.nl,7,0,17,1
baggaleychiropractic.com,7,0,17,1
bail.com.hk,7,0,17,1
baileyscommercialcleaning.com,7,0,17,1
baitec.com.tw,7,0,17,1
bakershopmalta.com,7,0,17,1
balagamtv.com,7,0,17,1
balertsecurity.co.nz,7,0,17,1
baliakahbonsai.com,7,0,17,1
bandmtower.com,7,0,17,1
banglamar.com,7,0,2,1
bankmetha.com,7,0,1,1
banksconstructions.com.au,7,0,17,1
barcontainer.lv,7,0,17,1
barnettelectricco.com,7,0,17,1
baumhaus-inmobiliaria.com,7,0,17,1
baycoastcleaning.com,7,0,17,1
baystreetventures.ca,7,0,17,1
bbakgong.com,7,0,1,1
bcbloggers.com,7,0,4,1
bcdf.pk,7,0,17,1
bcpef.org,7,0,17,1
bdixserver.com,7,0,2,1
beachedboat.com,7,0,17,1
beardedwatersommelier.co.uk,7,0,17,1
beasleylandscaping.com,7,0,17,1
beautyandthebeach.au,7,0,17,1
bebansglass.com,7,0,17,1
bedrijfsunit.nl,7,0,17,1
belizebroadcastingauthority.org,7,0,17,1
bella-neuilly.fr,7,0,17,1
bellsano.com.pl,7,0,17,1
benjaminbankers.com,7,0,16,1
bespokebybarrow.co.za,7,0,17,1
bespokecabinetrydesign.com,7,0,17,1
bespokelifestyle.no,7,0,1271,1
bestdealnow.org,7,0,2,1
besteck-eck.de,7,0,1,1
besthosting.ge,7,0,22,1
bestseoidea.com,7,0,1,1
beststartup.us,7,0,1,1
bestwphosting.nl,7,0,2,1
betarelease.org,7,0,17,1
bharatitechnologies.com,7,0,4,1
bhmedals.com,7,0,9,1
bicknellemg.com,7,0,17,1
bigbrotherchannel.com,7,0,1,1
bigmusclefitness.com,7,0,17,1
bigsale.ph,7,0,58,1
bigskyshedsllc.com,7,0,17,1
bilgiislem.net.tr,7,0,1,1
bilimedtech.com,7,0,1,1
bilka.at,7,0,51,1
billamoney.com,7,0,17,1
billyborja.com,7,0,17,1
binhbystories.com,7,0,1,1
binkiesleagues.com,7,0,17,1
bintusartandeverything.com,7,0,1,1
biohorse.co,7,0,17,1
birtap.com,7,0,34,1
bismarckstateesports.gg,7,0,17,1
bistroingrid.fi,7,0,17,1
bitcoininsider.org,7,0,2,1
bitnews.nz,7,0,97,1
blackkdesign.com,7,0,17,1
blackstarwash.ca,7,0,17,1
blackwattles.com.au,7,0,17,1
blconstruction.com,7,0,17,1
blestdesign.co,7,0,51,1
blisscare.com.au,7,0,102,1
blogfreely.net,7,0,6,1
bloggerchest.com,7,0,5,1
blogit.vn,7,0,1,1
blogitright.com,7,0,1,1
blogzet.com,7,0,2,1
blominko.com,7,0,1,1
blueautomotive.co.uk,7,0,18,1
bluecrosshealth.com.au,7,0,17,1
bluelioncuts.com,7,0,17,1
boardgameslive.games,7,0,1,1
boba-cookies.com,7,0,17,1
bobscommercial.com,7,0,27,1
bold.partners,7,0,16,1
bonus-systems.com,7,0,17,1
bonza.com,7,0,17,1
boostonline.com.au,7,0,2,1
bornintlv.co.il,7,0,17,1
bournemouthyoga.com,7,0,17,1
bouwkundigadviesburonijs.nl,7,0,17,1
bowerstowingidaho.com,7,0,17,1
boxedrummondville.com,7,0,51,1
boxescarcenter.cl,7,0,17,1
braconperdizes.com.br,7,0,17,1
bradley-davis.com,7,0,1,1
brandfires.nl,7,0,17,1
brandlogoimages.com,7,0,2,1
brandnexusstudios.co.za,7,0,1,1
brandonkeener.com,7,0,17,1
brianssourceforsports.com,7,0,48,1
brickellexecutiveoffices.com,7,0,17,1
briefvia.com,7,0,1,1
brightlifeksa.com,7,0,17,1
brightmoondigital.com,7,0,1,1
brillianttotsplayhouse.com,7,0,17,1
broadbandconsultingservices.com,7,0,17,1
broadwayhcwny.com,7,0,51,1
brookmillhouses.com,7,0,17,1
bros-works.com,7,0,17,1
brunodantas.com.br,7,0,1,1
bscssindhuni.blogspot.com,7,0,48,1
btobers.com,7,0,1,1
btsclub.co.kr,7,0,11,1
bubbletechusa.com,7,0,34,1
bubsites.com,7,0,3,1
buecherderstars.de,7,0,1,1
buffaloriverbarns.com,7,0,17,1
bugsndust.com,7,0,17,1
buildbetterwithcm.com,7,0,17,1
buildingmonitoring.co.uk,7,0,17,1
builtbypro.com,7,0,4,1
bulldogpoolfresno.com,7,0,17,1
bumtech.fr,7,0,3,1
burbankqualitybrake.com,7,0,17,1
businessfinancialconsultants.net,7,0,17,1
buyallnotes.com,7,0,17,1
buyology.io,7,0,47,1
bwelchiropractic.com,7,0,17,1
byblossom.pl,7,0,1,1
bymeoman.com,7,0,1,1
bypassdigital.com,7,0,1,1
caboeliteservices.com,7,0,17,1
cachaca500.com.br,7,0,17,1
cadelly.com,7,0,2,1
caffebarbera.ma,7,0,17,1
caixolamusical.com.br,7,0,1,1
cala-violina.com,7,0,17,1
callibree.com,7,0,6,1
callidusengg.com,7,0,17,1
camaradesantacruzcabralia.ba.gov.br,7,0,20,1
cambiareprospettiva.it,7,0,17,1
candidhairstudio.co.nz,7,0,17,1
cantinhobinario.com,7,0,1,1
caravaneytal.com,7,0,17,1
cardinalroofing.net,7,0,41,1
cardiologochihuahua.com,7,0,1,1
cardyfit.com,7,0,17,1
carel-tech.com,7,0,16,1
careplusoxygen.com,7,0,51,1
carfeatures.net,7,0,2,1
caribbeanfreightline.nl,7,0,17,1
cariera.cc,7,0,74,1
carissalyn.com,7,0,2,1
carmanfirm.com,7,0,17,1
carpetcollection.co.uk,7,0,17,1
carselaw.com,7,0,17,1
cartdone.com,7,0,1,1
carteleratv.com,7,0,17,1
cartmazing.com,7,0,17,1
casablancafleuriste.com,7,0,34,1
casadesoju.com,7,0,17,1
casamaya.com,7,0,17,1
caslahome.com,7,0,1,1
caspiancllc.com,7,0,17,1
catena-miraflores.com,7,0,17,1
cathedralmasquerade.co.uk,7,0,17,1
cbarquitecto.com.ar,7,0,1,1
cbj61.com,7,0,17,1
ccscentralstates.com,7,0,17,1
ccwcabinets.com,7,0,17,1
cedarrapidsdumpster.org,7,0,17,1
celebrity-wig.com,7,0,17,1
centralhealing.ca,7,0,17,1
cerakote.com.br,7,0,17,1
cerebralteas.com,7,0,41,1
certifiedquint.com,7,0,5,1
cervejaroca.com.br,7,0,17,1
cervezachillout.com,7,0,68,1
cfthrone.com,7,0,16,1
ch1-consulting.com,7,0,17,1
chadpopulis.com,7,0,4,1
champaburgers.com,7,0,17,1
changyiweaving.com.tw,7,0,17,1
chansushi.it,7,0,17,1
chapmancommercialrealty.com,7,0,17,1
charette.agency,7,0,17,1
charlieshahin.com,7,0,17,1
chaudharysatyam.com,7,0,1,1
cheapdomainnames.com,7,0,17,1
checkreview.net,7,0,5,1
chefpatrickmarg.com,7,0,17,1
cherishrespite.com,7,0,17,1
chetakfoundation.org,7,0,1,1
cheyennewebsitedesign.com,7,0,17,1
chezpapy-pizza-narbonne.com,7,0,1,1
chihching.org,7,0,17,1
childandfamilypsychologists.org,7,0,17,1
chilleelimited.co.uk,7,0,17,1
chilloutac.com,7,0,17,1
chingfordplumbingandheating.co.uk,7,0,17,1
chiroahuntsic.com,7,0,17,1
choestory.com,7,0,1,1
chongsengplastics.com,7,0,17,1
chrisandelizabethkoob.com,7,0,17,1
chrisstowingrecovery.com,7,0,17,1
christianmusicfestival.org,7,0,17,1
christianundmartina.de,7,0,2,1
chuchunonstop.com,7,0,1,1
chuck4nh.com,7,0,17,1
chuk.org.uk,7,0,17,1
churchatcreston.org,7,0,17,1
chyan-kuen.com,7,0,17,1
cickcultuurschool.nl,7,0,68,1
cinabpartners.com,7,0,17,1
cinceraevents.co.uk,7,0,17,1
cirencesterhypnotherapycentre.co.uk,7,0,17,1
cladproof.co.uk,7,0,17,1
clancydental.com,7,0,17,1
claqpopup.com,7,0,17,1
classicalmusicoc.org,7,0,17,1
claudiasanchezrealtor.com,7,0,1,1
cleanmaxcampinas.com.br,7,0,17,1
clivascular.com,7,0,17,1
clivion.com,7,0,17,1
clkwlawyers.com,7,0,17,1
clmconstructionia.com,7,0,17,1
clod-blog.com,7,0,1,1
cloud9.co.th,7,0,17,1
cloudeereviews.com,7,0,2,1
cloudj.ca,7,0,17,1
clubdore.com,7,0,2,1
clubedosavos.pt,7,0,1,1
clustermagic.ai,7,0,1,1
co-venturing.com,7,0,17,1
codigi.it,7,10,0,1
codxpert.com,7,0,1,1
colacityaquatics.com,7,0,17,1
coldeja.com,7,0,1,1
coldstopcurtains.com.au,7,0,17,1
coletiv.me,7,0,2,1
colivingprague.com,7,0,17,1
collectiveray.com,7,0,11,1
coloringsquaredplay.com,7,0,17,1
combodaily.com,7,0,1,1
commandnotfound.cn,7,0,3,1
commissiondex.com,7,0,9,1
commonwheelbikeshop.com,7,0,17,1
companiesrelated.com,7,0,1,1
comtradingec.com,7,0,27,1
conciergemednow.com,7,0,17,1
connect-ls.com,7,0,17,1
connectiontent.au,7,0,17,1
consalida.ar,7,0,21,1
construtorafjc.com.br,7,0,17,1
contracorrientechihuahua.com,7,0,1,1
contracostadumpsterrental.com,7,0,17,1
contractor-management.com.au,7,0,17,1
controlx-store.com,7,0,17,1
copisteria3mignon.it,7,0,17,1
cornerstoneproduce.com,7,0,17,1
corneytransportation.com,7,0,17,1
cortefoscolo.it,7,0,17,1
cosmeticdentistsdelhi.com,7,0,34,1
cosmos.com.cy,7,0,17,1
costag-arl.com,7,0,34,1
coumiwp.cz,7,0,2,1
countrysaw.com,7,0,17,1
countryviewvillagenj.com,7,0,1,1
cranklocal.com,7,0,17,1
creaming.net,7,0,17,1
createdlabs.com,7,0,17,1
creative-wavelength.com,7,0,82,1
creativeartbarbali.com,7,0,17,1
creativeaspects.co.uk,7,0,1,1
creativeclasslofts.com,7,0,17,1
creativelab.lv,7,0,1,1
creativepowersolutions.com,7,0,17,1
credisurcoop.com,7,0,17,1
creer1blog.fr,7,0,1,1
crepekids.com,7,0,17,1
cresswellautoservices.co.uk,7,0,51,1
crossfitcannwoods.com,7,0,82,1
crsnsw.com.au,7,0,16,1
csaladikotelek.hu,7,0,1,1
csenergy.co.th,7,0,17,1
ct-service.org,7,0,17,1
cts.ro,7,0,1,1
ctulifestyle.com,7,0,34,1
ctzpj.com,7,0,6,1
cumbrearbolgenealogico.com,7,0,68,1
cursosguiachef.com.br,7,0,17,1
customsandcompliance.com,7,0,17,1
cyberandi.synology.me,7,0,4,1
cyberfights2.com,7,0,1,1
czechconnect.us,7,0,17,1
d-bservice.it,7,0,17,1
dailyclaps.com,7,0,23,1
dailydollar.org.au,7,0,17,1
daisysbabyboutique.co.uk,7,0,18,1
dalilhosting.com,7,0,13,1
danielvet.co.il,7,0,17,1
danusyakti.com,7,0,1,1
danvillecomputer.repair,7,0,17,1
darbsnyderseniorcenter.com,7,0,17,1
darkboysmedia.com,7,0,1,1
darkforums.io,7,0,1,1
darlinduke-berlin.com,7,0,1,1
dast.it,7,0,9,1
dawsongroup.co.nz,7,0,17,1
daydreamstudio.uk,7,0,51,1
dealcong.com,7,0,1,1
dealsstacks.com,7,0,1,1
decho-catering.com,7,0,17,1
decorbyliz.net,7,0,17,1
deking.com,7,0,17,1
deltaabstract.com,7,0,34,1
dentalclinicingwalior.com,7,0,1,1
dentistainfantilchihuahua.com,7,0,1,1
derivativecalculator.org,7,0,17,1
desainae.com,7,0,7,1
desainthilaire-tw.com,7,0,17,1
desperta.com.br,7,0,17,1
dev.or.id,7,0,1,1
devinewasteservices.co.uk,7,0,17,1
dffloorcovering.com,7,0,17,1
dfirejobs.com,7,0,2,1
diedrumming.com,7,0,4,1
diffyweb.com,7,0,1,1
digideal.co.il,7,0,2,1
digitalbazarshopingcart.com,7,0,41,1
digitalgumma.com,7,0,21,1
digitalhepa.com,7,0,17,1
digitaljadhav.com,7,0,3,1
digitalnomadventures.com,7,0,5,1
digitalpoint.com.br,7,0,17,1
digitalpublishinglab.org,7,0,2,1
digitalride.io,7,0,51,1
digitalsoloist.com,7,0,1,1
digitnomad.net,7,0,7,1
diiamo.cn,7,0,1,1
dijerkstop.com,7,0,82,1
discountdirects.com,7,0,22,1
ditsolution.net,7,0,1,1
dive-devil.com,7,0,17,1
dividude.com,7,0,65,1
divirox.com,7,0,4,1
djanma4.co.kr,7,0,17,1
dog-insider.com,7,0,17,1
dogfit.dog,7,0,1,1
dogusfertilityclinic.co.uk,7,0,51,1
dollortrend.com,7,0,3,1
dom-san-isidro.com,7,0,17,1
dongqingshuo.com,7,0,25,1
donutatwork.com,7,0,2,1
doorcity.co.nz,7,0,9,1
doorhaven.com,7,0,17,1
dotbglobal.jp,7,0,17,1
douibweb.com,7,0,5,1
drapaolaescamilla.com.mx,7,0,17,1
drarturcarandell.com,7,0,17,1
drdupee.com,7,0,16,1
dreppasco.edu.pe,7,0,4,1
driverupdates.net,7,0,17,1
drivesafetelematics.com,7,0,17,1
drnormanking.ca,7,0,17,1
drtonyvo.com.au,7,0,17,1
drvladafrankenberger.com,7,0,17,1
dtpconference.ca,7,0,17,1
duaneblake.co.uk,7,0,2,1
duckcoupon.co.uk,7,0,3,1
dugoutgasstation.com,7,0,17,1
duobras.com.br,7,0,51,1
duweek.com,7,0,2,1
dyannesleijpen.nl,7,0,17,1
dyma.com,7,0,17,1
dystopeka.com,7,0,35,1
eaglewingsinc.org,7,0,17,1
eastcointeriors.com,7,0,17,1
easycodetools.com,7,0,1,1
easylinker.co.il,7,0,2,1
easyplannerapp.com,7,0,17,1
ebikeverona.it,7,0,17,1
eclipsepartyrentalindy.com,7,0,17,1
eco-balance.com.au,7,0,17,1
ecom-store.pro,7,0,1,1
ecommercewebsitedevelopers.com,7,0,1,1
ecommtrics.com,7,0,1,1
ecopowersystems.co.uk,7,0,1,1
edmb.ca,7,0,17,1
edu-tech-global.com,7,0,1,1
edukester.top,7,0,2,1
eduline.net,7,0,17,1
edutechpulse.com,7,0,3,1
ekonomikonsultab.se,7,0,17,1
ekouna.com,7,0,17,1
electnano.com,7,0,17,1
electrima.com.ph,7,0,17,1
electrovigyan.com,7,0,2,1
eletfaabda.hu,7,0,1,1
eleva8digital.com,7,0,1,1
eliteaffiliatehacks.com,7,0,10,1
elitelocksmiths.com.au,7,0,1,1
elitemasculina.com.br,7,0,17,1
elliotpartnership.com,7,0,17,1
elsievasquezlaw.com,7,0,17,1
elvisoresidences.com,7,0,17,1
emballagetransport.se,7,0,17,1
emberofhope.ca,7,0,17,1
emeraldcityboxinggym.com,7,0,41,1
eminentcap.com,7,0,51,1
emmagardenerstories.co.uk,7,0,17,1
empireshedsandmore.com,7,0,17,1
emspotsdam.de,7,0,17,1
endeavorpropertymanagement.com,7,0,17,1
enduringlovememorialsinc.com,7,0,17,1
engineeredprod.com,7,0,34,1
enricodonner.com,7,0,4,1
entgenluijten.nl,7,0,17,1
eoonecanada.com,7,0,16,1
epub.us,7,0,17,1
ericwilde.com,7,0,2,1
esaplan.com.br,7,0,1,1
escueladeprogramacion.net,7,0,1,1
eshikhon.academy,7,0,1,1
esmeralda-villa.com,7,0,17,1
esrot.com,7,0,1,1
essexboilersltd.co.uk,7,0,17,1
estudiomiceli.com,7,0,1,1
eundori.com,7,0,2,1
eunicechou.cc,7,0,1,1
eunika.agency,7,0,1,1
eunuwa.com,7,0,2,1
euphonic.in,7,0,17,1
eurionenergy.com,7,0,1,1
eurosonicblinds.com,7,0,17,1
evafloristmagelang.com,7,0,17,1
eventsatridgeview.com,7,0,17,1
evileyehand.com,7,0,41,1
evolvenova.com,7,0,6,1
excelcal.com,7,0,34,1
exceldanceforce.com,7,0,17,1
excellmedicalgroup.com,7,0,17,1
excelo.id,7,0,17,1
expatriateslife.com,7,0,1,1
experientialdesigngroup.com,7,0,5,1
expertchimneyroofing.com,7,0,17,1
expressdigest.com,7,0,1,1
expresseyewear.net,7,0,1,1
exterior-concepts.com,7,0,1,1
eynzone.com,7,0,1,1
ezsign.org,7,0,17,1
fabriziobottacchiari.it,7,0,1,1
facaimike.com,7,0,1,1
factfire.ie,7,0,68,1
factually.co,7,0,4,1
facuminasposgraduacao.com.br,7,0,17,1
fairbanksliquor.com,7,0,17,1
fairfieldfreighthub.co.nz,7,0,17,1
fairweb.dk,7,0,1,1
faith-hair-salon.co.uk,7,0,17,1
falcondevelopments.nz,7,0,32,1
fallocorp.com,7,0,17,1
familyandlifestylemedicine.org,7,0,17,1
fands.co.uk,7,0,17,1
fapool.ir,7,0,1,1
farnorthdetailing.co.nz,7,0,17,1
farseer-financialplanning.com,7,0,17,1
fbcdonalsonville.com,7,0,11,1
feagleyrealtors.com,7,0,17,1
featherlight-design.com,7,0,1,1
febaemlak.com,7,0,38,1
feedlize.com,7,0,17,1
feelfreekayaks.com.au,7,0,17,1
ferienhaus-austernfischer-amrum.de,7,0,17,1
fernleytransport.co.uk,7,0,17,1
ferroalluminio.it,7,0,3,1
fesconstruction.com,7,0,4,1
fgjss.com,7,0,1,1
figwp.com,7,0,2,1
finallynitin.com,7,0,1,1
finscopetouch.com,7,0,17,1
fintechbpo.training,7,0,51,1
fioridesigninc.ca,7,0,17,1
firstaidtips.com.au,7,0,1,1
firstchoicerisk.com.au,7,0,18,1
firstglove.co.za,7,0,17,1
firststatetreeexperts.com,7,0,17,1
fitbuddy.co.il,7,0,17,1
fitpowders.com,7,0,9,1
fkkparadies.club,7,0,17,1
fksh.se,7,0,17,1
flaven.fr,7,0,1,1
fleuristerichmond.com,7,0,17,1
floridaseoco.com,7,0,16,1
fluidice.org,7,0,2,1
fokusi.al,7,0,83,1
forfarasc.co.uk,7,0,16,1
forum.vn.ua,7,0,14,1
fox-jewelers.com,7,0,17,1
franco-guitars.com,7,0,17,1
frankieeeremovals.com,7,0,17,1
frankknow.net,7,0,4,1
freeexpress.com.ar,7,0,17,1
frequency27.com,7,0,1,1
fresh-dental.co.uk,7,0,17,1
freshchoicevending.net,7,0,17,1
freshfruitfranchise.ca,7,0,17,1
fricsergua.com,7,0,16,1
friendsofkdsp.org,7,0,17,1
frmichelrodrigue.com,7,0,17,1
frvps.com,7,0,1,1
fuller-services.com,7,0,17,1
fullstacklib.azurewebsites.net,7,0,1,1
furcatamktdigital.com.br,7,0,17,1
fusion75.com,7,0,9,1
futnet.org.hk,7,0,17,1
fvr.org,7,0,16,1
gabrielwebsolutions.com.au,7,0,4,1
gabroverse.com,7,0,1776,1
gageconstructioninc.com,7,0,17,1
gaiaenvironmentalgroup.com,7,0,17,1
gaiaskinclinic.com.au,7,0,17,1
gainmoreviews.com,7,0,2,1
gallery223store.com,7,0,17,1
gameful.me,7,0,346,1
gamlacedronus.com,7,0,17,1
gangacoupons.com,7,0,1,1
gaojing789.com,7,0,34,1
gardentown.net,7,0,82,1
gazabet.vip,7,0,68,1
gbsolutionsuk.co.uk,7,0,17,1
geislerdefence80.com,7,0,17,1
gemmafj.com,7,0,17,1
gemstatesheds.com,7,0,17,1
generationshealthinsurance.com,7,0,17,1
geoscout.pro,7,0,3,1
germancarservice.ae,7,0,17,1
getfasthost.com,7,0,3,1
gethotdeals.co.uk,7,0,8,1
getscoupon.com,7,0,1,1
getstore.lv,7,0,17,1
getsuperpress.com,7,0,1,1
getting2goal.com,7,0,17,1
gfcstudio.it,7,0,32,1
ghostkitchenlunch.com,7,0,1,1
ghostlypreview.com,7,0,3,1
ghpreston.com,7,0,17,1
giftideas.blog,7,0,2,1
gigsbug.com,7,0,32,1
gittrend.io,7,0,2,1
globalgbc.com.mx,7,0,1,1
globalgeotech.co.uk,7,0,17,1
globaliotsystems.com,7,0,17,1
glyfranchise.com,7,0,17,1
gnfob.com,7,0,2,1
gnsorena.ir,7,0,3,1
goautomated.com,7,0,17,1
gofortrial.com,7,0,14,1
gogogomezfishing.com,7,0,17,1
golddetailingca.com,7,0,17,1
goldenpalacejewelers.com,7,0,8241,1
goprocleanair.com,7,0,17,1
gordon168.net,7,0,1,1
gotower.com,7,0,17,1
gowordpress.cc,7,0,2,1
gpautoworks.com,7,0,17,1
gpipet.com,7,0,136,1
graficdigital.com,7,0,17,1
grandlife.co.kr,7,0,5,1
grandopenhouse.com,7,0,1,1
granitecitybizarrebazaar.com,7,0,17,1
grats.co.kr,7,0,5,1
greatcharles.co.uk,7,0,17,1
greatlakesequ.com,7,0,9,1
greatwartourshull.co.uk,7,0,17,1
greenhoodltd.com,7,0,17,1
greenplacepartners.com,7,0,17,1
greenpowereg.com,7,0,17,1
gregorytorreslaw.com,7,0,17,1
gretasexylingerie.com,7,0,18,1
gritathletes.com,7,0,17,1
groupelca.ca,7,0,17,1
grow.cheap,7,0,3,1
growinggreenerlawns.com,7,0,17,1
growsera.com,7,0,7,1
growthhub.io,7,0,1,1
grupoturim.com.br,7,0,17,1
gruppowitel.com,7,0,17,1
gtgohio.us,7,0,17,1
guinchosnortesul.com.br,7,0,17,1
gundogdukarot.com.tr,7,0,17,1
gunesgidatekstil.com,7,0,63,1
guyrcook.com,7,0,1,1
h3gs-heating.com,7,0,17,1
h4sale.com.au,7,0,17,1
hagenbb.no,7,0,68,1
hagendijkbouw.nl,7,0,51,1
hagnbau.at,7,0,1,1
hailguardauto.com,7,0,51,1
haimkarel.com,7,0,87,1
hairbarmen.co.il,7,0,17,1
halovehiclecosmetics.co.uk,7,0,17,1
hamenahelet.co.il,7,0,17,1
hamiltonautoandtyre.com.au,7,0,17,1
hamsakosher.com,7,0,17,1
handboogsport-bernardus.nl,7,0,17,1
hangsangaccessories.com,7,0,17,1
hanksome.pt,7,0,17,1
happyparty.co.il,7,0,17,1
happytileguy.com,7,0,17,1
harmonybuildingcompany.com,7,0,17,1
harmonysoulfood.com,7,0,85,1
haze710.com,7,0,68,1
hcconstruction.net.au,7,0,17,1
healthinhands.com.au,7,0,51,1
hebergement-web.tech,7,0,1,1
heina666.com,7,0,17,1
hellyerwood.com.au,7,0,17,1
helmacademy.com,7,0,17,1
helpyourhomecali.com,7,0,17,1
hendrawijaya.net,7,0,2,1
hengyao.com.tw,7,0,17,1
heritagecourt-eauclaire.com,7,0,17,1
heritageok.com,7,0,17,1
hershbergerroofingllc.com,7,0,17,1
hfgenetics.com,7,0,17,1
hi-production.com,7,0,17,1
highlightsnhairdesign.com,7,0,17,1
highpeakfabrication.com,7,0,17,1
hinchinbrookhideaway.com.au,7,0,17,1
hiramroofing.com,7,0,17,1
hislbrokers.com,7,0,17,1
hitechprofessionals.ca,7,0,17,1
hkpianoteacher.com,7,0,17,1
holadenverspanish.com,7,0,17,1
holmstrup-el.dk,7,0,17,1
holykin.com.tw,7,0,17,1
holyland.academy,7,0,17,1
homeexteriorsolutions.com,7,0,17,1
homefiredpizza.com,7,0,17,1
homestead.builders,7,0,17,1
hometowninsurancesolutions.net,7,0,34,1
honcdestruction.com,7,0,17,1
hongkongfreedivingclub.org,7,0,136,1
hopethroughprophecy.com,7,0,17,1
horror-world.com,7,0,48,1
hoshment.ir,7,0,1,1
hospedagemdesit.es,7,0,1,1
hospitalzero.co.kr,7,0,3,1
hossamudin.com,7,0,3,1
host-wise.net,7,0,870,1
hostingkedvezmenyek.hu,7,0,1,1
hostingperupyme.com,7,0,1,1
hosttech.net,7,0,86,1
hosttest.com,7,0,18,1
hotelvividtawang.in,7,0,17,1
hovietcan.com,7,0,1,1
hoyait.com,7,0,17,1
hrdc.nz,7,0,17,1
hrhhackensack.com,7,0,17,1
hubiify.com,7,0,2,1
humanitylab.com,7,0,51,1
humbletrailersupply.com,7,0,17,1
hummusbasar.com,7,0,34,1
hussein-alhammad.com,7,0,1,1
hxj.com.tw,7,0,17,1
iassessor.org,7,0,17,1
iblogo.com,7,0,7,1
ibr-trockenbau.at,7,0,17,1
icelandconsulateghana.com,7,0,1,1
iconikmarathi.com,7,0,1,1
iconnectbrand.com,7,0,2,1
idahogutter.com,7,0,17,1
iestpaltohuallaga.edu.pe,7,0,321,1
igaming.bet,7,0,1,1
iksab.net,7,0,1,1
ilkleytrees.org.uk,7,0,17,1
ilmioprimohosting.it,7,0,28,1
ilotvert.re,7,0,17,1
imagew.com,7,0,1,1
imelioperasso.it,7,0,17,1
imotws.com,7,0,1,1
imperfect.co.il,7,0,17,1
imperialtowerjc.com,7,0,17,1
imperiumlifesciences.com,7,0,17,1
impressdrycleaning.co.uk,7,0,17,1
in7daily.com,7,0,4,1
indiapoolsresult.com,7,0,17,1
indicaodontologia.com.br,7,0,17,1
indigobay.ky,7,0,17,1
indigonyc.com,7,0,1,1
infinitepixels.co.in,7,0,1,1
infinitycarvicenza.it,7,0,17,1
info217.com,7,0,5,1
infoblending.com,7,0,1,1
informationhot.kr,7,0,2,1
inglesessencial.com.br,7,0,17,1
initium.pe,7,0,17,1
inkahostperu.com,7,0,1,1
inmine.com.au,7,0,17,1
innerhealthphysio.co.nz,7,0,17,1
innovpiscine.fr,7,0,1,1
insertdiez.ro,7,0,3,1
insidepro360.com,7,0,3,1
instajob.cloud,7,0,17,1
intelliversity.org,7,0,16,1
interior-inn.com,7,0,17,1
internet-marketeux.fr,7,0,4,1
internetscholars.in,7,0,1,1
intracoastaliron.com,7,0,17,1
invest-in-u.com,7,0,10,1
ioanrus-hram.by,7,0,1,1
iodental.com,7,0,17,1
ionictheme.com,7,0,1,1
iparrajanariak.com,7,0,17,1
ipcamera.lk,7,0,17,1
iptvwings.net,7,0,1,1
irbahmana.com,7,0,1,1
iriaquezironworks.com,7,0,34,1
islandstylehairstudio.com,7,0,41,1
italtende.net,7,0,17,1
itbyggare.se,7,0,1,1
itfever.com,7,0,5,1
itmcyberessentials.ie,7,0,17,1
itstherapydenver.com,7,0,17,1
ivychefagency.com,7,0,17,1
jacksonfishandcoral.com,7,0,17,1
jacksonscreenprint.co.uk,7,0,17,1
jacksontowtruck.com,7,0,17,1
jaderoofing.net,7,0,17,1
jamesshelbydds.com,7,0,17,1
jampa.no,7,0,17,1
jandjspecialservices.com,7,0,17,1
jandspaintingllc.com,7,0,17,1
janezsebenik.com,7,0,1,1
javieroto.wordpress.com,7,0,5,1
jawaresult4d.com,7,0,17,1
jawntsurgery.com,7,0,17,1
jazekerbv.nl,7,0,1,1
jbmdcreations.com,7,0,1,1
jcera.kr,7,0,2,1
jdjrfarms.com,7,0,34,1
jdsuniform.com,7,0,16,1
jdworks1.com,7,0,34,1
jeffbodeau.com,7,0,34,1
jeffstatept.com,7,0,17,1
jekortingscode.nl,7,0,2,1
jenningslandandcattle.com,7,0,102,1
jessearchitecture.nl,7,0,6,1
jessielabo.com,7,0,1,1
jetestrucking.com,7,0,17,1
jetsetstudio.com,7,0,17,1
jeweb.xyz,7,0,1,1
jewelsana.com,7,0,17,1
jgareceivables.com,7,0,51,1
jiefinance.com,7,0,1,1
jigsawkraft.com,7,0,2,1
jirayu.in.th,7,0,24,1
jlconradcommercialfurnishings.com,7,0,34,1
jlcosmeticdentistry.com,7,0,17,1
jlm-ltd.co.uk,7,0,17,1
jmstravels.net,7,0,17,1
jnlproperties.com,7,0,17,1
joatconcreting.com.au,7,0,51,1
jobstamilan.in,7,0,1,1
jocumgoiania.com,7,0,102,1
josephtabone.com.mt,7,0,17,1
jotpro.us,7,0,1,1
journalplexus.com,7,0,4,1
jpctravelsolution.co.uk,7,0,18,1
jsalsacompany.com,7,0,17,1
jsndesign.co.uk,7,0,1,1
jsrarchitecture.com,7,0,17,1
juliagregory.com,7,0,9,1
jungirl.com,7,0,5,1
jungirl.kr,7,0,4,1
junipercc.ca,7,0,34,1
justabloke.co.uk,7,0,11,1
justglam.uk,7,0,17,1
jwcspecialties.com,7,0,17,1
kanlaya-thailand.com,7,0,17,1
karanganbungajambi.com,7,0,17,1
kassy.blog,7,0,1,1
kathisgenusskueche.de,7,0,2,1
kconsult.services,7,0,23,1
ke2b.com,7,0,1,1
keepitcaptured.com,7,0,1,1
kendininpatronu.com,7,0,10,1
kennyohio.com,7,0,2,1
kentct.co.uk,7,0,17,1
kernrxreturn.org,7,0,17,1
keticlarity.com,7,0,17,1
kevintsamo.com,7,0,6,1
key2blogging.com,7,0,3,1
keynotebooks.com,7,0,1,1
keywordontop.com,7,0,2,1
kgestates.com,7,0,16,1
khabeerhosting.com,7,0,1,1
khalsacpa.com,7,0,17,1
khuladharma.com,7,0,17,1
kickhost.com,7,0,1,1
kidstalkrutherglen.co.uk,7,0,17,1
kieranmacrae.com,7,0,4,1
kimmylashes.com,7,0,17,1
kindheartedcompanion.com,7,0,17,1
kinesemarketing.com,7,0,2,1
kingscandyandvapes.co.uk,7,0,17,1
kisstheguitar.com,7,0,18,1
kitchenspray.com,7,0,17,1
kitchentogocatering.com,7,0,17,1
kjbstudyproject.com,7,0,17,1
klam4u.net,7,0,5,1
klivnoy.com,7,0,17,1
klnewproject.com,7,0,17,1
klugins.com,7,0,17,1
kodooku.com,7,0,1,1
kookaburraplumbing.net.au,7,0,17,1
kootneyresorts.com,7,0,17,1
koskanaokulu.com,7,0,18,1
kounoudes.com,7,0,22,1
kovia.co.uk,7,0,17,1
krasenslavov.com,7,0,1,1
kristengyolai.com,7,0,17,1
krisztiviola.hu,7,0,17,1
krytec-int.com,7,0,17,1
ksinternationaldriversed.com,7,0,41,1
kuajinggu.com,7,0,5,1
kudoscode.com,7,0,1,1
kuntalp-arkan-pekguclu.av.tr,7,0,17,1
kvision.com.au,7,0,1,1
kyowa.com.my,7,0,23,1
laapartmentstours.com,7,0,17,1
labradorestravels.com,7,0,51,1
lackyimpianti.com,7,0,2,1
laegemaalov.dk,7,0,17,1
laegemaribo.dk,7,0,17,1
laegenorrealslev.dk,7,0,17,1
lafalegnamegria.it,7,0,34,1
lagnir.is,7,0,1,1
laipearljewelry.com,7,0,17,1
lakemartintours.com,7,0,17,1
lakeminnetonkapilatesbodywork.com,7,0,17,1
lakepointauto.com,7,0,17,1
lakescoaches.com.au,7,0,5,1
lammetudo.com,7,0,4,1
landdiary.co.za,7,0,17,1
landmaarkdevelopers.com,7,0,17,1
landmarkpoolsandmore.com,7,0,82,1
lapeceradepepa.es,7,0,1,1
latapatia-supermarket.com,7,0,34,1
launchmetrics.kr,7,0,1,1
lawyersofbend.com,7,0,32,1
layback.no,7,0,1,1
layeik.com,7,0,2,1
lazura.art,7,0,41,1
lcasn.com,7,0,17,1
leaderinternational.com.tw,7,0,17,1
learnaitoprofit.com,7,0,1,1
learnwebseo.com,7,0,5,1
legendskc.com,7,0,16,1
leicontainer.no,7,0,17,1
lenkaate.com,7,0,2,1
leocarmo.dev,7,0,1,1
leonardomarioto.com,7,0,6,1
leslyandyana.com,7,0,30,1
lettoaccommodation.co.uk,7,0,17,1
levenbergmedical.co.il,7,0,17,1
levitescanada.com,7,0,34,1
lexcorpabogadosmadrid.com,7,0,34,1
leytagen.com,7,0,2,1
lezzetmediterraneangrill.com,7,0,943,1
life-is-everywhere.com,7,0,1,1
life100s.com,7,0,1,1
lifeup38.com,7,0,12,1
lifeworks.uk.com,7,0,17,1
lifeworkswellness.com,7,0,17,1
lightbulbmarketingllc.com,7,0,17,1
lighthousewestmich.net,7,0,34,1
lighttouchiop.com,7,0,17,1
lilipotts.com,7,0,17,1
limitless-training.com.au,7,0,17,1
lincolncommercialcleaners.com,7,0,17,1
link-king.org,7,0,2,1
linxrepairwebsites.com,7,0,5,1
lionode.com,7,0,69,1
lisawaltersinteriors.co.za,7,0,17,1
listerhavnene.no,7,0,34,1
little-know.com,7,0,2,1
littlebookswappersclub.co.uk,7,0,17,1
liumudesign.com,7,0,17,1
living-well-respiratory.co.uk,7,0,17,1
livingecowater.com,7,0,17,1
lizmaw.com,7,0,9,1
lmdiesel.com.au,7,0,17,1
locksmitha2z.com,7,0,17,1
loesapplianceandac.com,7,0,1,1
logaz.co.kr,7,0,1,1
logicladder.org,7,0,1,1
lombokindah.com,7,0,51,1
londonbusinessmagazine.co.uk,7,0,1,1
lonuestrorestaurant.com,7,0,41,1
looppay.co,7,0,51,1
lopsac.com,7,0,17,1
lordmusicuniversal.com,7,0,13,1
losinsumos.com,7,0,51,1
louie-pardesia.co.il,7,0,17,1
louiseanneaesthetics.co.uk,7,0,17,1
lt-airsoft.com,7,0,17,1
ltaccountants.com.au,7,0,17,1
lucky76.asia,7,0,68,1
luckyhome.com.tw,7,0,17,1
lucyfreud.com,7,0,17,1
luhoster.com,7,0,1,1
luminiscent.com,7,0,17,1
lustsoi6.com,7,0,51,1
luxus.ae,7,0,17,1
luzfamilymedical.com,7,0,17,1
lvprojectpools.com.au,7,0,17,1
lvtourusa.com,7,0,32,1
lyareispilates.com.br,7,0,17,1
lynpadden.dk,7,0,1,1
m-cohen.co.il,7,0,17,1
m24investment.com,7,0,17,1
mack-j.com,7,0,4,1
maconlyofwa.com,7,0,17,1
macrolaundry.com,7,0,17,1
maderizarte.com,7,0,1,1
madhumenon.com,7,0,48,1
mafcarpentry.co.uk,7,0,17,1
maggies.ie,7,0,17,1
magiavila.com,7,0,17,1
magnet88jp.hateblo.jp,7,0,1,1
mahinor.com,7,0,1,1
mainframeonline.com,7,0,1,1
mairshoulderdoctoruky.com,7,0,17,1
maislogtransportadora.com.br,7,0,17,1
makeblogging.com,7,0,1,1
makeoverstudio.be,7,0,17,1
makersgroup.pro,7,0,17,1
maldave.com,7,0,5,1
malibupartyrents.com,7,0,17,1
maltaseo.agency,7,0,3,1
managedwpguide.com,7,0,37,1
manilapros.com,7,0,3,1
mannes.tech,7,0,1,1
manorhousekennels.co.uk,7,0,17,1
manvaninfratech.com,7,0,1,1
mapadapalavra.ba.gov.br,7,0,50,1
marabamateriais.com.br,7,0,17,1
marbleterrazzoandtiledoctor.co.uk,7,0,17,1
marcelreschke.com,7,0,17,1
mariemonthearingcenter.com,7,0,17,1
marinanikoliconline.com,7,0,1,1
marinz.io,7,0,4,1
marketer-x.com,7,0,1,1
marketing.net.pk,7,0,1,1
marketingscoop.com,7,0,1,1
marketingskills.fr,7,0,1,1
marketingtoolkit.org,7,0,5,1
marlinemarine.com,7,0,17,1
masjidalinam.com,7,0,17,1
masrawysat111.com,7,0,5,1
massagemaricopa.com,7,0,51,1
masterhiservices.com,7,0,19,1
masy-global.com,7,0,41,1
matejka-zdirec.cz,7,0,17,1
maticlubs.com,7,0,17,1
mattbusiness.com,7,0,2,1
matteogalacci.it,7,0,1,1
mauritiusequestrian.com,7,0,17,1
mawad.info,7,0,17,1
maxwellandfranks.co.uk,7,0,17,1
maytavtours.com,7,0,17,1
mazuripartnerzy.pl,7,0,1,1
mazzalawncare.com,7,0,34,1
mccenter-sa.com,7,0,17,1
mccullagh.ie,7,0,17,1
mcdonaldsteel.com.au,7,0,48,1
mcgowanlandscape.com,7,0,17,1
mcoverheaddoor.com,7,0,17,1
mcube.global,7,0,17,1
mdandtech.net,7,0,17,1
meadowbags.co.za,7,0,17,1
mealsfromthehart.com,7,0,17,1
mediascenebh.com,7,0,2,1
medicare-on-demand.de,7,0,18,1
medicosenmonterrey.com.mx,7,0,17,1
medsafe.bz,7,0,17,1
meerrr.com,7,0,17,1
meetbridge.app,7,0,2,1
mega888.cloud,7,0,17,1
megaimoti-svl.com,7,0,9,1
meilleur-serveur-dedie.fr,7,0,1,1
mekomisolutions.com,7,0,34,1
melho.com.tw,7,0,17,1
memoriafoto.com,7,0,1,1
menn.blog,7,0,1,1
mercaderesdigitales.com,7,0,1,1
merchantexchangeaberdeen.com,7,0,17,1
merchantsmarkets.com.au,7,0,17,1
metatrail.io,7,0,1,1
metco-egypt.com,7,0,17,1
methodmaintenance.nyc,7,0,17,1
metodoaprovaoab.com.br,7,0,34,1
mettaainstitute.com,7,0,1,1
metzingerconstruction.net,7,0,17,1
meusiteagora.com.br,7,0,1,1
meyavraham.com,7,0,17,1
mgsa.mt,7,0,17,1
mi-lydsto.com,7,0,17,1
miaviolinist.com,7,0,17,1
micahgrantguitar.com,7,0,17,1
michaelpeerdds.com,7,0,17,1
micheckprostate.com,7,0,17,1
michelyweb.de,7,0,1,1
microairecolombia.com,7,0,17,1
microsistemas.cl,7,0,3,1
midwesttraveling.com,7,0,17,1
milieuprojecten.nl,7,0,17,1
milkddubu.com,7,0,1,1
millaslogisticas.com,7,0,17,1
miltonmarketing.com,7,0,2,1
miltonstorageltd.com,7,0,17,1
milwaukeecares.org,7,0,17,1
mimirich.com,7,0,1,1
mindfulhealthcove.com,7,0,9,1
mindomerch.com,7,0,17,1
minnesotawebstudio.com,7,0,29,1
minnowsswimschool.co.uk,7,0,17,1
mirage-consulting.co,7,0,16,1
misfitdevelopment.com,7,0,1,1
mk-muehlheim.at,7,0,1,1
mkeverest.com.br,7,0,19,1
mlibwildlife.ca,7,0,17,1
mnelectricians.org,7,0,17,1
mobilegiant.net,7,0,783,1
mobilehealthcareconsulting.com,7,0,34,1
mocationer.com,7,0,4,1
modgarden.com.au,7,0,17,1
modmedia.com,7,0,17,1
modulwood.com,7,0,2,1
moloneyandsons.com.au,7,0,17,1
moneypennybookkeeping.com.au,7,0,68,1
moneyroan.com,7,0,1,1
mongezz.com,7,0,2,1
monstertrucking.com,7,0,17,1
moonlightfuel.com,7,0,17,1
moroccopreneur.com,7,0,1,1
motivasiarab.com,7,0,17,1
motostartrailers.com.au,7,0,17,1
mountsbay-linenhire.co.uk,7,0,51,1
moveismadri.com.br,7,0,17,1
moventusgroup.com,7,0,17,1
moveto-uae.com,7,0,2,1
movieworldentertainments.com,7,0,17,1
mpcc-industrial.co.uk,7,0,17,1
mpeblog.com,7,0,12,1
mpglobalproducts.net,7,0,119,1
mps-commerce.com,7,0,5,1
mr-bag.com.tw,7,0,17,1
mrbrefrigeration.com.au,7,0,16,1
mrecruitment.ie,7,0,17,1
mrhappyburgers.com,7,0,17,1
mrhighsprey.com,7,0,2,1
mrsearo.com,7,0,17,1
msadmin.com,7,0,17,1
msasani.org,7,0,2,1
mspainters.com,7,0,17,1
muchalatgroup.com,7,0,17,1
mullysauto.com,7,0,17,1
multitec.co.th,7,0,17,1
mundoilusiondisenos.com,7,0,1,1
munix.dk,7,0,1,1
muoilog.xyz,7,0,1,1
musclenfitness.co.uk,7,0,17,1
mutual-property.com,7,0,633,1
muyouthempowerment.org,7,0,17,1
mviconstruction.com,7,0,17,1
mvmadvogados.com.br,7,0,17,1
my-hippo.com,7,0,17,1
my-word.com,7,0,17,1
mydaywidget.com,7,0,17,1
mydesignshop.co.il,7,0,17,1
myemergemedspa.com,7,0,17,1
myglitzychick.com,7,0,17,1
mygrowthbox.com,7,0,2,1
mygrowthlog.com,7,0,1,1
myjhb.co.za,7,0,8,1
myondemandcoach.com,7,0,65,1
myprimesecurity.com,7,0,17,1
myprogrammingtutorials.com,7,0,1,1
mysearchlocal.co,7,0,17,1
myswfldreamhome.com,7,0,34,1
myswissholiday.com,7,0,17,1
mytools.dev,7,0,1,1
mzbuilding.co.nz,7,0,17,1
naathletics.co.uk,7,0,17,1
nachollaceractor.com,7,0,17,1
nacryobank.com,7,0,3,1
naijapriceonline.wordpress.com,7,0,3,1
nameless-one.net,7,0,1,1
naturalearth.cl,7,0,17,1
naturalstonepools956.com,7,0,17,1
ncnatureschool.com,7,0,17,1
ndcleaning.com,7,0,17,1
nddoors.lv,7,0,119,1
nearcareconsultorios.com.br,7,0,17,1
neatstudio.com,7,0,111,1
nehamittal.in,7,0,1,1
netgumod.com,7,0,117506,1
netilly.com,7,0,2,1
netoaterro.com.br,7,0,1,1
neurauter.it,7,0,19,1
nevaer.com,7,0,1,1
neverlandmusicfestival.com,7,0,41,1
newbernportablebuildings.com,7,0,17,1
newcastlepallets.com.au,7,0,17,1
newchurchfc.co.uk,7,0,17,1
newera.co.il,7,0,17,1
newspaperreviews.com,7,0,14,1
newtootoo.com,7,0,17,1
newwinelive.com,7,0,17,1
nexivstudio.com,7,0,4,1
nextlevelportabledecks.com,7,0,17,1
nextlevelteacher.com,7,0,17,1
nfctech.eu,7,0,2,1
nicolhub.com,7,0,45,1
nightowlds.com.au,7,0,3,1
nikshdigital.com,7,0,1,1
ninadeeb.com,7,0,51,1
ninjawarriorparks.co.uk,7,0,17,1
nippouseisakusyo.co.jp,7,0,1,1
nitelife.limo,7,0,17,1
niyulife.com.tw,7,0,17,1
nkri.one,7,0,3,1
nobelish.com,7,0,5,1
nodem.com,7,0,1,1
nordicowlcabins.com,7,0,51,1
northforklandscape.com,7,0,17,1
northwestweighbridge.co.uk,7,0,17,1
notjustdesigner.com,7,0,4,1
novaonlinemarketing.com,7,0,17,1
nsggmbh.de,7,0,1,1
nuania.com,7,0,3,1
nue.co.il,7,0,17,1
nuevo-marketing.com,7,0,17,1
nydraincleaning.com,7,0,17,1
nysdiecasting.com,7,0,17,1
nytubelaser.com,7,0,17,1
o2rescue.lu,7,0,1,1
odpgaragedoors.com,7,0,17,1
offdutyjournal.com,7,0,1,1
officinewordpress.it,7,0,61,1
oftalmologoenchihuahua.com,7,0,1,1
ogcphasj.org,7,0,17,1
okemaru1100.com.tw,7,0,17,1
okepapa.com,7,0,1,1
okmetalroofing.com,7,0,17,1
oleificiopavone.com,7,0,2,1
oliviait.com,7,0,1,1
omeedy.com,7,0,2,1
omegaelectric.com.au,7,0,17,1
onedelivery.co.il,7,0,17,1
oneengage.com,7,0,17,1
onemanarmy.in,7,0,1,1
onlineasset.co.il,7,0,2,1
onlinksoft.com,7,0,237,1
onsitesepticengineering.com,7,0,17,1
ontime-ae.com,7,0,17,1
openchannels.fm,7,0,5,1
opmbuildsupply.com,7,0,102,1
optimalathlete.com,7,0,17,1
optimalresearchsites.net,7,0,17,1
orangeink.pk,7,0,1,1
orebic.plus,7,0,1,1
oristravel.cl,7,0,2,1
ortopedistachihuahua.com,7,0,1,1
osaz.org,7,0,17,1
ostroroofing.co.nz,7,0,17,1
otomatix.tech,7,0,1,1
ottaster.com,7,0,32,1
ourcreeksidechurch.com,7,0,17,1
outcallmassagesingapore.com,7,0,17,1
outeredge.biz,7,0,1,1
outfitters.io,7,0,1,1
outletdecolchoes.com.br,7,0,17,1
owa-reproductions.com,7,0,41,1
owatonnaelectric.com,7,0,17,1
oxbowrvparks.com,7,0,17,1
oxfordscaffold.co.uk,7,0,51,1
ozantok.net,7,0,3,1
palazzobeautysuites.com,7,0,17,1
panamera.ae,7,0,17,1
pancresta.com,7,0,4,1
papahun.com,7,0,17,1
papershipping.com,7,0,2,1
parachute4teens.org,7,0,17,1
paradisosholiday.com,7,0,3,1
parasitologyprogramme.org.uk,7,0,4,1
parentconcerns.com,7,0,1,1
pari.cz,7,0,410,1
parkerphilips.co.uk,7,0,17,1
parksidesenior.com,7,0,17,1
parkstudio.biz,7,0,16,1
passionwines.us,7,0,17,1
pastacairo.com,7,0,17,1
pasztellrestaurant.hu,7,0,17,1
patriotjiu-jitsu.com,7,0,17,1
pattyn-werkkledij.be,7,0,17,1
pawperfectdoggrooming.com,7,0,17,1
pcdce.co.in,7,0,17,1
peakprevail.au,7,0,1,1
pedroromerodds.com,7,0,17,1
peekabellyhouston.com,7,0,17,1
pentiminax.fr,7,0,8,1
pepitesdor.ch,7,0,17,1
percentager.com,7,0,17,1
permis-a-points-anper.com,7,0,2,1
pestdestructo.com,7,0,17,1
petfoodeurofish.com,7,0,17,1
peticija.si,7,0,68,1
petstylecut.com.au,7,0,17,1
peymanz.com,7,0,17,1
pfvs.nl,7,0,17,1
pgelectrical.ca,7,0,17,1
philaeshriners.ca,7,0,17,1
phoenix-insulation.com,7,0,51,1
phoenixvillehandyman.com,7,0,17,1
photographics.co.nz,7,0,2,1
pianobynaira.com,7,0,17,1
pinkysgirls.com,7,0,34,1
pizzadelique.com,7,0,51,1
pizzanoni5.fr,7,0,17,1
pjlogisticsagency.com,7,0,34,1
pjssolutions.co.uk,7,0,17,1
pksound.com,7,0,1,1
places2nest.co.uk,7,0,17,1
plant-wide.com,7,0,1,1
playingjackal.com,7,0,1,1
playinthrough.com,7,0,17,1
plsurgicalcenter.com,7,0,17,1
pocketlisting.io,7,0,1,1
podiocrms.com,7,0,2,1
pointnet.it,7,0,3,1
pointsourcemarketing.com,7,0,1,1
polegatetaxis.co.uk,7,0,9,1
popupangels.com,7,0,23,1
porn168.net,7,0,17,1
porras.ch,7,0,4,1
portals.biz,7,0,2,1
poshaestheticswellness.com,7,0,17,1
possostore.com,7,0,102,1
postalforce.com,7,0,16,1
postheaven.net,7,0,1,1
postincome.co.kr,7,0,8,1
potentgoat.com,7,0,17,1
powur.solar,7,0,17,1
ppcpartner.cz,7,0,1,1
prabhudattasahoo.com,7,0,1,1
pracowniaoprawyobrazow.com.pl,7,0,17,1
practical-guide.com,7,0,17,1
precisiondentaldiagnostics.com,7,0,17,1
precisionframingny.com,7,0,17,1
precisionproperty.com.au,7,0,3,1
premierbuildingsofmartin.com,7,0,17,1
premiercarpetsandmore.com,7,0,17,1
premierptiowa.com,7,0,17,1
pressless.io,7,0,1,1
pressmens.ca,7,0,17,1
pressvibepulse.com,7,0,1,1
prestigerealtymb.com,7,0,17,1
prestigioussecret.gr,7,0,34,1
pride-library.co.il,7,0,17,1
primesiteuk.com,7,0,1,1
princebarbers.co.uk,7,0,68,1
printingfortworth.com,7,0,1,1
printingmesa.com,7,0,1,1
printingsanjose.com,7,0,1,1
pristinekosher.com,7,0,17,1
proapkdown.com,7,0,1,1
probioform.se,7,0,17,1
prodajastanova.org,7,0,1,1
programbr.com,7,0,43,1
programmebristol.co.uk,7,0,17,1
projectassistant.org,7,0,1,1
projfix.com.br,7,0,17,1
prokolusa.com,7,0,51,1
promenade1.com,7,0,17,1
promo-kod.org,7,0,1,1
promocodis.dk,7,0,2,1
propertihub.in,7,0,1,1
prosettings.jp,7,0,117096,1
prowrap.academy,7,0,17,1
pryacht.com,7,0,1,1
psservicesla.com,7,0,17,1
pubgolfchallenge.com,7,0,17,1
pulsapi.com,7,0,2,1
purespringwatersoftenersfilterschandler.com,7,0,17,1
purespringwatersoftenersfiltersdallas.com,7,0,34,1
purespringwatersoftenersfiltersmurrieta.com,7,0,17,1
puripas.com,7,0,3,1
pusatbatualamcirebon.com,7,0,17,1
pvyempire.com,7,0,31,1
pwcareobgyn.com,7,0,15,1
pyuxiang.com,7,0,3,1
pzmedia.co.il,7,0,2,1
qlopedia.com,7,0,6,1
qob.co.nz,7,0,17,1
qpinails.com,7,0,17,1
quartzsitesbc.com,7,0,17,1
qudra.ae,7,0,17,1
quicklybbt.com,7,0,17,1
quintadesantaclara.com,7,0,38,1
qwerto.cc,7,0,1,1
ractar.com,7,0,17,1
rainelondon.com.au,7,0,17,1
ramirezjanitorialservices.com,7,0,17,1
randbmechanical.com,7,0,17,1
raonblog.com,7,0,3,1
raspberrytips.es,7,0,1,1
ratelivo.com,7,0,4,1
ravooschilderwerken.nl,7,0,34,1
rayawp.ir,7,0,1,1
rayawp.net,7,0,1,1
rayselectric.ca,7,0,17,1
razano.ma,7,0,17,1
rclchatt.com,7,0,17,1
rdg-engineering.nl,7,0,17,1
rebeccashore.com,7,0,17,1
reddlx.com,7,0,2,1
redwoodrgv.com,7,0,17,1
reefnj.org,7,0,16,1
reevestreetstorage.co.nz,7,0,51,1
referralcode.tv,7,0,1,1
referraldrop.com,7,0,24,1
refugeeinformation.org,7,0,17,1
rehillandson.co.uk,7,0,17,1
rejanetoigo.com.br,7,0,17,1
relocalisationmontreal.com,7,0,17,1
remedyhealthalaska.com,7,0,17,1
renacerchurchmiami.com,7,0,17,1
rennetti.com,7,0,14,1
rentingbrooksandgreen.co.uk,7,0,17,1
resinboundni.co.uk,7,0,6,1
resortiumconcepts.com.au,7,0,17,1
resortrijnhaven.nl,7,0,17,1
responsywnie.pl,7,0,1,1
retinaclear-retina-clear.com,7,0,41,1
revertface.com,7,0,1,1
review42.com,7,0,1,1
reviewedshop.com,7,0,1,1
revitfamilies.online,7,0,17,1
revivenp.com,7,0,17,1
revuo.ai,7,0,33,1
reytemper.com.br,7,0,35,1
rhobalists.altervista.org,7,0,1,1
rhpropertymgmt.com,7,0,17,1
rich-salon.co.uk,7,0,17,1
richardcastera.com,7,0,1,1
richers.co,7,0,7,1
rimona.co.il,7,0,17,1
ritahairbeautystudio.com.au,7,0,17,1
rivaam.com,7,0,51,1
rjdance.co.uk,7,0,17,1
robiestrony.co.uk,7,0,2,1
robrobertson.com,7,0,17,1
rockstarseo.ca,7,0,1,1
rocksteady.ca,7,0,17,1
roctina.com,7,0,41,1
rokali.com,7,0,17,1
roll-outcarpets.co.uk,7,0,17,1
roofingcomplete.ie,7,0,17,1
roots2success.org.uk,7,0,17,1
rosendalelaw.com,7,0,48,1
rosiefeetpodiatry.co.uk,7,0,17,1
roundboxestates.co.uk,7,0,17,1
rugidodigital.com,7,0,17,1
runm.org,7,0,17,1
rurusugar.com,7,0,17,1
rushco.com.br,7,0,17,1
rushhoster.com,7,0,1,1
rwheelerlegal.com,7,0,17,1
saasdata.vercel.app,7,0,1,1
saashostly.com,7,0,2,1
sacim-ngo.com,7,0,17,1
safeengineering.com.sg,7,0,9,1
sageclinicalservices.sg,7,0,2,1
saharawebs.com,7,0,41,1
said.net,7,0,3,1
sailingbar.gr,7,0,17,1
saintsebastianelitecollege.com,7,0,1,1
saju-master.com,7,0,11,1
sakusite.com,7,0,1,1
samba-holdings.com,7,0,17,1
sameness.co,7,0,1,1
samueljacques.com,7,0,17,1
sandhillsoptimistclub.org,7,0,17,1
sanremo.tech,7,0,68,1
santumweb.com,7,0,3,1
sarahsampino.com,7,0,17,1
sargentbaptist.com,7,0,17,1
sasimamoonlight.com,7,0,17,1
saurashtragupshup.com,7,0,1,1
savas.co.uk,7,0,14,1
savingmojo.com,7,0,1,1
sayhello.co.kr,7,0,2,1
schipholparking.eu,7,0,17,1
schneberglaw.com,7,0,34,1
schneiderelevator.org,7,0,17,1
scholarlyo.com,7,0,2,1
schumanclean.com,7,0,2,1
schuppel.net,7,0,2,1
sclegacyfarms.com,7,0,17,1
scooterdoctororlando.com,7,0,17,1
scratchawaydetailing.com.au,7,0,17,1
screedproflooring.co.uk,7,0,17,1
scuolasem.education,7,0,17,1
sddghana.org,7,0,17,1
sdes.edu.np,7,0,1,1
sdwelectricalsolutions.com.au,7,0,17,1
seafoodholdhand.com,7,0,3,1
sealharborrug.com,7,0,27,1
seanbreeden.com,7,0,2,1
seavillasapartments.com,7,0,17,1
secabinets.com.au,7,0,2,1
seccotech.at,7,0,17,1
seek-advertising.com,7,0,17,1
sefritora.co.il,7,0,17,1
selfiestudio509.com,7,0,17,1
selson.in,7,0,85,1
seo-koumei.com,7,0,1,1
seoactionblog.com,7,0,2,1
seoartillery.com,7,0,1,1
seol.store,7,2,0,1
seoportlandmaine.com,7,0,1,1
seosmohub.com,7,0,2,1
seowithsunny.com,7,0,5,1
sermonplaylist.com,7,0,17,1
serralheriahumaita.com.br,7,0,17,1
serveandsip.com,7,0,19,1
sexymaidsbangkok.com,7,0,1,1
sgcssurrey.co.uk,7,0,17,1
shadowd.com.sa,7,0,17,1
shahenexpress.com,7,0,17,1
shalomshore.com,7,0,2,1
shedhappens.info,7,0,17,1
shedsofabbeville.com,7,0,17,1
shedsofalbemarle.com,7,0,17,1
shedsofalexandria.com,7,0,17,1
shedsofalice.com,7,0,17,1
shedsofberlin.com,7,0,17,1
shedsofbrainerd.com,7,0,17,1
shedsofbroussard.com,7,0,17,1
shedsofcanyon.com,7,0,17,1
shedsofchickasha.com,7,0,17,1
shedsofcottonwood.com,7,0,17,1
shedsofcoudersport.com,7,0,17,1
shedsofcrowley.com,7,0,17,1
shedsofdonna.com,7,0,17,1
shedsofdothan.com,7,0,17,1
shedsofelreno.com,7,0,17,1
shedsofemmett.com,7,0,17,1
shedsofemory.com,7,0,17,1
shedsoffredericksburg.com,7,0,17,1
shedsofgreenville.com,7,0,17,1
shedsofgulfport.com,7,0,17,1
shedsofheyburn.com,7,0,17,1
shedsofhobbs.com,7,0,17,1
shedsofidahofalls.com,7,0,17,1
shedsofjasper.com,7,0,17,1
shedsofjourdanton.com,7,0,17,1
shedsofkaplan.com,7,0,17,1
shedsoflakewales.com,7,0,17,1
shedsoflavonia.com,7,0,17,1
shedsofleduc.com,7,0,17,1
shedsoflondon.com,7,0,17,1
shedsoflouisville.com,7,0,17,1
shedsofluthersville.com,7,0,17,1
shedsofmanhattan.com,7,0,17,1
shedsofmansfield.com,7,0,17,1
shedsofmerlin.com,7,0,17,1
shedsofmilan.com,7,0,17,1
shedsofnatchitoches.com,7,0,17,1
shedsofpoplarbluff.com,7,0,17,1
shedsofpostfalls.com,7,0,17,1
shedsofprinceton.com,7,0,17,1
shedsofquincy.com,7,0,17,1
shedsofsaintrobert.com,7,0,17,1
shedsofsanangelo.com,7,0,17,1
shedsofseminole.com,7,0,17,1
shedsofshafer.com,7,0,17,1
shedsofshowlow.com,7,0,17,1
shedsofstar.com,7,0,17,1
shedsoftahlequah.com,7,0,17,1
shedsofvaldosta.com,7,0,17,1
shedsofwadesboro.com,7,0,17,1
shedsofwestcolumbia.com,7,0,17,1
shedsofwestlake.com,7,0,17,1
shedsofyadkinville.com,7,0,17,1
shen-chen.com,7,0,17,1
shenperio.com,7,0,17,1
shop-time.co.il,7,0,17,1
shophtmlpro.com,7,0,1,1
shuimu125.com,7,0,17,1
siberbulucu.com,7,0,1,1
siconstructionidaho.com,7,0,102,1
signcompanywilmingtonnc.com,7,0,17,1
siliconvalleyseo.ai,7,0,23,1
simmonsbak.com,7,0,17,1
simpkinsschoolresidences.com,7,0,17,1
simplefunpc.com,7,0,4,1
singaporeairporttransfers.com,7,0,17,1
singaporebusbooking.com,7,0,17,1
singletreenc.com,7,0,1,1
sippicandigital.com,7,0,50,1
sips-schilderonderhoud.nl,7,0,17,1
siteanalyticstool.com,7,0,4,1
siteauditservices.co.uk,7,0,17,1
skillsladder.co.uk,7,0,17,1
skyforbes.com,7,0,6,1
skylinefba.com,7,0,1,1
slaterroofing.co.nz,7,0,17,1
slayne.fr,7,0,6,1
slayva.com,7,0,1,1
sliceoflife.hu,7,0,1,1
slimanehma.com,7,0,1,1
slowdaylog.com,7,0,1,1
smallsnail-zero.com,7,0,1,1
smithmechanicalair.com,7,0,34,1
smk.dev,7,0,1,1
smoothridecarrentals.net,7,0,41,1
snenw.com.au,7,0,17,1
snowflake2023.com,7,0,2,1
sobraoerico.com,7,0,17,1
sofia-aikido.com,7,0,34,1
softblog.tw,7,0,12,1
softpowerbiz.com,7,0,1,1
sogo-ona.com,7,0,1,1
solarizehome.com,7,0,17,1
someandweb.dk,7,0,2,1
somersetsecurities.com,7,0,17,1
somervilleplaster.com.au,7,0,17,1
songwritersmb.com,7,0,17,1
soninow.com,7,0,30,1
sonnos.co.uk,7,0,17,1
sonyah.pro,7,0,4,1
soon7.net,7,0,1,1
sophiemeister.com,7,0,17,1
sordykk.no,7,0,17,1
sosyalhobi.com,7,0,6,1
soundfusionradio.net,7,0,1,1
sourcelink.co.kr,7,0,17,1
southernlanka.lk,7,0,1,1
southernsydneyangiography.com,7,0,17,1
southmainapartmentstemple.com,7,0,17,1
southsoundtimes.com,7,0,41,1
southwindpa.com,7,0,17,1
space-box.nl,7,0,17,1
spakkamstantony.org,7,0,1,1
sparknewsbeam.com,7,0,3,1
specab.se,7,0,17,1
sportsdiscussion.co.uk,7,0,17,1
sportwest.com.ar,7,0,1,1
spoutnik.org,7,0,17,1
sprout-flowers.com,7,0,7,1
squareblogs.net,7,0,6,1
srkcooltech.com,7,0,17,1
srplay.com,7,0,17,1
ssproject.tw,7,0,85,1
stackoptic.com,7,0,6,1
stahl-partner.com,7,0,17,1
stallaf.net,7,0,8,1
stamfordbespoke.co.uk,7,0,51,1
stampinsurance.co.uk,7,0,17,1
starkumzug.ch,7,0,17,1
startacademyglobal.com,7,0,17,1
staypress.co.uk,7,0,2,1
steadfastscaffoldingnz.co.nz,7,0,17,1
steaimportexport.com,7,0,17,1
steerings.in,7,0,17,1
steinertrenching.com,7,0,17,1
stepbystart.com,7,0,7,1
stickercyborg.com,7,0,17,1
stiftelsenarken.no,7,0,7,1
stilwellconstruction.com,7,0,34,1
stjohns-deled.in,7,0,17,1
stomatologia-gogol.pl,7,0,17,1
stoneridgehospice.com,7,0,41,1
stonewaterproofing.com,7,0,17,1
stoneyridgecon.com,7,0,17,1
storeandhost.com,7,0,2,1
storemantis.com,7,0,12,1
stratmatlaundromat.com,7,0,17,1
streetpanoramaview.com,7,0,9,1
strongweb.net,7,0,2,1
studio-dongen.nl,7,0,17,1
studiocremoniniansaloni.it,7,0,17,1
studiogestionesinistri.com,7,0,17,1
studiohousedxb.com,7,0,17,1
studioluparia.it,7,0,5,1
studioofdesign.net,7,0,17,1
studiorivastp.it,7,0,1,1
studiotentoon.nl,7,0,17,1
stunninglandscapes.ca,7,0,18,1
sturts.co.uk,7,0,17,1
stylishsanctuaries.com,7,0,17,1
styyll.com,7,0,1,1
sublimateanything.com,7,0,17,1
submitatool.com,7,0,1,1
suburbiapress.com,7,0,1,1
sudsandbuds.org,7,0,85,1
sugoiitattoos.com,7,0,17,1
sultanee.com,7,0,1,1
sunarch.dev,7,0,1,1
sundryinfo.com,7,0,4,1
sunrisecoolingsa.com,7,0,17,1
super777games.com,7,0,17,1
superdin.top,7,0,6,1
superwin9a1.com,7,0,17,1
supremehirers.com,7,0,17,1
surelygreenlandscapingllc.com,7,0,51,1
svpautocollision.com,7,0,17,1
svtaxicabs.com,7,0,17,1
sweetpreviews.com,7,0,34,1
sweetwillowmassage.com,7,0,34,1
swergroup.com,7,0,17,1
swisstreasures.ch,7,0,51,1
swordfishdiving.com,7,0,17,1
syana-tech.com,7,0,17,1
sydneycontainertransport.com.au,7,0,17,1
sykorahomedesign.com,7,0,17,1
sylacaugaportablebuildings.com,7,0,17,1
szekhelyszolg.hu,7,0,17,1
szybkilak.pl,7,0,1,1
t163.com,7,0,1,1
tadashimoriya.jp,7,0,2,1
tadweertrading.com,7,0,17,1
tahitiannoni.net.pe,7,0,17,1
tajrbati.com,7,0,6,1
tallerdecosturaisen.com,7,0,17,1
tamiminou.com,7,0,17,1
tammey.org,7,0,82,1
tamweel-holding.com,7,0,17,1
tangledtech.com,7,0,1,1
tangoshift.com,7,0,17,1
tanyawillislaw.com,7,0,17,1
tapp-it.co.il,7,0,17,1
targetconstructorsinc.com,7,0,17,1
targetfm.com,7,0,17,1
tarikhennen.com,7,0,2,1
taskmanagementtools.com,7,0,1,1
tcb.studio,7,0,1,1
teachbyguru.com,7,0,17,1
teachermaayan.com,7,0,17,1
teamaccuracy.com,7,0,17,1
tech4business.co.in,7,0,4,1
techlin.org,7,0,1,1
technoworkshop.in,7,0,19,1
tedejolacarta.com,7,0,17,1
telllisa.com,7,0,17,1
telmiss.pl,7,0,1,1
tema.services,7,0,34,1
terraco.com.tr,7,0,3,1
terravillahuahin.com,7,0,17,1
terrymyers.blog,7,0,1,1
teslaowner.co.kr,7,0,3,1
tesoro-mio.gr,7,0,1,1
texascertifiedhomeinspection.com,7,0,17,1
thailandpoolsresult.com,7,0,17,1
thailegal.co.th,7,0,17,1
thaireviewworld.com,7,0,4,1
the-pool.com,7,0,1,1
theadguys.ng,7,0,1,1
theaffiliateslist.com,7,0,36,1
theaisignal.com,7,0,1,1
thebaitsmotel.ca,7,0,34,1
theblackcircuit.com,7,0,17,1
theblacklineservice.com,7,0,17,1
thecamillemusical.com,7,0,51,1
thecatering.it,7,0,17,1
theceoband.com,7,0,17,1
thecomfortzine.com,7,0,1,1
thecurlylook.com,7,0,17,1
thedirtyrockinscoundrels.com,7,0,119,1
thefurnaceguys.ca,7,0,17,1
thegentlemanstonsorium.co.uk,7,0,68,1
thegolnetwork.com,7,0,17,1
thegraniteguyllc.com,7,0,17,1
thegratifiedblog.com,7,0,1,1
thegreenmachinecleaning.com,7,0,17,1
thehill.estate,7,0,1,1
thehoustoncafe.com,7,0,41,1
theloorens.com,7,0,17,1
themakitachronicles.com,7,0,21,1
thepalmygroomer.com.au,7,0,17,1
thepaymaster.co.uk,7,0,2,1
theploughinnevents.co.uk,7,0,17,1
therapymarketingsolutions.com,7,0,1,1
therecruiters.biz,7,0,17,1
thermozonecorp.com,7,0,17,1
therutlandarms.co.uk,7,0,16,1
thesloydschool.com,7,0,17,1
thestonemasons.com,7,0,17,1
thetravelerbd.com,7,0,4,1
thevacationshop.com,7,0,17,1
thewildside.com.au,7,0,17,1
theyardox9.com,7,0,17,1
thfsolutions.co.nz,7,0,17,1
thinhtony.com,7,0,1,1
thinkforges.com,7,0,1,1
thinkmonarch.com,7,0,17,1
thomasfragoso.com.br,7,0,17,1
thomasgardensmn.com,7,0,17,1
thomasstarr.com,7,0,17,1
thorntonautohailrepair.com,7,0,1,1
thrivelance.com,7,0,5,1
thunderhorse.com,7,0,17,1
thyrsushk.com,7,0,51,1
tianwenwangluo.com,7,0,37,1
ticaridunya.net,7,0,1,1
tiderecapital.com,7,0,17,1
tiffanysnotes.com,7,0,2,1
tigress.cc,7,0,2,1
timesavinglife.co.kr,7,0,3,1
timlogistic.com,7,0,34,1
tinyblogging.com,7,0,5,1
tinytigerelc.com,7,0,17,1
tipikidia.blog,7,0,2,1
tirnanogbandb.com,7,0,17,1
tistory.club,7,0,1,1
tiwebpro.com,7,0,14,1
tjshearing.ca,7,0,34,1
toccoasheds.com,7,0,17,1
todaynewstime.net,7,0,17,1
tokyoboy.me,7,0,1,1
tomaxredovisning.se,7,0,17,1
tombostrom.com,7,0,1,1
tommykwan.com,7,0,1,1
tonakai1070.com,7,0,1,1
tonnenreinigung.at,7,0,17,1
tonytiling.ie,7,0,17,1
toolviro.com,7,0,5,1
toozoo.it,7,0,2,1
topdesignmobiliario.com.br,7,0,34,1
topfixsolar.ie,7,0,17,1
topiowalawyer.com,7,0,34,1
toppicktools.com,7,0,88,1
topqualitylumber.com,7,0,17,1
topseoblog.com,7,0,1,1
topshop.marketing,7,0,17,1
topteaming.com,7,0,55,1
toptenpercentmarketing.com,7,0,1,1
toskarate.com,7,0,17,1
totalfloorcare.biz,7,0,17,1
totaltsm.co.uk,7,0,17,1
touchofgraceevents.com,7,0,17,1
toy0727.co.kr,7,0,1,1
traffic-global.com,7,0,2,1
travelersofstoke.com,7,0,17,1
travelnetagents.com,7,0,17,1
treesurgeonsguildford.com,7,0,17,1
trevorgensler.com,7,0,1,1
triple9mediaonline.co.th,7,0,17,1
tritonfloats.com,7,0,68,1
tritonsgaragenorthbeach.com,7,0,19,1
truenorthglobal.com,7,0,17,1
tryglorius.com,7,0,17,1
trypod.in,7,0,17,1
turkmaxi.org,7,0,2,1
turnerphysiotherapy.com,7,0,17,1
tuscany-townhomes.com,7,0,51,1
tusharmodi.in,7,0,2,1
twoatom.com,7,0,68,1
twoplusa.com,7,0,1,1
tysnestaxi.no,7,0,51,1
tytanelectrical.co.nz,7,0,17,1
tziga.co.il,7,0,17,1
uame.edu.mx,7,0,10,1
ucheng.io,7,0,1,1
udorami.com,7,0,33,1
ulsterquartet.com,7,0,9,1
ultimategaragedoorinc.com,7,0,17,1
ultimatemultisite.com,7,0,74,1
umatechnology.org,7,0,6,1
unasetia.com,7,0,17,1
unboundedfruit.com,7,0,17,1
uncoverai.co,7,0,1,1
undercover-arts.com,7,0,17,1
underthewillowworld.com,7,0,51,1
underwatermuseum.com,7,0,17,1
ungs-blog.com,7,0,5,1
unipluralacademy.com,7,0,17,1
uniprojekt.si,7,0,17,1
uniq-sound.com,7,0,17,1
united-electricals.com,7,0,51,1
unocopls.com,7,0,17,1
untlaser.com,7,0,17,1
upcannabis.store,7,0,17,1
upperlevel.com,7,0,1,1
upsell.com,7,0,4,1
urbanmovement.art,7,0,17,1
usahomedialysis.com,7,0,17,1
usaker.com,7,0,2,1
usedbooks.net.in,7,0,17,1
usptcg.me,7,0,42,1
uyaina.com,7,0,17,1
v12dealers.com,7,0,41,1
vaacupuncture.com,7,0,17,1
valenciasupperclub.com,7,0,17,1
valkyriestorage.co.nz,7,0,17,1
valleybiblechurchva.com,7,0,11,1
vaping425.com,7,0,10,1
vbmarketing.it,7,0,1,1
veckonummer-se.se,7,0,2,1
vekavent.com.au,7,0,51,1
veltrilogistics.com,7,0,1,1
ventsmagazine.com,7,0,7,1
venturacountyrestoration.com,7,0,1,1
verdoneeditore.com,7,0,1,1
verifiedtitleagency.com,7,0,34,1
verilytransport.com,7,0,17,1
vernoncarpetcleaning.com,7,0,19,1
veroofing.com,7,0,17,1
versiondb.io,7,0,1,1
vertexliving.co.uk,7,0,17,1
vietnampoolsresult.com,7,0,17,1
vif-com.com,7,0,4,1
vif-tax.com,7,0,4,1
vignoux.fr,7,0,1,1
vigowood.co.il,7,0,17,1
vincentreading.com,7,0,4,1
vintageandco.mt,7,0,17,1
vishallawinstitute.ac.in,7,0,17,1
vital.pe,7,0,17,1
vivecajas.com,7,0,17,1
vivirewellness.com,7,0,26896,1
vivoken.com,7,0,2,1
vizagpalms.in,7,0,17,1
vizulink.com,7,0,17,1
vjenterprises.com.in,7,0,34,1
vnextr.com,7,0,4,1
voittoinsights.in,7,0,2,1
volid.co,7,0,119,1
volmerprojecten.nl,7,0,17,1
voltexconcretos.com,7,0,17,1
vpscue.com,7,0,1,1
vtcpl.com,7,0,17,1
vuln.dev,7,0,1,1
vweb.dev,7,0,1,1
waggaproturf.com.au,7,0,17,1
waiwang.org,7,0,4231,1
wakephone.com,7,0,12,1
wansal.co,7,0,2,1
warmuthinstitute.com,7,0,51,1
warrantyprotectioncompany.com,7,0,17,1
waterfalls.ddns.net,7,0,6,1
waterhouserentals.com,7,0,17,1
watermarkefl.com,7,0,28,1
watso.app,7,0,1,1
wcca.com.br,7,0,17,1
webbloggertips.com,7,0,1,1
webhosting.school,7,0,1,1
webhostingcompare.com,7,0,1,1
webhostingdekho.com,7,0,1,1
webies.my,7,0,2,1
webinke.co.il,7,0,44,1
webpanel.link,7,0,17,1
websafetyscore.com,7,0,1,1
websiterating.com,7,0,24,1
websmart.co.kr,7,0,4,1
weddinghairstyle.hu,7,0,1,1
weddingsbykeeran.com,7,0,102,1
weemacks.com,7,0,17,1
weinbau-taufratzhofer.at,7,0,2,1
weisautorepair.com,7,0,17,1
wellisspa.se,7,0,2,1
wereldvolmagie.nl,7,0,6,1
werite.net,7,0,1,1
westernhillshc.com,7,0,17,1
westfieldsheds.com,7,0,17,1
westmidlandshydraulics.co.uk,7,0,51,1
westpacind.com,7,0,17,1
whalomwash.com,7,0,17,1
whdentalpractice.co.uk,7,0,16,1
whitelotusimpex.com,7,0,17,1
whitesharkevent.com,7,0,17,1
wijnbarsante.nl,7,0,17,1
wildfireweightloss.com,7,0,17,1
willowandfox.co.uk,7,0,17,1
wilson-printing.com,7,0,16,1
windowdepotusa.partners,7,0,17,1
windows1.net.au,7,0,17,1
winecarelogistics.com,7,0,17,1
winonamc.com,7,0,17,1
wishingwellnessmedicalspa.net,7,0,17,1
witscode.com,7,0,1,1
woocustomdev.com,7,0,2,1
woodbridgetowingservice.com,7,0,17,1
woodqatar.com,7,0,17,1
woojong.co.kr,7,0,8,1
woopressblog.co.kr,7,0,3,1
workplace.london,7,0,17,1
worldofgeek.be,7,0,1,1
worldopenai.com,7,0,1,1
worldsquare.com,7,0,17,1
wos.ca,7,0,17,1
wp-follow-me.kr,7,0,67,1
wp-northeast.co.uk,7,0,1,1
wp.agency,7,0,1,1
wpandseo.tw,7,0,59,1
wpcheck.be,7,0,1,1
wpdetective.io,7,0,2,1
wpenchant.com,7,0,4,1
wpmakers.cz,7,0,1,1
wpmartech.com,7,0,1,1
wpmisuzu.com,7,0,1,1
wpshowposts.com,7,0,16,1
wpsinhala.com,7,0,1,1
wptechstudio.net,7,0,1,1
wptr.net,7,0,3,1
wpwatercooler.com,7,0,48,1
wrightwheelerdentistry.com,7,0,16,1
writeablog.net,7,0,3,1
wsm-associates.co.uk,7,0,17,1
wunderlandmedia.de,7,0,4,1
wurmkomposter.com,7,0,1,1
xdteducation.com,7,0,17,1
xiaolikt.com,7,0,6313,1
xlreport.com,7,0,17,1
xtremetumblers.com,7,0,41,1
yachtsmiths.com.au,7,0,17,1
yatalm.com,7,0,17,1
yddimensions.com,7,0,17,1
yelloweasel.com,7,0,17,1
yen-jing.com.tw,7,0,17,1
ylang-ylang.co.il,7,0,17,1
ylsmog.com,7,0,17,1
yomi-bito.jp,7,0,14022,1
yomoblog.com,7,0,2,1
yon.fun,7,0,1,1
yosko.net,7,0,1,1
youni.com.br,7,0,37,1
yourfreedompromo.com,7,0,17,1
yzlit.com,7,0,1,1
z-trader.com,7,0,17,1
z10financegroup.com.au,7,0,17,1
zakat-kama.co.il,7,0,17,1
zanda.hu,7,0,17,1
zhong-sia-plant.com,7,0,17,1
znbound.com,7,0,1,1
znizkinahosting.pl,7,0,1,1
zoe-lavender.co.uk,7,0,17,1
zonedenutrition.com,7,0,17,1
zopdemo.com,7,0,17,1
zserbytow.edu.pl,7,0,1,1
zudeleather.com,7,0,17,1
zyd9988.com.tw,7,0,17,1
1001buonisconto.it,6,0,3,1
1001couponcodes.co.nz,6,0,2,1
1001cuponesdedescuento.com.co,6,0,3,1
11beachclub.com,6,0,17,1
1600sat.com,6,0,17,1
17th-bluemoon.com,6,0,4,1
1il.xyz,6,0,11,1
1reddrop.com,6,0,6,1
1stdelawarelocksmith.com,6,0,17,1
1vps.com,6,0,2,1
2ndchancemarinerestoration.com,6,0,17,1
2u2.com.au,6,0,4,1
331lincoln.com,6,0,51,1
33z.net,6,0,20,1
360officeinteriors.co.uk,6,0,17,1
365businesstips.com,6,0,1,1
395hamptonroad.com,6,0,17,1
3dayseo.com,6,0,1,1
3dim.hu,6,0,1,1
3dpowertools.com,6,0,2,1
3pipe.net,6,0,41,1
3rabreviews.com,6,0,27,1
48venture.com,6,0,17,1
509pristinewindows.com,6,0,17,1
50plusblogging.com,6,0,1,1
51ststatetavern.com,6,0,1845,1
5280hvacdenver.com,6,0,17,1
57883.net,6,0,4,1
5minutesseo.com,6,0,3,1
603chiros.com,6,0,17,1
609mainstreet.com,6,0,1,1
66analytics.com,6,0,2,1
66audit.com,6,0,2,1
66pusher.com,6,0,2,1
66qrcode.com,6,0,2,1
66qrmenu.com,6,0,2,1
66socialproof.com,6,0,2,1
66text.com,6,0,2,1
66toolkit.com,6,0,2,1
66transfer.com,6,0,2,1
66uptime.com,6,0,2,1
66vcard.com,6,0,2,1
6amsolution.pk,6,0,2,1
6dollaroutsourcing.com,6,0,17,1
75sommervilleestate.com,6,0,1,1
7daysrealestate.com.au,6,0,1,1
883.com.au,6,0,17,1
99techpost.com,6,0,2,1
a1paintingservices.com.au,6,0,51,1
a1surveys.com.au,6,0,17,1
a2zgaragedoorfl.com,6,0,17,1
aaaconstructionandremodelinginc.com,6,0,17,1
aaagaragedoorservice.com,6,0,17,1
aaapatios.com.au,6,0,51,1
aaliyahscalmingspa.com,6,0,17,1
aanmelden-zoekmachines.info,6,0,1,1
abcphotocpe.com,6,0,17,1
abn-ad.com,6,0,5,1
aboutyoublog.com,6,0,3,1
ac888.club,6,0,17,1
academialumbreras.edu.pe,6,0,1,1
accidentangels.net,6,0,17,1
acehweb.com,6,0,3,1
acemlnc.com,6,0,3,1
acleanersmile.com,6,0,17,1
ad-links.org,6,0,149,1
adalbouw.nl,6,0,17,1
addisonhall.design,6,0,3,1
addthinking.com,6,0,1,1
adilahmad.ca,6,0,17,1
adkbn.org,6,0,17,1
adminassistaustralia.com,6,0,17,1
adminclub.org,6,0,45,1
admsurveyors.co.uk,6,0,1,1
adorereview.com,6,0,2,1
adriandixon.biz,6,0,17,1
adsenselink.com,6,0,169,1
advancedflooringcanada.com,6,0,17,1
advanceidea.co.in,6,0,6,1
adwards.in,6,0,17,1
aerostar-hk.com,6,0,17,1
afcconnectpoint.com,6,0,34,1
affiliatebay.net,6,0,9,1
affiliateclassifiedads.com,6,0,1,1
affiliateinfohub.com,6,0,12,1
affiliatetour.com,6,0,1,1
affluent-flow.com,6,0,5,1
affylist.com,6,0,2,1
africaread.org,6,0,17,1
afrotoons.com,6,0,17,1
aga-digital.com,6,0,17,1
aga.digital,6,0,17,1
agcstudio.ai,6,0,1,1
ageeksblog.com,6,0,2,1
agencyvms.com,6,0,17,1
aggressiveenergy.ca,6,0,17,1
agritechco.com,6,0,17,1
agroalimentariaaragonesa.es,6,0,34,1
ahmadaffan.com,6,0,11,1
ahmedafridi.com,6,0,1,1
aicollabo.com,6,0,17,1
aicookbook.co.il,6,0,1,1
aicouponing.com,6,0,3,1
aicryptool.com,6,0,2,1
aidealstoday.com,6,0,1,1
aiignitions.com,6,0,9,1
aioncder.com,6,0,17,1
aiplusnet.com,6,0,2,1
airclairu.com,6,0,33,1
airfield.ma,6,0,17,1
aitoolsmarketer.com,6,0,8,1
aitoolz.ai,6,0,2,1
ajarai.org,6,0,17,1
akmemontech.us,6,0,2,1
akousa.net,6,0,16,1
alacarteny.com,6,0,17,1
alarmanoticias.com,6,0,17,1
alaseoupe.com,6,0,6,1
albakerlawfirm.com,6,0,80,1
albanian-heritage.com,6,0,17,1
albelab.es,6,0,17,1
alexandrefreire.dev.br,6,0,15,1
alexhinton.com,6,0,17,1
alextheroofer.us,6,0,17,1
alextobias.com,6,0,1,1
alfanalabyad.com,6,0,2,1
allabord.com,6,0,2,1
allaboutlinux.eu,6,0,1,1
allabtai.com,6,0,1,1
allbeaches.net,6,0,2,1
allcapecod.com,6,0,2,1
allcouponcodes.net,6,0,2,1
alliancemediaus.com,6,0,17,1
allianceweddingphotography.co.uk,6,0,17,1
allinblogger.com,6,0,6,1
allprotvandinternet.com,6,0,17,1
allreviews.in,6,0,1,1
allroundmaintenancecleaningandgardeningservices.com,6,0,17,1
allwordpress.net,6,0,1,1
allyouneedessex.com,6,0,24,1
almservicecompany.com,6,0,17,1
alpaz.be,6,0,17,1
alphonsolabs.com,6,0,5,1
alran-judo.co.il,6,0,17,1
altiaglobal.com,6,0,17,1
alto9.com,6,0,4,1
alurcommunications.com,6,0,17,1
amari-agency.fr,6,0,2,1
amazians.com,6,0,1,1
amazingbodysurgery.com,6,0,17,1
amazinggirlsoftheworld.org,6,0,17,1
amen.ie,6,0,41,1
americaninternetmatrix.com,6,0,4,1
americanmarketingco.com,6,0,17,1
americasmall.com,6,0,1,1
amesburycoachworks.com,6,0,17,1
amrittaxiservice.com,6,0,9,1
amypengbase.com,6,0,3,1
anakara.in,6,0,17,1
analyticshaven.top,6,0,17,1
anceiweb.org,6,0,17,1
anchornewhomes.com,6,0,17,1
andrewandbrittany.com,6,0,85,1
andryuxa.ru,6,0,2,1
ane-group.com,6,0,17,1
angelicagosta.vercel.app,6,0,1,1
aniilroy.com,6,0,1,1
animalstrengthnj.com,6,0,17,1
anishiative.org,6,0,51,1
annam.live,6,0,3,1
anyawesome.com,6,0,2,1
anyvsany.com,6,0,28,1
apoconstrutora.com.br,6,0,1,1
apolloaiot.tw,6,0,17,1
appliancepros.co.za,6,0,17,1
appllc.work,6,0,17,1
appsmanager.in,6,0,2,1
appsupertools.com,6,0,3,1
appuntidallarete.com,6,0,781,1
aprendermarketing.es,6,0,10,1
apriwd.com,6,0,2,1
arakhne.org,6,0,5,1
aransweatermarket.com,6,0,164,1
arb7almal.com,6,0,10,1
archiveyyy.com,6,0,4,1
arcobalenobedandbreakfast.it,6,0,17,1
arendtextiel.com,6,0,17,1
arijobs.com,6,0,1,1
arizonaadam.com,6,0,1,1
arms-ca.com,6,0,17,1
arpaktiko.gr,6,0,17,1
arreh.com,6,0,1,1
arsasphalt.com,6,0,17,1
arsgrupo.com,6,0,17,1
arteahotelboutique.com,6,0,17,1
arteditions.media,6,0,16,1
arterradesign.com,6,0,59,1
artfem.com,6,0,17,1
articlement.com,6,0,4,1
articlesblogger.com,6,0,41,1
arto-print.com.ua,6,0,1,1
arvadaautohailrepair.com,6,0,1,1
arwebo.com,6,0,32,1
asapvikar.dk,6,0,17,1
asdcalciosarcedo.com,6,0,1,1
asiabestbets.com,6,0,17,1
asifhameed.com,6,0,6,1
ask-dir.org,6,0,132,1
askaaronlee.com,6,0,1,1
askumbrella.com,6,0,17,1
aslandscapingnj.com,6,0,68,1
asphaltconcretekc.com,6,0,1,1
aspiring-life.com,6,0,17,1
assetacademy.io,6,0,1,1
ataboydesign.com,6,0,2,1
atafloors.com,6,0,17,1
atarnailshop.com,6,0,17,1
atekmachining.com,6,0,17,1
atjsolutions.com.au,6,0,17,1
atkinsdigital.co.uk,6,0,17,1
atmsforprofit.com,6,0,102,1
attiqniya.net,6,0,1,1
attn.cc,6,0,74,1
aufy.net,6,0,1,1
aulaperu.edu.pe,6,0,13,1
australlab.cl,6,0,135,1
ausvideo.co,6,0,17,1
authenticpowersystems.com,6,0,17,1
autoize.net,6,0,1,1
automateonline.ai,6,0,34,1
autonoma-solutions.eu,6,0,34,1
autoreps.net,6,0,17,1
autoslatreille.com,6,0,1,1
autplan.com.br,6,0,34,1
autumngold.org,6,0,17,1
avairportexpress.com,6,0,1,1
avantgardeboerboels.com,6,0,2,1
aviad-beton.co.il,6,0,17,1
aviationgin.ca,6,0,17,1
ayalim-new.org.il,6,0,2,1
ayo-tours.com,6,0,17,1
ayzabogados.com,6,0,51,1
aztectilegranite.com,6,0,17,1
b-pro.pro,6,0,17,1
b2bsaas.online,6,0,2,1
b4design.studio,6,0,17,1
baarrows.com,6,0,17,1
babo-engineering.com,6,0,17,1
backlinks-checker.com,6,0,14,1
backtoamy.be,6,0,17,1
backupcopilotplugin.com,6,0,2,1
balancingpassions.com,6,0,2,1
balitoto4d.com,6,0,17,1
balloonboygame.com,6,0,2,1
balloonsbeyondllc.com,6,0,34,1
banatanama.ir,6,0,1,1
bancroftproperty.co.uk,6,0,17,1
bankerydsautoservice.se,6,0,17,1
baobabristorazione.it,6,0,17,1
baqu.org.au,6,0,17,1
barcoloudly.com,6,0,1,1
bartklus.nl,6,0,34,1
basar-jerusalem.com,6,0,17,1
bashirhasan.com,6,0,18,1
bbbtechs.com,6,0,2,1
bbsptt.com,6,0,17,1
bbwebtools.com,6,0,1,1
bbwexchange.com,6,0,17,1
bccsqld.com.au,6,0,17,1
bchengineering.co.uk,6,0,17,1
bcrelx.com,6,0,5,1
bcvalueaddedwood.com,6,0,17,1
beautybeats.in,6,0,1,1
bechurchflorida.com,6,0,11,1
becoming.pt,6,0,17,1
beehappyandhealthy.com,6,0,17,1
bellapointmedia.com,6,0,17,1
benatarbrands.com,6,0,1,1
bequest-il.com,6,0,17,1
berkonomics.com,6,0,1,1
berkshiredriveways.com,6,0,17,1
best-affiliate-marketing-programs.com,6,0,3,1
bestadultwebhosting.com,6,0,1,1
bestfree.co.uk,6,0,33,1
bestgrass.com.mx,6,0,17,1
bestsaastools.net,6,0,2,1
bestseomarketing.com,6,0,1,1
bestseovps.com,6,0,4,1
betamilouot.com,6,0,17,1
better-php.net,6,0,11,1
betteronline.nl,6,0,17,1
bettertherapyla.com,6,0,1,1
beupp.com,6,0,1,1
beverlecs.co.uk,6,0,16,1
bewida.io,6,0,4,1
biawp.ir,6,0,1,1
bigtimedaily.com,6,0,1,1
biguardsolutions.com,6,0,17,1
bigvoice.info,6,0,102,1
bigxhost.hu,6,0,2,1
binghammansfield.com,6,0,17,1
binomialtree.com,6,0,1,1
biodamore.com,6,0,17,1
biojn.com,6,0,1,1
biomatrixsystems.com,6,0,51,1
birdnal.com,6,0,2,1
birgit-schoeppl.at,6,0,17,1
birmingham-mobility.co.uk,6,0,17,1
bitsfrombytes.com,6,0,4,1
biu.life,6,0,5,1
bivatechnologies.com,6,0,72,1
bizbuy.gr,6,0,17,1
bizsheets.com,6,0,1,1
biztech.com.bd,6,0,1,1
biztechscout.com,6,0,19,1
bkcadr.com,6,0,17,1
blackbarrelbar.com,6,0,17,1
blacknews.co.kr,6,0,2,1
blackweb20.com,6,0,17,1
blazingblog.com,6,0,2,1
bleepblogs.com,6,0,1,1
blegdamsvej28.dk,6,0,1,1
blessprovision.com,6,0,1,1
bleutria.com,6,0,5,1
blink-it.com.hk,6,0,17,1
blissdog.ca,6,0,17,1
blockgeni.com,6,0,1,1
blocknewsint.com,6,0,1,1
blog-eye.com,6,0,3,1
blog2news.com,6,0,4,1
blog5.net,6,0,8,1
blogacep.com,6,0,4,1
blogadvize.com,6,0,1,1
blogars.com,6,0,2,1
blogdal.com,6,0,1,1
blogdigy.com,6,0,12,1
blogdomago.com,6,0,4,1
blogdosaga.com,6,0,1,1
blogerus.com,6,0,8,1
bloggersword.com,6,0,1,1
blogging-techies.com,6,0,29,1
bloggingtriggers.com,6,0,1,1
bloggosite.com,6,0,5,1
bloginwi.com,6,0,1,1
blognody.com,6,0,1,1
blogolenta.com,6,0,2,1
blogoscience.com,6,0,3,1
blogpostie.com,6,0,23,1
blogproducer.com,6,0,4,1
blogrelation.com,6,0,2,1
blogrenanda.com,6,0,3,1
blogs100.com,6,0,1,1
blogsact.com,6,0,1,1
blogsgod.com,6,0,20885,1
blogsmine.com,6,0,3,1
blogsphere.top,6,0,12,1
blogstival.com,6,0,22,1
blogsuperapp.com,6,0,1,1
blogtov.com,6,0,3,1
blogunok.com,6,0,2,1
blogwpthemes.com,6,0,1,1
blondy-group.jp,6,0,1,1
bluecoastwebservices.com,6,0,5,1
bluenew.co.kr,6,0,17,1
blueribbonmedia.com,6,0,17,1
bluxeblog.com,6,0,8,1
boarddefense.io,6,0,17,1
boathouse-tonga.com,6,0,51,1
bobruncafe.com,6,0,17,1
bodymindcy.com,6,0,17,1
bodysmithtx.com,6,0,17,1
bogolog.com,6,0,17,1
boiserefrigeration.net,6,0,17,1
boldstatements.com.au,6,0,17,1
bollywoodartistcard.com,6,0,17,1
bolthumancapital.com,6,0,17,1
bomnal12.com,6,0,1,1
bondspainting.com,6,0,16,1
bonitapsychicstudio.com,6,0,17,1
bonnersofknightsbridge.co.uk,6,0,17,1
boompow.ninja,6,0,1,1
boostacademy.uk,6,0,17,1
botmau.vn,6,0,2,1
bountynews.it,6,0,1,1
boutiquejandg.com,6,0,17,1
bowenchambers.co.nz,6,0,17,1
bramegsofts.blogspot.com,6,0,1,1
brandbeavers.in,6,0,112,1
brandingirontransport.com,6,0,17,1
brccbd.com,6,0,17,1
breaksbythesea.com,6,0,17,1
brenchpark.mx,6,0,17,1
brendonwarfel.com,6,0,17,1
brianleejackson.com,6,0,5,1
brianschnurr.com,6,0,1,1
briefingsdirectblog.com,6,0,5,1
brightlink.com.my,6,0,17,1
brightstonere.com,6,0,17,1
bristolbuilders.co.uk,6,0,17,1
bristolhappyfeet.co.uk,6,0,17,1
brokeandchic.com,6,0,1,1
brokers.xxx,6,0,1,1
brucetechworld.com,6,0,7,1
brunchproclassic.com,6,0,1,1
brushsharp.com,6,0,4,1
bsacademy.co.uk,6,0,17,1
bsp-gp.com,6,0,34,1
bthcmi.com,6,0,17,1
bucadibeppomenu.com,6,0,41,1
bucc.co,6,0,1,1
buckhornretreat.ca,6,0,17,1
buddhaboba.com,6,0,17,1
buddhilive.com,6,0,3,1
bufetearteaga.com,6,0,1,1
buffaloairport.taxi,6,0,17,1
builderbrains.com,6,0,1,1
buildingbridgestucson.com,6,0,17,1
buildpassiveincomeandwealth.com,6,0,2,1
bullgpstracking.com,6,0,17,1
businessegy.com,6,0,2,1
businessimpactcenter.com,6,0,41,1
businessnlpacademy.co.uk,6,0,2,1
businesssoftwarepicks.com,6,0,7,1
businesstomark.com,6,0,4,1
butterflyslabs.com,6,0,4,1
buyabusinesstampa.com,6,0,17,1
buybuycar.com,6,0,51,1
buycheapcoursesnow.com,6,0,1,1
bylershomeservices.com,6,0,17,1
bylinkyuhanky.cz,6,0,17,1
bynext.com,6,0,1,1
bytegain.com,6,0,39,1
c2c.club,6,0,17,1
caelynpender.com,6,0,17,1
caeppartners.com,6,0,17,1
caesar-breeze.com,6,0,17,1
caffemoto.co.il,6,0,17,1
calhounroofing.com,6,0,17,1
calibreengineers.com,6,0,17,1
califloraresources.com,6,0,9,1
callanetics-with-eva.co.uk,6,0,1,1
callbuildurance.com,6,0,17,1
calmgt.net,6,0,17,1
campaignpage.ca,6,0,82,1
campusdemedicina.com,6,0,17,1
canadianmalwrestling.ca,6,0,17,1
candistudios.com,6,0,34,1
candizi.shop,6,0,1,1
candlelightevents.nl,6,0,17,1
canmak.ca,6,0,17,1
canopysolar.us,6,0,34,1
capsulafiliads.com.br,6,0,17,1
carameloseventos.cl,6,0,17,1
caribbeanfinder.com,6,0,3,1
carlchurch.co.uk,6,0,17,1
carloss.pro,6,0,1,1
carplus.co.il,6,0,17,1
carrentaldublin.ie,6,0,17,1
carrionelectric.com,6,0,2,1
carroponte.org,6,0,442,1
carryonglamping.com,6,0,4,1
cartagenapubcrawl.com,6,0,17,1
cartaoprepago.net,6,0,2,1
casaboutique.com.br,6,0,17,1
casadosislas.com,6,0,1,1
casanina.fr,6,0,17,1
cashfornotes.co,6,0,17,1
castellazzaraonline.it,6,0,17,1
castenergia.it,6,0,17,1
castlecreekoffices.com,6,0,17,1
caviarprice.io,6,0,1,1
cawseys.com.au,6,0,17,1
cazuelasdelanonna.com,6,0,17,1
cc2010.mx,6,0,123,1
ccius.com,6,0,17,1
cdcvi.com,6,0,49,1
cdned.ca,6,0,17,1
ceaperu.org,6,0,17,1
cedarwoodrgv.com,6,0,17,1
celltrackingapps.com,6,0,1,1
central-park-damansara.co,6,0,17,1
certwatch.app,6,0,1,1
cflaw.it,6,0,17,1
chacaraquintalmagico.com.br,6,0,17,1
chaikamol.co.th,6,0,17,1
championcpa.com,6,0,17,1
charleneandco.com,6,0,1,1
charleson.group,6,0,1,1
charlieshvac.com,6,0,17,1
chatterchat.com,6,0,1,1
chcorpfin.com,6,0,17,1
chdh.me,6,0,1,1
chefcamco.com,6,0,17,1
chempumps.co.in,6,0,17,1
chen-yi.co,6,0,17,1
chengchengmr.com,6,0,2,1
cherrybb.jp,6,0,5,1
chimneysweep-sheffield.co.uk,6,0,17,1
chodilinh.com,6,0,10,1
choicecontrol.com.au,6,0,17,1
chorus.co,6,0,17,1
chris-martens.com,6,0,1,1
chris.com.ng,6,0,4,1
chrislford.com,6,0,1,1
christmaseveinburlington.ca,6,0,34,1
christopherjamato.com,6,0,17,1
cihui.com.tw,6,0,17,1
circlo.io,6,0,1,1
circuithair.com.br,6,0,85,1
classicsealcoatings.com,6,0,17,1
claute.com,6,0,17,1
clientforumvisa.com.au,6,0,17,1
clinicajosedepaula.com,6,0,17,1
cloud-follow.com,6,0,18,1
cloudcomputingshow.blogspot.com,6,0,2,1
cloudfire.tv,6,0,17,1
cloudhostreview.com,6,0,1,1
cloudways-free-trial-34426f.webflow.io,6,0,1,1
cloudways.nl,6,0,18,1
cloudwaysreview.com,6,0,2,1
cm-softwaregmbh.at,6,0,2,1
cmacconstruction.com,6,0,2,1
coastercms.org,6,0,4,1
code-elta6ur.com,6,0,1,1
codencoupon.com,6,0,19,1
codeskripts.com,6,1,0,1
codestudy.net,6,0,1,1
codexnado.com,6,0,1,1
codiroo.com,6,0,1,1
coffeecatsandcusswords.com,6,0,1,1
cogmobilize.org,6,0,34,1
colburnstreeservice.com,6,0,17,1
colchonesolimpo.com,6,0,17,1
colddheartent.com,6,0,41,1
colonialfunding.com,6,0,17,1
colourofsound.com.au,6,0,17,1
columbiasociety.org,6,0,17,1
comecreareunblog.org,6,0,3,1
comethazine.com,6,0,17,1
comeuntochristalaska.com,6,0,17,1
commercecityautohailrepair.com,6,0,1,1
compagnons-aude.fr,6,0,17,1
companiesdigest.com,6,0,2,1
complaintinfo.com,6,0,3,1
complete-homeimprovements.com,6,0,17,1
completehousingservices.nl,6,0,17,1
comprarpisoenbadajoz.com,6,0,31,1
compworth.com,6,0,5,1
comunidadsantarosa.org,6,0,2,1
concepteria.nl,6,0,17,1
conestogaapartments.com,6,0,2,1
conroybuild.com,6,0,17,1
consultingit.fr,6,0,32,1
contentchallenge.net,6,0,17,1
conversionshed.co.uk,6,0,17,1
convertkit-mail4.com,6,0,1,1
conveyance.law,6,0,17,1
cookstercreative.com,6,0,1,1
cool-breeze-aircon.co.uk,6,0,17,1
coolpicko.com,6,0,12,1
corecabinetproduction.com,6,0,17,1
coreloot.com,6,0,1,1
corerated.com,6,0,34,1
cornelisseninterieurbouw.nl,6,0,17,1
cornwall-hottub-huts.co.uk,6,0,17,1
corporatemergers.co.uk,6,0,1,1
correctivechiropracticclinics.com,6,0,17,1
corriol.github.io,6,0,4,1
cortezforloomis.com,6,0,17,1
corymk.com,6,0,5,1
cottolaw.com,6,0,17,1
counselingsonoma.com,6,0,17,1
couponcodefreeshipping.com,6,0,2,1
couponsale.us,6,0,1,1
couponsathi.com,6,0,4,1
couponswebdeal.com,6,0,33,1
coupontoaster.co.uk,6,0,1,1
cox-group.co.uk,6,0,17,1
coyeb.com,6,0,3,1
cpanel.site,6,0,7,1
cpcra.org,6,0,17,1
cpsb.biz,6,0,141,1
createvidello.com,6,0,1,1
createwithetch.com,6,0,1,1
createyourstart.com,6,0,6,1
creativebuzz.com,6,0,17,1
creativeecommerce.blog,6,0,1,1
creativehubb.co.uk,6,0,1,1
creativeposts.top,6,0,17,1
creativereleased.com,6,0,2,1
creativespacecumbernauld.co.uk,6,0,17,1
creativewebdesign.ca,6,0,17,1
crecetufirma.com,6,0,1,1
crmlink.com,6,0,17,1
croftfunding.com,6,0,68,1
crosstexthailand.com,6,0,51,1
crowcreekrvpark.com,6,0,85,1
crowdmob.com,6,0,21,1
csekitaut.com,6,0,2,1
csfamilydentist.com,6,0,17,1
csfnc.com.au,6,0,4,1
cslpescuelas.com,6,0,34,1
csluxurytransfer.co.uk,6,0,17,1
cssmix.net,6,0,1,1
ctkco-op.org,6,0,17,1
cubebrazil.com,6,0,17,1
culturesbook.com,6,0,2,1
currybypost.ie,6,0,17,1
cursana.com.br,6,0,1,1
cursonizoneto.com.br,6,0,17,1
customifysites.com,6,0,2,1
cvrumahbumbumadinah.com,6,0,17,1
cyberrecaps.com,6,0,1,1
cybersecurityforme.com,6,0,3,1
cybertrickz.info,6,0,2,1
cypressconsulting.com,6,0,17,1
cyptotrader.com,6,0,1,1
dads.website,6,0,68,1
dahllaw.net,6,0,17,1
dailymusings.top,6,0,13,1
daixieit.com,6,0,6,1
dallasinteriordesign.co.uk,6,0,17,1
daloisionoleggigroup.com,6,0,17,1
damme.io,6,0,5,1
danielegilio.it,6,0,4,1
danielevargas.com,6,0,17,1
danobrienhomeimprovementsli.com,6,0,17,1
daobright.com,6,0,17,1
dashtech.io,6,0,2,1
datacryptic.my,6,0,17,1
dataunbound.co.uk,6,0,1,1
dathru.com,6,0,6,1
datronixtech.com,6,0,2,1
datum-db.co.uk,6,0,17,1
davidgreenwald.com,6,0,1,1
dbillingexperts.com,6,0,17,1
dchousekithomes.com.au,6,0,17,1
dcrazed.net,6,0,1,1
dcrjs.com,6,0,1,1
deadcinemasociety.com,6,0,17,1
deal-mates.com,6,0,17,1
deal.org.il,6,0,51,1
dealaid.org,6,0,1,1
dealrated.com,6,0,2,1
decisaodigital.com.br,6,0,1,1
decking-wpc.com,6,0,16,1
deepgrihausa.org,6,0,17,1
deer.careers,6,0,17,1
deijo.com,6,0,3,1
dekkah.com,6,0,27,1
delhibazar.online,6,0,1,1
deltalikes.com,6,0,352,1
deltapark.at,6,0,1,1
dentist.co.th,6,0,2,1
dependableelec.com,6,0,17,1
designbump.com,6,0,1,1
designertoblog.com,6,0,2,1
designet.co.za,6,0,2,1
destinova.org,6,0,17,1
devanswers.net,6,0,6,1
devdossier.in,6,0,1,1
developmentmi.com,6,0,5,1
devjoynal.com,6,0,12,1
devpopcorn.com,6,0,4,1
dhondt-ngambida.be,6,0,17,1
dhorikoshi.com,6,0,5,1
dhswlzzz.co.kr,6,0,1,1
dhvacr.com,6,0,123,1
diamedic.ba,6,0,17,1
diamondlawusa.com,6,0,17,1
diamondsforeveryone.in,6,0,17,1
digi-royal.com,6,0,2,1
digidervish.com,6,0,1,1
digijet.media,6,0,51,1
digimarketeronline.org,6,0,1,1
diginode.tools,6,0,64,1
digitaglobalgroup.com,6,0,1,1
digitalbulid.com,6,0,5,1
digitalcare.top,6,0,3,1
digitalchange.consulting,6,0,17,1
digitaldebashreedutta.com,6,0,1,1
digitalfreelife.com,6,0,51,1
digitallearningzone.net,6,0,1,1
digitalprotek.com,6,0,2,1
digitalsdimension.com,6,0,1,1
digitalswank.com,6,0,9,1
digitera.es,6,0,1,1
digitime.co.il,6,0,4,1
digitollblog.com,6,0,2,1
digtiali.com,6,0,170,1
dimsim.co.nz,6,0,17,1
dinheirolimpo.com,6,0,17,1
dinofinogroup.com,6,0,51,1
directory-farm.com,6,0,1,1
directory-fast.com,6,0,1,1
directory-nation.com,6,0,1,1
directory4search.com,6,0,1,1
directoryglobals.com,6,0,1,1
directoryholiday.com,6,0,1,1
directoryrec.com,6,0,1,1
dirtyh.it,6,0,82,1
discjockeyparty.com,6,0,1,1
discovervibe.blog,6,0,1,1
diversclean.com,6,0,17,1
divinityhomecareservices.com,6,0,1,1
divisionlab.com,6,0,3,1
dj-enzo.net,6,0,1,1
djrestoration.com,6,0,17,1
dm-blog.com,6,0,2,1
docevidadoces.com.br,6,0,17,1
doctormega.com,6,0,6,1
dogtraininglongisland.com,6,0,17,1
dokterdarmika.com,6,0,17,1
dollfaceaesthetics.com.au,6,0,17,1
dolphin-soap.com,6,0,17,1
doltd.blog,6,0,2,1
domaindexer.com,6,0,4,1
domartisan.com,6,0,1,1
donmebel.blogspot.com,6,0,1,1
doreclub.co.uk,6,0,1,1
dorfladele-wiesen.com,6,0,17,1
dosah-tours.com,6,0,17,1
dosamigoslhc.com,6,0,82,1
double-film.ir,6,0,11,1
doublej0124.com,6,0,3,1
dovensport.vlaanderen,6,0,17,1
doynt.com,6,0,1,1
dr-shterev.com,6,0,17,1
dracarla.med.br,6,0,17,1
drandreluizreproducao.com.br,6,0,34,1
drawwwers.com,6,0,29,1
drchaconfloresortopedia.com,6,0,17,1
dreambigfinancialcoaching.com,6,0,17,1
driver-service.it,6,0,17,1
driverscert.com,6,0,17,1
drloverdi.com,6,0,17,1
drmilesnichols.com,6,0,17,1
droiddynasty.com,6,0,1,1
dropforcedigital.com,6,0,1,1
drpierrykabongo.co.za,6,0,17,1
drsoccer.com,6,0,33,1
drstyle.us,6,0,17,1
drupalchina.cn,6,0,16,1
ds-taxis.co.uk,6,0,17,1
dsg.us,6,0,17,1
dsskincareandwaxing.com,6,0,17,1
dubaipoolsresult.com,6,0,17,1
dudibest.com,6,0,17,1
duelstack.com,6,0,198,1
dumyequipos.com,6,0,17,1
dunebook.com,6,0,2,1
durham-electrical.ca,6,0,17,1
durhampaint.ca,6,0,17,1
dwoke.com,6,0,6,1
dynamixautomation.ca,6,0,17,1
eagleviewe.com,6,0,17,1
earningguys.com,6,0,3,1
earthchild.net,6,0,17,1
easy2tips.com,6,0,5,1
easyhappyhair.com,6,0,17,1
eca-insure.com,6,0,51,1
ecanadanow.com,6,0,2,1
echt-genieten.nl,6,0,17,1
eclipsedentallab.co.uk,6,0,17,1
eclipsemallorca.com,6,0,17,1
ecommerceisrael.com,6,0,1,1
ecomong.net,6,0,1,1
econalytics.com.au,6,0,17,1
economypost.ng,6,0,9792,1
edenhotel.co.il,6,0,17,1
edenportablebuildings.com,6,0,17,1
edrarubinetteria.it,6,0,1,1
educationalimpactblog.com,6,0,8,1
edugate-project.eu,6,0,85,1
edumanias.com,6,0,1,1
eemgreece.org,6,0,3,1
eetp.ca,6,0,69,1
efdir.com,6,0,42549,1
eflog.net,6,0,42,1
egality-law.com,6,0,51,1
eghamstudentrooms.co.uk,6,0,82,1
egtl.ro,6,0,17,1
eguruz.com,6,0,2,1
eibd.dev,6,0,17,1
einkaufen-in-stuttgart.de,6,0,2,1
ejad.site,6,0,1,1
ejcl.org,6,0,3,1
eks-digital.com,6,0,17,1
ela.st,6,0,1,1
elandseo.com,6,0,2,1
elbuenvecino.mx,6,0,1,1
electromagneticweb.com,6,0,1,1
elegancestainedglass.com.au,6,0,16,1
eleganteventstn.com,6,0,17,1
elementpoolco.com,6,0,17,1
elevatedboulder.com,6,0,17,1
elevatetrtnow.com,6,0,17,1
elevatewitheleva.com,6,0,4,1
eleveebyrickey.com,6,0,17,1
elfounder.net,6,0,3,1
eli-shlatim.com,6,0,17,1
elia-cakes.com,6,0,17,1
elitetechnc.com,6,0,17,1
elitevitalityandwellness.com,6,0,17,1
ellersliehoa.com,6,0,19,1
elmersheetmetal.com,6,0,17,1
elt-education.com,6,0,34,1
eltrixsemi.com,6,0,17,1
elysian-realty.com,6,0,17,1
elysium-wellness.com,6,0,17,1
emarketinghacks.com,6,0,13,1
emarvault.com,6,0,17,1
emc.equipment,6,0,17,1
emergencywatercleanup.com,6,0,17,1
emit.reviews,6,0,3,1
emmanueldistribution.com,6,0,328,1
emongblog.com,6,0,2,1
emotional.ro,6,0,1,1
empiredigilabs.com,6,0,17,1
enacon-zt.at,6,0,1,1
encapsulated.network,6,0,1,1
energeticthemes.com,6,0,1,1
energoproducts.com,6,0,17,1
enetie.com,6,0,17,1
englishlush.net,6,0,1,1
enjoyminder.com,6,0,1,1
enkeltmandsprojekt.dk,6,0,17,1
enlive.com.au,6,0,41,1
enlivy.ro,6,0,1,1
entrenoelalma.org,6,0,1,1
entretienoptimal.com,6,0,1,1
envirosafefoam.com,6,0,17,1
envyinfusions.com,6,0,17,1
eoncodigital.com,6,0,1,1
eos-production.com,6,0,17,1
epicmedicalcenters.com,6,0,17,1
eprservices.co.uk,6,0,17,1
eqconsults.com,6,0,3,1
equestrianinthevines.au,6,0,51,1
eradanceacademy.com.my,6,0,17,1
erefunds.com.au,6,0,34,1
ergomiddlewich.co.uk,6,0,17,1
ermedpros.com,6,0,17,1
erounwiki.com,6,0,2,1
esatya.io,6,0,1,1
eschrade.com,6,0,2,1
esehospitalzonabananera.gov.co,6,0,5,1
esellingmachine.com,6,0,17,1
eshraqgroup.com,6,0,17,1
esoft.ie,6,0,17,1
espacevilla.com,6,0,2,1
essencyironworks.com,6,0,17,1
esthershouseil.org,6,0,17,1
estirecruitment.com,6,0,1,1
estudio44.com.ar,6,0,17,1
estudiocomala.com,6,0,17,1
etechpt.com,6,0,27,1
etutors.us,6,0,1,1
eurekster.com,6,0,1292,1
europsy.al,6,0,34,1
ev-fitness.com,6,0,17,1
everhire.se,6,0,17,1
evolutionagriservices.com.au,6,0,17,1
evolveadagency.com,6,0,17,1
evotechllc.com,6,0,17,1
ewin.biz,6,0,41,1
examinnews.com,6,0,1,1
exbuild.com.hk,6,0,17,1
exceedcare.com.au,6,0,17,1
excellcollege.com,6,0,31,1
exchangeeventcenter.com,6,0,17,1
exclusivebushire.com.au,6,0,17,1
exclusivesoultours.com,6,0,17,1
exconservices.com.au,6,0,17,1
expatassistant.bg,6,0,17,1
expecto.io,6,0,2,1
expeditingplus.net,6,0,51,1
expertdental.ie,6,0,17,1
exploremorewith.us,6,0,5,1
exposay.co,6,0,1,1
expressclean.com.au,6,0,34,1
extdn.org,6,0,1,1
extra-bit.co.il,6,0,17,1
ezcouponcode.com,6,0,10,1
ezlocksmith.com.au,6,0,17,1
fabiantechtips.com,6,0,1,1
fabiarsi8.wixsite.com,6,0,1,1
fabulamarketing.com.br,6,0,17,1
facagro.com,6,0,1,1
fairportcare.net,6,0,10,1
fairviewskilledcare.com,6,0,17,1
faisaltechh.com,6,0,1,1
faithwellnesscenter.com,6,0,17,1
fakrulislam.me,6,0,2,1
familycomforthospice.org,6,0,2,1
fansqatar.com,6,0,51,1
fantomimmigration.com,6,0,17,1
fare-blog.com,6,0,2,1
fast-note.com,6,0,4,1
fastbot.org,6,0,3,1
fastcouponer.com,6,0,5,1
fastservers.com,6,0,12,1
fastweb.co.kr,6,0,17,1
fatotouchgrass.com,6,0,1,1
faultserver.ru,6,0,9,1
fccedgewater.com,6,0,136,1
fcpphoto.com,6,0,16,1
feedsportal.com,6,0,2,1
feelfree.in,6,0,1,1
feelingtouched.nl,6,0,17,1
feestdagen-be.be,6,0,3,1
fekoehrer.at,6,0,1,1
ferreterialacolima.com,6,0,17,1
fertilai.net,6,0,17,1
ff66.net,6,0,24,1
fgchen.com,6,0,5,1
fhiitbylisa.com,6,0,34,1
fiberoptic.com.ph,6,0,82,1
fiftyfitclub.com,6,0,17,1
filmeesvideo.com,6,0,17,1
filmlocationsireland.com,6,0,17,1
financial-mile.com,6,0,17,1
findvpshost.com,6,0,9,1
fine-fencing.com.au,6,0,1,1
fire-directory.com,6,0,142245,1
firedoglake.com,6,0,13058,1
fireskyresort.com,6,0,41,1
firmadautore.it,6,0,17,1
firmenwissen-digitalisieren.de,6,0,17,1
firststep-learn.co.uk,6,0,1,1
fisherstairs.com,6,0,17,1
fitzandsonsgaragedoors.com,6,0,17,1
fitzroywalk.com,6,0,17,1
flacoolseal.com,6,0,17,1
flashcleanllc.com,6,0,17,1
flashvoucher.com,6,0,2,1
flatheadvalleyfootball.com,6,0,17,1
flatroofsunlimited.com,6,0,17,1
flcmarketing.com,6,0,17,1
fleekhosting.net,6,0,1,1
fleetwyze.com,6,0,34,1
flekto.nl,6,0,2,1
flintnetllc.com,6,0,17,1
flipupdates.com,6,0,1,1
floschi.info,6,0,1,1
flosshub.org,6,0,4568,1
flowconsent.com,6,0,4,1
flowconstructionoregon.com,6,0,51,1
foalsbeststart.com,6,0,2,1
focusquota.com,6,0,2,1
foleyvanhire.co.uk,6,0,17,1
foodpro.co.nz,6,0,17,1
foodtruckcentralsc.com,6,0,17,1
footfallusa.com,6,0,17,1
forberfoundation.org,6,0,17,1
forbes40under40.com,6,0,1,1
forcittaliving.com,6,0,17,1
foreignspolicyi.org,6,0,2,1
forensicsolutions.co.uk,6,0,1,1
forexbrokers.ar,6,0,17,1
format-education.com,6,0,1,1
forstoka.com,6,0,1,1
forthetastedetailing.com,6,0,41,1
fortmove.com.br,6,0,17,1
forum-directory.com,6,0,1,1
foshizo.com,6,0,2,1
fotoolog.com,6,0,5,1
foundryhardscapes.com,6,0,17,1
fountnhead.blogspot.com,6,0,4,1
fourkosi.com,6,0,3,1
fpcboise.church,6,0,17,1
free-weblink.com,6,0,147209,1
freedominfluencer.com,6,0,3,1
freelancerstools.com,6,0,1,1
freelancingjournal.com,6,0,1,1
freelifesports.com,6,0,17,1
freemansfeedmill.com,6,0,17,1
freeseotest.de,6,0,49,1
freewp.co.il,6,0,11,1
freiberufler.online,6,0,1,1
friendsofvalepark.co.uk,6,0,16,1
frivolidadesmafalda.com,6,0,1,1
froboese.de,6,0,16,1
fromlosttofound.ca,6,0,17,1
frontalier-conseil.ch,6,0,68,1
frontierlandscapingllc.com,6,0,17,1
froute.co,6,0,17,1
fulltimehomebusiness.com,6,0,1,1
funcity.com.tw,6,0,17,1
fundacioncolabora.com,6,0,17,1
funguy.town,6,0,1,1
funkidea.com,6,0,2,1
funwiselife.com,6,0,1,1
furnitureflipping101.ca,6,0,1,1
furniturezahrani.com,6,0,17,1
futmark.com,6,0,5,1
futurfid.com,6,0,17,1
fuyuadv.com,6,0,17,1
fxbrokers.vn,6,0,17,1
gableconcretepolishing.com,6,0,17,1
gabrieletolisano.com,6,0,1,1
galaxyneed.com,6,0,4,1
galeon1.com,6,0,1,1
gallerycafephuket.com,6,0,51,1
galpoestclogistica.com.br,6,0,17,1
ganilife.com,6,0,1,1
garagebiz.ru,6,0,5,1
gardinerenvironmental.ca,6,0,17,1
gastoniaconcrete.com,6,0,17,1
gastouderopvangdekindertuin.nl,6,0,32,1
gatalzakguide.com,6,0,42,1
gaterepairnear.me,6,0,17,1
gavgav.info,6,0,2,1
gazpromenergosbyt.ru,6,0,4,1
gcschicago.com,6,0,17,1
gemmawaltonmktg.co.uk,6,0,1,1
genaian.com,6,0,2,1
generalkim.com,6,0,9,1
generaltranscriptionworkfromhome.com,6,0,2,1
genoxidilecuador.com,6,0,17,1
gento88k1.com,6,0,17,1
geosight.ca,6,0,17,1
getbigfinance.nl,6,0,17,1
getbloomfarms.com,6,0,2,1
getfireshell.com,6,0,123,1
getleadex.com,6,0,1,1
getmissioncontrol.com,6,0,17,1
getotterwise.com,6,0,1,1
getremotecare.com,6,0,34,1
ghacademy.com.br,6,0,85,1
ghostkitchencatering.com,6,0,1,1
giannipuglisi.it,6,0,1,1
gidigrinstein.net,6,0,41,1
gim-llc.com,6,0,19,1
ginadellphoto.com,6,0,1,1
ginatfaiman.com,6,0,51,1
giridang.com,6,0,1,1
gitipleasure.co.il,6,0,17,1
givememoreai.com,6,0,1,1
glaca.com.au,6,0,17,1
glasklar.solar,6,0,17,1
glenncollege.co.kr,6,0,102,1
glenncollege.com,6,0,17,1
glenrothestaxisandcabs.co.uk,6,0,17,1
glifeblog.com,6,0,2,1
globalcool.org,6,0,1,1
globalsoftwareltd.com,6,0,51,1
globalvior.com,6,0,4,1
gloflow.com,6,0,1,1
gloriusgal.com,6,0,17,1
glosenchina.com,6,0,17,1
glowgreenery.com,6,0,41,1
glsproyectos.club,6,0,17,1
glyphary.io,6,0,2,1
gmitropapas.com,6,0,8,1
gofortrading.com,6,0,7,1
gogenusa.com,6,0,17,1
goharaligohar.com,6,0,1,1
goimmigration.ca,6,0,17,1
goldhostingreview.com,6,0,29,1
goldlabelshirts.com,6,0,1,1
golflntaiwan.com,6,0,17,1
gomall.gr,6,0,1,1
goodsmartidea.com,6,0,2,1
goodwebhostingguide.com,6,0,1,1
google.cf,6,0,5,1
google.co.je,6,0,1,1
googleads.com.br,6,0,187,1
gotravelsnepal.com,6,0,17,1
gpedia.com,6,0,1,1
gplusthailand.com,6,0,17,1
gptai.tn,6,0,1,1
gptgov.com.br,6,0,1,1
gracebook.app,6,0,6,1
gracedforhome.com,6,0,27,1
grandbelleinternational.com,6,0,17,1
graphility.com,6,0,1,1
grbar.co.kr,6,0,17,1
greatoceanrealty.com.au,6,0,17,1
greatwestwelding.com,6,0,17,1
grecahomes.com,6,0,34,1
greenfieldlawpllc.com,6,0,17,1
greensdulwichvillage.com,6,0,17,1
greensgroomers.com,6,0,17,1
grinsty.co.uk,6,0,17,1
grmaq.com,6,0,17,1
groceree.co.zw,6,0,17,1
groit.ca,6,0,17,1
growdevelopment.com,6,0,1,1
groweb.gr,6,0,2,1
gsaglobal.golf,6,0,17,1
gsdetailingfr.com,6,0,17,1
gsdg.ca,6,0,85,1
gsnmzg.co.il,6,0,17,1
gtuguru.blogspot.com,6,0,3,1
guadalajarapubcrawl.com,6,0,17,1
guerrero-law-group.com,6,0,17,1
guerrilhadoaraguaia.com.br,6,0,17,1
gueschebar.ch,6,0,17,1
guestcountry.com,6,0,2,1
guinareswrites.weebly.com,6,0,2,1
guloo.co.il,6,0,2,1
gumotexbarche.it,6,0,123,1
gurudaadaa.com,6,0,5,1
gutstogoals.com,6,0,2,1
habeeba.com,6,0,17,1
hadar-haim.co.il,6,0,17,1
hadigitalist.online,6,0,1,1
hahahoho.ca,6,0,17,1
haiketools.com,6,0,16,1
hairbydon.co.nz,6,0,17,1
hairbysamcolvin.com,6,0,17,1
halswellcommunitychurch.co.nz,6,0,17,1
hamiltongreen.com.au,6,0,17,1
hamzalms.com,6,0,34,1
hanab.kr,6,0,1,1
hanamauiluxe.com,6,0,16,1
hands.care,6,0,17,1
handxtherapy.com,6,0,17,1
handymanmark.net,6,0,17,1
hanneedesign.com,6,0,51,1
hansan-gs.com,6,0,17,1
hansika.co.in,6,0,1,1
happycat.co.il,6,0,17,1
happyhome-mebel.ru,6,0,8,1
harborgreenscapes.com,6,0,17,1
hardangerwellness.no,6,0,17,1
hardgatepainting.co.uk,6,0,17,1
harewoodsculpture.co.uk,6,0,17,1
harmfrielink.nl,6,0,1,1
harmonyhealthquest.com,6,0,16,1
harryhoungfitness.com,6,0,552,1
harrywealthwisdom.com,6,0,2,1
hasster.com,6,0,1,1
hautehair-co.com,6,0,17,1
haweh.com,6,0,1,1
hayleybrown.co.uk,6,0,1,1
hcfanlong.com,6,0,17,1
hclhub.org,6,0,2,1
hdre.co.uk,6,0,68,1
healandsoultech.com,6,0,17,1
healthpromotion2013.org,6,0,68,1
healthyschools.com,6,0,2,1
heartandsoulinteriors.com.au,6,0,16,1
heartlandfordespwarranty.com,6,0,17,1
heatwavetanning.co.uk,6,0,17,1
heavenarticle.com,6,0,6,1
helitonrealestate.com,6,0,17,1
hellboyslots.com,6,0,17,1
hellotoguestpost.com,6,0,1,1
heltonbezerra.com.br,6,0,2,1
her.ceo,6,0,1,1
hetverguldevat.nl,6,0,17,1
hg-map.fr,6,0,5,1
hgufc.co.uk,6,0,17,1
hh-bbs.com,6,0,5,1
hh-management.com,6,0,17,1
hiboox.org,6,0,2,1
hicksandmann.org,6,0,22,1
hideandseek.online,6,0,41,1
hidecries.com,6,0,1,1
hidromaticcuritiba.com.br,6,0,1,1
hieron.london,6,0,17,1
highpets.com,6,0,61,1
highwaygroup.com.au,6,0,16,1
hiiiwav.org,6,0,17,1
hindiville.com,6,0,1,1
hinot.alwaysdata.net,6,0,4,1
hkhcf.org,6,0,17,1
hkroofingconstruction.com,6,0,17,1
hmaslam.com,6,0,1,1
hmdia.com,6,0,1,1
hms.co.nz,6,0,17,1
hobowithalaptop.com,6,0,4,1
hochstetlerlumberllc.com,6,0,17,1
hoelee.com,6,0,6,1
holaletra.com,6,0,1,1
holdersing.com,6,0,18,1
holir.fo,6,0,17,1
homedirectory.biz,6,0,552306,1
homeslakecomo.com,6,0,16,1
hometownrealtygroesbeck.com,6,0,3,1
hometowntms.com,6,0,17,1
honestworknobull.com,6,0,17,1
hongli-cnc.com,6,0,17,1
hopecommunityacademy.com,6,0,17,1
horseshealingheartswny.org,6,0,51,1
host.news,6,0,8,1
hostadviceninja.com,6,0,4,1
hostdean.com,6,0,1,1
hostdir.net,6,0,15,1
hosting-best.ru,6,0,1,1
hosting-catalog.com,6,0,5,1
hostinghunter.net,6,0,1,1
hostingmasteryhub.com,6,0,2,1
hostingsift.com,6,0,38,1
hostingtoss.com,6,0,3,1
hosttica.com,6,0,2,1
hotel-cabana.com,6,0,82,1
hotwheelstours.com,6,0,4,1
hovelsweetdigital.com,6,0,1,1
howibuilt.it,6,0,1,1
howtoclicks.com,6,0,5,1
howtohosting.guide,6,0,32,1
hr-restaurant.com,6,0,17,1
hr1.lt,6,0,1,1
hrtalent.co.nz,6,0,17,1
hslnl.com,6,0,51,1
http-directory.com,6,0,1,1
huajaiit.com,6,0,3,1
hudsonvalleyhemphoney.com,6,0,17,1
huite.cl,6,0,17,1
human-impact.net,6,0,17,1
hunminsteno.co.kr,6,0,17,1
hureninabcoude.nl,6,0,17,1
huskerhouses.com,6,0,154,1
hwnerds.com,6,0,2,1
hydenpictorialhistory.com.au,6,0,17,1
hymglobal.com,6,0,1,1
hyperwall.it,6,0,17,1
hypnotherapycirencester.co.uk,6,0,17,1
i-strategic.com,6,0,17,1
i5on9i.blogspot.com,6,0,1,1
iamnidhi.in,6,0,2,1
iamreallife.com,6,0,5,1
ias-research.com,6,0,6,1
ibytes.io,6,0,2,1
ichi.pro,6,0,11,1
icodehappy.com,6,0,2,1
icon-salon.co.uk,6,0,17,1
iconiconlinemarketing.com,6,0,17,1
ics-heatingandair.com,6,0,17,1
icynene.com,6,0,2788,1
idangfx.co.il,6,0,17,1
idblogz.com,6,0,2,1
idctop.com,6,0,1,1
ideellomsorg.no,6,0,17,1
idslaser.ie,6,0,17,1
ignitebright.com,6,0,1,1
ihsanland.com,6,0,1,1
iies-kw.com,6,0,34,1
imagewize.com,6,0,4,1
img-adv.co.il,6,0,17,1
imib-wuerzburg.de,6,0,41,1
imoskotech.com.ng,6,0,4,1
impactbeneficial.com,6,0,85,1
impactcath.com,6,0,34,1
impiantielia.it,6,0,17,1
implant-dental.tw,6,0,1,1
impresaponte.com,6,0,1,1
imrnat.com,6,0,23,1
in-momentum.com,6,0,17,1
includieq.nl,6,0,17,1
incoservspa.cl,6,0,17,1
independenceportablebuildings.com,6,0,17,1
indexiahq.com,6,0,1,1
indexil.xyz,6,0,1,1
indiakim.tistory.com,6,0,1,1
indianaffiliateprograms.in,6,0,1,1
indieboot.com,6,0,1,1
indoplafonpvcjakarta.com,6,0,17,1
infinityrre.com,6,0,34,1
info-meta.com,6,0,8,1
infor112.com,6,0,4,1
initsocial.com,6,0,17,1
innlandet-propanservice.no,6,0,17,1
inov8design.com.au,6,0,2,1
insectcop.net,6,0,17,1
insightsocial.ca,6,0,34,1
insoft.cy,6,0,17,1
insurex.com.my,6,0,19,1
intar.edu.co,6,0,27,1
integrityautodetailing.com,6,0,17,1
intelligentonlinetools.com,6,0,2,1
interactivetouchtechnology.co.uk,6,0,34,1
interactme.nl,6,0,17,1
intercomm.com.au,6,0,17,1
interestingfacts.org,6,0,1,1
interexperia.com,6,0,17,1
internaco.com.co,6,0,51,1
internetbusinessowner.com,6,0,1,1
internetically9.com,6,0,1,1
internetmarketingaficionado.com,6,0,1,1
interplafo.nl,6,0,51,1
intokworld.com,6,0,9621,1
investhalal.se,6,0,17,1
investigativeservices.co,6,0,17,1
iothingsmaker.com,6,0,10,1
iowadirtforsale.com,6,0,17,1
irctchelp.in,6,0,17,1
iridestransportation.com,6,0,17,1
ironfistconsultants.com,6,0,17,1
irulan.media,6,0,4,1
iso1200education.com,6,0,1,1
isolveafrica.com,6,0,6,1
isportsweb.com,6,0,1,1
it-justice.com,6,0,1,1
italianestetique.com,6,0,17,1
itcek.cz,6,0,2,1
itkr.com.ua,6,0,2,1
itmarublog.com,6,0,1,1
itreeni.com,6,0,1,1
itwindow.co.th,6,0,17,1
ivantomic.com,6,0,123,1
ivasdesign.com,6,0,7,1
jabersonlogistics.com.sg,6,0,17,1
jackclarkcarpentry.com,6,0,17,1
jacksonportablebuildings.com,6,0,17,1
jacquelines-catering.com,6,0,16,1
jadirectives.com,6,0,11,1
jahidshah.com,6,0,299,1
jamucci.com,6,0,17,1
jandrenterprise.com,6,0,17,1
janealysonsmart.co.uk,6,0,9,1
janhit.in,6,0,1,1
jannetalvaradodelgado.com,6,0,17,1
janvalkenburg.nl,6,0,1,1
jardineria-gruposantafe.com,6,0,17,1
jardinescentral.com,6,0,17,1
jasmineberryman.com,6,0,3,1
jasonchampagne.com,6,0,4,1
jaymarc.com.au,6,0,17,1
jchordsmusic.com,6,0,17,1
jclavie.com,6,0,4,1
jdthomson.com,6,0,4,1
jeff-springer.com,6,0,119,1
jekyllup.com,6,0,10,1
jennapotts.com,6,0,17,1
jenniferforcouncil.com,6,0,17,1
jennyandfranksartisan.com,6,0,17,1
jennysharpeattorney.com,6,0,17,1
jeremynoronha.com,6,0,1,1
jeriss.be,6,0,5,1
jetectech.com,6,0,3,1
jettentrental.com,6,0,17,1
jimdmichaels.weebly.com,6,0,3,1
jimmycozier.com,6,0,68,1
jimmyslawncarewi.com,6,0,17,1
jinekolojik.org,6,0,41,1
jjcoastaldemolition.com.au,6,0,51,1
jjminidiggers.com.au,6,0,17,1
jlcbuildingdevelopments.com.au,6,0,17,1
jlmconstruction-tx.com,6,0,17,1
jmfamilychiropractic.com,6,0,34,1
jmlm.pt,6,0,9,1
jndtrip.com,6,0,17,1
joegrp.com,6,0,102,1
johnecarsltd.co.uk,6,0,17,1
johnscalla.com,6,0,3,1
johnsonshowpigs.com,6,0,17,1
jomtien-realty.com,6,0,1,1
jonesbaymarina.com.au,6,0,17,1
joniur.store,6,0,17,1
joostmockingstoffering.nl,6,0,34,1
joqueoferta.com,6,0,1,1
joshuaostewart.com,6,0,3,1
journalofcyberpolicy.com,6,0,6,1
joursferies-fr.fr,6,0,5,1
jpglobal.eu,6,0,17,1
jr-transfers.co.uk,6,0,17,1
jtroyerco.com,6,0,17,1
judgesoniarodrigueztrue.org,6,0,17,1
july.co.in,6,0,1,1
jumanni.com,6,0,1,1
juneauretreat.com,6,0,17,1
junglecatcacao.com,6,0,17,1
junkmycarstatenisland.com,6,0,17,1
juntosconmaryjuan.com,6,0,16,1
jupiterrealestatelawyers.com,6,0,17,1
justcuriousclub.com,6,0,34,1
justmusicavezzano.com,6,0,17,1
justry.io,6,0,1,1
kadouritsu.com,6,0,1,1
kaffecoffeetea.com,6,0,17,1
kalamoneleon.com,6,0,17,1
kapconstruction.com,6,0,17,1
kaplanlawllc.com,6,0,17,1
karl.finance,6,0,332,1
katash.co.il,6,0,17,1
katelinellc.com,6,0,17,1
kawanu.com,6,0,17,1
kayakmoltrasio.com,6,0,17,1
kayvanpour.ir,6,0,1,1
kcprostatecenter.com,6,0,17,1
kdpatel.com,6,0,1,1
keepitfreshproduce.com,6,0,17,1
keepwolvesprotected.com,6,0,17,1
keirseybooks.com,6,0,2,1
kelacidanceheels.com,6,0,17,1
kelleyfloors.com,6,0,17,1
kemono.im,6,0,2,1
kendifitness.com,6,0,17,1
kentwonedogs.co.uk,6,0,17,1
kerschsoft.at,6,0,3,1
ketaki.co.in,6,0,1,1
kevinljackson.blogspot.com,6,0,31,1
kevinmooreseptic.com,6,0,34,1
keyfobbracelet.com,6,0,17,1
khadamatk.com,6,0,1,1
khamaleonlab.com,6,0,6,1
kia.cc,6,0,170,1
kicoaching.life,6,0,34,1
kidsmug.com,6,0,17,1
kinfolkcody.com,6,0,68,1
kinfolkrk.com,6,0,68,1
kinfolkuwm.com,6,0,68,1
kingranks.com,6,0,4,1
kingsreed.co.uk,6,0,17,1
kingwarmtetechniek.nl,6,0,17,1
kingz.club,6,0,17,1
kinternetcable.com,6,0,17,1
kitchend.co.il,6,0,17,1
kitchensinkwp.com,6,0,3,1
kittyyums.com,6,0,17,1
kjaweb.com,6,0,17,1
kkmetallhandel.de,6,0,16,1
kmspublicidade.com.br,6,0,17,1
knightshieldriskmanagement.com,6,0,17,1
knowiteasily.blogspot.com,6,0,2,1
knowledgetree.com,6,0,1,1
knowlegrapes.com,6,0,48,1
kodyhosting.pl,6,0,17,1
kokomocomputers.com,6,0,9,1
koohleer.com,6,0,17,1
koren-nadlan.co.il,6,0,17,1
koyes.org,6,0,17,1
kozijnenmaatwerk.nl,6,0,17,1
kphairsalon.com,6,0,17,1
kraanschipleah.nl,6,0,51,1
kthxsai.com,6,0,2,1
kubahkaryaenamel.com,6,0,17,1
kulutusluotto365.fi,6,0,33,1
kundendienst.wiki,6,0,8,1
kuri6005.sakura.ne.jp,6,0,2,1
kusifordjourmd.com,6,0,17,1
kustiq.com,6,0,16,1
kzomclinicas.com.br,6,0,1,1
labelz.com.my,6,0,51,1
laeticiacollado-etiopathe.fr,6,0,17,1
lafiestataiwan.com,6,0,17,1
lake-net.com,6,0,16,1
lakeshorecabinet.com,6,0,17,1
landgharpenden.co.uk,6,0,34,1
landing-p.org,6,0,51,1
landmarksgt.com,6,0,17,1
landwercafevent.com,6,0,17,1
lang-hausbau.de,6,0,3,1
lannipietro.com,6,0,2,1
larachamp.com,6,0,2,1
laraplugins.io,6,0,8,1
larathunder.com,6,0,1,1
laroseportablebuildings.com,6,0,17,1
lasemanaphp.com,6,0,134,1
latestonnet.com,6,0,1,1
latrlab.com,6,0,1,1
launchpadplugin.com,6,0,1,1
laurenclapp.com,6,0,2,1
laurieexcell.com,6,0,1,1
lauriswalton.com,6,0,1,1
lawadvas.com,6,0,17,1
lawleyprojects.co.za,6,0,17,1
lawmanlynchfoundation.org,6,0,17,1
lawnmanagementsprinkler.com,6,0,17,1
laytincapital.com,6,0,17,1
leaderflip.com,6,0,17,1
leados.com,6,0,17,1
leadshq.com.au,6,0,41,1
leadsnear.com,6,0,19,1
learn4arab.com,6,0,5,1
learnfastmakethings.com,6,0,1,1
learnlifesupport.com,6,0,17,1
ledavalle.com,6,0,17,1
leenvalleystorageltd.co.uk,6,0,17,1
leerbaas.nl,6,0,17,1
leetametals.com,6,0,17,1
legendsphotoorland.com,6,0,16,1
legit-directory.com,6,0,1,1
leisurelife.store,6,0,2,1
leofinance.io,6,0,1,1
lesetroits.com,6,0,1,1
letogroupcyprus.com,6,0,17,1
letorojardin.com,6,0,2,1
letterboxdistributiongoldcoast.com.au,6,0,17,1
lgcm.asia,6,0,17,1
liampricenarrator.com,6,0,17,1
liamprojects.co.il,6,0,17,1
liamsprowebsites.com.au,6,0,1,1
liates.com,6,0,17,1
libraofficefurniture.co.uk,6,0,1,1
libs.tech,6,0,1,1
lienstar.com,6,0,17,1
lifesotiming.com,6,0,2,1
lifestylefinancialplanning.com.au,6,0,34,1
lighthousewhitelake.net,6,0,34,1
like-blogs.com,6,0,1,1
limawebdirectory.com,6,0,1,1
limito.net,6,0,1,1
linabadeka.com,6,0,17,1
lindaspaans-kraamzorg.nl,6,0,34,1
lindentowtruckservice.com,6,0,17,1
linea-r.it,6,0,17,1
link-man.org,6,0,610,1
link4blogs.com,6,0,5,1
linkdirectorynet.com,6,0,1,1
linkingdirectory.com,6,0,1,1
linkli.st,6,0,1,1
linkscrawl.com,6,0,1,1
linnsbodycare.se,6,0,54,1
linux-server-admin.com,6,0,1,1
linuxdork.com,6,0,2,1
linuxtechlab.com,6,0,1,1
listedtools.com,6,0,6,1
lithuaniantreecake.com.tw,6,0,17,1
littlebigweb.co.uk,6,0,2,1
littletonautohailrepair.com,6,0,1,1
live4cup.com,6,0,2,1
livebloggs.com,6,0,3,1
livecmc.com,6,0,4,1
liveyoungersuccess.com,6,0,17,1
livinggossip.com,6,0,1,1
ljfevents.com,6,0,12,1
llmrank.fyi,6,0,1,1
lobbster.co,6,0,4,1
localrootsfarm.ca,6,0,17,1
localstoragesheds.com.au,6,0,17,1
lock8200.co.il,6,0,17,1
logicwiki.co.uk,6,0,1,1
loginblogin.com,6,0,1,1
logodrip.com,6,0,1,1
logopedierijnmond.nl,6,0,17,1
loisohara.co.uk,6,0,17,1
loomshadowatelier.com,6,0,17,1
losblogos.com,6,0,1,1
louna-danse.com,6,0,1,1
lovata.com,6,0,1,1
lovejoyfarm.com,6,0,17,1
lozenec-lan.net,6,0,4,1
lrautocare.com,6,0,17,1
lrb.com.mx,6,0,17,1
lrjewelry.co.il,6,0,68,1
lrslocksmith.co.uk,6,0,17,1
lsauto.co.il,6,0,17,1
lt-squad.com,6,0,1,1
ltsmerchant.com,6,0,17,1
lucaskurmismusic.com,6,0,17,1
lucasmartinezmusic.com,6,0,17,1
lucianamamilla.com,6,0,17,1
lucrativi.com,6,0,17,1
lumibeautywv.com,6,0,17,1
lumireve.com,6,0,3,1
lunarforums.com,6,0,1,1
lutherspeight.net,6,0,1,1
luxdigital.ca,6,0,1,1
luxelimos.ca,6,0,17,1
luxsite.ua,6,0,205,1
lxadm.com,6,0,2,1
lynnsbeauty.co.uk,6,0,68,1
m5sg.com.br,6,0,17,1
mac163.com,6,0,6,1
macos9lives.com,6,0,2,1
macstaffingsolutions.co.zm,6,0,17,1
maddog-server.org,6,0,9,1
madepublic.io,6,0,1,1
madisongardenestate.com,6,0,1,1
madisongraph.com,6,0,1,1
madmouseblog.com,6,0,4,1
maestriasflacso.ec,6,0,17,1
magedispatch.com,6,0,8,1
magento-hosting.webflow.io,6,0,2,1
magetique.com,6,0,4,1
magiclink.it,6,0,17,1
magillhomoeopathicclinic.com.au,6,0,17,1
magnoliazlotow.pl,6,0,17,1
magpropainters.com,6,0,34,1
magscooponline.com,6,0,7,1
mahocrew.com,6,0,17,1
mainstreetbrickcottage.com,6,0,17,1
maisonavendreblainville.com,6,0,1,1
make-moneytime-work.com,6,0,4,1
makegoodsydney.com.au,6,0,17,1
makemoneylonline.com,6,0,5,1
makemyindiaonline.com,6,0,3,1
makorabasar.co.il,6,0,17,1
malaysiatoto4d.com,6,0,17,1
malleeblue.com,6,0,2,1
malostratos.com,6,0,41,1
managementconsultingjournal.com,6,0,17,1
mandjconcreteoregon.com,6,0,17,1
maneshtimilsina.com,6,0,1,1
mangohair.uk,6,0,17,1
manhattanpublicadjusting.com,6,0,17,1
manikarnikaprakashani.com,6,0,4,1
manninghammedicalcentre.com.au,6,0,4,1
maquinariatelematica.com,6,0,17,1
marabesi.github.io,6,0,1,1
marabout-wallo.com,6,0,17,1
mariana.ie,6,0,17,1
marianagarbim.com.br,6,0,17,1
marianashulga.com,6,0,17,1
marianettimed-dentalclinic.it,6,0,17,1
mariarushe.ie,6,0,17,1
marieholloway.com,6,0,17,1
marisalourenco.com,6,0,2,1
markadz.com,6,0,1,1
marketerinterview.com,6,0,7,1
marketingarage.it,6,0,17,1
marketingdigitalschool.com.br,6,0,9,1
marketizo.com.br,6,0,17,1
marketmillion.com,6,0,9,1
marketpinas.com,6,0,68,1
markmason.com,6,0,3,1
marktecher.com,6,0,1,1
markzarr.com,6,0,1,1
marquezlawoffices.com,6,0,17,1
marrakeshexclusivespa.com,6,0,17,1
marshmeadowsquarter.ie,6,0,17,1
marstruct-vi.com,6,0,2,1
martel.media,6,0,1,1
martinremodeling.co,6,0,17,1
martinsproduceshiloh.com,6,0,17,1
marvinyorks.com,6,0,17,1
mashjoy.com,6,0,7,1
masonjargummies.com,6,0,17,1
masstr.net,6,0,32,1
mastersga.com,6,0,17,1
maven-web.com,6,0,1,1
mavenroofco.com,6,0,17,1
mavensandmoguls.com,6,0,4,1
maxinggroup.com,6,0,49,1
maxzob.com,6,0,1,1
mayor.com.mt,6,0,2,1
mbbeverages.com,6,0,17,1
mccaychiropractic.com,6,0,17,1
mcmiamirealty.com,6,0,2,1
mcngmarketing.com,6,0,13,1
mcodevalidation.com,6,0,17,1
mdmserver.us,6,0,41,1
meadows-law.com,6,0,17,1
mechatronik-lungau.at,6,0,1,1
mechess.com,6,0,17,1
mecontracting.com.au,6,0,17,1
medical.pa,6,0,34,1
mediknit.org,6,0,1,1
medikre.com,6,0,26,1
mediosyvallas.com.co,6,0,17,1
medled.se,6,0,17,1
meergezinsbehandeling.nl,6,0,17,1
mega-buyer.com,6,0,2,1
megatechdigital.com,6,0,2,1
melhorhospedagemwordpress.com.br,6,0,2,1
melsjewelry.ie,6,0,17,1
melsrideshare.com.au,6,0,17,1
memo-g.com,6,0,1,1
memobytecorner.com,6,0,17,1
memphisadvertising.com,6,0,2,1
mentubing.com,6,0,11,1
merritt-harrison.co.uk,6,0,27,1
metalexteriorspa.com,6,0,17,1
meyse.com.tr,6,0,2,1
mezclapdc.com,6,0,17,1
mfsannualreport.org,6,0,85,1
mgsignworks.com,6,0,17,1
mhhlaw.ca,6,0,17,1
miamiwebinstitute.com,6,0,2,1
miaomeow.com,6,0,5,1
michaelarmespestcontrol.co.uk,6,0,17,1
michaelbourne.ca,6,0,1,1
michaelsgardencenter.com,6,0,82,1
michaelyork.net,6,0,41,1
microlinksite.com,6,0,3,1
midcolebanon.com,6,0,34,1
midwaypointehomes.com,6,0,1,1
midwestern-realty.com,6,0,17,1
migireview.com,6,0,2,1
migomustbuy.com,6,0,17,1
miguelanayavo.com,6,0,68,1
miguelcalvo.net,6,0,1,1
mikelynch.com.au,6,0,17,1
milaniirrigazione.it,6,0,51,1
mildtl15024.com,6,0,27,1
milesbetterengineering.co.nz,6,0,18,1
millerstonemason.com,6,0,17,1
miltime.org,6,0,17,1
minamaxbusinesspromotions.co.uk,6,0,17,1
mindbodyflow.co.nz,6,0,17,1
mindfulcreations.co.il,6,0,1,1
mindourselves.ca,6,0,17,1
mindsmatter.mobi,6,0,34,1
mindxmaster.com,6,0,3,1
mineralis-sc.com,6,0,17,1
minimallyinvasivecenter.com,6,0,17,1
ministrylaunchpad.org,6,0,39,1
mirajadvisory.com,6,0,17,1
miramedia.co.uk,6,0,33,1
miriamschwab.me,6,0,3,1
misfitmediallc.com,6,0,17,1
missnightout.com,6,0,17,1
mjsbc.com,6,0,17,1
mkgcorp.kr,6,0,17,1
mkpglobalimmigration.ca,6,0,17,1
mlspa.ca,6,0,17,1
mncarinspection.com,6,0,17,1
modelapps.io,6,0,17,1
modelresearch.net,6,0,17,1
moderncozygetaways.com,6,0,17,1
modoo-info.com,6,0,142,1
moedernatuur.be,6,0,17,1
mofluid.com,6,0,1,1
mohitdwivedi.online,6,0,1,1
mojpower.pl,6,0,1,1
momento-events.co.il,6,0,17,1
momtazserver.com,6,0,2,1
monelloselect.cl,6,0,17,1
monetizebetter.com,6,0,2,1
moneyformer.com,6,0,4,1
moneyhacker.online,6,0,1,1
montaguedentures.com,6,0,17,1
montasserinvestment.com,6,0,17,1
moonlitemoney.com,6,0,1,1
moore-mc.com,6,0,17,1
morilee.com.br,6,0,17,1
morrisonrealestateofutah.com,6,0,13,1
mosastudio.org,6,0,17,1
moshava.co.il,6,0,17,1
motodents.com,6,0,17,1
motor-direkt.de,6,0,41,1
mountainlofttarvisio.com,6,0,1,1
movetechmanutencao.com.br,6,0,17,1
moviden.com,6,0,1,1
moxee-search.com,6,0,17,1
mpowerdirectory.com,6,0,1,1
mpressed.io,6,0,16,1
mprstudio.com,6,0,2,1
mrcleansdetailing.com,6,0,17,1
mribchemicals.com,6,0,16,1
mrtzatziki.com,6,0,17,1
msipartner.org,6,0,17,1
mtenergie.com,6,0,17,1
mtitunisie.com,6,0,3,1
mtkflashtools.com,6,0,54,1
mtlemmoncoffeeandteaco.com,6,0,17,1
muffbedandbreakfast.com,6,0,17,1
mulanmart.com,6,0,2,1
mullickfoundation.org,6,0,17,1
musicearplay.online,6,0,17,1
musikkfestivaler.no,6,0,17,1
myangkasacapital.com.my,6,0,19,1
mybiznescentr.ru,6,0,1,1
mybjjblog.com,6,0,3,1
mybuzzblog.com,6,0,2,1
mycontainer.org,6,0,17,1
mydnstats.com,6,0,4,1
myhertford.com,6,0,17,1
mykollel.com,6,0,17,1
mylibertymarketcondo.com,6,0,21,1
myluxdiscounts.com,6,0,1,1
mymonkeydo.com,6,0,2,1
mynameismichelle.com,6,0,1,1
myselpblog.com,6,0,1,1
mystudiopilates.com,6,0,34,1
mywebmaster-israel.ovh,6,0,6,1
mywhitelime.com,6,0,18,1
myyogaface.com,6,0,17,1
nagrags.co.uk,6,0,17,1
nameradiance.com,6,0,1,1
nandicab.com,6,0,9,1
natalibe.co.il,6,0,17,1
nationalunlock.com,6,0,59,1
natraspray.net.au,6,0,1,1
naverly.com,6,0,17,1
navsoft.co.kr,6,0,17,1
nbhus.se,6,0,17,1
ncnn.ir,6,0,1,1
nebula-directory.com,6,0,1,1
neelsworld.in,6,0,6,1
nemoexpresstours.net,6,0,17,1
neogaragedoor.com,6,0,17,1
nerdsguild.com,6,0,22,1
nescens-au.com,6,0,17,1
nestdesign.com.my,6,0,1,1
nestlivingru.com,6,0,17,1
netik.co.il,6,0,1,1
networkincharlotte.com,6,0,17,1
netz.gr,6,0,1,1
neuwoodliving.com,6,0,51,1
neuwoodmaterials.com,6,0,17,1
newabilityservices.com.au,6,0,17,1
newbigblog.com,6,0,4,1
newhomeinc.ca,6,0,17,1
newhopebible.net,6,0,2,1
newlinefirm.com,6,0,2,1
newpathpainting.com,6,0,17,1
newspostonline.com,6,0,1,1
newsramp.com,6,0,1,1
nextdoorabroad.com,6,0,7,1
nextgenglass.com.au,6,0,17,1
nexusmedical.net,6,0,17,1
nheducators.org,6,0,17,1
nhorev.co.il,6,0,17,1
nhsdiscounts.co,6,0,5,1
nicdavidson.com.au,6,0,3,1
nicepick.dev,6,0,1,1
nicholasw.net,6,0,2,1
nicksuy.be,6,0,3,1
nid-amour.com,6,0,1,1
ninehotelchiangmai.com,6,0,34,1
ninja-gym.co.il,6,0,17,1
nipponese.news,6,0,2,1
nitida.pt,6,0,2,1
nitzanronen.com,6,0,21,1
nkmpv.com,6,0,410,1
nko-diepenbeek.be,6,0,51,1
nlab.digital,6,0,2,1
nnews.kr,6,0,3,1
noah-news.com,6,0,5,1
nobinf.com,6,0,17,1
nomadnoel.uk,6,0,17,1
noncount.com,6,0,1,1
nordpeis.lv,6,0,17,1
norireport.com,6,0,2,1
norsecorp.net,6,0,1,1
norskbyggstandard.no,6,0,17,1
northescape.is,6,0,17,1
northwoodrgv.com,6,0,17,1
nothingnonsense.com,6,0,144,1
notretailme.com,6,0,9,1
nottmps.com,6,0,77,1
nouska.ca,6,0,17,1
novasask.com,6,0,590,1
novaspineandjoint.com,6,0,17,1
novinavaransanat.com,6,0,3,1
nowbutanta.com.br,6,0,17,1
nslclick.com,6,0,1,1
nssewer.com,6,0,17,1
nuevosoldemarbella.com,6,0,1,1
number1hosting.com,6,0,12,1
nuovoimpero.it,6,0,2,1
nurse-solution.de,6,0,40,1
nwwebsites.co.uk,6,0,1,1
nybpost.com,6,0,1,1
o1.no,6,0,17,1
oakleafblog.blogspot.com,6,0,1,1
oaktreemail.ca,6,0,1,1
ochinfradito.com,6,0,17,1
odgi.com.br,6,0,17,1
odszkodowaniampzp.pl,6,0,17,1
officehub.ae,6,0,17,1
officialtop5review.com,6,0,2,1
officialwebsites.in,6,0,1,1
oggioniep.com,6,0,17,1
ogye.or.kr,6,0,3,1
okbios.com,6,0,15,1
oknonowogard.pl,6,0,2,1
okwebs.net,6,0,6,1
olddoginhk.com,6,0,1,1
olitt.co.za,6,0,40,1
olocksbeautysalon.com,6,0,17,1
oman-web.com,6,0,17,1
omegaunderground.com,6,0,2,1
omg-directory.com,6,0,1,1
omnifyd.ai,6,0,1,1
omnikick.com,6,0,1,1
omnius-project.github.io,6,0,1,1
omundodigital.blog.br,6,0,1,1
on-dm.com,6,0,85,1
oncedirectory.com,6,0,1,1
one-directory.com,6,0,1,1
one.net.in,6,0,1,1
onebanktn.info,6,0,17,1
onegaia.org,6,0,17,1
onemorebitecatering.com.au,6,0,17,1
onerivermedia.com,6,0,4,1
onestoppropertiesonline.co.uk,6,0,17,1
online-shopping.or.jp,6,0,1,1
online.nc,6,0,5,1
onlinebusinessliftoff.com,6,0,1,1
onlinedigital.reviews,6,0,20,1
onlinesalesguidetip.com,6,0,14,1
onlyartsculpture.com,6,0,32,1
ontariopccaucus.com,6,0,17,1
op4.it,6,0,17,1
openaltfinder.com,6,0,1,1
openmylink.in,6,0,1,1
openr.co,6,0,1,1
operatorpengeluaran.my,6,0,17,1
opptrends.org,6,0,3,1
optimalage.com,6,0,17,1
optimalbodyrx.com,6,0,17,1
optimallivingservices.com,6,0,82,1
optimaxtuning.no,6,0,17,1
optimummix.sg,6,0,17,1
orcut.co.il,6,0,17,1
orderdisc.com,6,0,17,1
organiclizz.com.br,6,0,17,1
organicseo.ie,6,0,1,1
orhantrading.com,6,0,17,1
orionendustri.com,6,0,34,1
orlandoextinguisherinspection.com,6,0,17,1
orlandoextinguisherservice.com,6,0,17,1
ornellafusiongallery.com,6,0,17,1
ortablu.org,6,0,8,1
orthopedicsciences.com,6,0,17,1
ospreysales.com,6,0,17,1
ostots-investment.com,6,0,17,1
osullivanhockey.com,6,0,17,1
otbb.fr,6,0,1,1
ouicreate.fr,6,0,17,1
ourcreativeoffice.co.uk,6,0,17,1
ourtech.community,6,0,2,1
ourterms.live,6,0,7,1
overexport.com,6,0,17,1
overnatic.us,6,0,3,1
owlgirl.com,6,0,68,1
oytos.com,6,0,2,1
p-print.co.il,6,0,17,1
p2blogs.com,6,0,1,1
pablolloncon.cl,6,0,17,1
pafos.io,6,0,17,1
page.builders,6,0,4,1
pagebuildersummit.com,6,0,1,1
pagelist.net,6,0,1,1
pai.technology,6,0,17,1
painelwp.com.br,6,0,158,1
pajevic.dk,6,0,1,1
palmettohousebakery.com,6,0,17,1
panddpowerwash.com,6,0,34,1
pankogut.com,6,0,2,1
papergardenmaui.com,6,0,41,1
paradourocassemiroexpress.com.br,6,0,17,1
parimadtarkvarad.ee,6,0,15,1
parkinsoncontinuingeducation.com,6,0,17,1
parksideatglenridding.com,6,0,17,1
parrain.co,6,0,1,1
parrotclub.co,6,0,17,1
parthenaisiens.fr,6,0,1,1
partimob.com.br,6,0,17,1
passivebook.com,6,0,1,1
passus.dk,6,0,9,1
patadepato.com,6,0,1,1
patiodynamics.com,6,0,17,1
paulamodainfantil.es,6,0,17,1
pavlebasic.me,6,0,196,1
paw-accessoires.com,6,0,1,1
payfew.com,6,0,1,1
paynerd.com,6,0,17,1
pb23.co.uk,6,0,17,1
pcgamemods.com,6,0,41,1
pck17.pl,6,0,17,1
pebibia.com,6,0,1,1
pedrobarqueroblog.es,6,0,4,1
pehapkari.cz,6,0,1,1
peregrinewoods.com,6,0,17,1
personalbridge.com,6,0,17,1
pestbuster.co.uk,6,0,17,1
peterblum.com,6,0,2,1
peterdarker.com,6,0,1,1
pfsbroker.com,6,0,17,1
pgringette.ca,6,0,17,1
pharmawebtech.com,6,0,51,1
phase2directory.com,6,0,1,1
phoenixgroup.net.au,6,0,17,1
phonglammedia.com,6,0,3,1
php8developer.com,6,0,1059,1
physiciansolutionscorp.com,6,0,17,1
picernocasalinghi.it,6,0,17,1
pickastore.xyz,6,0,1,1
pickhosting.co,6,0,1,1
pickify.io,6,0,52,1
picnicsocial.ca,6,0,1,1
picomico.com,6,0,303,1
pijamasisayes.com,6,0,17,1
pillarsupport.com,6,0,3,1
pinedaleapts.com,6,0,17,1
pingoru.io,6,0,63,1
pingpingglobal.com,6,0,1,1
pinoyfreecoder.com,6,0,2,1
pittsburghcontrols.com,6,0,17,1
pixeldima.com,6,0,1,1
pixelera.com,6,0,17,1
plak.io,6,0,1,1
plant4.com,6,0,17,1
plasticoltd.com,6,0,51,1
plateit.ai,6,0,34,1
platinumprofessionalrugcleaning.com,6,0,17,1
plcautomationindia.com,6,0,17,1
pluginfind.com,6,0,22,1
plumbd.au,6,0,17,1
plumberseohub.com,6,0,3,1
plumbersinoceanside.com,6,0,3,1
plusfit24.de,6,0,17,1
pmcaonline.org,6,0,1,1
pmwebprint.co.uk,6,0,17,1
pocatelloelks.org,6,0,17,1
poconopadsmgmt.com,6,0,17,1
pointwarmia.pl,6,0,17,1
polaska.co.uk,6,0,51,1
poliverso.org,6,0,167,1
pomoc-drogowa-24h.pl,6,0,1,1
pondero.ai,6,0,18,1
popularask.net,6,0,2,1
popularticles.com,6,0,1,1
portail-coulissant.info,6,0,2,1
portlandpeacecorps.org,6,0,17,1
portlandprivate.co.uk,6,0,16,1
portno.com,6,0,123,1
posgraduacaofacuminas.com.br,6,0,17,1
positiveindependence.co.uk,6,0,1,1
post-blogs.com,6,0,8,1
postcardstome.com,6,0,1,1
posthtml.org,6,0,1,1
powelltermite-pest.com,6,0,17,1
ppmec.ca,6,0,17,1
pprosys.com,6,0,17,1
praktijkmeerhoven.nl,6,0,17,1
praktijkmindcare.nl,6,0,17,1
pravoslit.ru,6,0,7,1
premierbarnsnebraska.com,6,0,17,1
premierbuildingsofwinfield.com,6,0,17,1
premiumhostinghub.com,6,0,1,1
presolutions.sa,6,6,0,1
pressawards.org.uk,6,0,17,1
presscompare.com,6,0,26320,1
pressreleasecc.com,6,0,3,1
prestigetrafficmanagement.com.au,6,0,17,1
primemetalworks.com.au,6,0,17,1
primenewsfeed.com,6,0,17,1
primetimemobilegamerz.com,6,0,17,1
primevitalityus.com,6,0,17,1
primo-fs.co.uk,6,0,17,1
printinglasvegaspro.com,6,0,1,1
priyocareer.com,6,0,1,1
prlightingsystems.co.uk,6,0,17,1
prnewsblog.com,6,0,21,1
proactivation.net,6,0,2,1
proad.etc.br,6,0,34,1
probioform.no,6,0,17,1
problogguru.com,6,0,2,1
productgeek.com,6,0,2,1
productive.org,6,0,6,1
profoundmassage.com,6,0,32,1
programmed-turnpoint.com.au,6,0,17,1
prolink-directory.com,6,0,146615,1
promachinery.co.th,6,0,17,1
promocodis.es,6,0,2,1
promocodis.tw,6,0,2,1
prompthacker.ai,6,0,2,1
propagandasportbar.com,6,0,17,1
propulslead.com,6,0,2,1
prosense.ca,6,0,17,1
prospectuso.com,6,0,4,1
proudpup.co,6,0,2,1
proudsmilejnr.com.au,6,0,68,1
provirtualsolutions.com,6,0,3,1
provisionscolumbus.com,6,0,17,1
provohub.com,6,0,1,1
proxy2.de,6,0,2,1
psychotherapie-voecklabruck.at,6,0,1,1
ptgmarketing.com,6,0,1,1
publicistpaper.com,6,0,5,1
publioutdoors.pt,6,0,18,1
puffnpaintokc.com,6,0,17,1
pulawska227.pl,6,0,17,1
punchwork-law.com,6,0,17,1
purekonect.com,6,0,5,1
purespringwatersoftenersfiltersallentown.com,6,0,17,1
purespringwatersoftenersfiltersdenver.com,6,0,17,1
purespringwatersoftenersfiltersgarland.com,6,0,17,1
purespringwatersoftenersfiltersirvine.com,6,0,17,1
purespringwatersoftenersfilterslosangeles.com,6,0,17,1
purespringwatersoftenersfiltersmesa.com,6,0,17,1
purespringwatersoftenersfiltersphoenix.com,6,0,17,1
pussy888fun.club,6,0,17,1
qacollegeadmissions.com,6,0,17,1
qasimtricks.com,6,0,9,1
qastack.fr,6,0,7,1
qatar-resins.com,6,0,17,1
qccs-sa.com,6,0,17,1
qdonow.com,6,0,1,1
qianpuyun.com,6,0,78,1
qodsblog.com,6,0,1,1
quairadingfarmerscoop.com.au,6,0,17,1
qualitycomfortinc.com,6,0,17,1
qualitykeyca.com,6,0,17,1
quick2premium.com,6,0,17,1
quiet.lv,6,0,85,1
qwel.ru,6,0,22,1
raanan.com,6,0,1,1
radiate.fm,6,0,17,1
raindrop.page,6,0,4,1
raintreelandscaping.net,6,0,17,1
rajadigital.id,6,0,5,1
ralphjohn.com,6,0,1,1
ranchodelinda.com,6,0,17,1
ranchomiragehighschool.org,6,0,41,1
rankedcpu.com,6,0,1,1
rankguin.com,6,0,1,1
rankify.pro,6,0,2,1
rankinghacks.com,6,0,1,1
raphustle.com,6,0,3,1
raregranito.com,6,0,17,1
ravkaveastjlm.org,6,0,17,1
rbii.lt,6,0,2,1
rcs.is,6,0,4,1
rcstylessalon.com,6,0,17,1
reache.com.tw,6,0,9,1
readelight.com,6,0,2,1
readingtonhopfarm.com,6,0,17,1
readwithmochabooks.com,6,0,17,1
rebecascleaning.com,6,0,34,1
reciprocalinfluence.com,6,0,5,1
reclaimtheweb.us,6,0,17,1
recursoswp.com,6,0,20,1
redbarntees.com,6,0,17,1
rededesigner.com.br,6,0,17,1
redefineweb.com,6,0,2,1
redotinc.com,6,0,1,1
redsneakers.works,6,0,10,1
reducemytax.com,6,0,2,1
reductioncodepromo.be,6,0,2,1
redwoodhvac.com,6,0,17,1
reefbuildersinc.com,6,0,17,1
reemplaza.app,6,0,1,1
reewashop.com,6,0,153,1
regalliteproperties.co.uk,6,0,17,1
regbh.com,6,0,17,1
regionalgames.co.uk,6,0,17,1
relacioneslaboraleszamora.es,6,0,17,1
relaxationspot.com,6,0,1,1
relaxyasports.de,6,0,1,1
relevantdirectories.com,6,0,103495,1
relevantdirectory.biz,6,0,1826,1
relevocarimbos.com.br,6,0,17,1
reliableenergyarizona.com,6,0,17,1
relyvo.com,6,0,1,1
renhaoseo.com,6,0,3,1
repokiinteistohoito.fi,6,0,17,1
residencecard.jp,6,0,574,1
resiliencesurvivorship.com,6,0,17,1
restnova.com,6,0,40,1
retailmedialabs.com,6,0,17,1
retireeenterprises.com,6,0,17,1
revenueliftcro.com,6,0,1,1
reviewkarts.com,6,0,4,1
rexohub.com,6,0,1,1
reynoldsivlaw.com,6,0,17,1
rgd-group.com,6,0,17,1
riad.blog,6,0,1,1
ricardolemos.com,6,0,2,1
richsolessneakershop.com,6,0,17,1
richtech.io,6,0,3,1
ringpack.net,6,0,68,1
riovizual.com,6,0,5,1
ripplesmith.com,6,0,2,1
risclens.com,6,0,1,1
ritesail.com,6,0,1,1
rndinteractive.com,6,0,2,1
rnkrocket.com,6,0,1,1
robertgillingsproductions.com,6,0,17,1
robertocandido.com,6,0,51,1
roccosealants.co.uk,6,0,17,1
rochellewilson.com,6,0,17,1
rockboundoasis.com,6,0,17,1
rocketkit.co,6,0,1,1
roguetaxoregon.com,6,0,17,1
rohac.cz,6,0,17,1
rokpoto.com,6,0,1,1
rollskateart.com,6,0,17,1
ronenarieli.co.il,6,0,17,1
rongoaaroha.co.nz,6,0,17,1
ronimarinkovic.com,6,0,2,1
rosskolen.no,6,0,17,1
route1clearances.co.uk,6,0,17,1
routledgefinancial.co.uk,6,0,17,1
roxannecalder.com.au,6,0,17,1
royallets.com,6,0,17,1
rpatellawyers.com,6,0,17,1
rpcvthailand.org,6,0,17,1
rpdfinance.ro,6,0,41,1
rssfeedwidget.com,6,0,1,1
rssmag.ir,6,0,2,1
rtgroup.at,6,0,17,1
ruby-jack.com,6,0,17,1
ruffdiamond.cool,6,0,1,1
ruskinconsulting.com,6,0,17,1
rwellservices.com,6,0,17,1
s-sols-ru.blogspot.com,6,0,2,1
saasgravity.com,6,0,2,1
saasmetrics.co,6,0,2,1
sacostejo.com,6,0,1,1
sacredjourney.co.il,6,0,17,1
sadaatqurancenter.com,6,0,17,1
saenseschool.nl,6,0,17,1
safe-waypest.com,6,0,17,1
safetrode.com,6,0,4,1
sageandaura.com,6,0,41,1
sagedermatology.com.ph,6,0,17,1
sageisg.com,6,0,17,1
saikohayama.com,6,0,2,1
sailawaycharter.org,6,0,1,1
sainabim.com,6,0,17,1
saintconsulting.com.ve,6,0,3,1
sair.tech,6,0,17,1
saitra.llc,6,0,17,1
saizulamin.com,6,0,1,1
salestial.ai,6,0,2,1
salpaceassociates.com,6,0,51,1
salviolimarmi.it,6,0,51,1
sambent.com,6,0,2,1
samet.com,6,0,17,1
sammenligner.dk,6,0,1,1
samosaas.com,6,0,2,1
sampression.com,6,0,1,1
sanctuarychurchjax.org,6,0,17,1
sanfanke.com,6,0,3,1
sangdoequipment.com,6,0,30,1
sanjosesizzle.com,6,0,17,1
sannavitta.com.br,6,0,17,1
sanoway.com.au,6,0,17,1
santacruzsmiles.com,6,0,17,1
santamonicapsychics.com,6,0,41,1
santdev.com,6,0,17,1
santoo-seals.com,6,0,68,1
sarahnortoncounselling.co.uk,6,0,17,1
sartoriafaricelli.it,6,0,17,1
savewise.ae,6,0,17,1
savvycleaner.com,6,0,4,1
sazehbeton.com,6,0,1,1
sbtfundraising.org,6,0,17,1
scalesthai.com,6,0,17,1
scanverify.com,6,0,1,1
scdmfarms.com,6,0,17,1
schemaninja.com,6,0,371,1
schoolstreetresidences.com,6,0,17,1
schwarzreport.org,6,0,4,1
sciencespirits.com,6,0,5,1
scifair.org,6,0,17,1
sconwaylaw.com,6,0,34,1
scopmag.com,6,0,38,1
scorepromotionsvip.com,6,0,17,1
scour.ing,6,0,3,1
sct-vienna.com,6,0,1,1
sdproductiongroup.com,6,0,17,1
sdsolarcleaning.com,6,0,17,1
seahawkmedia.co.uk,6,0,1,1
sealingtheburgh.com,6,0,6,1
second-home.net,6,0,1,1
secretsofbali.com,6,0,17,1
sectionofdays.com,6,0,17,1
securemoneyinsights.com,6,0,2,1
secureonesecurityfirm.com,6,0,17,1
security-warehouse.com,6,0,85,1
securitymortgage1.com,6,0,17,1
securityserious.com,6,0,17,1
sedona-care.ca,6,0,17,1
seecoding.com,6,0,2,1
selfdetermined.info,6,0,1,1
selfpubhub.us.com,6,0,1,1
selfstoragekeypad.com,6,0,17,1
selfwage.com,6,0,1,1
sellgold.fr,6,0,17,1
sensor-is.org,6,0,17,1
sensorsystem.com.br,6,0,1,1
sensorykwon.com,6,0,34,1
sentinelhs.co.uk,6,0,17,1
sentinelpicks.com,6,0,1,1
seoflox.io,6,0,13,1
seonotebook.com,6,0,1,1
seonotebook.notion.site,6,0,1,1
seostuff.it,6,0,1,1
seovishnu.com,6,0,15,1
seoweblist.com,6,0,1,1
serenityhomestexas.com,6,0,17,1
serenityhs.net,6,0,51,1
serp.cn,6,0,1,1
serrurier-proximite.fr,6,0,1,1
sersolsru.wordpress.com,6,0,2,1
serviceareawizard.com,6,0,1,1
servicio-lineablanca.com,6,0,17,1
set-table.co.uk,6,0,17,1
setterelectric.com,6,0,17,1
sexiezpiz.com,6,0,1,1
sfc.org.au,6,0,68,1
shamagroup.com,6,0,17,1
shamrockconstructioncompany.com,6,0,17,1
shaneinvests.com,6,0,1,1
shaplakanon.com,6,0,4,1
shareasale-analytics.com,6,0,1,1
sharebyblog.com,6,0,1,1
shedsofadair.com,6,0,17,1
shedsofbenson.com,6,0,17,1
shedsofblairs.com,6,0,17,1
shedsofbristol.com,6,0,17,1
shedsofbrownwood.com,6,0,17,1
shedsofbuffalojunction.com,6,0,17,1
shedsofbuhl.com,6,0,17,1
shedsofburlington.com,6,0,17,1
shedsofclarendon.com,6,0,17,1
shedsofcleburne.com,6,0,17,1
shedsofdoniphan.com,6,0,17,1
shedsofflorence.com,6,0,17,1
shedsoffranklin.com,6,0,17,1
shedsofgreeneville.com,6,0,17,1
shedsofgreenleaf.com,6,0,17,1
shedsofgreensburg.com,6,0,17,1
shedsofgrove.com,6,0,17,1
shedsofharrison.com,6,0,17,1
shedsofhays.com,6,0,17,1
shedsofhayward.com,6,0,17,1
shedsofhemphill.com,6,0,17,1
shedsofhinesville.com,6,0,17,1
shedsofhowe.com,6,0,17,1
shedsofkenbridge.com,6,0,17,1
shedsoflaurens.com,6,0,17,1
shedsofmacedon.com,6,0,17,1
shedsofmadisonville.com,6,0,17,1
shedsofmansura.com,6,0,17,1
shedsofmayfield.com,6,0,17,1
shedsofmountainview.com,6,0,17,1
shedsofnicholasville.com,6,0,17,1
shedsofopelousas.com,6,0,17,1
shedsoforange.com,6,0,17,1
shedsofpace.com,6,0,17,1
shedsofpinchercreek.com,6,0,17,1
shedsofquanah.com,6,0,17,1
shedsofriverfalls.com,6,0,17,1
shedsofruralretreat.com,6,0,17,1
shedsofsiloamsprings.com,6,0,17,1
shedsofsneads.com,6,0,17,1
shedsofsouthdakota.com,6,0,17,1
shedsofsylva.com,6,0,17,1
shedsofvilleplatte.com,6,0,17,1
shedsofwaynesboro.com,6,0,17,1
shedsofwhiteville.com,6,0,17,1
shedsofwichita.com,6,0,17,1
shedsofwilmer.com,6,0,17,1
shibuya.ro,6,0,17,1
ship-247.com,6,0,102,1
shirehomeservices.com,6,0,17,1
shivawiki.com,6,0,1,1
shopopenings.com,6,0,1,1
shoppylo.com,6,0,1,1
shopwebdirectory.com,6,0,1,1
shotblogs.com,6,0,3,1
showrtner.com,6,0,4,1
shri-yoga.org,6,0,17,1
shubhangi.co.in,6,0,1,1
shutafim.org.il,6,0,17,1
siblaris.com,6,0,17,1
sidsprojectimpact.com,6,0,1,1
signcraftsman.ca,6,0,17,1
signin-link.com,6,0,14,1
sigridknemeyer.com,6,0,51,1
sikatpinoy.net,6,0,2,1
simonilett.com,6,0,41,1
sinapsipsicologia.it,6,0,1,1
sisterjangsoo.co.kr,6,0,2,1
site-design-brasil.com.br,6,0,10,1
sitedudev.com,6,0,1,1
siteexpert.in,6,0,1,1
sitegrowthdeals.com,6,0,4,1
sitesecurely.com,6,0,3,1
sitesquirrels.com,6,0,16,1
siytek.com,6,0,1,1
skaleegenkapital.com,6,0,1,1
skinbeautycastle.com,6,0,17,1
skrealtyplus.co.th,6,0,61,1
skyelash.com,6,0,17,1
skylightsbydesign.com.au,6,0,17,1
skyviewlendinggroup.com,6,0,17,1
skywebsitez.com,6,0,1,1
slclogisticsllc.com,6,0,19,1
sles.info,6,0,17,1
slimdirectory.com,6,0,1,1
slimme-uil.nl,6,0,17,1
sltlimos.com,6,0,17,1
small-business-guide.com,6,0,1,1
smart-glassinc.com,6,0,17,1
smart-world.org,6,0,82,1
smarthelpguides.com,6,0,1,1
smartinnovates.net,6,0,17,1
smartmaps-ni.co.uk,6,0,17,1
smartset.ca,6,0,41,1
smarttechtoday.com,6,0,1,1
smblogsites.com,6,0,4,1
smilepizzadelivery.ro,6,0,123,1
smiller-roofing.co.uk,6,0,17,1
smsgeezer.com,6,0,17,1
snack-blog.com,6,0,4,1
snak.io,6,0,17,1
snapgraphicspro.com,6,0,51,1
snjchess.com,6,0,17,1
snoopydirectory.com,6,0,1,1
soarharvest.com,6,0,17,1
sobharesidencesdubai.com,6,0,17,1
socast.net,6,0,17,1
soccerhint.com,6,0,2,1
social-vape.com,6,0,1,1
sodgod.com,6,0,17,1
soft2share.com,6,0,1,1
softplorer.com,6,0,25,1
softwareadviser.ai,6,0,2,1
solhomeopathy.co.uk,6,0,17,1
solidintercare.com,6,0,17,1
solidrockhomeinspection.ca,6,0,17,1
solopack.pl,6,0,3,1
solucionesfenix.com,6,0,17,1
somersetyyc.ca,6,0,17,1
sonoracriminaldefense.com,6,0,17,1
soulfit.cl,6,0,17,1
source-fullservice.com,6,0,17,1
souslescocotiers.net,6,0,17,1
southbayedc.com,6,0,17,1
southeastglass.com.au,6,0,51,1
southernbarn.co,6,0,17,1
southshoreequipment.com,6,0,17,1
spacecats.tech,6,0,34,1
spacecube.us,6,0,17,1
spanish.works,6,0,17,1
sparkfitnesssoftware.com,6,0,17,1
specialiserede-indsatser.dk,6,0,17,1
specificproduct.net,6,0,4,1
spectrumfinancialgroupinc.com,6,0,17,1
speedwash.co.il,6,0,17,1
speedwell-law.com,6,0,17,1
speedydumpstercolumbus.com,6,0,17,1
speedydumpsterraleigh.com,6,0,17,1
spews.org,6,0,1,1
spinningjennyband.com,6,0,17,1
spiritofterrenas.com,6,0,1,1
spns.co.in,6,0,17,1
sponsorsignals.com,6,0,1,1
sportspixshop.com,6,0,17,1
sprayfoamkelowna.ca,6,0,17,1
springhillfinancial.com,6,0,17,1
springhillwood.net,6,0,17,1
springpkg.com,6,0,17,1
spsipl.co.in,6,0,17,1
spytool.pro,6,0,82,1
squeakycleania.com,6,0,68,1
srnexpress.com,6,0,82,1
srworks.co,6,0,1,1
stack83.com,6,0,1,1
stackoverflow.org.cn,6,0,4,1
stagedesign.es,6,0,17,1
stahovacibratislava.sk,6,0,17,1
standingstrongerathletics.com,6,0,17,1
stangerup.net,6,0,1,1
stantontrailers.com,6,0,17,1
starcourts.com,6,0,4,1
starkebali.com,6,0,17,1
starstack.eu,6,0,2,1
startweb.se,6,0,17,1
staspicturehangingsystems.com,6,0,27,1
statelyworld.com,6,0,1,1
statewideelectrical.com,6,0,17,1
statuscentral.io,6,0,1,1
stellarspins.com,6,0,41,1
stephenliebermanmd.com,6,0,17,1
sterling-company.com,6,0,17,1
stervideo.nl,6,0,17,1
steventalk.com,6,0,15,1
stichtofree.com,6,0,3,1
stijlgoedadvies.nl,6,0,17,1
stircase.com,6,0,17,1
stjsgadgets-portal.com,6,0,1,1
stkittscondo.com,6,0,34,1
store2door.uk,6,0,17,1
stormie.ie,6,0,17,1
streamlined.fm,6,0,7,1
streetwisejournal.com,6,0,1,1
stspg.io,6,0,307,1
studio-4.co.il,6,0,17,1
studione.co.il,6,0,1,1
stumbit.com,6,0,1,1
stunning-landscapes.co.uk,6,0,17,1
styleweb.lv,6,0,1,1
sub-processors.com,6,0,6,1
submitmypressrelease.com,6,0,19,1
sudastaste.com,6,0,17,1
sukwellness.com,6,0,17,1
sullivansquaregym.com,6,0,17,1
sumicoop.net,6,0,17,1
summitdfw.com,6,0,17,1
summitindustrial.net.au,6,0,17,1
sumotacoma.com,6,0,82,1
suna25.hatenablog.com,6,0,6,1
sunchargeevstations.com,6,0,17,1
sungold-farms.com,6,0,17,1
sunlessbeautyexpo.com,6,0,17,1
superior-med.com,6,0,17,1
superpulga.com,6,0,17,1
superserver.ai,6,0,4,1
supplyequipamentos.com,6,0,17,1
surfacedynamics.no,6,0,17,1
suryaxonline.com,6,0,164,1
susaneball.blog,6,0,2,1
sustainabletourismacademy.org,6,0,1,1
sustalks.com,6,0,1,1
suzannemckenney.com,6,0,17,1
svayambhutech.com,6,0,1,1
svobodnyhlas.cz,6,0,18,1
swainsborosheds.com,6,0,17,1
swgolf.ca,6,0,17,1
swiftstorage.nl,6,0,17,1
swircle.de,6,0,17,1
swiss-indonesia.com,6,0,16,1
swpc.com.au,6,0,17,1
sycamoreridge.net,6,0,1,1
sydpg.tv,6,0,16,1
synbus.ph,6,0,2,1
synd.co,6,0,3,1
synergyinsurancesolutions.com,6,0,17,1
synergynmo.com,6,0,17,1
szeneputzen.de,6,0,1,1
szybkitir.pl,6,0,1,1
tabenkinbk.co.il,6,0,17,1
tabitacintra.com.br,6,0,51,1
tabmediasolutions.co,6,0,17,1
taboaocalhas.com.br,6,0,16,1
tacosbridgewater.com,6,0,41,1
tacticalbadger.com,6,0,17,1
tailormade.homes,6,0,17,1
taiwangoodfish.com,6,0,17,1
takomojo.com,6,0,2,1
takteek.sa,6,0,874,1
tamborinemountainbarnyard.com.au,6,0,17,1
tamilbusiness.org,6,0,17,1
tanakajimaru.co.jp,6,0,3,1
tanmayi.co.in,6,0,17,1
tannich.com,6,0,1,1
taowebservices.com,6,0,1,1
tastefullystudios.co.nz,6,0,17,1
tautus.co.uk,6,0,17,1
tbamedicare.com,6,0,17,1
tbtreeservice.com,6,0,17,1
tccwz.com,6,0,6,1
tdbem.com.vc,6,0,85,1
tdpelmedia.com,6,0,1,1
tecelab.com,6,0,17,1
tech-exclusive.com,6,0,2,1
techannouncer.com,6,0,5,1
techbii.com,6,0,3,1
techblitz.ai,6,0,2,1
techbrains.me,6,0,1,1
techcrackblog.com,6,0,2,1
techenigma.com,6,0,1,1
techentires.com,6,0,1,1
techlogitic.net,6,0,2,1
techmaish.com,6,0,2,1
techmodena.com,6,0,1,1
technocheck.in,6,0,4,1
technologyaiinsights.com,6,0,3,1
techpatio.com,6,0,3,1
techplastfeb.com,6,0,17,1
techpostusa.com,6,0,2,1
techqa.club,6,0,25,1
techstackscale.com,6,0,63,1
techteacherdebashree.com,6,0,1,1
techwench.com,6,0,2,1
techwriter.co,6,0,6,1
techx.idv.tw,6,0,65,1
tedawal.com,6,0,17,1
tegdesignconstruction.com,6,0,17,1
telega.one,6,0,12,1
temp-site.link,6,0,2,1
tendingthegardenfilm.com,6,0,17,1
tennysonpaloalto.com,6,0,17,1
termify.net,6,0,17,1
terrabrshow.com,6,0,17,1
texasparenttaughtdriversed.com,6,0,17,1
texasteendrivingcourse.com,6,0,17,1
th-lod.org,6,0,17,1
thaimassagetoday.com,6,0,17,1
tharacademy.com,6,0,17,1
the-bee-team.com,6,0,17,1
the-daily.buzz,6,0,1,1
the-hob.io,6,0,17,1
theambiencenews.com,6,0,2,1
theantlersamerican.com,6,0,2,1
theashleymethod.com,6,0,17,1
theatre-providence.ca,6,0,17,1
theaustralianadventure.com,6,0,17,1
theauthorplatform.com,6,0,1,1
theb2blabs.com,6,0,1,1
thebeautyfactory.com,6,0,17,1
thebestreviewshere.com,6,0,6,1
theblackfriday.website,6,0,3,1
theblanclab.com,6,0,17,1
theblogfrog.com,6,0,5,1
theblowbar.com.au,6,0,17,1
thebullpenky.com,6,0,17,1
theburqueno.com,6,0,17,1
thecareersoffice.org,6,0,17,1
thecodeisbroken.wordpress.com,6,0,3,1
thecookincajun.com,6,0,17,1
thedaytimes.in,6,0,17,1
thedeveloperworldisyours.com,6,0,1,1
thediamonddarts.com,6,0,17,1
thedigitalmalik.com,6,0,3,1
thedroidwin.com,6,0,1,1
theenclosed.com,6,0,41,1
thefabss.com,6,0,17,1
thefreedomfellow.com,6,0,9,1
thegadgetfan.com,6,0,1310,1
theglasgownanny.com,6,0,17,1
thegreenconsultants.com,6,0,17,1
thegreenhouserestaurant.ie,6,0,41,1
thegreycup.com,6,0,82,1
thehappeningspace.com,6,0,17,1
thehappyvocalist.com,6,0,17,1
theinstantsolutions.com,6,0,8,1
thelenzieblacksmith.co.uk,6,0,17,1
themadisonbooks.com,6,0,17,1
themealert.de,6,0,2,1
themedetector.net,6,0,1,1
themeenergy.com,6,0,16,1
themoonrooms.com,6,0,17,1
thenerdsblog.com,6,0,9,1
thenoagroup.com.au,6,0,3,1
theobserverzim.co.zw,6,0,1,1
theoutsidespacecompany.com,6,0,17,1
thepatai.com,6,0,1,1
thephatstartup.com,6,0,1,1
thepulmanw1.co.uk,6,0,17,1
thepunjabilink.com,6,0,17,1
theqtree.com,6,0,1,1
therockmedspa.com,6,0,17,1
theroughryders.com,6,0,17,1
thesanitizers.ca,6,0,17,1
thesleeplady.co.uk,6,0,17,1
thesnubber.fi,6,0,17,1
thesocialhouseja.com,6,0,2,1
thestromfamily.ca,6,0,17,1
thetactical.co,6,0,17,1
thetechblog.io,6,0,2,1
thetravelchannel.tv,6,0,56,1
theurbancrews.com,6,0,1,1
thevideostock.com,6,0,9,1
thewashingtonote.com,6,0,1,1
thewebjourney.com,6,0,1,1
thewebsiteblokes.com.au,6,0,1,1
thewillowfoundation.org,6,0,17,1
thewindowcentre.com.au,6,0,17,1
thewion.com,6,0,1,1
thewizblog.com,6,0,3,1
thingstophotograph.com,6,0,528,1
thirdpointglobal.com,6,0,17,1
thisiswhyimuniquemd.com,6,0,5,1
thisonlineweb.com,6,0,2,1
thoda-strong.com,6,0,17,1
thomwebsite.com,6,0,1,1
thornton-esquire-law-group.com,6,0,17,1
thorpcorp.net,6,0,17,1
threestarservices.ca,6,0,17,1
thrivebakes.com,6,0,17,1
thrivedirectories.com,6,0,1,1
thrivingpets.co.nz,6,0,51,1
tiarahospitality.services,6,0,34,1
ticketnayo.com,6,0,738,1
tieronewashing.com,6,0,17,1
tigeruser.com,6,0,1,1
tikva-house.com,6,0,17,1
timberlandfloor.com,6,0,34,1
timelifestyle.net,6,0,2,1
times.software,6,0,1,1
timesofrising.com,6,0,4,1
tinayuki.com,6,0,4,1
tindercash.com,6,0,1,1
tinkeps.nl,6,0,17,1
tipplesmiths.co.nz,6,0,17,1
tipsolutions.ma,6,0,10,1
tjpartyrentaldecor.com,6,0,17,1
tjproclean.com,6,0,17,1
tkuma-tech.co.il,6,0,17,1
tleapps.com,6,0,1,1
tmcfd.com,6,0,17,1
tntshedsofportrichey.com,6,0,17,1
togofriends.org,6,0,17,1
tokio.gallery,6,0,17,1
tokka-blog.com,6,0,2,1
tokobungakisaran.com,6,0,17,1
tommywood.com.au,6,0,51,1
tomorrow-mind.com,6,0,17,1
tonetirita.com,6,0,17,1
tonystreeservicein.com,6,0,17,1
toolradar.com,6,0,82,1
toolskiemtrieudo.com,6,0,1,1
toolswitcher.com,6,0,4,1
top10picked.com,6,0,1,1
topacted.com,6,0,1,1
topapk.ru,6,0,1,1
toparticlesdirectory.com,6,0,1,1
topbilliondirectory.com,6,0,1,1
topdirectory.co.in,6,0,1,1
topdoma.in,6,0,1,1
topify.net,6,0,17,1
topinfo.kr,6,0,2,1
topitguy.com,6,0,4,1
toplikevideo.com,6,3,0,1
tops3.com,6,0,2,1
toptohigh.com,6,0,4,1
tora-tech.com,6,0,2,1
torie.bio,6,0,1,1
torontorefurbishing.com,6,0,28,1
toskysoft.com,6,0,17,1
total-blog.com,6,0,3,1
totalconstructionsolutions.ca,6,0,17,1
totallytrenchless.com.au,6,0,17,1
totalwpthemedemo.com,6,0,1,1
totalwrestlingmagazine.co.uk,6,0,17,1
totomaster.co,6,0,2,1
towingcashcalls.com,6,0,2,1
towtrucksanluisobispo.com,6,0,17,1
tpreidlaw.com,6,0,17,1
trafficdirectory.org,6,0,147342,1
trailblazer.fm,6,0,3,1
trailridgehomecare.com,6,0,17,1
trainitup.nl,6,0,17,1
travelfreedompodcast.com,6,0,2,1
travelingonrails.com,6,0,1,1
travelingwhispers.com,6,0,41,1
traveltago.com,6,0,17,1
trelleborgsecurity.co.uk,6,0,17,1
trendolizer.com,6,0,8,1
trendyvoice.in,6,0,2,1
tresde.net,6,0,17,1
triathlonretreats.com,6,0,17,1
tribunablog.com,6,0,5,1
trinityheatcool.com,6,0,17,1
tristateinspect.com,6,0,17,1
truehelpmedicare.com,6,0,17,1
trustcorpadvisory.com,6,0,17,1
trustindex.com,6,0,10,1
truthtalks.com,6,0,17,1
tryblackfriday.com,6,0,51,1
trykapi.com,6,0,17,1
trysaasbattle.com,6,0,5,1
tsecurity.de,6,0,14,1
tsidconference.org,6,0,17,1
tsrgardenservices.co.nz,6,0,17,1
ttaal.uz,6,0,41,1
ttblogs.com,6,0,3,1
tudorprintfinishers.co.uk,6,0,1,1
turadise.com,6,0,5,1
turkipoolsresult.com,6,0,17,1
turtlesharing.com,6,0,1,1
tutorialpedia.org,6,0,1,1
tvrise.com,6,0,17,1
tweakswp.com,6,0,1,1
twhappylife.com,6,0,17,1
twise.be,6,0,17,1
tx.me,6,0,11,1
txsouthernflames.com,6,0,17,1
txtlinks.com,6,0,4,1
uael.se,6,0,2,1
ukdirectoryof.com,6,0,1,1
ultimate-tech-news.com,6,0,1,1
ultimatefireprotectionllc.com,6,0,17,1
ultrabuildings.net,6,0,17,1
ulyssesaparthotelgozo.com,6,0,17,1
umaez.co,6,0,17,1
umapathysekar.net,6,0,1,1
umdbrush.com,6,0,16,1
umdsteel.com,6,0,16,1
unestgroup.com,6,0,1,1
unfs.edu.pe,6,0,66,1
uniqueglassla.com,6,0,17,1
unitydiv.com,6,0,1,1
unthinkable.fm,6,0,1,1
unwokedepot.com,6,0,17,1
uoft.me,6,0,4,1
up880.com,6,0,17,1
updateland.com,6,0,4,1
upgrowin.com,6,0,17,1
upload.my,6,0,2,1
uploading.com,6,0,1,1
uppervalleyweb.com,6,0,1,1
uree.co.za,6,0,1,1
urim-center.co.il,6,0,17,1
usagreencarpetcleaning.com,6,0,17,1
utahatm.com,6,0,102,1
utahnewhomesource.com,6,0,17,1
utkorsho.com,6,0,17,1
uweimweb.de,6,0,1,1
uzblog.net,6,0,2,1
uzpakhtaexport.uz,6,0,41,1
vainodesbekons.lv,6,0,51,1
valens.ind.br,6,0,17,1
validatehtml.com,6,0,160,1
valleyviewsrealty.com,6,0,17,1
valorchemicals.co.za,6,0,17,1
valuegig.com,6,0,2,1
valuegroup.nl,6,0,17,1
vasanththimakapura.com,6,0,17,1
vathorsthypotheken.com,6,0,17,1
vblogetin.com,6,0,1,1
vcnursing.com.au,6,0,17,1
vcowo.com,6,0,1,1
vedpriser.no,6,0,17,1
velonetacademy.ao,6,0,17,1
veninolaw.com,6,0,17,1
ventusdesignstudio.com,6,0,7,1
venuelabs.com,6,0,9,1
venuscreditcapital.com,6,0,17,1
veoosolutions.com,6,0,17,1
vermontrepublic.org,6,0,1,1
verygoodjoineryco.co.uk,6,0,17,1
vesservis.rs,6,0,17,1
veteransemergencyrestoration.com,6,0,17,1
veteranslawnservice.com,6,0,17,1
vettedchannels.com,6,0,1,1
vettedtool.com,6,0,72,1
vgbelet.ch,6,0,17,1
vherso.com,6,0,3,1
victordirectory.com,6,0,1,1
vidublog.com,6,0,1,1
viennemarly.com,6,0,17,1
vietnammarcom.asia,6,0,38,1
vikrantshukla.com,6,0,1,1
villalucia.com.mx,6,0,4,1
villarosario-kennel.com,6,0,17,1
vintageconfections.com,6,0,1886,1
vipclubandalucia.com,6,0,1,1
viptoursmiami.com,6,0,17,1
viptransfer.cl,6,0,9,1
viralnewsup.com,6,0,5,1
virtualabvr.com,6,0,17,1
virtuallyfresh.co.uk,6,0,17,1
viscc.com,6,0,17,1
vision4arts.com,6,0,17,1
visionex.my,6,0,17,1
visit-my.blog,6,0,1,1
visitcompeta.com,6,0,17,1
visualistan.com,6,0,9,1
vitalityclinicnow.com,6,0,17,1
vitinhthanhphong.com,6,0,72,1
vittorioveneto126.it,6,0,17,1
vividapparel.net,6,0,41,1
vizibleseo.com,6,0,5,1
vizu-web.com,6,0,2,1
vmestates.com,6,0,17,1
vps123.top,6,0,1,1
vpszz.com,6,0,6962,1
vristulvenhus.se,6,0,17,1
vrlps.co,6,0,719,1
vrproduction.sg,6,0,17,1
vrstransport.com,6,0,17,1
w-en-a.be,6,0,17,1
wanbaek.com,6,0,17,1
wantbo.wordpress.com,6,0,5,1
wapforum.ge,6,0,2,1
warastore.com.br,6,0,17,1
wastedne.com,6,0,34,1
watanabeyu.blogspot.com,6,0,2,1
watch-learn.com,6,0,1,1
watchcosmosis.com,6,0,3,1
watchmetech.com,6,0,8,1
waterfs.com,6,0,17,1
watkinsfence.com,6,0,1,1
wavemarketaccess.com,6,0,17,1
wayranks.com,6,0,9,1
wcboost.com,6,0,1,1
wcuganda.org,6,0,1,1
wcwkly.com,6,0,26,1
wdpresstech.com,6,0,2,1
wdxtechnologies.com,6,0,1,1
web-developer.co.nz,6,0,1,1
webaiplanet.com,6,0,3,1
webcitylab.com,6,0,30,1
webdevbay.com,6,0,3,1
webdevdesigner.com,6,0,1,1
webdeveloperlondon.com,6,0,1,1
webdirectory11.com,6,0,1,1
webersolarenergy.com,6,0,17,1
webfy.me,6,0,1,1
webheadcoder.com,6,0,3,1
webhostguru.org,6,0,4,1
webhostingraleigh.com,6,0,2,1
webhostingtalk.cn,6,0,2,1
webhostingvoice.com,6,0,19,1
weblane.co.uk,6,0,1,1
weblogco.com,6,0,3,1
weblogtrips.com,6,0,2,1
weblyword.com,6,0,4,1
webmobtuts.com,6,0,1,1
webopine.com,6,0,1,1
webranksite.com,6,0,4,1
webscountry.com,6,0,4,1
website-ai-builder.com,6,0,72,1
websitehostreview.com,6,0,1,1
websitehubs.com,6,0,1,1
websiteleri.tr,6,0,13,1
websitesbykhan.com,6,0,6,1
websitetooltester.com,6,0,1,1
websketch.lv,6,0,6,1
websoftocean.com,6,0,1,1
websolus.co.kr,6,0,1,1
websproutconsulting.com,6,0,7,1
webverse.co.kr,6,0,1,1
webwej.com,6,0,1,1
wecommunication.com.br,6,0,17,1
wedoitplumbing.ca,6,0,17,1
weedyankers.com,6,0,17,1
weeknumbers-uk.co.uk,6,0,2,1
wegather.studio,6,0,2,1
wego.com.au,6,0,17,1
weightwisemedical.com,6,0,17,1
weijunshop.com.tw,6,0,1,1
wellacooler.com,6,0,17,1
wellnesshabitsapp.com,6,0,2,1
wellspringcounselingofnc.com,6,0,17,1
wemovecars.com,6,0,17,1
wendise.com,6,0,1,1
wenpai.org,6,0,45,1
wepoxy.ca,6,0,34,1
wesplaw.com,6,0,1,1
westbankclub.com,6,0,34,1
westviewboulder.com,6,0,1,1
wfhadviser.com,6,0,1,1
whatarethebest.com,6,0,4,1
whelex.com,6,0,4,1
whitecement.com.au,6,0,1,1
whitex.design,6,0,1,1
whiteysroofrestorations.com.au,6,0,16,1
whizinc.com,6,0,5,1
whoisandywhite.com,6,0,1,1
whotimes.org,6,0,1,1
wikipedianow.com,6,0,2,1
wikistatement.com,6,0,1,1
wildfireconcepts.com,6,0,52,1
win-blog.com,6,0,5,1
winchestersproperty.co.uk,6,0,17,1
windows-123.com,6,0,34,1
wingman.actor,6,0,3,1
wintstudio.hu,6,0,1,1
wisediscover.com,6,0,4,1
wiselyinfo.com,6,0,8,1
wkalalaw.ca,6,0,17,1
wmg.eu,6,0,17,1
wmhelp.cz,6,0,4,1
wmxweb.cn,6,0,167,1
wolnyeong.com,6,0,17,1
woodxn.com,6,0,1,1
wookeyweight.com,6,0,34,1
wordely.com,6,0,1,1
wordfest.live,6,0,119,1
worksmart.blog,6,0,2,1
worldofsoftware.org,6,0,1,1
worldranksite.com,6,0,1,1
worlds-directory.com,6,0,1,1
worldwoventreasures.com,6,0,17,1
worryfreedelivery.net,6,0,17,1
worshipunplugged.co.uk,6,0,17,1
woutdillen.be,6,0,2,1
wow-directory.com,6,0,1,1
wowzerbrands.co.za,6,0,17,1
wp-blogging.com,6,0,6,1
wp-cli.github.io,6,0,1,1
wpactivethemes.com,6,0,1,1
wpandhosting.com,6,0,16,1
wpbody.com,6,0,1,1
wpbooster.cloud,6,0,1,1
wpchao.com,6,0,1,1
wpcity.com,6,0,2,1
wpclipboard.com,6,0,2,1
wpcodequill.com,6,0,101,1
wpcoffeetalk.com,6,0,3,1
wpcubicle.com,6,0,1,1
wpcupidblog.com,6,0,1,1
wpcustomwebsites.com,6,0,11,1
wpdailycoupons.com,6,0,1,1
wpdiv.com,6,0,690,1
wpdomainforsale.com,6,0,2,1
wpeditor.co.uk,6,0,15,1
wpessentials.org,6,0,2,1
wpfejleszto.com,6,0,1,1
wpforcessl.com,6,0,1,1
wpframer.com,6,0,1,1
wpfunnel.net,6,0,2,1
wpgivesahand.com,6,0,1,1
wpgpltop.com,6,0,1,1
wpinfo.show,6,0,1,1
wpkolekto.com,6,0,9,1
wpministry.co,6,0,1,1
wpnavin.com,6,0,2,1
wpnews.io,6,0,392,1
wpowls.co,6,0,5,1
wppluginsatoz.com,6,0,2,1
wpressblog.com,6,0,19,1
wpresshub.com,6,0,6,1
wproom.com,6,0,1,1
wpsearch.ai,6,0,7,1
wpsicsic.com,6,0,4,1
wpsurfer.com,6,0,226,1
wptranslation.net,6,0,2,1
wssblogs.com,6,0,2,1
wtng.info,6,0,82,1
wulicode.com,6,0,3,1
wvqmedia.com,6,0,2,1
xiglute.com,6,0,1,1
xopandora.com,6,0,4,1
xtraclassroomgh.com,6,0,17,1
xtremeconstructionllc.com,6,0,41,1
xuejianzhan.com,6,0,1,1
xylvip.com,6,0,19,1
yabame.shop,6,0,17,1
yanmeitang.com,6,0,17,1
yaoweibin.cn,6,0,13,1
ycmeterrepair.com,6,0,17,1
ymenso.it,6,0,17,1
youdontneedwp.com,6,0,2,1
youngandbeautifulaesthetics.co.uk,6,0,17,1
younglovedougattorney.com,6,0,17,1
youngpeopletoday.net,6,0,1,1
younique.vip,6,0,17,1
your-directory.com,6,0,1,1
yourincomeadvisor.com,6,0,1,1
youronlinechoises.com,6,0,1,1
youxin-recycle.com,6,0,17,1
yucountry.com,6,0,17,1
yutzybrothersroofing.com,6,0,17,1
yvsenergy.com,6,0,17,1
ywerk.com,6,0,17,1
zacharoullas.com,6,0,17,1
zacloud.net,6,0,1,1
zafuna.com,6,0,5,1
zangreekdeli.co.uk,6,0,51,1
zazatheme.com,6,0,2,1
zdydh.com,6,0,23,1
zejia-design.com,6,0,4,1
zelong-tech.com,6,0,17,1
zenschoolofmotorcycling.co.uk,6,0,9,1
zerothought.in,6,0,1,1
zforcesecurity.com.au,6,0,17,1
zhuji.gd,6,0,11,1
ziligma.com,6,0,9,1
zinidev.com,6,0,4,1
zinquestudio.com,6,0,17,1
zioncreatives.com,6,0,17,1
ziwoyou.net,6,0,5,1
zmirnofa.me,6,0,1,1
zonemic.com,6,0,3,1
zooydan.com,6,0,2,1
zumbrotaambulance.org,6,0,16,1
zww.me,6,0,2,1
т.website,6,0,2,1
ניהולמוניטין.co.il,6,0,1,1
