Domain,Competitor Relevance,Common Keywords,Organic Keywords,Organic Traffic,Organic Cost,Adwords Keywords
wordpress.org,0.16,3604,186053,472068,1819745.00,43
siteground.com,0.13,1686,26068,109105,712231.00,1861
wordpress.com,0.12,1797,118787,548773,3191635.00,114
elementor.com,0.09,2730,111866,184662,519925.00,433
wpengine.com,0.09,1609,121731,100980,394289.00,1596
dreamhost.com,0.08,1138,31446,87879,338210.00,809
wpbeginner.com,0.08,1303,54893,14887,95042.00,0
jetpack.com,0.08,1042,16800,14757,49736.00,0
wpmarmite.com,0.08,849,6962,5810,14931.00,0
cloudways.com,0.07,995,31106,34315,710210.00,109
hostinger.com,0.06,1746,167665,493956,1772995.00,12034
liquidweb.com,0.06,1234,79810,61765,290182.00,2637
greengeeks.com,0.06,716,23532,69050,625687.00,556
networksolutions.com,0.05,1083,68323,246293,933795.00,265
linuxize.com,0.05,895,49617,66087,38241.00,0
pressidium.com,0.05,878,4692,6386,9921.00,0
cyberciti.biz,0.04,836,93054,78112,47761.00,0
bluehost.com,0.04,672,66891,158219,4404236.00,3739
elegantthemes.com,0.04,587,55613,45794,96439.00,69
wpmudev.com,0.04,479,7964,5527,25989.00,0
themeisle.com,0.04,504,32449,14400,77891.00,12
crocoblock.com,0.04,558,10839,10576,28934.00,33
pressable.com,0.03,318,3620,5528,47909.00,144
hostarmada.com,0.03,346,5667,4285,4851.00,0
askubuntu.com,0.03,1311,182006,536466,173242.00,0
hunter.io,0.03,288,20309,115300,305680.00,159
blogvault.net,0.03,356,5289,2945,10645.00,0
one.com,0.03,573,31739,51191,108708.00,5
warp.dev,0.03,662,19719,82092,320025.00,0
supporthost.com,0.03,346,9767,3878,9515.00,0
godaddy.com,0.03,1469,308705,3369003,14365636.00,24992
usyd.edu.au,0.03,517,6290,7266,3109.00,0
codeable.io,0.03,309,4448,4145,45002.00,0
wp-rocket.me,0.03,424,6303,24741,47753.00,3
inmotionhosting.com,0.03,496,35252,48796,278560.00,739
mozilla.org,0.03,2774,804494,3400211,5657283.00,0
contabo.com,0.03,493,18213,47794,216278.00,448
chemicloud.com,0.03,305,10558,3265,9240.00,5
plesk.com,0.03,399,11524,14357,27788.00,32
phoenixnap.com,0.03,658,116610,50486,71022.00,13
winzip.com,0.03,506,29120,68824,74507.00,203
http.dev,0.03,424,6000,12481,4536.00,0
resellerclub.com,0.02,196,10366,8800,28565.00,28
yoast.com,0.02,362,44867,186709,382469.00,74
mimo.org,0.02,487,63177,207552,286828.00,40
instawp.com,0.02,200,6571,3254,6423.00,5
pantheon.io,0.02,295,8760,26638,125722.00,145
searchenginejournal.com,0.02,497,117760,246970,813093.00,0
gmass.co,0.02,298,26106,27460,80670.00,239
bluevps.com,0.02,271,8428,10068,17886.00,0
sitepoint.com,0.02,606,121925,173903,266895.00,0
woocommerce.com,0.02,346,49807,214474,1060374.00,232
mailmeteor.com,0.02,515,74333,143801,323175.00,1
hosting.com,0.02,284,19134,50095,508446.00,187
fluentsupport.com,0.02,250,7335,51408,99925.00,1
cpanel.net,0.02,396,17859,54985,151834.00,44
info2soft.com,0.02,145,2465,5591,6349.00,0
pagely.com,0.02,215,2605,971,12702.00,5
aioseo.com,0.02,414,32855,85337,464320.00,33
qodeinteractive.com,0.02,257,15241,7373,11070.00,0
wpzoom.com,0.02,294,5809,1502,4583.00,51
cherryservers.com,0.02,251,18755,10663,14748.00,196
defyn.com.au,0.02,255,2036,2155,9985.00,0
wpshout.com,0.02,200,10688,1806,12494.00,0
wpoven.com,0.02,155,7650,2001,2579.00,0
cloudflare.com,0.02,1435,312041,3040301,14085533.00,905
rankmath.com,0.02,439,36135,91424,323196.00,24
teamupdraft.com,0.02,329,4749,12146,41023.00,0
ahrefs.com,0.02,778,216535,1779888,5550985.00,682
hostgator.com,0.02,325,29474,92635,535023.00,286
spyfu.com,0.02,240,13966,121136,605732.00,165
vocus.io,0.02,180,1132,2218,3722.00,0
skrapp.io,0.02,264,18612,25194,168008.00,1
ionos.com,0.02,1321,246274,511871,679635.00,6033
saaslandingpage.com,0.02,108,2175,10650,31868.00,0
wpastra.com,0.02,287,13396,20233,49951.00,8
strongdm.com,0.02,394,23973,78477,475107.00,99
airbrake.io,0.02,270,2162,3164,655.00,0
themify.me,0.02,54,926,1112,2838.00,0
sitechecker.pro,0.02,383,32086,77995,232984.00,0
keycdn.com,0.02,260,20592,103121,486193.00,0
voilanorbert.com,0.02,183,4654,3601,15032.00,0
ithelps-digital.com,0.01,105,2354,2425,4897.00,0
emailchaser.com,0.01,113,1971,2806,27866.00,1
hesk.com,0.01,171,3690,4240,37610.00,0
ipage.com,0.01,208,5415,30554,53297.00,0
scalahosting.com,0.01,133,8352,6463,23570.00,101
theserverside.com,0.01,290,35772,62546,54455.00,0
aspose.com,0.01,159,30517,18468,26861.00,19
wpmayor.com,0.01,136,4783,1504,6386.00,0
wpcreative.com.au,0.01,117,2458,1436,2147.00,0
generect.com,0.01,87,1625,890,8996.00,1
sitelock.com,0.01,184,7591,4980,17264.00,5
wpvip.com,0.01,181,3553,6219,71580.00,198
urllo.com,0.01,141,2957,17611,26764.00,21
nitropack.io,0.01,124,5162,5250,13267.00,143
serveravatar.com,0.01,95,3460,1424,1633.00,4
experte.com,0.01,143,44636,60871,270700.00,0
wpdatatables.com,0.01,96,5379,1189,1642.00,9
infinityfree.com,0.01,139,4272,33963,156716.00,0
whitelabelcoders.com,0.01,141,1854,796,5161.00,0
docker.com,0.01,313,171608,921204,3428265.00,17
oneuptime.com,0.01,309,82804,66879,73931.00,0
34sp.com,0.01,113,1098,286,68.00,0
freewebsubmission.com,0.01,230,1593,14561,106344.00,0
ramotion.com,0.01,123,24369,16216,63069.00,0
wpexplorer.com,0.01,70,4157,120,571.00,0
freecodecamp.org,0.01,1426,437666,542482,1048260.00,0
onlinemediamasters.com,0.01,135,2683,7140,30915.00,0
skynethosting.net,0.01,72,3049,1317,3217.00,0
fatlabwebsupport.com,0.01,117,2021,2346,8703.00,0
wordfence.com,0.01,122,3863,10149,26951.00,0
generatepress.com,0.01,95,3302,4848,12984.00,0
tooltester.com,0.01,84,12499,16069,129862.00,0
malcare.com,0.01,138,4232,1284,4345.00,0
masterdc.com,0.01,123,1859,1813,3406.00,0
netlify.com,0.01,132,16202,166410,378128.00,69
pageflows.com,0.01,80,7749,7115,11251.00,0
isitwp.com,0.01,153,16963,3140,11901.00,0
awardspace.com,0.01,209,8480,9023,41753.00,0
httpstatus.io,0.01,224,1164,5787,7099.00,0
unlimited-elements.com,0.01,102,1935,1840,2470.00,0
cloudns.net,0.01,237,14888,35924,75091.00,5
luxhosting.com,0.01,287,1505,342,459.00,0
www.wix.com,0.01,683,323408,2186937,9740746.00,5622
clearout.io,0.01,155,8402,15530,41654.00,35
crazyegg.com,0.01,172,27719,81841,480625.00,126
teamtreehouse.com,0.01,227,49267,34653,34234.00,2
supertokens.com,0.01,122,5594,16361,53785.00,8
voog.com,0.01,128,1942,3601,17852.00,0
alexhost.com,0.01,141,12891,4065,4170.00,14
debugbear.com,0.01,186,14815,40804,175543.00,0
linuxmint.com,0.01,312,93458,223436,220296.00,0
stablepoint.com,0.01,136,3861,1489,2519.00,0
devart.com,0.01,174,32495,40059,171645.00,127
wplift.com,0.01,100,4943,1874,13935.00,0
pbxbook.com,0.01,59,1990,1749,166.00,0
easywp.com,0.01,102,1757,2777,9004.00,0
searchengineland.com,0.01,254,93595,173470,980803.00,0
conductor.com,0.01,235,18858,46768,137231.00,70
temok.com,0.01,143,14148,8319,14916.00,0
blackbelthelp.com,0.01,143,1687,1615,1317.00,0
whitepress.com,0.01,83,4311,8066,16555.00,2
awwwards.com,0.01,210,46064,248595,1228656.00,0
anymailfinder.com,0.01,143,1927,5614,23116.00,0
wpforms.com,0.01,165,14990,23797,44423.00,120
w3.org,0.01,215,66140,295506,648738.00,0
digitalocean.com,0.01,530,197080,316155,1282474.00,465
divicake.com,0.01,23,1030,152,351.00,0
saleshandy.com,0.01,228,29390,34320,153764.00,13
abstractapi.com,0.01,119,14625,10110,21075.00,94
seopress.org,0.01,126,3790,12738,30615.00,0
verpex.com,0.01,93,10651,1363,5096.00,62
deliciousbrains.com,0.01,182,1757,3079,9119.00,0
theplusaddons.com,0.01,140,1984,1392,2083.00,0
amasty.com,0.01,142,22720,31885,92786.00,154
eset.com,0.01,206,63183,265248,449001.00,1152
seedprod.com,0.01,180,10132,7302,28676.00,4
rackspace.com,0.01,130,29975,244127,1481146.00,874
easydns.com,0.01,108,1694,4181,14829.00,0
link11.com,0.01,140,4085,5454,4164.00,0
hostpapa.com,0.01,195,18919,8505,40288.00,83
webempresa.com,0.01,89,2121,1047,2764.00,0
views4you.com,0.01,108,30674,20073,19009.00,0
barn2.com,0.01,96,4450,1577,4839.00,7
duocircle.com,0.01,181,7687,2181,10843.00,0
hostwinds.com,0.01,191,11209,10898,20654.00,6
http.cat,0.01,128,842,5499,838.00,0
w3schools.com,0.01,1741,760856,5128455,11636457.00,3
10web.io,0.01,176,34025,23508,65542.00,42
whatsmydns.net,0.01,167,12773,55324,173358.00,0
cssfontstack.com,0.01,143,1440,1457,826.00,0
civicplus.help,0.01,169,4943,9483,37575.00,0
fastcomet.com,0.01,144,4908,3582,7799.00,17
reflectdigital.co.uk,0.01,129,2577,5374,5242.00,0
cloudhq.net,0.01,85,18714,19941,19145.00,0
vodien.com,0.01,159,7472,1392,2717.00,3
statcounter.com,0.01,215,13818,70093,328780.00,0
aqueous-digital.co.uk,0.01,160,2079,2735,784.00,0
sendle.com,0.01,38,2881,3161,6829.00,0
muffingroup.com,0.01,96,11241,5619,12797.00,13
serverfault.com,0.01,575,126620,156239,156351.00,0
stackoverflow.com,0.01,5478,2035811,4826091,4122661.00,0
dev.to,0.01,1267,866558,495797,1031532.00,0
thomas-krenn.com,0.01,147,8794,7746,6888.00,0
wp-umbrella.com,0.01,86,1480,977,7104.00,0
smashingmagazine.com,0.01,170,26679,55539,149055.00,0
support.ucsd.edu,0.01,208,16242,34320,19828.00,0
shoutmeloud.com,0.01,70,14988,10054,46846.00,0
cheapsslsecurity.com,0.01,80,9065,6323,15409.00,33
melapress.com,0.01,121,1308,255,570.00,0
overloop.com,0.01,95,1692,2357,14426.00,4
mysql.com,0.01,155,55720,229581,780346.00,0
bacloud.com,0.01,88,3513,5428,5438.00,3
statsig.com,0.01,248,35224,83085,312992.00,3
asktheegghead.com,0.01,27,2009,458,686.00,0
mailtrap.io,0.01,300,23190,47677,895001.00,11
seosly.com,0.01,153,4426,1521,3475.00,0
colibriwp.com,0.01,120,2148,1309,4325.00,0
interserver.net,0.01,205,19578,45353,384520.00,751
ubuntu.com,0.01,275,135093,681546,1572265.00,2
raidboxes.io,0.01,193,1590,881,2523.00,0
redirect-checker.org,0.01,134,870,7157,13333.00,0
serversmtp.com,0.01,212,4831,7814,15666.00,171
apigee.com,0.01,212,3506,10603,13850.00,0
kalicube.com,0.01,131,2255,2520,9519.00,0
postman.com,0.01,293,58042,421941,1407288.00,737
superuser.com,0.01,2003,696710,1055748,752643.00,0
shortpixel.com,0.01,82,6900,11041,7556.00,7
hosted.com,0.01,85,10583,1522,10838.00,0
scrapfly.io,0.01,224,8016,13703,27293.00,6
shayhowe.com,0.01,123,3117,4023,8280.00,0
vwthemes.com,0.01,102,5795,236,400.00,1
codeinstitute.net,0.01,133,12024,24917,50593.00,0
digicert.com,0.01,259,41470,225445,766223.00,38
wpexperts.io,0.01,107,9589,1306,4866.00,4
sucuri.net,0.01,200,11844,35694,106755.00,70
ezyzip.com,0.01,142,31587,32382,15435.00,0
patchstack.com,0.01,121,2045,3014,7628.00,0
namecheap.com,0.01,562,125374,1056642,5215299.00,1178
veerotech.net,0.01,141,2042,3366,4415.00,0
web.dev,0.01,280,33230,358104,1574394.00,0
creativethemes.com,0.01,122,4642,10219,38680.00,0
seerinteractive.com,0.01,241,11416,13722,58748.00,0
cmsminds.com,0.01,149,5829,2481,17699.00,0
milesweb.com,0.01,172,18335,3773,9462.00,0
browserstack.com,0.01,235,72702,81996,861227.00,720
digitaloft.co.uk,0.01,88,383,845,2125.00,0
submitexpress.com,0.01,227,1626,8427,61555.00,0
apono.io,0.01,196,3264,8760,63269.00,0
hurrdatmarketing.com,0.01,56,2079,939,5247.00,0
b12.io,0.01,125,26940,13027,34316.00,12
localwp.com,0.01,129,2399,10026,42715.00,0
entireweb.com,0.01,166,16081,11848,23553.00,0
getprospect.com,0.01,209,31606,15251,52154.00,0
runcloud.io,0.01,114,13828,5662,19303.00,0
wheregoes.com,0.01,124,1815,17295,27130.00,0
ghacks.net,0.01,182,44421,19957,22700.00,0
seranking.com,0.01,336,81731,323743,1352441.00,2080
churchthemes.com,0,1,322,950,2499.00,0
ipchicken.com,0,3,4295,412427,335944.00,0
inquartik.com,0,2,628,99,193.00,0
tarekjahan.com,0,1,23,0,0.00,0
spanning.com,0,3,5373,7420,95799.00,0
ip2location.com,0,9,20603,89656,190243.00,2
wearedevelopers.com,0,4,10120,4991,13512.00,65
sth.sh,0,1,3,0,0.00,0
startuphakk.com,0,5,210,56,161.00,0
avenue.design,0,1,71,8,1.00,0
royex.ae,0,2,395,26,59.00,0
122.154.130.61,0,2,25,567,0.00,0
conectasoftware.com,0,1,354,1,0.00,0
moonworkshop.com,0,1,144,3,34.00,0
webfries.com,0,1,187,3,7.00,0
redseguridad.com,0,1,289,242,505.00,0
dnschecker.org,0,111,57848,511881,1293347.00,0
aceitesllorente.com,0,2,114,0,0.00,0
meetzest.com,0,9,665,13,13.00,0
virustotal.com,0,2,18351,423688,1313805.00,0
snso.se,0,1,8,2,8.00,0
redes-sociales.com,0,1,221,19,11.00,0
dcard.tw,0,2,33323,30266,1844.00,0
rafftechnologies.com,0,4,325,40,79.00,0
howjoyful.com,0,3,7739,77535,22906.00,0
versio.nl,0,1,208,99,2.00,0
ic.ac.uk,0,3,16839,18915,5775.00,0
smallboreshotgun.com,0,1,297,638,0.00,0
signalhire.com,0,10,94027,33085,55827.00,76
geofilter.studio,0,1,627,428,263.00,3
osano.com,0,6,7182,15251,122424.00,172
epiusers.help,0,2,5379,2879,13059.00,0
gr0.com,0,1,2145,2119,11835.00,0
fontmeme.com,0,56,87225,239973,56347.00,0
endjin.com,0,1,1593,2243,5640.00,0
dzone.com,0,12,40747,22571,91509.00,0
ilabora.com,0,1,197,76,123.00,0
ex2.com,0,2,1432,27,25.00,0
feelcreated.com,0,36,172,29,1.00,0
randstad.ca,0,1,6093,6371,8570.00,0
coywolf.com,0,57,1874,1626,4381.00,0
querymonitor.com,0,4,22,8,48.00,0
socialsharepreview.com,0,3,175,1330,4059.00,0
sendsmartly.site,0,1,77,0,0.00,0
miracosta.edu,0,1,45697,105824,189035.00,0
hostever.com,0,1,797,131,56.00,0
python.jp,0,2,167,15,4.00,0
zerobounce.net,0,63,13909,36381,177886.00,601
helloyoudesigns.com,0,1,9,40,118.00,0
netzwerk.design,0,1,50,10,6.00,0
lundmarkadvertising.com,0,1,415,50,50.00,0
dio.me,0,2,1356,219,93.00,0
digitalsynopsis.com,0,5,16352,71690,62840.00,0
kikolani.com,0,3,301,22,2.00,0
yokoyamadesuga.com,0,1,13,0,0.00,0
html-code-generator.com,0,11,3115,3534,5435.00,0
selfpublishing.com,0,13,16152,9560,14412.00,0
cenchu.net,0,1,274,1,2.00,0
cheehow.dev,0,2,14,4,0.00,0
web.com,0,2,4207,28706,152326.00,0
mizbanfa.net,0,1,2793,1776,74.00,0
form-publisher.com,0,1,4076,651,605.00,0
omsimos.com,0,1,14,15,143.00,0
chromebookfixes.com,0,1,367,15,2.00,0
hirameki.dev,0,1,47,16,0.00,0
whitefoxcreative.com,0,1,163,69,40.00,0
seindal.dk,0,1,915,526,16.00,0
enterspeed.com,0,1,599,316,690.00,0
pergamon-interactive.de,0,1,51,24,86.00,0
mui.com,0,8,26482,121493,151712.00,0
datawookie.dev,0,2,568,505,939.00,0
socialbee.com,0,1,28845,46059,107981.00,30
wpquestions.com,0,2,24,4,0.00,0
expiomarketing.com,0,1,99,34,0.00,0
beginrescueend.com,0,5,9706,13461,12365.00,0
apexure.com,0,2,2026,2134,14106.00,0
cyberseo.net,0,2,119,9,3.00,0
augmentcode.com,0,7,8347,51346,426174.00,64
usestratus.com,0,1,502,878,8972.00,0
jm-seo.org,0,2,289,109,955.00,0
puppydog.io,0,1,1033,1083,2932.00,0
ipxo.com,0,46,10503,23849,53520.00,116
tattoofilter.com,0,1,46418,187080,19221.00,0
lucidgen.com,0,1,1703,319,153.00,0
mkowen.org,0,1,5,6,0.00,0
hotfuego.com,0,1,131,160,22.00,0
scraplyn.com,0,1,1,1,4.00,0
sellbrite.com,0,2,4311,2991,19665.00,4
sitebuilderreport.com,0,69,19032,32575,131900.00,7
ameetmadan.com,0,1,19,0,0.00,0
criteo.com,0,6,7687,23430,251433.00,202
moodle.org,0,19,16411,193709,2419236.00,0
continentalbrasil.com.br,0,1,66,13,0.00,0
elsner.com.au,0,18,342,81,379.00,0
andacademy.com,0,1,18908,16479,26277.00,0
hitechnectar.com,0,2,3020,1535,1639.00,0
decode.agency,0,1,6493,993,7239.00,0
exeideas.com,0,1,462,0,0.00,0
codefirst.co.uk,0,1,419,7,71.00,0
ideaspot.com.au,0,3,163,32,29.00,0
muckrack.com,0,1,278330,532804,308508.00,118
job.js.org,0,1,230,10,4.00,0
wpsutra.com,0,1,393,19,51.00,0
workiva.com,0,1,16756,51533,284739.00,684
coderepublics.com,0,1,1047,4,5.00,0
doyouconvert.com,0,1,290,442,2601.00,0
devhints.io,0,5,3169,4330,7237.00,0
site.com,0,65,750113,1361067,3368658.00,53
litmus.com,0,50,9009,19104,94446.00,333
pyramidanalytics.com,0,1,1731,1754,8484.00,34
webalia.fr,0,1,185,26,0.00,0
cmu.edu,0,7,380535,1128873,1756727.00,123
breachsense.com,0,5,6674,26567,36150.00,0
commentclean.com,0,1,72,212,0.00,0
businessrocket.com,0,1,18448,68962,196733.00,77
bryantdigital.com,0,1,1070,1099,3513.00,0
phpgrid.com,0,1,95,526,157.00,0
ecodesoft.com,0,1,241,22,226.00,0
infn-bari-school.github.io,0,2,129,15,0.00,0
spqrk.net,0,1,150,0,0.00,0
preppysocial.com,0,1,394,1,2.00,0
ozmentmedia.com,0,1,778,264,856.00,0
localhost.run,0,3,641,2629,5711.00,0
apipheny.io,0,3,1760,1859,6464.00,0
revenera.com,0,4,9380,18082,68591.00,115
qnapclub.es,0,2,269,26,4.00,0
anymp4.com,0,3,61453,9600,3918.00,0
thegeekstuff.com,0,2,3822,1008,95.00,0
creategrit.com,0,1,370,713,3457.00,0
cleverfiles.com,0,4,60621,157750,485678.00,1316
netacea.com,0,1,1360,1923,14360.00,0
wpbusinessreviews.com,0,1,350,129,477.00,0
linuxhelp.com,0,1,3880,30,54.00,0
helsinki.fi,0,2,18371,15224,9801.00,3
meltano.com,0,8,537,706,4515.00,0
folderly.com,0,1,2880,1156,2598.00,0
artemis.marketing,0,2,1759,5478,3720.00,0
launchdeck.io,0,1,142,0,0.00,0
cartermurray.com,0,1,879,1057,4948.00,0
durak.org,0,1,836,10,1.00,0
funnelgraphic.com,0,1,3418,1001,228.00,0
yewbiz.com,0,1,377,270,357.00,0
enensys.com,0,1,184,234,120.00,0
aulacm.com,0,17,1422,1327,1723.00,0
itsprobablydns.com,0,1,7,0,0.00,0
hettingernd.com,0,1,665,2327,59.00,0
gigradar.io,0,4,1841,2576,9040.00,0
clouding.io,0,1,1188,373,2409.00,0
globalstreamguide.com,0,2,7,0,0.00,0
justmytools.com,0,1,106,16,34.00,0
edgenext.com,0,2,643,617,594.00,18
prototype-kit.service.gov.uk,0,3,351,278,2046.00,0
smtptools.net,0,1,212,38,404.00,0
sebdelaweb.com,0,2,40,29,67.00,0
smallstep.com,0,2,1683,4467,17981.00,25
caratlane.com,0,1,35797,51700,24125.00,1
moreconvert.com,0,7,117,19,81.00,0
veepn.com,0,8,23234,132694,111806.00,0
seitenreport.de,0,1,111,90,359.00,0
pagepipe.com,0,2,27,5,0.00,0
zegashop.com,0,1,4180,1180,1559.00,0
invoiceninja.com,0,2,2982,11382,161440.00,0
ravpower.com,0,1,843,5162,1258.00,0
zealoussites.com,0,2,299,58,9.00,0
nublue.co.uk,0,20,412,1129,417.00,0
wphelpforums.com,0,6,119,14,16.00,0
hivenet.com,0,1,6050,792,2075.00,10
resourceboy.com,0,25,28211,29922,19698.00,0
dmca.com,0,26,2068,6242,16109.00,35
techit-services.com,0,1,2337,5243,91389.00,0
godam.io,0,2,123,41,20.00,0
photography.com,0,1,2839,2391,3720.00,0
kotlinlang.org,0,9,13626,34055,74106.00,1
unca.edu,0,1,16588,47474,135335.00,0
alitajran.com,0,1,5567,1831,3507.00,0
yosepra.wordpress.com,0,1,4,0,0.00,0
bajajfinserv.in,0,1,244484,675951,606695.00,0
joshua.hu,0,1,120,178,203.00,0
greenhouse.io,0,1,58252,147475,314985.00,0
118.107.134.251,0,1,4,8,0.00,0
javorszky.co.uk,0,1,104,77,13.00,0
diskinternals.com,0,4,30915,8835,288598.00,0
gschroeder.com,0,1,47,54,566.00,0
fidforward.com,0,5,1236,250,204.00,0
propellerads.com,0,2,5555,5624,55702.00,0
saasmarketer.io,0,1,10,0,0.00,0
befonts.com,0,1,36707,50390,37184.00,0
prostack.uk,0,28,354,52,45.00,0
marketpro.in.ua,0,1,2,0,0.00,0
teepublic.com,0,1,336894,700221,267532.00,310
webmarketing.academy,0,1,497,12,59.00,0
whelloads.com,0,1,1,0,0.00,0
aicoursify.com,0,1,2929,241,688.00,0
wpliveforms.com,0,1,131,2,4.00,0
danishusman.seesaa.net,0,1,16,0,0.00,0
now.gg,0,1,77401,1312271,1367616.00,0
saastorm.io,0,1,713,1032,1966.00,0
whaledown.com,0,1,103,431,49.00,0
jameskilby.co.uk,0,2,37,0,0.00,0
graphpad.com,0,1,28911,241828,180653.00,0
dropinblog.com,0,1,2061,2236,6710.00,0
bricksbuilder.io,0,22,1498,5789,10191.00,0
apowersoft.jp,0,2,241,65,0.00,0
peopleperhour.com,0,1,13822,27826,31789.00,0
wearespace.dk,0,1,44,12,0.00,0
odido.nl,0,3,1960,2746,2984.00,0
trisquel.info,0,1,660,1199,314.00,0
digitalmarketing401.ca,0,4,195,19,0.00,0
mgearon.com,0,1,997,85,27.00,0
faganfinder.com,0,21,726,2137,1760.00,0
hkvpnschool.com,0,1,163,4,1.00,0
codeless.io,0,29,1073,1335,1075.00,0
seattlewebsearch.com,0,4,787,11,10.00,0
boldare.com,0,1,2597,4175,10245.00,0
pcisecuritystandards.org,0,2,16051,54306,368633.00,0
blackmagicdesign.com,0,2,47667,832837,1088864.00,19
schrodinger.com,0,34,2248,9408,8840.00,23
squareboat.com,0,2,2720,4383,24988.00,0
hoofdkraan.nl,0,1,104,23,0.00,0
freewayseguros.com,0,2,17308,20079,255532.00,82
wpthemedetector.com,0,38,354,3867,11494.00,0
meresalg.dk,0,1,13,47,0.00,0
kdesign.co,0,1,1917,6113,7322.00,0
genieo.com,0,1,11,0,0.00,0
reklam5.com,0,6,185,74,293.00,0
drcsystems.com,0,1,1903,1021,3847.00,0
verifiedcreditcardprocessing.com,0,1,945,373,3054.00,0
tldrpress.org,0,1,11,13,0.00,0
chameth.com,0,1,137,58,28.00,0
taplink.at,0,1,15759,9046,11352.00,10
etchedmarketing.com,0,2,562,153,939.00,0
bettermode.com,0,9,2832,4070,20318.00,21
easyblogemily.com,0,1,281,96,86.00,0
pimpmytype.com,0,3,2665,51916,73900.00,0
marketbeat.com,0,2,611222,4784608,8050113.00,48
nkmk.me,0,4,17841,12989,3486.00,0
wpgiz.com,0,3,723,0,0.00,0
lyft.com,0,3,171216,1253661,1925184.00,181
coderefinery.github.io,0,1,988,262,532.00,0
1089media.com,0,1,167,31,0.00,0
ventureradar.com,0,1,76113,4482,10015.00,0
gridinsoft.com,0,53,51140,251103,295987.00,0
clicshopping.org,0,1,39,0,0.00,0
sportmonks.com,0,1,6020,7842,5102.00,4
webandseo.fr,0,1,313,22,64.00,0
a8.net,0,1,104,47,0.00,0
launchscout.com,0,1,216,27,25.00,0
nanoglobals.com,0,1,3976,6276,9185.00,0
google.com.au,0,3,6393,10703,152731.00,0
disqus.com,0,1,4957,13565,270.00,0
cursuswp.com,0,1,58,1,0.00,0
survivalguides.wordpress.com,0,4,32,19,2.00,0
rheinwerk-computing.com,0,11,1943,637,1868.00,0
30degreesnorth.com,0,3,335,101,80.00,0
pixelprivacy.com,0,1,8431,3291,1874.00,0
cushion.so,0,2,140,87,223.00,0
githubtracker.com,0,1,50,10,31.00,0
sitesaga.com,0,6,3212,100,233.00,0
atly.com,0,1,2970240,501765,170013.00,0
getrecharge.com,0,23,6914,20347,57744.00,76
qdexitechnology.com,0,1,953,32,280.00,0
foodbloggingguide.com,0,1,35,0,0.00,0
frontendmentor.io,0,2,902,2980,10938.00,0
apser.es,0,1,362,158,376.00,0
o2online.es,0,4,1187,1422,418.00,0
logokit.com,0,1,6525,5922,2447.00,0
tiktok.com,0,937,200815304,264837812,129121976.00,14357
tabnine.com,0,6,4865,11367,30663.00,0
tychesoftwares.com,0,6,781,3918,163.00,0
starlingx.io,0,1,108,157,1118.00,0
iphotography.com,0,2,11813,14219,11606.00,0
slushman.com,0,1,379,101,0.00,0
digitale.co,0,1,54,0,0.00,0
metalocator.com,0,1,684,462,1503.00,0
themecanal.com,0,6,1480,237,209.00,0
hochmanconsultants.com,0,2,215,38,294.00,0
emsisoft.com,0,2,2372,6545,40317.00,0
yourmarketingbff.com,0,13,1996,2909,1793.00,0
fluid-type-scale.com,0,1,52,42,81.00,0
techlomedia.in,0,1,8422,659,143.00,0
skclouds.com,0,1,60,0,0.00,0
ikajo.com,0,1,3373,1060,3257.00,0
mdg-it.com.au,0,1,26,10,0.00,0
rokform.com,0,1,75258,194283,169746.00,71
3dfuzion.com,0,1,877,87,161.00,0
vibeconnect.dev,0,1,122,1,23.00,0
apollo.io,0,8,25524,153041,1114976.00,1740
marketingdiez.com,0,1,12,0,0.00,0
headkit.io,0,1,11,0,0.00,0
sirstevehq.com,0,1,517,22,17.00,0
viaperhost.co.za,0,1,7,0,0.00,0
pennylinn.com,0,1,10667,38641,24861.00,0
boingo.com,0,3,9242,56422,244791.00,40
atlassoftweb.com,0,2,414,64,84.00,0
chillybin.co,0,9,666,54,163.00,0
putorius.net,0,1,2529,272,6.00,0
cuatroochenta.com,0,1,250,464,180.00,0
stridecreative.com,0,6,601,330,435.00,0
homebusinessmag.com,0,1,15966,31605,35057.00,0
internetkunskap.se,0,1,127,140,0.00,0
centium.ai,0,1,53,23,0.00,0
jenkov.com,0,3,6514,2715,2276.00,0
haufe-akademie.de,0,1,2386,2847,1747.00,0
getpingback.app,0,1,3,0,0.00,0
usenix.org,0,1,10521,21610,25615.00,0
greenhat.net,0,1,190,84,128.00,0
bc.edu,0,2,118895,452575,693001.00,15
exeo.net,0,4,407,103,344.00,0
therenegadecoder.com,0,6,1934,447,166.00,0
seoengine.ai,0,2,972,131,375.00,0
elevenforum.com,0,41,93210,71431,28339.00,0
jodineufelddesign.com,0,8,631,674,2173.00,0
athenaproject.tech,0,1,57,8,5.00,0
aeserver.com,0,2,1664,2423,8773.00,18
support.brave.app,0,10,2781,4769,6374.00,0
knoji.com,0,2,224669,60449,194883.00,0
coursehero.com,0,14,1147912,794494,8773275.00,117
fileformat.com,0,1,26657,4770,3780.00,0
simplebackups.com,0,49,1748,504,1228.00,4
ilxgroup.com,0,1,4081,2941,4529.00,28
a2cloudhostingservices.com,0,1,1259,635,858.00,0
dbschema.com,0,29,7142,8965,14286.00,9
97thfloor.com,0,1,2332,1161,3741.00,0
ironplane.com,0,2,2182,1720,10027.00,0
ukitservices.co.uk,0,1,403,732,399.00,0
markwarddesign.com,0,1,25,0,0.00,0
snov.io,0,74,22468,22973,113271.00,25
youglish.com,0,1,825510,541324,182727.00,0
smarketingcloud.com,0,2,1191,356,2218.00,0
digitalnext.com.au,0,1,557,920,509.00,0
stefanbohacek.com,0,2,104,293,77.00,0
woostify.com,0,33,1407,287,556.00,0
iwebfusion.net,0,1,132,123,530.00,0
digisoftsolution.com,0,5,2817,10569,64758.00,0
cufinder.io,0,8,3454,914,1101.00,0
bing.com,0,93,210964,8285967,15267932.00,15
mackyle.github.io,0,1,56,67,239.00,0
prosvit.design,0,2,33,33,0.00,0
stormwall.network,0,1,3276,2908,58832.00,2
addy.ie,0,1,1455,9924,3864.00,0
ou.edu,0,103,236122,810707,1879595.00,136
zurich.es,0,1,1415,1540,1034.00,0
gatling.io,0,3,1405,3697,4007.00,0
iwnsvg.com,0,1,869,6300,16.00,0
akr.am,0,1,14,0,0.00,0
hammersmithsupport.com,0,1,638,846,2021.00,0
git-scm.com,0,159,45655,467653,1300408.00,0
ikoula.com,0,10,510,501,1570.00,0
daharveyjr.com,0,1,40,4,0.00,0
dartmouth.edu,0,14,240416,651682,799287.00,129
tukif.porn,0,1,5787,122238,1547.00,0
schezy.com,0,1,735,3270,18447.00,0
apollotechnical.com,0,2,23953,3531,10171.00,0
saltfish.ai,0,2,1423,519,151.00,0
thedigitalhub.com.au,0,1,424,22,36.00,0
o-r-g.com,0,1,95,176,414.00,0
whoisfreaks.com,0,1,9919,35267,37028.00,0
nearstream.us,0,1,22612,20806,16480.00,35
cmswire.com,0,27,36764,29919,136929.00,0
duplichecker.com,0,4,49768,418365,591155.00,0
disposalmail.com,0,1,780,144,172.00,0
chrisrand.com,0,3,116,102,3.00,0
thedesignsystem.guide,0,3,407,107,477.00,0
intext.com,0,2,231,1096,668.00,0
xmlrpc-c.sourceforge.io,0,1,9,25,29.00,0
latinweb.com.mx,0,1,67,0,0.00,0
techhit.com,0,1,1693,2419,8110.00,0
observablehq.com,0,1,14107,18340,33415.00,0
buildingconnected.com,0,1,2356,63267,327275.00,0
esconsulting.ca,0,1,65,28,10.00,0
intermedia.com,0,10,24106,39216,240973.00,0
passionates.com,0,1,1759,181,451.00,0
iptanus.com,0,2,15,1,2.00,0
longbeach.gov,0,1,124556,497691,601454.00,0
docusign.com,0,2,162580,2391786,7826623.00,1325
aicontentfy.com,0,3,8649,51,2.00,0
rockersinfo.com,0,1,272,5,0.00,0
sproutseo.io,0,2,184,52,349.00,0
cemoh.com,0,1,1879,350,450.00,0
jch-optimize.net,0,1,53,1,8.00,0
reveriepage.com,0,2,7496,33407,287249.00,0
southernwv.edu,0,1,10756,6437,9587.00,0
rankingcoach.com,0,2,1803,2030,65680.00,0
esokia.com,0,4,813,160,138.00,0
openbridge.com,0,1,1647,365,1859.00,0
canr.msu.edu,0,1,393605,663122,367968.00,0
tecla.io,0,1,2575,4851,86906.00,0
zoomicon.wordpress.com,0,15,217,24,0.00,0
leapoutdigital.com,0,1,286,205,99.00,0
wackybuttons.com,0,1,4677,8311,6839.00,4
n-works.link,0,5,793,228,12.00,0
monnett.social,0,1,259,1890,2662.00,0
mstone.ai,0,1,2306,1048,5786.00,0
justinjbird.com,0,4,312,21,5.00,0
curl.dev,0,4,2086,4904,10180.00,0
golangbridge.org,0,3,4334,2058,2279.00,0
betterprogramming.pub,0,22,17461,7068,9776.00,0
justthink.ai,0,1,3572,134,150.00,0
qeunit.com,0,2,132,104,173.00,0
sliqtools.co.uk,0,1,338,71,351.00,0
joshhall.co,0,46,531,343,1776.00,0
domain.glass,0,1,9725,7446,5033.00,0
trip.com,0,1,5883947,3622816,1892761.00,20990
remoteworksource.com,0,1,2207,478,1474.00,0
beehiiv.com,0,5,66401,77124,123632.00,334
asplhosting.com,0,1,46,3,0.00,0
resourcespace.com,0,5,2862,3283,46344.00,10
nicolaslule.com,0,1,37,7,0.00,0
datashelter.tech,0,55,307,110,173.00,0
logicofenglish.com,0,1,5696,25566,6849.00,12
create.net,0,7,5597,1449,5416.00,0
danielsaidi.com,0,1,126,81,202.00,0
tscloud.com.my,0,1,1085,965,4001.00,0
zammad.org,0,2,423,638,4040.00,0
neon.com,0,106,14898,30466,102865.00,0
stefanstroe.com,0,3,287,70,116.00,0
aternos.org,0,7,19140,317063,274004.00,0
testfort.com,0,1,3550,1117,10898.00,0
wpt.fyi,0,1,53,68,35.00,0
fullscopecreative.com,0,9,809,567,2755.00,0
id23.net,0,1,1,0,0.00,0
noteracker.kr,0,1,5,0,0.00,0
tramatm.com,0,1,5153,9673,23111.00,18
nashcom.de,0,4,105,17,5.00,0
getguru.com,0,2,19210,44873,878504.00,170
simplystatedmedia.com,0,4,77,86,58.00,0
rocket.new,0,8,3447,8389,41475.00,73
whoerip.com,0,5,8033,7186,20319.00,0
esahubble.org,0,1,54015,240410,175062.00,0
imagetocss.com,0,1,137,12,0.00,0
marathonsports.com,0,1,86618,147947,57985.00,12
geeksforgeeks.org,0,3231,2930772,6434784,12924867.00,0
zillowrentalmanager.com,0,1,3275,4303,11063.00,0
friendlybit.com,0,1,162,6,0.00,0
phpconference.nl,0,1,14,0,0.00,0
r-project.org,0,3,79670,362825,692929.00,0
gravatar.com,0,1,8598,40186,10916.00,0
radetco.com,0,1,3592,7613,12861.00,68
about.google,0,4,30601,3251658,86406258.00,0
gazette.com,0,1,72353,130007,204959.00,0
setapp.com,0,298,204949,396987,221502.00,309
srutatech.com,0,2,16,17,0.00,0
sparkeddigital.ca,0,2,341,82,373.00,0
mistplay.com,0,1,7147,9516,25280.00,5
pinuts.de,0,1,33,4,0.00,0
brightec.co.uk,0,2,352,283,1361.00,0
bisv.ru,0,3,108,96,0.00,0
ursulaestevez.com,0,1,5,0,0.00,0
bjtechnews.org,0,1,525,30,14.00,0
michaelsoriano.com,0,1,90,25,5.00,0
arsys.es,0,59,2585,2315,2567.00,0
webgrapple.com,0,1,112,24,5.00,0
liquipedia.net,0,3,359976,1018588,309237.00,0
a4accounting.com.au,0,1,2041,559,230.00,0
wpsymposium.com,0,1,284,37,95.00,0
populoos.es,0,1,446,387,119.00,0
netnut.io,0,6,8914,5411,5692.00,112
brickstemplate.com,0,2,68,6,2.00,0
pmail.com,0,1,221,262,154.00,0
myrackmail.com,0,1,2,0,0.00,0
ongig.com,0,1,12068,20662,8377.00,0
amazonaws.com,0,2,448649,231428,302509.00,0
kolide.com,0,14,1371,1345,10478.00,0
thedigitalnavigator.com,0,1,569,559,5710.00,0
zalando.com,0,2,1769,96940,46515.00,0
rankmagic.com,0,11,172,31,158.00,0
atendesigngroup.com,0,1,510,395,853.00,0
listwp.com,0,3,99,11,292.00,0
svgmaker.io,0,3,1988,1364,1321.00,0
wprobot.net,0,1,45,18,5.00,0
elithecomputerguy.com,0,1,948,351,77.00,0
gregbenzphotography.com,0,1,1421,3402,3701.00,0
renemorozowich.com,0,1,180,3,0.00,0
flightaware.com,0,3,6552153,8972453,3691296.00,0
hypefury.com,0,2,10085,16166,11566.00,0
privatemail.com,0,2,745,1271,3929.00,0
yourwebsiteengineer.com,0,1,39,10,17.00,0
tryhardguides.com,0,1,1462132,2233578,100637.00,0
lanecc.edu,0,2,36950,109151,322150.00,0
greatis.com,0,2,4310,3866,1495.00,0
minimalistic-oracle.blogspot.com,0,1,179,27,29.00,0
techguy.org,0,9,13761,10821,10063.00,0
onsight-adventure.com,0,2,5,0,0.00,0
bruceclay.com,0,119,15344,30056,308294.00,0
agentfire.com,0,7,5181,2240,12692.00,37
storagenetworks.com,0,1,113,84,436.00,1
totalresolution.com,0,1,10,49,211.00,0
chat2db.ai,0,16,8799,1374,7056.00,2
geeksta.net,0,1,373,34,60.00,0
zyxware.com,0,3,626,142,351.00,0
fbijohn.com,0,1,1383,225,156.00,0
hcode.tech,0,3,110,37,282.00,0
alreihane.com,0,1,21,0,0.00,0
segmentify.com,0,1,1558,429,718.00,0
pivotalagency.com.au,0,1,235,71,67.00,0
worldox.com,0,7,364,1329,11285.00,0
outsourceit.today,0,1,746,1,0.00,0
site123.com,0,4,5439,48596,236629.00,73
diagnoseo.com,0,4,7153,6386,11590.00,0
nfi.edu,0,1,33513,16611,16239.00,2
hissingkitty.com,0,1,2145,24,14.00,0
realbigwords.com,0,1,26,2,4.00,0
sparkinteract.com.au,0,2,1023,1310,3006.00,0
inovacreativeagency.com,0,1,103,0,0.00,0
wpgridbuilder.com,0,3,56,503,644.00,3
pragmaticlinux.com,0,1,892,63,4.00,0
thepointsguy.com,0,1,865977,1127725,3687986.00,861
rexcelitservices.com,0,1,18,0,0.00,0
babeljs.io,0,1,1066,1392,1868.00,0
pipelinecrm.com,0,1,4781,6193,88385.00,53
ranorex.com,0,1,5413,6692,32913.00,113
linuxhostsupport.com,0,2,1131,84,0.00,0
heflo.com,0,1,7489,2081,3984.00,0
gutefrage.net,0,1,112490,9500,4128.00,0
freestuff.dev,0,1,634,215,939.00,0
scrubtheweb.com,0,5,124,4,7.00,0
homelight.com,0,1,188618,122925,979994.00,1349
hyperping.com,0,9,1666,3221,6824.00,0
profesionalreview.com,0,1,6069,899,952.00,0
zemez.io,0,1,619,16,0.00,0
sfware.com,0,1,6613,546,640.00,0
vikwp.com,0,3,169,105,34.00,0
snappa.com,0,2,13338,48164,49859.00,0
ucsc.edu,0,2,178235,680005,1041718.00,0
givebutter.com,0,27,62623,90316,555362.00,1358
racknap.com,0,1,846,552,841.00,0
referralcandy.com,0,1,8350,8112,38170.00,18
expresswriters.com,0,9,5192,4816,5968.00,0
chucksterlingfilm.com,0,1,7,2,0.00,0
inovector.com,0,1,36,0,0.00,0
mdaemon.com,0,2,1472,1883,4635.00,0
adsventas.es,0,1,1,0,0.00,0
sanmarksolutions.com,0,1,161,13,189.00,0
ateamsystems.com,0,1,206,38,108.00,58
bigboxhost.com,0,4,205,3,27.00,0
iccsafe.org,0,2,103303,235912,342759.00,114
jobsearchandinterviewcoach.com,0,1,1205,401,171.00,0
talentzok.com,0,1,446,316,3623.00,0
premis.es,0,1,1,0,0.00,0
mastercard.com,0,4,175908,937729,5211007.00,533
wcag.com,0,1,3083,18027,44789.00,0
lagofast.com,0,6,49972,37600,18516.00,23
beamusup.com,0,1,45,29,6.00,0
nettigritty.com,0,27,1090,489,1706.00,0
adorama.com,0,1,331886,338101,147605.00,744
hostwp.io,0,16,550,122,263.00,0
overstep.it,0,2,13,0,0.00,0
rtl-theme.com,0,3,2100,5174,142.00,0
pentest-tools.com,0,39,8506,39168,342522.00,16
advisorwebsites.com,0,5,1050,1005,7676.00,0
springboard.com,0,5,25114,20722,122154.00,54
3mentes.com,0,1,9,3,0.00,0
justanswer.co.uk,0,11,345876,37184,18455.00,8
yell.com,0,2,64892,15217,23762.00,0
eskimoz.co.uk,0,1,649,49,79.00,4
barkmedia.de,0,1,6,0,0.00,0
thenaplab.se,0,1,3,0,0.00,0
eplogistics.com,0,1,2862,5663,21771.00,1
teskalabs.com,0,1,231,156,350.00,0
webstacks.com,0,5,4715,1471,9436.00,431
organicmediagroup.org,0,1,100,6,0.00,0
smartpass.app,0,1,4883,130443,12993.00,133
lagrowthmachine.com,0,5,10446,13429,70022.00,0
freefileviewers.com,0,3,886,511,207.00,0
lumenlearning.com,0,5,1366065,1452086,898482.00,0
drivemarketing.ca,0,5,540,26,112.00,0
domaintools.com,0,1,10448,37762,167914.00,67
world4you.com,0,43,1844,1236,1400.00,0
aundigital.ae,0,1,702,37,36.00,0
almbok.com,0,1,1550,1459,233.00,0
exclusiveaddons.com,0,27,943,323,294.00,0
peq42.com,0,1,928,186,56.00,0
eccu.edu,0,2,9061,23621,69391.00,0
parachutedesign.ca,0,30,2107,1805,5156.00,0
skylinesocial.com,0,1,2295,709,6223.00,0
enlyft.com,0,1,1026,660,4957.00,0
noma.security,0,1,448,396,3249.00,4
goldyarora.com,0,20,3558,5113,11029.00,0
pillbanana.com,0,1,313,134,12.00,0
ahmodmusa.com,0,1,52,0,0.00,0
camunda.io,0,1,3029,1296,3459.00,0
totalmedios.com,0,1,490,175,12.00,0
jser.dev,0,1,121,53,0.00,0
droplr.com,0,1,4946,1503,1070.00,32
madebyshape.co.uk,0,4,2079,2832,8023.00,0
circlertech.com,0,1,6,6,2.00,0
reactjs.org,0,77,9000,22528,59446.00,0
componentsjs.readthedocs.io,0,2,14,14,29.00,0
disenograficocucuta.com,0,1,7,0,0.00,0
swartdigital.com,0,1,157,82,539.00,0
kaidavis.com,0,1,145,58,46.00,0
hongkiat.com,0,6,26626,20915,14856.00,0
codemonkey.com,0,1,5117,40074,29787.00,60
indiantradeportal.in,0,1,761,3210,6541.00,0
uab.edu,0,2,317693,928435,769726.00,96
buzzybrains.com,0,1,1113,82,334.00,0
atomicedge.io,0,1,77,21,3.00,0
stellate.co,0,1,107,202,129.00,0
fzpdigital.com,0,2,2800,1824,3430.00,0
rankworks.com,0,1,1361,1465,6044.00,0
oofhours.com,0,1,996,1275,2675.00,0
primepornlist.com,0,6,6769,22487,6994.00,0
columbus.gov,0,21,339009,463340,835071.00,0
writemail.ai,0,1,4245,4679,10951.00,0
pagethink.com,0,1,4084,11017,7514.00,0
redcubedigital.com,0,1,587,10,19.00,0
nicolaiseverin.com,0,1,1,0,0.00,0
weightbasedshipping.com,0,3,5,0,0.00,0
freelogodesign.org,0,4,11096,53341,77365.00,4
datami.ee,0,1,461,49,251.00,0
strikingly.com,0,31,33535,17255,31125.00,50
idrive.com,0,1,8698,43827,440040.00,754
onlinezebra.com,0,1,243,25,19.00,0
erase.com,0,6,4156,1296,8389.00,659
logobee.com,0,1,658,787,2192.00,0
wp-profi.de,0,1,33,14,39.00,0
rublon.com,0,12,4365,6992,17127.00,12
sierraexclusive.com,0,6,967,457,396.00,0
goto.com,0,10,52232,261039,1324998.00,174
esic.edu,0,14,5051,5987,13176.00,0
coursereport.com,0,11,17406,25168,141334.00,1
conde.com,0,1,1595,3230,5141.00,0
bricksplus.io,0,4,92,88,24.00,0
sshstores.net,0,2,586,968,573.00,0
shinystat.com,0,1,86,13,12.00,0
abbreviations.com,0,4,423177,307561,206825.00,0
capterra.co,0,3,981,138,253.00,0
atomicobject.com,0,15,6596,8105,22397.00,0
eternalstorms.at,0,1,78,371,641.00,0
livinginternet.com,0,2,2064,978,1962.00,0
edq.com,0,1,14753,55917,71904.00,195
prettylinks.com,0,2,1695,1696,5643.00,4
mgpanel.co,0,1,24,3,0.00,0
sigmainfo.net,0,1,2219,514,2221.00,1
thatericalper.com,0,1,31728,4167,1504.00,0
io.net,0,1,906,2957,10295.00,0
idootech.com,0,1,214,177,66.00,0
bluetickconsultants.com,0,5,342,39,127.00,0
mythemeshop.com,0,40,2420,497,662.00,0
designhill.com,0,2,64770,70430,73459.00,0
alliedpayments.com,0,2,2867,727,4844.00,0
websitesbyjr.com,0,1,4,15,63.00,0
simplifiedseotools.com,0,1,388,15,65.00,0
kwork.me,0,5,103,13,13.00,0
helpwithweb.com,0,2,145,1,10.00,0
huntington.com,0,1,212175,2684112,11936204.00,0
bloggingfromparadise.com,0,10,578,732,804.00,0
speednetlte.com,0,1,11394,5879,43616.00,0
edu-info.org,0,3,156,171,406.00,0
umaine.edu,0,1,170601,366668,472070.00,0
payscale.com,0,73,383811,414164,713298.00,337
consolidesuamarca.com.br,0,1,138,173,62.00,0
donotpay.com,0,3,150842,28469,46045.00,0
onlinemarketingjobs.nl,0,1,20,19,0.00,0
blogoscoped.com,0,2,458,497,2378.00,0
jalantikus.com,0,5,4522,2341,37.00,0
andysowards.com,0,1,1294,366,337.00,0
jdblischak.github.io,0,36,92,74,14.00,0
amp-wp.org,0,1,121,69,50.00,0
thewordfinder.com,0,7,383481,1754210,128697.00,0
teccle.net,0,1,26,5,1.00,0
superprof.uy,0,2,817,423,33.00,0
syncrosecure.com,0,6,9260,19751,172195.00,285
streetinfo.lu,0,1,464,24,4.00,0
litextension.com,0,39,11697,4381,19144.00,8
addictivetips.com,0,19,69995,23387,24508.00,0
athemeart.com,0,3,1933,15,10.00,0
momenticmarketing.com,0,3,1539,580,720.00,0
trustpulse.com,0,1,664,237,1660.00,0
awpreset.com,0,2,34,0,0.00,0
thatsoftwaredude.com,0,1,2102,951,586.00,0
cassandrahl.com,0,1,52,25,5.00,0
lavozdegalicia.es,0,1,10334,30269,793.00,0
emcu-homeautomation.org,0,1,233,5,0.00,0
companiesmarketcap.com,0,3,209863,422835,447995.00,0
oxc.rs,0,4,344,1615,1411.00,0
blocklayouts.com,0,1,18,7,0.00,0
bittbox.com,0,2,4904,1018,1345.00,0
nhsinform.scot,0,1,916704,2565566,1510939.00,0
unsplash.com,0,51,1710151,8191756,5201170.00,0
twospouts.com,0,3,605,277,144.00,0
reversevideosearch.app,0,39,463,9351,8484.00,0
commandlinux.com,0,53,12850,65751,39412.00,0
redditery.com,0,1,414,640,1019.00,0
payabl.com,0,1,1792,716,7479.00,0
smartcat.com,0,4,14441,8947,14173.00,466
templatemonster.com,0,3,17778,11428,23543.00,26
hollandi.com,0,1,3,0,0.00,0
misapuntesde.com,0,5,132,587,1365.00,0
storytellercharles.com,0,1,392,12,8.00,0
demoduck.com,0,1,1072,6323,71878.00,7
codeguru.com,0,2,6233,1746,1844.00,0
avvo.com,0,3,1503021,568385,3897128.00,1
consortia.no,0,1,7,9,17.00,0
dsgfs.com,0,1,165,191,0.00,0
portkey.ai,0,2,3825,6465,20265.00,0
rapidphpeditor.com,0,3,25,12,39.00,2
portswigger.net,0,32,14509,66117,325811.00,0
apppresser.com,0,3,419,444,2478.00,0
delta.io,0,1,1202,3348,14105.00,0
jasonscottmontoya.com,0,1,1142,1660,927.00,0
gonzalonavarro.es,0,1,54,121,109.00,0
lizardtech.com,0,1,690,1572,1087.00,0
reachinbox.ai,0,1,3125,774,3647.00,0
scottishwomensrightscentre.org.uk,0,1,814,745,498.00,0
api2cart.com,0,4,2757,992,4939.00,0
apnews.com,0,3,3243312,16364786,11519558.00,254
wirelesspt.net,0,1,118,477,171.00,0
bknddevelopment.com,0,2,381,36,264.00,0
intecat.com,0,15,549,445,299.00,0
seosoftwaretools.com,0,1,251,3,13.00,0
onspotdata.com,0,1,243,120,769.00,0
ubergizmo.com,0,1,37731,3721,3197.00,0
userbenchmark.org,0,1,2956,8605,13798.00,0
marion.com,0,5,7395,1169,3666.00,0
porn300.com,0,2,58288,418143,62175.00,0
reuters.com,0,2,2456382,7919455,26619009.00,68
formgrid.com,0,2,668,469,5111.00,89
xperiencify.com,0,2,8156,1273,21869.00,0
impress.co.jp,0,2,18811,6959,3586.00,0
researcher.life,0,13,92743,135783,75857.00,0
hostingplus.lat,0,4,346,17,14.00,0
akismet.com,0,34,696,1012,9035.00,1
cypochi.com,0,1,1,0,0.00,0
writefreely.org,0,3,98,270,1059.00,0
cameyo.com,0,1,248,59,134.00,0
softlist.io,0,1,10228,94,387.00,0
miguelgrinberg.com,0,1,1725,3553,7587.00,0
codewhoop.com,0,1,101,5,0.00,0
shortsintel.com,0,2,450,130,54.00,0
ensurewp.com,0,1,4,0,0.00,0
tettra.com,0,1,4712,2465,13662.00,0
raleighswebsitedesign.com,0,4,460,775,4469.00,0
craftercms.com,0,1,772,705,2302.00,14
img.vision,0,1,606,675,938.00,0
contactform7.com,0,27,686,5802,5311.00,0
thewebsitedoula.com,0,3,333,593,1094.00,0
andrejgajdos.com,0,1,237,448,4728.00,0
checkbot.io,0,1,123,171,266.00,0
ivyforms.com,0,4,1702,2129,50.00,2
webkul.com,0,59,12550,29542,115043.00,0
giantpartners.com,0,1,839,551,7370.00,0
readyxrm.blog,0,1,82,139,127.00,0
formlogger.com,0,1,5,0,0.00,0
ezeetraffic.com,0,1,327,1,19.00,0
bevisible.app,0,3,614,65,274.00,0
linuxserver.io,0,5,2923,7445,14068.00,0
pkgs.org,0,3,8001,5118,6355.00,0
beekeeperstudio.io,0,57,8287,5755,15895.00,0
sonarsource.com,0,14,20859,27885,133253.00,268
samarpaninfotech.com,0,10,1340,255,1322.00,0
genially.com,0,1,81407,111029,120100.00,66
leeds.ac.uk,0,3,69259,113282,93172.00,13
3university.io,0,1,859,105,432.00,0
ferretdb.io,0,3,245,221,1042.00,0
stellarinfo.com,0,21,38496,23015,18686.00,1366
brillmark.com,0,1,576,78,552.00,0
zomro.com,0,5,1549,729,2467.00,0
workleak.com,0,2,101,3,8.00,0
mysmtp.com,0,5,719,372,1854.00,0
schwarz.de,0,1,13,4,1.00,0
garyjones.io,0,1,6,0,0.00,0
arcanet.org,0,1,334,252,102.00,0
wpsanity.com,0,1,5,0,0.00,0
rankerize.com,0,1,34,10,0.00,0
seogets.com,0,1,483,1601,8941.00,0
appliedinteractive.com,0,1,46,14,0.00,0
danielmorell.com,0,1,186,190,138.00,0
rock.so,0,15,3847,6670,5614.00,0
mail.com,0,20,52490,769501,969866.00,0
octobrowser.net,0,3,9623,22985,36373.00,29
artifactuprising.com,0,1,32966,163316,215245.00,273
wpcupidblog.com,0,1,396,2,0.00,0
worldofprintables.com,0,3,40001,115539,80111.00,0
superblog.ai,0,1,360,182,370.00,0
ryte.com,0,23,3373,1772,4266.00,0
basicthinking.de,0,1,655,70,50.00,0
topssl.cn,0,1,59,7,17.00,0
oracast.com,0,1,35,8,4.00,0
unbc.ca,0,1,8941,8642,8491.00,1
omnisend.com,0,24,36086,63225,1238777.00,594
themodernentrepreneur.com,0,1,287,102,88.00,0
intef.es,0,10,6589,6364,13689.00,0
basc.org.uk,0,1,4202,6000,3838.00,0
tutorialbrain.com,0,77,2346,890,474.00,0
snappywords.com,0,1,1542729,795679,24949.00,0
peopleshost.com,0,9,827,186,138.00,0
gshiftlabs.com,0,4,1912,5,2.00,0
robingeuens.com,0,3,13,1,0.00,0
forensicosint.com,0,1,2384,6623,7993.00,1
zproxy.org,0,2,59664,294949,21161.00,0
freesoft.org,0,1,918,307,29.00,0
welcometothejungle.com,0,3,31263,59368,104998.00,0
fullmetalbrackets.com,0,4,764,224,262.00,0
alanajadestudio.com,0,2,772,772,2128.00,0
hackviser.com,0,9,2998,3772,11236.00,0
advertisemint.com,0,1,9944,1446,2009.00,0
craftquest.io,0,2,1152,541,1180.00,0
aaa.com,0,1,2546968,9587745,49171688.00,1870
netshop-isp.com.cy,0,2,529,70,92.00,0
thinkales.com,0,6,83,1,0.00,0
arteco-consulting.com,0,1,102,201,69.00,0
aruljohn.com,0,1,14570,17708,26687.00,0
rsaconference.com,0,1,5457,20536,51096.00,30
formbricks.com,0,1,3851,12997,25382.00,0
koaa.com,0,1,87193,94089,51146.00,0
openshot.org,0,1,4249,54504,83985.00,0
fontsensei.com,0,3,657,307,118.00,0
acceldata.io,0,1,17069,84086,1265290.00,2
itpiran.net,0,3,1275,112,75.00,0
redirhub.com,0,3,1238,742,1876.00,0
communitycom-shop.jp,0,1,2,0,0.00,0
commandlinefu.com,0,1,815,252,6.00,0
peerpush.net,0,1,1259,52,167.00,0
thewpweekly.com,0,1,120,202,305.00,0
warframe.com,0,1,226036,1717970,415469.00,24
justinsilver.com,0,1,67,1,0.00,0
travelwithhitman.com,0,1,251,24,48.00,0
fileorganizer.net,0,1,20,3,6.00,0
enzuzo.com,0,2,5580,4187,98316.00,0
pcloudy.com,0,8,3654,6458,15987.00,0
preactjs.com,0,2,208,3507,295.00,0
wordpressare.se,0,1,4,0,0.00,0
bitrix24.com,0,16,10703,19206,106988.00,91
theblogstarter.com,0,18,2377,110167,228235.00,42
leadsplease.com,0,1,8308,9549,61131.00,33
foroalfa.org,0,1,618,482,335.00,0
keliweb.it,0,2,346,191,36.00,0
wpsharks.com,0,1,105,31,9.00,0
windowsloop.com,0,2,9271,14,1.00,0
softportal.com,0,2,28981,6802,2471.00,0
unitech.qa,0,5,154,8,21.00,0
stocktradersdaily.com,0,1,8662,101575,175423.00,0
routechecker.co.uk,0,2,5,0,0.00,0
canonical.com,0,6,4349,12581,32882.00,28
mention.network,0,1,687,115,46.00,0
bankinter.com,0,1,9465,17711,15950.00,1
canadianwebhosting.com,0,1,838,444,699.00,0
ft.com,0,1,451655,1275873,4597722.00,155
seattleorganicseo.com,0,1,2622,10265,110792.00,0
themindcollection.com,0,1,3434,12238,14527.00,0
voetbashop.nl,0,1,159,102,0.00,0
salesso.com,0,1,3000,290,121.00,0
meiji.ac.jp,0,1,2467,3359,554.00,0
ermannkara.wordpress.com,0,2,231,9,0.00,0
netalico.com,0,1,1656,3549,23570.00,0
clevelandclinic.org,0,2,12172791,100660867,85775340.00,533
teachfloor.com,0,3,15434,15188,133570.00,0
mailforge.ai,0,12,1325,1799,5875.00,0
strapi.io,0,85,11570,27507,104442.00,8
mindk.com,0,3,2495,1128,10871.00,0
cmsgalaxy.com,0,4,1986,172,536.00,0
regardie.dev,0,1,34,5,11.00,0
proctoru.com,0,1,5039,81837,101520.00,0
irs.gov,0,1,3613792,33359562,85481157.00,5
creatoudcloud.com,0,1,38,0,0.00,0
b4x.com,0,3,2966,11315,6102.00,0
tuurbo.ai,0,1,285,2,3.00,0
qyrax.net,0,1,111,8,33.00,0
multilogin.com,0,13,24367,26271,38388.00,38
scoutify.com,0,1,4563,1071,2383.00,0
putler.com,0,1,2909,547,1133.00,0
diallink.com,0,1,30049,40472,11023.00,3
neubox.com,0,1,578,655,1716.00,0
trainercentral.com,0,8,1208,1383,8648.00,278
jhkinfotech.com,0,36,1956,814,637.00,0
forwardpathway.com,0,1,4075,2899,3628.00,0
unstreamable.com,0,1,33,1,1.00,0
rowdydesign.com,0,1,14,0,0.00,0
javascript.info,0,25,13568,162736,416803.00,0
mikrotik.com,0,1,18373,57985,155880.00,0
hikeseo.co,0,6,4524,1690,9398.00,2
wpbuilders.co,0,1,51,0,0.00,0
legalservicesnyc.org,0,3,13666,22879,63111.00,0
qsfptek.com,0,6,10079,10948,19092.00,28
1crm.com,0,1,1257,1383,15180.00,1
mercadopago.com.mx,0,1,5057,11759,30829.00,2
enginescout.com.au,0,10,1505,1452,6289.00,0
footlocker.com,0,1,882670,4876562,1694880.00,1786
cknotes.com,0,4,231,66,2.00,0
salad.com,0,2,1725,3791,13707.00,48
inspiringapps.com,0,1,1294,675,3954.00,0
aicad.es,0,4,6595,5489,2752.00,0
vacantesremotas.com,0,1,64,19,14.00,0
machielsen.nl,0,2,159,87,0.00,0
eclecticlight.co,0,9,15621,12907,3516.00,0
cybelangel.com,0,1,2821,4428,5218.00,0
cubettech.com,0,1,992,239,366.00,0
fintelconnect.com,0,4,1770,2845,12899.00,0
homeseer.com,0,1,2731,3101,1527.00,4
summitracing.com,0,1,474197,1291877,407847.00,1046
garmtech.com,0,1,208,1,0.00,0
my.is,0,1,10874,7376,2046.00,0
tanknewmedia.com,0,1,1112,250,851.00,0
jakeprins.com,0,2,49,66,432.00,0
fokoostech.com,0,1,412,19,231.00,0
ebrains.eu,0,1,1011,1368,717.00,0
mavance.es,0,1,71,5,0.00,0
yourhtmlsource.com,0,11,2200,93,143.00,0
reactflow.dev,0,2,682,9019,21221.00,0
taodigitalmarketing.com,0,5,703,978,349.00,0
jpg2pdf.io,0,4,34,5,8.00,0
edana.ch,0,1,556,98,325.00,0
lankahost.net,0,3,105,0,0.00,0
lefigaro.fr,0,1,111163,339698,336288.00,5
linux.org,0,53,31626,84575,156486.00,0
bannerkoubou.com,0,1,67,209,114.00,0
wpbookingsystem.com,0,9,562,477,577.00,3
stikkymedia.com,0,1,856,1999,143.00,0
wphostingreviews.com,0,10,276,203,1359.00,0
visialeadership.com,0,1,1,0,0.00,0
dopinger.com,0,30,7480,888,2170.00,0
estibot.com,0,2,789,5665,10470.00,0
artisantalent.com,0,2,7728,7201,18306.00,49
designcrowd.com,0,2,46219,80328,164926.00,343
tevello.com,0,1,6431,330,741.00,0
convalytics.com,0,3,55,50,0.00,0
nytcrosswordanswers.org,0,1,265683,868310,58325.00,0
tecnicafotografica.net,0,1,110,104,0.00,0
cloak.ist,0,1,96,23,37.00,0
prakash-nimmala.blogspot.com,0,5,17,0,0.00,0
crowncloud.net,0,12,2386,1024,721.00,0
topbrandingaltimeter.com,0,1,698,658,13846.00,0
fha.gov.ng,0,4,76391,6545,850.00,0
swovo.com,0,1,5020,905,529.00,0
trailforks.com,0,1,314408,213950,66523.00,0
yinsta.github.io,0,1,3,21,42.00,0
eminenturetech.com,0,1,707,89,286.00,0
thenewsletterplugin.com,0,1,622,1340,2723.00,0
pictulab.com,0,1,141,9,1.00,0
urbanriver.com,0,1,219,40,42.00,0
pagepublishing.com,0,1,2048,6107,19225.00,12
humanmade.com,0,14,379,373,9837.00,0
oscarenfotos.com,0,2,994,1669,1008.00,0
eeoc.gov,0,1,132742,492749,1342046.00,0
microsoftteamsphonesystem.co.uk,0,1,170,17,65.00,0
excelisys.com,0,1,358,243,2495.00,0
printful.com,0,37,132717,443483,831823.00,164
flygen.ai,0,1,75,19,0.00,0
marktimemedia.com,0,9,38,34,79.00,0
wizve.com,0,1,213,0,0.00,0
openrightsgroup.org,0,11,1371,722,262.00,0
tableau.com,0,3,104679,414536,2145540.00,1781
thebestfetishsites.com,0,8,39489,666942,568424.00,0
mida.so,0,1,2668,3596,16239.00,0
venmo.com,0,2,110751,2065156,1581561.00,31
peakd.com,0,1,83789,11920,3670.00,0
limoanywhere.com,0,1,1852,12112,37879.00,35
smartyads.com,0,2,6200,1112,13647.00,41
30secondsofcode.org,0,6,6085,1936,3870.00,0
vmhoster.com,0,13,564,61,58.00,0
shutterfly.com,0,1,408450,2439583,2165001.00,1778
sonicwall.com,0,8,30049,72883,274342.00,186
webmastered.com,0,1,75,4,11.00,0
smallverse.app,0,1,79,3327,25.00,0
monrocloud.com,0,1,418,31,289.00,0
overlockdesign.co,0,1,18,2,0.00,0
birgithotz.com,0,1,101,54,71.00,0
confidentialcontainers.org,0,3,50,148,258.00,0
swapps.com,0,2,438,355,46.00,5
transip.nl,0,1,431,549,2412.00,0
coolify.io,0,5,1377,7166,25425.00,0
ramanan.io,0,1,18,0,0.00,0
devs.lol,0,1,40,84,34.00,0
weareher.com,0,1,17264,52527,62800.00,0
netgear.com,0,47,333368,1215368,1193199.00,207
scalero.io,0,1,304,295,828.00,4
monash.edu,0,1,119472,221030,219843.00,0
wolontek.com,0,1,1072,2796,640.00,0
bookbildr.com,0,1,1465,1948,2638.00,0
magnusminds.net,0,1,1238,255,932.00,0
csuohio.edu,0,2,89165,251974,952510.00,5
webfixhq.com,0,3,47,4,0.00,0
hackerearth.com,0,1,16846,25709,134652.00,0
aldabra.com.br,0,1,13,5,0.00,0
toprankmarketing.com,0,2,4368,2914,9525.00,0
submit.com,0,8,1553,1413,7227.00,5
siteuptime.com,0,5,746,516,2162.00,0
tasksexpert.com,0,1,3020,2330,14289.00,0
atlantafalcons.com,0,1,107203,611754,271280.00,22
akasainstitute.com,0,2,26,0,0.00,0
iconbuddy.com,0,2,1690,5394,3321.00,0
iloveimg.com,0,15,55342,565216,397447.00,0
pdf.net,0,1,28434,38264,52247.00,2679
flashlearners.com,0,2,8272,32,23.00,0
bmyers.com,0,1,494,177,15.00,0
lgxbranding.com,0,4,594,435,2718.00,0
top10vpn.com,0,16,11983,52313,90740.00,572
bassomarketingagency.com,0,1,397,417,2203.00,0
plan-b.co.jp,0,5,1210,1359,65.00,0
yandex.com,0,33,509692,2602442,5425501.00,0
stratgrow.com,0,1,549,618,390.00,0
nessus.org,0,1,77,342,3889.00,0
mrs.digital,0,2,3409,10172,31250.00,0
adyxax.org,0,1,69,6,0.00,0
sopto.com.cn,0,1,1720,989,2094.00,8
unisa.ac.za,0,1,6233,19345,54837.00,0
arekore.app,0,1,4887,66,127.00,0
nuvei.com,0,1,8168,22695,105515.00,443
ipsis.nl,0,2,63,4,0.00,0
mymall.co.jp,0,1,1,0,0.00,0
zymphonies.com,0,2,146,5,3.00,0
pornogratisdiario.com,0,1,5037,129423,2295.00,0
eunit.me,0,2,85,3,1.00,0
inhuren.com,0,1,14,18,0.00,0
billiken.lat,0,1,6514,735,10.00,0
sangfroidwebdesign.com,0,5,1605,1605,4348.00,0
erickhurtado.click,0,1,171,4,2.00,0
keycommerce.com,0,4,666,36,240.00,0
rahulshettyacademy.com,0,2,477,1015,1353.00,0
phpinfo.eu,0,1,5,1,0.00,0
mharwood.uk,0,1,689,376,221.00,0
acethinker.ai,0,1,17103,30560,26136.00,0
atherobase.com,0,1,253,5,22.00,0
updatemybrowser.org,0,1,588,341,648.00,0
kiwiwebgroep.nl,0,1,9,0,0.00,0
wegic.ai,0,3,27837,10105,34062.00,3
strikesocial.com,0,1,4314,1144,11842.00,0
ganje.host,0,1,146,176,273.00,0
ansys.com,0,3,57140,198363,470349.00,253
tunepocket.com,0,1,18114,36666,31335.00,0
dalesjo.net,0,1,6,0,0.00,0
apparelnbags.com,0,1,83218,132537,66385.00,2
wpfr.net,0,3,69,3,0.00,0
wpwebify.com,0,9,1157,693,155.00,0
rthecompany.eu,0,3,493,13,12.00,0
nofrillscloud.com,0,4,187,112,593.00,0
markethink.net,0,1,62,14,0.00,0
wgu.edu,0,21,199750,2111602,12962068.00,3617
alexanderjarvis.com,0,12,8470,5665,4895.00,0
kdksoftware.com,0,1,429,173,924.00,0
tripleten.com,0,6,17253,102126,393332.00,82
winback.store,0,1,11,35,0.00,0
brosolutions.net,0,1,175,0,0.00,0
hobohost.com,0,4,774,3426,43461.00,0
secopsolution.com,0,3,2865,1361,3571.00,0
christschool.info,0,1,8,0,0.00,0
g.co,0,1,75838,96429,385545.00,0
hackers-arise.com,0,3,2789,2232,2479.00,0
figr.design,0,1,2343,11075,78389.00,56
getsitecontrol.com,0,3,2706,24837,9215.00,72
staffingindustry.com,0,2,19002,23376,46869.00,0
leadiq.com,0,4,377628,134202,217955.00,4
exportyourstore.com,0,1,3012,2622,2130.00,6
webcitz.com,0,2,7161,179,1068.00,57
mhthemes.com,0,53,1295,611,535.00,0
tenorshare.ai,0,2,19061,12722,1876.00,0
techwelkin.com,0,3,12412,3933,3166.00,0
smarative.com,0,6,137,10,0.00,0
backlinkmanager.io,0,3,3324,2274,21082.00,0
socinator.com,0,1,13724,3665,4724.00,0
windowsradar.com,0,2,175,8,17.00,0
blueivorycreative.com,0,1,101,12,11.00,0
zaneops.dev,0,1,4,0,0.00,0
malekal.com,0,5,5775,332,63.00,0
antevenio.com,0,1,589,180,46.00,0
overlayforge.com,0,1,1554,515,52.00,0
wponcall.com,0,6,996,108,338.00,0
pixelscan.net,0,4,11046,28449,73432.00,0
supsystic.com,0,24,641,122,172.00,0
leaddev.com,0,1,4163,3691,8806.00,20
easychat.top,0,1,71,620,4866.00,0
kaspersky.co.uk,0,1,1821,752,518.00,0
serverspace.us,0,26,6195,8139,34568.00,0
office-watch.com,0,2,25670,31676,28566.00,0
uscreen.tv,0,17,11607,9468,20077.00,130
joinit.com,0,9,8679,6671,45023.00,80
avoiderrors.com,0,1,6050,58,0.00,0
mcdermottlaw.com,0,1,15957,43062,120662.00,0
remosoftware.com,0,1,18382,2292,3764.00,0
mailinblack.com,0,2,530,1453,2280.00,1
clickport.io,0,1,83,0,0.00,0
theimagefile.com,0,1,4007,3377,601.00,0
ably.com,0,7,4080,7878,16391.00,19
jentis.com,0,4,739,1157,1126.00,0
dataversity.net,0,4,14917,26754,154188.00,0
stlouis-mo.gov,0,1,124087,369593,449813.00,0
sangoma.com,0,1,3495,153452,75787.00,0
utho.com,0,4,6417,2049,10696.00,0
brandonio21.com,0,1,3,0,0.00,0
semantisseo.com,0,2,55,16,0.00,0
seohost.net,0,5,344,964,6664.00,0
comparecheapssl.com,0,2,1185,28,73.00,0
rmsoft.sk,0,1,3,0,0.00,0
smartpress.com,0,1,30754,114897,424933.00,1210
boisestate.edu,0,5,101298,347279,405498.00,91
calamari.io,0,2,1518,1294,9695.00,17
rivell.com,0,5,1774,632,4519.00,0
menlosecurity.com,0,2,2790,7247,33367.00,20
jerseygirlinacraftyworld.com,0,1,5,0,0.00,0
mobileaction.co,0,7,7007,8891,36422.00,0
wikibooks.org,0,30,279904,164182,58120.00,0
thecreativemomentum.com,0,1,2786,2692,22816.00,0
nyu.edu,0,8,1058899,2774439,6394378.00,1005
inet.vn,0,1,303,142,131.00,0
ringly.io,0,1,5073,9130,127925.00,1
andros.dev,0,1,33,30,0.00,0
jellyseo.com,0,3,93,447,29.00,0
birtransport.com,0,1,110,192,437.00,0
quiteaplaylist.com,0,2,552,4009,48.00,0
oneeach.com,0,4,471,169,764.00,0
database.build,0,1,108,176,1373.00,0
dynomapper.com,0,2,2177,1492,2051.00,12
of-dl.gitbook.io,0,1,103,1519,1714.00,0
mercury.com,0,7,37119,140520,1278650.00,454
seancdavis.com,0,1,520,211,959.00,0
astera.com,0,17,8779,2459,12191.00,284
nonfictionauthorsassociation.com,0,2,2119,1943,2022.00,3
lefterisoikonomou.com,0,1,68,1,2.00,0
netwoven.com,0,9,1026,184,590.00,80
designbundles.net,0,8,112244,473809,168013.00,26
access-ci.org,0,1,1769,5516,7570.00,0
doro.com,0,1,1075,1381,1068.00,0
kaltura.com,0,3,24267,45381,94573.00,0
adviksoft.com,0,2,9117,326,1901.00,0
passendo.com,0,1,260,173,1857.00,0
fabbricaweb.com.br,0,1,5,0,0.00,0
smartpassiveincome.com,0,2,3773,8237,12618.00,0
cox.com,0,4,390755,3180014,10574626.00,4097
emergent.sh,0,8,6379,36554,109824.00,1482
corberry.com,0,5,786,231,211.00,0
portableapps.com,0,7,15147,40470,31754.00,0
kiwiqa.co.uk,0,2,592,51,359.00,0
matthewjamestaylor.com,0,1,1701,2863,900.00,0
webcrece.com,0,1,5,0,0.00,0
tuscl.net,0,1,151903,100879,73806.00,0
adsy.com,0,7,4207,2017,14097.00,65
leetcode.com,0,5,68581,528275,612314.00,0
tunisie-innovation.tn,0,2,27,6,9.00,0
induvance.com,0,1,188,109,23.00,0
doniaweb.com,0,1,581,378,145.00,0
fastlancer.org,0,7,676,219,679.00,0
businessbloomer.com,0,22,1967,650,2219.00,0
imooc.com,0,1,1428,2155,190.00,0
supple.com.au,0,4,3059,992,2124.00,0
arkenea.com,0,4,2580,2634,47261.00,0
5v1.net,0,1,14,0,0.00,0
muralpay.com,0,3,16750,17215,23162.00,0
contractrates.fyi,0,1,350,310,810.00,0
bibliopolis.com,0,4,1083,2839,558.00,0
gabyugarte.com,0,10,53,40,1.00,0
porn.com,0,2,62349,834844,1044648.00,0
kristinfalkner.com,0,1,545,1734,26379.00,0
geckotech.cloud,0,2,746,726,268.00,0
padthai-hamburg.de,0,1,130,262,0.00,0
oli.fyi,0,1,86,38,4.00,0
justaftermidnight247.com,0,1,965,916,2355.00,13
analyticsindiamag.com,0,4,11177,1924,1980.00,0
evergreendm.com,0,1,233,7,3.00,0
zetos.fr,0,1,5,8,0.00,0
lever.co,0,2,37044,46676,305608.00,202
vleservice.wordpress.com,0,3,21,9,0.00,0
wiingy.com,0,4,25400,12675,10051.00,9
wordsinarow.com,0,3,690,140,559.00,0
stackverdict.com,0,1,157,1,7.00,0
wpguru.co.uk,0,3,2260,1216,30.00,0
foto24.com,0,1,270,292,25.00,0
visp.net,0,4,285,193,183.00,0
thenounproject.com,0,8,269234,517650,160408.00,46
sitew.com,0,10,11385,8247,47214.00,0
bit-form.com,0,10,398,440,1744.00,0
macsales.com,0,2,69634,115717,59724.00,297
linkila.com,0,1,8,0,0.00,0
webaim.org,0,2,6618,73050,218894.00,0
nuox.io,0,4,852,335,657.00,0
voxfor.com,0,2,4405,936,222.00,0
az-theme.net,0,1,126,15,25.00,0
multipoguru.com,0,1,1,7,0.00,0
bicycledutch.wordpress.com,0,2,232,508,312.00,0
breakdance.com,0,64,1168,1589,3297.00,5
vecteezy.com,0,36,3738373,9399312,4892516.00,412
mightyatom.co.nz,0,2,7,0,0.00,0
agenciasp.com,0,1,58,25,0.00,0
mpiweb.org,0,1,20,43,0.00,0
dialaxy.com,0,1,57914,109521,60942.00,0
nmhealth.org,0,3,44673,106207,131934.00,0
follettsoftware.com,0,2,5286,38252,21519.00,74
merixstudio.com,0,3,1268,379,1376.00,0
goodfreefonts.com,0,1,263,208,0.00,0
carlcare.com,0,41,25938,25006,6988.00,0
phpsandbox.org,0,1,9,1,11.00,0
zerotomastery.io,0,62,11761,16289,43744.00,0
bytesizeme.co.uk,0,2,322,281,2807.00,0
purpleads.io,0,1,306,135,1193.00,0
privacybadger.org,0,4,588,2869,3404.00,0
sadaupdate.com,0,2,193,110,346.00,0
hostoo.io,0,1,46,3,4.00,0
hackajob.com,0,1,1594,2845,6574.00,0
plone.org,0,2,660,996,528.00,0
vismarketing.co.uk,0,1,189,5,10.00,0
trio.dev,0,1,2476,468,3081.00,9
byjus.com,0,22,2282509,6300522,1745323.00,0
thingmedia.jp,0,1,43,32,0.00,0
skybluemedia.co,0,2,69,30,1.00,0
learnenough.com,0,10,999,471,565.00,0
linkbot.com,0,19,1902,307,388.00,14
widget-options.com,0,7,60,41,93.00,0
beedigital.es,0,15,1606,1130,2520.00,0
nodinrogers.com,0,1,258,32,375.00,0
tekglide.com,0,2,1467,272,1463.00,0
apistronghold.com,0,1,80,34,150.00,0
binarysolutions.biz,0,1,12,1,1.00,0
dnsexit.com,0,2,1519,4604,29167.00,0
gohugo.io,0,4,4639,27421,102287.00,0
menetray.com,0,1,165,0,0.00,0
flawlessthemes.com,0,10,242,99,325.00,0
mirrorfly.com,0,2,4342,1032,11693.00,5
emarketer.com,0,2,38966,42115,108834.00,4
statisticsanddata.org,0,1,6041,54,34.00,0
oopspam.com,0,7,465,287,691.00,0
blueglassinsights.com,0,2,341,160,33.00,0
discover.com,0,2,351018,6098920,48935931.00,2962
randstad.com.au,0,1,2469,2042,3876.00,0
vlot-en-goed.nl,0,1,97,5,0.00,0
10pb.com,0,2,384,188,128.00,0
m5owner.com,0,1,17,8,0.00,0
maheshwebworks.com,0,1,54,0,0.00,0
hnmac.vn,0,2,44,3,0.00,0
jeroensormani.com,0,3,66,10,0.00,0
sizle.io,0,1,3728,1537,2487.00,0
wpthemespace.com,0,2,129,5953,5.00,0
simpleandsoulful.com,0,1,161,40,0.00,0
mirasvit.com,0,4,4256,4205,16244.00,0
onlinepaymentsguide.com,0,1,185,71,169.00,0
sandbox.ws,0,1,220,2,23.00,0
namobot.com,0,1,26908,8759,28683.00,0
tabers.com,0,1,189562,320429,223167.00,0
droidcrunch.com,0,1,384,1,14.00,0
mycareergps.com,0,2,1325,464,482.00,0
ipburger.com,0,2,5314,5446,5313.00,6
nowstajobs.co,0,1,7,13,0.00,0
redresscompliance.com,0,1,2587,347,1328.00,0
pcgameshardware.de,0,1,5929,1501,292.00,0
captaincompliance.com,0,2,7484,3055,8121.00,0
spiritedandthensome.com,0,2,10909,25430,5114.00,0
akitais.com,0,2,872,149,901.00,0
ldoceonline.com,0,2,1745655,964835,918016.00,0
crestinfotech.com,0,4,1668,45,138.00,0
thomasnet.com,0,12,411056,113002,290250.00,307
simpledns.plus,0,1,874,470,914.00,0
nordlysmarketing.dk,0,2,76,48,0.00,0
bookingwp.com,0,1,193,244,200.00,0
scoutski.com,0,1,11615,5844,7154.00,0
habibi-coding.com,0,16,22,0,0.00,0
omni.co,0,2,1407,11727,30444.00,66
heuc.edu.et,0,1,36292,6739,4332.00,0
approveme.com,0,1,6364,16222,45523.00,2
thehomebusinesschallenge.com,0,2,599,10,9.00,0
chrisberkley.com,0,4,366,29,34.00,0
wptowp.com,0,1,305,26,7.00,0
colombiahosting.com.co,0,1,77,491,1474.00,0
417mag.com,0,1,29004,44797,23792.00,1
feinternational.com,0,16,2235,3067,8846.00,1
kingstanband.com,0,1,4,13,0.00,0
femalestartupclub.com,0,1,1195,1451,1376.00,0
ccc.tc,0,1,284,51,0.00,0
hn.cl,0,1,73,48,57.00,0
embrace.io,0,2,1324,1550,3574.00,38
mnadigital.co.uk,0,1,212,647,245.00,0
fotoparalinkedin.com,0,1,5,1,0.00,0
registry.google,0,3,3771,3015,28298.00,0
northbaytire.ca,0,1,93,119,216.00,0
rewritebar.com,0,5,4533,5155,1123.00,0
push.fm,0,2,10972,4991,4095.00,0
aboutssl.org,0,10,3096,454,1045.00,0
ninox.com,0,10,633,959,7809.00,1
quikbox.com,0,9,3448,160,29.00,0
promevo.com,0,1,2953,1806,28043.00,96
jasonbarnard.com,0,2,1393,1777,347.00,0
intelcapital.com,0,1,1023,1812,4396.00,0
wp2see.com,0,1,12,1,0.00,0
pb-iplaw.com,0,1,167,61,24.00,0
erotocca.com,0,1,1,0,0.00,0
grupovansur.com,0,1,16,5,11.00,0
sortlist.fr,0,3,4187,4710,3460.00,0
wordunscrambler.net,0,1,825063,741826,494173.00,0
accuratestaging.com,0,1,143,471,2438.00,0
wpgeodirectory.com,0,17,876,3488,6157.00,6
10gbhosting.com,0,3,1113,59,112.00,0
expeditedsecurity.com,0,3,345,207,160.00,0
clark.com,0,1,196045,99705,397633.00,0
mayoresconectados.com.ar,0,1,160,89,10.00,0
keepknown.com,0,2,196,88,3.00,0
brokenlinkcheck.com,0,4,738,9955,53042.00,0
giac.org,0,1,7796,25404,73578.00,0
skitti.sh,0,1,273,0,0.00,0
cloudtweaks.com,0,2,2251,307,915.00,0
host-tracker.com,0,10,2583,3662,10931.00,0
joomlatowp.com,0,4,27,7,32.00,0
endurtech.com,0,4,1612,844,590.00,0
wpconsults.com,0,6,122,88,34.00,0
everhour.com,0,18,40993,22401,28452.00,0
disruptivos.com,0,1,86,18,11.00,0
totaluptime.com,0,1,1029,340,1658.00,0
httpducks.com,0,1,17,5,0.00,0
getsharex.com,0,8,2332,28177,23546.00,0
dutable.com,0,1,863,85,192.00,0
divd.nl,0,1,66,86,0.00,0
cewing.github.io,0,2,37,2,5.00,0
formgent.com,0,1,214,20,62.00,0
techtudo.com.br,0,15,24847,18377,4982.00,0
interfaceingame.com,0,1,2494,6169,3401.00,0
similarweb.com,0,110,195033,1295621,1704765.00,2271
necesitascontenido.com,0,1,12,5,0.00,0
tinyseo.com,0,1,1584,2910,5462.00,0
dbgate.io,0,1,584,508,1710.00,0
getsol.us,0,11,1780,5490,1092.00,0
justinferriman.com,0,1,61,51,0.00,0
synergy-marketing.co.jp,0,2,331,356,801.00,1
fahdshariff.blogspot.com,0,1,51,0,0.00,0
formaloo.com,0,2,6183,1616,1866.00,0
accio.com,0,1,2021940,95326,122617.00,201
st-andrews.ac.uk,0,7,65668,188456,91244.00,4
endeavouros.com,0,12,13966,35139,22750.00,0
datacadamia.com,0,1,7023,78,74.00,0
adsforcarts.com,0,1,247,35,4.00,0
madnight.github.io,0,1,119,176,193.00,0
builder.io,0,4,12425,28728,161989.00,397
peregrinehealthcare.com,0,3,1568,1090,8054.00,0
nhm.ac.uk,0,1,273958,1577555,833459.00,21
wpmarks.com,0,1,72,0,0.00,0
techmonitor.ai,0,3,16193,8952,11667.00,0
carmatec.com,0,1,5557,2123,3633.00,0
webtng.com,0,3,166,57,123.00,0
datarade.ai,0,2,18473,8990,49905.00,0
lscreativeagency.com,0,1,33,12,155.00,0
digitalwebsolutions.com,0,15,10124,3069,15755.00,14
unicah.edu,0,4,410058,93875,131526.00,0
wp-kama.ru,0,11,532,85,14.00,0
kyoto-u.ac.jp,0,1,10777,24845,6094.00,0
iozoom.com,0,1,988,422,2325.00,0
digitad.ca,0,1,1443,1279,4394.00,0
jksdigital.in,0,1,261,10,27.00,0
faitesbougervosid.com,0,2,21,0,0.00,0
gowestit.com,0,1,262,152,1101.00,0
ietf.org,0,17,24771,79524,168123.00,10
inoma.nl,0,1,65,59,0.00,0
seamediainc.com,0,1,95,0,0.00,0
atentus.com,0,1,40,0,0.00,0
lovarank.com,0,4,537,160,949.00,0
forthepeople.com,0,1,250778,813058,37839785.00,6061
brainly.com.br,0,1,51085,10767,2959.00,0
test-english.com,0,1,25663,76193,60351.00,2
techerati.com,0,1,1121,184,66.00,0
coderspace.io,0,3,3817,3338,19410.00,0
macobserver.com,0,42,224256,42206,21068.00,0
impressivewebs.com,0,2,674,248,61.00,0
codemag.com,0,3,3292,4645,6501.00,0
hover.blog,0,2,1374,681,1288.00,0
uvm.edu,0,2,170979,402505,614873.00,2
wptechy.co.uk,0,1,35,0,0.00,0
scopehosts.com,0,1,361,37,103.00,0
stvisual.com,0,1,2,0,0.00,0
reclaim.cloud,0,1,7,1,0.00,0
mha.azurewebsites.net,0,1,211,4329,6430.00,0
joinsecret.com,0,1,11539,7872,26550.00,2
rafarjonilla.com,0,5,284,22,18.00,0
areatecnologia.com,0,8,1031,248,104.00,0
brickstemplates.io,0,1,74,0,0.00,0
freeconvertimage.com,0,1,530,542,266.00,0
friendlycenter.com,0,1,7194,24180,59479.00,0
planethoster.live,0,1,18,3,21.00,0
next7it.com,0,15,5774,1585,3373.00,0
miwallcorp.com,0,1,8205,13705,454.00,0
webceo.com,0,89,4364,6082,41664.00,0
stacher.io,0,1,272,13124,13494.00,0
eclipse-online.com,0,1,1030,435,1139.00,6
rushax.com,0,3,570,163,93.00,0
krebsonsecurity.com,0,1,9254,18547,75686.00,0
ccdcoe.org,0,1,1635,3604,3780.00,0
newsdata.io,0,2,3377,3677,4312.00,47
ruckuswireless.com,0,4,6455,8471,9914.00,0
cisa.gov,0,12,101200,807675,5422819.00,0
startupgeeks.it,0,1,284,98,15.00,0
mxtoolbox.com,0,46,35125,279835,404289.00,72
hallam.agency,0,4,3079,2009,2399.00,0
dexville.agency,0,1,1,0,0.00,0
seafile.com,0,2,934,3862,574.00,0
webgator.com.au,0,2,70,2,0.00,0
amotinadas.blogspot.com,0,1,3,0,0.00,0
invenglobal.com,0,2,27292,25139,6619.00,0
ma.tt,0,1,472,1440,64.00,0
apkmirror.com,0,3,234556,354175,312614.00,0
itjones.com,0,2,2732,1220,21690.00,7
getcraver.com,0,4,1932,963,3741.00,38
connective3.com,0,1,458,447,110.00,0
windowsphoneinfo.com,0,10,20311,4996,1910.00,0
wppasswordpolicy.com,0,3,248,737,6.00,0
securityweek.com,0,9,44064,135213,309891.00,0
hostdime.la,0,1,35,0,0.00,0
piperhaywood.com,0,4,325,81,13.00,0
slrlounge.com,0,3,34065,43113,24960.00,0
uptradeit.com,0,2,20350,64884,31495.00,0
elavon.com,0,1,10418,44286,417428.00,0
the.hosting,0,4,3875,597,1334.00,0
uxcontent.com,0,1,929,1608,2966.00,0
mashable.com,0,30,2108605,8570953,4985610.00,2
thalamushq.ai,0,2,199,13,1.00,0
fandom.com,0,153,81673642,224840061,57201537.00,0
daytona.io,0,1,878,1953,8962.00,0
wpdataaccess.com,0,2,92,36,47.00,0
localimpact.com,0,1,2946,231,1682.00,1
musthavemenus.com,0,1,18175,51298,52657.00,14
dyntube.com,0,1,157,126,9.00,0
hostpartnerzone.com,0,2,46,0,0.00,0
matthewedgar.net,0,2,890,315,289.00,0
oppaca.com,0,1,1920,1268,980.00,0
searchenginemagazine.com,0,3,7350,647,1031.00,0
online-journals.org,0,1,332,266,99.00,0
targetedwebtraffic.com,0,1,541,1765,10955.00,0
utexas.edu,0,14,1053739,4226995,7046681.00,746
canto.com,0,20,13113,36878,175957.00,466
fgv.or.cr,0,1,7,0,0.00,0
amnic.com,0,1,3658,1518,9537.00,0
vntweb.co.uk,0,1,394,80,68.00,0
pixeltable.com,0,1,338,137,140.00,3
thetechplatform.com,0,1,2873,20,7.00,0
nngroup.com,0,33,54469,280076,674656.00,34
ibeamconsulting.com,0,3,3078,1924,6594.00,0
omnicoreagency.com,0,1,2451,292,762.00,0
bluehillsdigital.com,0,1,744,32,60.00,0
ping-test.net,0,1,1365,25859,54498.00,0
myposeo.com,0,7,171,51,0.00,0
seosmarty.com,0,1,189,32,8.00,0
promositalia.com,0,2,139,77,56.00,0
cyberin.in,0,1,375,85,327.00,0
sublime-text-unofficial-documentation.readthedocs.io,0,1,30,6,0.00,0
tank.co.uk,0,1,356,243,401.00,0
mightycausefoundation.org,0,1,333,251,1156.00,0
mtekk.us,0,1,54,44,117.00,0
pcrisk.com,0,55,51767,78100,71122.00,0
content-science.com,0,2,1280,1774,5762.00,0
halpas.com,0,2,132,16,0.00,0
trantorinc.com,0,5,2107,472,1060.00,0
gigamon.com,0,10,3628,7930,52837.00,0
ipfly.net,0,4,5651,6537,10112.00,0
sitest.jp,0,1,45,3,0.00,0
manatal.com,0,4,39717,17047,63154.00,23
smtp2go.com,0,29,3163,13393,22352.00,56
mailazy.com,0,2,789,374,549.00,0
avanderlee.com,0,1,1466,1799,692.00,0
cosmic.media,0,1,2,0,0.00,0
simplydg.com,0,3,72,6,36.00,0
poorlittleitgirl.com,0,1,11411,25561,11676.00,0
csdesignstudios.com,0,4,5783,14358,86247.00,0
kent.house,0,1,23,4,0.00,0
inspector.dev,0,4,736,257,221.00,0
mammoth.solutions,0,1,40,0,0.00,0
corner10creative.com,0,1,35,17,4.00,0
ciberprotector.com,0,1,78,52,52.00,0
shufflehound.com,0,6,135,112,174.00,0
ceupe.mx,0,2,1000,231,153.00,0
valuehost.com.br,0,5,263,22,36.00,0
lingojam.com,0,17,121358,1385037,905053.00,0
mikestreety.co.uk,0,1,227,131,102.00,0
thewordcracker.com,0,1,351,170,49.00,0
senuto.com,0,1,1826,847,1505.00,0
pandia.com,0,1,25235,1547,3130.00,0
spanishdict.com,0,18,4980609,11572251,10382656.00,0
gladly.ai,0,3,4851,4173,37885.00,50
mage-people.com,0,2,322,128,346.00,0
usa.gov,0,13,1234021,6412220,13076204.00,0
mikksanetwork.com,0,1,150,5,21.00,0
fast.io,0,6,7226,4162,12616.00,0
cpal.edu.pe,0,3,56725,274639,305678.00,0
jsr.io,0,1,1051,1938,767.00,0
wployalty.net,0,1,3110,7188,2156.00,0
endoflife.date,0,77,22795,55413,103920.00,0
nira.com,0,4,23331,14829,23585.00,0
revealer.us,0,1,100,1807,5135.00,0
aquent.com.au,0,1,229,250,16.00,0
lhr-law.de,0,1,127,51,162.00,0
secretstache.com,0,1,259,80,103.00,0
mountainrhythmcollective.com,0,1,6,1,0.00,0
violencepreventionwales.co.uk,0,1,11506,4781,2128.00,0
switcherstudio.com,0,2,5210,6688,9290.00,22
namesilo.com,0,25,11970,29184,157524.00,0
acosta.com,0,1,1657,20597,98420.00,0
cloudinfrastructureservices.co.uk,0,10,11981,983,3043.00,0
purecode.ai,0,9,7347,768,1491.00,0
lehighvalleychamber.org,0,1,23629,25992,34901.00,0
hachettebookgroup.com,0,1,140137,328960,154229.00,24
managemytraffic.com,0,1,351,384,7.00,0
nielsen.com,0,1,24639,127104,245304.00,213
scanitex.com,0,2,1992,412,849.00,0
onlizer.com,0,1,1783,745,1790.00,0
commonslibrary.parliament.uk,0,1,65926,151221,57508.00,0
growthhuntr.com,0,1,5,0,0.00,0
api.video,0,2,4779,8411,11339.00,0
usna.edu,0,2,62685,274612,1064336.00,0
harperjames.co.uk,0,4,6217,2393,3125.00,0
level.agency,0,1,2397,4026,25382.00,2
propphy.com,0,1,1811,832,1078.00,0
crowdfavorite.com,0,1,184,181,412.00,0
cafwhosting.com,0,1,26,0,0.00,0
mediaexplosioninc.com,0,3,137,106,0.00,0
jboss.org,0,1,1621,1071,1978.00,0
metarouter.io,0,1,545,1523,2976.00,5
kandccreative.com,0,1,48,0,0.00,0
clickin.dk,0,1,604,111,309.00,0
twinkl.co.in,0,1,7457,45080,32748.00,0
nwsdigital.com,0,5,1682,1189,3686.00,0
themailx.com,0,1,660,129,107.00,0
xsquare.com.sg,0,1,261,18,3.00,0
ku.ac.ae,0,3,1660,6169,322.00,0
softwaretestinghelp.com,0,6,112781,29166,40470.00,0
zeronet.co.nz,0,3,655,100,125.00,0
affilorama.com,0,1,1279,404,631.00,0
seostar.es,0,1,25,4,0.00,0
virtru.com,0,3,6632,11427,68110.00,1026
moderntribeagency.com,0,1,153,1164,831.00,0
binarycarpenter.com,0,1,192,47,6.00,0
instatus.com,0,1,21105,20933,19865.00,2
raspberrypi-guide.github.io,0,3,1203,616,130.00,0
websavvymarketers.com,0,1,102,14,3.00,0
sedatasolutions.io,0,2,483,31,45.00,0
vietseo.com,0,2,167,28,21.00,0
wikipedia.org,0,3549,171567148,1590920766,1234511601.00,2
techrepublic.com,0,49,186299,66736,230896.00,0
anynines.com,0,7,584,176,3543.00,0
easydiywp.com,0,1,7,0,0.00,0
morgandigital.co.uk,0,1,124,18,23.00,0
php.watch,0,26,2042,5058,1800.00,0
freepik.com,0,7,907502,471653,90603.00,0
mailersend.com,0,19,5872,11017,70852.00,98
bminfotrade.com,0,2,1882,316,2413.00,0
marketinglibelula.com,0,1,17,12,0.00,0
murreagency.com,0,6,525,6,61.00,0
marcbrandner.com,0,1,39,11,7.00,0
goodbarber.com,0,19,4544,8972,55536.00,41
lyquix.com,0,2,118,80,259.00,0
rymportatiles.com.pe,0,1,629,1215,676.00,0
wpromote.com,0,2,4413,7318,61994.00,83
infoblox.com,0,3,8157,23561,64980.00,8
peakpx.com,0,1,520137,1033786,205139.00,0
discoplugin.com,0,1,221,0,0.00,0
expandi.io,0,6,7593,14634,29759.00,84
ink-studio.com.mx,0,3,28,23,2.00,0
penninetechnolabs.com,0,4,693,270,972.00,0
eventticketscenter.com,0,1,927041,443900,323715.00,7181
transform.codes,0,1,4,0,0.00,0
whello.com,0,1,42,157,1215.00,0
aboutus.com,0,2,1329,1538,3951.00,0
color-hex.com,0,6,366381,1042298,541494.00,0
knowband.com,0,1,3765,4028,2187.00,0
tristatetechnology.com,0,1,1553,212,1593.00,0
msclusters.com,0,1,444,31,99.00,0
cast.ai,0,2,3085,4955,71400.00,209
postermywall.com,0,6,457224,785221,556514.00,132
builtinseattle.com,0,3,16470,60573,132582.00,0
cloudinary.com,0,100,92286,180936,207197.00,97
tycsports.com,0,1,161800,208712,111283.00,0
data.europa.eu,0,2,10194,39980,84359.00,0
ai-souken.com,0,1,601,98,1255.00,0
babelstreet.com,0,1,1643,4988,12133.00,17
appblock.app,0,15,4760,8400,9958.00,0
cantonrep.com,0,1,99957,195862,695733.00,0
growth-memo.com,0,1,504,657,1259.00,0
measuremindsgroup.com,0,1,1849,455,4086.00,0
imaginativethinking.ca,0,2,134,39,25.00,0
storeleads.app,0,2,2385,2221,16070.00,0
websitelearners.com,0,1,735,62,275.00,0
w-shadow.com,0,1,145,91,9.00,0
bluehostholdings.com,0,1,17,4,0.00,0
daniaustin.com,0,4,491,1020,630.00,0
bitovi.com,0,1,621,542,4934.00,0
beesboost.com,0,1,130,58,5.00,0
wp-premium.org,0,1,250,1,0.00,0
devrant.com,0,2,1409,2965,176.00,0
kickstartseo.co.uk,0,1,88,41,494.00,0
obodizhu.com,0,1,13,7,0.00,0
zzztube.com,0,1,12665,107508,41029.00,0
searchxpro.com,0,1,1511,3740,25085.00,0
d-libro.com,0,2,2654,929,664.00,0
pc.net,0,1,21529,2892,755.00,0
arkansasonline.com,0,1,85495,139816,67421.00,0
dealfuel.com,0,10,8813,3380,8932.00,0
poweredbysearch.com,0,1,2627,1905,13458.00,0
anto.online,0,1,544,40,0.00,0
seologist.com,0,3,2595,220,780.00,0
cloudmarket.com.br,0,1,84,0,0.00,0
expressnews.com,0,2,242394,329716,210644.00,5
losangelescriminallawyer.pro,0,1,28032,86051,480951.00,0
mexicowordpress.com,0,1,11,16,0.00,0
ipvanish.com,0,20,27902,67075,691477.00,121
naplab.com,0,3,63410,451215,1756705.00,0
advesa.com,0,3,818,13,20.00,0
elitedigitalmarketing.ca,0,1,810,0,0.00,0
dandelionwebdesign.com,0,3,153,30,113.00,0
redirectchecker.io,0,2,74,4,4.00,0
oshyn.com,0,8,1096,1492,21635.00,28
kineticwizard.com.na,0,11,21,86,378.00,0
flowninja.com,0,34,2483,2341,10355.00,0
drivereasy.com,0,19,109618,51133,51476.00,125
camelonta.se,0,1,41,6,0.00,0
6figr.com,0,1,54258,32196,72976.00,0
techforceservices.com,0,2,2298,503,3426.00,0
amlegal.com,0,1,218413,199337,144511.00,0
mass.gov,0,10,1632021,6019077,9205281.00,3
erau.edu,0,7,62176,313763,874003.00,211
fastwebhost.in,0,2,1521,640,2075.00,0
seocheckin.com,0,2,413,38,142.00,0
locahl.app,0,3,226,0,0.00,0
genotipo.com,0,1,30,3,0.00,3
whereami.com,0,1,216,3863,76.00,0
structuredabstraction.com,0,1,13,3,3.00,0
bls.gov,0,10,611473,3961040,12358366.00,0
helgeklein.com,0,10,1178,1208,241.00,0
up.gov.in,0,1,27577,62776,69176.00,0
safenotscammed.com,0,5,224,117,10.00,0
cyberhaven.com,0,1,4750,7635,223090.00,92
fatbit.com,0,1,4310,863,3652.00,24
iriartec.com,0,1,3,0,0.00,0
constant-content.com,0,1,2562,2395,5660.00,0
iba-dosimetry.com,0,4,550,669,325.00,0
beeceptor.com,0,82,2363,4436,12670.00,0
ashleysheridan.co.uk,0,1,80,90,4.00,0
attrock.com,0,1,6053,1173,6121.00,0
nomar.dev,0,2,7,0,0.00,0
ecdb.com,0,2,4178,3420,5026.00,8
auslogics.com,0,10,45250,7803,6260.00,0
shoutem.com,0,1,2609,1874,4464.00,0
ingeniumweb.com,0,1,1892,47,177.00,0
wp-document-revisions.github.io,0,1,1,0,0.00,0
wadax.ne.jp,0,6,40,13,0.00,0
iping.cc,0,1,45,118,208.00,0
alchemer.com,0,2,13617,25071,250174.00,1085
steveshank.com,0,1,948,114,270.00,0
backlinko.com,0,99,93955,88629,361042.00,0
centron.de,0,15,7315,1800,362.00,0
identixweb.com,0,1,5604,908,1525.00,0
wpcrafter.com,0,12,1919,870,1029.00,0
proximus.be,0,2,2983,5025,4517.00,0
theorgchart.com,0,1,5559,10841,53367.00,125
alloysoftware.com,0,1,4394,3082,19865.00,0
valveandmeter.com,0,2,3309,3188,38715.00,0
dioveo.com,0,6,52,6,0.00,0
workana.com,0,2,9500,15725,27856.00,7
handwritingforkids.com,0,1,2300,5627,199.00,0
grabz.it,0,1,714,990,2115.00,0
sony-latin.com,0,1,12723,8081,1333.00,0
cloudfresh.com,0,3,3238,1011,4996.00,0
thehistoryoftheweb.com,0,1,1207,2740,926.00,0
heraldbee.com,0,1,51,5,0.00,0
thecoolhour.com,0,1,62509,19476,11723.00,0
expressvpn.com,0,68,111703,649582,671922.00,3042
onesearchpro.my,0,1,758,119,43.00,0
netreputation.com,0,2,12490,4113,53050.00,0
gigasheet.com,0,8,8876,5959,14029.00,6
ipstack.com,0,1,4274,4739,7142.00,4
pantheon-legal.com,0,1,790,35817,89970.00,0
netbrain.es,0,1,6,0,0.00,0
csuglobal.edu,0,1,23369,94586,654579.00,2419
fleecefun.com,0,10,7852,7893,1367.00,0
datarecrutement.fr,0,1,16,24,0.00,0
undetectable.io,0,18,8043,28152,34684.00,0
ricoh.es,0,1,302,33,129.00,0
best.cam,0,3,1123,4222,807.00,0
shipaid.com,0,2,12199,2417,2708.00,0
jamf.com,0,39,38288,62867,841843.00,264
underscorejs.org,0,1,279,5144,4386.00,0
mavis.com,0,1,379521,1163435,1548582.00,1
forum.wixstudio.com,0,12,5580,2025,6124.00,0
ammosquared.com,0,1,2801,17767,1062.00,0
chmouel.com,0,1,17,20,0.00,0
demiplane.com,0,1,41985,65323,15660.00,27
wearetg.com,0,2,7887,58950,737933.00,40
pcrbusiness.com,0,1,1770,509,1445.00,0
vgm.com,0,1,2215,2442,3381.00,0
artphotolimited.com,0,1,22192,52972,13729.00,3
hybridxperience.com,0,1,11,32,0.00,0
nerade.com,0,1,105,2,0.00,0
locallhost.me,0,10,786,7961,7668.00,0
experian.co.uk,0,5,23734,67724,226570.00,0
bytagig.com,0,4,6094,1350,2153.00,0
multilingualpress.org,0,22,295,218,761.00,0
reviewsremovalservice.com,0,1,85,0,0.00,0
10015.io,0,1,4831,18109,5666.00,0
earlybird.club,0,2,13126,7931,3905.00,0
liftedwebsites.com,0,1,2225,819,8558.00,0
myworkdrive.com,0,12,2489,3077,25344.00,0
linkedhelper.com,0,20,6322,55329,44757.00,13
oryon.net,0,7,3396,783,266.00,0
onlinegdb.com,0,1,9491,109194,340423.00,0
promart.pe,0,1,12951,21678,5363.00,0
digacore.com,0,6,4829,12160,36035.00,0
saasant.com,0,3,21365,6318,50937.00,0
codeigniter.org.cn,0,1,11,0,0.00,0
francescatabor.com,0,1,907,275,407.00,0
itcroc.com,0,1,35,1,0.00,0
juanmerodio.com,0,1,518,63,20.00,0
simpleanalytics.com,0,8,2345,36028,208717.00,0
optimizerwp.com,0,1,239,17,61.00,0
nv.gov,0,1,435127,1955213,2301804.00,4
easyname.com,0,1,981,144,650.00,1
profitworks.ca,0,1,606,211,340.00,0
radixweb.com,0,28,20999,5312,67853.00,0
upmvc.com,0,1,4,0,0.00,0
blauwemonsters.nl,0,2,171,238,58.00,0
offerzen.com,0,1,1426,1079,4378.00,0
coreit.se,0,1,82,10,0.00,0
inter-dev.co.il,0,3,103,75,0.00,0
it-connect.fr,0,1,5280,599,1029.00,0
ovipanel.in,0,2,113,5,0.00,0
wodexweb.com,0,1,144,48,29.00,0
ccbill.com,0,59,9725,18883,95726.00,0
chenxing.space,0,2,182,52,0.00,0
thecmsplace.com,0,1,61,1,3.00,0
mobills.com.br,0,1,4820,4355,1692.00,0
rbth.com,0,1,25371,15493,1065.00,0
sony.co.uk,0,1,41672,32010,13980.00,2
123-reg.co.uk,0,23,3187,9425,29146.00,19
fireplugins.com,0,8,301,72,84.00,0
emailexpert.com,0,1,970,490,686.00,0
rtfm.co.ua,0,1,572,179,60.00,0
consumeraffairs.com,0,1,586802,461608,1973327.00,492
learnwebanalytics.com,0,1,124,68,28.00,0
digitaldigging.org,0,1,1060,9987,6127.00,0
torrentfreak.com,0,1,17928,59729,6319.00,0
adaptavist.com,0,4,3352,2450,7646.00,31
mxhero.com,0,1,191,250,868.00,0
job-hunt.org,0,2,11101,3778,3063.00,0
10comwebdevelopment.com,0,3,4049,16998,143124.00,0
npgsql.org,0,1,426,852,3107.00,0
indexjump.com,0,2,1019,811,3055.00,0
character.ai,0,1,83538,2177986,151576.00,199
hltv.org,0,1,118815,575523,1464691.00,0
channelcrawler.com,0,4,2234,3594,5071.00,14
prisma.io,0,19,8902,24581,82457.00,0
glthemes.com,0,21,284,94,430.00,0
commercepundit.com,0,28,1785,2580,19554.00,0
xahlee.info,0,3,11010,15451,16168.00,0
sam-solutions.com,0,8,6043,3090,13526.00,0
screenstepslive.com,0,8,41387,99311,55511.00,0
reveliolabs.com,0,2,20584,37961,60072.00,2
xrilion.com,0,2,744,431,11.00,0
fuzzyblog.io,0,18,678,134,25.00,0
dmarcian.com,0,3,3959,17037,35314.00,17
reviversoft.com,0,16,16364,18452,48810.00,14
organizedthemes.com,0,2,220,94,212.00,0
it-maniacs.com,0,1,945,936,814.00,0
austinpremierstaginganddesign.com,0,1,41,0,0.00,0
implecode.com,0,1,107,7,8.00,0
hexmos.com,0,2,12891,4901,368.00,0
saveporn.net,0,1,9413,76579,20729.00,0
audits.com,0,2,336,1000,783.00,0
listcrawler.date,0,6,2322,4133,4958.00,0
canhost.ca,0,1,368,20,18.00,0
gmays.com,0,1,74,60,97.00,0
primer.style,0,1,813,852,1199.00,0
simplemachines.org,0,1,186,1485,50.00,0
hoist.digital,0,2,733,137,1024.00,0
salesforce-sites.com,0,10,104524,142932,326961.00,2
altalingua.es,0,1,255,305,104.00,0
gamejolt.com,0,1,154715,640073,588120.00,0
codeworks.me,0,3,1335,2103,4413.00,0
softwarecontractsolutions.com,0,1,440,59,7.00,0
rss.app,0,5,6764,14754,19075.00,1
buildkite.com,0,1,3353,8932,40626.00,0
typescriptlang.org,0,12,11611,51016,66697.00,0
hexabase.com,0,4,92,214,1104.00,0
switchingtomac.com,0,5,47586,3919,1048.00,0
organicmediagroup.co,0,1,5,6,0.00,0
brandyhq.com,0,1,4972,11737,13212.00,0
attie.co.uk,0,1,207,1,0.00,0
listcrawlers.org,0,1,13,0,0.00,0
liaox.ai,0,1,10,69,408.00,0
fatgraphs.com,0,2,76,45,188.00,0
growthassistant.com,0,1,314,160,1279.00,18
wp-intranet.com,0,2,15,0,0.00,0
esofttools.com,0,1,9392,498,219.00,0
egao21.com,0,1,43,203,0.00,0
directadmin.com,0,13,1557,1794,6218.00,0
alueducation.com,0,1,1715,3623,9641.00,0
fire-insights.readthedocs.io,0,1,118,29,0.00,0
limetta.se,0,2,145,98,0.00,0
uvmcollab.org,0,1,35,1,0.00,0
designspartans.com,0,8,538,144,1018.00,1
freightamigo.com,0,2,69478,21426,20472.00,58
mcbrayerfirm.com,0,1,5152,2927,27475.00,0
quora.com,0,6720,69813648,79914098,58218667.00,0
shopizer-ecommerce.github.io,0,1,2,0,0.00,0
serverwatch.com,0,2,8149,2939,10043.00,0
dhgate.com,0,5,1748410,898364,486235.00,210
mikas-hundephysio.de,0,1,2343,48,12.00,0
ragic.com,0,1,924,792,2906.00,2
imab.dk,0,1,264,60,39.00,0
euhost.co,0,1,51,4,0.00,0
webhostblog.al,0,1,2,0,0.00,0
ifeeltech.com,0,2,5765,4337,9945.00,0
littonlegal.com.au,0,3,485,4297,50971.00,0
leadfeeder.com,0,7,13628,15130,169825.00,18
runconvert.com,0,1,629,292,160.00,0
geeksforless.com,0,2,1851,738,9417.00,0
mynissanleaf.com,0,1,4630,3119,1570.00,0
jeremyhickman.co.uk,0,1,165,258,2829.00,0
hide.mn,0,1,3995,20400,14213.00,10
smithysoft.com,0,2,246,3,0.00,0
plantprogramer.com,0,1,6,0,0.00,0
whatwpthemeisthat.com,0,39,499,2386,4822.00,0
growjo.com,0,3,97687,21874,30802.00,0
mma.gob.cl,0,1,1741,1321,414.00,0
isdecisions.com,0,1,3157,2997,22467.00,110
piunikaweb.com,0,1,6227,1726,536.00,0
kishansavaliya.com,0,1,231,2,0.00,0
ipfire.org,0,1,3204,4813,18675.00,0
otterdev.io,0,1,9,2,0.00,0
inmarket.com,0,1,506,3071,31535.00,5
swtorista.com,0,3,15657,22897,1512.00,0
leomenendez.com,0,2,3,1,0.00,0
apassionatechie.wordpress.com,0,1,30,5,0.00,0
marketresearchfuture.com,0,1,45544,73157,27087.00,8
ruby.tw,0,4,137,10,0.00,0
thedigitalx.net,0,1,207,10,0.00,0
themedetect.com,0,12,386,544,272.00,0
qr-code.io,0,1,2213,3329,4309.00,164
ironscales.com,0,1,5564,9263,83402.00,85
game.co.za,0,1,2304,10032,4097.00,2
webreference.com,0,2,4995,460,925.00,0
lineicons.com,0,1,1097,1285,1591.00,0
moveaheadmedia.com.au,0,4,261,20,17.00,0
digitalunite.com,0,2,20314,21626,30337.00,0
unitedthemes.com,0,2,67,47,45.00,0
webkit.org,0,28,2995,3585,3462.00,0
somoswoko.com,0,2,273,37,69.00,0
zuplo.com,0,13,3506,3510,15609.00,0
thepythoncodingstack.com,0,4,967,6486,2815.00,0
softorino.com,0,1,23699,106017,72034.00,0
soldevelo.com,0,1,364,241,451.00,7
agencydashboard.io,0,2,4384,1726,10617.00,0
paintshoppro.com,0,16,3936,17237,23417.00,42
go4hosting.in,0,11,3004,1260,1541.00,0
2go.com,0,2,11989,15168,165572.00,0
vscode-docs1.readthedocs.io,0,7,297,4,0.00,0
gettectonic.com,0,1,3659,291,756.00,0
feedbird.com,0,4,7524,23716,17473.00,2
airfocus.com,0,6,20594,38331,77268.00,261
tophost.md,0,1,81,1,4.00,0
tuanalistadigital.com,0,1,21,1,3.00,0
n-able.com,0,35,26163,30453,533507.00,1077
andpossiblydinosaurs.com,0,1,398,307,90.00,0
c-sharpcorner.com,0,19,81908,20424,17201.00,0
sessioninteractive.com,0,1,709,262,3382.00,0
testcontainers.com,0,1,277,2021,25906.00,0
shiftasia.com,0,6,3387,7080,31664.00,0
portainer.io,0,4,4012,21143,130740.00,85
thetokendispatch.com,0,1,220,88,0.00,0
jitsu.com,0,1,135,189,540.00,0
netz-gaenger.de,0,1,106,38,0.00,0
connectify.me,0,1,7564,9083,12348.00,0
inspiredinsider.com,0,1,499,343,1439.00,0
nih.gov,0,16,31242626,107551269,125336085.00,0
simplifiedelearning.in,0,1,166,42,24.00,0
dealhub.io,0,3,39198,99558,423193.00,75
mediapost.com,0,6,47317,46413,76756.00,0
mediawiki.org,0,2,6818,11533,16472.00,0
virtualbox.org,0,1,26863,174019,523853.00,0
designmywebsite.ie,0,1,150,4,11.00,0
appsamurai.com,0,1,2674,1658,11884.00,0
seobility.net,0,220,39541,315555,1222426.00,0
domainmarktplatz.ch,0,1,5,0,0.00,0
sluh.org,0,1,2600,10218,10816.00,0
fifty-five-plus.com,0,1,1204,702,186.00,0
writersdigest.com,0,1,72128,216029,115478.00,0
saucal.com,0,24,572,88,475.00,0
elpythonista.com,0,4,88,37,27.00,0
gravitec.net,0,11,3000,1754,2525.00,0
withdigital.uk,0,2,160,24,30.00,0
bluecrossma.org,0,1,25863,227525,353035.00,0
dticreative.com,0,1,892,172,448.00,0
distrokid.com,0,1,15634,252385,325777.00,1075
crossfire-net.blogspot.com,0,1,6,0,0.00,0
ucla.edu,0,2,1005224,3611424,5748282.00,182
reflectioncreativemedia.com,0,2,95,124,76.00,0
mrloom.com,0,1,24,4,0.00,0
upgrowth.in,0,1,4285,1565,7765.00,0
bionicwp.com,0,3,129,190,1291.00,0
tldbee.com,0,4,295,50,246.00,0
nest-simulator.readthedocs.io,0,2,79,19,10.00,0
firsty.app,0,1,3660,4256,6496.00,0
theblogsmith.com,0,1,1769,1141,7275.00,0
vcsolutions.com,0,2,3532,839,2586.00,0
lolipop.jp,0,3,502,756,209.00,0
androidayuda.com,0,1,12643,1076,725.00,0
designweb.co.uk,0,1,57,12,6.00,0
pixartprinting.es,0,1,1806,3236,1031.00,0
tomba.io,0,71,5340,8628,20625.00,2
magicbrief.com,0,1,6310,1796,14845.00,0
serviceuptime.com,0,1,248,121,665.00,0
askdesign.biz,0,1,416,101,77.00,0
whydonate.com,0,14,8978,4355,18580.00,340
kainspired.com,0,1,276,261,109.00,0
oliveiraweb.com.br,0,1,22,0,0.00,0
safewise.com,0,1,68317,89070,115741.00,6
hughsviewsandnews.com,0,5,334,253,388.00,0
more-fire.com,0,1,458,531,49.00,0
awesomehub.js.org,0,3,270,61,43.00,0
baritechsol.com,0,1,1095,7,71.00,0
plugin-alliance.com,0,5,5523,30224,23073.00,1
techreviewer.co,0,5,11584,8956,112411.00,0
saleslayer.com,0,2,3724,3030,33145.00,0
mrcoles.com,0,1,1161,1654,912.00,0
artefacta.com,0,2,494,619,173.00,0
forms.app,0,6,26196,9803,26527.00,15
brandandwebdesigns.com,0,5,149,6,28.00,0
sorairu.co.jp,0,1,5,0,0.00,0
uncannyowl.com,0,1,157,183,185.00,0
funnelkit.com,0,20,2527,1441,4470.00,9
ovhcloud.com,0,99,46312,161087,935197.00,1358
paymentreview.com,0,1,234,48,368.00,0
platform.sh,0,5,267,527,239.00,0
everdata.com,0,2,396,106,415.00,0
fortra.com,0,11,36870,51566,324067.00,628
youcanwp.com,0,12,227,0,0.00,0
digitalnomadshq.com.au,0,2,4405,2679,3513.00,0
european-alternatives.eu,0,15,1961,6227,17638.00,0
puromarketing.com,0,1,883,437,722.00,0
netfoundry.io,0,1,409,474,5761.00,0
codeandcore.com,0,2,301,154,563.00,0
joincrawler.com,0,1,288,551,711.00,0
memberful.com,0,2,1572,5476,10233.00,2
dialpad.com,0,6,83114,773849,2413933.00,1162
searchreplaceplugin.com,0,2,21,0,0.00,0
greenriver.edu,0,1,22898,72608,367272.00,0
instantunblock.com,0,16,2393,3630,5502.00,0
codelearn.es,0,1,96,66,195.00,0
talks.co,0,2,6194,4331,2970.00,0
dt-verse.com,0,1,6,0,0.00,0
motionelements.com,0,36,11064,14469,8332.00,2
seo-dash.net,0,3,11,59,0.00,0
catchthemes.com,0,13,560,317,493.00,0
independent-photo.com,0,1,8025,28203,21959.00,3
canetascrown.com.br,0,3,25,102,29.00,0
margaretbourne.com,0,3,2566,1896,502.00,0
rabbitstream.net,0,1,4,3,0.00,0
evolveauthoring.com,0,1,561,369,195.00,0
cubithost.com,0,1,289,1,2.00,0
eazywalkers.com,0,3,381,12,30.00,0
moburst.com,0,1,3827,2755,35357.00,63
hooshosting.com,0,7,427,447,2298.00,0
ovaledge.com,0,3,7289,11734,108086.00,0
devinterface.com,0,3,771,115,342.00,0
elemaxspot.com,0,2,151,3,4.00,0
pomerium.com,0,15,3806,2646,20399.00,0
contentmanagementcourse.com,0,1,1021,9,30.00,0
lesinskis.com,0,1,182,17,2.00,0
cornell.edu,0,32,2976357,10682667,18315103.00,1682
rjos.org,0,1,96,626,55.00,0
flowcode.com,0,2,5366,28460,45097.00,96
kaarwan.com,0,1,8251,6039,10648.00,0
masterssh.com,0,1,84,116,190.00,0
every.org,0,2,2350,807,3212.00,46
meetalfred.com,0,39,1406,3607,15814.00,0
themagiccrayons.com,0,2,606,64,12.00,0
terluinwebdesign.nl,0,1,121,27,42.00,0
compaclass.com,0,1,131,192,93.00,0
inspiredtechnology.ae,0,1,15,0,0.00,0
protectstar.com,0,3,3861,3984,6028.00,0
digitallogic.co,0,1,6688,15562,42194.00,4
helpdocs.io,0,11,16196,17627,37152.00,0
snkcreation.com,0,23,1203,47,270.00,0
devtools.tools,0,1,71,8,10.00,0
usepylon.com,0,1,5792,101130,744063.00,461
zerolimits.dev,0,1,86,2,0.00,0
talkdns.com,0,1,19,0,0.00,0
cipd.org,0,1,13069,36324,111420.00,0
winbuzzer.com,0,1,29831,1753,1028.00,0
passgallery.com,0,1,1152,9763,24183.00,0
reactjs.net,0,1,181,116,43.00,0
fluentcart.com,0,2,9871,20723,47140.00,28
komodor.com,0,14,2321,3462,14382.00,43
postimages.org,0,2,4521,113174,169447.00,0
knowledgeowl.com,0,3,16413,100194,3850948.00,0
nebraska.gov,0,1,299149,969284,1061002.00,0
flexi.ink,0,8,343,171,569.00,0
elektroda.com,0,1,9139,1309,572.00,0
thetrustreviews.com,0,1,1477,87,564.00,5
kicksta.co,0,1,9308,83398,86878.00,5
isdown.app,0,8,50280,49400,62165.00,0
plushlamour.com.ar,0,1,19,19,0.00,0
sakura.ad.jp,0,2,539,562,551.00,1
salesloft.com,0,1,11565,35572,328744.00,40
slack.com,0,28,106526,1773156,6809685.00,1815
raklet.com,0,2,4284,1663,12017.00,0
aprilyamasaki.com,0,1,1161,2360,988.00,0
hypertecsp.com,0,1,2291,9816,34749.00,0
hak5.org,0,1,7055,28892,7581.00,0
moonbeamdevelopment.com,0,1,123,51,0.00,0
scand.com,0,3,7382,4077,32443.00,4
htmltowordpress.io,0,8,55,171,737.00,0
lsuhsc.edu,0,1,42245,71696,161064.00,0
win911.com,0,1,325,266,1342.00,0
timmousk.com,0,3,1910,159,5.00,0
ioigroup.com,0,1,192,756,0.00,0
contentpowered.com,0,23,4917,1624,4325.00,0
matrixpost.net,0,2,1665,329,596.00,0
designrush.com,0,31,222362,207267,1031663.00,0
fastcompany.com,0,18,686838,537246,1490698.00,0
fromdoppler.com,0,3,1272,2504,6643.00,0
ustechportal.com,0,2,259,8,2.00,0
socialpilot.co,0,2,37697,25172,88544.00,151
discadia.com,0,1,86125,169198,65477.00,1
doit.com,0,5,4416,6524,55912.00,50
houndstoothmediagroup.com,0,7,194,9,13.00,0
serpforge.io,0,1,1525,60,53.00,0
domainindia.com,0,1,666,370,1475.00,0
braingrid.ai,0,2,483,247,958.00,0
webbmaffian.se,0,1,4,0,0.00,0
rev.com,0,4,48275,203254,277950.00,172
wplacetool.com,0,1,642,212,0.00,0
heaps.pl,0,1,2,0,0.00,0
beaconinside.com,0,1,3531,82,12.00,0
fullerton.edu,0,1,137219,858861,1169297.00,9
handsonreact.com,0,1,490,370,1805.00,0
academylms.net,0,1,733,10581,17362.00,0
verisign.com,0,2,4767,16896,56232.00,0
ed.ac.uk,0,51,114964,186956,193742.00,18
serasaexperian.com.br,0,2,14908,15117,6430.00,0
wppb.me,0,1,85,222,297.00,0
tealhq.com,0,13,254723,514484,575069.00,49
ganeshbhatt.com.np,0,1,3,0,0.00,0
activeprospect.com,0,1,7125,9121,78293.00,52
frontity.org,0,13,210,352,595.00,0
learnwebcode.com,0,4,466,205,835.00,0
3dpea.com,0,7,5184,1785,1627.00,0
theporndude.com,0,21,280237,7307796,7923303.00,0
nic.io,0,1,463,2729,11746.00,0
magnumlog.com,0,1,2003,9736,6795.00,26
webpack.js.org,0,2,2902,34329,14529.00,0
public.com,0,1,413024,1703373,2617457.00,1
ambiscale.com,0,1,82,6,8.00,0
iconics.com,0,1,1671,1886,5992.00,7
metacpan.org,0,3,4582,4827,5444.00,0
vpsbenchmarks.com,0,1,3475,2001,12213.00,0
signoz.io,0,5,8470,4005,27919.00,4
vividrepairs.co.uk,0,1,6544,5539,5693.00,0
templatehubonline.com,0,1,6,0,0.00,0
ringcentral.com,0,19,145908,1053208,7562363.00,4041
opensaas.sh,0,1,135,384,2503.00,0
razorpay.com,0,2,47817,45782,229657.00,5
glantz.net,0,14,499,805,2660.00,0
alessandroalbano.it,0,1,11,1,0.00,0
mapquest.com,0,9,90997561,36840273,22588565.00,2
emilypost.com,0,1,26456,70272,33133.00,0
convertkit.site,0,1,2,0,0.00,0
react-window.vercel.app,0,1,31,300,300.00,0
rosehosting.com,0,68,7376,1945,4436.00,3
timeanddate.com,0,3,6453679,46676184,12048581.00,1
vivoldi.com,0,1,1607,340,207.00,0
ttlg.com,0,2,2995,2868,70.00,0
transperfect.com,0,4,9123,18994,55825.00,167
designmodo.com,0,62,14107,14435,54503.00,0
ddi-dev.com,0,17,1464,855,7715.00,0
ircmaxell.com,0,1,48,8,6.00,0
nestproject.ca,0,1,5,0,0.00,0
frontendpractice.com,0,2,143,155,701.00,0
canopy.us,0,1,8233,15796,24541.00,162
lxp.lu,0,4,316,1898,867.00,0
infosofttech.com,0,1,44,0,0.00,0
linuxconfig.org,0,62,56840,17807,11392.00,0
cloudcone.com,0,7,2117,3294,10465.00,0
techjunkie.com,0,4,103682,1866,1017.00,0
clickforest.com,0,1,534,479,4912.00,0
mangoitsolutions.com,0,1,493,39,322.00,0
wp-kama.com,0,70,1590,915,921.00,0
adminify.ai,0,1,227,485,2262.00,0
salemstate.edu,0,1,44045,136050,399003.00,0
wholewhale.com,0,3,7993,4672,25755.00,0
smarttech.com,0,1,21139,69060,104620.00,21
sencha.com,0,26,3758,17294,59720.00,9
christiandve.com,0,1,332,315,47.00,0
sagecrm.com,0,1,155,85,383.00,0
thecamels.org,0,4,556,40,32.00,0
radiokable.net,0,3,118,142,87.00,0
domcop.com,0,12,2262,1289,3166.00,1
precedence.com.au,0,6,963,1966,2161.00,0
sfwa.org,0,1,4516,16406,20455.00,0
allthingsprogramming.com,0,18,490,207,74.00,0
saude.gov.br,0,4,4384,5970,3326.00,0
ibm.com,0,627,1054022,5915264,30133277.00,16083
philipramsey.ca,0,1,412,6,0.00,0
turbostarter.dev,0,1,181,101,332.00,0
wordpresspluginreview.com,0,1,32,0,0.00,0
getpanto.ai,0,1,1290,1009,1712.00,0
killian-santos.com,0,1,1,0,0.00,0
edisonmail.com,0,1,6030,8959,12526.00,0
programmingfonts.org,0,33,173,2386,9214.00,0
dcodingames.com,0,1,42,30,0.00,0
datacenterdynamics.com,0,2,51718,49744,84908.00,0
necc.edu,0,3,5832,27040,31446.00,0
ssl.com,0,42,14421,83339,330182.00,82
minbrowser.org,0,1,415,670,1988.00,0
hellotech.com,0,10,73047,53349,122816.00,144
email.com,0,1,3753,105444,119895.00,0
stackby.com,0,1,14564,11009,35265.00,0
pi-hole.net,0,12,6799,42901,13543.00,0
azure.com,0,1,17976,32211,191123.00,0
vpncrew.com,0,2,926,208,302.00,0
martyfriedel.com,0,1,159,126,149.00,0
omibu.com,0,1,228,213,44.00,0
cursowed.com.br,0,1,4,0,0.00,0
quicksprout.com,0,6,6699,117,1469.00,0
raspberrypicase.com,0,2,388,89,1.00,0
scytale.ai,0,1,10441,3569,47726.00,21
storeownertips.com,0,2,777,37,21.00,0
revive.social,0,12,2878,1065,11413.00,0
bluent.net,0,10,906,101,276.00,0
wordable.io,0,24,8964,2181,2054.00,0
ibftoday.ca,0,1,483,23,88.00,0
igualdadycalidadcba.gov.ar,0,11,121,103,1.00,0
chift.eu,0,3,470,284,1677.00,0
rejoiner.com,0,1,1425,697,1265.00,0
help-iris.co.uk,0,1,1635,596,843.00,0
moyacell.com,0,3,89,181,0.00,0
webhostface.com,0,4,1102,171,621.00,0
unfolded.community,0,1,182,98,41.00,0
fionta.com,0,2,652,637,3254.00,0
favtutor.com,0,2,14511,6542,2961.00,0
softlite.io,0,2,344,1379,8382.00,0
webbycrown.com,0,3,1036,64,231.00,0
morelogin.com,0,2,4556,7881,18814.00,21
novadata.io,0,1,3553,8214,8553.00,0
wafaicloud.com,0,3,4678,853,2106.00,0
noksta.com,0,1,1,0,0.00,0
boostedhost.com,0,4,211,289,279.00,0
studiowombat.com,0,11,886,359,443.00,14
thelordofporn.com,0,4,28988,168445,13424.00,0
toolist.ai,0,1,226,35,10.00,0
zipextractor.app,0,2,1573,19814,8549.00,83
arslanabbas.dev,0,1,78,1,0.00,0
1001fonts.com,0,218,116051,793836,611221.00,0
basecone.com,0,2,82,5,39.00,0
nit-institute.com,0,3,261,290,337.00,0
mirmon.co.uk,0,1,187,0,0.00,0
ecommercemanagers.com,0,1,51,2,0.00,0
hbsfinancialgroup.net,0,1,100,0,0.00,0
wpjobportal.com,0,7,55,44,108.00,0
bigstarcopywriting.com,0,1,1174,358,69.00,0
highpayingaffiliateprograms.com,0,1,1362,148,316.00,0
saffronedge.com,0,27,5685,1761,10792.00,0
diariobitcoin.com,0,1,561,88,32.00,0
forumwpplugin.com,0,16,44,31,67.00,0
mydoorsign.com,0,1,13165,32308,105870.00,29
justonline.gr,0,1,6,0,0.00,0
nchsoftware.com,0,12,28225,40109,40197.00,636
kinsacreative.com,0,5,173,107,34.00,0
bw.edu,0,1,14080,51676,87450.00,0
secbit.ai,0,1,20,22,0.00,0
freeshopifyalternative.com,0,7,10,59,361.00,0
itnuthosting.com,0,7,274,67,267.00,0
online-qr-scanner.com,0,1,2699,99,63.00,0
shopaa.com,0,1,1421,1582,590.00,0
shiftcomm.com,0,1,2315,2967,19183.00,0
getabsolute.com,0,2,365,270,290.00,0
fullstack.com,0,2,3188,4419,24782.00,25
apple.com,0,1078,41811182,170853987,181332292.00,25646
getwebinarkit.com,0,2,841,832,10399.00,0
menusonline.es,0,1,3,8,0.00,0
groups.io,0,1,73008,64350,141499.00,0
nacion.com,0,1,29422,12082,211.00,0
codeberg.org,0,4,4888,15823,31243.00,0
ssinvent.com,0,1,184,593,335.00,0
goodreads.com,0,3,5871854,20442733,7917133.00,2
progress.com,0,75,36166,89637,364790.00,404
tubepilot.ai,0,5,7809,24834,21113.00,0
concord.edu,0,1,9629,26894,56120.00,2
myonlinestore.com,0,1,347,85,143.00,0
everpuredata.com,0,20,21802,44192,1688467.00,61
nami.ml,0,1,326,51,2.00,0
luccaam.com,0,2,760,208,383.00,0
x.com,0,216,38578940,189064979,196089460.00,18
interzoid.com,0,1,355,66,24.00,0
buzz61.com.br,0,1,1,2,0.00,0
invensislearning.com,0,1,22363,37266,176059.00,0
mygoodtrust.com,0,11,3125,2712,5529.00,0
adamfowlerit.com,0,22,1121,1014,1389.00,0
surfaceloop.com,0,1,25,8,63.00,0
macnative.com,0,2,391,69,3.00,0
creal.co.jp,0,1,259,58,0.00,0
support.wix.com,0,59,38627,78140,439243.00,0
thoughtfarmer.com,0,1,1556,695,8697.00,8
monks.com,0,1,1499,14601,49940.00,26
simmons.edu,0,2,37617,77613,291647.00,1
higoodie.com,0,1,1120,5845,4551.00,22
tosbourn.com,0,1,1107,627,70.00,0
ottertext.com,0,1,1442,594,1740.00,0
socialmediasonar.com,0,1,39,2,11.00,0
hirewordpressdevelopers.co,0,1,62,0,0.00,0
thrivetogether.blog,0,17,153,67,43.00,0
dita-ot.org,0,2,144,230,197.00,0
dartdrones.com,0,1,4282,2688,2663.00,14
supersystems.com,0,1,457,962,2690.00,0
msspalert.com,0,3,6882,13746,50431.00,25
sharetru.com,0,22,2215,1081,6259.00,0
brennekeusa.com,0,1,1186,4502,2.00,0
cheapsslshop.com,0,9,2275,163,730.00,34
lawmatics.com,0,4,3750,8686,83593.00,160
xatakafoto.com,0,2,1183,1632,276.00,0
shopifystatus.com,0,1,282,12299,6605.00,0
prestashop.fr,0,1,139,28,6.00,0
omorashi.org,0,1,7313,36013,133.00,0
wikihow.tech,0,8,144016,4022,1690.00,0
bellanowebstudio.com,0,2,480,714,89.00,0
onepagelove.com,0,10,10878,18429,50707.00,0
uchicagomedicine.org,0,1,219411,727967,911718.00,0
promixacademy.com,0,1,1295,1048,376.00,0
multiverse.io,0,2,2032,5112,10987.00,0
hbs.edu,0,2,203834,1708823,7382371.00,1246
dynamicyield.com,0,1,6587,35123,310071.00,121
dachou.github.io,0,2,22,13,63.00,0
logosear.ch,0,1,1312,618,297.00,0
reverbnation.com,0,1,178760,268611,63663.00,14
sana-commerce.com,0,2,5740,13300,86478.00,248
avhero.com,0,2,380,328,1521.00,0
aprendible.com,0,1,5,0,0.00,0
techbasedmarketing.com,0,3,254,18,21.00,0
mikebian.co,0,1,213,8,14.00,0
technology.org,0,10,62458,47848,9315.00,0
pypa.io,0,1,7825,39505,61461.00,0
userpilot.com,0,5,18820,14041,127733.00,45
contentsparks.com,0,2,1249,572,774.00,0
jpeg.org,0,11,566,2256,1857.00,0
scop.io,0,1,1266,1911,1501.00,0
ramnode.com,0,3,1901,938,3046.00,0
theinspiration.com,0,1,236,1179,2085.00,0
php.pl,0,1,17,0,0.00,0
thepackablelife.com,0,1,6808,4734,2804.00,0
quackit.com,0,94,18903,7082,10842.00,0
victoria.dev,0,9,254,53,87.00,0
precision.co,0,5,3461,4446,16464.00,0
uoc.edu,0,3,10786,10036,12096.00,1
taiwantravelblog.com,0,4,1670,855,264.00,0
classful.com,0,1,33988,50989,18466.00,0
solve.co.uk,0,2,980,687,1197.00,0
trpc.io,0,1,554,1408,3400.00,0
codilar.com,0,2,529,157,332.00,0
openclassrooms.com,0,10,9345,13620,33091.00,0
perthitcare.com.au,0,4,68,23,8.00,0
davidrossdigital.com,0,2,2,0,0.00,0
50webs.com,0,1,45299,15095,5314.00,0
urban-vpn.com,0,5,19984,231051,168115.00,0
hopeleaftechnologies.com,0,1,74,1,0.00,0
wysiwygwebbuilder.com,0,9,1339,4142,13392.00,0
afina.io,0,1,422,762,869.00,0
cureepilepsy.org,0,1,15204,22691,44268.00,355
europeitoutsourcing.com,0,4,485,86,38.00,0
finalwebsites.nl,0,1,99,21,6.00,0
erwinbierens.com,0,2,439,40,18.00,0
synapseindia.com,0,1,1269,303,1653.00,0
diggitymarketing.com,0,3,11579,729,3758.00,0
setka.ru,0,1,491,796,264.00,0
plus.net,0,1,5830,4096,4196.00,3
addify.store,0,3,763,74,289.00,0
geotrack.email,0,1,224,353,432.00,0
srmusic.in,0,1,1,1,4.00,0
extnoc.com,0,5,8669,2106,26199.00,0
thoughtfullearning.com,0,1,20251,34136,16457.00,0
daynhauhoc.com,0,1,146,13,0.00,0
wishlistmember.com,0,2,455,250,663.00,0
aranzulla.it,0,15,16001,15925,3646.00,0
codecarrot.net,0,1,258,12,18.00,0
tuskr.app,0,1,1777,1326,1611.00,0
q2bstudio.com,0,1,1469,189,104.00,0
thumbpress.co,0,5,297,43,45.00,0
emprenderalia.com,0,1,173,5,0.00,0
ivorymix.com,0,3,1715,2135,3059.00,0
mywebaudit.com,0,1,628,954,4916.00,0
deskpro.com,0,4,2479,3866,164432.00,31
filepuma.com,0,1,40678,4653,1599.00,0
vestiairecollective.com,0,1,212227,142884,87707.00,142
creativegaga.com,0,1,582,487,267.00,0
wscubetech.com,0,6,37206,6277,7526.00,0
softtrix.com,0,2,17549,68501,321751.00,0
flexential.com,0,1,8853,27383,138857.00,595
revulab.io,0,1,326,4,0.00,0
departamentodeinternet.com,0,1,3,0,0.00,0
digitimes.com,0,1,10022,2700,2550.00,0
myserverguy.net,0,1,9,2,0.00,0
socialfixer.com,0,1,82,490,60.00,0
reverse-video-search.com,0,2,177,694,536.00,0
cilscmglobal.org,0,2,2016,331,220.00,0
superiocity.com,0,1,16,0,0.00,0
haproxy.org,0,4,1059,1447,2978.00,0
trypyramid.com,0,1,115,500,187.00,0
problogbooster.com,0,3,1491,56,33.00,0
3plains.com,0,3,1463,2060,6332.00,7
theadminzone.com,0,3,1137,1490,258.00,0
swarmify.com,0,18,4078,5448,9056.00,0
learnubuntu.com,0,2,3780,16,0.00,0
starlitdevs.com,0,2,389,7,86.00,0
bsscommerce.com,0,3,15969,3940,3936.00,5
mediawars.jp,0,1,17,1,0.00,0
edisglobal.com,0,2,1574,1024,2702.00,2
lws.fr,0,5,879,599,1141.00,0
joji.me,0,2,150,2,0.00,0
magnetaba.com,0,1,20747,9253,12808.00,0
techwyse.com,0,2,4386,420,1899.00,0
merchantcostconsulting.com,0,1,4965,215,659.00,0
loeildelaphotographie.com,0,1,3050,4053,1759.00,0
webfindyou.com,0,2,160,89,269.00,0
manaferra.com,0,16,1117,1423,7316.00,0
woocommerce.github.io,0,15,427,182,230.00,0
openworld.digital,0,1,42,2,0.00,0
appspace.com,0,2,8297,13672,90964.00,118
retrosupply.co,0,1,5733,11109,11004.00,15
digitalauthority.me,0,4,7944,1503,13784.00,0
jetb.co.jp,0,1,91,16,14.00,0
gourmetpierrot.com,0,1,761,3796,615.00,0
gplclub.com,0,1,320,16,11.00,0
eginnovations.com,0,3,16143,7786,50825.00,87
happycoders.in,0,1,141,26,25.00,0
cocosolution.com,0,2,1114,226,673.00,0
fastly.com,0,54,11956,77899,1491850.00,580
int.com,0,1,568,5784,14914.00,0
webplatform.github.io,0,6,4552,837,2279.00,0
netlimiter.com,0,1,682,7154,5798.00,0
cloudswit.ch,0,1,1727,962,1270.00,0
htmeditor.com,0,1,207,242,539.00,0
stage-system.co.jp,0,1,3,27,0.00,0
helpscoutdocs.com,0,5,62543,38506,72749.00,0
littlehotelier.com,0,1,13153,25627,71793.00,44
marc-heiss.com,0,7,300,4,42.00,0
auruhfy.com,0,1,16,6,0.00,0
analyticswp.com,0,3,57,282,1535.00,0
latrobe.edu.au,0,3,10700,23665,19326.00,0
jachoos.net,0,1,11,0,0.00,0
todaydigital.com,0,15,911,576,1177.00,0
startup.jobs,0,1,26198,28013,43564.00,0
ubuntu-mate.community,0,9,5101,5069,3484.00,0
example.com,0,4,15455,53636,764662.00,2078
liarrdev.github.io,0,1,19,1,0.00,0
leadcrm.io,0,2,1672,202,1541.00,0
thrivemyway.com,0,1,19163,895,1033.00,0
jcu.edu.au,0,7,27878,34039,36088.00,1
eliteweb.co,0,9,2827,101,273.00,0
zionandzion.com,0,9,2043,2085,9203.00,0
ephost.com,0,38,1249,394,552.00,0
shopwired.co.uk,0,1,555,100,92.00,0
cloudlinux.com,0,2,973,1811,12351.00,0
bridgeapp.ai,0,3,647,81,427.00,0
shopplugins.com,0,1,160,25,70.00,0
solutiontoolkit.com,0,1,916,994,4619.00,0
ocronusa.com,0,1,176,44,98.00,0
theclickcommunity.com,0,1,7533,18443,11619.00,0
inertiabpo.com,0,1,1,0,0.00,0
spiga.mx,0,1,5,0,0.00,0
theatlantic.com,0,1,519507,1443426,1446679.00,17
gallerywallsmadeeasy.com,0,1,956,1201,1021.00,0
dsmn8.com,0,1,1049,768,3426.00,25
templately.com,0,4,1204,692,1576.00,1
petehouston.com,0,1,585,71,193.00,0
neodigit.fr,0,1,5,0,0.00,0
acumbamail.com,0,10,1668,635,2572.00,0
wpdepo.com,0,3,318,30,12.00,0
philipgledhill.co.uk,0,4,83,65,0.00,0
alinebaptista.com.br,0,1,13,0,0.00,0
sciencesource.com,0,1,222083,63304,34571.00,0
themodernfirm.com,0,3,3922,10364,325169.00,5
photoresizer.com,0,1,3313,3471,2352.00,0
umd.edu,0,10,833855,2567262,3061032.00,92
growthjockey.com,0,1,4622,53,166.00,0
findingtimetocreate.com,0,2,432,654,2124.00,0
telemundo.com,0,2,225512,1353482,891136.00,61
getbootstrap.com,0,3,48987,338269,154850.00,0
globetecrd.com,0,1,9,4,0.00,0
one.one,0,1,1228,4158,4546.00,0
creativenexus.in,0,3,273,94,120.00,0
univistainsurance.com,0,2,16737,13363,145476.00,187
altushost.com,0,7,480,239,570.00,0
youware.com,0,2,3641,10823,9957.00,4
arcadiaservers.com,0,2,41,0,0.00,0
accessibility.works,0,1,1540,2417,8182.00,0
tutorial.ai,0,1,2340,128,275.00,5
sparkedhost.com,0,1,18128,11631,10711.00,2
bozemandailychronicle.com,0,1,33519,52193,31102.00,0
pathsocial.com,0,1,41346,24201,20132.00,13
inboundblogging.com,0,2,2579,1305,1650.00,0
hpe.com,0,90,163758,323080,1290011.00,1435
alwaysvpn.com,0,16,6450,23576,5555.00,0
submitshop.com,0,23,1523,329,1569.00,0
cloudastra.co,0,1,1312,59,2673.00,0
rebelrhythmcollective.org,0,1,3,0,0.00,0
embarcados.com.br,0,1,285,171,88.00,0
dcpweb.co.uk,0,5,2726,637,665.00,0
hunleyd.github.io,0,1,5,6,22.00,0
marketingops.com,0,1,739,807,3873.00,0
datos101.com,0,1,82,67,57.00,0
onetcenter.org,0,1,6682,23342,43697.00,0
aveo.dk,0,1,141,133,16.00,0
semtitans.com,0,6,1640,101,624.00,0
scrapingbee.com,0,22,9468,73472,312044.00,158
dkube.io,0,1,26,0,0.00,0
nsp-code.com,0,1,34,43,0.00,0
saludoriente.cl,0,1,29,12,0.00,0
neoattack.com,0,1,1001,43,7.00,0
someweb.dk,0,1,63,1,0.00,0
newsletterglue.com,0,1,446,550,2026.00,0
filecloud.com,0,15,14299,13271,90776.00,23
photoshopvip.net,0,1,132,22,61.00,0
ignitix.co,0,1,19,7,1.00,0
metadata.io,0,1,2557,4864,47139.00,0
katescott.co,0,6,1009,517,1065.00,0
wpbean.com,0,1,112,1,3.00,0
samanthadigital.com,0,1,1818,2453,3926.00,0
wattsahead.co,0,4,332,104,783.00,0
moesif.com,0,2,3923,6303,17215.00,8
bdo.com,0,1,31345,66470,191166.00,119
datadome.co,0,15,7198,6386,27589.00,137
compareinternet.com,0,1,61632,105863,902378.00,0
usnaaasiteadmin.net,0,1,19,7,8.00,0
tubarksblog.com,0,1,650,586,142.00,0
hiscox.com,0,2,34898,142475,2727882.00,3527
semplice.com,0,2,676,1351,5087.00,0
tawk.help,0,2,27675,29374,65150.00,0
postmansmtp.com,0,6,1442,33,130.00,0
e-goi.com,0,1,688,105,1203.00,0
zachpatrick.com,0,1,96,25,16.00,0
ashleyhughes.com,0,2,389,175,64.00,0
ukg.com,0,1,63692,397853,1678165.00,1478
nationwide.com,0,5,508221,1594085,20789050.00,567
thomascreekconcepts.com,0,1,117,4,6.00,0
xerox.com,0,11,111721,242724,821828.00,236
lovewritingco.com,0,1,459,992,1093.00,0
skimlinks.com,0,7,1811,30400,109576.00,0
netwaveinteractive.com,0,7,846,434,679.00,0
mamp.info,0,3,479,3568,842.00,0
intellitect.com,0,4,446,341,596.00,0
serbyte.net,0,3,2195,3380,2060.00,0
addyosmani.com,0,6,1076,2148,8037.00,0
donorbox.org,0,13,40647,19812,96056.00,192
qrcodechimp.com,0,5,15644,11826,13419.00,14
activantcapital.com,0,1,629,630,431.00,0
clicasia.com,0,1,78,17,0.00,0
pagio.co.uk,0,20,331,19,28.00,0
ignitedigital.com,0,1,5101,2472,14015.00,0
gre.ac.uk,0,3,5994,9411,21704.00,0
genbeta.com,0,1,4610,1286,265.00,0
stripedhorse.com,0,3,439,150,2351.00,0
attnagency.com,0,1,1056,1083,3431.00,0
tavanoteam.com,0,1,1165,484,1924.00,0
elixirrdigital.com,0,1,584,126,368.00,0
ubeo.com,0,2,1842,6397,25847.00,1
fset.inc,0,2,196,191,843.00,0
bitberry.com,0,4,3212,2198,2288.00,0
kavoir.com,0,1,159,10,3.00,0
datasunrise.com,0,1,6241,4159,19378.00,0
thebrokerlist.com,0,1,2498,240,1535.00,0
webworkshops.co.uk,0,3,62,2,0.00,0
fastlanerecruit.com,0,1,2373,97,864.00,0
mdvirtue.com,0,1,54,1,2.00,0
seoreviewtools.com,0,85,35004,231343,863306.00,0
thomasgroupprinting.com,0,1,9348,22327,40665.00,26
wpindigo.com,0,1,433,74,89.00,0
bestof.js.org,0,1,10,1,0.00,0
shiftmag.dev,0,1,781,605,537.00,0
suremembers.com,0,7,1316,86,209.00,0
gaprise.jp,0,1,153,14,0.00,0
rayanehkomak.com,0,1,358,105,2.00,0
codeconductor.ai,0,1,1012,501,2198.00,0
7span.com,0,1,1230,111,685.00,0
graphicmama.com,0,2,27418,130712,93690.00,0
seoski.pl,0,2,533,81,110.00,0
meioemensagem.com.br,0,1,1497,637,199.00,0
sparktraffic.com,0,4,5332,9753,85653.00,0
tsplus.net,0,2,7886,5692,16390.00,24
clapcreative.com,0,1,3929,713,4120.00,0
gadgetguy.com.au,0,1,6516,1650,787.00,0
brandshark.com,0,1,353,17,311.00,0
messagenius.com,0,3,745,563,1390.00,0
globalreach.com,0,8,1307,996,907.00,10
janefriedman.com,0,4,15798,49986,70817.00,0
fera.ai,0,2,1622,1612,1771.00,0
mux.com,0,4,7904,10996,19493.00,7
jorgegijon.com,0,3,85,10,0.00,0
go1.com,0,2,3382,7022,67112.00,229
vscocorp.com,0,1,1051,8600,13489.00,0
nowmediagroup.tv,0,1,629,290,1161.00,0
seo-services-bristol.co.uk,0,3,16,12,0.00,0
saw.com,0,1,2062,909,3633.00,6
medicinadireta.com.br,0,1,5,1,0.00,0
dominknow.com,0,1,1330,1822,15662.00,0
peazip.github.io,0,30,4760,10322,6154.00,0
jihosoft.com,0,3,12595,6229,5889.00,0
serpsonar.com,0,3,117,455,49.00,0
jpolak.org,0,1,348,2804,9347.00,0
zaragoza.es,0,1,1940,2410,994.00,0
racket-lang.org,0,1,2781,15031,8892.00,0
enginy.ai,0,4,2033,3289,14184.00,0
profilegrid.co,0,6,379,177,190.00,0
pagoda-tech.com,0,1,401,1019,1634.00,0
svgheart.com,0,6,13785,56223,15264.00,0
bestcallcenter.in,0,2,921,198,2455.00,0
htmlinstant.com,0,2,441,16,44.00,0
copyposse.com,0,4,1843,3000,8957.00,0
psychopy.org,0,1,912,2968,122.00,0
digitalsummit.com,0,1,1972,3920,10996.00,0
earthslab.com,0,14,87493,27576,3651.00,0
opencart.com,0,6,4691,5826,13252.00,0
webdevstudios.github.io,0,1,1,0,0.00,0
pragma.com.co,0,1,29,4,5.00,0
itineris.co.uk,0,4,480,48,232.00,0
simplepinmedia.com,0,1,1783,1503,3509.00,0
truelogic.com.ph,0,1,799,393,1438.00,0
hivelocity.net,0,79,9173,12082,22665.00,81
essentialplugin.com,0,2,148,15,11.00,0
zedkima.com,0,3,66,1,0.00,0
smartftp.com,0,13,949,1601,9812.00,0
nowspeed.com,0,7,1469,758,2680.00,67
saruwakakun.com,0,2,7202,2075,50.00,0
pitsolutions.com,0,2,388,95,177.00,0
fromdual.com,0,1,144,13,95.00,0
kombai.com,0,1,2729,2191,5598.00,0
thriveagency.com,0,31,120109,325299,3164052.00,21
awsinsider.net,0,3,1977,787,5967.00,0
wppodcasts.com,0,3,25,7,23.00,0
marbleheadschools.org,0,7,909,7642,1100.00,0
hijinxhotel.com.au,0,1,128,160,40.00,0
hulkapps.com,0,22,37625,5913,8849.00,0
dash0.com,0,45,5375,10286,40163.00,298
peacocksoftware.com,0,9,117,142,109.00,0
accessibilitychecker.org,0,1,12452,26457,81493.00,0
sfc.edu,0,3,4236,28124,64151.00,0
thomasgauvin.com,0,1,31,2,14.00,0
syncios.com,0,1,26264,41813,80068.00,0
talosintelligence.com,0,1,4586,12933,51975.00,0
liberationtek.com,0,2,300,38,196.00,0
mobile-text-alerts.com,0,1,15971,8777,25786.00,186
linguee.com,0,9,1020892,580160,598117.00,0
amen.pt,0,1,51,237,0.00,0
videotok.app,0,1,1419,1917,4339.00,0
demandsphere.com,0,6,1033,1506,3285.00,0
tiltedmap.com,0,4,2687,4019,4467.00,0
smartmove.us,0,1,65184,110434,378671.00,219
dinorank.com,0,5,2084,2386,5782.00,1
unibee.dev,0,10,1743,1029,11912.00,0
inertiajs.com,0,1,176,3027,31044.00,0
thousandeyes.com,0,48,11404,72753,230148.00,0
on-page.ai,0,2,403,1519,8571.00,0
ipnawa.com,0,1,242,3,0.00,0
staceyboardman.com,0,5,30,0,0.00,0
jaburgwilk.com,0,2,7440,14300,21699.00,0
kapwing.com,0,2,223056,750647,320254.00,0
salary.com,0,25,713901,713581,941173.00,241
slippersonfire.com,0,2,193,0,0.00,0
progressier.com,0,4,543,769,3222.00,0
linuxcommandlibrary.com,0,2,6749,2838,3245.00,0
getadblock.com,0,8,32807,215736,271099.00,0
brainstomp.com,0,1,437,15,15.00,0
kellyleighcreates.com,0,1,2174,1189,268.00,0
netbranding.co.nz,0,3,619,354,577.00,0
rewind.com,0,6,2908,1139,5546.00,13
planetadelibros.com.ar,0,1,1022,724,134.00,0
link.me,0,1,23300,212886,50657.00,2
blogbowl.io,0,2,86,9,21.00,0
wpcodex.com,0,2,155,4,0.00,0
letrascursivas.org,0,8,193,1219,5.00,0
pcma.org,0,1,10936,11914,17523.00,4
tu-darmstadt.de,0,1,3978,7232,4103.00,0
staxwp.com,0,3,154,6,2.00,0
nustart.solutions,0,4,88,13,16.00,0
goblincreative.com,0,1,4,0,0.00,0
har.com,0,1,1079322,1765132,1216736.00,7
seoasoorm.com,0,2,1099,0,0.00,0
web-designlondon.co.uk,0,3,413,967,2686.00,0
campusciberseguridad.com,0,1,74,51,55.00,0
parachutedesignsnow.com,0,1,1,0,0.00,0
expireddomains.net,0,35,2189,25463,53117.00,0
torproject.org,0,6,24624,362853,372090.00,0
flexoffers.com,0,1,9856,11337,45072.00,0
barcodesinc.com,0,1,45693,410957,684424.00,107
uchiwa-design.net,0,1,5,0,0.00,0
timbira.com.br,0,1,3,9,0.00,0
ntia.gov,0,1,10885,29038,33070.00,0
ongraph.com,0,2,1602,263,2255.00,9
rocket.domains,0,1,539,23,204.00,0
ccsd21.org,0,1,5228,9298,6926.00,0
neocompute.com,0,6,39,105,348.00,0
andspace.net,0,1,84,2,0.00,0
ordoro.com,0,3,24154,30379,133625.00,0
themuse.com,0,9,167918,344053,296188.00,0
melyssagriffin.com,0,4,784,542,209.00,0
bellwood.io,0,1,457,308,1153.00,0
magefan.com,0,20,5649,4126,18173.00,1
haivision.com,0,2,4439,8558,13673.00,0
earthranger.com,0,3,331,539,116.00,0
feroot.com,0,16,3214,2749,10926.00,49
deknows.com,0,2,31,14,96.00,0
wildapricot.com,0,20,25675,69971,538858.00,77
dev.wix.com,0,3,1684,1285,9882.00,0
firecore.com,0,2,5920,9161,14465.00,0
ohdoylerules.com,0,1,101,66,36.00,0
figtowp.com,0,2,715,49,127.00,0
zeromoment.marketing,0,1,60,21,37.00,0
shopizer.com,0,2,14,8,0.00,0
tempo.io,0,7,31994,35154,165194.00,143
represent.no,0,1,226,142,75.00,0
jeanpaulgaultier.com,0,2,27265,792729,268277.00,19
netvisits.com,0,8,1207,104,243.00,0
concepto.de,0,15,83482,86838,29685.00,0
luckybeemarketing.com,0,5,19,6,1.00,0
viima.com,0,1,2288,2451,9709.00,0
webserver.com.my,0,9,381,92,124.00,0
classiccomics.org,0,1,2558,2859,1151.00,0
tommcfarlin.com,0,28,1025,594,1658.00,0
wpengine.com.au,0,1,55,0,0.00,0
letras101.com,0,1,372,2709,2556.00,0
lmu.edu,0,4,116834,376032,593189.00,20
digitalgenius.com,0,1,347,298,1847.00,0
upsourcedaccounting.com,0,1,130,218,115.00,0
zerys.com,0,6,1227,3718,39673.00,0
turing.com,0,21,23900,34366,49240.00,6
savvy-cfo.cpa,0,1,274,10,14.00,0
puntowebmaster.com.ar,0,1,6,0,0.00,0
bilgisam.com,0,1,8,0,0.00,0
interviewbit.com,0,33,12892,17489,16136.00,0
privatevpn.com,0,1,2921,6778,18519.00,0
safeflipping.com,0,1,85,0,0.00,0
handspeak.com,0,1,115627,612622,293956.00,0
cribl.io,0,1,8145,21737,143273.00,119
mamboserver.com,0,1,2153,4071,11016.00,0
huntertech.ca,0,2,62,1,0.00,0
opster.com,0,1,1690,496,159.00,0
getai.asia,0,1,8,0,0.00,0
seospace.co,0,4,3739,2525,7069.00,0
danielms.site,0,1,84,17,0.00,0
median.co,0,2,3685,4713,13082.00,1
laserfiche.com,0,1,6385,21541,74305.00,57
gotobryant.com,0,1,20,37,0.00,0
sitemile.com,0,4,1563,959,2326.00,0
onlineadvantages.net,0,1,253,333,2688.00,0
altamira.ai,0,4,4302,497,2807.00,0
txtcart.ai,0,1,1742,668,2886.00,0
userback.io,0,1,3100,1364,11464.00,0
creatypestudio.co,0,1,2160,127,351.00,0
removefrom.video,0,1,676,1325,735.00,0
behindtheemail.com,0,7,253,2618,3198.00,0
integrately.com,0,2,13600,7254,24302.00,0
wpstaq.com,0,12,224,127,315.00,4
turing.edu,0,7,1194,701,1010.00,198
themframes.com,0,5,11838,160059,433040.00,0
summitqualifications.co.uk,0,1,16,6,8.00,0
pornx.fr,0,1,1823,16185,18854.00,0
pushengage.com,0,14,3254,521,3341.00,1
techjury.net,0,9,14986,19169,63227.00,0
heyboss.ai,0,6,393,1206,7970.00,0
pkmedier.dk,0,1,263,260,479.00,0
hubspot.net,0,1,55180,29029,38911.00,0
newframedigital.com,0,1,250,10,9.00,0
headspin.io,0,2,5454,726,2228.00,0
gravitee.io,0,12,3858,7866,29390.00,0
picfair.com,0,1,5759,5663,8076.00,7
automationagency.com,0,6,752,452,4695.00,0
iplocation.io,0,27,27619,1572163,1397418.00,0
erode.nic.in,0,1,211,1223,0.00,0
jscape.com,0,87,5756,12915,126178.00,152
appfix.site,0,1,63,13,0.00,0
sigparser.com,0,3,728,868,5040.00,25
sjsu.edu,0,4,237161,857768,711434.00,25
alfredforum.com,0,1,1515,1988,978.00,0
craftsupply.co,0,5,9021,6132,2076.00,0
nimbushosting.co.uk,0,6,619,102,431.00,0
hannahlynnmiller.com,0,4,582,4237,375.00,0
johnsoncontrols.com,0,1,56339,148530,364715.00,178
filmfreeway.com,0,1,63407,169146,175808.00,25
ucartz.com,0,14,5125,408,37.00,0
suncatcherstudio.com,0,3,73723,476845,231289.00,0
raceequalitymatters.com,0,3,57723,53806,55303.00,0
cultofmac.com,0,9,101378,51861,15563.00,0
patternswp.com,0,1,13,5,18.00,0
igi-global.com,0,2,86835,144882,261521.00,0
techsuite.co.jp,0,2,307,43,0.00,0
schoolswp.com,0,4,159,60,258.00,0
aden.org,0,1,933,835,1908.00,0
teamextension.nl,0,1,19,0,0.00,0
buttercms.com,0,4,2276,1007,2603.00,1
webpower.uk,0,28,179,16,36.00,0
linguee.fr,0,1,135876,27528,42575.00,0
netim.com,0,1,4946,10163,38828.00,0
nagios.com,0,2,5271,2793,15897.00,17
uk-cheapest.co.uk,0,1,943,188,491.00,0
ck12.org,0,11,4236519,12909825,1326903.00,93
sidwebsolutions.com,0,8,245,15,24.00,0
wpcli.dev,0,2,120,0,0.00,0
instatistc.com,0,1,11,0,0.00,0
innovase.es,0,1,4,0,0.00,0
easternpeak.com,0,11,3692,767,6760.00,0
neoan3.rocks,0,1,1,0,0.00,0
springtail.io,0,1,40,21,100.00,0
kinh.cc,0,1,45,894,5.00,0
dmca2019.azurewebsites.net,0,1,2,0,0.00,0
duckdb.org,0,1,4229,6490,16278.00,0
acehweb.com,0,1,5,0,0.00,0
ucsb.edu,0,4,476348,2218929,2864584.00,64
wpmamba.com,0,1,288,2,0.00,0
myserver.org,0,1,49,260,1034.00,0
vanguard.com,0,1,512234,6572909,19898588.00,2915
themespride.com,0,8,718,47,27.00,0
designveloper.com,0,4,9289,969,3393.00,0
angrycreative.com,0,2,49,4,1.00,0
ignitesocialmedia.com,0,1,4785,3024,25524.00,1
chimpbridge.com,0,1,122,2,19.00,0
usersinsights.com,0,16,680,80,213.00,7
cssportal.com,0,3,6534,3348,6826.00,0
openmart.com,0,1,888,4405,9825.00,3
iebschool.com,0,37,5255,5956,10775.00,0
eurovps.com,0,3,1372,154,476.00,0
espacios.net.mx,0,2,182,156,5.00,0
pressupinc.com,0,10,97,77,39.00,0
anvil.works,0,4,3206,3643,9597.00,0
formbeat.com,0,1,1121,1526,102.00,1
boredpanda.com,0,2,542280,1673258,288658.00,0
jorgefannoun.com,0,1,31,344,947.00,0
webooste.com,0,2,19,4,0.00,0
springly.org,0,4,16324,24899,179106.00,0
melaniemoutardemedia.com,0,2,29,0,0.00,0
webskittersacademy.in,0,4,375,268,858.00,0
mp.gov.in,0,5,312855,305722,348554.00,0
tpg.com.au,0,1,1280,2385,3109.00,15
stocktwits.com,0,1,381090,4288485,6881021.00,0
seidengroup.com,0,4,144,14,16.00,0
mediavenue.com,0,21,667,413,2140.00,0
longislandwebdesign.com,0,2,540,715,5235.00,0
devops.com,0,1,11482,22239,181576.00,0
webmasterworld.com,0,49,9802,12223,8865.00,0
innovkraft.com,0,1,1064,333,2048.00,0
techarena.ai,0,1,920,2684,361.00,0
roadmap.sh,0,31,9348,69017,296627.00,0
bytehide.com,0,8,4574,2606,260.00,0
orbitmedia.com,0,69,16517,50253,389319.00,0
daveceddia.com,0,2,243,106,39.00,0
taniaizquierdo.com,0,4,338,204,29.00,0
thinktion.net,0,2,11,0,0.00,0
moviesanywhere.com,0,1,432975,559325,497093.00,0
zytrax.com,0,1,910,183,24.00,0
gutenaforms.com,0,1,60,0,0.00,0
flauntmydesign.com,0,1,156,37,51.00,0
kerno.io,0,1,895,554,2074.00,0
codedrivendevelopment.com,0,1,51,0,0.00,0
toastmastersclubs.org,0,1,6304,9959,19068.00,0
rocketseat.com.br,0,1,139,290,1017.00,0
thebankhere.com,0,1,538,1603,2205.00,0
retailtune.com,0,1,11,0,0.00,0
olevelnotes.com,0,1,17,2,0.00,0
10up.com,0,10,381,844,6381.00,0
it-impresa.it,0,1,92,162,0.00,0
digivizer.com,0,1,1335,831,12183.00,0
sec.gov,0,4,576016,1521718,3946785.00,0
michaelsherry.com.au,0,2,204,83,111.00,0
cynsta.ai,0,1,4,0,0.00,0
cdata.com,0,9,22458,8919,41691.00,411
forwardly.com,0,1,1628,311,5348.00,93
elbolsodemaribel.com,0,1,4,5,0.00,0
troopmessenger.com,0,4,8565,21463,65150.00,0
coderower.com,0,1,2722,3664,2670.00,0
sitelabdigital.com,0,1,46,0,0.00,0
nownovel.com,0,1,18548,47000,13619.00,0
hyperlinkinfosystem.com,0,4,5325,3213,11407.00,0
gopubby.com,0,1,3059,1001,1132.00,0
netacad.com,0,1,19479,181008,723706.00,21
wprigel.com,0,1,155,0,0.00,0
rancher.cn,0,1,253,129,23.00,0
tomreiss.com,0,1,34,68,0.00,0
spam.org,0,1,3549,2166,2380.00,0
pi7.org,0,5,69062,110723,73525.00,0
txwes.edu,0,13,24013,79936,241323.00,1
uniquedevs.com,0,3,1025,295,610.00,0
ubuntu-mate.org,0,7,1431,5321,4245.00,0
pseudoeditor.com,0,7,681,1866,6749.00,0
aeuroweb.com,0,1,231,409,100.00,0
serversaustralia.com.au,0,2,1557,597,1000.00,1
topicfinder.com,0,1,1399,157,621.00,0
wphubly.com,0,1,26,0,0.00,0
ingemmet.gob.pe,0,1,652,4180,49.00,0
uppbeat.io,0,1,71831,68588,49382.00,163
um.edu.mt,0,1,8174,5317,2990.00,0
kulkowski.pl,0,28,81,14,42.00,0
washingtonpost.com,0,2,2199813,7581005,6451900.00,29
site24x7.com,0,105,40431,58030,191497.00,1520
prlab.co,0,1,9923,22804,111942.00,0
mutawakkil.com,0,2,13925,38180,36704.00,0
janegoodall.org,0,1,8788,51883,156542.00,211
ehostingserver.com,0,1,156,74,194.00,0
qrcode.com,0,4,2471,9908,6912.00,0
typeheist.co,0,1,1599,3834,3674.00,4
thespike.gg,0,1,111435,289378,436153.00,0
gumroad.com,0,1,85120,192467,100691.00,76
rpi.edu,0,1,53581,218714,358982.00,0
fontpair.co,0,1,3745,10391,10999.00,0
typebot.com,0,1,707,1199,8274.00,0
undsgn.com,0,16,717,1257,1552.00,0
quinnemanuel.com,0,4,10957,88060,323765.00,0
urtech.ca,0,1,4949,265,50.00,3
notepad-plus-plus.org,0,5,6823,86447,111730.00,0
glarity.app,0,2,144154,7648,5594.00,0
firewalla.com,0,2,2736,15940,18583.00,3
leavemealone.com,0,17,7456,7611,9889.00,0
amjtechsolutions.com,0,22,1387,1484,411.00,0
tineye.com,0,3,18691,678445,602625.00,0
bobaekang.com,0,1,27,14,1.00,0
pewresearch.org,0,6,500819,1827227,1811101.00,287
fanpu.io,0,1,236,735,6.00,0
aarpfoundation.org,0,1,15209,30749,157327.00,0
itmonks.com,0,51,1931,178,428.00,0
appviewx.com,0,24,5895,3585,29420.00,539
chemix.org,0,1,573,1104,1218.00,3
marketingcrafted.com,0,1,83,90,71.00,0
websmith.trade,0,1,13,0,0.00,0
kestrelwp.com,0,2,193,425,388.00,0
delightlylinux.wordpress.com,0,1,806,641,96.00,0
showcaseidx.com,0,3,4320,6408,19939.00,0
blogger.com,0,6,17446,202323,402106.00,1
4qrcode.com,0,5,1697,2278,1385.00,0
affinco.com,0,1,1153,41,129.00,0
revenuecat.com,0,1,3908,17865,39245.00,23
tv5monde.com,0,1,34712,26733,26382.00,4
417local.com,0,1,538,222,101.00,0
selfmadedesigner.com,0,2,495,340,126.00,0
bravemark.co,0,1,181,6,0.00,0
upengareri.github.io,0,4,134,34,13.00,0
josefacchin.com,0,3,1734,294,467.00,0
wpestatetheme.org,0,1,12,0,0.00,0
popularfx.com,0,1,53,43,4.00,0
uxdesign.cc,0,5,29084,43178,58741.00,0
fedtechmagazine.com,0,1,5541,4771,27789.00,0
gitkraken.com,0,60,16795,25200,98730.00,136
serphouse.com,0,9,1930,1109,3577.00,0
seo-stockholm.se,0,1,11,0,0.00,0
artstorefronts.com,0,1,1848,6637,17311.00,3
hostripples.com,0,9,836,112,142.00,0
corecode.school,0,1,15,0,0.00,0
marketingandweb.es,0,1,1276,503,419.00,0
worthofweb.com,0,25,687,4276,8506.00,0
libguides.com,0,65,1187174,2362007,2936222.00,0
ipvoid.com,0,17,11843,23707,37839.00,0
nikonians.org,0,1,5017,10913,3900.00,0
nicdark.com,0,1,17,4,4.00,0
letras-cursivas.com.mx,0,15,204,2007,18.00,0
door3.com,0,1,1946,5224,82889.00,53
cherry-marketing.nl,0,1,49,2,0.00,0
bcloud.ai,0,1,250,110,124.00,0
group.one,0,1,153,680,341.00,0
acaglobal.com,0,1,5170,8939,48196.00,87
empresarius.com,0,2,11,1,0.00,0
agencyjet.com,0,4,4407,6155,44091.00,0
trainingym.com,0,1,183,79,104.00,0
trevenque.es,0,1,86,30,14.00,0
uibuilderhub.com,0,4,463,5,26.00,0
freelance-meikan.com,0,1,37,44,0.00,0
govbuilt.com,0,1,1277,774,3519.00,25
daltonluka.com,0,1,3845,4009,15428.00,0
thebrief.ai,0,11,24279,14657,29497.00,0
johnnyvps.com,0,1,9,0,0.00,0
hosting.nl,0,4,337,219,439.00,0
tillerdigital.com,0,31,2549,1306,7607.00,0
joyofreact.com,0,1,212,215,396.00,0
compressimage.io,0,2,892,714,567.00,0
bellecour.fr,0,1,85,219,5.00,0
spacecore.pro,0,1,365,157,0.00,0
linuxfordevices.com,0,2,9573,182,10.00,0
espocrm.com,0,2,2338,19284,187694.00,0
take-a-screenshot.org,0,78,10496,181792,21278.00,0
idrsolutions.com,0,8,3596,7062,8271.00,0
gomerge.com,0,1,1131,845,4373.00,0
containerssh.io,0,3,29,9,31.00,0
inesem.es,0,2,3888,3967,1876.00,0
epik.com,0,1,1803,2024,10127.00,35
poshmark.com,0,1,2725298,3650474,1403732.00,552
xcitium.com,0,1,15347,13613,589855.00,0
stsci.edu,0,2,7702,29038,18327.00,0
freepnglogos.com,0,1,15211,65309,10950.00,0
speedvitals.com,0,15,1722,1483,6663.00,0
pixelsurplus.com,0,1,2472,3027,1811.00,0
todaysoftmag.com,0,3,247,146,435.00,0
symphonytalent.com,0,1,980,1339,7299.00,13
trustedshops.es,0,1,371,128,66.00,0
duckalignment.academy,0,1,298,82,2.00,0
indeed.com,0,482,35626957,53209985,70017005.00,62483
insideradio.com,0,1,39221,17784,5367.00,0
wku.edu,0,2,110175,243980,199033.00,1
lsoft.net,0,1,1057,1229,965.00,16
qwerasd205.github.io,0,1,80,96,45.00,0
tutorialspoint.com,0,255,547853,362593,628446.00,0
qrscanner.net,0,4,2959,12868,6532.00,0
tune.com,0,3,1373,1950,6172.00,50
wplacetool.org,0,1,362,320,1.00,0
releem.com,0,1,905,3114,52980.00,0
serverfellows.com,0,9,340,1,6.00,0
quicksilk.com,0,4,135,42,76.00,0
nist.gov,0,22,535541,2203729,3596623.00,0
myfunnelsecrets.com,0,1,465,155,465.00,0
collinsdictionary.com,0,43,12244750,24152842,18517266.00,1
escuchapodcast.com.ar,0,15,24,18,0.00,0
smultron.software,0,5,79,1,0.00,0
etsy.com,0,88,24638876,36855734,8935006.00,14868
recodecommerce.com,0,1,7,0,0.00,0
digiinvent.com,0,1,575,17,22.00,0
hydetools.com,0,1,8037,19039,14773.00,5
knowi.com,0,18,2438,3071,142921.00,1
fernflo.co,0,1,103,2007,0.00,0
videoregioncheck.com,0,80,263,174,2.00,0
jenkinsgardenmarket.com,0,1,121,141,32.00,0
dailyupdatebox.com,0,1,6,0,0.00,0
pocketpcmag.com,0,5,28729,25911,16311.00,0
caisy.io,0,1,908,654,2895.00,0
echoone.com,0,1,420,163,99.00,0
digitalcitizen.life,0,79,215654,64335,55667.00,0
digitalakash.in,0,2,84,67,414.00,0
creativecoconuts.ca,0,1,33,0,0.00,0
eyal.cc,0,1,7,0,0.00,0
paperbell.com,0,23,11263,38109,116038.00,21
uic.edu,0,3,419911,1186046,2705486.00,35
uxcam.com,0,2,8452,10957,66192.00,42
fable.io,0,1,36,13,1.00,0
elyspace.com,0,7,620,38,35.00,0
visionefx.net,0,11,903,1480,8991.00,0
xflowpay.com,0,3,18627,76253,266130.00,0
neatdownloadmanager.com,0,1,643,4510,3285.00,0
business.com,0,31,134962,251737,1624142.00,136
engagelab.com,0,4,9403,3528,1479.00,0
rockstardeveloperuniversity.com,0,9,735,1368,1711.00,0
wagento.com,0,1,1633,2395,11311.00,0
gtmetrix.com,0,66,3359,36206,153828.00,31
epicmax.co,0,1,64,92,0.00,0
icop-shop.com,0,2,76,10,0.00,0
musixmatch.com,0,1,1220316,3112940,111992.00,25
textedly.com,0,1,21195,35840,174113.00,480
useragentstring.com,0,1,455,536,473.00,0
serverzone.cz,0,1,1,0,0.00,0
siteimprove.com,0,20,18969,102211,575696.00,301
sender.net,0,7,19388,17757,307022.00,2
metacritic.com,0,1,957643,2251963,1013977.00,0
astro.build,0,2,3061,23855,45090.00,0
plu.edu,0,3,26020,74049,150426.00,0
coventry.ac.uk,0,2,6920,10757,47691.00,0
nexitomedia.com,0,2,21,2,0.00,0
echoecho.com,0,1,919,223,154.00,0
gizmodo.com,0,43,944779,743032,762360.00,0
jscompress.com,0,9,64,388,920.00,0
prospects.ac.uk,0,2,84524,176832,863600.00,2
ntwind.com,0,65,579,1841,115.00,0
jeffsu.org,0,2,1146,2202,2300.00,0
paulsec.github.io,0,5,13,3,0.00,0
foxbusiness.com,0,1,1306774,1570245,2189821.00,0
wlmarketing.com,0,2,82,12,0.00,0
masterns-studio.com,0,1,13,0,0.00,0
nga.gov,0,1,158409,824764,673307.00,201
nicheprowler.com,0,9,6405,16027,10773.00,0
gutenverse.com,0,3,63,11,6.00,0
harshilbarot.com,0,5,136,30,61.00,0
simpletivity.com,0,2,5299,2556,2745.00,0
o365reports.com,0,2,2083,2273,18999.00,0
mail-tester.com,0,1,2942,22304,110069.00,0
datapack.net,0,1,90,42,208.00,0
sernagrp.com,0,1,205,64,715.00,0
spotsaas.com,0,4,88430,17340,58033.00,70
henrywithu.com,0,1,213,38,11.00,0
theporndude.vip,0,5,25434,170800,196769.00,0
getastra.com,0,1,8462,4095,47296.00,658
absplittest.com,0,12,213,906,6736.00,0
diontraining.com,0,21,5912,13978,42513.00,96
junglesoulcollective.com,0,2,104,36,12.00,0
cloud66.com,0,1,276,294,902.00,0
to.design,0,2,635,729,3912.00,0
checktheworth.com,0,1,810,118,14.00,0
tridotstech.com,0,1,104,121,0.00,0
clippingpathgraphics.com,0,4,1098,713,832.00,0
tku.ac.jp,0,1,309,488,176.00,0
versionpress.com,0,5,15,10,13.00,0
bloomberg.com,0,3,2064930,5047413,10449488.00,1186
thebrandedacademy.com,0,1,101,99,1.00,0
strobes.co,0,2,3103,2383,6887.00,0
orbot.app,0,1,425,497,574.00,0
greennode.ai,0,3,845,828,2664.00,0
simonwillison.net,0,1,8121,18596,104613.00,0
bestwebsoft.com,0,16,430,39,61.00,0
spambrella.com,0,3,2096,1819,11982.00,10
the-internet.herokuapp.com,0,1,297,693,4056.00,0
brandstory.in,0,14,1968,1694,4183.00,0
research.com,0,15,590320,408454,2436854.00,0
tcl-lang.org,0,1,7503,6067,3963.00,0
freejobalert.com,0,2,23384,52778,60803.00,0
pacgenesis.com,0,14,62791,2778,2971.00,0
wordplays.com,0,1,4397924,4500745,281512.00,0
smartpaymentsolutions.us,0,2,3371,149,786.00,0
asktimgrey.com,0,1,1336,485,158.00,0
imgflip.com,0,3,1231703,2898670,955146.00,0
codimite.ai,0,1,516,40,35.00,0
apisjson.org,0,2,49,48,317.00,0
clideo.com,0,1,95482,456709,360534.00,0
resultsrepeat.com,0,1,1113,679,3416.00,0
wisamabdulaziz.com,0,1,247,173,116.00,0
circle.so,0,27,12897,181181,417692.00,336
programathor.com.br,0,1,45,9,0.00,0
thetechhacker.com,0,1,10994,931,1194.00,0
omr.com,0,43,29307,7887,27083.00,0
duke.edu,0,15,686180,1928507,2342148.00,401
jayvilalta.com,0,2,63,7,0.00,0
contus.com,0,2,6087,1647,3955.00,0
coldstream.com,0,1,5077,16432,12306.00,1
surfsideweb.com,0,8,803,286,1334.00,0
chasearmstrong.com,0,1,7,1,0.00,0
digital-skills-jobs.europa.eu,0,2,1810,3505,10601.00,0
webmonopoly.net,0,2,32,9,16.00,0
thesheapproach.com,0,5,1410,576,834.00,0
synergytop.com,0,2,1915,1036,5330.00,0
meetergo.com,0,2,1620,598,3018.00,10
capitalandgrowth.org,0,1,828,555,1722.00,0
2domains.ru,0,1,352,658,387.00,0
prontomarketing.co.uk,0,2,16,1,0.00,0
pleasefixthissite.com,0,1,12,2,0.00,0
woocommerce-manager.com,0,3,293,7,14.00,0
tinystarscreative.com,0,1,36,15,213.00,0
shortmarks.com,0,5,23,6,0.00,0
macreports.com,0,21,34566,3082,1822.00,0
mahanserver.net,0,1,524,140,208.00,0
solitaireinfosystems.com,0,1,51,3,7.00,0
pan.dev,0,2,3035,2086,10883.00,0
marsdd.com,0,1,7102,6440,17269.00,0
mariusschulz.com,0,2,882,3809,2575.00,0
growthmarketingpro.com,0,14,8821,5223,77478.00,0
acquia.com,0,119,14892,107628,537043.00,455
pheonixsolutions.com,0,1,628,72,49.00,0
topborn.se,0,1,30,7,0.00,0
std.rocks,0,4,1050,437,1245.00,0
peytz.dk,0,1,12,25,0.00,0
desktop.com.br,0,1,413,504,443.00,0
substack.com,0,83,3386574,8909837,6414298.00,20
matoite.com,0,1,2,0,0.00,0
pdq.com,0,29,21069,92154,137815.00,147
southlakeartleague.com,0,1,30,58,0.00,0
tailscale.com,0,20,14857,146718,240537.00,120
wideanglesoftware.com,0,2,41457,30255,11110.00,170
sbcounty.gov,0,8,158894,698602,787273.00,0
contextualscience.org,0,6,5946,11187,7390.00,0
alejandrocremades.com,0,13,7280,4430,5133.00,0
2pointagency.com,0,1,9460,6267,36841.00,14
srgresearch.com,0,10,631,1045,6320.00,0
freshworks.com,0,1,50671,116794,1658438.00,6809
codeka.io,0,3,19,0,0.00,0
firtherdesignco.com,0,4,2547,5579,3644.00,0
infosecinstitute.com,0,3,34856,22697,109030.00,326
doba.com,0,1,5235,16844,45380.00,19
skyjos.com,0,1,111,433,97.00,0
usshortcodes.com,0,1,1691,3351,14509.00,86
simplebo.fr,0,2,411,52,0.00,0
ifourtechnolab.com,0,1,1219,407,2538.00,0
superhighways.org.uk,0,1,271,105,51.00,0
referralrocket.io,0,1,1142,301,958.00,0
whitelabelagency.co,0,1,1544,5726,59284.00,2
ourcodeworld.com,0,21,7150,2922,4215.00,0
osbsoftware.com.br,0,1,148,12,18.00,0
wordherd.com,0,1,2,0,0.00,0
hostpro.by,0,1,35,0,0.00,0
radacad.com,0,1,2134,626,595.00,0
atlanta.com,0,1,51214,6904,2074.00,0
jainya.com,0,6,106,8,3.00,0
funbosco.com,0,1,7,0,0.00,0
adaptate-design.com,0,1,1,0,0.00,0
ava.hosting,0,22,3836,562,1214.00,2
nabilhassen.com,0,5,210,49,7.00,0
dbpro.app,0,5,843,820,4215.00,0
clickhelp.com,0,17,12824,67958,164310.00,4
vpnpro.com,0,1,20854,61366,396603.00,371
intohost.com,0,1,326,23,0.00,0
matc.edu,0,1,47251,193245,348914.00,0
gamer.com.tw,0,1,115942,150437,12184.00,0
fossbytes.com,0,8,79281,100167,7363.00,0
tags.com,0,1,1001,5782,2706.00,0
getyarn.io,0,2,1189067,331372,21286.00,0
codesignal.com,0,67,46805,84773,241280.00,39
nimbalyst.com,0,1,702,2002,17073.00,0
mean3.com,0,2,66,56,0.00,0
topinteractiveagencies.com,0,2,2583,1227,3354.00,0
emailmarketingforbusiness.com,0,1,313,137,0.00,0
expert-seo-training-institute.in,0,5,720,133,327.00,0
simplecms.com,0,1,14,14,63.00,0
rwa.org,0,6,721,5507,2863.00,0
wowremoteteams.com,0,33,12354,3726,10289.00,4
merchantmaverick.com,0,3,33649,380,4844.00,31
html-online.com,0,4,2009,1138,2624.00,0
ryadel.com,0,1,2591,402,196.00,0
skillzme.com,0,4,846,165,971.00,0
chefkochblog.wordpress.com,0,1,288,114,5.00,0
universal-blue.discourse.group,0,1,1465,1364,218.00,0
dc.gov,0,1,709860,2083236,2774781.00,107
optimove.com,0,1,7773,9722,67086.00,0
doominio.com,0,3,60,45,72.00,0
sternhost.com,0,2,648,30,10.00,0
40q.agency,0,1,54,13,227.00,0
jfrog.com,0,8,12014,30377,98037.00,563
async.com,0,7,46380,20203,26461.00,311
mysteriumvpn.com,0,1,7669,9665,300797.00,18
vidmore.com,0,1,27884,2188,1379.00,0
nestify.io,0,22,10856,475,1394.00,0
hustlefish.com,0,8,534,268,1943.00,0
upguard.com,0,52,43250,77415,269562.00,251
hostkey.com,0,4,8362,9649,57720.00,9
newsblur.com,0,1,683,1889,581.00,0
trustnetsecurity.in,0,1,54,0,0.00,0
picjumbo.com,0,1,19680,98026,59981.00,0
ldsinfotech.com,0,1,104,0,0.00,0
hpc-portal.eu,0,1,149,108,18.00,0
imagetotext.info,0,8,15696,159220,197017.00,0
computernewb.com,0,1,535,742,3601.00,0
stackharbor.com,0,2,397,18,56.00,0
magloft.com,0,4,1101,543,1437.00,0
ranktracker.com,0,1,17267,3298,10799.00,0
egnyte.com,0,11,12358,42588,600635.00,861
algocademy.com,0,4,9442,6754,5593.00,0
devdiggers.com,0,3,1686,30,37.00,0
uncomo.com,0,1,80604,57562,4268.00,0
owlops.com,0,4,650,478,1467.00,0
clio.com,0,1,72515,319285,4284272.00,2530
comunicacionparalasalud.com,0,2,27,68,0.00,0
kapilarya.com,0,8,9087,2946,1888.00,0
getwaas.io,0,7,63,17,87.00,0
nextdayaccess.com,0,1,6265,6834,19420.00,0
mylisting.club,0,4,81,29,138.00,0
matejlatin.com,0,1,62,73,42.00,0
serpsculpt.com,0,28,783,419,1880.00,0
geomywp.com,0,1,60,14,18.00,0
invoidea.com,0,66,2483,2123,13010.00,0
goaugment.com,0,1,221,1575,2795.00,7
thrivecart.com,0,5,4553,9205,214652.00,165
flyertalk.com,0,5,347034,74626,58533.00,0
favouritejome.dev,0,8,142,55,30.00,0
foreworth.com,0,1,619,19,28.00,0
groundhogg.io,0,2,622,242,457.00,0
hostingshortlist.com,0,1,64,1,12.00,0
thestar.com,0,1,270664,166147,76435.00,0
investopedia.com,0,44,3965934,13555439,32588662.00,178
managedserver.eu,0,3,678,24,16.00,0
flexispy.com,0,5,3662,9111,3311.00,6
gsheetconnector.com,0,1,445,34,8.00,0
digitalwebavenue.com,0,1,806,35,90.00,0
gridpane.com,0,13,478,148,446.00,0
wisehosting.com,0,1,21257,114677,16813.00,2
astralwebinc.com,0,4,209,3,0.00,0
carontestudio.com,0,3,573,558,449.00,0
speedofcreativity.org,0,1,721,648,923.00,0
woobewoo.com,0,13,740,104,301.00,0
wackywriters.com,0,1,657,1001,705.00,0
dataconomy.com,0,1,14110,11383,2071.00,0
mimecast.com,0,10,29686,104760,734689.00,482
atrealtysupport.com.au,0,1,34,0,0.00,0
ssltrust.com,0,28,4026,13561,25723.00,0
novumlogic.com,0,1,94,3,0.00,0
wpcareerhub.com,0,1,16,0,0.00,0
ceeveeglobal.com,0,1,91,2,0.00,0
junaidhassanalvi.wordpress.com,0,3,17,0,0.00,0
thedroptimes.com,0,4,2489,1047,2301.00,0
anti-abuse.com,0,1,152,17,12.00,0
slingacademy.com,0,2,1875,34,23.00,0
herodevs.com,0,4,4032,8404,15238.00,142
getmailtracker.com,0,1,8755,1526,1172.00,0
webhostnepal.com,0,1,297,183,553.00,0
letslaw.es,0,1,806,110,0.00,0
printify.com,0,25,142780,515756,856853.00,479
corsair.com,0,1,266558,1319705,651287.00,350
bibook.com,0,1,265,136,159.00,0
lepide.com,0,1,10888,3512,24615.00,0
o2switch.fr,0,2,186,553,2239.00,0
htmled.it,0,1,231,84,279.00,0
youtu.be,0,3,921442,223916,75513.00,33
wp-clusters.com,0,6,266,9,71.00,0
deploybot.com,0,1,329,527,1495.00,0
witsseo.com,0,1,9,0,0.00,0
usabilitygeek.com,0,3,3092,6787,22960.00,0
getlatka.com,0,3,35220,28377,82665.00,0
mannixmarketing.com,0,1,2530,2682,14270.00,17
murphymckay.com,0,1,301,122,506.00,0
mopinion.com,0,1,4706,29362,346692.00,0
contentmation.com,0,3,5163,1289,1551.00,0
techhelp.ca,0,2,5950,355,132.00,0
fieldtechnologiesonline.com,0,1,1341,1663,6249.00,0
wp-techsupport.com,0,5,987,616,4526.00,0
wpsiteprotection.com,0,1,4,0,0.00,0
naturalborncoder.com,0,1,473,402,58.00,0
mosaicbc.org,0,14,2329,1980,1408.00,1
sharethis.com,0,8,6880,4836,19790.00,0
javahungry.blogspot.com,0,1,1075,102,6.00,0
github.co,0,4,270,163,443.00,0
rakr.net,0,4,20,15,103.00,0
w3bits.com,0,2,645,354,53.00,0
gettyimages.it,0,1,313470,7742,1334.00,0
streamingmedia.com,0,1,7541,11414,11825.00,0
eduonix.com,0,8,2646,401,442.00,0
conversal.be,0,1,285,421,802.00,0
globalsalaryguide.com,0,1,66,1,2.00,0
singleplayer.org,0,1,194,417,48.00,0
pulsetic.com,0,41,2843,8791,56442.00,0
devcamp.com,0,14,5190,1552,1322.00,0
usembassy.gov,0,2,630799,2743734,1693324.00,0
flock.com,0,2,7258,7412,35834.00,0
bryantdigitalsolutions.com,0,1,8,2,0.00,0
hive.blog,0,1,34026,28429,20549.00,0
hivepress.io,0,10,1071,1352,4382.00,8
strategiaonline.es,0,1,58,52,43.00,0
wixfix.com,0,1,47,11,26.00,0
mollysuberthorpe.com,0,1,774,2439,1093.00,0
urlquery.net,0,2,4613,26936,8841.00,0
marcaria.com,0,1,10241,13192,31083.00,330
gsu.edu,0,1,406563,1547401,3610605.00,1
edrawmax.com,0,1,24447,35458,37364.00,0
multiutil.com,0,1,545,238,144.00,0
fabrity.com,0,2,598,433,2935.00,0
smartvault.com,0,1,4817,41036,142657.00,3
kent.ac.uk,0,1,18147,29920,33417.00,0
spiceworks.com,0,522,585275,537639,1395898.00,10
heyletslearnsomething.com,0,1,2046,383,103.00,0
devtoollab.com,0,6,5916,1676,2697.00,0
vcmo.uk,0,2,2676,1172,4226.00,0
mangohost.net,0,2,8220,778,976.00,0
barchart.com,0,2,619598,1612156,2465090.00,2
codetheorem.co,0,1,738,303,269.00,0
madhawks.com,0,1,293,133,539.00,0
vitelglobal.com,0,5,67975,775757,97900.00,0
cloudeontech.com,0,2,56,8,12.00,0
primeslider.pro,0,1,55,319,215.00,0
biorender.com,0,2,14342,123187,40727.00,316
reciteme.com,0,4,7173,7033,10708.00,31
thefactsite.com,0,5,99247,48218,16971.00,0
readdork.com,0,1,1252162,717857,158819.00,0
thelinksgolfcourse.com,0,1,935,7521,2155.00,0
alidropship.com,0,3,23179,23542,63362.00,20
sprouts.ai,0,10,7720,4515,6640.00,0
scaleviewpartners.com,0,1,230,270,183.00,0
paseo-marketing.de,0,1,77,64,0.00,0
inboundcycle.com,0,4,2256,775,1601.00,0
htmltowordpressconverter.com,0,3,27,13,55.00,0
socialchamps.com,0,2,575,503,910.00,0
binary-studio.com,0,2,1804,2638,25990.00,0
ort.edu.uy,0,18,2052,4987,4023.00,0
say-it.dk,0,1,11,0,0.00,0
parcel.io,0,1,203,180,717.00,0
toastdesign.co.uk,0,3,879,559,1704.00,0
univio.com,0,1,1804,1022,4676.00,0
dashlane.com,0,11,15757,105711,677007.00,573
belvg.com,0,6,1641,567,2055.00,0
imail.solutions,0,1,52,54,53.00,0
bizbot.com,0,5,2711,165,1008.00,0
calculatewebsitecost.com,0,1,203,1210,4088.00,0
media.io,0,5,176998,178358,123136.00,20
synacktiv.com,0,1,443,442,1193.00,0
gettyimagesgallery.com,0,1,957,6867,7768.00,0
haveibeenpwned.com,0,2,8565,288029,51255.00,0
comiviajeros.com,0,1,1094,1005,454.00,0
sysgeeker.com,0,4,6624,282,114.00,0
code-intelligence.com,0,1,1476,851,5221.00,0
studyopedia.com,0,4,2029,252,149.00,0
linkilo.co,0,2,1301,45,256.00,0
adamdurrant.co.uk,0,4,196,17,13.00,0
bookingpressplugin.com,0,11,4087,2134,3944.00,1
bytingchipmunk.com,0,1,62,43,192.00,0
devenup.com,0,2,637,857,10884.00,0
shortcode.dev,0,1,330,2,66.00,0
chromegeek.com,0,1,4739,453,495.00,0
anewdayanewthing.wordpress.com,0,4,263,755,81.00,0
xvideos.com,0,18,12053789,138234202,184406635.00,0
clearedgeit.com,0,1,71,287,1272.00,0
androidauthority.com,0,123,522467,458486,705040.00,0
quetext.com,0,2,17665,209312,85918.00,14
kevquirk.com,0,1,714,271,22.00,0
coinbase.com,0,8,436858,2590225,4495780.00,304
dns.google,0,69,1022,2618,3387.00,0
sitejet.io,0,2,1269,3586,5283.00,0
loc.gov,0,8,933004,3695997,3056730.00,19
ort.org,0,2,35142,31133,7656.00,0
vmssoftware.com,0,2,957,1199,5861.00,0
techdifferences.com,0,1,2808,4523,497.00,0
dillionmegida.com,0,5,674,587,184.00,0
nceas.github.io,0,1,246,128,45.00,0
kingston.com,0,4,60843,224867,78487.00,0
hellobizmia.com,0,1,1266,85,155.00,0
builtinaustin.com,0,1,27660,78558,229116.00,0
arlo.com,0,1,70299,462033,1050143.00,1
zapmail.ai,0,3,3203,483,1310.00,0
dotnetthailand.com,0,1,153,10,6.00,0
hiredigital.com,0,1,4189,1733,13129.00,0
cenhud.com,0,2,9186,111037,634145.00,0
fyrepress.com,0,1,54,0,0.00,0
commio.com,0,2,1685,1590,4691.00,0
login360.in,0,1,305,1086,4350.00,0
wpsuperhelp.com,0,1,53,29,321.00,0
brainly.com,0,22,2679275,5414951,649229.00,0
designpractice.so,0,1,22,22,82.00,0
thedevcouple.com,0,1,45,0,0.00,0
designforhackers.com,0,11,465,2534,2431.00,0
learnomate.org,0,1,2575,1726,4093.00,0
duke-bow.com,0,1,21,139,0.00,0
oklahomagypsy.com,0,1,149,416,52.00,0
epromptus.com,0,1,2,0,0.00,0
hellowoo.com,0,2,14,0,0.00,0
appreviewbot.com,0,1,56,12,64.00,0
mblm.com,0,3,992,942,683.00,0
zaragozawebs.es,0,1,47,26,0.00,0
bbva.com,0,18,35835,75139,189428.00,0
appsecengineer.com,0,1,1778,1902,6825.00,0
usepastel.com,0,1,943,3208,6518.00,0
data101.io,0,1,85,8,2.00,0
garzadetail.com,0,1,8,4,0.00,0
clickable-ut.dev,0,1,1,1,12.00,0
startertemplates.com,0,7,343,865,3180.00,0
simpletexting.com,0,1,33009,61776,603584.00,238
google.cn,0,1,10793,31098,137545.00,0
rebel.com,0,2,2313,3770,3400.00,0
ahmedsheme.wordpress.com,0,2,238,0,0.00,0
namehero.com,0,129,54003,67781,14408.00,6
rappicard.mx,0,1,678,484,456.00,0
pwabuilder.com,0,1,275,2353,11249.00,0
blaze.today,0,2,20634,47647,80683.00,19
install.guide,0,14,14081,21135,47216.00,0
minddevelopmentanddesign.com,0,1,1054,105,199.00,0
mavencollectivemarketing.com,0,1,854,836,1757.00,0
medicareresources.org,0,3,35374,67583,136305.00,0
fastruby.io,0,1,1347,1333,2344.00,0
formulaclick.com,0,2,7,10,0.00,0
mywork.com.au,0,2,231,36,63.00,0
vmoscloud.com,0,1,2174,2532,3549.00,50
planethoster.com,0,5,1351,479,1442.00,0
solvetic.com,0,1,2462,1131,35.00,0
virtualtrainings.com,0,1,670,361,2463.00,0
cfx.re,0,2,21976,87067,8485.00,0
goldenowl.digital,0,2,509,35,50.00,0
presspage.com,0,5,1914,2543,9678.00,4
applivery.com,0,1,1921,947,8969.00,1
phphub.net,0,1,180,682,2226.00,0
interconnectit.com,0,11,46,97,36.00,0
linuxstart.com,0,6,2835,754,111.00,0
itwiser.co.uk,0,2,110,320,344.00,0
glassdoor.sg,0,1,198478,26312,45735.00,0
lizard.global,0,1,1063,243,460.00,0
winwar.co.uk,0,1,24,0,0.00,0
tortoiseandharesoftware.com,0,2,2534,2898,17795.00,2
kmwade.com,0,2,198,0,0.00,0
pistonheads.com,0,1,113904,60796,37953.00,2
esecurityplanet.com,0,2,22799,7305,47536.00,33
percona.com,0,28,7519,6277,24465.00,10
os-system.com,0,1,1147,94,223.00,0
salvagedata.com,0,1,22156,37414,68004.00,10
cathcrowleyauthor.com,0,1,12,27,35.00,0
happiworks.io,0,1,97,5,0.00,0
mylivesignature.com,0,2,3854,10470,9641.00,0
bmdpat.com,0,6,66,21,6.00,0
thegray.company,0,3,950,815,1776.00,0
proprofs.com,0,1,244092,330242,191279.00,0
justechcreations.com,0,2,255,2,0.00,0
outputbooks.com,0,2,490,319,2396.00,0
speedtestcustom.com,0,3,37913,92645,156425.00,0
tryanalyze.ai,0,5,5619,1251,3414.00,0
tmdextensions.com,0,4,115,4,0.00,0
webbiquity.com,0,1,2654,255,1654.00,0
nabirio.com,0,1,28,50,50.00,0
jadaptive.com,0,2,416,158,724.00,0
squareinternet.co,0,5,170,2,0.00,0
smalldev.es,0,2,138,34,9.00,0
seoexponentbd.com,0,4,153,5,0.00,0
dhw.co.jp,0,3,446,790,243.00,0
outsystems.com,0,40,25068,43342,254334.00,221
neboxhost.cl,0,2,20,20,0.00,0
alliedcircuits.com,0,1,52,406,954.00,0
skyquestt.com,0,22,21162,5905,4694.00,0
server.ua,0,2,151,134,465.00,0
linkfinderai.com,0,2,735,630,2064.00,0
caniuse.com,0,63,4489,16262,68947.00,0
coreldraw.com,0,20,19504,74574,208129.00,315
vitolavecchia.altervista.org,0,2,1003,26,19.00,0
rebump.cc,0,2,647,105,822.00,0
conjura.com,0,1,564,230,2768.00,0
hihello.com,0,1,3792,15467,36114.00,31
soferadvisors.com,0,1,4644,11717,13660.00,0
aryza.com,0,1,748,423,1428.00,0
lsd.law,0,1,101680,231284,291480.00,0
nine.is,0,1,852,806,3899.00,0
qewebby.com,0,8,166,69,18.00,0
worknetdupage.org,0,1,1404,1955,8644.00,0
brandlogg.com,0,2,416,1532,4727.00,0
timeatlas.com,0,5,8185,2004,824.00,0
java.com,0,7,38550,689009,2220557.00,0
cheapwebsitedesigner.org,0,2,103,1,0.00,0
joshcollinsworth.com,0,4,437,1242,1744.00,0
logmeonce.com,0,3,58764,2685,7183.00,0
worldreplies.com,0,2,1754,564,462.00,0
lrl.kr,0,1,25,329,164.00,0
masterclass.com,0,1,976239,1341312,758146.00,480
graciads.com,0,1,81,2,0.00,0
passionsplay.com,0,3,58,43,39.00,0
msofficeforums.com,0,3,7648,3938,873.00,0
cretathemes.com,0,13,743,19,43.00,0
zenfolio.com,0,3,18347,50146,80661.00,292
alexanderstreet.com,0,5,44908,54447,23199.00,0
marketchameleon.com,0,1,130572,424726,709355.00,28
pulsodigital.com.mx,0,2,83,13,2.00,0
ceramicartsdaily.org,0,4,13175,10048,4148.00,0
pepmedia.in,0,1,124,10,0.00,0
webhostingadvices.com,0,1,721,5,19.00,0
multisyncmadeasy.com,0,1,407,25,1.00,0
singular.net,0,1,7395,13014,94817.00,0
ero-video.net,0,1,6851,25354,533.00,0
rankya.com,0,2,3187,764,331.00,0
lave.fun,0,1,1,0,0.00,0
oed.com,0,7,2888844,5782266,3990022.00,0
seo-kueche.de,0,2,1299,1197,6735.00,0
howstuffworks.com,0,86,2149835,4728028,2403742.00,0
shoppageandco.com,0,1,15,0,0.00,0
stepfoxthemes.com,0,1,36,0,0.00,0
viacreative.co.uk,0,2,70,91,28.00,0
armbian.com,0,1,1543,2470,743.00,0
turbolab.it,0,2,328,24,0.00,0
smartclip.tv,0,1,1192,798,3536.00,0
accessdatabasecloud.com,0,1,347,330,3864.00,0
agencyanalytics.com,0,9,33981,17840,180883.00,681
pitchpinemedia.com,0,1,394,352,1273.00,0
howlecreative.com,0,1,620,55,323.00,0
abstractfonts.com,0,1,4819,4432,4066.00,0
webmatters.co.nz,0,3,203,2,0.00,0
tinywow.com,0,1,43938,70923,53979.00,0
unosquare.com,0,13,2046,5101,28135.00,128
oppora.ai,0,6,4358,3371,7714.00,0
felipeelia.com,0,8,37,6,1.00,0
cipher.co.th,0,3,445,57,29.00,0
icimss.edu.pl,0,20,62,12,76.00,0
salesgenie.com,0,1,13901,24624,278226.00,562
adventurewednesdays.com,0,1,489,620,130.00,0
jocheojeda.com,0,1,133,3,0.00,0
ifttt.com,0,23,31486,71335,39817.00,3
techspawn.com,0,3,399,32,369.00,0
mytekrescue.com,0,5,1839,1888,7109.00,0
geeklab.blog,0,1,54,3,43.00,0
fixed.net,0,24,1101,254,1802.00,23
wpworld.host,0,5,264,25,41.00,0
solwininfotech.com,0,6,1225,38,102.00,0
suped.com,0,2,3571,1529,4953.00,0
gyre.pro,0,1,3157,1664,2527.00,3
neo-wp.com,0,4,69,3,0.00,0
finalsite.com,0,6,22641,18998,41192.00,31
sector67.org,0,1,217,411,10.00,0
bsa-web.fr,0,1,30,10,53.00,4
superadmin.es,0,1,99,123,51.00,0
protonvpn.com,0,47,53138,1160342,1686914.00,225
justinharter.com,0,2,1221,5498,10658.00,0
thegutenbergsite.com,0,2,11,25,48.00,0
blocksentient.com,0,2,761,20,36.00,0
blues.com,0,1,1209,1681,4005.00,1
stileproject.com,0,1,357106,606235,1392644.00,0
ni18.in,0,1,920,98,0.00,0
hostpresto.com,0,16,1109,188,650.00,0
apnic.net,0,2,4884,5710,6991.00,0
viettelidc.com.vn,0,9,446,373,208.00,0
houzez.co,0,2,344,1199,4630.00,0
uptimerobot.com,0,77,16444,125498,364290.00,82
claudiorimann.com,0,2,40,6,0.00,0
decentriq.com,0,5,890,1255,5945.00,0
upstagingcoloradopremier.com,0,1,10,0,0.00,0
dashbird.io,0,8,1799,797,3093.00,0
intelytics.co,0,4,232,5,10.00,0
free.tools,0,34,388,166,448.00,0
zignuts.com,0,3,2114,907,4038.00,0
ama.org,0,2,42151,480989,3202242.00,6
allmusic.com,0,1,1102339,2434521,1309832.00,0
outlook.com,0,1,15391,389752,122218.00,0
luckyregister.com,0,8,3758,509,870.00,0
keygen.sh,0,1,964,3181,7170.00,0
seoinventiv.com,0,1,564,21,87.00,0
magento-opensource.com,0,2,970,1118,7108.00,0
pc-freak.net,0,14,3141,2857,474.00,0
launchcodex.com,0,1,855,326,264.00,0
tinaja.computer,0,1,2,5,0.00,0
domeinwinkel.hosting,0,1,29,4,3.00,0
favicon.im,0,10,866,832,961.00,0
pingidentity.com,0,21,30100,51669,367981.00,384
groupmail.io,0,1,1005,135,687.00,0
bizjournals.com,0,1,1054497,805391,1144171.00,85
artlist.io,0,3,47782,199062,708503.00,7111
formidableforms.com,0,77,3936,5422,4068.00,9
popupsmart.com,0,10,12105,4048,15810.00,0
makeyourmarkdigital.com,0,2,2135,1012,9539.00,0
columbia.edu,0,19,1245709,4025171,6321700.00,1053
arraystory.com,0,1,10,8,0.00,0
encharge.io,0,2,8825,4029,46462.00,0
refact.ai,0,1,608,1792,5632.00,0
jtreminio.com,0,1,41,10,3.00,0
ashleyjanssen.com,0,2,1159,5226,3414.00,0
eevis.codes,0,1,69,39,17.00,0
prowritingaid.com,0,6,165079,638545,355172.00,117
theloopmarketing.com,0,1,1348,575,2332.00,0
testfiltering.com,0,1,593,11710,21019.00,0
tibco.com,0,2,17117,20042,84491.00,0
wethinkintegrated.com,0,3,455,314,421.00,0
scottklement.com,0,5,272,62,199.00,0
reviewboard.org,0,1,300,505,900.00,0
7thzero.com,0,11,202,68,31.00,0
micropython.org,0,6,2008,2993,996.00,0
cprimozic.net,0,2,148,248,214.00,0
sameday.bg,0,1,43,32,16.00,0
vanillasoft.com,0,7,2585,2578,10756.00,22
homegauge.com,0,1,3926,9779,23729.00,8
abp.io,0,4,1041,793,713.00,1
moleseyhill.com,0,1,111,6,0.00,0
codingpixel.com,0,1,523,198,2108.00,0
armann-systems.com,0,1,438,8,0.00,0
jurusbangsat.id,0,3,16,10,0.00,0
savedelete.com,0,1,10636,284,1567.00,0
vicpimakers.ca,0,1,243,250,0.00,0
poper.ai,0,2,4575,5418,14699.00,0
epcgroup.net,0,1,2290,627,4732.00,0
trainingpeaks.com,0,2,39711,73254,45261.00,53
tme.com,0,1,27342,36953,25802.00,45
plugintheme.net,0,10,1441,430,554.00,0
robotmoon.com,0,1,115,132,3.00,0
wevideo.com,0,1,17994,246431,69157.00,134
huntress.com,0,35,36367,110630,634194.00,5664
tataneu.com,0,1,10234,6725,13925.00,0
scalablepath.com,0,3,1913,594,3869.00,0
orionfeedback.org,0,4,708,1193,91.00,0
wikimediafoundation.org,0,1,5522,131022,296278.00,0
storylane.io,0,4,32553,6447,46835.00,227
textranch.com,0,1,73117,12581,6162.00,0
devcycle.com,0,2,1205,831,2881.00,0
nationalcareers.service.gov.uk,0,6,62890,238158,448320.00,0
xerotica.com,0,1,27668,297992,102597.00,0
perlmonks.org,0,2,3259,601,99.00,0
collaborator.pro,0,2,2711,3196,19911.00,21
levels.fyi,0,13,164796,378947,777937.00,0
arizona.edu,0,2,746935,2990149,10522710.00,138
pirg.org,0,1,25283,20415,24737.00,0
bluehost.in,0,7,285,1205,3750.00,0
nav.com,0,1,76152,85982,794908.00,688
backdropcms.org,0,10,414,593,553.00,0
digitalroute.com,0,5,3056,1637,4547.00,0
qualtrics.com,0,1,118970,678402,2604256.00,2296
lifecoachmagazine.com,0,1,5865,124,417.00,0
justhorseriders.co.uk,0,2,9344,3071,442.00,0
novatime.com,0,1,352,647,1204.00,0
americanexpress.com,0,4,1137108,11977323,60651908.00,13047
amazon.eg,0,1,40099,48642,24255.00,0
xml.com,0,1,814,834,1445.00,0
pedroprieto.github.io,0,1,4,1,0.00,0
ssls.com,0,15,3516,25784,125092.00,38
scalesta.com,0,40,943,447,112.00,0
oddjar.com,0,10,275,26,90.00,0
lyfemarketing.com,0,6,36509,105091,1200579.00,11
commands.dev,0,3,1187,3,0.00,0
outsourcify.net,0,6,197,90,72.00,0
bitdegree.org,0,1,63335,30851,189697.00,0
witscode.com,0,4,119,14,55.00,0
101computing.net,0,1,7143,9544,7532.00,0
gainline.co.uk,0,1,90,18,0.00,0
toniborras.com,0,2,42,12,0.00,0
thebitcoinmanual.com,0,1,594,875,2463.00,0
interscopemedia.com,0,1,110,302,944.00,0
clarenceschools.org,0,1,1221,6698,350.00,0
kenjisugimoto.com,0,2,125,483,0.00,0
elledecor.com,0,1,283962,565460,248818.00,135
417marketing.com,0,1,483,77,830.00,0
manfredguendel.wordpress.com,0,1,1,0,0.00,0
lexisnexis.com,0,30,164874,648382,2972509.00,443
toolsinstaller.com,0,1,15,9,7.00,0
payoneer.com,0,1,14361,106733,1011885.00,232
jetbrains.com,0,102,105356,431696,1403009.00,497
thepostmansknock.com,0,1,13350,62153,34692.00,0
pflb.us,0,25,2879,3046,9946.00,78
sapiensdev.com,0,1,362,250,0.00,0
apistylebook.com,0,4,156,25,104.00,0
covisum.com,0,4,5017,4014,4705.00,0
kipwise.com,0,1,2147,2027,6071.00,0
tresta.com,0,1,2207,44496,14803.00,0
vendasta.com,0,18,15120,14398,247729.00,74
pornsites.xxx,0,1,4141,17748,7936.00,0
y-designs.com,0,2,528,79,123.00,0
pipedrive.com,0,102,76400,159678,1152589.00,3880
kevin-grillot.fr,0,1,269,20,0.00,0
specbee.com,0,10,1754,1849,21313.00,65
propeltech.co.uk,0,10,505,827,3943.00,0
nobledesktop.com,0,39,59210,42755,257653.00,2
goinswriter.com,0,3,3836,23920,46502.00,0
dnsstuff.com,0,10,18745,105471,725371.00,0
intechdc.com,0,1,645,47,115.00,0
planeks.net,0,2,1043,110,307.00,0
maddisondesigns.com,0,1,182,100,3.00,0
maryland.gov,0,1,1589401,6189097,8987578.00,26
leaningtech.com,0,1,334,328,1864.00,0
kiln.tech,0,1,43,68,319.00,0
blokada.org,0,1,872,4189,3098.00,0
emmer.dev,0,1,467,261,289.00,0
subsub.io,0,2,2360,4269,4018.00,0
hosttech.ch,0,3,381,46,148.00,2
simicart.com,0,1,5545,237,222.00,0
bihar.gov.in,0,1,31777,41503,5124.00,0
schoolofit.co.za,0,2,454,713,673.00,0
syncx.com,0,2,190,44,378.00,0
dietpi.com,0,5,2033,2767,244.00,0
familyhandyman.com,0,1,579266,609283,916629.00,2
sparwan.com,0,4,149,2,0.00,0
gatsbyjs.com,0,12,1729,4876,12078.00,0
seeclickfix.com,0,4,13422,11322,24389.00,0
codoid.com,0,1,2259,873,1868.00,0
europa.eu,0,1,15366,40853,92851.00,0
dnrweqffuwjtx.cloudfront.net,0,1,8748,171681,106158.00,0
infidigit.com,0,12,14567,2827,8447.00,0
amperecomputing.com,0,1,1752,5771,7664.00,9
designstrategy.guide,0,1,197,181,84.00,0
victorroblesweb.es,0,1,17,0,0.00,0
mun.gitbook.io,0,1,36,1,0.00,0
securitysenses.com,0,1,7815,7926,22165.00,0
zackproser.com,0,1,960,1176,35482.00,0
solar2d.com,0,1,826,683,71.00,0
unige.ch,0,3,14528,16452,29732.00,0
isograd-testingservices.com,0,1,527,437,767.00,0
rakuten.co.jp,0,1,304583,185810,73439.00,120
scrimba.com,0,10,3272,20170,50572.00,7
nadnosliw.wordpress.com,0,1,232,163,0.00,0
ncsu.edu,0,47,1172925,4258209,4253086.00,15
lastpass.com,0,15,53935,1068912,1604527.00,1181
baremetal.jp,0,2,7,0,0.00,0
hungerford.tech,0,1,3021,923,2676.00,0
fyxer.com,0,57,36829,71488,122145.00,674
syncfusion.com,0,18,26424,40030,58256.00,671
python-engineer.com,0,1,3341,1389,793.00,0
azariangrowthagency.com,0,1,5630,1214,5807.00,0
formnx.com,0,2,1898,1860,4014.00,0
wccftech.com,0,3,325490,122393,32961.00,0
mailercloud.com,0,38,4695,3110,4034.00,1
tangokilomike.org,0,1,29,8,0.00,0
pomoc.home.pl,0,1,689,464,319.00,0
skale.so,0,2,2417,56,38.00,0
sitelint.com,0,2,1494,561,503.00,0
qarbon.it,0,1,270,24,75.00,0
digitalofficepro.com,0,2,7919,688,213.00,0
devopsgurukul.com,0,2,22,0,0.00,0
ufes.br,0,1,863,1024,871.00,0
cash.app,0,1,243315,2388869,3428003.00,252
xnapper.com,0,2,1206,4072,1704.00,0
pki.goog,0,1,293,607,2517.00,0
goteleport.com,0,36,12327,50023,258550.00,177
themeselection.com,0,2,2907,957,1453.00,0
lftm.com.br,0,1,19360,13016,21509.00,0
intellectualstrategies.com,0,3,347,37,223.00,0
fluentc.ai,0,1,20,7,2.00,0
website-traffic-checker.vercel.app,0,1,8,0,0.00,0
pocket-lint.com,0,37,313904,124710,105041.00,0
tpointtech.com,0,1,3854,165378,473064.00,0
spideraf.com,0,2,3454,1569,10228.00,17
rows.com,0,8,23492,24578,26666.00,0
samuelaguilera.com,0,2,14,0,0.00,0
inquirer.net,0,1,413339,350248,198502.00,0
crawler.ninja,0,1,157,34,72.00,0
awsm.dev,0,1,191,0,0.00,0
nexd.com,0,2,814,295,6038.00,5
bluestingray.com,0,2,92,48,199.00,0
seoresellerscanada.ca,0,4,1842,985,4386.00,0
skaa.com.br,0,1,3,0,0.00,0
gfchart.com,0,4,135,34,79.00,0
bloggingidol.com,0,3,492,85,57.00,0
stordis.com,0,3,1149,893,1141.00,0
hover.com,0,2,7629,17270,81204.00,1
nominate.com,0,1,3063,1013,1758.00,0
funwithplugins.com,0,4,83,0,0.00,0
tasmanic.nl,0,2,329,206,94.00,0
getwebinc.com,0,2,331,98,307.00,0
localservicemastery.com,0,6,718,34,70.00,0
crateentertainment.com,0,1,5012,8618,1067.00,0
own3d.tv,0,1,10979,28180,11540.00,21
koolearn.com,0,1,76869,15752,4207.00,13
jason-personalcare.com,0,1,1680,7530,2962.00,0
avsystem.com,0,2,2094,1073,4109.00,9
waivio.com,0,1,34725,22892,12445.00,0
6sense.com,0,25,39816,47460,355914.00,973
tehnoblog.org,0,1,339,101,7.00,0
mariehaynes.com,0,2,1340,4320,24769.00,0
secureworld.io,0,1,5889,3633,2631.00,105
digitalbutlers.team,0,1,15,1,0.00,0
evemilano.com,0,6,222,45,15.00,0
metricasboss.com.br,0,1,83,20,2.00,0
usernet.hu,0,1,28,21,210.00,2
blogfonts.com,0,1,8173,5765,1307.00,0
brj.cz,0,1,337,10,0.00,0
streamee.com,0,1,28,42,8.00,0
engun.co.jp,0,1,30,0,0.00,0
bookeo.com,0,6,11664,26839,94801.00,0
jeffreyeverhart.com,0,6,232,94,94.00,0
evernex.com,0,2,3403,6052,39876.00,8
multivendorx.com,0,5,171,19,69.00,0
kanbanchi.com,0,10,8569,12036,19078.00,0
tru.ca,0,1,62996,64127,85121.00,0
netgen.in,0,1,11,1,0.00,0
managemore.com,0,1,524,151,1163.00,0
tourismtribe.com,0,1,197,19,20.00,0
traverselegal.com,0,1,4713,2573,19348.00,0
touro.edu,0,1,52368,336338,555962.00,314
rns.com.ua,0,1,46,20,0.00,0
milled.com,0,1,152786,11830,15385.00,0
javascript.com,0,16,2220,27692,71079.00,0
coomer.org.uk,0,1,905,6131,153.00,0
bluegurus.com,0,2,1312,2149,748.00,0
theblur.io,0,1,55,9,105.00,0
esciencecenter.nl,0,2,249,304,96.00,0
icore.com.my,0,1,440,41,5.00,0
cysend.com,0,1,4685,1012,2159.00,0
fluentforms.com,0,27,4672,11795,40460.00,83
ded9.com,0,6,6634,247,429.00,0
dj-extensions.com,0,1,396,171,331.00,0
die-mainagentur.de,0,1,29,1,0.00,0
lsst.io,0,1,968,450,597.00,0
gt3themes.com,0,1,189,4,5.00,0
arkansas.gov,0,2,527135,1596116,2531091.00,0
leanware.co,0,2,8228,2582,19822.00,0
qrcode-generator.app,0,1,44,0,0.00,0
zudo-css.pages.dev,0,1,17,0,0.00,0
mkyong.com,0,7,12267,2279,218.00,0
mor10.com,0,9,295,176,98.00,0
616mg.com,0,1,258,115,0.00,0
ndia.org,0,2,5006,12399,13206.00,0
evoca.tv,0,1,27704,5161,10264.00,0
activemember360.com,0,1,52,0,0.00,0
nealdavislaw.com,0,8,18355,113885,254403.00,0
labcreative.co.uk,0,1,57,693,0.00,0
hostonnet.com,0,3,1644,10,3.00,0
corerated.com,0,7,84,0,0.00,0
glider.ai,0,1,5651,1965,9394.00,0
cloudfest.com,0,1,524,942,1729.00,0
photoclaim.com,0,1,296,121,1.00,0
salesblink.io,0,1,7188,621,3701.00,0
givewell.org,0,8,7197,14597,78475.00,20
ezus.io,0,1,839,1237,5101.00,19
findmykids.org,0,10,47292,70029,17342.00,0
mariokandut.com,0,2,632,8,0.00,0
zhihu.com,0,18,1300378,2096745,729731.00,0
devcherryroad.com,0,1,60,1,0.00,0
theskinsfactory.com,0,1,545,574,276.00,0
jebcommerce.com,0,1,239,204,458.00,0
4545.to,0,1,207,226,0.00,0
sustainability.google,0,2,1801,4592,15344.00,0
michaelpage.nl,0,3,830,258,252.00,0
www.pythonanywhere.com,0,2,2041,13776,53238.00,0
scoutapm.com,0,9,1560,1473,2669.00,0
sdstate.edu,0,9,119242,209643,258714.00,0
mypayadvisor.com,0,1,167,4,40.00,0
hostingplus.com.co,0,6,108,6,1.00,0
digitallychee.com,0,18,73,137,427.00,0
scivision.dev,0,1,1653,319,16.00,0
pixsy.com,0,2,4915,18722,5874.00,0
whirlpool.net.au,0,6,82415,5610,4600.00,0
exabytes.co.id,0,1,1848,1130,2826.00,0
prystine.co.uk,0,1,92,14,30.00,0
thepagecompany.com,0,1,321,689,475.00,0
lightweb-media.de,0,2,154,2,0.00,0
snhu.edu,0,13,312573,2845820,25942261.00,5082
smarsh.com,0,1,6184,14090,100570.00,127
heyflow.com,0,7,2169,5659,32180.00,640
osint.industries,0,3,5346,18900,54910.00,0
wpcharitable.com,0,7,1185,693,2343.00,0
datafeedwatch.com,0,2,8493,6605,44316.00,32
infiniroot.com,0,1,104,24,1.00,0
mantenimientowordpress.ar,0,1,1,0,0.00,0
infusionsoft.com,0,1,1183,264,346.00,0
wpunj.edu,0,2,44700,185163,630448.00,117
stackscan.com,0,1,826,325,2015.00,0
edutechack.com,0,1,117,58,0.00,0
studioubique.com,0,8,453,261,1509.00,0
bo-we.dk,0,1,35,20,11.00,0
lww.com,0,1,398430,698492,816435.00,123
hudled.com,0,1,665,32,107.00,0
webcreativedesigns.com,0,2,62,34,9.00,0
impactmedia.co.uk,0,1,827,576,149.00,0
easydmarc.com,0,22,13592,37873,76003.00,136
aquihaydominios.com,0,2,34,2,0.00,0
sapling.ai,0,1,56257,221976,262699.00,6
generalredneck.com,0,2,90,4,0.00,0
saasworthy.com,0,1,96016,20576,88476.00,69
cloudiway.com,0,1,1592,733,7241.00,12
newmail.ai,0,11,8878,1110,1031.00,0
fapam.edu.br,0,3,217608,113228,125556.00,0
dpdk.org,0,1,737,440,722.00,0
inventorysource.com,0,10,6717,5896,16687.00,0
followchain.org,0,1,23172,1124,58.00,0
brandwares.com,0,1,205,123,87.00,0
wpgrowthstack.com,0,2,110,1,47.00,0
enginethemes.com,0,1,328,41,17.00,0
woz-u.com,0,5,2101,3594,9959.00,0
theappsolutions.com,0,4,3292,805,5984.00,0
sandiego.edu,0,7,150627,436371,726793.00,2172
thewebhostingdir.com,0,3,3115,1014,4284.00,0
lenguajejs.com,0,7,398,50,16.00,0
makingamark.blogspot.com,0,2,2473,2133,308.00,0
kde.org,0,2,17309,65391,30065.00,0
datashake.com,0,2,120,120,283.00,0
change.org,0,1,150549,315772,275999.00,146
scoutdns.com,0,1,464,298,2443.00,0
raycast.com,0,1,4212,27476,10462.00,19
nym.com,0,9,9635,12355,12773.00,0
imobie.com,0,31,163752,36205,26351.00,2
shipbob.com,0,1,59334,88046,381216.00,29
supercopyeditors.com,0,1,1424,1978,2267.00,1
coretechnologies.com,0,8,1615,1883,2642.00,0
raventools.com,0,26,4019,10998,26464.00,0
juarez.gob.mx,0,2,32934,18390,4279.00,0
horstmann.com,0,1,398,487,480.00,0
weareyard.com,0,1,245,111,124.00,0
smart-academy.in,0,2,383,409,297.00,1
plainconcepts.com,0,2,3456,2359,4085.00,0
stoneridgesoftware.com,0,1,2781,1779,7475.00,45
vikingbags.com,0,1,61182,107904,76025.00,74
certent.com,0,1,490,964,2657.00,0
babano.ir,0,3,17,0,0.00,0
visiaagency.com,0,1,6,0,0.00,0
sqlshack.com,0,1,33916,23446,32206.00,0
wiro.agency,0,2,287,314,1691.00,0
mieru-ca.com,0,2,645,716,48.00,0
wedevs.com,0,108,7033,2255,19931.00,0
appvizer.fr,0,3,5145,2196,2907.00,0
screenpal.com,0,4,19237,90011,144811.00,0
mixedmode.org,0,1,1,0,0.00,0
ministryofjustice.github.io,0,2,94,17,39.00,0
sandia.gov,0,1,17109,74997,44307.00,0
michaelvozzo.com,0,1,2,0,0.00,0
ssh.com,0,38,14638,46804,89912.00,51
cloudresearch.com,0,1,6391,44438,131274.00,0
galaxyproject.org,0,16,4103,3350,5044.00,0
servercore.com,0,1,1787,2371,9758.00,0
static.app,0,14,3764,13021,52722.00,0
hangtenseo.com,0,1,522,82,176.00,0
copywritingcrew.com,0,1,404,125,592.00,0
experttexting.com,0,1,1630,857,2822.00,45
encryptionconsulting.com,0,8,9885,16851,31209.00,0
altcha.org,0,3,435,355,811.00,0
sterlingsky.ca,0,1,2998,3226,20297.00,0
nonstopio.com,0,8,821,133,252.00,0
hostingseekers.com,0,31,8440,4929,12217.00,0
casdoor.github.io,0,1,288,138,632.00,0
smartwp.com,0,58,965,247,434.00,0
privacypolicies.com,0,34,6275,7378,22203.00,0
alteryx.com,0,3,29527,41398,198034.00,509
recorderforum.com,0,1,125,74,1.00,0
liveproxies.io,0,3,2863,6242,13825.00,10
wordpress.tv,0,6,374,223,105.00,0
couchdrop.io,0,39,2845,1550,10111.00,307
sanebox.com,0,1,2978,36437,132929.00,20
swancreative.co.uk,0,2,281,160,1357.00,0
themesinfo.com,0,23,2390,1602,1679.00,0
clientwhys.com,0,12,658,566,3724.00,0
stormerhost.com,0,1,914,36,142.00,0
placekey.io,0,1,803,969,1194.00,0
modelosdeplandenegocios.com,0,1,1360,1778,1341.00,0
xforms.org,0,1,87,21,49.00,0
digitalengage.net,0,10,3713,1288,9577.00,0
heavy-r.com,0,1,351898,520901,42936.00,0
leyaai.com,0,1,744,667,851.00,0
techlore.tech,0,6,8432,18338,25967.00,0
imforza.com,0,1,106,44,82.00,0
clickflare.io,0,1,100,37,105.00,0
directiveconsulting.com,0,1,14973,33181,441841.00,160
distractify.com,0,1,840764,219004,8146.00,0
web-alert.io,0,2,905,753,1796.00,3
searchwp.com,0,11,997,1696,4293.00,0
xunta.gal,0,1,26138,11719,6002.00,0
ionos.it,0,2,447,250,32.00,0
leanix.net,0,2,8099,14458,68619.00,0
vulners.com,0,1,3387,3588,2528.00,0
seoreseller.com,0,2,3575,12609,144796.00,0
boulevarddm.com,0,3,117,57,291.00,0
sundancecollege.com,0,1,3518,1436,2021.00,0
hallme.com,0,3,1270,581,226.00,0
bettercommerce.io,0,3,1988,2126,6750.00,0
centered.co.jp,0,1,206,13,0.00,0
linglom.com,0,3,477,7,6.00,0
pngitem.com,0,1,86665,21411,565.00,0
graceandvinestudios.com,0,3,186,342,127.00,0
cnnbrasil.com.br,0,9,90140,107367,59075.00,0
artofinfra.com,0,7,202,245,2081.00,0
qualixsolutions.com,0,2,392,570,120.00,0
opentextcybersecurity.com,0,67,12010,5144,3251.00,0
libom.se,0,1,10,2,0.00,0
laramate.de,0,2,28,17,12.00,0
danrowden.com,0,1,38,10,4.00,0
cloudmailin.com,0,7,429,437,3039.00,23
sidn.nl,0,1,888,1372,2635.00,0
123.net,0,1,4995,33877,50036.00,0
agfequipamentos.com.br,0,1,12,11,12.00,0
submittable.com,0,5,27268,98601,488069.00,88
ku.edu,0,1,352961,1247772,3041764.00,98
spreadprivacy.com,0,2,1220,28869,19753.00,0
viirl.com,0,1,227,470,1111.00,0
runn.io,0,4,13725,10722,24561.00,0
differencebetween.com,0,1,170025,11507,7357.00,0
robustperception.io,0,1,298,134,23.00,0
ciq.com,0,2,979,1612,6386.00,85
retool.com,0,7,18074,48181,171975.00,1460
adaptixnetworks.com,0,1,65,16,0.00,0
seobatter.com,0,1,82,31,0.00,0
codeconfig.dev,0,4,560,26,160.00,0
pressillion.com,0,1,66,0,0.00,0
testgrid.io,0,7,10846,17896,53210.00,11
keywordsearch.com,0,2,3669,602,1269.00,0
stact.com,0,1,47,3,41.00,0
renewlocal.com,0,1,309,209,3894.00,0
scriptfeeds.com,0,1,31,0,0.00,0
infonewtechnologies.net,0,1,198,2,6.00,0
tcl.com,0,11,169119,454731,251956.00,103
replug.io,0,2,7474,1710,1045.00,0
fozzy.com,0,2,737,188,430.00,0
askpython.com,0,2,27737,7604,2771.00,0
wp.cloud,0,3,184,358,5453.00,0
iobit.com,0,45,34406,139555,107036.00,30
fes.cloud,0,1,115,11,1.00,0
playfulprogramming.com,0,3,431,157,28.00,0
detype.com,0,1,355,20,86.00,0
bestcms.eu,0,1,2,0,0.00,0
netscout.com,0,1,8754,18072,51325.00,435
firecrawl.dev,0,47,8197,42628,218724.00,18
visser.com.au,0,2,378,5,5.00,0
bizcommunity.com,0,1,8380,1398,1978.00,0
houstonchronicle.com,0,1,521634,325752,320013.00,60
nyamira.go.ke,0,1,199852,6502,1308.00,0
thewpguy.com.au,0,2,104,3,0.00,0
wasabi.com,0,2,4486,10025,56701.00,234
websoptimization.com,0,1,762,55,52.00,0
boomi.com,0,5,16350,28577,179231.00,3507
libero.it,0,3,14336,511226,3929.00,0
wpsessions.com,0,1,32,13,0.00,0
bunnyshell.com,0,1,1648,1179,5593.00,0
netcorecloud.com,0,3,6754,1677,10534.00,0
yougov.com,0,12,149862,800810,396789.00,897
vanillaforums.com,0,1,705,1378,3688.00,0
abnormal.ai,0,10,7237,17578,85176.00,373
zorraquino.com,0,1,1746,540,1023.00,0
richswebdesign.com,0,1,321,60,71.00,0
mailreach.co,0,48,5230,5063,12643.00,98
ifs.com,0,5,15935,30255,159835.00,820
ianlanham.com,0,1,2,0,0.00,0
uglifyjs.net,0,4,54,162,352.00,0
hormigasenlanube.com,0,1,81,19,46.00,0
andreawhitmer.com,0,3,120,35,44.00,0
crepal.ai,0,2,2830,5722,1483.00,0
xtendamix.com,0,1,124,1133,1116.00,0
redirecttracker.com,0,17,280,223,636.00,0
wpwork.shop,0,1,15,14,31.00,0
webstrategies.com,0,8,928,400,614.00,0
greenclosetcreative.com,0,4,194,123,60.00,0
rwoldford.netlify.app,0,1,4,0,0.00,0
nordcraft.com,0,1,105,248,168.00,1
creativebloq.com,0,18,183090,289482,288330.00,0
qz.com,0,1,342286,188339,157117.00,0
adozeneggs.co.uk,0,2,248,84,28.00,0
itlover.tech,0,16,196,75,0.00,0
hoststud.com,0,50,1599,198,185.00,0
themeshaper.com,0,1,53,48,6.00,0
payetteforward.com,0,24,19378,3922,594.00,0
spaceandtime.co.uk,0,1,245,76,357.00,0
owncloud.org,0,6,566,541,858.00,0
andeverywhere.se,0,1,1,0,0.00,0
ispsupplies.com,0,1,9671,6248,12369.00,3
hostcapitol.com,0,1,37,8,6.00,1
rocket.chat,0,33,8071,16051,64249.00,3
zenlayer.com,0,1,1253,1751,4887.00,111
ifconfig.co,0,2,1929,208383,196686.00,0
howtopronounce.com,0,1,872811,921415,419024.00,0
aukera.es,0,1,60,0,0.00,0
infiniteuploads.com,0,20,228,177,1001.00,0
remoovd.com,0,1,160,17,0.00,0
cloud.withgoogle.com,0,1,946,2727,6380.00,0
openembedded.org,0,2,2358,1705,638.00,0
graygrids.com,0,7,2725,3344,77296.00,0
tiktokforbusiness.com,0,1,280,604,4194.00,0
granicus.com,0,11,49430,46396,80377.00,24
codewithmosh.com,0,28,3457,6471,19569.00,0
checkvist.com,0,1,80,641,5207.00,0
bugfender.com,0,3,2312,2032,1257.00,0
rotowire.com,0,1,555647,1734682,5122971.00,0
elentra.org,0,1,116,45,66.00,0
crawlerlist.net,0,1,14,7,0.00,0
webix.com,0,6,1935,1744,3659.00,0
artbutler.com,0,7,117,407,265.00,0
ubuntu-fr.org,0,9,5755,466,590.00,0
toroporno.com,0,1,44541,111920,6251.00,0
enterprisecraftsmanship.com,0,1,290,119,72.00,0
techtip.ir,0,1,531,3,0.00,0
ping.eu,0,16,1587,4481,5322.00,0
reviewtrackers.com,0,1,7141,80353,50223.00,0
wpprovider.com,0,1,348,10,45.00,0
braincert.com,0,13,2010,439,5469.00,0
fluentbooking.com,0,3,3337,1034,2360.00,20
orange.fr,0,2,48455,253705,1100952.00,0
newline.co,0,5,4385,5458,5434.00,0
razankhatib.com,0,1,4,2,0.00,0
drakfjell.se,0,1,9,4,0.00,0
blog.google,0,76,201451,2898977,40289171.00,0
sammapix.com,0,1,958,308,132.00,0
dsa.org,0,1,1990,3598,4613.00,0
sanctuarymg.com,0,2,2290,1361,19454.00,0
mages.edu.sg,0,17,675,442,268.00,0
henrysdesk.com,0,1,3,0,0.00,0
virtualcast.jp,0,1,93,76,11.00,0
syllaby.io,0,3,2967,12868,27970.00,33
seahawkmedia.com,0,31,14141,675,2631.00,0
wampserver.com,0,1,199,5528,387.00,0
fixembed.app,0,1,19,0,0.00,0
societ.com,0,4,5389,2751,9442.00,10
spec-india.com,0,3,2498,388,3907.00,0
systoolsgroup.com,0,21,44254,21167,37014.00,0
everythingdigitally.com,0,1,33,0,0.00,0
nektony.com,0,3,23518,16965,12852.00,0
alphametic.com,0,72,1186,1343,40634.00,0
public-dns.info,0,3,1313,13953,38211.00,0
profitblitz.com,0,2,963,86,263.00,0
johnkavanagh.co.uk,0,6,1797,2906,1144.00,0
orbitjs.com,0,1,5,1,2.00,0
variety.com,0,1,2288248,6888709,3001277.00,0
xugar.com.au,0,1,142,77,204.00,0
theeagleonline.com,0,1,17832,52892,76236.00,0
webbymonks.com,0,1,56,0,0.00,0
digimobil.es,0,2,402,2173,1651.00,0
influxdata.com,0,2,15569,24559,69569.00,110
renesejling.dk,0,1,101,119,58.00,0
wpfactory.com,0,32,1146,126,126.00,0
americaneagle.com,0,36,29616,59002,507885.00,0
haemorikikaku.com,0,1,36,0,0.00,0
positionly.com,0,10,1231,391,1736.00,0
uclv.cu,0,3,3343,1159,472.00,0
innovia.com,0,1,805,591,11702.00,0
toolacademy.com,0,1,9411,687,126.00,0
wpwax.com,0,12,2049,134,526.00,0
scotttroyer.com,0,1,123,133,3.00,0
memedroid.com,0,1,288305,124552,1752.00,0
phpgurukul.com,0,6,882,258,16.00,0
datacenters.google,0,1,5032,34436,97915.00,0
tetrate.io,0,1,2297,2832,10181.00,24
maintenance-wp.com,0,2,185,122,1335.00,0
ableammo.com,0,1,44971,28566,6442.00,0
gestion.pe,0,1,48251,29827,4363.00,1
muniwar.com,0,1,54,0,0.00,0
howbigismybrowser.com,0,1,605,719,256.00,0
tamu.edu,0,2,1046251,3642495,6216757.00,777
veeam.com,0,2,45264,76283,906990.00,1328
neocamino.com,0,1,808,75,29.00,0
nextiva.com,0,1,68862,182252,3171466.00,315
jetpackcrm.com,0,21,2185,1169,10499.00,0
techfusiongear.com,0,2,39,3,9.00,0
eldesarrolladordeapps.com,0,1,8,0,0.00,0
100inc.co.jp,0,1,145,18,0.00,0
grupobarao.com.br,0,1,2,0,0.00,0
brandbucket.com,0,2,21839,27864,61183.00,181
iwdagency.com,0,3,2799,2450,10942.00,0
explainextended.com,0,1,118,25,13.00,0
bibb.pro,0,1,73,486,1024.00,0
iphoneforums.net,0,1,3572,822,68.00,0
passwordprotectwp.com,0,65,1375,116,159.00,0
trioford.com,0,1,11,0,0.00,0
evaluaciondeportiva.com,0,5,6,29,35.00,0
embedplus.com,0,1,19,11,21.00,0
2manydots.nl,0,6,546,165,73.00,0
uci.edu,0,47,420313,1600711,2414429.00,50
leonardomontini.dev,0,1,491,326,134.00,0
refoundry.io,0,1,254,58,60.00,0
bensmida.com,0,2,19,0,0.00,0
adamjohnpurvis.com,0,23,157,17,66.00,0
mkstechnology.com,0,1,1265,360,851.00,0
wordpressconversionservice.com,0,1,7,0,0.00,0
tntware.com,0,2,152,35,22.00,0
bryancharles.org,0,1,7,0,0.00,0
articsledge.com,0,8,8332,9538,15733.00,0
hint.mx,0,1,215,249,635.00,0
bitbag.io,0,10,873,106,244.00,0
ui42.com,0,2,3272,1900,1874.00,0
apowersoft.com,0,1,32899,27268,23621.00,0
everplans.com,0,6,16343,20283,26072.00,0
ventureharbour.com,0,12,7411,68807,2443003.00,0
runpod.io,0,4,9255,37666,156420.00,82
comun.app,0,2,19383,47365,55733.00,0
jedidigitalmarketing.hk,0,1,295,24,20.00,0
easy-feedback.de,0,1,185,106,6.00,0
rule34video.com,0,1,356453,5707045,548161.00,0
geekzone.co.nz,0,2,8749,3699,2759.00,0
getspace.ie,0,1,30,0,0.00,0
format.com,0,6,34615,51370,67713.00,138
daniweb.com,0,26,9812,5161,1827.00,0
creative-tim.com,0,6,7217,3675,7536.00,0
ltnow.com,0,2,748,379,3651.00,0
snapcraft.io,0,13,20063,21566,26614.00,0
webdesign.org,0,2,1967,1246,4638.00,0
filmot.com,0,11,3873,13705,1689.00,0
learntosap.com,0,1,1016,238,676.00,0
studioera.co,0,1,507,640,1579.00,0
sysprovider.es,0,1,64,5,0.00,0
unixadminguide.blogspot.com,0,2,54,6,0.00,0
mobilecoderz.com,0,1,688,60,171.00,0
seamlesschex.com,0,1,7820,2028,25343.00,10
gigapress.net,0,9,2065,53,157.00,0
barrykooij.com,0,1,17,3,0.00,0
codup.co,0,6,1219,58,356.00,0
useboomerang.com,0,1,4560,1354,3400.00,0
corel.com,0,1,19430,20413,35949.00,8
marketeeringgroup.com,0,2,209,270,492.00,0
itrate.co,0,1,8086,1432,14651.00,0
easykey.uk,0,1,469,245,95.00,0
inoutscripts.com,0,1,77,119,2.00,0
teslamotorsclub.com,0,2,71175,65306,41100.00,0
elotouch.com,0,8,15776,57648,105151.00,32
homestead.com,0,1,2785,15112,28185.00,0
canadacreate.com,0,26,1448,674,2196.00,0
saeloun.com,0,1,1145,1133,1152.00,0
abstractbranding.com,0,1,51,23,2.00,0
publisher-collective.com,0,12,2993,2239,8485.00,0
validbot.com,0,3,492,197,724.00,0
dragonflydb.io,0,4,1811,903,3185.00,85
sphinx-themes.org,0,2,80,189,2.00,0
lumivero.com,0,2,12375,38215,78328.00,133
bastidafarina.com,0,2,205,126,151.00,1
fontbros.com,0,1,10682,10429,8904.00,0
coremain.com,0,2,8,1,0.00,0
beefree.io,0,45,4717,12612,65504.00,16
extrememanual.net,0,2,415,2207,0.00,0
ahex.co,0,2,1190,273,5154.00,0
theengineeringprojects.com,0,1,6506,21712,22984.00,0
totaljobs.com,0,1,38668,12957,19437.00,0
wpshortcode.org,0,1,156,27,53.00,0
signulous.com,0,1,641,15013,1310.00,0
active24.es,0,6,67,1,0.00,0
segmetrics.io,0,3,737,1023,3470.00,0
andrewbrookins.com,0,13,148,523,576.00,0
tutorialrepublic.com,0,34,12813,2502,3130.00,0
manifest.ly,0,1,6359,8850,32343.00,0
salamdonya.com,0,1,16572,15500,1447.00,0
sumitdigitech.com,0,6,226,125,270.00,0
newlyrefined.com,0,1,151,0,0.00,0
logicmojo.com,0,1,1432,275,273.00,0
twikit.com,0,1,309,170,233.00,0
ambitionbox.com,0,9,92572,54062,121705.00,0
bplugins.com,0,7,196,327,235.00,0
optad360.com,0,1,1344,340,2684.00,0
datamation.com,0,4,17124,12202,68211.00,0
pintox.com,0,2,428,103,3409.00,0
trustpilot.com,0,104,3658283,14354273,42857969.00,52
ct.gov,0,3,1071734,3207475,5380223.00,0
ror.org,0,1,648,2296,9331.00,0
bloggingguide.com,0,9,5136,1829,743.00,0
timoxendale.co.uk,0,7,200,93,62.00,0
penguinlibros.com,0,1,8589,3371,695.00,0
glowtify.com,0,1,531,391,1095.00,0
snel.com,0,3,2132,527,742.00,0
larksuite.com,0,15,72254,43705,229415.00,0
um.es,0,7,7799,21899,2324.00,0
tritonrankers.com,0,1,1487,6173,2272.00,0
xygeni.io,0,3,3170,2624,6681.00,0
jqueryform.com,0,1,86,47,0.00,0
qqtube.com,0,8,26149,6576,8997.00,0
engagebranding.com,0,1,180,163,1020.00,0
arrobasystem.com,0,1,360,1425,30.00,0
reworked.co,0,5,9973,4526,12123.00,0
smartthings.com,0,2,27286,34216,23543.00,0
cubepath.com,0,1,2580,289,394.00,0
multimediasolutions.com,0,1,397,948,2417.00,0
sprintlaw.com.au,0,1,13161,7984,9351.00,0
primer.io,0,6,2588,3581,17421.00,0
partitionwizard.com,0,20,129384,54080,33565.00,0
browserscan.net,0,2,10010,10733,14155.00,0
levamo.com,0,61,1654,894,2481.00,0
domestika.org,0,13,49095,83684,64467.00,26
emailosint.org,0,1,415,366,702.00,0
wpcodebox.com,0,19,184,103,229.00,2
downscanner.com,0,4,3446,754,1020.00,0
improvado.io,0,7,29612,48285,335309.00,4
seidor.com,0,4,3125,1913,9834.00,0
freelancer.com,0,8,35214,107102,274775.00,196
wiktionary.org,0,22,5853666,13738642,13130941.00,0
rankstar.io,0,12,2664,1114,11466.00,0
typismcommunity.com,0,1,565,2009,3407.00,0
gorizen.com,0,1,656,518,3005.00,0
fivenines.io,0,1,383,49,324.00,0
usefenn.com,0,1,644,595,348.00,0
wi.gov,0,3,625635,2267243,3404157.00,0
gitee.com,0,1,8674,22453,10120.00,0
wpsparks.com.au,0,11,169,6,35.00,0
marketingprofs.com,0,4,17846,18519,41616.00,4
nucleustechnologies.com,0,3,26004,14031,6357.00,56
optizent.com,0,1,1612,491,1980.00,0
oflox.com,0,1,10014,125,243.00,0
mohitsseotraining.com,0,1,1961,294,1253.00,0
velvetjobs.com,0,18,124639,33982,82513.00,76
eklipsecreative.com,0,3,40,2,0.00,0
wppopupmaker.com,0,1,720,1442,2318.00,0
beeg.porn,0,2,433173,543996,202891.00,0
trainerroad.com,0,3,54616,81342,45728.00,0
instasafe.com,0,9,5358,5974,166283.00,0
cireson.com,0,2,501,505,2492.00,4
apxml.com,0,25,23053,10997,11467.00,0
calm.com,0,1,166511,211529,177364.00,82
devabit.com,0,4,1559,223,680.00,0
tkacz.pro,0,2,118,68,73.00,0
apivoid.com,0,28,5172,14330,60543.00,0
cegal.com,0,1,1624,3134,16693.00,0
monstermegs.com,0,3,379,193,169.00,0
blazethemes.com,0,5,373,111,155.00,0
tsapanoglou.wordpress.com,0,2,97,6,0.00,0
techjackie.com,0,2,254,71,103.00,0
infocaptor.com,0,6,991,235,641.00,0
uptime.com,0,6,11416,29549,34635.00,8
tuko.co.ke,0,2,270332,459488,11547.00,0
wendycholbi.com,0,1,115,4,9.00,0
nequi.com.co,0,4,1587,20266,50503.00,0
fr.wix.com,0,2,1739,2837,3715.00,8
paysimple.com,0,4,9165,18689,143163.00,6
js4621668.wixsite.com,0,1,154,0,0.00,0
treinaweb.com.br,0,2,168,9,4.00,0
magemart.com,0,4,265,14,4.00,0
theodorusclarence.com,0,1,82,93,58.00,0
allthings.how,0,5,155015,13709,4810.00,0
surfe.com,0,5,11422,1757,2827.00,4
competethemes.com,0,14,1943,135,71.00,0
sociablekit.com,0,9,6169,1876,9116.00,4
operavps.com,0,5,14037,1839,2101.00,0
domain-monitor.io,0,20,1440,558,9754.00,0
chatib.us,0,1,11359,533044,735474.00,5
cornelmanu.com,0,1,269,16,36.00,0
future-shop.jp,0,1,172,95,1.00,0
vrmaster.eu,0,3,14,0,0.00,0
sciencedirect.com,0,54,9395820,16703850,14778424.00,45
zocivoci.com,0,1,205,44,16.00,0
websitecreationworkshop.com,0,9,962,148,300.00,0
h2o-digital.com,0,1,235,678,1211.00,0
goshoom.net,0,1,22,7,0.00,0
brockmcgoff.com,0,6,89,92,92.00,0
doodleweb.io,0,1,149,113,39.00,0
hhs.gov,0,1,802223,2288631,6400981.00,1284
wpvivid.com,0,29,1339,784,842.00,1
certisur.com,0,2,545,67,117.00,0
wp-slimstat.com,0,1,168,13,3.00,0
pontia.tech,0,2,217,41,7.00,0
santiagotonelli.com,0,1,29,0,0.00,0
ezrankings.com,0,3,8166,4921,3858.00,0
boldbrush.com,0,3,606,434,477.00,0
tetragrammaton.com,0,2,1763,5961,1884.00,0
wordpress.github.io,0,9,110,128,322.00,0
iq.direct,0,3,386,66,25.00,0
sas-kalliste.fr,0,1,9,0,0.00,0
qservers.net,0,2,250,54,248.00,0
imaginaformacion.com,0,1,451,16,18.00,0
sinonimosonline.com,0,1,69339,31810,6592.00,0
doppler.com,0,2,1217,1268,5693.00,86
bergehost.com,0,1,26,270,1379.00,0
api-press.com,0,1,5,0,0.00,0
pub.dev,0,24,23089,39620,48846.00,0
rendezvouswithpavan.wordpress.com,0,1,23,3,0.00,0
example.com,0,2,532,8967,8013.00,0
dewiar.com,0,1,27,28,10.00,0
webtensor.fr,0,1,3,1,0.00,0
errorrescue.com,0,4,167,35,5.00,0
villatheme.com,0,3,264,142,180.00,0
lyntonweb.com,0,6,789,382,1508.00,0
findtubes.com,0,3,289,1076,32.00,0
fixmysite.com,0,62,1177,844,4736.00,0
apiko.com,0,3,1213,12862,15441.00,0
tucson.computer,0,10,2513,6400,31390.00,0
tcea.org,0,2,15612,32631,17084.00,104
ftpshell.com,0,1,90,1,2.00,0
ferret-plus.com,0,1,604,50,0.00,0
ebsedu.org,0,2,4615,23738,53619.00,0
massivegrid.com,0,14,2799,1444,8403.00,0
overreacted.io,0,4,238,786,957.00,0
netguru.com,0,18,26077,15291,75566.00,0
masteringjs.io,0,3,3277,1524,208.00,0
corporatefinanceinstitute.com,0,2,538649,759815,1593337.00,1326
ssl2buy.com,0,73,7908,5306,14014.00,56
ncf-kids.com,0,1,25,0,0.00,0
hostingstep.com,0,20,2335,40113,515336.00,0
sorabloggingtips.com,0,1,17,28,0.00,0
lite.host,0,1,31,1,0.00,0
mailup.it,0,1,111,64,85.00,0
mrtechnique.com,0,1,549,2879,4601.00,0
ammoforsale.com,0,1,15703,23723,341.00,0
websitenotworking.com,0,4,1656,6204,763.00,0
wwd.com,0,1,528521,943079,373154.00,0
weston-tech.com,0,1,4016,1164,386.00,0
census.gov,0,12,940076,4038467,3449577.00,0
actuate.agency,0,1,85,7,0.00,0
transcenddigital.com,0,2,440,76,660.00,0
cpcchangeagent.com,0,1,298,39,191.00,0
onyxgs.com,0,2,1060,2438,8921.00,0
directify.app,0,1,139,133,550.00,1
kvrwebtech.com,0,1,285,68,1.00,0
nwgraphic.com,0,1,1758,3645,9166.00,0
simplestar.com,0,3,46,183,0.00,0
prialto.com,0,1,3905,30417,44980.00,6
lullar.com,0,1,2812,2329,678.00,0
assetsjunction.com,0,1,220,2,7.00,0
bonsai.io,0,2,201,79,151.00,0
tagteamdesign.com,0,1,1136,3526,34239.00,0
discovermagazine.com,0,2,214673,322749,214543.00,0
divmagic.com,0,1,990,278,1113.00,0
nosok.wordpress.com,0,1,81,5,10.00,0
beaccessible.com,0,1,1391,2223,11071.00,27
ipwatchdog.com,0,2,9318,12253,10084.00,0
techradar.com,0,264,2782629,2000269,3048470.00,427
l-expert-comptable.com,0,1,2194,4382,5363.00,0
realtoraround.me,0,1,5,1,0.00,0
ntc.party,0,2,646,640,22.00,0
playwire.com,0,2,4608,1362,13789.00,0
fevad.com,0,1,40,18,2.00,0
hqporner.com,0,1,188493,1262546,71380.00,0
hostzealot.com,0,38,3766,4163,14989.00,14
ispringsolutions.com,0,2,15049,36235,231369.00,225
polypane.app,0,6,958,1371,1386.00,0
userstyles.org,0,1,4592,15159,4948.00,0
infatica.io,0,3,5067,1961,2868.00,87
talkpython.fm,0,8,704,987,2930.00,0
authgear.com,0,72,4511,18214,92580.00,0
lawrencemcdaniel.com,0,1,80,5,4.00,0
browseemall.com,0,2,254,57,120.00,0
audreytips.com,0,1,751,82,18.00,0
seoparanichos.com,0,1,6,0,0.00,0
alphasoftware.com,0,4,5378,2534,12918.00,1
covidreligionresearch.org,0,1,11806,3571,3248.00,0
webxen.com,0,1,785,527,976.00,0
superporn.com,0,1,21690,3895540,7410566.00,0
responsive.ai,0,1,49,71,777.00,0
codex-themes.com,0,1,223,145,252.00,0
tcd.cool,0,1,44,0,0.00,0
grafiduo.pl,0,7,43,0,0.00,0
stereobooster.com,0,2,217,187,186.00,0
speakforyourself.org,0,1,416,564,19.00,0
sumamovil.cl,0,1,34,2,0.00,0
kaashivinfotech.com,0,11,4065,670,55.00,0
zenn.dev,0,11,28892,2606,1595.00,0
mantenimientowordpress.net,0,1,6,15,0.00,0
alison.com,0,1,127676,194641,896041.00,828
dotflow.com,0,1,46,39,0.00,0
llika.com,0,1,32,2,12.00,0
pics.io,0,6,12955,19095,28875.00,1
projectworlds.com,0,1,361,197,548.00,0
forafact.dk,0,1,16,1,0.00,0
surfercloud.com,0,4,6760,2902,4527.00,11
microverse.org,0,1,848,390,1504.00,0
tenable.com,0,17,47697,69584,412195.00,392
apriorit.com,0,2,4210,943,4118.00,4
grapestechsolutions.com,0,5,1394,355,1565.00,0
typespec.io,0,1,190,383,648.00,0
tealium.com,0,1,4340,7303,68076.00,290
devopedia.org,0,4,5120,1882,7737.00,0
malgotechnologies.com,0,1,1120,468,263.00,0
barnraisersllc.com,0,1,1089,112,125.00,0
blindfiveyearold.com,0,1,280,357,512.00,0
wispro.co,0,1,33,29,175.00,0
grafixstudio.se,0,1,20,13,0.00,0
freewebstore.com,0,1,2182,5371,46065.00,0
countingcharacters.com,0,1,5604,6715,4371.00,0
opengroup.org,0,4,14658,35878,61027.00,0
lokalise.com,0,2,7308,30348,74687.00,493
primenotepad.com,0,2,830,238,365.00,0
serversettings.email,0,1,1066,460,158.00,0
seowagon.com,0,1,2128,1881,1659.00,0
heatherfarris.com,0,2,1153,408,1013.00,0
prepostseo.com,0,2,30644,67053,209115.00,0
pingcap.com,0,7,5077,6595,15423.00,50
aura.com,0,10,73254,123736,619358.00,308
commentcamarche.net,0,7,10774,2017,864.00,0
muyzorras.com,0,1,9027,61182,1450.00,0
zendesk.es,0,1,1537,1690,10930.00,0
getmailspring.com,0,53,6578,45768,106956.00,0
advanceautoparts.com,0,1,1454758,3602593,1088692.00,1166
caribbeancom.com,0,1,2318,13102,9701.00,0
scalified.com,0,1,39,5,0.00,0
getinboxzero.com,0,81,7009,7249,7863.00,0
domains.google,0,5,3621,45125,352519.00,0
doctorofcredit.com,0,1,158441,95734,691671.00,0
fsymbols.com,0,2,52633,264881,70144.00,0
scworld.com,0,1,22111,17415,26580.00,47
gloriathemes.com,0,26,1444,32,35.00,0
streamlinehq.com,0,6,42217,66895,37054.00,85
fasterthemes.com,0,2,42,9,11.00,0
dynamics.com,0,13,35808,24418,76936.00,0
ncl.ac.uk,0,3,43801,396555,1645333.00,0
lifeprint.com,0,1,111317,506127,136817.00,0
sitesbay.com,0,6,4981,438,609.00,0
webcasa.com,0,1,1678,273,978.00,0
browsermedia.agency,0,2,1290,151,45.00,0
digitalseo.coop,0,1,8,0,0.00,0
campustraining.es,0,2,910,342,220.00,0
lifterlms.com,0,8,1394,2716,16071.00,30
candiddigital.co.uk,0,1,678,135,667.00,0
gridscale.io,0,2,601,738,541.00,0
disenowebakus.net,0,13,766,203,560.00,0
tina4.com,0,1,10,0,0.00,0
twnoc.net,0,1,52,26,0.00,0
mitchelsellers.com,0,1,125,55,20.00,0
myangelkidsfoundation.org,0,1,16,3,8.00,0
ibisworld.com,0,10,91741,121864,173392.00,0
growthlane.marketing,0,1,85,3,79.00,0
collabnix.com,0,4,6389,665,1636.00,0
gsdcouncil.org,0,2,9928,5037,15609.00,0
scribbr.com,0,1,566667,3671848,3029484.00,0
chromestory.com,0,6,9146,2653,16267.00,0
logit.io,0,1,4407,1305,4622.00,0
jdhodges.com,0,29,3845,2456,8856.00,0
dazl.ie,0,1,96,24,10.00,0
noibu.com,0,2,401,933,10514.00,0
iqratechnology.com,0,1,5160,2372,18936.00,0
webdevdigest.com,0,2,105,0,0.00,0
scientecheasy.com,0,3,5846,1292,609.00,0
business.gov.au,0,2,41926,100259,228961.00,0
briefbuilder.com,0,1,257,323,476.00,0
wpackagist.org,0,3,43,120,123.00,0
voiply.com,0,6,70014,696724,129141.00,72
rupa.pro,0,1,354,227,87.00,0
tabunmuri.hatenablog.com,0,1,2,4,0.00,0
goqr.me,0,2,3440,22165,51512.00,0
dpconline.org,0,1,2543,6086,19698.00,0
montegrappa.com,0,1,935,16365,5270.00,0
notjustalabel.com,0,2,5068,23239,24485.00,0
bestversionmedia.com,0,1,8645,15152,37259.00,1
tntmagazine.com,0,5,11222,2251,700.00,0
permit.io,0,49,1592,1276,2779.00,2
ydbsdigitalmarketingagency.com,0,5,366,78,114.00,0
zonalogo.com,0,1,1260,221,358.00,0
itchycode.com,0,2,14,12,0.00,0
intercept.cloud,0,2,1931,2693,12131.00,0
iti.gr,0,1,153,168,128.00,0
abcdario.org,0,5,718,3591,933.00,0
phoronix.com,0,1,13893,8942,2972.00,0
techcronus.com,0,4,2223,121,921.00,0
walkyourdogwithlove.com,0,4,693,1710,1105.00,0
jakewharton.com,0,1,73,202,0.00,0
hostalia.com,0,3,314,488,360.00,0
rocketeersapp.com,0,1,37,0,0.00,0
websitewp.org,0,2,25,3,20.00,0
artusbrand.com,0,1,546,16,126.00,0
freesvgs.com,0,1,196,207,16.00,0
filezilla-project.org,0,53,5155,116923,309746.00,0
lexblog.com,0,7,1681,1536,3586.00,0
coca-cola.com,0,1,171504,963427,423751.00,340
socom.live,0,1,49,70,174.00,0
distribb.io,0,1,644,845,1640.00,0
jpegmini.com,0,1,1450,5061,4384.00,0
pagepro.co,0,3,1473,1640,5351.00,0
gplthemeplugin.com,0,1,36,43,31.00,0
osdb.io,0,1,83,94,214.00,0
novatixel.com,0,3,16,0,0.00,0
spankbang.com,0,2,2582615,5549631,16059176.00,0
attico.io,0,5,271,246,1968.00,0
booster.io,0,8,746,280,487.00,0
fontzone.net,0,3,8460,14247,5213.00,0
sfusd.edu,0,1,30889,166017,146168.00,0
brother.com,0,4,154257,211024,151471.00,15
emailguard.io,0,1,380,899,4376.00,0
pimylifeup.com,0,15,23072,9062,9429.00,0
twoshoescreative.co.uk,0,5,240,4,11.00,0
asiae.co.kr,0,1,12575,12153,8547.00,0
simplystatic.com,0,25,1131,395,2475.00,0
aeroleads.com,0,3,60226,3182,10157.00,2
hovercode.com,0,4,6537,29500,63855.00,3
edrone.me,0,1,537,365,677.00,0
wpupdate.pro,0,1,6,0,0.00,0
newtraffictail.com,0,1,1965,37,205.00,0
momoproxy.com,0,1,3622,8829,6503.00,0
pandavideo.com,0,5,301,171,105.00,9
turbo360.com,0,1,2384,1294,4558.00,21
sparxitsolutions.com,0,2,6600,3981,48381.00,0
twinkl.com,0,3,769053,892660,364157.00,362
ugto.mx,0,4,3293,4650,583.00,0
codedamn.com,0,1,2180,386,330.00,0
iteracy.com,0,2,205,58,44.00,0
forwardrole.com,0,1,175,153,545.00,0
diyainfotech.com,0,1,244,429,26.00,0
octopus.com,0,10,14017,24950,121457.00,26
lakeheadu.ca,0,1,6893,8805,13965.00,0
cybertec-postgresql.com,0,1,1909,1631,3197.00,0
superiorhealthplan.com,0,1,34092,77302,178532.00,0
johngalt-finance.com,0,1,97,102,2286.00,0
thewixguys.com,0,1,86,51,169.00,0
unica.host,0,1,23,2,1.00,0
whats-wrong-with-instagram-right-now.pages.dev,0,2,33,1,0.00,0
ashfame.com,0,19,111,7,0.00,0
cloudhosting.lv,0,2,517,220,303.00,0
jsh.marketing,0,1,114,20,15.00,0
eagleeyet.net,0,1,745,130,33.00,0
paulmowat.co.uk,0,1,7,0,0.00,0
myoperator.com,0,2,2981,964,8599.00,0
ndevr.io,0,1,199,31,146.00,0
lagahe.com,0,1,57,10,0.00,0
slashgear.com,0,31,1060700,231724,188579.00,0
avoxi.com,0,3,8750,7632,15257.00,41
nullhandle.org,0,2,27,0,0.00,0
butterfly.com.au,0,13,1025,185,961.00,0
zorin.com,0,13,6958,51305,46887.00,0
frase.io,0,1,1933,8018,31088.00,149
dotcom-monitor.com,0,24,6629,8684,51261.00,47
which.co.uk,0,4,92940,56319,289821.00,8
digitalsilk.com,0,30,24969,4685,41411.00,158
differenzsystem.com,0,1,759,151,1202.00,0
aapc.com,0,3,1218415,2241331,5463930.00,1415
servnet.mx,0,2,579,260,475.00,0
pythonguis.com,0,8,3452,5729,6943.00,0
wordtune.com,0,27,19330,25914,29961.00,0
vista.com,0,4,310756,130671,111432.00,18
librosparaemprendedores.net,0,1,39,42,21.00,0
academy.com,0,1,1383968,5834270,1209407.00,321
yycnetlab.org,0,2,47,1,0.00,0
justinmind.com,0,83,15343,28092,62923.00,4
alyssaholland.me,0,1,185,15,6.00,0
webwash.net,0,6,313,42,9.00,0
xenaproject.wordpress.com,0,2,145,121,12.00,0
crawlee.dev,0,1,1352,1082,3297.00,0
cronoshare.com.mx,0,2,2144,2145,3537.00,0
delcitaphotography.com,0,1,59,92,1.00,0
readiteasy.app,0,3,9,0,0.00,0
fuseboxcreative.ca,0,1,36,7,0.00,0
cisdem.com,0,14,50850,21183,16020.00,0
sweetcode.com,0,1,120,17,100.00,0
washingtonphotosafari.com,0,1,986,732,420.00,0
mrfix.com.mx,0,1,187,95,7.00,0
sciencecomputing.org,0,1,98,1,5.00,0
ub.edu,0,7,21734,34733,46467.00,1
cdn77.com,0,5,321,852,3167.00,103
unisanta.br,0,1,139,40,3.00,0
stagwellglobal.com,0,1,1941,3532,10729.00,0
downdetector.in,0,2,8246,2371,641.00,0
mrmrsvintagetypewriters.com,0,1,1967,2844,930.00,0
rental.software,0,5,991,937,11479.00,0
brighthosting.io,0,3,132,7,0.00,0
independant.io,0,1,1320,494,26.00,0
refrescandonegocios.com,0,1,88,33,0.00,0
adlrocha.com,0,1,6,0,0.00,0
speedybrand.io,0,6,2326,149,130.00,0
long-mcquade.com,0,1,129558,14123,4226.00,0
pingtesti.com,0,1,7168,523,772.00,0
bit-social.com,0,5,191,22,66.00,0
gupy.io,0,1,2010,7607,24351.00,0
techlabs.blog,0,1,771,231,274.00,0
silvaheeren.com,0,1,223,35,86.00,0
claritydx.global,0,7,306,167,274.00,0
striviothemes.com,0,1,248,76,0.00,0
fieldeffect.com,0,2,3972,1602,19152.00,54
hioa.no,0,1,15,0,0.00,0
rocketee.rs,0,2,321,6,0.00,0
icssnj.com,0,1,7055,14938,224568.00,11
ducktyped.xyz,0,2,69,0,0.00,0
wp-rem.com,0,1,28,17,3.00,0
cloudsfer.com,0,1,1063,1150,6324.00,0
serversideup.net,0,5,291,277,471.00,0
kitshub.tech,0,1,3,0,0.00,0
nian.ro,0,1,282,14,0.00,0
name-generator.org.uk,0,33,13521,302941,164640.00,0
logitech.com,0,7,176929,1380873,629164.00,788
freedomdev.com,0,6,573,37,104.00,0
ful.io,0,9,5519,1459,2744.00,0
webprovements.com,0,1,35,0,0.00,0
abusix.com,0,2,2820,3476,42693.00,0
katiethecreativelady.com,0,4,825,2537,1387.00,0
clikitnow.com,0,3,110,20,63.00,0
mastroke.com,0,1,1756,48,108.00,0
onemob.com,0,3,839,2967,5950.00,0
vaio.com,0,17,13380,41902,58242.00,10
coalitioninc.com,0,4,5952,16461,141697.00,0
freeporn.ooo,0,1,5757,654468,1555045.00,0
domandtom.com,0,1,524,282,306.00,0
faun.pub,0,18,8353,7521,84899.00,0
recoverytoolbox.com,0,2,3164,2597,2027.00,0
azarlive.com,0,1,5744,68559,63001.00,0
homeprodigital.com,0,1,282,37,274.00,0
datatables.net,0,7,5279,16048,30695.00,0
king.host,0,26,514,389,1271.00,0
videorock.com,0,1,403,26,0.00,0
quickblox.com,0,1,2325,451,1035.00,0
bradfrost.com,0,3,635,2646,12172.00,0
eastbayexpress.com,0,13,16406,37067,45245.00,0
webnus.net,0,11,2344,1689,1610.00,6
index.dev,0,3,9313,965,15165.00,0
booknetic.com,0,9,1354,745,2695.00,24
wpcork.com,0,2,84,0,0.00,0
thewebfosters.com,0,1,38,18,7.00,0
fusewp.com,0,1,410,17,37.00,0
boostlogik.com,0,1,166,0,0.00,0
footprintusa.co,0,1,29897,39538,27874.00,4
appmysite.com,0,2,3954,2414,4929.00,2
uni.edu.gt,0,1,449,568,709.00,0
thepower.education,0,40,11255,14062,19994.00,0
restic.net,0,1,401,2700,31637.00,0
esafety.gov.au,0,201,67227,685449,1147037.00,0
node.org,0,1,308,184,723.00,0
ccirc.in,0,1,18,0,0.00,0
downdetector.hr,0,1,593,13,0.00,0
localcallingguide.com,0,3,46008,114971,5127.00,0
absoluporn.com,0,1,4799,30699,2090.00,0
statusticker.com,0,1,1235,70,215.00,0
google.dev,0,42,70013,291538,652290.00,0
unicode.org,0,1,16956,89102,23381.00,0
pcpartpicker.com,0,1,97701,961942,1064436.00,0
cameronpak.com,0,1,14,0,0.00,0
imunify360.com,0,2,200,592,7131.00,0
exemplifi.io,0,5,681,489,1508.00,0
mindsovermedia.com,0,1,234,65,5.00,0
onliveserver.com,0,2,2326,259,758.00,0
metaporn.com,0,1,39028,602550,937581.00,0
serverscheduler.com,0,2,1813,107,93.00,0
boxy-svg.com,0,2,645,6776,4624.00,0
prezi.com,0,3,801690,325181,272451.00,195
mac-help.com,0,8,8728,4469,1308.00,0
solveforce.com,0,1,8637,4710,2501.00,0
marketinglabs.co.uk,0,11,1198,374,1513.00,0
logicalposition.com,0,1,6168,24265,362217.00,69
textibox.com,0,2,2879,15956,2373.00,0
seocom.agency,0,2,489,85,680.00,0
premiumpropertystaging.com,0,1,1,5,0.00,0
dotesports.com,0,2,236507,138019,9230.00,0
xhtmlchop.com,0,2,180,34,12.00,0
computero.com,0,2,2894,1369,4227.00,0
oocities.org,0,1,70878,19951,7177.00,0
webtechsolution.org,0,2,4045,60,207.00,0
senditsecure.com,0,4,684,2163,11823.00,0
hipaajournal.com,0,1,46045,137144,412081.00,0
eisbehr.de,0,2,29,2,0.00,0
consumerreports.org,0,1,2497716,5775660,11628249.00,4897
stackify.com,0,35,13905,175753,536595.00,0
turnkeystaffing.com,0,2,2113,857,816.00,0
scope.org.uk,0,2,5649,7259,7424.00,1
akteams.com,0,1,33,0,0.00,0
meowapps.com,0,1,225,749,1614.00,0
hostingadmiral.com,0,1,5,0,0.00,0
at21.jp,0,2,59,18,0.00,0
sequality.at,0,1,26,273,7.00,0
lamission.edu,0,1,11040,40592,105949.00,0
bohu.digital,0,1,688,526,4202.00,0
lucatagliaferro.com,0,9,1001,4089,12343.00,0
tcservi.com,0,1,61,19,94.00,0
emailwarmup.com,0,43,4335,2002,5870.00,0
msendpointmgr.com,0,4,921,860,4281.00,0
404marketing.co.uk,0,1,113,6,0.00,0
m2osw.com,0,1,362,152,26.00,0
julienverneaut.com,0,1,25,1,0.00,0
biamp.com,0,31,10640,18203,18504.00,28
gamingpcbuilder.com,0,1,2718,6516,2091.00,0
grammarist.com,0,22,179450,496784,235446.00,0
datarecovee.com,0,5,8994,1850,2655.00,0
platzi.com,0,3,4812,4416,9736.00,1
imcwire.com,0,3,9023,3660,4767.00,0
showdns.net,0,2,731,60,40.00,0
buffer.com,0,6,92056,680734,3505317.00,168
wp-gb.com,0,1,36,14,22.00,0
seocrawl.ai,0,13,2235,3630,13158.00,3
dcodegroup.com,0,2,173,69,204.00,0
liminary.io,0,18,271,267,205.00,0
cualesmiip.es,0,1,24,17,5.00,0
wayne.edu,0,2,147707,482383,1008826.00,0
arformsplugin.com,0,5,2178,1042,476.00,0
elcomercio.pe,0,3,281517,247804,105961.00,0
thrivewp.com,0,6,604,197,1279.00,0
rajivverma.me,0,1,183,26,1.00,0
origiweb.com.br,0,1,31,0,0.00,0
broadbandnow.com,0,2,169960,580512,4446430.00,22
promptcloud.com,0,5,5282,390,804.00,0
maxistechnology.com,0,1,83,5,48.00,0
devsuite.co,0,2,82,0,0.00,0
seccon.nl,0,1,14,6,48.00,0
leadflask.com,0,5,947,208,677.00,0
emilyjourney.com,0,15,1427,2454,13249.00,0
groovehq.com,0,1,3457,1768,7137.00,0
wps.com,0,6,148049,89214,99962.00,127
liveblog.pro,0,1,134,285,190.00,0
git-skills.dev,0,4,703,80,143.00,0
dreamfactory.com,0,1,5163,3756,16045.00,19
eff.org,0,2,36869,113384,303694.00,0
clarusway.com,0,10,2576,2123,19390.00,0
web-magazine.jp,0,1,131,39,0.00,0
pbb.design,0,2,833,38,166.00,0
resnexus.com,0,2,1475,9312,18750.00,8
otvetynavopros.ru,0,1,7,1,0.00,0
maxjahn.at,0,1,10,1,0.00,0
exafol.com,0,1,18212,1218,5403.00,0
wpshopmart.com,0,1,2515,3,6.00,0
paymattic.com,0,3,2910,452,1682.00,0
thomasthornton.cloud,0,1,607,351,677.00,0
mathworks.com,0,13,511237,1156377,741689.00,138
myprinttest.com,0,1,780,11294,12158.00,0
codingfaculty.com,0,1,115,17,10.00,0
staticmania.com,0,3,1438,255,757.00,0
resellercluster.com,0,1,515,137,582.00,0
cheltenhamit.co.uk,0,5,156,0,0.00,0
staginginri.com,0,1,19,2,4.00,0
xola.com,0,1,3320,2707,4048.00,5
arstechnica.com,0,4,264190,893770,691334.00,0
masmovil.es,0,4,5109,5198,2309.00,0
metaltoad.com,0,1,1547,479,1751.00,0
travancoreanalytics.com,0,1,3317,801,12066.00,0
bedpage.com,0,4,370537,1761897,1486770.00,0
ligonier.org,0,1,206568,612979,442746.00,100
fiwi.pe,0,1,4,0,0.00,0
freepascal.org,0,2,4492,3967,2786.00,0
smamarketing.net,0,2,2981,1240,9406.00,0
6string.com,0,1,5,2,0.00,0
exhaledesignco.com,0,1,545,32,180.00,0
aimultiple.com,0,9,22561,17757,80327.00,0
wallstreet.video,0,1,32,18,14.00,0
a-leads.co,0,1,52560,20348,46449.00,0
competitionpolicyinternational.com,0,3,384,97,10.00,0
wpcheck.at,0,1,1,0,0.00,0
geonix.com,0,15,6624,6681,15182.00,183
lstein.github.io,0,1,5,15,91.00,0
readycloud.com,0,2,1753,1117,6837.00,80
dellos.in,0,3,117,2,0.00,0
startuphub.com.au,0,1,80,0,0.00,0
lightyear.com,0,1,21122,13487,19304.00,0
asana.com,0,6,155897,889749,4127647.00,11780
stratusclean.com,0,1,15139,19023,111084.00,14
mozilla.com,0,2,377,1532,165.00,0
pricklytech.wordpress.com,0,4,114,35,0.00,0
warpcheck.com,0,1,152,9,64.00,0
velodb.io,0,5,928,919,7232.00,7
wplearninglab.com,0,6,106,1,0.00,0
underdog.io,0,4,2768,2202,9247.00,9
etix.com,0,1,114348,163548,90791.00,49
dyn.com,0,4,2600,10998,20723.00,0
openeye.net,0,66,4343,22625,65232.00,42
deansplc.co.uk,0,1,42,4,0.00,0
cambiadordeletras.com,0,1,339,1101,15.00,0
karanik.gr,0,2,17,0,0.00,0
sqlteam.com,0,1,9994,4679,3156.00,0
xsi.es,0,1,7,3,0.00,0
webador.com,0,32,13583,44506,141334.00,20
briancoords.com,0,1,99,94,136.00,0
figmentor.io,0,9,187,72,1272.00,0
cvut.cz,0,7,6307,8317,3996.00,0
yembadigital.com,0,1,164,3,3.00,0
forumotion.com,0,1,55705,36805,8007.00,0
pronto.biz,0,2,78,11,19.00,0
amsel.ee,0,3,26,3,19.00,0
syte.ai,0,1,2220,3625,24471.00,0
brixxs.com,0,1,101,14,0.00,0
tekrecruiter.com,0,1,1238,349,2721.00,0
mathsisfun.com,0,1,527017,2054431,1179739.00,0
appsrhino.com,0,1,8057,1555,2466.00,0
3cx.com,0,6,17467,36909,204765.00,507
vonclaro.com,0,1,651,13,47.00,0
weather.gov,0,2,4150706,39652895,16654795.00,0
howtoforge.com,0,20,7947,381,114.00,0
dbs.digital,0,1,220,50,517.00,0
atlassian.net,0,4,107047,114871,159615.00,0
proprofstraining.com,0,3,10070,55201,692973.00,0
designmotto.studio,0,1,6,0,0.00,0
bootstrapstudio.io,0,7,2838,3134,2086.00,0
pixartprinting.ie,0,1,2608,836,1212.00,5
trickest.com,0,2,162,63,42.00,0
perishablepress.com,0,34,2045,1540,696.00,0
kodigo.org,0,1,71,38,0.00,0
blazehive.io,0,6,1489,5065,18358.00,0
institutedata.com,0,2,7197,2647,13068.00,0
majorgeeks.com,0,31,117507,82403,76200.00,0
datto.com,0,2,22447,51847,783130.00,434
ipgeolocation.io,0,5,10435,118946,76595.00,8
quornesha.com,0,1,3125,2048,0.00,0
goodrx.com,0,1,5783561,21962594,33110843.00,1202
ayudatpymes.com,0,2,660,2892,3765.00,0
offshorecorptalk.com,0,2,3856,1877,10621.00,0
optimizeimages.com,0,1,72,5,6.00,0
ecommerce-gold.com,0,10,2059,1751,9922.00,0
applemagazine.com,0,1,41824,11043,8214.00,0
wa.gov,0,7,2351775,9731147,14121147.00,153
pornmd.com,0,5,22468,149660,3102.00,0
interpedia.nl,0,1,43,5,0.00,0
find-your-saas.com,0,1,166,0,0.00,0
quantumrun.com,0,5,19081,99447,63551.00,0
php-play.dev,0,1,168,598,2851.00,0
mapp.com,0,1,1963,1980,7173.00,0
imithemes.com,0,1,87,21,94.00,0
quantumitinnovation.com,0,8,11981,40852,9881.00,0
webloganalyzer.biz,0,1,58,162,698.00,0
applenova.com,0,1,482,67,27.00,0
xvpn.io,0,2,7982,47975,157305.00,0
tp-link.com,0,24,204622,862667,658306.00,0
webhivez.com,0,1,23,0,0.00,0
swktech.com,0,1,8434,6114,144102.00,12
chilliapple.co.uk,0,1,1206,457,1199.00,2
ucl.ac.uk,0,26,143056,336188,535478.00,61
killerphp.com,0,2,44,0,0.00,0
integrisdesign.com,0,15,315,199,1253.00,0
digital-coach.com,0,11,8502,2919,5347.00,0
kedglobal.com,0,1,9149,5573,4722.00,0
northstarinbound.com,0,3,884,320,7265.00,0
startupdefense.io,0,1,5493,704,1977.00,0
wordwebonline.com,0,3,814446,1622628,2151052.00,0
unitedwebsoft.in,0,1,77,8,106.00,0
filehorse.com,0,3,97737,20320,11983.00,0
lobocom.es,0,1,32,6,4.00,0
springmusk.is-a.dev,0,1,55,0,0.00,0
nextjs.cn,0,1,210,255,63.00,0
reactjs-bot.github.io,0,3,102,3,25.00,0
rbseo.co.uk,0,1,180,13,0.00,0
thewebhospitality.com,0,1,3226,115,473.00,0
patentpc.com,0,4,13017,4466,24717.00,0
express.com,0,1,344119,2307701,1294655.00,172
lightburnsoftware.com,0,1,11991,44719,52493.00,0
reputationresolutions.com,0,1,2161,1411,15184.00,5
sketchvalley.com,0,1,133,98,14.00,0
inc.com,0,9,519817,662451,980680.00,1
htmlcenter.com,0,5,580,159,116.00,0
intervention.io,0,1,129,322,4.00,0
infyways.com,0,1,6418,6689,30171.00,0
maestronet.com,0,1,6566,2408,402.00,0
megamo.eu,0,1,145,7,36.00,0
joinmavely.com,0,1,1746,12159,26672.00,20
tmatlantic.com,0,1,6093,3576,1340.00,0
postgresscripts.com,0,2,426,4,18.00,0
timjames.dev,0,1,92,101,0.00,0
tutsplus.com,0,117,126155,128950,107714.00,0
nexacu.com.au,0,11,1110,1887,2404.00,0
bricksforge.io,0,12,123,523,997.00,0
wpautoblog.com,0,1,27,58,82.00,0
flat-icons.com,0,1,2316,4039,4134.00,0
photonvps.com,0,1,85,15,54.00,0
jandl.digital,0,15,404,594,4045.00,0
modery.net,0,1,74,22,0.00,0
ccontrols.com,0,1,2218,3051,6206.00,0
midiasstoragesec.blob.core.windows.net,0,2,170,110,7.00,0
collaboraonline.com,0,1,774,2758,10542.00,0
radioslibres.net,0,1,109,74,0.00,0
modash.io,0,1,16219,27416,93995.00,96
aetherdigital.com,0,3,321,65,112.00,0
gilion.com,0,1,5505,2677,12481.00,0
bigapplemedia.com,0,3,1847,52,154.00,0
devhunt.org,0,2,4182,2589,2243.00,0
mastheadtechnology.com,0,3,421,49,78.00,0
dnsprobe.app,0,1,17,0,0.00,0
stackblitz.com,0,4,40991,30346,80180.00,0
paolodossena.com,0,1,24,1,0.00,0
solbyte.com,0,1,112,14,13.00,0
veiliginternetten.nl,0,1,252,52,126.00,0
startmail.com,0,5,1791,10148,32953.00,7
papelisimo.es,0,1,634,1891,26.00,0
maypopcreativestudio.com,0,3,127,6,39.00,0
helpmeinstallit.com,0,1,344,420,1241.00,0
errrotica.com,0,1,2559,3865,529.00,0
usemotion.com,0,1,30101,56538,244833.00,37
williamjames.edu,0,1,9407,22976,66048.00,16
zillow.com,0,1,23475317,79566703,36133157.00,17450
indiesunlimited.com,0,2,1045,2095,11212.00,0
overthinkgroup.com,0,1,605,396,622.00,0
letsremotify.com,0,2,1977,438,4005.00,0
hibiscustechnolab.com,0,1,38,0,0.00,0
skinport.com,0,1,18116,110501,61417.00,60
freevpn.us,0,1,699,2353,3194.00,0
xda-developers.com,0,41,327103,266409,356543.00,0
marchandoviaje.com,0,1,53,9,4.00,0
davydovconsulting.com,0,5,949,263,313.00,0
searchoperators.webflow.io,0,1,7,7,0.00,0
klv.co.jp,0,1,107,45,0.00,0
devmontdigital.io,0,6,19,0,0.00,0
component.gallery,0,1,1335,3943,12702.00,0
utrechtuniversity.github.io,0,2,550,1098,5865.00,0
justwatch.com,0,2,2672746,5027692,4421553.00,6
estudioalfa.com,0,1,49,22,0.00,0
bakeru.edu,0,1,8618,19172,69646.00,0
contentstack.com,0,7,12460,17185,70097.00,840
napslab.it,0,1,1,0,0.00,0
aubergine262.com,0,1,162,23,37.00,0
alsharqi.co,0,1,3295,1212,1724.00,0
klarned.is,0,2,41,5,1.00,0
medicodigital.com,0,1,372,214,3202.00,0
my-best.com,0,1,45644,16602,4671.00,0
xperthealthcaregroup.com,0,1,2018,1264,1052.00,0
ipalibrary.me,0,1,1031,3344,674.00,0
nasa.gov,0,69,2260390,13212496,10080269.00,0
definebabe.com,0,1,48329,126907,19533.00,0
qualys.com,0,10,23055,38938,211348.00,42
friendlycaptcha.com,0,2,3420,2055,9411.00,51
clarin.com,0,3,234061,182899,81143.00,15
leapcell.io,0,5,9371,5373,23713.00,0
redirection.me,0,7,199,284,385.00,0
ecreativeworks.com,0,3,1198,857,3174.00,0
growexx.com,0,1,1510,658,2676.00,0
bloggerazzi.com,0,1,237,16,57.00,0
group107.com,0,1,1923,542,2569.00,0
anymhost.id,0,1,35,77,6.00,0
microsoft.github.io,0,3,12806,32462,113291.00,0
barrd.dev,0,10,212,307,3.00,0
wplogout.com,0,1,102,20,0.00,0
fonegeek.com,0,39,14341,423,141.00,0
perennialconsultancy.com,0,1,67,40,3.00,0
netgain.agency,0,2,143,35,0.00,0
wpautomatic.com,0,1,80,637,1395.00,0
varonis.com,0,14,24301,50580,259345.00,260
estage.com,0,1,771,541,2969.00,0
homehost.com.br,0,7,488,446,377.00,0
onlineminitools.com,0,1,13564,972,1081.00,0
studio2am.co,0,3,3979,9864,9344.00,0
skywebrock.com,0,1,188,2,14.00,0
trooper.dev,0,88,162,267,347.00,0
scoredetect.com,0,3,2120,550,661.00,0
thewp.world,0,10,290,1093,3598.00,0
surecart.com,0,1,440,870,5856.00,0
homewerker.com,0,1,392,6,1.00,0
silocreativo.com,0,3,677,256,181.00,0
superhosting.bg,0,1,437,783,2536.00,0
position.digital,0,3,2378,3327,12585.00,0
geotargetly.com,0,17,7689,9835,12937.00,35
sfweb.it,0,1,3,45,0.00,0
theguardian.com,0,19,5058674,15165691,10195596.00,22
allure.com,0,1,980869,3782419,1594702.00,0
leapy.jp,0,2,49,23,0.00,0
firmbee.com,0,2,8841,854,2306.00,0
digartis.co,0,2,7,0,0.00,0
kinocreative.co.uk,0,1,13,6,8.00,0
abijita.com,0,1,6017,213,138.00,0
esparkinfo.com,0,11,8494,3339,104584.00,0
trusted.de,0,1,1395,135,248.00,0
securitybrief.com.au,0,1,2505,249,821.00,0
skillsmatrixacademy.com,0,4,706,186,26.00,0
upsun.com,0,27,2185,8185,20491.00,74
vistaprint.com,0,10,318409,2204888,4856025.00,9204
roytuts.com,0,2,727,6,0.00,0
primereact.org,0,1,1579,2618,7613.00,0
phantompilots.com,0,1,1500,1738,5790.00,0
whc.ca,0,12,1805,1345,4391.00,0
wp-zlavy.sk,0,1,5,0,0.00,0
vanseodesign.com,0,7,3476,3550,1309.00,0
ewrdigital.com,0,5,7003,19125,182069.00,0
wpbrandy.com,0,1,56,0,0.00,0
cnac.es,0,1,14,0,0.00,0
cloudoora.com,0,1,575,118,294.00,0
mrc-productivity.com,0,1,1164,607,2579.00,0
theiotacademy.co,0,1,5215,663,1011.00,0
thewebsitementor.com,0,1,168,7,30.00,0
imarticus.org,0,1,22445,5781,29059.00,0
codewithfaraz.com,0,2,2444,5637,3291.00,0
hammerjs.github.io,0,1,21,330,665.00,0
postaffiliatepro.com,0,94,13421,14857,58999.00,123
theworldmag.com,0,2,23027,5813,420.00,0
itcubed.com,0,1,140,43,688.00,0
litreactor.com,0,1,16196,34656,13977.00,0
lobaugh.net,0,1,183,57,9.00,0
wpsimplepay.com,0,4,1018,650,3688.00,0
dmarkoff.com,0,3,27,1,0.00,0
scrape.do,0,16,3266,5110,17188.00,36
objectrocket.com,0,2,2952,103,68.00,0
bryteflow.com,0,4,951,299,1614.00,0
studysmarter.co.uk,0,2,328263,184438,398151.00,0
salesintel.io,0,1,5193,4882,34413.00,58
entri.com,0,1,91,188,672.00,3
cocosenor.com,0,1,22686,2202,842.00,0
nautilusmarketing.co.uk,0,3,1231,766,2228.00,0
malwarebytes.com,0,93,143884,1242735,3766366.00,347
amboya.com,0,1,47,20,20.00,0
rehansaeed.com,0,1,104,92,243.00,0
jobstreet.com,0,1,63041,46221,91895.00,0
virtualstacks.com,0,26,848,688,1098.00,0
logz.io,0,3,4400,8750,46677.00,0
quest.com,0,9,31120,33702,205085.00,714
taskbcn.com,0,2,59,6,0.00,0
nusphere.com,0,1,417,30,30.00,0
onwise.nl,0,2,163,17,0.00,0
pdfguru.com,0,11,36602,34277,26343.00,1792
exabeam.com,0,2,19522,40932,535041.00,13
datanumen.com,0,2,12511,914,743.00,16
paypal.com,0,48,686429,9580581,7263222.00,3979
skillpanel.com,0,6,4907,10413,35039.00,0
getfishtank.com,0,2,2286,850,3465.00,0
cheapsslweb.com,0,23,7754,1304,3753.00,13
astrology.com,0,1,171274,158789,129134.00,0
magimpact.com,0,1,225,51,125.00,0
theasylum.cc,0,1,454,2851,86.00,0
course-net.com,0,1,185,209,95.00,0
cyberyozh.com,0,1,3069,4375,3271.00,0
dremio.com,0,3,19013,34472,131758.00,0
noratech.it,0,1,10,0,0.00,0
nextcloud.com,0,62,13776,42429,117647.00,0
virginmedia.com,0,5,35559,105711,72235.00,8
keysearch.co,0,1,5594,12768,16407.00,44
charleagency.com,0,11,3810,2262,13615.00,0
cleancss.com,0,2,32595,21380,56108.00,0
oas.org,0,1,25688,69204,43542.00,0
leewarrick.com,0,2,93,135,48.00,0
tripsavvy.com,0,1,726269,589151,363440.00,11
acquaintsoft.com,0,13,2358,1910,36222.00,0
nethunt.com,0,40,8065,4561,24731.00,1
darkhorse.co,0,1,521,4192,3665.00,0
pursuenetworking.com,0,2,750,775,93.00,0
vservesolution.com,0,1,2771,1431,8030.00,5
rankseostrategies.net,0,1,80,0,0.00,0
simple-membership-plugin.com,0,3,355,1020,580.00,0
adobe.com,0,790,10050791,43140528,82665214.00,52925
firstmutualholding.com,0,1,788,477,33.00,0
listcrawler.io,0,6,614,781,396.00,0
zonewebsites.us,0,2,433,0,0.00,0
clay.global,0,3,3720,11956,61056.00,0
helpshift.com,0,3,150923,214555,367625.00,0
boldist.co,0,1,995,645,732.00,0
crehana.com,0,6,10019,3425,3452.00,0
sentisight.ai,0,1,4462,770,1225.00,0
nimbbl.biz,0,1,162,42,133.00,0
googlesystem.blogspot.com,0,8,2822,821,773.00,0
wikitechy.com,0,14,21303,1251,2274.00,0
arceusx.net,0,2,6377,321,11.00,0
gladly.io,0,1,96,491,1477.00,0
tkinternetmarketing.com,0,1,116,23,280.00,0
bgolden.digital,0,2,3,0,0.00,0
readthedocs.com,0,2,761,3635,25785.00,0
ecommpay.com,0,1,1616,2610,4611.00,2
brightdata.jp,0,1,125,22,12.00,0
filmsbt.com,0,1,7,18,0.00,0
wordpressmechanic.co.nz,0,1,2,0,0.00,0
thehappyarkansan.com,0,1,1378,939,1602.00,0
iorad.com,0,16,47040,60950,83602.00,0
somar.co.nz,0,8,608,231,1083.00,0
devot.team,0,3,3564,4174,23957.00,0
wpremotework.com,0,1,142,197,221.00,0
techguide.org,0,1,5549,5805,32098.00,0
dansiepen.io,0,6,967,554,3229.00,0
thepornlist.net,0,9,19813,121964,15828.00,0
radwebhosting.com,0,6,1850,356,1593.00,0
thebizpixie.com,0,1,30,22,15.00,0
wildlearner.com,0,2,640,182,16.00,0
mayhewsw.github.io,0,1,11,1,0.00,0
mn.gov,0,1,1107844,3357940,5674860.00,13
ionos.fr,0,11,2229,993,426.00,0
armis.com,0,1,4132,12778,112016.00,150
speedzone.fi,0,2,135,29,62.00,0
mediavine.com,0,1,2882,7921,55422.00,0
france-bioinformatique.fr,0,1,218,46,43.00,0
python-reference.readthedocs.io,0,1,4536,5592,2168.00,0
trustdom.com,0,1,3,0,0.00,0
newtandem.com,0,1,307,455,1613.00,0
wpdavies.dev,0,10,877,68,34.00,0
freedom.press,0,1,4449,12354,19468.00,15
nategarrett.com,0,1,2,0,0.00,0
skills.google,0,5,22184,132089,447198.00,0
localseoguide.com,0,1,1882,6395,48016.00,0
nhimg.org,0,1,7100,3037,11508.00,0
goforpost.com,0,3,576,870,2074.00,0
collidu.com,0,1,8759,9530,12698.00,0
hjp.at,0,1,294,96,0.00,0
socialmediatoday.com,0,11,66794,74709,153596.00,0
glacierpcgaming.com,0,1,1446,814,92.00,0
thrivewebdesigns.com,0,1,1315,4624,23299.00,0
yourconcept.nl,0,1,38,2,0.00,0
qrator.net,0,1,913,562,538.00,2
cloudyuga.guru,0,3,307,21,59.00,0
datananas.com,0,1,198,86,24.00,0
apexminecrafthosting.com,0,3,40851,102610,53985.00,140
drupalize.me,0,2,1740,798,4090.00,0
facemweb.com,0,1,501,45,20.00,0
under30ceo.com,0,1,38051,3223,3881.00,0
planetary.org,0,1,108560,493292,305334.00,2816
understandingsociety.ac.uk,0,1,1223,1265,931.00,0
wordpress.tumblr.com,0,1,5,0,0.00,0
dreamdev.solutions,0,1,51,0,0.00,0
vextadigital.com,0,1,3,33,0.00,0
hostingo.com,0,2,23,0,0.00,0
primetechinsights.com,0,1,328,116,134.00,0
fastpixel.io,0,1,165,51,141.00,0
inspirationsoverseas.com,0,1,2,0,0.00,0
webdesign-inspiration.com,0,1,3360,974,3588.00,0
duplicator.com,0,87,2804,779,2448.00,0
tech21century.com,0,2,10174,90,57.00,0
philot.ca,0,1,21,0,0.00,0
ssh-tunnel.net,0,4,109,412,835.00,0
kc-webdesign.co.uk,0,1,47,3,0.00,0
fs-poster.com,0,4,1831,614,784.00,0
thecustomizewindows.com,0,3,8191,92,71.00,0
newmanwebsolutions.com,0,2,5908,1187,11450.00,0
ezmarketing.com,0,1,11203,9647,35496.00,0
fontpalace.com,0,2,7817,5377,2984.00,0
securemyphone.com,0,1,7960,411,545.00,0
specifysoftware.org,0,3,249,1730,3541.00,0
file.net,0,1,12363,20752,40317.00,0
keyphrase-marketing.com,0,25,61,1,0.00,0
jiosaavn.com,0,1,644411,406319,130225.00,0
c.com,0,1,40,643,1754.00,0
emailjs.com,0,1,341,4902,43045.00,0
simonelongato.it,0,5,38,43,0.00,0
newcastle.edu.au,0,2,25849,64532,36227.00,6
travelpayouts.com,0,4,6292,5515,10423.00,5
qatestlab.com,0,1,6703,1116,3942.00,0
hostiserver.com,0,9,385,86,18.00,0
nichepursuits.com,0,8,44769,1393,2651.00,0
helpwithwindows.com,0,1,283,18,85.00,0
snugsite.com.au,0,4,65,23,26.00,0
brizy.io,0,12,1980,2455,11420.00,27
wpbuilderaddons.com,0,9,395,70,204.00,0
goodemailcode.com,0,1,101,224,520.00,0
remoteutilities.com,0,23,1266,2225,13413.00,0
upendo.com,0,1,132,144,0.00,0
sitebeginner.com,0,1,459,53,127.00,0
paynelessmedia.com.au,0,1,69,1,5.00,0
subframe.com,0,2,4881,1040,4594.00,0
peony.ink,0,17,2591,1149,14934.00,0
muletowndigital.com,0,2,1299,436,1479.00,0
dokonline.nl,0,2,420,16,0.00,0
matthewpalmer.net,0,1,683,916,395.00,0
whatthemedetector.com,0,2,43,51,236.00,0
50pros.com,0,1,21192,52392,166165.00,0
escuelaeuropeadeempresa.eu,0,1,301,168,65.00,0
howtoremove.guide,0,2,5710,6002,4736.00,0
whitewoodmedia.com,0,1,323,130,120.00,0
upcloud.com,0,1,3545,2760,15946.00,194
sublime.security,0,1,1049,5081,53241.00,292
register.com,0,4,2532,26833,218132.00,0
rapidscada.org,0,1,129,259,991.00,0
2chat.co,0,1,39252,7098,1612.00,2
techno-livesets.com,0,1,613,328,54.00,0
uniterrene.com,0,2,105,2,0.00,0
ipspecialist.net,0,1,1292,235,815.00,0
falconevents.com,0,1,29,39,6.00,0
mystyleplatform.com,0,1,119,41,59.00,0
glopbe.com,0,3,110,64,281.00,0
vestacp.com,0,1,171,495,1720.00,0
thechiclife.com,0,1,5495,18835,18274.00,0
damiantgordon.com,0,11,389,271,217.00,0
supportpal.com,0,1,163,242,313.00,0
fueled.com,0,13,1871,2033,20721.00,42
gaia.net,0,1,159,142,507.00,0
networking4all.com,0,1,620,302,1032.00,0
aist.global,0,1,271,1,0.00,0
meridianthemes.net,0,52,446,115,93.00,0
theblogmetrics.com,0,4,394,23,168.00,0
techbehemoths.com,0,6,29456,13364,49681.00,0
unsw.edu.au,0,1,140189,196123,207652.00,0
cdotrends.com,0,1,1967,564,1671.00,0
ciscodcloud.com,0,1,195,1709,16410.00,0
elegantmarketplace.com,0,1,367,119,202.00,0
sans.org,0,3,31792,64639,307812.00,283
wpgeocontroller.com,0,1,41,28,2.00,0
broadly.com,0,2,16197,2966,18662.00,0
lightsondata.com,0,1,1011,825,1405.00,0
resellbox.net,0,4,305,28,22.00,0
pixelegg.me,0,1,3,1,0.00,0
quattr.com,0,6,8492,3230,10357.00,0
highpointseomarketing.com,0,3,2073,4403,30247.00,0
directual.com,0,3,897,78,333.00,0
peersoftware.com,0,1,696,495,2670.00,0
prntscr.com,0,32,5800,73119,37944.00,0
harvard.edu,0,71,7945775,22186810,24833821.00,1777
arctikseo.com,0,1,12,0,0.00,0
toolfinder.com,0,1,4301,3352,16951.00,0
eminentseo.com,0,1,1309,283,463.00,0
localadventurer.com,0,1,45896,30045,11115.00,0
neurank.de,0,1,29,0,0.00,0
chocolatey.org,0,2,11628,27449,79880.00,0
pcs-campus.de,0,1,134,71,1.00,0
buddyboss.com,0,56,3302,5358,19002.00,35
frankknow.com,0,1,1065,2057,3868.00,0
andyinthecloud.com,0,1,77,35,34.00,0
builtwith.com,0,61,33117,222064,314171.00,0
codetwo.com,0,3,9553,11461,62548.00,315
mylivechat.com,0,1,1281,1754,6770.00,0
statefarm.com,0,2,938943,5684774,54720219.00,942
lenso.ai,0,2,13803,58055,38697.00,19
weaverbird.co.za,0,8,108,5,3.00,0
threatcop.com,0,1,3275,747,56851.00,0
bananacomputer.com,0,1,361,203,1.00,0
duplextech.com,0,1,299,16,0.00,0
torontomu.ca,0,15,40311,61305,90467.00,1
hostman.com,0,20,15129,1454,1256.00,0
tezhost.com,0,1,1038,56,195.00,0
t-mobile.com,0,24,2280768,22775107,122855044.00,12809
formatfuse.com,0,2,1362,57,14.00,0
fixmydamnwebsite.au,0,1,60,4,0.00,0
computersciencecafe.com,0,1,1120,385,314.00,0
evolvingweb.com,0,11,1060,407,525.00,0
informaticsinc.com,0,3,2097,1807,10085.00,0
robert-michalski.com,0,1,47,11,0.00,0
wnpower.net,0,1,55,77,70.00,0
processing.org,0,2,8484,33231,86499.00,0
easydigitaldownloads.com,0,23,2713,2502,6154.00,0
bloggingden.com,0,1,2088,75,152.00,0
diven.do,0,1,83,9,1.00,0
smartsheet.com,0,3,274874,889004,6434730.00,668
wphandle.com,0,1,54,0,0.00,0
sellcell.com,0,22,26948,62150,105759.00,314
appfigures.com,0,1,10629,12854,41599.00,0
openpr.com,0,3,98351,26486,32905.00,0
vcreativos.com,0,1,88,72,141.00,0
egcc.edu,0,3,3988,4425,8530.00,0
datareportal.com,0,13,6037,6412,12336.00,0
zurwebsite.de,0,1,29,7,0.00,0
craigboehman.com,0,1,1510,8227,5325.00,0
simplex-it.com,0,2,4534,2360,4567.00,0
aboutchromebooks.com,0,24,26796,40474,45907.00,0
onlinephp.io,0,7,1515,2613,11834.00,0
automationanywhere.com,0,2,19324,25263,311873.00,94
wpconfigurator.com,0,1,1049,1647,7226.00,0
dikant.de,0,1,1,0,0.00,0
feedly.com,0,3,9465,30323,115676.00,46
clevertize.com,0,1,452,358,56.00,0
nirbytes.net,0,1,365,724,9.00,0
pixelnet.in,0,12,89,21,12.00,0
screenapp.io,0,55,48192,38577,43594.00,0
lindo.ai,0,1,171,142,1347.00,2
cybercheck360.com,0,18,798,1573,2282.00,0
aijobsaustralia.com.au,0,1,102,40,95.00,0
tenten.co,0,1,4399,2046,11559.00,0
jrebel.com,0,2,2452,5192,11400.00,0
apify.com,0,17,93967,141769,251672.00,206
counselforcreators.com,0,5,1497,617,2712.00,0
pittsburghseoservices.com,0,1,2696,3306,27483.00,0
indigoextra.com,0,6,2215,2337,934.00,0
one-sec.app,0,1,1127,6122,2214.00,0
workos.com,0,2,9181,17726,81715.00,144
gitlab.com,0,122,131407,415023,979442.00,346
npk.media,0,2,15,2,13.00,0
beon.tech,0,1,721,773,15879.00,245
tcit.cl,0,1,20,5,0.00,0
intermediastudios.com.mx,0,2,16,13,4.00,0
pcforalla.se,0,1,475,211,16.00,0
wonderplugin.com,0,11,625,893,1150.00,0
computerworld.com,0,56,82325,62768,98467.00,0
debugzy.com,0,1,11,5,4.00,0
arkasoftwares.com,0,1,3144,157,233.00,0
octolize.com,0,14,1339,366,959.00,4
designdirectory.com,0,1,2408,882,1013.00,0
soteradigital.com,0,1,405,117,70.00,0
allegro.pl,0,1,70634,63016,43917.00,0
islandora-collaboration-group.github.io,0,1,35,6,0.00,0
ikonartstencil.com,0,1,1196,2109,525.00,0
mylittlebigweb.com,0,1,1863,86,4.00,0
bridgecommunities.org,0,1,722,1374,9351.00,17
nginx.org,0,64,6530,18383,40046.00,0
thecreativestore.uk,0,4,349,472,465.00,0
unix.com,0,106,22398,8478,7075.00,0
wpschema.com,0,26,429,657,1932.00,0
atdny.com,0,2,125,26,0.00,0
databasejournal.com,0,2,3853,442,675.00,0
asda.com,0,4,85302,185458,309292.00,0
startpage.com,0,28,7227,403105,770570.00,0
prominentweb.com,0,3,1554,182,713.00,0
ketchup-marketing.co.uk,0,31,703,602,1685.00,0
newreputation.com,0,4,6470,585,1418.00,1
atelierdulead.com,0,1,17,0,0.00,0
wptravel.io,0,2,3082,319,427.00,0
prposting.com,0,27,4837,2044,4810.00,1
headmasterseo.com,0,2,41,20,0.00,0
simpletiger.com,0,9,4328,4899,132996.00,37
davibank.com,0,1,2489,7360,2271.00,0
instantschema.com,0,3,211,143,353.00,0
abacusnoir.com,0,1,11,0,0.00,0
intelegencia.com,0,3,478,372,1693.00,0
webscoot.io,0,2,1145,28,55.00,0
quickautograph.com,0,1,732,269,327.00,0
smart-webtech.com,0,2,162,58,1755.00,0
seguridadwp.es,0,1,3,0,0.00,0
redirection.io,0,28,940,2026,4579.00,0
theflyingmuse.co,0,14,476,108,69.00,0
economiatic.com,0,1,691,61,53.00,0
helplogger.blogspot.com,0,1,230,9,6.00,0
utah.edu,0,33,1130495,3884711,4354506.00,78
jsmastery.com,0,1,412,835,1249.00,0
openmrs.org,0,3,1345,1788,6893.00,0
redseo.io,0,2,932,1490,8641.00,0
emma.ms,0,8,2453,803,7547.00,19
agorapulse.com,0,1,16681,105571,170753.00,27
geniuslink.com,0,1,1622,2786,8671.00,19
oxfordlearnersdictionaries.com,0,5,2270340,3091750,3149299.00,0
letrasbonitashub.com.mx,0,1,348,171,53.00,0
onehive.us,0,1,109,19,34.00,0
brafton.com,0,31,43334,151502,1241905.00,80
cigna.com,0,1,552843,3341480,7872781.00,357
bluewave.net,0,1,609,1450,6007.00,0
finom.co,0,1,3275,2452,3724.00,0
crazystack.com.br,0,1,62,25,72.00,0
linternaute.fr,0,1,119915,96907,175109.00,0
dub.co,0,1,1502,4312,12889.00,0
blackfire.io,0,3,102,17,0.00,0
applicatta.cl,0,1,15,16,28.00,0
mikedelgado.org,0,1,173,11,0.00,0
embl.org,0,1,6525,18096,5467.00,0
tactiq.io,0,1,30722,78603,116144.00,188
andrew-mccall.com,0,1,167,40,1496.00,0
zus.network,0,1,561,221,211.00,0
thinkific.com,0,11,81268,109276,536805.00,350
domainvalueestimator.com,0,2,957,258,328.00,0
techielass.com,0,1,1470,524,1678.00,0
numerologist.com,0,1,36655,426471,130989.00,0
j700group.co.uk,0,1,217,474,6866.00,0
brics2026.gov.in,0,2,774,9420,3167.00,0
appsierra.com,0,3,5042,140,1040.00,0
mydesignsinthechaos.com,0,6,816,1591,1749.00,0
cms2cms.com,0,1,10,2,0.00,0
mitre.org,0,3,21008,126115,532106.00,0
deepsiteai.com,0,16,2918,7905,18276.00,0
gravitykit.com,0,34,1606,1130,1640.00,3
coffeeaddict.dev,0,1,160,216,62.00,0
builtwithbricks.io,0,13,54,19,14.00,0
madcapsoftware.com,0,34,6950,97015,583690.00,303
adimage.ai,0,1,28,97,1120.00,0
listly.io,0,1,707,1361,3296.00,0
forbes.com,0,351,6765482,17565812,30228295.00,40006
booleanstrings.com,0,23,443,536,540.00,0
upcontent.com,0,1,478,462,1685.00,0
azds.com,0,1,1046,601,73.00,0
ctcservers.com,0,1,176,47,63.00,0
muylinux.com,0,1,221,69,2.00,0
blogmojo.de,0,1,294,61,14.00,0
isc.org,0,1,2121,6127,11747.00,13
premiumblocks.io,0,2,14,0,0.00,0
gourmetads.com,0,4,7568,15364,67275.00,0
mcquillencreative.com,0,4,192,107,158.00,0
gopeoples.net,0,1,754,11333,20739.00,0
integrate.io,0,42,25463,19831,159042.00,1
tataplay.com,0,1,2304,15151,12353.00,0
k5learning.com,0,3,317271,1230076,751082.00,0
supernova-soft.com,0,1,47,1,0.00,0
kitscenarist.ru,0,1,49,434,475.00,0
webton.nl,0,2,170,98,0.00,0
clearscope.io,0,1,4065,3050,17156.00,0
tinycookie.com,0,2,1389,112,125.00,0
symfony.com,0,1,2921,10110,9382.00,0
easycommerce.dev,0,5,665,164,567.00,0
segmentstream.com,0,1,1381,1311,12937.00,0
e9digital.com,0,3,3722,11052,112090.00,0
softwarehouse.au,0,1,2430,209,89.00,0
gonvill.com.mx,0,1,1150,274,35.00,0
digitalwizards.nl,0,1,141,11,541.00,0
python-microservices.github.io,0,5,23,9,37.00,0
darkifywp.com,0,1,15,5,0.00,0
filestar.com,0,1,6957,2544,1999.00,0
qrvey.com,0,1,1443,1070,10242.00,61
hostdean.com,0,5,1043,532,5279.00,0
uomus.edu.iq,0,1,35219,31834,21514.00,0
writephponline.com,0,1,64,128,369.00,0
tunableapp.com,0,1,8585,21248,4313.00,0
xeams.com,0,1,1015,396,2172.00,0
upnorthmedia.co,0,1,1192,639,1119.00,36
sunmoney.net,0,1,1514,168,12.00,0
chase.com,0,5,2115514,25190596,100274771.00,16275
acm.org,0,22,134747,251113,357459.00,5
clairepaniccia.com,0,22,191,92,162.00,0
napollo.net,0,1,337,358,2108.00,0
biplob.dev,0,1,9,0,0.00,0
shotkit.com,0,5,104301,76736,48515.00,0
speedycache.com,0,1,28,195,1186.00,0
hostadvice.com,0,88,72908,28766,125890.00,0
devolutions.net,0,1,7968,16973,50653.00,17
joinvalley.co,0,4,2141,2793,10060.00,0
steili.com,0,4,92,2,0.00,0
maxfoundry.com,0,1,66,2,7.00,0
dazzlebirds.com,0,3,199,9,1.00,0
coalitiontechnologies.com,0,24,23703,128204,1953800.00,28
thesmallthings.org,0,2,342,4,0.00,0
esports.gg,0,1,160050,138527,103114.00,0
clickwp.com,0,3,346,2619,16500.00,0
backyardstudios.com,0,21,316,437,691.00,0
xatakandroid.com,0,4,9216,3853,882.00,0
lawrencewhiteside.com,0,1,10,1,0.00,0
bastionboltactionpen.com,0,1,2217,4939,3715.00,6
brucerawles.com,0,1,18,0,0.00,0
omarriemar.nl,0,1,1,6,0.00,0
svitla.com,0,1,6583,5505,40654.00,2
dummies.com,0,11,604336,513636,357155.00,0
pixemweb.com,0,2,567,24,22.00,0
kompass.com,0,1,245941,171053,1753332.00,0
alt-web.com,0,2,24,10,3.00,0
angrycreative.se,0,1,22,73,0.00,0
msangeetha.com,0,4,106,16,16.00,0
arinmayamade.com,0,1,14,21,0.00,0
easywpguide.com,0,5,417,84,180.00,0
cambridge.org,0,67,13967851,56976152,58304220.00,24
hamishgibbs.net,0,2,27,2,12.00,0
bitapps.pro,0,1,381,178,986.00,0
chrischinchilla.com,0,29,610,2571,13757.00,0
clickbank.com,0,3,6619,52846,130082.00,66
timesnownews.com,0,36,1020417,145672,20776.00,0
minecraft.net,0,2,520429,5560586,1651377.00,308
devteam.space,0,3,8526,3671,29140.00,0
sslinsights.com,0,9,8600,340,364.00,0
campaignmonitor.com,0,57,29856,117673,1716865.00,73
websta.co.uk,0,1,8,9,32.00,0
wordherd.uk,0,1,1,0,0.00,0
localguidesconnect.com,0,3,30042,10501,13611.00,0
devjobsscanner.com,0,1,949,572,527.00,0
dreamstime.com,0,41,7931211,7872353,3182394.00,49
openkm.com,0,2,961,950,3963.00,0
codefresh.io,0,2,845,475,2610.00,0
asylumsfx.com,0,1,144,591,419.00,0
beyondspace.studio,0,5,604,224,541.00,0
wingmanplanning.com,0,3,1165,1818,6290.00,0
carrd.co,0,1,2036,123606,534094.00,0
learningintheopen.org,0,1,340,17,0.00,0
zight.com,0,42,29425,14296,34823.00,1
siteseo.io,0,4,192,344,3387.00,0
scottdeluzio.com,0,1,57,3,1.00,0
leaderssl.be,0,1,16,10,0.00,0
elixirforum.com,0,2,2813,4820,7619.00,0
onesmartsheep.com,0,7,1839,121,597.00,0
ubunlog.com,0,5,9506,2314,792.00,0
gimmesocialweb.fr,0,1,34,0,0.00,0
davinci.edu.ar,0,1,128,101,165.00,0
hikebranding.com,0,1,234,3,0.00,0
hostcenter.co.il,0,1,159,22,36.00,0
reading.ac.uk,0,1,34916,58342,38693.00,0
indigomarketingagency.com,0,1,1320,1505,12715.00,7
wseinfratech.com,0,1,87,37,295.00,0
mantraideas.com,0,2,84,6,0.00,0
brcline.com,0,1,608,63,18.00,0
parallels.com,0,6,39489,185854,1070175.00,1385
whatfontis.com,0,1,42088,24238,10753.00,0
react-photo-album.com,0,2,60,47,0.00,0
profesionalhosting.com,0,2,87,150,1463.00,0
payhip.com,0,1,41165,109623,263260.00,14
getapp.cl,0,1,345,6,1.00,0
tinypng.com,0,10,3458,68880,71925.00,0
nowsta.com,0,3,1437,6548,17354.00,3
podbase.com,0,1,7201,5424,13129.00,14
trymeyourself.com,0,1,314,4,0.00,0
wppool.dev,0,6,478,45,48.00,1
facilysencillo.es,0,3,31,69,1.00,0
freedom251.com,0,9,28871,499,353.00,0
mikeyan.biz,0,1,2,0,0.00,0
contextqa.com,0,1,942,1643,985.00,0
johanneskällman.se,0,1,15,3,0.00,0
adcisolutions.com,0,1,641,278,1067.00,0
ebaconline.com.br,0,5,818,579,848.00,0
plenainclusion.org,0,4,975,1091,565.00,0
curseforge.com,0,1,937678,3085507,784211.00,19
smackcoders.com,0,9,774,125,169.00,0
codestore.net,0,2,92,52,12.00,0
dictzone.com,0,1,240750,68266,48538.00,0
cloudwards.net,0,28,104787,69757,136127.00,0
setupad.com,0,2,4252,3087,11953.00,0
badgr.com,0,1,2865,4151,8229.00,0
ellibrodepython.com,0,1,170,481,140.00,0
stuff-things.net,0,2,67,29,5.00,0
thedigitalnonprofit.com,0,5,2772,702,4845.00,0
razer.com,0,5,159101,1488714,510408.00,466
fetchprofits.com,0,4,599,16,158.00,0
havecamerawilltravel.com,0,4,12826,12861,8443.00,0
the7.io,0,1,351,896,2094.00,0
gitguardian.com,0,5,4131,4631,32612.00,26
sdsu.edu,0,1,275079,1031310,1999172.00,1
wpdean.com,0,1,3661,61,12.00,0
adaptiveis.net,0,1,1887,769,2090.00,0
techhive.com,0,1,40130,16253,11206.00,0
digital55.com,0,1,63,3,0.00,0
federalpremium.com,0,1,31703,210652,14865.00,0
groovyweb.co,0,2,1391,879,2494.00,0
automattic.design,0,3,99,41,123.00,0
smtpzo.com,0,1,1201,9,38.00,0
codeanywhere.com,0,10,3253,5848,28416.00,0
learntube.ai,0,5,2337,772,2519.00,0
macrometa.com,0,3,3394,6015,22973.00,0
digixvalley.com,0,1,867,1296,1129.00,0
pagecompany.net,0,1,19,0,0.00,0
transdocs.org,0,1,112,59,0.00,0
systutorials.com,0,2,2987,595,474.00,0
mtholyoke.edu,0,14,23946,115482,309852.00,0
fid-romanistik.de,0,1,2,5,0.00,0
fulloffice.com,0,1,264,297,1.00,0
salesforge.ai,0,50,13333,21604,165432.00,15
schema.press,0,13,389,102,36.00,0
cgamedia.com,0,1,128,24,71.00,0
americanchase.com,0,17,2149,268,890.00,0
fdgweb.com,0,6,1702,581,1733.00,0
getredirects.com,0,3,58,14,73.00,0
almapay.com,0,3,393,222,544.00,0
fontsgeneratorpro.com,0,4,3567,32436,8491.00,0
ds-b.jp,0,3,354,757,217.00,0
frankenphp.dev,0,3,117,902,325.00,0
mireiarmartinez.com,0,1,12,0,0.00,0
jspanther.com,0,2,1500,89,215.00,0
easywpsmtp.com,0,4,472,244,908.00,0
planeta-immiland-education.com,0,1,70,266,2.00,0
coderland.com,0,1,84,30,0.00,0
metabase.com,0,2,6441,14521,67339.00,0
lumar.io,0,9,5780,11379,35834.00,116
prc.gov,0,1,9564,19253,19753.00,0
dopstart.com,0,4,1177,262,133.00,0
boltgoodly.com,0,1,125,7,3.00,0
huzzmean.com,0,1,766,21,0.00,0
macinstruct.com,0,5,13733,1046,91.00,0
techspeeder.com,0,1,78,22,9.00,0
adcore.com,0,4,3995,790,30332.00,6
applegreenwebsites.com,0,1,65,12,13.00,0
zinc.com,0,2,42,93,889.00,0
ultida.com,0,74,1924,731,1292.00,0
daniel.es,0,2,173,296,50.00,0
groovypost.com,0,37,158955,11479,8742.00,0
publishinghouse.org,0,1,79,0,0.00,0
plugmatter.com,0,9,871,146,515.00,0
marketmegood.com,0,2,1095,1839,4661.00,0
godaddysites.com,0,1,388823,769625,1418554.00,103
cleanpng.com,0,2,230389,449600,89129.00,0
theblissgrp.com,0,1,542,529,2158.00,0
saasscout.com,0,4,1735,142,110.00,0
toolfit.io,0,1,66,3,21.00,0
crates.io,0,2,17776,25463,41591.00,0
swiped.co,0,1,686,827,2948.00,0
bridgeit.com.au,0,2,379,68,55.00,0
alexbirkett.com,0,13,4729,2392,17281.00,0
waassolutions.com,0,4,27,2,16.00,0
htmltowp.com,0,2,64,39,166.00,0
brainwrap.com,0,4,106,54,97.00,0
ultimatedashboard.io,0,10,106,84,129.00,0
directpaynet.com,0,1,1432,99,227.00,0
offeringtree.com,0,3,8216,7436,11939.00,0
chromium.org,0,80,20073,57534,297437.00,0
agilepoint.com,0,1,1517,658,5913.00,0
sayonetech.com,0,2,1970,606,1766.00,0
shotvoice.com,0,3,2966,2355,2509.00,0
phase2.github.io,0,17,175,69,0.00,0
toolset.com,0,92,1315,2218,2290.00,0
sixmap.io,0,1,95,362,1405.00,0
uxwing.com,0,9,38638,186701,137438.00,0
tilaa.com,0,6,458,461,125.00,0
michaelbragg.com,0,1,8,0,0.00,0
ef.com.es,0,1,2618,7223,2795.00,0
tubestats.io,0,1,119,120,197.00,0
wifitalents.com,0,8,154664,10544,28633.00,0
solvios.technology,0,1,758,109,737.00,0
emaillistverify.com,0,8,6059,7828,28716.00,49
argeweb.nl,0,1,61,64,2.00,0
unihost.com,0,16,2866,817,2601.00,0
satelliteguys.us,0,2,17123,6331,7587.00,0
jasonmraz.com,0,1,936,16725,11292.00,0
inspirefellowship.org,0,1,3,2,0.00,0
loginizer.com,0,2,17,2,0.00,0
punchdown.org,0,1,11,0,0.00,0
palantir.com,0,1,23705,168490,247624.00,64
homesteadingtoday.com,0,1,15232,1194,41.00,0
sendbird.com,0,2,10960,11899,53233.00,151
aztekweb.com,0,2,2428,1056,7031.00,0
opensrs.com,0,4,1825,2674,9665.00,4
unlayer.com,0,22,6626,5219,28093.00,0
zone.ee,0,25,700,357,1096.00,0
kaplan.com,0,1,100966,84850,143992.00,8
multiplymii.com,0,1,5201,4283,14408.00,0
ssa.gov,0,2,1545646,17475071,10079971.00,4036
dndbeyond.com,0,1,342270,2852938,514393.00,0
tubitv.com,0,1,1614013,8240501,5809601.00,11
agenciadigitalamd.com,0,1,527,69,301.00,0
riumssen.nl,0,1,18,0,0.00,0
l2-data.com,0,1,600,1792,9773.00,1
parentclub.ca,0,3,1931,2683,748.00,0
blucactus.com.ve,0,1,76,35,0.00,0
kevinstratvert.com,0,9,4969,526,837.00,0
datingnews.com,0,2,34163,78952,120130.00,0
houseofmpremierstaging.com,0,1,8,0,0.00,0
seomks.com,0,2,38,1,0.00,0
forobeta.com,0,1,622,1129,3108.00,0
wprealestate.com,0,3,118,74,439.00,0
tech-latest.com,0,3,15177,1318,548.00,0
sfarnell.wordpress.com,0,4,123,30,2.00,0
lowendtalk.com,0,12,6143,6588,21461.00,0
quickheal.co.in,0,1,2872,1656,1407.00,0
vipre.com,0,1,6084,10776,44842.00,23
apmdigest.com,0,1,2630,301,1537.00,0
flowsamurai.com,0,2,107,17,0.00,0
webdesignerwall.com,0,1,732,116,120.00,0
filester.me,0,1,9,17,72.00,0
djr.com,0,16,487,1707,701.00,0
domaindetails.com,0,2,2036,777,1999.00,0
devinedesign.net,0,5,368,290,172.00,0
volcengine.com,0,3,10545,37730,58225.00,0
osti.gov,0,1,63852,93037,49006.00,0
getwholesalex.com,0,1,477,192,33.00,0
importami.org,0,2,1799,3383,9269.00,0
sufalamtech.com,0,1,192,4,17.00,0
hostimpel.com,0,1,20,0,0.00,0
upgrad.com,0,19,148106,69054,193599.00,0
franklin.edu,0,31,204489,295481,1818456.00,540
clarity-ventures.com,0,2,13402,6605,70350.00,21
lawrence.edu,0,3,17135,47295,28249.00,0
bravenet.com,0,9,2185,5851,11759.00,0
vondranlegal.com,0,1,3266,4199,10240.00,0
hexagoneweb.com,0,2,57,3,0.00,0
jeffreyappel.nl,0,1,528,146,536.00,0
dmcnewcastle.co.uk,0,1,17,0,0.00,0
fusify.io,0,1,289,65,51.00,0
linuxhandbook.com,0,1,17087,4169,1960.00,0
sinorbis.com,0,1,1490,1442,1171.00,0
karooya.com,0,1,1585,1267,6703.00,0
scotsnewsletter.com,0,1,1096,647,92.00,0
paykings.com,0,1,7429,2419,21103.00,127
hostinet.com,0,11,432,199,44.00,0
abc10.com,0,1,414644,403316,200632.00,0
hss.edu,0,1,394983,1767516,1608171.00,0
broekmancomm.com,0,3,650,21,21.00,0
downdetector.ca,0,1,12066,7128,3431.00,0
ans.co.uk,0,1,3216,1006,1971.00,0
webwise.ie,0,1,8842,41419,18305.00,0
fgov.be,0,1,3947,6475,4801.00,0
pontikis.net,0,23,410,9,2.00,0
bytebase.com,0,90,6300,4774,17426.00,59
shakeuplearning.com,0,1,2887,1402,1709.00,0
worcesterchamber.org,0,1,9681,13583,21972.00,0
iplocation.net,0,2,48189,147744,113564.00,0
xplantr.com,0,1,52,18,1.00,0
yourgpt.ai,0,1,5767,3220,7800.00,0
evotec.xyz,0,1,451,368,119.00,0
umaryland.edu,0,2,131801,288640,822386.00,28
fallontravels.com,0,30,2793,4053,1404.00,0
clickablenetwork.com,0,1,6,7,31.00,0
superstaff.com,0,1,4360,1723,15415.00,0
testrail.com,0,16,8196,14262,118135.00,459
kevinboone.me,0,1,831,519,370.00,0
wpvibes.com,0,2,566,0,0.00,0
tilynnawoodcock.webflow.io,0,1,284,16,1.00,0
wpcraze.com,0,1,73,0,0.00,0
alexarankchecker.com,0,12,107,42,165.00,0
rpmfind.net,0,4,4482,2847,4594.00,0
mystang.com,0,1,1,0,0.00,0
automattic.com,0,20,1654,22552,82429.00,0
screenwalker.com,0,1,21,0,0.00,0
codeur.com,0,5,2926,3409,2771.00,0
niftywp.com,0,2,59,146,65.00,0
file.business,0,1,845,21,114.00,0
clickandpledge.com,0,1,858,1307,6634.00,0
adbutler.com,0,1,2003,1069,10486.00,32
bogleheads.org,0,20,343309,288977,1133129.00,0
catawba.edu,0,1,8810,32348,33227.00,0
hcommons.org,0,39,10422,19325,11298.00,0
alphosting.ch,0,1,103,2,0.00,0
axios.com,0,1,813965,1242502,1695222.00,111
shinkohsha.co.jp,0,1,34,19,0.00,0
themesniffer.com,0,1,33,4,0.00,0
virtualcuriosities.com,0,5,5995,702,338.00,0
tbrookswebdesign.com,0,1,665,276,2225.00,0
onlinegrowthsystems.com,0,1,398,67,4.00,0
qr-code-generator.com,0,21,23396,314890,535227.00,2544
theemailfactory.com,0,1,114,8,16.00,0
tunedwp.com,0,1,48,8,24.00,14
teamstage.io,0,1,1370,331,204.00,0
astute.co,0,5,2026,1555,6129.00,0
itch.io,0,5,990963,5188814,1686524.00,1
responsive.io,0,2,8502,15095,111520.00,30
linklyhq.com,0,3,5710,4559,12865.00,0
naibabiji.com,0,1,346,2572,7135.00,0
neciudan.dev,0,3,71,25,6.00,0
onlinedegree.com,0,1,38619,31041,107065.00,0
apix-drive.com,0,2,13533,11818,32687.00,0
upmind.com,0,1,461,359,4309.00,0
webprotime.com,0,1,122,5,4.00,0
google.com.mx,0,5,15197,126553,158382.00,0
honeycomb.io,0,1,2657,13169,45779.00,153
lettermine.com,0,1,874,370,81.00,0
distritofoto.com,0,1,23,31,0.00,0
externals.io,0,5,108,613,80.00,0
icewalkers.com,0,1,523,8,19.00,0
jimdo.com,0,6,11639,28446,74882.00,22
goosevpn.com,0,3,685,3917,5653.00,0
hostdime.com.co,0,1,241,16,19.00,0
zoodesign.co.uk,0,1,27,2,0.00,0
wp-migration.com,0,1,48,55,8.00,0
welaunch.io,0,8,414,12,35.00,0
htmlhelp.com,0,1,3431,668,634.00,0
mashdigi.com,0,1,2819,220,190.00,0
role-editor.com,0,5,80,104,3.00,0
routeflo.com,0,1,31,40,62.00,0
wpfavs.com,0,1,51,14,1.00,0
myqrcode.com,0,2,8556,7629,11402.00,571
rnacentral.org,0,4,429,631,1461.00,0
davidleonard.london,0,1,724,396,74.00,0
cachesleuth.com,0,1,3598,33668,50516.00,0
preventdirectaccess.com,0,6,1178,383,3.00,0
singleboardbytes.com,0,3,795,1,0.00,0
victorduse.com,0,57,836,261,104.00,0
charmnailspa.com,0,1,11,0,0.00,0
sensiolabs.com,0,5,192,296,124.00,0
pdfreaderpro.com,0,2,30896,14568,21254.00,12
truckinginfo.com,0,1,31453,16619,21145.00,0
coingeek.com,0,1,5807,9063,11472.00,0
fintechwrapup.com,0,2,817,119,355.00,0
emailonacid.com,0,30,4729,7580,29856.00,0
reviewedbypro.com,0,1,924,91,10.00,0
cybernaira.com,0,5,2632,71,133.00,0
syndicode.com,0,19,2514,551,4417.00,0
kiosqueqr.com,0,1,17,6,2.00,0
activemedia.pt,0,1,56,7,0.00,0
cxg-design.jp,0,1,4,0,0.00,0
elpais.com.co,0,1,49991,95639,2823.00,0
daggerhartlab.com,0,1,35,8,2.00,0
wondershare.com,0,78,894106,703086,875322.00,1123
nic.ru,0,4,2741,4806,3050.00,0
kitrum.com,0,5,1861,4199,4776.00,0
rebrowser.net,0,2,1169,844,2208.00,0
xbitlabs.com,0,1,27116,49487,22052.00,0
netprolive.com,0,2,171,106,16.00,0
onecloudmedia.com,0,1,57,2,0.00,0
nearform.com,0,1,1676,1428,5073.00,0
botpenguin.com,0,3,12380,6200,7519.00,2
parachute.net,0,1,201,114,28.00,0
gkg.net,0,1,190,1016,3666.00,0
teradata.com,0,4,22782,47532,139427.00,100
yoti.com,0,1,3591,9118,41476.00,117
smartclick.agency,0,18,1236,882,6056.00,0
jafdigital.co,0,1,166,1,0.00,0
msantosip.com,0,1,2,0,0.00,0
digital-photography-school.com,0,17,73967,216380,144847.00,0
ntchosting.com,0,5,3414,505,1268.00,0
auckland.ac.nz,0,2,30970,57048,31388.00,8
franklymedia.nu,0,1,344,195,7.00,0
cleversomeday.com,0,6,429,296,115.00,0
loginradius.com,0,8,14948,12159,38723.00,0
netcash.co.za,0,4,458,831,3915.00,0
lightwidget.com,0,1,114,513,1352.00,0
typographymaster.com,0,1,111,0,0.00,0
liveartdesigner.com,0,1,484,86,102.00,0
mobilefun.co.uk,0,1,7044,6486,3045.00,0
ucar.edu,0,1,127683,442161,244155.00,0
woogency.de,0,1,96,72,11.00,0
juniper.net,0,71,39934,73589,171076.00,0
tubemate.net,0,1,984,20742,5320.00,0
itsupplychain.com,0,1,8306,1874,2815.00,0
podfeet.com,0,1,4957,7541,3534.00,0
hostitsmart.com,0,73,8208,1547,2738.00,0
theottoolbox.com,0,7,28329,57010,38352.00,0
serpdino.com,0,4,1046,1118,4797.00,0
1stwebdesigner.com,0,6,3876,818,887.00,0
i7host.com.br,0,2,52,0,0.00,0
soft112.com,0,1,276096,302497,420905.00,0
uchile.cl,0,1,13286,18396,10780.00,0
files.com,0,11,3319,13353,28705.00,273
olvid.io,0,1,61,490,313.00,0
scrapen.ai,0,1,2,42,188.00,0
cachedview.com,0,7,1089,14919,13315.00,0
evergreen.edu,0,13,21491,81197,103077.00,0
internet-ink.com,0,1,2459,15622,7258.00,0
tecmundo.com.br,0,2,16581,1824,248.00,0
baeldung.com,0,127,175636,138644,113025.00,0
codeyo.cloud,0,2,65,6,5.00,0
reactrouter.com,0,7,2895,20326,54043.00,0
udger.com,0,1,1148,630,912.00,0
sprinkledata.com,0,3,4484,493,1305.00,0
mintic.gov.co,0,1,1584,2575,508.00,0
globesign.com,0,2,529,83,432.00,0
thestreamable.com,0,1,126045,24389,17881.00,0
marketingwithwp.com,0,6,890,92,389.00,0
boralagency.com,0,20,1482,23761,112037.00,0
lightflows.co.uk,0,1,853,2805,13900.00,0
mcbsys.com,0,1,484,250,216.00,0
robfauls.com,0,2,35,0,0.00,0
chrisjhart.com,0,2,160,225,56.00,0
miraiserver.ne.jp,0,1,27,11,0.00,0
travis.media,0,2,1194,2794,11373.00,0
careerfoundry.com,0,30,20036,40428,160849.00,0
phpraider.com,0,1,4,0,0.00,0
demandtalk.com,0,1,2079,188,511.00,0
dynamitejobs.com,0,1,2806,3687,4761.00,0
zabalmedia.co,0,1,85,38,421.00,0
katrium.eu,0,3,939,170,322.00,0
motto.ca,0,1,11,2,0.00,0
gibbonedu.org,0,1,193,131,452.00,0
softschools.com,0,4,252339,88338,40197.00,0
vivilia.com,0,1,78,23,1.00,0
spocket.co,0,12,64907,48778,110371.00,18
ipfighter.com,0,2,2191,10223,16424.00,0
socradar.io,0,1,15048,6067,21012.00,1
ecommercenews.pe,0,1,350,75,2.00,0
primetechnologiesglobal.com,0,13,602,1431,5283.00,0
communitybox.co,0,4,85,294,2648.00,0
cyble.com,0,5,16352,152959,2930067.00,23
vortexsolution.com,0,4,439,251,203.00,0
checkoutwc.com,0,3,472,317,1405.00,5
bravesites.com,0,1,5182,4001,1742.00,0
fileformat.info,0,1,11748,10843,4952.00,0
nilsrooijmans.com,0,1,142,51,23.00,0
folieporno.fr,0,1,833,5607,159.00,0
libelle.com,0,2,129,10,30.00,0
ilounge.com,0,1,31350,63257,21062.00,0
techslang.com,0,1,10464,3386,3971.00,0
editorhtmlonline.com,0,1,199,83,261.00,0
domainregistry.com,0,2,1847,1415,9332.00,0
rootsanalysis.com,0,1,10604,4445,4962.00,0
routenote.com,0,1,52221,52122,32029.00,31
khaledhosny.com,0,1,1,0,0.00,0
tripepismith.com,0,1,657,600,192.00,0
labnol.org,0,56,25497,178220,188809.00,0
utimize.net,0,2,3,0,0.00,0
fontsgeek.com,0,3,47871,79309,27277.00,0
besanttechnologies.com,0,9,3004,1793,3262.00,1
lucep.com,0,5,390,29,19.00,0
digideo.co,0,1,121,40,63.00,0
akulakreative.com,0,3,724,3694,1159.00,0
gixen.com,0,1,712,9913,4051.00,0
ppchero.com,0,4,3757,3023,29213.00,0
raptorkit.com,0,1,1702,605,453.00,0
roconsoftware.com,0,1,100,0,0.00,0
pieces.app,0,21,5132,11654,60642.00,0
agence-developpement-web-paris.fr,0,1,20,0,0.00,0
ihost.md,0,1,241,85,0.00,0
clickinks.com,0,1,10916,3854,2828.00,18
vix.com,0,1,163284,276812,198816.00,29
unife.it,0,1,2865,2241,245.00,0
letrasdiferentesfx.com,0,1,219,2651,125.00,0
meshworld.in,0,4,571,24,54.00,0
altrwebhost.com,0,1,557,1,9.00,0
agenciaxadrez.com.br,0,1,7,9,0.00,0
webnextreview.com,0,2,585,1,23.00,0
asaptogether.org,0,1,17182,40697,61164.00,0
zipbooks.com,0,1,7486,32987,486210.00,0
specialneedsresourceblog.com,0,1,1509,277,425.00,0
oscarcandoit.com,0,1,34,12,0.00,0
thecreativesdesk.com,0,1,686,823,446.00,0
youdemus.com,0,1,21,21,37.00,0
grokipedia.com,0,17,4228101,2526455,823494.00,0
rebelytics.com,0,1,18,0,0.00,0
letras-cursivas.net,0,4,42,23,0.00,0
wpamelia.com,0,15,8071,4796,10010.00,12
codetheweb.blog,0,1,217,42,73.00,0
markuphero.com,0,2,3785,2419,4394.00,0
w3era.com,0,13,12059,9900,43724.00,0
estuate.com,0,1,244,163,4.00,0
epson.com,0,1,247317,1042919,983635.00,1667
cam-do.com,0,1,2029,5540,14409.00,1
techsmith.es,0,14,1130,848,794.00,0
optimalprint.es,0,1,1997,17116,2766.00,0
zapier.com,0,459,403944,1902029,10000048.00,998
searchanise.io,0,1,1030,504,620.00,0
ondato.com,0,1,6472,10891,64577.00,4
aulacreactiva.com,0,8,735,658,493.00,0
ubisoft.com,0,34,231094,2329272,1818495.00,208
loomo.ca,0,3,413,156,386.00,0
php.net,0,135,41545,131416,75247.00,0
abadis.ir,0,1,436476,169533,24009.00,0
lacolmenatecnologica.com,0,6,85,123,51.00,0
ajeetchaulagain.com,0,1,22,0,0.00,0
aws.com,0,42,28546,39023,117742.00,3
coreftp.com,0,17,927,2516,15493.00,0
aulatina.com,0,1,49,18,0.00,0
33mail.com,0,2,3488,2024,3819.00,0
zeeg.me,0,3,7378,5520,31447.00,0
host-world.com,0,1,1524,69,53.00,0
reallifemag.com,0,1,1203,2496,3992.00,0
customerhub.com,0,1,1110,40043,328777.00,0
techtually.com,0,10,923,177,0.00,0
latevaweb.com,0,4,2305,3249,7942.00,0
logoutify.com,0,1,409,89,91.00,0
duotrope.com,0,1,11197,17738,11883.00,0
photopanda.org,0,3,1153,265,1182.00,8
sitecore.com,0,76,20568,22885,197928.00,72
michaelangelo.ninja,0,1,2,0,0.00,0
flexicloud.co,0,6,529,71,394.00,0
bricksable.com,0,9,70,13,25.00,0
fastbuilder.ai,0,1,139,37,118.00,0
vervecopilot.com,0,6,33277,42798,24510.00,33
textualize.io,0,1,904,2253,1192.00,0
yahoo-net.jp,0,2,2676,6835,1758.00,0
surowiecki.org,0,1,79,24,28.00,0
privateemail.com,0,3,1291,23061,78214.00,0
befused.com,0,1,90,12,136.00,0
networkappers.com,0,1,914,192,314.00,0
paymentnerds.com,0,1,5766,1863,18636.00,1123
basepresskb.com,0,3,67,6,14.00,0
royalhost.net,0,3,617,140,480.00,0
tealtech.com,0,2,5297,1838,29046.00,4
aitoolguru.com,0,1,2211,1259,1989.00,0
ibuild.ph,0,1,424,113,215.00,0
dcinside.com,0,1,92196,223444,3114.00,0
teamcatfish.com,0,1,793,922,115.00,0
globalgenie.com.au,0,19,718,67,40.00,0
nureply.com,0,2,1294,87,340.00,0
uaptc.edu,0,8,11700,42627,105901.00,0
bitrecover.com,0,11,19649,11794,29032.00,0
tempworks.com,0,1,3653,3899,35757.00,0
partnerstack.com,0,1,8394,12815,70738.00,38
sunbiz.org,0,1,460995,358610,808216.00,0
noinstalltools.com,0,1,27,0,0.00,0
cccs.edu,0,1,9935,28366,103863.00,0
barcelonacodeschool.com,0,2,89,14,1.00,1
uom.gr,0,4,787,499,44.00,0
learnui.design,0,1,2976,6198,7150.00,0
yuma.ai,0,1,218,1515,3180.00,0
alacrityfoundation.co.uk,0,5,519,357,1224.00,0
ambitive.de,0,1,125,13,0.00,0
reptoverse.com,0,1,999,1100,24.00,0
magestore.com,0,2,11353,2657,12681.00,13
introserv.com,0,1,1927,2522,1948.00,0
multcloud.com,0,11,99751,20526,26757.00,7
tectalic.com,0,20,288,142,821.00,0
fliphtml5.com,0,3,223612,435897,343477.00,186
jcchouinard.com,0,4,1453,501,270.00,0
digitalcontent.pro,0,1,146,0,0.00,0
ycdb.co,0,8,393,157,705.00,0
impactmybiz.com,0,1,14685,15710,90850.00,0
techkabir.com,0,1,304,1,1.00,0
wisecleaner.com,0,1,20960,17648,18201.00,0
dhiwise.com,0,12,24952,3969,5782.00,0
ardura.consulting,0,1,2975,785,3742.00,0
infostride.com,0,5,1945,355,1693.00,0
elementorspro.com,0,5,195,13,12.00,0
sitelets.com,0,1,33,20,11.00,0
drupfan.com,0,2,324,5,25.00,0
fontspace.com,0,148,216922,947219,696391.00,0
freefaces.gallery,0,1,384,761,688.00,0
sebastiandedeyne.com,0,1,181,404,236.00,0
colorado.edu,0,34,500710,1876481,2808729.00,25
ipeinc.jp,0,2,154,37,0.00,0
opus.pro,0,13,24661,180984,255209.00,97
sigmabrowser.com,0,16,3585,11492,13330.00,0
magmaroot.com,0,29,49,27,0.00,0
nickdiego.com,0,2,16,907,4.00,0
solidworks.com,0,1,83695,288093,889906.00,539
webtalis.nl,0,5,224,5,0.00,0
brytdesigns.com,0,1,1954,108,1001.00,0
vindit.dk,0,1,1,4,0.00,0
knack.com,0,3,26739,30278,328962.00,121
time.com,0,7,2027635,3429079,1519894.00,20
wpmaster.com.au,0,4,38,0,0.00,0
apdsi.pt,0,1,49,0,0.00,0
nu.com.mx,0,1,1817,4147,14118.00,31
gbatemp.net,0,1,95610,135927,25594.00,0
stylefactoryproductions.com,0,13,12579,14403,70552.00,0
unzer.com,0,1,250,88,627.00,0
devroye.org,0,1,10116,7890,3267.00,0
blogctas.com,0,1,218,4,0.00,0
performflow.com,0,1,376,4,34.00,0
d9.hosting,0,5,78,30,0.00,0
digitalrealty.com,0,1,18407,44971,116393.00,139
bubuku.com,0,1,12,0,0.00,0
ansi.org,0,1,77728,107377,182463.00,1059
downloadmanagerplugin.com,0,3,26,0,0.00,0
minelead.io,0,31,3890,1463,1694.00,0
mohamedyamani.com,0,1,104,0,0.00,0
donatr.ee,0,1,203,212,187.00,0
all-free-download.com,0,1,18133,27621,18694.00,0
netsuite.com,0,4,192355,928131,17376295.00,5313
influee.co,0,2,3259,16637,56994.00,2
supersaas.de,0,1,24,8,0.00,0
wellesley.edu,0,2,33724,87981,147268.00,0
chrome.com,0,50,62306,192436,1979026.00,77
seupdateblog.wordpress.com,0,5,77,25,0.00,0
commonground.digital,0,1,1182,1234,1222.00,0
photographes.com,0,1,11,40,63.00,0
jamesscheller.com,0,2,12,3,0.00,0
brainvire.com,0,5,10520,2861,17348.00,0
myalice.ai,0,1,453,457,1732.00,0
larus.foundation,0,66,1250,3605,4997.00,0
janbasktraining.com,0,61,32020,9168,10084.00,1
tastewp.com,0,5,166,358,1911.00,0
ahelwer.ca,0,1,36,7,0.00,0
ironistic.com,0,4,2327,2356,13240.00,0
thehackernews.com,0,6,34524,208460,447286.00,0
infopeople.org,0,3,409,247,119.00,0
sbs.com.au,0,1,326952,404774,829547.00,0
advancedcustomfields.com,0,70,2476,6868,34043.00,5
webmobitechnologies.info,0,1,44,0,0.00,0
outscraper.com,0,3,6336,10646,63865.00,36
cartspan.com,0,1,65,3,7.00,0
appmaster.io,0,1,10010,916,8525.00,0
malwr-analysis.com,0,1,77,30,113.00,0
bryant.edu,0,5,24897,73415,200979.00,5
southerncreativeco.com,0,2,462,255,850.00,0
squelchdesign.com,0,3,70,26,73.00,0
wp-expert.ch,0,1,19,0,0.00,0
wintips.org,0,4,9134,1797,372.00,0
wpscan.com,0,67,2297,3409,8961.00,0
allaboutcookies.org,0,134,128522,133163,353900.00,0
fmemodules.com,0,2,298,106,5.00,0
oneworldrental.co.uk,0,2,2007,460,40.00,0
beckernick.github.io,0,1,39,7,0.00,0
flatlogic.com,0,5,3495,910,3862.00,0
mailsoar.com,0,1,315,115,1381.00,34
timothysalmon.com,0,1,20,4,0.00,0
ultimatewb.com,0,2,2004,1152,1989.00,0
bertina.ir,0,1,3110,1292,246.00,0
makeadir.com,0,3,50,3,0.00,0
boc-group.com,0,2,3740,7183,41478.00,4
marketingarsenal.io,0,1,1367,107,225.00,0
jacobmartella.com,0,1,584,163,612.00,0
ariapsa.com,0,2,241,255,84.00,0
unblast.com,0,6,28870,64404,98275.00,0
svg.now,0,1,72,6,0.00,0
mikeperham.com,0,1,110,17,0.00,0
pop2imap.com,0,1,361,33,0.00,0
trueqrcode.com,0,2,1684,1596,3350.00,0
glassdoor.com.ar,0,1,2490,588,620.00,0
moulinwebsitedesign.com,0,1,58,0,0.00,0
coingecko.com,0,1,206095,955258,1550939.00,0
internetwerk.de,0,1,27,1,0.00,0
tempwebsite.co.in,0,1,1,0,0.00,0
kaseya.com,0,1,17607,34293,812894.00,99
dev4press.com,0,3,92,15,9.00,0
cro-co.co.jp,0,1,79,76,0.00,0
growmeorganic.com,0,38,9119,1024,6800.00,0
techbusinessnews.com.au,0,1,3907,2306,18211.00,0
uptimewebhosting.com.au,0,13,1653,282,245.00,0
zensource.cloud,0,1,64,32,105.00,0
quashbugs.com,0,1,1758,1012,771.00,0
myemailverifier.com,0,1,3935,5283,20816.00,0
fitsix.co.uk,0,1,55,140,43.00,0
webwiz.net,0,10,2003,1732,3889.00,0
photos.com,0,1,123343,191632,121228.00,0
fosspost.org,0,10,1887,15677,31408.00,0
learnsoftware.org,0,1,60,113,342.00,0
alpha.school,0,1,5575,35526,88486.00,0
cleantalk.org,0,18,6886,23973,55133.00,2
luisvegaseo.com,0,1,21,7,0.00,0
sunbird.se,0,2,251,200,0.00,0
emailbroadcast.com,0,4,1035,686,10488.00,0
techresearchonline.com,0,1,4451,253,202.00,0
newormedia.com,0,1,2741,889,4125.00,1
eway.io,0,2,703,451,1125.00,0
fancyproductdesigner.com,0,1,137,436,1184.00,0
livingwithpixels.com,0,2,31,7,0.00,0
codezion.com,0,1,548,19,17.00,0
mystrika.com,0,15,7559,1367,1708.00,2
webskitters.com,0,5,1241,57,230.00,0
bloggerjet.com,0,17,1439,471,1359.00,0
emaillabs.io,0,13,3766,2085,7477.00,0
timeweb.com,0,2,2217,1802,1036.00,0
ryansechrest.com,0,1,69,511,411.00,0
mcp-toolbox.dev,0,1,357,41,115.00,0
xvideos4.com,0,1,49010,110193,110952.00,0
abantecart.com,0,1,735,223,952.00,0
hellobrigit.com,0,1,13970,43580,153460.00,14
randstadusa.com,0,10,145258,636152,451702.00,132
sugarcrm.com,0,13,1633,6397,48303.00,0
mt.gov,0,4,441294,1444848,1577634.00,34
oppo.com,0,2,22142,118988,242653.00,1
python-markdown.github.io,0,5,307,672,777.00,0
steemit.com,0,2,507731,310979,83568.00,0
owqjgc.wtf,0,1,1105,85,8.00,0
baselime.io,0,1,685,351,434.00,0
dynu.com,0,5,2525,3808,6594.00,0
mljar.com,0,8,3101,1975,3018.00,0
techmagic.co,0,4,7307,3247,73550.00,400
sorumatik.co,0,1,90783,9443,1823.00,0
mediamodifier.com,0,1,13090,32159,27047.00,0
wormly.com,0,21,1278,2406,6013.00,0
arulmjoseph.com,0,1,190,9,34.00,0
legiit.com,0,3,5553,9622,80070.00,18
umassp.edu,0,1,10099,13800,22059.00,0
koalaapps.io,0,2,151,37,76.00,0
cio.com,0,5,73715,45889,188245.00,0
brainspate.com,0,7,4206,159,234.00,0
sri.com,0,64,5374,24160,36593.00,30
kartra.com,0,1,4803,5919,42332.00,71
decodo.com,0,12,13086,12650,37494.00,405
proxmox.com,0,11,34894,111529,254263.00,0
digivate.com,0,3,2271,1425,6721.00,0
transjt.ai,0,1,31,3,83.00,0
assoconnect.com,0,3,480,153,32.00,0
antonyagnel.com,0,4,155,4,6.00,0
travelers.com,0,1,233303,1018285,8931615.00,81
batchdialer.com,0,1,13187,149112,53612.00,8
getvms.com,0,1,3489,1838,9833.00,2
amino.dk,0,1,255,44,70.00,0
copyrightbar.com,0,1,4,0,0.00,0
cartalk.com,0,1,279247,279402,396985.00,4
parstema.com.tr,0,1,1,0,0.00,0
temporary-url.com,0,2,623,661,517.00,0
bath.ac.uk,0,1,22030,34256,43994.00,1
surreyhearingcare.com,0,1,19,1,0.00,0
codeinthehole.com,0,1,351,57,20.00,0
crawlcompass.com,0,4,395,939,158.00,0
leadsagna.com,0,1,9,0,0.00,0
wolfenden.agency,0,1,247,173,24.00,0
brightdigital.com,0,1,1464,1058,4501.00,0
clickdimensions.com,0,2,1942,1655,7518.00,14
tencent.com,0,4,81900,245923,245526.00,13
sedkazna.ru,0,1,1,0,0.00,0
stackwc.com,0,1,53,4,13.00,0
elmundo.es,0,1,170156,383733,107246.00,0
mightynetworks.com,0,18,15502,28627,102907.00,139
brightspace.com,0,1,19442,254646,533692.00,0
tecadmin.net,0,13,18053,909,233.00,0
dontpanicblog.co.uk,0,1,100,49,0.00,0
sprinto.com,0,1,23889,17185,417611.00,309
open-user-map.com,0,1,58,41,45.00,0
openl.io,0,3,41482,155376,261317.00,0
csswizardry.com,0,9,456,970,2713.00,0
builtin.com,0,183,464483,657360,1930486.00,0
dein-ip-check.de,0,1,138,1639,156.00,0
render.com,0,13,5396,96666,414380.00,21
designer-daily.com,0,9,4265,1049,922.00,0
johnjago.com,0,1,212,286,507.00,0
lunapic.com,0,3,20153,110609,98849.00,0
appalachiadomains.com,0,3,24,0,0.00,0
hstschecker.com,0,1,5,0,0.00,0
gateway505.com,0,1,96,1543,1256.00,1
raidboxes.de,0,2,226,25,1.00,0
digitalphoto.de,0,1,334,89,30.00,0
aiad.com.au,0,1,1907,550,10435.00,0
edgenexus.io,0,1,499,220,619.00,47
voiceseo.com,0,2,107,334,1864.00,0
refact.co,0,6,500,182,1934.00,0
online.com.ni,0,1,667,363,131.00,0
wpsiteplan.com,0,34,803,1116,12066.00,0
uichemy.com,0,4,76,328,2893.00,0
honeygain.com,0,4,8456,8030,4785.00,31
vidyard.com,0,3,18440,52180,164498.00,925
prosper-strategies.com,0,1,3380,31910,120555.00,0
creatif.agency,0,1,1058,180,1124.00,0
sciencefocus.com,0,1,279428,535659,169726.00,0
gotechark.com,0,3,2658,6501,39238.00,0
glassdoor.com.mx,0,1,13890,2540,2990.00,0
focusbroadband.com,0,1,5259,25655,68505.00,0
macaronsandmimosas.com,0,4,3771,18628,8243.00,0
wattswebstudio.com,0,1,62,1,0.00,0
scheels.com,0,1,807679,1840444,334332.00,1359
access-board.gov,0,1,25378,122964,249988.00,0
fonelab.com,0,8,107239,26181,26044.00,59
storm12.co.uk,0,1,274,156,27.00,0
netcodesign.com,0,1,976,258,760.00,0
easee.com,0,1,468,610,133.00,1
critical-solution.com,0,1,10,1,0.00,0
wordpress.net,0,14,263,942,3195.00,0
boshanka.co.uk,0,1,61,10,6.00,0
tweaklibrary.com,0,2,19760,168,287.00,0
ellanyze.com,0,1,1264,463,172.00,0
ga.gov,0,8,446311,2279511,4513267.00,0
emelia.io,0,1,10153,1549,9823.00,1
json.org,0,2,1930,14702,38042.00,0
wpdocumentlibrary.com,0,1,61,28,131.00,0
thriftbooks.com,0,1,1033681,1797436,751325.00,2157
jaguarpc.com,0,2,255,231,1302.00,0
cometchat.com,0,3,4313,3674,11262.00,35
pitneybowes.com,0,1,69973,172174,309723.00,7
websitechecker.fr,0,1,30,7,7.00,0
datacamp.com,0,318,265365,520125,966797.00,953
ninjaseo.es,0,1,177,7,0.00,0
applicationperformance.com,0,1,103,60,272.00,0
simplified.guide,0,6,10102,214,395.00,0
burgeonlab.com,0,2,45,2,0.00,0
bigrockcoupon.in,0,1,467,198,484.00,0
panoply.io,0,12,2935,1779,8839.00,0
chromeis.com,0,15,308,272,634.00,0
vodlix.com,0,6,3544,2011,3091.00,46
ssu.edu.in,0,1,21649,14997,15077.00,0
gorilladesk.com,0,1,4912,13819,202757.00,203
gorillabuilders.net,0,1,69,192,137.00,0
entrepreneurshq.com,0,1,4655,1161,3548.00,0
westga.edu,0,1,43020,166061,506445.00,0
evertpot.com,0,5,210,71,16.00,0
eddieantonio.ca,0,5,216,168,320.00,0
namirial.com,0,1,1766,603,1271.00,0
bloggingx.com,0,6,2705,2180,12286.00,0
arkee.fr,0,2,406,87,43.00,0
vpnoverview.com,0,2,42057,18251,57264.00,0
inblog.io,0,1,3648,520,952.00,0
bmj.com,0,1,319059,528247,560409.00,65
chaturbate.com,0,1,232068,10295461,16433021.00,0
akademus.es,0,4,30,0,0.00,0
machinarecord.com,0,2,139,20,27.00,0
blogtimenow.com,0,2,397,43,18.00,0
letshost.ie,0,4,1205,196,509.00,0
ithoughthecamewithyou.com,0,1,400,162,18.00,0
pbn.ltd,0,1,202,91,74.00,0
trustedsite.com,0,1,2166,6372,8179.00,0
fivejars.com,0,5,363,156,144.00,0
768photography.com,0,1,54,27,1.00,0
serply.io,0,11,486,495,508.00,0
ezseonews.com,0,15,409,2,2.00,0
highedwebtech.com,0,1,63,24,0.00,0
reversecontact.com,0,6,4130,754,1672.00,0
resultics.com,0,1,15,13,0.00,0
perforce.com,0,7,21145,43230,144123.00,186
type.today,0,1,3024,11699,7276.00,0
nibiru.com.uy,0,1,69,8,0.00,0
domaintechnik.at,0,2,87,44,19.00,0
winget.run,0,1,4781,5002,9308.00,0
galvix.com,0,3,6051,3971,11901.00,0
uptodown.com,0,40,1352172,2632330,5008483.00,0
planergy.com,0,1,24737,12510,59789.00,5
techedubyte.com,0,1,11558,2790,2081.00,0
managewp.com,0,39,1644,4971,41510.00,17
pootlepress.com,0,9,539,48,72.00,0
realsiteworth.com,0,10,488,366,796.00,0
idento.es,0,11,522,2605,9339.00,0
khalidabuhakmeh.com,0,1,261,160,109.00,0
ispreports.org,0,1,47328,38048,231538.00,0
internet-lab.ru,0,1,776,171,106.00,0
wpgutenkit.com,0,9,55,30,88.00,0
labrika.com,0,1,235,275,1673.00,0
duetsoft.com,0,1,27,0,0.00,0
the-ambient.com,0,2,13207,6969,4580.00,0
spiralytics.com,0,1,2909,1189,9815.00,0
indulge.digital,0,1,243,263,730.00,0
radiansys.com,0,5,219,141,116.00,0
unreal-garden.com,0,1,110,165,116.00,0
reclaimhosting.com,0,78,1599,1907,6253.00,0
adver.tools,0,1,342,415,1805.00,0
wordpresshostinguk.co.uk,0,2,83,17,219.00,0
jim-nielsen.com,0,7,1231,3877,4300.00,0
mentorcruise.com,0,4,23492,20022,85727.00,9
emprenemjunts.es,0,4,603,209,103.00,0
slatepad.org,0,2,1728,6333,1328.00,0
dealereprocess.com,0,1,1240,2518,5202.00,1
autoglot.com,0,1,74,38,38.00,0
letrasencursivas.com,0,6,161,698,70.00,0
universoabierto.org,0,1,469,473,222.00,0
weplugins.com,0,3,818,70,11.00,0
fcc.gov,0,2,235319,998602,2350047.00,0
w3resource.com,0,10,39350,16419,9168.00,0
storymuse.co,0,3,45,88,18282.00,0
seigetsu-web.com,0,1,15,0,0.00,0
compress2go.com,0,2,14793,167835,117031.00,0
windwardstudios.com,0,2,2520,4920,11133.00,0
simplefilelist.com,0,3,60,18,123.00,0
kloner.app,0,1,212,66,271.00,0
thecoresolution.com,0,1,4288,3553,25579.00,86
inwx.com,0,6,1692,5407,23640.00,0
cnet.com,0,192,4311110,8762582,11866410.00,243
flatironschool.com,0,7,5135,8537,32938.00,0
ingenio.la,0,1,200,8,0.00,0
jskmarketing.com,0,2,435,331,734.00,0
thorntech.com,0,3,1102,485,1942.00,10
shift4shop.com,0,80,22736,9957,50123.00,0
mo.agency,0,1,3737,3253,18474.00,0
dataforseo.com,0,5,7992,10101,35189.00,672
valueships.com,0,1,2112,1158,1829.00,0
unzend.net,0,1,3,3,0.00,0
www.tumblr.com,0,6,2405734,6137797,5861362.00,0
videojs.org,0,1,563,5494,11226.00,0
webkitx.com,0,1,16,8,8.00,0
wp-space.de,0,45,436,47,27.00,0
brown.edu,0,4,286238,1671862,3996859.00,540
mongoosejs.com,0,1,1545,2085,2446.00,0
affmaven.com,0,3,6359,1716,6171.00,0
commoninja.com,0,27,14522,20279,18896.00,7
amazon.com.mx,0,2,375642,432025,124024.00,84
tinashemakiwa.com,0,3,35,1,4.00,0
hostupon.com,0,1,243,1,3.00,0
practicebetter.io,0,2,5556,35891,132632.00,360
kenstimpson.org.uk,0,1,28,19,0.00,0
jamstack.org,0,27,1589,3377,19028.00,0
hostingblog.ie,0,3,42,14,1.00,0
kioskgroup.com,0,2,2827,3013,17038.00,0
bookingor.com,0,5,621,136,536.00,0
capitalnumbers.com,0,1,1361,50,168.00,2095
seo-russia.com,0,12,179,187,0.00,0
lafabriquedunet.fr,0,3,1801,253,16.00,1
clearhq.org,0,1,1506,1824,3316.00,0
bubblehub.ie,0,3,231,65,671.00,0
globaltechcouncil.org,0,2,6185,8611,14006.00,0
lafayette.edu,0,2,34024,92397,280773.00,0
ttl-calc.com,0,4,33,268,161.00,0
lumina-seo.com,0,1,542,29,2.00,0
theaisurf.com,0,1,8353,345,420.00,0
macwk.com,0,1,573,8638,2571.00,0
kreativmedia.ch,0,1,225,70,198.00,0
cbackup.com,0,1,28828,1003,3135.00,0
supportcenterplus.com,0,1,238,14,93.00,0
getcredo.com,0,6,11624,4282,50361.00,0
ubuntu-uk.org,0,9,319,450,1063.00,0
nestproject.eu,0,1,3,3,0.00,0
nucleus.group,0,1,28,18,13.00,0
semaphore.io,0,16,4207,4470,34048.00,12
thesportsedit.com,0,1,9344,6019,6546.00,0
diffen.com,0,2,124822,142172,64404.00,0
trestlelaw.com,0,1,1200,753,3402.00,0
concretecms.com,0,50,7007,27913,41356.00,0
roaldcraenen.nl,0,6,24,30,77.00,0
brainstation.io,0,13,13399,39474,180747.00,76
kitsunesoftware.com,0,1,23,0,0.00,0
ga4.com,0,1,2523,1869,5889.00,0
isp.net,0,2,2876,14355,111000.00,0
screamingfrog.co.uk,0,32,7827,58845,359858.00,0
react-redux.js.org,0,1,582,3714,13567.00,0
as.com,0,4,1830867,1460573,557525.00,0
licornesociety.com,0,1,367,52,53.00,0
free-web-submission.co.uk,0,22,255,35,189.00,20
hoganhost.com.ng,0,4,337,2,4.00,0
tailwindcss.com,0,10,21929,176905,180723.00,0
zedge.net,0,1,301360,437211,142977.00,0
microbank.com,0,1,5182,4422,18579.00,0
blazeo.com,0,1,757,892,1982.00,0
bodhost.com,0,38,9595,1822,2250.00,0
aleaitsolutions.com,0,3,1176,288,1020.00,0
gregal.info,0,2,77,3,1.00,0
buscape.com.br,0,2,8188,4692,2068.00,0
linguise.com,0,4,1904,741,1922.00,0
bigleap-media.com,0,2,201,14,0.00,0
usine-digitale.fr,0,1,877,46,56.00,0
trueconf.com,0,3,5095,6040,22226.00,0
collegedunia.com,0,1,213415,27298,42223.00,0
orquitool.com,0,1,86,6,4.00,0
sparringmind.com,0,13,1335,6411,4377.00,0
cybersecurity-help.cz,0,1,1349,880,610.00,0
yardbird.dk,0,1,75,10,0.00,0
seodesignlab.com,0,1,621,382,649.00,0
bos.kr,0,1,20,9,0.00,0
wordops.net,0,11,153,198,61.00,0
chameleonresumes.com,0,1,1573,638,796.00,0
bluegiftdigital.com,0,1,1005,20,54.00,0
tsh.io,0,2,1264,923,5946.00,0
kimbley.com,0,2,2803,530,752.00,0
pervaziv.com,0,2,66,66,505.00,0
fullscale.io,0,16,6587,1909,17331.00,18
wpsupportwebdevelopment.com,0,1,382,17,27.00,0
fontb.com,0,11,12317,63766,23450.00,0
nttdata.com,0,1,10046,38046,154250.00,554
blackbaud.com,0,7,45609,263831,396845.00,578
shopify.com,0,601,724642,2528687,10375825.00,11763
humand.co.uk,0,6,116,5,6.00,0
browsererrors.net,0,2,13,32,0.00,0
streamlit.io,0,7,14820,38709,135640.00,0
mygomseo.com,0,1,310,48,89.00,0
backslashcreative.com,0,4,726,200,115.00,0
hostio.solutions,0,2,355,70,39.00,0
jot.digital,0,1,40,27,10.00,0
uxplanet.org,0,6,23244,34475,74149.00,0
linux.com,0,4,14432,18384,26017.00,0
adspower.com,0,5,11358,38999,110937.00,92
vectr.com,0,1,1860,11340,17943.00,0
teclab.edu.ar,0,1,272,168,24.00,0
riovizual.com,0,2,108,0,0.00,0
reputation.com,0,1,7995,34131,586722.00,528
rubentous.com,0,1,13,0,0.00,0
klizos.com,0,4,562,873,0.00,0
learndigitaladvertising.com,0,4,776,241,571.00,0
hemingwayapp.com,0,1,6256,42492,69763.00,5
irelandwebsitedesign.com,0,1,161,255,25.00,0
s.center,0,2,7920,6965,39839.00,0
serveracademy.com,0,31,6819,10905,11699.00,0
redshiftrecruiting.com,0,3,6210,2603,7288.00,0
nestcares.org,0,1,4,0,0.00,0
abc.xyz,0,1,4051,146630,266959.00,0
graphed.com,0,5,45905,2223,5864.00,0
betimeful.com,0,51,3667,2396,452.00,0
dotdigital.com,0,2,9748,11098,113679.00,40
zenutech.com,0,1,103,20,0.00,0
vancebell.com,0,3,297,93,149.00,0
sharebuttons.com,0,1,37,35,22.00,0
sudshekhar.com,0,1,231,15,41.00,0
inovawebdesign.com,0,10,332,184,560.00,0
llmrefs.com,0,25,8488,7975,21474.00,0
unprinted.design,0,1,66,8,0.00,0
backwpup.com,0,6,158,207,285.00,0
intender.com.au,0,6,94,102,0.00,0
sauto.com.br,0,1,2,0,0.00,0
omgubuntu.co.uk,0,3,8608,6823,1439.00,0
x5servers.com,0,2,1736,80,149.00,0
eliselegrow.com,0,2,36213,1047,409.00,0
steegle.com,0,2,3092,4426,9234.00,0
connorgillivan.com,0,1,550,59,83.00,0
daily.dev,0,27,61303,26586,61300.00,0
example.com,0,5,14183,21382,231484.00,225
selectedfirms.co,0,2,20731,6497,31854.00,0
dashboardbuilder.net,0,3,628,326,1928.00,0
siu.edu,0,7,92970,262521,436254.00,52
unafiestabonita.com,0,4,170,522,511.00,0
sourcebae.com,0,1,5243,46,29.00,0
learnpick.in,0,2,983,535,102.00,0
vwo.com,0,19,15634,24180,190693.00,144
wpcred.com,0,1,966,1,6.00,0
bittitan.com,0,2,3084,8383,49280.00,34
mailchimpapp.com,0,1,68,32,197.00,0
melinakmiller.com,0,1,771,389,370.00,0
pingmylinks.com,0,20,600,1164,5561.00,0
figma.com,0,397,413790,4555701,11514302.00,1625
weglot.com,0,9,5979,6000,10774.00,104
iservices.nl,0,1,2785,3727,115.00,0
iru.com,0,1,2439,4913,38186.00,625
umn.edu,0,34,1214378,3670769,4546466.00,221
tonik.com,0,1,84,261,115.00,0
gapsystudio.com,0,1,1692,1194,2146.00,0
erplain.com,0,71,1599,1216,3352.00,0
diva-portal.org,0,4,33417,23980,17089.00,0
micron21.com,0,1,526,107,30.00,0
wealthyaffiliate.com,0,3,2977,4954,5370.00,12
geoapify.com,0,3,7333,18744,14643.00,0
pornoplus.fr,0,1,546,1160,47.00,0
yaytext.com,0,12,35143,83659,7954.00,0
miguelgomezsa.com,0,2,54,1,0.00,0
edytapukocz.com,0,1,13,6,0.00,0
jcefbuild.github.io,0,1,16,0,0.00,0
devproblems.com,0,15,1218,433,830.00,0
centriohost.com,0,1,336,7,42.00,0
worthepenny.com,0,5,837954,1379607,3127783.00,1
swlaw.com,0,1,17812,39588,225949.00,0
socialtap.com.au,0,1,185,59,59.00,0
codecademy.com,0,351,174510,958887,3302107.00,366
joshtronic.com,0,21,1726,2089,836.00,0
uga.edu,0,33,713859,2371853,4146347.00,58
repost.aws,0,103,68771,34316,128464.00,0
hackmd.io,0,1,38948,23330,26752.00,0
wired.com,0,145,1275852,3343822,4991185.00,515
joinmassive.com,0,12,1395,946,2012.00,0
wtatennis.com,0,1,262364,2773939,1565185.00,8
usecarly.com,0,32,13435,5299,5711.00,0
patdryburgh.com,0,2,26,1,0.00,0
marketeeradv.com,0,1,7,5,21.00,0
digitalnest.in,0,1,231,85,256.00,0
fullenrich.com,0,3,8785,3613,24285.00,33
researchbuzz.me,0,6,363,6262,6875.00,0
ssl-tools.net,0,1,1412,13491,18400.00,0
commonplaces.com,0,6,1301,3493,33061.00,0
uxmatters.com,0,1,4391,4878,6477.00,0
redtreewebdesign.com,0,1,717,978,7982.00,0
melodyloops.com,0,1,5203,2291,1496.00,0
pneumallc.com,0,1,138,33,361.00,0
ticketfalcon.com,0,2,2527,930,175.00,0
independentwp.com,0,1,771,538,1404.00,0
sidegains.com,0,1,359,401,4.00,0
surry.edu,0,1,4643,8728,3307.00,0
bulkbuyhosting.com,0,2,216,178,58.00,0
wp-content.co,0,6,969,202,1159.00,0
dreamgrow.com,0,6,7246,64858,666680.00,0
krystal.io,0,59,1949,1608,5932.00,17
seoguruatlanta.com,0,2,4514,7989,58947.00,0
rubabsdigital.com,0,3,430,33,182.00,0
freshsales.io,0,1,1396,1495,25257.00,0
letterheadfonts.com,0,2,1456,3141,1089.00,0
imaginarycloud.com,0,3,5678,1646,6525.00,0
bbk.ac.uk,0,1,11383,15107,42946.00,0
drip.com,0,17,8862,9575,67023.00,35
essential-blocks.com,0,4,277,14,12.00,0
maine.edu,0,27,70268,140182,265697.00,0
servicenow.com,0,20,193083,613577,7236253.00,4697
mushaboom.studio,0,1,158,269,233.00,0
theatrejs.com,0,1,113,345,221.00,0
connectsafely.ai,0,7,4487,3968,12891.00,0
scholarhat.com,0,1,14788,3589,4359.00,0
inmoat.com,0,1,614,28,88.00,0
leanlabs.com,0,4,4832,1890,11738.00,0
davidlykhim.com,0,21,199,257,1765.00,0
centerforsurgicalhealth.org,0,1,61,185,31.00,0
wpbetterplugins.com,0,1,154,0,0.00,0
criticalimpact.com,0,4,1015,619,187.00,0
goguardian.com,0,5,14171,588299,1013188.00,16
seattletimes.com,0,2,1019704,1051774,1333869.00,1
whitepeakdigital.com,0,51,6039,1041,1944.00,0
webserve.hu,0,2,34,0,0.00,0
dearflip.com,0,1,648,849,1298.00,0
rvnetwork.com,0,1,12108,10450,11974.00,0
unicoconnect.com,0,1,383,49,153.00,0
gcu.ac.uk,0,7,3979,10702,39492.00,0
comparecardfees.co.uk,0,5,156,14,208.00,0
today.com,0,1,4596939,7733173,2903271.00,72
onepage.io,0,6,2074,8978,47589.00,4
launchcode.org,0,2,6556,7064,45801.00,252
technically.dev,0,3,1680,3011,9332.00,0
localstack.cloud,0,4,2663,5567,84357.00,0
lerobert.com,0,1,168476,116640,173155.00,0
marketmechina.com,0,3,532,95,14.00,0
jimcontent.com,0,1,18988,11632,7578.00,0
onelocal.com,0,6,1999,271,757.00,0
eaglepoint.com,0,1,968,597,2810.00,0
websitex5.com,0,2,1015,647,1357.00,0
eylenburg.github.io,0,1,734,411,645.00,0
fundacionparalasalud.org,0,1,676,471,246.00,0
weadown.com,0,29,4195,3373,9327.00,0
wpspeedmatters.com,0,3,77,22,96.00,0
bamboonine.co.uk,0,8,363,319,134.00,0
allegrow.co,0,4,1824,1407,4409.00,0
bisualstudio.com,0,1,3,3,0.00,0
awin.com,0,3,6236,12924,76952.00,41
mentionlytics.com,0,1,7928,2141,6771.00,5
hackerfactor.com,0,1,556,400,356.00,0
radware.com,0,7,13158,20772,116951.00,94
icecubedigital.com,0,6,5377,392,2748.00,0
quintagroup.com,0,2,780,590,392.00,0
kctcs.edu,0,1,72342,276260,615037.00,6
fiap.com.br,0,1,79,539,2460.00,0
designhenge.com,0,1,872,29142,264174.00,0
http.dog,0,5,119,263,9.00,0
inavirtual.ed.cr,0,1,497,334,353.00,0
truity.com,0,1,74506,454583,289261.00,274
pcmatic.com,0,9,18306,133728,248954.00,27
wpjack.com,0,6,183,3,0.00,0
auxmode.com,0,1,5282,8914,7529.00,0
videohelp.com,0,1,30612,27189,21829.00,0
inmotionmktg.com,0,1,2686,278,794.00,0
9to5mac.com,0,2,226412,308629,222976.00,0
kickcharge.com,0,7,1210,4260,28006.00,7
digital.gov,0,42,16344,68540,233880.00,0
usherbrooke.ca,0,1,34141,16577,12258.00,0
instapage.com,0,32,14098,27489,178842.00,8
lipingyang.org,0,1,1506,244,32.00,0
namastedev.com,0,13,6008,2744,5588.00,0
conversionmedia.com,0,2,260,42,100.00,0
sonrisastudio.com,0,1,95,184,28.00,0
howdy.com,0,2,9332,5685,31224.00,0
marketmymarket.com,0,3,1809,2054,12308.00,0
we-awards.com,0,1,467,797,1484.00,0
codment.com,0,2,1393,32,107.00,0
b2saas.com,0,1,17652,1019,2261.00,0
socprime.com,0,1,3623,5656,12478.00,0
codechef.com,0,27,22583,43283,116969.00,0
educationalevidence.com,0,1,482,346,363.00,0
profaceoff.com,0,2,655,0,0.00,0
gamedev.net,0,1,7469,19322,85283.00,0
askaboutmoney.com,0,7,15767,3935,8325.00,0
hostsfileeditor.com,0,14,105,173,119.00,0
sueddeutsche.de,0,1,14697,24302,1007.00,0
ebizcharge.com,0,1,19121,4583,38585.00,185
directoryeasy.com,0,3,211,62,124.00,0
tiendanube.com,0,15,11196,9672,13891.00,0
ecc.co.jp,0,1,2519,2814,159.00,0
ridgeon-network.co.uk,0,2,140,43,163.00,0
metafilter.com,0,4,242869,67945,39132.00,0
newoldstamp.com,0,1,9032,6431,6851.00,2
lensculture.com,0,1,11225,20772,11243.00,0
joshcanhelp.com,0,1,423,329,573.00,0
codingtemple.com,0,3,6539,13827,66522.00,169
weareadjacent.com,0,1,77,13,26.00,0
commoncrawl.org,0,2,483,4785,2407.00,0
spyserp.com,0,2,3897,2451,7224.00,3
seedsecuritylabs.org,0,2,280,1618,11431.00,0
whatarmy.com,0,34,578,634,1631.00,0
wpklik.com,0,1,522,14,0.00,0
dolphinradar.com,0,1,42013,1494956,617172.00,0
lafdesign.co.jp,0,1,15,2,0.00,0
mattplugins.com,0,1,11,2,4.00,0
cetecerp.com,0,1,685,1520,4640.00,0
coruzant.com,0,3,22463,204151,1503411.00,0
kopstorm.com,0,2,142,13,13.00,0
techeshta.com,0,1,115,7,2.00,0
fit.edu,0,1,85178,231826,824593.00,11
juscorrientes.gov.ar,0,1,105,61,2.00,0
elcom.com.au,0,3,2741,2062,26792.00,0
phase2.io,0,1,375,2428,66826.00,0
clickguard.com,0,2,6070,3970,22291.00,32
designorbital.com,0,1,436,43,17.00,0
dmitripavlutin.com,0,5,2015,506,27.00,0
renderforest.com,0,7,52040,86062,154177.00,40
soundcloud.com,0,18,4199975,7722340,4740209.00,109
aislingfoley.com,0,1,178,684,3812.00,0
reintech.io,0,5,22700,1365,1390.00,0
amazingrdp.com,0,1,2249,175,151.00,0
httpstatusdogs.com,0,4,41,93,16.00,0
djangogirls.org,0,2,253,706,176.00,0
fileinfo.com,0,21,40863,28201,31332.00,0
audiotheme.com,0,1,205,267,309.00,0
fixrunner.com,0,38,4018,224,3487.00,30
geckostudio.es,0,1,326,124,127.00,0
doit.software,0,3,3851,1383,18029.00,0
simotime.com,0,1,183,345,241.00,0
hollyland.com,0,8,75750,56835,29533.00,58
svg-path-visualizer.netlify.app,0,2,59,27,121.00,0
grdominicans.org,0,1,758,1612,44.00,0
colmex.mx,0,2,73376,22823,13030.00,0
cozumpark.com,0,1,341,41,18.00,0
basicwp.com,0,1,183,1,0.00,0
wpmanagify.com,0,1,673,838,252.00,0
fastcasual.com,0,1,13121,6502,4499.00,0
browse.ai,0,5,4504,10826,28459.00,200
hullabaloo.co.uk,0,1,449,795,309.00,0
regionalbusinesstoolkit.com.au,0,1,53,19,51.00,0
getharvest.com,0,1,59344,221523,1615003.00,310
exolnet.com,0,1,160,129,78.00,0
tidyrepo.com,0,1,5699,4117,1351.00,0
openstack.org,0,1,3953,7233,27285.00,0
shippingeasy.com,0,2,24080,22150,58545.00,0
bindtuning.com,0,1,192,23,50.00,0
cyblance.com,0,2,2466,1682,6794.00,1
onreact.com,0,1,1266,5392,7707.00,0
mattcromwell.com,0,2,62,7,0.00,0
flippingbook.com,0,7,37016,42884,147432.00,572
biznology.com,0,3,243,160,103.00,0
sciencesourceimages.com,0,1,461,496,288.00,0
optiveum.com,0,1,29,8,0.00,0
wpowls.co,0,1,5,2,0.00,0
network-inventory-advisor.com,0,2,8530,9273,7148.00,0
nbcphiladelphia.com,0,1,476956,1198095,541346.00,0
getpublii.com,0,6,297,801,3663.00,0
cheapinternetserviceprovider-jna.com,0,16,16881,1181,6782.00,0
linuxtect.com,0,2,3473,1,0.00,0
brmwebdev.com,0,1,85,5,2.00,0
baldwindigital.ie,0,2,563,1202,13488.00,0
htc.com,0,3,12930,28434,11750.00,0
toolfinderr.com,0,1,78,34,10.00,0
configu.com,0,3,2135,928,5087.00,0
iximiuz.com,0,8,1265,1320,3646.00,0
themezee.com,0,3,88,53,12.00,0
apollo13themes.com,0,8,181,11,45.00,0
foldoc.org,0,2,1934,676,250.00,0
weareabstrakt.com,0,1,124,28,0.00,0
usefoyer.com,0,1,8863,1770,645.00,5
icontact.com,0,3,8245,22459,64530.00,71
thinkmobiles.com,0,20,6311,2796,5264.00,0
topdevelopers.co,0,1,27491,1622,10971.00,0
katebackdrop.com,0,1,32196,84423,48746.00,26
wordmeaning.org,0,1,174573,313691,172972.00,0
lesjeudis.com,0,1,139,34,27.00,0
key-g.com,0,2,1376,89,221.00,0
310creative.com,0,1,6252,1929,28676.00,0
wplugin.com.br,0,2,8,7,0.00,0
code-de.org,0,1,242,53,822.00,0
dexpose.io,0,1,6047,22745,5307.00,0
connectpay.com,0,8,7142,23164,347339.00,0
heicodersacademy.com,0,1,330,59,105.00,2
v2q.com,0,1,376,1980,2.00,0
kaliforms.com,0,39,237,104,38.00,0
dynamicweb.com,0,3,2624,1736,3878.00,0
makeforms.io,0,1,2413,490,1928.00,0
flexahosting.nl,0,2,527,276,154.00,0
userswp.io,0,6,223,65,154.00,0
kerkour.com,0,2,335,129,99.00,0
embracingacookielessfuture.com,0,2,19,0,0.00,0
generic-mapping-tools.org,0,4,796,2538,1765.00,0
maartendekeizer.nl,0,6,31,32,36.00,0
domo.com,0,1,41167,116543,760485.00,382
megamorf.gitlab.io,0,1,220,97,58.00,0
mediapoint.dk,0,1,95,11,0.00,0
riverland.edu,0,16,4459,11794,32294.00,0
tld-list.com,0,48,17749,45749,185897.00,8
mailsoftly.com,0,2,5162,2062,9701.00,1
picsart.io,0,3,2675,4021,3068.00,14
openstax.org,0,1,157344,354339,363905.00,5
trello.com,0,4,18084,558153,4623085.00,0
diggin-data.de,0,1,7,1,0.00,0
womenlovetech.com,0,1,2951,279,161.00,0
hookagency.com,0,5,17681,26915,157055.00,40
rich.blog,0,1,28,4,0.00,0
forbytes.com,0,1,4075,1237,6097.00,0
onsitewp.com,0,1,265,70,620.00,0
convertful.com,0,1,803,390,1277.00,0
bloomtech.com,0,1,2234,5992,8254.00,0
itss.paris,0,1,41,12,0.00,0
onidel.com,0,2,281,65,62.00,0
tenor.com,0,4,6803765,16864069,1300098.00,0
piliapp.com,0,14,175434,718321,284822.00,0
streamable.com,0,1,5203,30675,53254.00,0
managingwp.io,0,16,187,53,31.00,0
gosearch.ai,0,11,4087,11221,30732.00,29
wpsyncsheets.com,0,1,299,5,0.00,0
rapid7.com,0,15,32635,65825,694454.00,498
programiz.com,0,152,106611,270056,606466.00,0
rajasthan.gov.in,0,7,59197,145838,137279.00,0
hsf-training.github.io,0,1,446,330,19.00,0
arjunaghera.com,0,1,4,0,0.00,0
ui.com,0,21,180970,1129877,2019484.00,0
novatech.net,0,1,5823,5244,10708.00,23
raftt.io,0,1,37,69,65.00,0
differencebetween.net,0,2,125177,9194,4559.00,0
nuclearengagement.com,0,1,89,11,46.00,0
akkio.com,0,2,1558,1027,6873.00,0
emaildatabase.marketing,0,1,327,215,2835.00,0
hanselman.com,0,1,6467,8202,5243.00,0
sidesofmarch.com,0,1,58,51,14.00,0
untitledsite.co,0,1,294,96,215.00,0
sparrowboost.com,0,1,1642,56,281.00,0
wpstagecoach.com,0,1,21,22,114.00,0
politico.com,0,2,750466,2869024,3715678.00,0
coomersu1.com,0,1,530,12993,763.00,0
hibit.dev,0,1,659,92,86.00,0
dbafromthecold.com,0,1,95,20,12.00,0
imagewave.co.jp,0,1,2,0,0.00,0
seragroup-mea.com,0,1,2,0,0.00,0
popwebdesign.net,0,3,1795,262,1106.00,0
oudel.com,0,4,13169,397,378.00,0
supernova.io,0,1,788,1550,3641.00,0
david-kerwick.github.io,0,1,30,27,0.00,0
coolnetwork.it,0,1,8,0,0.00,0
bittorrent.com,0,1,12493,198649,65193.00,0
dualcode.com,0,2,172,660,8.00,0
amplitude.com,0,12,31396,102049,440414.00,851
wpbeaverbuilder.com,0,56,2907,7432,21070.00,22
jovvie.com,0,1,433,155,364.00,0
jetwriter.ai,0,3,1238,536,934.00,0
klatch.co.uk,0,6,174,235,82.00,0
1001freefonts.com,0,64,28164,138756,165879.00,0
newweborder.co,0,12,1465,115,195.00,0
trustifi.com,0,1,2709,1243,7112.00,22
cmdk.email,0,11,728,37,41.00,0
tekuru.com,0,1,5,0,0.00,0
coding.kiwi,0,1,51,68,43.00,0
hiberus.com,0,5,917,782,1537.00,0
guestcam.co,0,2,3223,7151,11424.00,30
noredink.com,0,1,8579,356653,38856.00,0
placeit.net,0,1,28752,111567,157458.00,88
technoogies.com,0,1,60,0,0.00,0
imdb.com,0,13,49259885,366597088,153599623.00,167
logicmonitor.com,0,16,17779,41391,226627.00,750
boost-local.com,0,2,15,5,0.00,0
technostacks.com,0,5,1223,322,1088.00,0
wpsec.com,0,27,672,339,1371.00,3
3idatascraping.com,0,1,514,76,306.00,0
github.dev,0,7,1574,1057,3752.00,0
itzer.net,0,1,17,44,252.00,0
jsdelivr.net,0,1,2877,3822,1129.00,0
jsx.github.io,0,2,69,66,372.00,0
mirago.com.br,0,3,365,272,413.00,0
redis-doc-test.readthedocs.io,0,1,223,24,89.00,0
stylemixthemes.com,0,14,1923,1213,3300.00,10
euroinnova.com,0,2,21650,23551,5556.00,0
preply.com,0,5,338832,1937444,2138779.00,7716
powervision.com,0,1,52,26,42.00,0
onlineprinters.ie,0,1,2003,2003,3458.00,0
1stdegree-marketing.com,0,1,20,1,8.00,0
zoom.com,0,12,219458,3684132,7508733.00,6486
adfsolutions.com,0,3,995,559,441.00,0
mexc.com,0,1,106290,43669,57856.00,24
mojang.com,0,1,11466,20373,1312.00,0
passwordmanager.com,0,3,5510,40013,218589.00,0
yithemes.com,0,27,2056,1850,6419.00,6
salvatorelab.com,0,3,11,11,0.00,0
jscamp.dev,0,5,98,135,45.00,0
tuvoc.com,0,1,1122,245,2527.00,0
curohosting.com,0,3,15,0,0.00,0
storejextensions.org,0,1,103,11,9.00,0
pianotuner.io,0,1,81,1500,2603.00,0
ericphan.net,0,1,4,1,0.00,0
softdata.co.uk,0,1,90,25,0.00,0
architbohra.com,0,1,8,0,0.00,0
hostmerchantservices.com,0,1,42659,22160,26524.00,0
kiteworks.com,0,19,20701,33452,213526.00,12
thebcms.com,0,16,815,366,1740.00,0
host2review.com,0,1,67,1,6.00,0
seoboost.com,0,14,4757,846,5395.00,0
cognism.com,0,39,25213,40036,391145.00,425
geomotiv.com,0,1,1771,1203,6767.00,30
resizenow.com,0,1,2558,289,102.00,0
pandasecurity.com,0,43,30264,50932,73869.00,96
linuxfromscratch.org,0,1,6124,10065,7470.00,0
kasada.io,0,1,729,504,1697.00,25
elite-strategies.com,0,3,678,399,1518.00,0
contactout.com,0,107,214901,127709,200761.00,0
constructiongorilla.net,0,1,4,0,0.00,0
chime.com,0,2,213172,738318,2367827.00,1290
platformsecurity.com,0,3,89,24,94.00,0
leicestershospitals.nhs.uk,0,1,14344,10714,9266.00,0
socialsharingplugin.com,0,11,220,52,14.00,0
sd2.org,0,1,2232,2976,2964.00,0
ztags.com,0,1,346,1494,1331.00,0
sysmaster.com,0,1,139,18,0.00,0
capterra.ch,0,1,233,50,23.00,0
softphone.pro,0,1,568,638,8587.00,0
acte.in,0,3,9321,868,2524.00,0
peacefully.com,0,1,2020,242,170.00,0
gofishdigital.com,0,3,7113,4977,41433.00,287
tidydesign.com,0,1,367,1976,254.00,0
digitalinning.com,0,2,488,54,298.00,0
aipublish.com,0,1,27,42,122.00,0
sudbury.ma.us,0,5,8821,21574,13101.00,0
embarque.io,0,1,8751,7769,81610.00,0
artegence.com,0,1,63,13,7.00,0
markheath.net,0,3,626,615,558.00,0
trafficshop.com,0,1,34,0,0.00,0
tenereteam.com,0,3,965923,281506,765601.00,12
copper.com,0,8,9466,10197,84931.00,198
sussex.ac.uk,0,2,36654,178477,65497.00,80
sampi.co,0,1,463,272,129.00,0
trackdesk.com,0,1,1519,5825,44741.00,10
xhamster19.com,0,1,204177,1073323,441190.00,0
withit.org,0,1,2168,1604,1045.00,0
fernandocorreia.dev,0,1,97,0,0.00,0
quikclicks.com.au,0,6,438,502,785.00,0
ossinsight.io,0,9,870,658,1947.00,0
urbaninsight.com,0,3,777,947,6935.00,0
transferito.com,0,23,230,91,766.00,0
imagineer.co.jp,0,1,39,208,0.00,0
guru99.com,0,7,116626,4955,10570.00,0
iflair.com,0,6,1366,763,987.00,0
authenticstyle.co.uk,0,1,893,250,1234.00,0
procurri.com,0,1,323,855,8518.00,0
uni-sofia.bg,0,1,1445,1404,751.00,0
datalumina.com,0,2,289,198,1442.00,0
cardmagicbyjason.com,0,1,537,1720,917.00,0
zipwp.com,0,2,709,2744,18716.00,58
quantumagency.io,0,1,207,81,0.00,0
stantec.com,0,1,23394,66333,27727.00,34
joptimisemonsite.fr,0,1,147,0,0.00,0
insighttimer.com,0,1,99439,142486,131522.00,0
xenvn.com,0,3,430,447,42.00,0
seomallorcamaval.com,0,1,25,9,0.00,0
ammunitiontogo.com,0,1,45303,80327,3944.00,0
unlighthouse.dev,0,2,365,200,332.00,0
4d.com,0,2,2422,4714,7659.00,0
davorsuljic.github.io,0,1,1,0,0.00,0
getterms.io,0,31,2506,1217,2639.00,2
blocksurvey.io,0,2,5105,5226,7883.00,1
infosec.gov.hk,0,1,422,216,669.00,0
cleanplugins.com,0,2,8,7,6.00,0
euipo.europa.eu,0,3,5386,11197,22130.00,0
genesysgrowth.com,0,7,970,555,1838.00,0
sennalabs.com,0,2,533,6,3.00,0
securitymailservices.com,0,1,140,756,3275.00,0
lovableconverter.com,0,2,24,49,315.00,0
paradoxlabs.com,0,5,1575,1454,557.00,0
hochzeitsfotografie-collective.de,0,1,8,0,0.00,0
atpeaz.com,0,1,356,47,3.00,0
cybertruckownersclub.com,0,2,10206,11483,3997.00,0
samplelib.com,0,1,951,2557,1531.00,0
varyingvagrantvagrants.org,0,2,81,338,0.00,0
4geeksacademy.com,0,1,1751,6771,28396.00,0
kitswebgen.com,0,1,2,0,0.00,0
zenarmor.com,0,7,20583,8239,24226.00,0
travelynne.ca,0,1,627,1458,1097.00,0
wpengineer.com,0,1,36,16,0.00,0
xsx.tw,0,1,154,7,0.00,0
israynotarray.com,0,1,350,32,113.00,0
salesrobot.co,0,5,5841,1721,12416.00,0
webgoo.ir,0,1,13,6,0.00,0
frontendeng.dev,0,1,160,113,45.00,0
blush.design,0,4,3044,54592,103796.00,0
hargitai.co.nz,0,3,94,1,0.00,0
coloradopremierstaging.com,0,1,247,81,333.00,0
thoughtsviewsopinions.wordpress.com,0,8,64,7,6.00,0
nettalkcentral.com,0,1,92,10,42.00,0
ninjatables.com,0,23,2007,1528,2056.00,12
claris.com,0,7,11889,18281,36401.00,59
marketingacuity.com,0,1,344,93,231.00,0
luhoster.com,0,3,52,0,0.00,0
thecuriouskindergarten.blog,0,1,283,397,145.00,0
lcginc.com,0,1,196,3407,1620.00,0
mysttaks.com,0,1,2,14,0.00,0
forgemedia.io,0,1,24,0,0.00,0
jmglov.net,0,1,6,2,0.00,0
stunningdigitalmarketing.com,0,1,47,1,0.00,0
infolibros.org,0,1,1819,40,7.00,0
optimizesmart.com,0,4,3477,1573,2408.00,0
pegasusinfocorp.com,0,2,420,275,62.00,0
wpexpert.ca,0,1,596,94,118.00,0
jasong-designs.com,0,4,19,1,0.00,0
wpministry.co,0,1,85,3,0.00,0
stonetechpools.gr,0,1,2,0,0.00,0
learndjango.com,0,8,475,377,291.00,0
kode.link,0,2,1571,231,72.00,0
prolificstudio.co,0,1,9998,28310,38688.00,0
exavault.com,0,58,2223,2727,8679.00,0
primevideo.com,0,1,5059025,23000201,11220633.00,4
keengamer.com,0,1,44102,6684,458.00,0
daltoncraighead.com,0,1,583,171,750.00,0
zoaibkhan.com,0,1,103,41,11.00,0
itssolutions.co,0,1,124,91,584.00,0
worldwincoder.com,0,5,161,10,89.00,0
finoit.com,0,1,2437,419,2069.00,0
accessible.org,0,1,4302,7524,29797.00,0
agencyfinder.biz,0,1,1318,15,17.00,0
marketerosagencia.com,0,5,1323,358,567.00,0
outfy.com,0,7,20312,41236,25528.00,0
tmforum.org,0,1,4376,4905,4805.00,0
oreilly.com,0,25,84522,119813,85028.00,467
fau.edu,0,2,179254,634383,1264723.00,0
theaffordablewebguy.com,0,1,1388,9637,125680.00,0
monorepo-book.github.io,0,1,8,0,0.00,0
ourbizspace.net,0,1,13,13,0.00,0
clearstream.io,0,1,1008,11238,437451.00,104
cyberchimps.com,0,60,6375,544,2582.00,0
webtematica.com,0,1,73,13,26.00,0
edgarallan.com,0,1,130,65,104.00,0
embedsocial.com,0,6,23825,160482,139306.00,0
waru.edu,0,2,40343,112605,400954.00,0
priv.gc.ca,0,1,2325,6337,19270.00,0
dongknows.com,0,1,18040,34272,24083.00,0
showmetech.com.br,0,1,627,94,0.00,0
dionysopoulos.me,0,7,39,0,0.00,0
profkrg.com,0,4,382,863,40.00,0
api7.ai,0,1,3124,3372,13678.00,0
wisdmlabs.com,0,69,2995,1038,5266.00,19
winkbeds.com,0,1,1055,43642,122597.00,22
rebeccaalasdair.com,0,2,167,112,5.00,0
aecumen.com,0,1,74,26,109.00,0
woohelpdesk.com,0,3,2612,3,1.00,0
pm3.com.br,0,2,414,139,21.00,0
arqfinance.com,0,2,12627,7488,6970.00,1
diditho.com,0,1,100,0,0.00,0
newskit.co.uk,0,1,254,159,223.00,0
murillocarbajal.wordpress.com,0,1,9,0,0.00,0
illumelation.com,0,1,2205,2959,1254.00,0
atlantic.net,0,80,22333,16334,65041.00,1
imocha.io,0,1,9024,4140,18813.00,37
admiral-studios.com,0,29,1006,244,1125.00,0
pir.org,0,2,670,5901,11339.00,0
keliweb.com,0,1,278,194,573.00,0
divio.com,0,5,1352,657,2851.00,0
simplescraper.io,0,5,1762,1770,4981.00,0
dotscreenshot.com,0,1,434,15,0.00,0
unsection.com,0,1,1005,2068,4998.00,0
iowa.gov,0,13,552598,1794624,2335006.00,0
dexville.be,0,1,33,41,0.00,0
outreachmonks.com,0,1,6137,143,1949.00,0
civicrm.org,0,12,1749,2980,10944.00,0
codigobilionario.com,0,1,2,0,0.00,0
wprblogger.com,0,2,984,115,437.00,0
finsweet.com,0,1,2182,2536,25034.00,0
python-httpx.org,0,1,478,2383,3696.00,0
abun.com,0,34,560,287,859.00,0
serpninja.io,0,2,4123,2749,9622.00,0
underhost.com,0,1,750,157,539.00,0
unleashed-technologies.com,0,1,443,484,1532.00,0
sokkin-match.me,0,1,53,5,0.00,0
newtarget.com,0,16,4943,1276,3889.00,17
almaany.com,0,1,454902,133884,21080.00,0
time2book.me,0,2,1233,711,1640.00,0
maropost.com,0,5,2738,2248,12984.00,73
s2grupo.es,0,2,161,15,424.00,0
knightsbridgefx.com,0,1,17789,12898,9061.00,0
mev.com,0,2,620,851,5274.00,0
wpmegamenu.com,0,1,27,442,404.00,0
httpstatusfinder.com,0,1,228,14,0.00,0
allanuxweb.com,0,1,812,13,57.00,0
perplexity.ai,0,4,209281,2325741,2636014.00,1239
onefileapp.com,0,2,811,985,3916.00,0
inforisen.com,0,2,40,14,100.00,0
wurl.com,0,1,1817,2543,5533.00,4
nest.com,0,5,7258,219393,342458.00,0
aamax.co,0,3,9698,2153,4335.00,0
btwebgroup.com,0,1,694,2019,4410.00,0
mailcoach.app,0,1,199,266,634.00,4
ktvq.com,0,1,37947,94615,175417.00,0
idfcfirst.bank.in,0,1,8403,41711,95713.00,28
remove.tech,0,1,1828,32043,24696.00,0
blackstonestudio.com,0,2,244,212,203.00,0
wikiversity.org,0,182,108621,122952,145708.00,0
mumara.com,0,1,526,320,492.00,0
aptoide.com,0,5,419614,652772,1370136.00,0
douglasgreen.com,0,9,93,28,48.00,0
lanternco.com,0,5,181,38,195.00,0
codiacademy.com.br,0,2,2,0,0.00,0
tella.com,0,3,16775,8123,13600.00,0
fly.io,0,11,4339,12831,74076.00,100
kirkgroup.com,0,1,196,32,14.00,0
knowledgehut.com,0,3,25397,7520,81560.00,320
batch.com,0,16,1131,2299,2987.00,0
anyforsoft.com,0,2,2531,856,6509.00,0
symfonycasts.com,0,1,628,226,6.00,0
rei3.de,0,2,36,113,280.00,0
equitytwins.com,0,1,13,8,0.00,0
webcapitan.com,0,3,136,75,756.00,0
cyberimpact.com,0,1,2533,482,2208.00,0
uuuinstagram.com,0,1,13,4,0.00,0
hotshotsecret.com,0,1,31150,96993,60072.00,24
offershub.com,0,1,22,0,0.00,0
chapman.edu,0,3,110972,382971,515803.00,0
tulane.edu,0,2,270912,664850,1583954.00,870
rhaas.blogspot.com,0,1,14,0,0.00,0
okta.com,0,166,155766,1439716,1909662.00,314
listcrawler.eu,0,35,397887,8379955,9165125.00,0
thenestproject.org,0,1,24,22,0.00,0
ilovewp.com,0,1,405,109,79.00,0
streamkap.com,0,1,1358,669,2174.00,0
seattle.gov,0,1,285938,1093190,1597200.00,0
neon.com.br,0,1,925,352,483.00,0
createcultivate.com,0,1,3273,5366,1047.00,0
wpcheck.azurewebsites.net,0,10,38,4,0.00,0
growfund.com,0,1,35,7,11.00,0
dotsecurity.com,0,1,2219,4832,12980.00,0
brandastic.com,0,14,2218,1188,7150.00,0
guanjia.qq.com,0,1,495,10532,62.00,0
foreplay.co,0,2,4335,2707,16347.00,71
outx.ai,0,2,3111,2076,2211.00,0
altagency.co.uk,0,14,678,564,1742.00,0
masteriyo.com,0,1,385,693,3309.00,9
filecamp.com,0,11,3101,4236,12375.00,38
joshualowcock.com,0,3,2641,3737,2947.00,0
practicalecommerce.com,0,103,23820,11247,23224.00,0
mailertogo.com,0,2,904,484,15.00,0
bricksawesome.io,0,2,35,5,3.00,0
fontkong.com,0,1,197,178,86.00,0
ongage.com,0,8,1977,1143,4814.00,0
stratus.build,0,1,506,2397,5948.00,2
firstcard.app,0,1,97774,111694,487583.00,0
viajeroscallejeros.com,0,1,9633,10439,5909.00,0
chrisyoko.com,0,1,10,0,0.00,0
darwinapps.com,0,1,927,434,2008.00,0
websitterservice.dk,0,1,15,1,0.00,0
builtinchicago.org,0,1,44797,115124,329911.00,0
incrementors.com,0,4,8254,7541,44570.00,0
imagine-hub.com,0,1,409,1,2.00,0
rmail.com,0,5,2343,1298,4220.00,0
networkacademy.io,0,58,11140,22741,47041.00,0
think360studio.com,0,1,2243,312,425.00,0
interodigital.com,0,1,8268,9857,88040.00,87
themagnifico.net,0,4,439,1,7.00,0
trekmail.net,0,1,74,13,0.00,0
shareapi.com,0,1,18,35,0.00,0
midwestrecoverycenter.com,0,3,3154,3040,17570.00,0
hpc.mil,0,2,1316,2595,2493.00,0
stacknova.ca,0,1,486,76,24.00,0
letrasyfuentes.com,0,1,796,780,508.00,0
adblockplus.org,0,5,21278,270842,329203.00,0
zilliz.com,0,2,6228,5770,11463.00,40
forrester.com,0,2,28190,42830,222601.00,0
oxiconsultoria.com.br,0,1,5,0,0.00,0
oklahoma.gov,0,1,494649,1326508,2300871.00,0
jazz.net,0,1,1958,2444,7775.00,0
ghostty.org,0,1,1540,35828,304030.00,0
the-qrcode-generator.com,0,10,12608,113637,179263.00,0
elconfidencial.com,0,1,45138,47479,1499.00,0
kentik.com,0,10,9777,21306,46414.00,15
zinkee.com,0,1,142,47,86.00,0
jerichowriters.com,0,1,29644,99954,38423.00,2
snipcart.com,0,13,1697,3287,24480.00,0
ayudawp.com,0,7,183,49,9.00,0
brickcom.com,0,1,97,58,472.00,0
rocketseed.com,0,1,5089,12290,11895.00,66
triario.co,0,1,321,150,525.00,9
mgid.com,0,5,2283,84073,330345.00,5
trustservers.gr,0,1,33,11,158.00,0
looka.com,0,58,49178,109451,161016.00,191
fotodinero.com,0,2,30,9,14.00,0
pietschsoft.com,0,4,909,287,77.00,0
proofpoint.com,0,18,64596,220049,2081293.00,331
taskrhino.ca,0,2,1272,809,6666.00,0
s3corp.com.vn,0,1,322,198,301.00,0
organic.com,0,1,234,93,453.00,0
ottoapp.me,0,1,213,731,266.00,0
jpgtopngconverter.com,0,1,1078,236,28.00,0
textcontrol.com,0,1,958,597,1832.00,7
ventraip.com.au,0,29,2881,2751,12718.00,1
indusface.com,0,13,8637,7462,35827.00,0
wptravelengine.com,0,1,857,218,880.00,0
buzzfeednews.com,0,2,175524,173917,55565.00,0
karmajackmusic.com,0,1,1,5,55.00,0
wclovers.com,0,1,162,87,185.00,0
gitservers.com.ng,0,3,69,0,0.00,0
wpsupportandmaintenance.com,0,1,246,38,29.00,0
theseoeffect.com,0,8,174,12,10.00,0
99designs.com,0,17,104361,239729,406583.00,60
kakasoft.com,0,1,1779,79,27.00,0
itarian.com,0,74,110258,54555,101915.00,0
staysafeonline.org,0,2,14448,606840,3159528.00,88
wp-statistics.com,0,4,617,372,1914.00,0
mycursive.com,0,17,13822,128902,23048.00,0
nesc.com,0,1,2635,824,1127.00,0
resourcera.com,0,5,2308,72,17.00,0
11zon.com,0,8,79922,28699,14520.00,0
onething.design,0,3,2148,1609,7192.00,0
jdoodle.com,0,2,6659,31453,91404.00,0
emma-app.com,0,4,11612,9072,21685.00,0
stolee.dev,0,1,5,0,0.00,0
google.ca,0,1,19826,22867,42168.00,23
looks-awesome.com,0,1,296,5,23.00,0
hostingplus.mx,0,2,155,55,97.00,0
laportepartnership.com,0,1,855,538,247.00,0
cornelraiu.com,0,2,23,2,0.00,0
virtuallywired.io,0,5,49,13,0.00,0
joabj.com,0,2,408,104,4.00,0
pariswells.com,0,1,198,36,365.00,0
readyspace.com,0,1,2288,563,2788.00,0
calanjiyam.com,0,1,70,1,0.00,0
bee-logical.com,0,5,42,6,0.00,0
autmix.com,0,2,562,193,212.00,0
bizanosa.com,0,3,979,124,473.00,0
pixeljar.com,0,1,77,38,70.00,0
seerlite.github.io,0,1,390,1391,1428.00,0
askalawyeroncall.com,0,1,78098,6582,14332.00,342
naturaily.com,0,2,2003,1827,6028.00,0
rumvision.com,0,5,479,99,32.00,0
imatrix.com,0,1,2831,2521,22894.00,33
topclassactions.com,0,1,185956,336395,727134.00,3
lookkle.com,0,4,6765,4167,15304.00,0
elite-network.co.jp,0,1,232,48,0.00,0
apryse.com,0,1,4169,6893,12859.00,1078
locant.tv,0,1,99,1,0.00,0
puppylinux.com,0,7,3066,2939,1869.00,0
joomlashack.com,0,1,503,229,113.00,0
deployteq.com,0,1,346,197,549.00,0
aweber.com,0,3,10238,34683,63690.00,26
vefogix.com,0,1,4071,74781,119918.00,0
brendacadman.com,0,1,2259,3538,6521.00,0
winosx.com,0,2,18,22,8.00,0
listrak.com,0,1,1763,4220,55911.00,0
escoladedados.org,0,1,23,44,0.00,0
dewaweb.com,0,1,205,375,15.00,0
reparawordpress.com,0,1,3,0,0.00,0
aveshost.com,0,6,956,206,231.00,0
trtworld.com,0,1,65072,70720,19073.00,0
hyperclapper.com,0,7,14601,4616,6790.00,0
calltek.es,0,1,22,2,0.00,0
techcoil.com,0,1,478,10,1.00,0
zoomshift.com,0,1,13182,11913,88958.00,0
mdmarketingdigital.com,0,6,3436,7276,76052.00,0
room8group.com,0,1,122,822,631.00,0
united-domains.de,0,1,1248,280,356.00,8
dahawaiiwebsiteguy.com,0,4,241,63,283.00,0
getmailbird.com,0,71,27086,34101,42988.00,10
anchor.host,0,9,219,169,771.00,0
ideapeel.com,0,1,612,165,1113.00,0
image-maps.com,0,3,77975,1333628,119557.00,0
artedinamico.net,0,2,41,4,0.00,0
devopslearningcircle.com,0,2,25,0,0.00,0
conversion.ag,0,4,1609,1321,1827.00,0
carrot.com,0,3,2380,3024,16702.00,3
travi.pl,0,1,28,9,65.00,0
semrush.com,0,719,473261,5154273,17286192.00,20235
managedoutsource.com,0,5,6707,861,4523.00,0
lexmark.com,0,2,45921,81378,171063.00,0
theactionelite.com,0,20,20508,46439,12526.00,0
brotli.org,0,3,13,32,0.00,0
temas.it,0,1,9,39,132.00,0
liveatthefalcon.com,0,1,680,4717,398.00,0
thekillingtimestv.wordpress.com,0,4,9154,9635,1398.00,0
coralogix.com,0,27,6895,9803,37884.00,78
econsultancy.com,0,7,8060,4817,8828.00,0
elightwalk.com,0,3,1758,143,1143.00,0
net-concept.fr,0,1,353,38,16.00,0
freelancer-coder.com,0,4,199,192,2902.00,0
asterthemes.com,0,12,187,8,15.00,0
pivotlar.com,0,1,12,0,0.00,0
brainstormforce.com,0,1,301,966,6114.00,0
wptablebuilder.com,0,1,708,11,27.00,0
geshan.com.np,0,4,1192,1328,525.00,0
dailyembroidery.com,0,1,763,644,179.00,0
itsitio.com,0,1,528,36,12.00,0
proceedinnovative.com,0,29,4623,543,2683.00,30
digitaloperative.com,0,8,366,215,3138.00,0
potomac.edu,0,1,31637,46260,169323.00,141
webinarninja.com,0,5,2961,5942,95943.00,0
cricksoft.com,0,1,1612,2044,552.00,0
serversaurus.com.au,0,4,277,50,30.00,0
nginx.com,0,58,5271,5524,16632.00,0
webcreatify.com,0,2,399,134,366.00,0
virgool.io,0,1,14707,16049,98.00,0
pretendo.network,0,1,2521,17767,81.00,0
streamtape.com,0,1,92,101,41.00,0
gulpjs.com,0,1,155,1899,462.00,0
team218.com,0,1,451,83,164.00,0
siteguru.co,0,6,2629,1309,3492.00,31
deventity.com,0,2,383,9553,6231.00,0
easyship.com,0,2,125467,237570,297139.00,780
creativewritingink.co.uk,0,1,913,591,99.00,0
slingshotapp.io,0,14,2668,2212,18543.00,134
siliconvalleyrealestateteam.com,0,1,7062,31854,9987.00,2
amara-marketing.com,0,1,444,94,8.00,0
softzone.es,0,4,4352,620,81.00,0
appsec-labs.com,0,2,135,117,1566.00,0
sitiodetiendas.com,0,1,90,39,16.00,0
youstable.com,0,87,6087,1244,2062.00,0
verifalia.com,0,5,5505,83446,156052.00,0
back4app.com,0,8,13467,15582,16484.00,2
firecms.co,0,1,97,70,119.00,3
develtio.com,0,9,481,108,407.00,0
elastic.co,0,11,67168,119765,442101.00,342
svggenie.com,0,3,1424,2331,2248.00,0
camerondwyer.com,0,1,524,641,224.00,0
yttalk.com,0,1,4840,2719,1193.00,0
shiroutosan.com,0,1,45,93,0.00,0
tech-otaku.com,0,3,95,19,1.00,0
veritis.com,0,3,8234,1032,7617.00,0
wpremote.com,0,10,235,431,352.00,0
pennstateind.com,0,1,7703,43816,110964.00,0
davidwalsh.name,0,1,3518,1472,750.00,0
woodsmarcom.com,0,1,468,95,771.00,0
avenacloud.com,0,42,4003,1423,1396.00,0
web24.com.au,0,1,802,69,1.00,0
dexian.com,0,1,5755,15951,67335.00,0
connex.digital,0,1,702,93,209.00,0
paigebrunton.com,0,13,4131,13730,57736.00,0
pygmt.org,0,2,328,632,153.00,0
streamalert.gg,0,1,140,33,14.00,0
it.wix.com,0,1,659,784,2344.00,5
bqhost.com.br,0,1,107,93,229.00,0
mail2world.com,0,4,3219,29782,47501.00,0
goodhousekeeping.com,0,2,1572764,3321471,1205603.00,12357
jdsalaro.com,0,33,293,2872,12184.00,0
reddithelp.com,0,1,10179,50590,62835.00,0
emclient.com,0,26,17258,95825,183440.00,11
wicg.github.io,0,1,294,483,1181.00,0
teslaownersonline.com,0,1,12536,5592,4219.00,0
eseospace.com,0,14,5011,4579,23273.00,0
grooni.com,0,1,74,20,19.00,0
ronstauffer.com,0,15,596,689,2177.00,0
videomaker.com,0,2,30107,33457,18806.00,0
wpbrothers.nl,0,1,113,43,0.00,0
jw.org,0,1,530988,1192243,1914950.00,0
multibriefs.com,0,1,14417,2842,2032.00,0
thesweetsetup.com,0,1,10020,10280,9764.00,0
heartenmade.com,0,4,76,160,860.00,0
newmetrics.io,0,3,850,294,648.00,0
howdypress.com,0,1,3,0,0.00,0
listcrawler.app,0,28,7076,49376,100788.00,0
traffictail.com,0,5,15503,459,1193.00,0
url-portal.com,0,1,11,6,8.00,0
redacteur.com,0,2,1275,737,126.00,0
startupwebtraining.com,0,1,16,5,13.00,0
mobile01.com,0,1,26665,11558,892.00,0
creativetweed.co.uk,0,3,76,54,44.00,0
multiporpoised.com,0,1,1,4,0.00,0
itsfoss.com,0,74,55208,28699,30868.00,0
springer.com,0,10,1444706,1481903,1419809.00,375
aimers.io,0,4,2851,2369,35433.00,0
motioninvest.com,0,1,1096,836,1858.00,0
seleniumit.com,0,3,6,0,0.00,0
adsterra.com,0,6,6926,9245,98098.00,12
ilovefreesoftware.com,0,1,14970,207,51.00,0
silvercode925.com,0,1,6,0,0.00,0
azdigi.com,0,45,1054,406,471.00,0
wpsticky.com,0,1,2519,326,1916.00,0
bigbeartechworld.com,0,1,654,299,295.00,0
pokemondb.net,0,1,572805,8186800,3573229.00,0
filmyzilla39.com,0,1,35,891,765.00,0
stagingdimensionsinc.com,0,1,549,764,2741.00,0
html5animationtogif.com,0,1,716,1354,636.00,0
wildwolf.name,0,1,15,0,0.00,0
octaveagency.com,0,9,463,506,826.00,0
ssldragon.com,0,37,7651,2670,10878.00,0
creasitios.com,0,1,6,3,0.00,0
b-tu.de,0,11,553,1773,232.00,0
reactresources.com,0,1,1272,88,258.00,0
epitech-it.es,0,2,827,747,1215.00,0
directorybuildr.com,0,2,80,13,23.00,0
bayezon.ai,0,2,189,280,1119.00,0
smartlead.ai,0,21,11740,9027,54541.00,110
testdome.com,0,4,5771,12418,29263.00,0
blueyonder.com,0,1,5845,14532,60716.00,14
xist2.com,0,4,245,319,419.00,0
321chat.com,0,1,11070,86963,134194.00,0
dmarc.org,0,5,512,1442,3985.00,0
brandcrowd.com,0,2,87958,97433,131181.00,130
stratusneuro.com,0,1,977,1556,4838.00,33
emailoctopus.com,0,2,2639,21466,616220.00,63
aerospheremonitoring.com,0,1,2035,2820,2154.00,8
capcut.com,0,4,510111,1855173,1169271.00,3435
gpthub.gg,0,1,39,226,35.00,0
registro.br,0,1,433,5494,19211.00,3
jeannieruesch.com,0,1,2160,1747,78.00,0
socialmediasun.com,0,1,249,57,7.00,0
wundertre.com,0,1,146,165,1154.00,0
incidenthub.cloud,0,4,4112,3900,11304.00,0
gsqi.com,0,5,1841,2334,1070.00,0
websquash.com,0,12,227,16,81.00,0
ceupe.com,0,1,7014,6826,4326.00,0
thecyberexpress.com,0,1,8559,1133,934.00,0
wpgooglemap.com,0,1,37,6,1.00,0
productionlist.com,0,1,12240,15962,5856.00,0
adityathebe.com,0,2,386,308,97.00,0
comparitech.com,0,19,83213,25893,36094.00,0
env-group.com,0,2,24,144,283.00,0
tolt.com,0,1,510,474,2959.00,0
hesa.ac.uk,0,1,2126,4068,12958.00,0
hide.me,0,9,19942,111247,137813.00,0
sprayedout.com,0,1,737,1362,519.00,0
kickidler.com,0,3,3365,3065,28791.00,0
precli.readthedocs.io,0,1,28,1,0.00,0
seraphicsecurity.com,0,1,2133,4149,38528.00,0
ipadforums.net,0,2,7522,2466,379.00,0
nutshell.com,0,4,25147,14044,467572.00,73
memberstack.com,0,11,2182,2566,15391.00,1
prestashopmanager.com,0,1,140,4,4.00,0
afcomponents.com,0,4,401,4,0.00,0
thunderhead.xyz,0,1,120,8,0.00,0
reviews.org,0,5,128492,67017,206070.00,75
fusioncharts.com,0,1,4737,3962,4268.00,3
directorist.com,0,36,2734,1576,4685.00,1
warmy.io,0,26,5323,2806,7946.00,368
hostingchecker.com,0,8,4041,25638,97181.00,0
exposureninja.com,0,28,6454,2578,3968.00,0
group-ib.com,0,3,9100,17600,57503.00,0
w3things.com,0,2,340,38,16.00,0
storis.com,0,1,2580,5445,35742.00,0
fla-shop.com,0,1,7858,88866,38913.00,0
payrollservers.info,0,2,3893,2530,8865.00,0
memories.ai,0,5,6310,5357,8237.00,0
betterwebtype.com,0,6,96,277,295.00,0
reliqus.com,0,29,2689,289,408.00,0
theinternetpatrol.com,0,2,3614,1023,629.00,0
zazz.io,0,1,6302,7791,90477.00,375
fastspring.com,0,10,4374,11312,68059.00,967
osyrismarketingdigital.com,0,1,3,0,0.00,0
queue-fair.com,0,6,2223,4195,1296.00,17
88studio.io,0,1,447,309,1649.00,0
freebsddiary.org,0,3,90,9,0.00,0
pitchbook.com,0,6,616419,780211,3271156.00,2000
tacticlab.com.au,0,5,209,25,8.00,0
wyng.com,0,2,1116,3072,3964.00,0
invadeai.com,0,1,533,21,18.00,0
freemake.com,0,1,39468,58124,35138.00,0
si.edu,0,1,1804320,9921078,7551980.00,781
shortstack.com,0,1,4153,4467,16597.00,10
crazydomains.com,0,34,5102,2944,10316.00,0
gate39media.com,0,1,1780,554,450.00,0
dhl.com,0,1,270327,2963550,3926574.00,85
aiclicks.io,0,1,2520,7381,17459.00,24
cloudpages.cloud,0,6,705,56,289.00,0
focusonbusiness.eu,0,2,521,395,60.00,0
cloud.microsoft,0,4,166219,6039862,10457250.00,0
tubeninja.net,0,1,13762,93420,20164.00,0
gladior.com,0,1,92,6,17.00,0
wpwebsitehelp.com,0,1,996,98,215.00,2
bigideaswriting.com,0,1,7,0,0.00,0
ranknest.com,0,1,151,52,0.00,0
torquemag.io,0,50,2839,2047,19581.00,0
mobiletransaction.org,0,1,3176,718,3615.00,0
jump.bg,0,7,214,5,7.00,0
orson.io,0,3,588,108,15.00,0
registry.co,0,9,311,940,5355.00,0
musescore.org,0,1,26579,216717,247608.00,0
namepros.com,0,10,14034,19639,79500.00,0
shadowserver.org,0,1,699,2784,398.00,0
spanliterature.com,0,1,103,7,0.00,0
osmosis.org,0,1,1068498,1672186,1010786.00,12
ccie.tv,0,7,24,2,3.00,0
getstat.com,0,2,1062,2614,3862.00,0
browsercat.com,0,8,586,181,424.00,0
svg.com,0,1,38705,26881,6501.00,0
looplabz.com,0,2,166,64,10.00,0
chip.de,0,10,128395,25803,24920.00,0
sive.host,0,6,278,29,19.00,0
printerlogic.com,0,1,2518,2778,4525.00,0
thebrandsmen.com,0,6,2409,10307,50014.00,0
pixelgrade.com,0,1,119,101,42.00,0
lovableseo.ai,0,1,9,1,0.00,0
lemmilink.fr,0,2,236,31,89.00,0
freeimage.host,0,1,2228,6354,7798.00,0
mrvideospornogratis.xxx,0,1,3030,33198,847.00,0
shoplazza.com,0,34,3635,2770,6368.00,64
unaidesarrolladorweb.com,0,1,3,0,0.00,0
bigcatcreative.com,0,17,3589,4362,8320.00,0
arnedebelser.be,0,1,1,0,0.00,0
kontent.ai,0,1,3061,7193,33849.00,147
duplicati.com,0,2,1393,3679,7960.00,0
sionas.co.jp,0,2,11,0,0.00,0
epa.gov,0,3,1158866,3922465,7160170.00,0
sanjaydey.com,0,1,80,1,0.00,0
fontlab.com,0,1,1502,3825,4428.00,0
talk19media.com,0,1,15,8,1.00,0
devm.io,0,1,2270,709,891.00,0
bestjobboards.co,0,1,142,23,33.00,0
cctvcamerapros.com,0,1,16172,24327,40914.00,7
nebty-id.com,0,1,84,2,0.00,0
dr-dsgvo.de,0,1,320,76,12.00,0
kinexmedia.com,0,25,6369,3572,14108.00,0
graaaf.com,0,1,4,1,0.00,0
distrowatch.com,0,1,13527,52292,61274.00,0
afftank.com,0,3,890,92,316.00,0
knapsackcreative.com,0,1,2192,4110,48288.00,0
nnlm.gov,0,5,10818,60728,143287.00,0
devslife.de,0,1,2,0,0.00,0
joonweb.com,0,10,399,133,632.00,0
registersuccess.com,0,12,53,119,953.00,0
snappyhost.co.uk,0,6,185,18,3.00,0
magicpatterns.com,0,1,861,7439,164501.00,25
gustomarketplace.com,0,1,1,0,0.00,0
diocesan.com,0,1,1474,1814,709.00,0
fontbundles.net,0,16,23789,30723,16968.00,0
innovamediaconsultores.com,0,1,65,11,4.00,0
argano.com,0,2,3185,4315,35443.00,0
adsempire.com,0,1,40,234,2998.00,0
catch22creative.com,0,1,223,19,75.00,0
frontapp.com,0,1,242,249,3647.00,0
openssl.org,0,4,3543,14015,34721.00,0
gtranslate.io,0,13,1982,2824,7035.00,0
cartflows.com,0,18,750,639,2943.00,1
typography.com,0,1,7872,25864,18097.00,0
pcrisk.es,0,1,153,119,42.00,0
esbuild.github.io,0,2,151,1431,32.00,0
alexandriava.gov,0,1,70711,225703,198558.00,0
trainingcamp.com,0,1,19391,12218,122592.00,258
clickview.net,0,1,52979,40757,66298.00,0
thebestvpn.com,0,22,14441,189605,598394.00,0
gamma.site,0,1,1807,1362,2463.00,1
sandcastle-web.com,0,1,134,32,0.00,0
questionablequesting.com,0,1,3081,45406,284.00,0
oodlestechnologies.com,0,1,3860,1106,1165.00,0
statusfield.com,0,4,794,44,75.00,0
kit.com,0,25,30267,119482,535042.00,139
beapi.fr,0,4,50,100,115.00,0
uncensor.io,0,7,120,285,142.00,0
freeformatter.com,0,2,7554,36418,144862.00,0
woorise.com,0,2,8927,7322,8912.00,0
harddrivebenchmark.net,0,1,1328,2284,680.00,0
aecom.org,0,1,92,12,0.00,0
thomsondata.com,0,1,3614,7978,45376.00,0
copilotai.com,0,1,2079,10530,11734.00,0
gr4vy.com,0,1,3268,1089,4680.00,3
4linux.com.br,0,1,52,14,0.00,0
fishfield.com,0,1,13018,13131,2822.00,14
i2k2.com,0,7,1367,49,165.00,0
mnstate.edu,0,1,26494,91332,232720.00,0
bridgewinners.com,0,1,5483,5227,877.00,0
survivors.wiki,0,1,18757,74672,13956.00,0
csgeekzone.blogspot.com,0,1,21,0,0.00,0
qonto.com,0,1,16395,14180,37806.00,0
reasonlabs.com,0,6,17203,3449,4337.00,0
researchhubs.com,0,1,1489,134,4.00,0
archive.ph,0,1,110317,109907,24223.00,0
xwp.co,0,13,201,310,1196.00,0
jessup.edu,0,3,7836,47409,232023.00,0
aerospike.com,0,3,6777,16043,67858.00,77
apsotech.com,0,1,659,205,31.00,0
marketingdive.com,0,1,39337,100241,296531.00,0
santechidea.net,0,1,5,0,0.00,0
firstpagedigital.sg,0,2,1975,1825,3888.00,0
seclore.com,0,1,930,1060,10141.00,0
littlecocalico.com,0,1,4776,10212,7418.00,5
liamdempsey.com,0,9,227,812,1105.00,0
wysiwyghtml.com,0,2,321,4210,15308.00,0
magnifyi.io,0,3,759,673,3305.00,0
orbittraining.ae,0,1,104,68,291.00,0
kaktusapp.com,0,4,261,7,11.00,0
quartzdevs.com,0,3,27,19,7.00,0
evermade.fi,0,1,96,4,3.00,0
brandlume.com,0,8,4527,5167,45268.00,0
softforge.co.uk,0,1,371,8,14.00,0
sprout-flowers.com,0,7,1196,4,11.00,0
googleapps.com,0,31,7257,74091,147238.00,0
retainful.com,0,1,3918,1283,2978.00,0
businessleadershiptoday.com,0,1,5021,6739,18345.00,0
robonito.com,0,2,306,58,162.00,0
galacticideas.com,0,1,138,328,164.00,0
freeimages.com,0,2,175836,169008,33138.00,0
whynopadlock.com,0,1,25,332,2100.00,0
illustrate.digital,0,20,546,496,1218.00,0
dixonjones.com,0,2,227,527,116.00,0
contentgrip.com,0,3,7650,877,2406.00,0
express.ms,0,4,525,296,455.00,0
nexusmods.com,0,3,1134332,3236318,14784771.00,0
futuretheory.co,0,2,2271,1375,14742.00,0
selahcreativeco.com,0,2,2089,1667,8721.00,0
ilovetypography.com,0,3,6337,26357,17072.00,0
robertdevore.com,0,3,27,17,15.00,0
enjoytonbizz.fr,0,1,5,0,0.00,0
blogwaffe.com,0,3,15,0,0.00,0
infinium.coop,0,2,3066,4159,9498.00,0
bitextuales.com,0,4,38,0,0.00,0
posteo.de,0,1,517,1977,864.00,0
onecaptchawp.com,0,1,13,0,0.00,0
sjgov.org,0,1,35519,144955,215192.00,0
saitama-city.ed.jp,0,1,7,0,0.00,0
adforum.com,0,1,6354,6401,45476.00,0
everydaybestbuy.com,0,1,6383,2485,1154.00,0
nationalgeographic.com.es,0,4,67971,74040,34676.00,0
crawlcenter.com,0,1,525,32,45.00,0
droidtechknow.com,0,3,5697,24,10.00,0
yctct.com,0,62,404,46,2.00,0
ibiblio.org,0,3,44663,49041,22087.00,0
onceinteractive.com,0,4,694,277,1713.00,1
brandcendent.com,0,1,133,5,19.00,0
dbridgesolutions.com,0,1,40,0,0.00,0
chaikafilm.com,0,1,25,177,181.00,0
affiliatebooster.com,0,1,3975,534,2837.00,0
afterpattern.com,0,1,7594,10703,19011.00,0
onsitehelper.com,0,1,773,124,793.00,0
e-studio.dk,0,1,13,4,0.00,0
desidime.com,0,2,18405,6692,11052.00,0
dcblog.dev,0,1,225,3,0.00,0
qt.io,0,1,36366,75491,65188.00,4
siteglobal.com,0,1,1198,8614,24613.00,0
trustpayments.com,0,1,2827,1842,13930.00,0
flexibee.eu,0,54,199,23,104.00,0
monovm.com,0,32,37821,3682,8376.00,3
faber-castell.com.pe,0,2,58,96,10.00,0
debaak.nl,0,1,412,647,244.00,0
webcrafters.pl,0,1,84,4,29.00,0
sistrix.com,0,36,7302,6762,8838.00,0
seopressor.com,0,1,1856,332,382.00,0
web3forms.com,0,1,787,2951,16509.00,0
innovativeinnovation.github.io,0,1,149,93,68.00,0
mediagraph.io,0,1,559,540,4251.00,0
activenetwork.com,0,1,7468,10282,24496.00,28
systemweakness.com,0,2,3464,706,1079.00,0
gadae.com,0,2,193,62,178.00,0
nginxui.com,0,25,317,362,144.00,0
perfmatters.io,0,54,382,518,735.00,6
jetecommerce.com.br,0,1,38,2,0.00,0
nintendo.com,0,2,1187569,14947959,4585615.00,328
ironhack.com,0,5,9067,26174,193792.00,0
cyberonai.net,0,1,64,0,0.00,0
empireflippers.com,0,15,11066,16685,48577.00,0
ronovanwrites.com,0,1,374,168,0.00,0
copyscape.com,0,1,2084,9446,15146.00,0
nubiapage.com,0,1,11855,352,46.00,0
arcanemarketing.com,0,5,723,835,4003.00,0
beneluxchamber.org,0,1,11,2,6.00,0
premiumaddons.com,0,5,328,1196,2000.00,0
asphostportal.com,0,1,558,194,1138.00,0
richpanel.com,0,1,2318,2295,42652.00,107
loveatfirstsearch.com,0,8,306,40,59.00,0
brightdata.es,0,2,337,98,71.00,0
http.app,0,13,210,330,712.00,0
smyl.es,0,8,90,3,0.00,0
openprovider.com,0,113,10907,28206,188800.00,86
itsmarc.com,0,1,6560,4669,618.00,0
rhythmcollective.co,0,1,4,0,0.00,0
startbooking.com,0,2,677,340,1740.00,0
4goodhosting.com,0,3,1672,418,719.00,0
b2bmarketingworld.com,0,1,1370,1470,7493.00,0
ladedu.com,0,1,22714,323,104.00,0
kusanagi.tokyo,0,1,25,9,0.00,0
cssreference.io,0,49,2167,4731,2257.00,0
pico.net,0,11,1053,1983,1180.00,0
godlike.host,0,1,21196,63629,35929.00,171
mambomedia.com,0,21,208,2005,24.00,0
todhost.com,0,1,876,13,35.00,0
nicklukic.com,0,1,15,5,0.00,0
odysseymarketing.ae,0,1,282,93,86.00,0
easyfaq.io,0,3,276,28,74.00,0
getbrick.com,0,1,3465,74347,98666.00,179
truckingboards.com,0,1,1684,5140,8912.00,0
bluesummittech.com,0,2,673,81,235.00,0
letsgodojo.com,0,1,210,219,72.00,0
scrapecreators.com,0,1,1278,4143,6963.00,0
tiangolo.com,0,7,6311,49581,62281.00,0
super-apps.ai,0,1,185,10,38.00,0
wikihow.it,0,1,1935,491,21.00,0
collaborada.com,0,30,4289,5989,34273.00,0
rtcamp.com,0,34,1131,1522,17229.00,0
uw.edu,0,18,518753,1656650,3423226.00,54
dailynewnation.com,0,2,741,114,55.00,0
cloudsigma.com,0,17,2346,800,5956.00,0
qcecuring.com,0,6,623,386,544.00,0
secureprivacy.ai,0,4,6049,2049,6140.00,20
coegaleisure.com,0,1,4187,842,512.00,0
macomb.edu,0,17,22405,111768,59513.00,0
causeinspiredmedia.com,0,1,818,347,1388.00,0
viniciuspaes.com,0,1,61,0,0.00,0
cleartrust.cc,0,1,71,79,171.00,0
javascripttutorial.net,0,1,4645,10009,23169.00,0
thebrandshark.com,0,1,132,13,112.00,0
codescanneritsolutions.com,0,3,18,0,0.00,0
divhunt.com,0,2,829,510,765.00,0
allremote.jobs,0,1,3044,2808,4751.00,0
indexguru.com,0,1,205,103,60.00,0
fusionconnect.com,0,1,19493,113544,240644.00,91
aarambhathemes.com,0,1,21,0,0.00,0
shipfusion.com,0,1,10039,4270,19479.00,206
swtor.com,0,1,26522,153170,85932.00,0
easypropertylistings.com.au,0,2,84,11,57.00,0
temas.id,0,1,4,77,315.00,0
html.com,0,9,10310,5646,34747.00,0
sincensuratv.com,0,1,19,88,0.00,0
qrgateway.com,0,2,159,230,122.00,0
selar.co,0,3,634,178,720.00,0
pangea.app,0,12,10908,12946,57553.00,0
ics.com.es,0,1,94,42,3.00,0
windwardsoftware.com,0,4,2086,1183,6848.00,0
aliventures.com,0,1,5370,9944,7974.00,0
send.win,0,5,864,308,547.00,0
blogpioneer.com,0,2,177,6,2.00,0
stellaractive.com,0,2,549,967,5111.00,0
bdthemes.com,0,18,808,298,362.00,0
advance-metrics.com,0,1,1067,114,81.00,0
iinfotanks.com,0,2,2264,2462,1845.00,0
elevation10k.com,0,1,1226,455,2144.00,0
realtyna.com,0,3,8850,12858,29536.00,0
peerspot.com,0,2,38256,7565,62725.00,0
performancedesigns.com,0,1,481,2330,3553.00,0
teamdesk.net,0,1,625,1276,5389.00,0
w3marketingschool.com,0,4,233,865,29.00,0
ioflood.com,0,23,38741,4593,2651.00,0
omarelshair-seo.com,0,1,101,5,0.00,0
sease.io,0,1,136,41,196.00,0
phillipstemann.com,0,1,408,1452,1972.00,0
leadhershipgroup.com,0,1,9,0,0.00,0
douglashollis.com,0,1,2034,11,33.00,0
jaredstockton.com,0,1,1,1,7.00,0
diginius.com,0,1,782,428,7545.00,0
pixelpoint.design,0,2,57,32,426.00,0
theopenscholar.com,0,1,2945,7956,5096.00,0
isynergy.io,0,1,928,609,1178.00,0
metadesignsolutions.com,0,1,1470,255,867.00,0
huffpost.com,0,5,1749164,2724405,3277014.00,0
apps112.com,0,3,38809,18394,24902.00,0
omnibyte.com,0,2,131,357,379.00,0
backuply.com,0,5,59,116,256.00,0
ostraining.com,0,22,2017,312,488.00,0
hku.hk,0,1,38333,119416,54139.00,0
distillintelligence.com,0,1,6419,10769,17190.00,0
spectrum.com,0,6,785871,8651490,41771574.00,3127
astra-security.com,0,1,4,0,0.00,0
amplience.com,0,1,973,891,3342.00,8
wpspeedfix.com,0,24,700,302,1387.00,0
aisvg.art,0,1,34,26,24.00,0
listjs.com,0,1,130,389,38.00,0
mcculloughwebservices.com,0,11,475,79,163.00,0
teclado.com,0,1,865,161,139.00,0
thirtysixdigital.com,0,2,28,12,69.00,0
agconsult.com,0,1,299,1268,4039.00,0
facelessuser.github.io,0,1,370,762,173.00,0
htmlcodeeditor.com,0,4,975,2642,12024.00,0
detailed.com,0,2,3833,10427,24687.00,0
jam-software.com,0,10,3252,41326,49548.00,0
deanlong.io,0,3,543,298,224.00,0
jumpseller.com,0,1,2353,3736,4150.00,0
gnu.org,0,33,25021,40971,34945.00,0
careercenters.com,0,1,7286,6516,23413.00,0
dw.com,0,1,986721,1272578,714032.00,0
missiveapp.com,0,14,7481,27048,134261.00,45
localo.com,0,3,8411,31575,148342.00,4
arts.ac.uk,0,2,19380,64029,103976.00,91
quadratichq.com,0,34,6039,7531,15012.00,72
captcha.eu,0,1,683,33,190.00,0
wpcreative.agency,0,8,1305,275,677.00,0
reactnative.express,0,3,271,86,99.00,0
useaxentix.com,0,1,689,2000,668.00,0
digitalfirstmagazine.com,0,1,449,82,219.00,0
9to5google.com,0,3,105007,71871,67879.00,0
themosaurus.com,0,1,22,0,0.00,0
cyberinsider.com,0,78,20914,29100,85184.00,0
yorktel.com,0,2,834,2336,13764.00,0
m.academy,0,1,1470,809,3780.00,0
ourchurch.com,0,5,2825,3008,2832.00,0
hdc.net,0,1,56,2,0.00,0
salesflare.com,0,21,7477,11732,124782.00,11
ballisticproducts.com,0,1,10005,28526,14033.00,0
localsplash.com,0,1,643,678,3349.00,0
webdesignmuseum.org,0,1,8874,71620,18538.00,0
eauclairewi.gov,0,1,175819,38025,15690.00,0
digitallytop.com,0,1,1376,991,877.00,0
simple-history.com,0,1,49,107,0.00,0
adminer.org,0,6,82,1713,2218.00,0
wsform.com,0,15,1213,3005,4891.00,0
mailproducts.com,0,1,3096,1812,3666.00,4
whitefirdesign.com,0,1,74,12,4.00,0
mickeyengel.com,0,2,220,0,0.00,0
hostnamaste.com,0,23,837,134,379.00,0
parthkabra.me,0,11,72,30,0.00,0
naderb.org,0,1,9,0,0.00,0
iuliacazan.ro,0,1,21,9,0.00,0
accurateappend.com,0,1,4127,694,6442.00,61
activitylog.pro,0,1,34,4,10.00,0
3ritechnologies.com,0,3,3052,133,570.00,0
hestiacp.com,0,11,741,1422,2686.00,0
mathjs.org,0,1,1185,3932,533.00,0
smashinghub.com,0,1,1895,306,355.00,0
headforpoints.com,0,1,42175,13575,17381.00,0
bucketlisttravels.com,0,1,21069,23475,6425.00,0
filestack.com,0,2,4385,10605,7341.00,0
ericmjl.github.io,0,1,551,564,465.00,0
daktronics.com,0,4,10526,24692,49526.00,12
easyengine.io,0,5,725,91,0.00,0
sidekick.agency,0,6,317,333,574.00,0
mayamaceka.com,0,5,1622,960,961.00,0
aitinkerers.org,0,1,6019,4329,14016.00,0
digwp.com,0,47,240,93,156.00,0
djpoolrecords.com,0,1,2253,3993,4178.00,0
signa.so,0,1,184,256,794.00,0
scotthom.com,0,1,51,0,0.00,0
smartbugmedia.com,0,3,7968,6966,29330.00,0
exchange4media.com,0,1,10582,2811,7328.00,0
webeagles.com.au,0,4,117,1,0.00,0
wordpress-guiden.dk,0,1,28,12,0.00,0
oboxthemes.com,0,6,126,27,26.00,0
proxytranslation.readthedocs.io,0,1,23,9,0.00,0
sockettools.com,0,2,592,111,129.00,0
arminreiter.com,0,1,224,175,272.00,0
teamdynamix.com,0,56,189295,363837,579361.00,106
gabia.com,0,1,269,659,350.00,0
iitk.ac.in,0,8,73268,91367,58777.00,0
natfinn.com,0,1,534,594,19.00,0
pollstrategies.org,0,2,31,529,1878.00,0
wprssaggregator.com,0,9,1381,528,1902.00,0
h360.dk,0,1,4,0,0.00,0
chicagovps.net,0,1,575,566,3071.00,0
virtarix.com,0,1,1758,777,3434.00,1
specialscreen.it,0,1,3,38,50.00,0
latincloud.com,0,1,286,100,0.00,0
owasp.org,0,51,43422,229933,1521983.00,0
adilo.com,0,3,3747,1218,1810.00,0
maintenance-wordpress.com,0,1,5,4,0.00,0
etencatering.com,0,1,27,20,49.00,0
amitree.com,0,2,4043,7388,19502.00,0
monica.im,0,1,39751,124183,117150.00,1
wpadvancedads.com,0,18,1642,1055,15218.00,0
bravebrowserstats.com,0,1,134,158,3.00,0
cybersectools.com,0,2,9896,3330,6757.00,0
geekcodelab.com,0,4,312,10,15.00,0
sirlinksalot.co,0,6,4571,2466,6720.00,50
onecompiler.com,0,4,19825,85852,274795.00,0
scand.de,0,1,66,7,0.00,0
telnyx.com,0,1,33711,168941,322341.00,149
algomaster.io,0,1,7796,8151,12933.00,0
homeactions.net,0,1,162,535,2572.00,0
globalping.io,0,6,2032,9909,21474.00,0
mailmodo.com,0,12,26938,6883,26364.00,0
xpomelo.com,0,1,13139,23511,9517.00,0
mojomox.com,0,3,5432,14698,17790.00,41
connections-pro.com,0,1,280,48,83.00,0
sustainablewebsites.co.nz,0,1,3,0,0.00,0
saastr.com,0,1,7153,12283,49475.00,0
virtocommerce.com,0,3,5531,6578,31769.00,8
cylogy.com,0,1,437,60,342.00,0
internetfolks.com,0,1,228,5,22.00,0
ecaddons.com,0,1,37,0,0.00,0
creativehiveco.com,0,1,1656,2077,4058.00,1
webtoapp.design,0,2,1108,1814,7117.00,0
wpmadesimple.org,0,60,489,175,244.00,0
edutopia.org,0,1,114272,199543,315466.00,1425
aplyca.com,0,1,520,153,320.00,0
pcgamingwiki.com,0,1,91210,104923,19858.00,0
lex.dk,0,1,15574,24648,18587.00,0
azureossd.github.io,0,2,89,28,3.00,0
xenaxcloud.com,0,14,1552,293,730.00,0
victorcrespo.net,0,1,15,0,0.00,0
bosnianexperience.com,0,1,1,4,0.00,0
publit.io,0,1,672,348,604.00,2
nsfw411.com,0,1,802,1371,34.00,0
audiosex.pro,0,1,4332,4680,1973.00,0
xsquareseo.com,0,2,2772,320,263.00,0
esploradores.com,0,1,144,34,0.00,0
ns3edu.com,0,4,109,1395,7488.00,0
roboflow.com,0,1,18166,41584,93463.00,0
rei.com,0,1,1373106,6540800,2903830.00,1591
colorlib.com,0,125,31587,24022,53584.00,0
bbva.es,0,1,15125,32012,52565.00,0
digitaldannelse.org,0,1,3,6,0.00,0
isobellynx.com,0,3,61,28,28.00,0
brianpedley.com,0,1,112,24,3.00,0
impressive.com.au,0,4,1284,1522,2477.00,0
theprogrammer.org,0,2,35,0,0.00,0
go-globe.com,0,5,1627,353,740.00,0
almabetter.com,0,8,17955,8874,13682.00,0
toodlepip.co.uk,0,3,17,0,0.00,0
coredna.com,0,15,2798,1104,5393.00,0
clickable.so,0,1,43,77,643.00,0
sylius.com,0,7,360,534,1225.00,0
cgscomputer.com,0,6,659,612,674.00,0
rodanet.com,0,3,296,488,335.00,0
kore.ai,0,1,3727,10863,122228.00,66
starchapter.com,0,3,18107,8939,21945.00,0
patriciasdesignsite.wordpress.com,0,1,239,35,7.00,0
whatiscloudcomputingwordpresscom.wordpress.com,0,3,6,0,0.00,0
fernandomonroytenorio.com,0,4,11,3,0.00,0
dorrancepublishing.com,0,1,4535,6891,11548.00,41
onlogic.com,0,2,20052,40872,71123.00,60
bubble.io,0,10,22110,77431,239341.00,2
topleftdesign.com,0,1,493,101,1924.00,0
tigerdata.com,0,20,9979,10027,29734.00,284
pathfind.media,0,3,168,18,84.00,0
galleysolutions.com,0,1,2453,3215,5354.00,45
wowf.com.br,0,1,4,0,0.00,0
tutsflow.com,0,2,720,13,34.00,0
contino.io,0,2,967,126,411.00,0
mastra.ai,0,1,1878,7301,22881.00,0
lettermint.co,0,1,229,118,668.00,0
hueston.co,0,3,478,407,87.00,0
6amtech.com,0,1,988,115,220.00,0
endeavorcreative.com,0,4,446,180,441.00,0
ucop.edu,0,1,36928,167394,209206.00,0
bitlaunch.io,0,11,5941,10222,20726.00,1
zenythgroup.com,0,1,122,22,0.00,0
cminds.com,0,63,2147,447,799.00,0
selectra.es,0,1,1780,884,377.00,0
linknacional.com.br,0,1,133,10,20.00,0
anonymoushackers.net,0,1,6479,3167,1633.00,0
hyperpix.net,0,1,5325,10164,3248.00,0
z.com,0,27,3162,4339,13780.00,2
peculiarengineer.com,0,1,38,0,0.00,0
petunjuk.id,0,1,144,0,0.00,0
react-bootstrap.netlify.app,0,2,3118,9915,10253.00,0
eunetic.com,0,1,1551,122,204.00,0
cloudsek.com,0,5,11192,40227,68507.00,0
freepik.es,0,1,33649,9906,743.00,0
gimmieshan.com,0,1,12,0,0.00,0
vazoola.com,0,1,4702,2588,13815.00,0
lexingtonthemes.com,0,1,213,31,0.00,0
prontomarketing.com,0,53,5251,11198,126023.00,0
ipmark.com,0,1,345,266,4.00,0
w4dev.com,0,4,39,0,0.00,0
genuinocloud.com,0,1,91,10,0.00,0
mysuperbox.shop,0,1,901,53,60.00,0
arin.net,0,3,6140,41245,149976.00,0
thexyz.com,0,7,4709,2029,3146.00,0
janevonklee.de,0,1,28,7,0.00,0
pushoperations.com,0,1,3934,11612,67457.00,1
pygame.org,0,2,3647,19044,24010.00,0
jekyllpad.com,0,1,456,171,423.00,0
websiteguy.com.au,0,1,300,62,115.00,0
dashthis.com,0,3,18985,70304,270076.00,18
reverseimagesearch.com,0,1,4005,15953,12116.00,0
tipsandtricks-hq.com,0,18,1330,520,392.00,0
towardsdatascience.com,0,8,59016,45022,70439.00,0
nixtree.com,0,3,160,114,535.00,0
thehacker.recipes,0,4,2059,1436,2684.00,0
waveapps.com,0,14,40187,365502,2992472.00,275
download-monitor.com,0,7,278,370,925.00,0
datanyze.com,0,1,216056,42530,59379.00,0
smartling.com,0,25,15028,32820,64384.00,81
flexibleinvoices.com,0,2,163,11,34.00,0
snosites.com,0,2,1089,6015,3108.00,0
safety.google,0,6,18344,291810,3140185.00,0
flycart.org,0,2,1238,382,412.00,0
launchyourtravels.com,0,1,265,71,9.00,0
airalo.com,0,3,45703,231621,386493.00,123
wpsheeteditor.com,0,4,268,219,477.00,0
pjmconsult.com,0,1,184,231,275.00,0
wpfront.com,0,1,48,12,0.00,0
specopssoft.com,0,1,5716,6364,28239.00,256
theorganicmediagroup.com,0,1,332,446,1564.00,0
greenfiling.com,0,2,2752,6385,68590.00,0
providesupport.com,0,1,2798,3411,21932.00,3
yaytext.app,0,1,78,42,2.00,0
namu.wiki,0,7,3112142,3723462,579176.00,0
viska.se,0,2,21,0,0.00,0
domainindex.com,0,2,405,1802,2442.00,0
pyopensci.org,0,1,1006,732,1936.00,0
labs.google,0,1,13289,658716,2542113.00,969
sirmarketer.com,0,4,512,318,494.00,0
aspsnippets.com,0,2,3656,279,23.00,0
thoughtco.com,0,15,2486711,3780637,2735105.00,0
visualstudio.com,0,126,143363,1062771,5503681.00,0
ipmuonline.com,0,1,81,15,46.00,0
codecanyon.net,0,108,22090,26297,40259.00,82
vectorink.io,0,5,3363,9858,9653.00,0
svala.com,0,1,324,1096,68.00,0
capsicummediaworks.com,0,3,1533,433,1367.00,0
sharepointdiary.com,0,3,13937,4565,4286.00,0
htmlemail.io,0,14,855,542,2198.00,0
meticulous.ai,0,3,362,286,1396.00,56
zozothemes.com,0,2,625,42,7.00,0
dontusethiscode.com,0,1,233,830,433.00,0
teknoradar.se,0,1,13,0,0.00,0
mynewitguys.com,0,3,3609,7433,87611.00,0
what.digital,0,1,551,154,107.00,0
buildupbookings.com,0,2,795,917,2506.00,0
coincodex.com,0,1,262868,185736,220064.00,0
fontsgenerator.io,0,3,1292,2189,499.00,0
ipcheck.ing,0,1,891,3652,7473.00,0
peplink.com,0,1,4496,20657,58940.00,0
raymawst.com,0,2,90,158,45.00,0
contentbot.ai,0,1,1221,1605,6192.00,0
creatable.io,0,7,176,714,5171.00,0
geol.ai,0,1,65,26,84.00,0
mockoon.com,0,5,1086,1837,6189.00,0
adamrussell.com,0,4,17,1,0.00,0
stackabuse.com,0,13,16769,5300,2036.00,0
alligator.org,0,1,21147,34364,5524.00,0
fontlibrary.org,0,3,2815,6161,8690.00,0
arcraiders.com,0,1,13422,957622,915816.00,0
gwern.net,0,1,8692,7109,774.00,0
moonbooks.org,0,1,2631,308,77.00,0
sproutsocial.com,0,42,106755,356435,1841942.00,144
vhieu.com,0,1,21,0,0.00,0
365jz.com,0,1,104,27,0.00,0
ramlit.com,0,1,20,4,37.00,0
monei.com,0,1,4136,1159,3608.00,0
hbs.tv,0,1,58,164,784.00,0
holori.com,0,10,5118,3893,29541.00,0
mentalfloss.com,0,11,549866,892305,194167.00,0
shazam.com,0,5,1239511,1804548,699065.00,0
imagejournal.org,0,1,4794,18254,9829.00,0
sharpspring.com,0,1,2638,2916,16481.00,0
telekom.de,0,1,7409,18102,5950.00,0
labelandmint.com.au,0,2,5,0,0.00,0
lbl.gov,0,5,80808,169146,387656.00,0
powderkegwebdesign.com,0,2,444,341,1938.00,0
getmusicbee.com,0,1,3325,19221,6370.00,0
torrens.edu.au,0,1,6035,6670,17437.00,0
coursera.org,0,503,1019036,5989808,105526206.00,9236
dotsquares.com,0,5,2351,3971,21990.00,128
clickup.com,0,9,176733,186044,861009.00,5074
business.org,0,1,37654,4462,41425.00,0
brianshim.com,0,6,345,82,863.00,0
fullformexpand.com,0,1,87857,6637,6542.00,0
magninsta.com,0,1,1,0,0.00,0
uxdt.nic.in,0,1,765,1625,1943.00,0
ma.edu,0,1,35275,87878,97473.00,0
normandale.edu,0,3,8257,67046,328472.00,0
myworks.software,0,1,921,824,7713.00,17
tuktukcreativemarketing.co.uk,0,2,11,5,0.00,0
specialbranch.gov.bd,0,1,1226,635,10149.00,0
knownhost.com,0,56,5139,6931,17075.00,21
stargrouplive.com,0,1,76,130,191.00,0
gather.town,0,1,2555,24627,137899.00,0
jvf.com,0,4,435,229,54.00,0
hostwinds.cn,0,1,25,10,0.00,0
sizesnap.io,0,1,442,11,0.00,0
ketchupadv.com,0,1,2,0,0.00,0
activestate.com,0,30,6440,4584,10090.00,0
screencharm.com,0,1,3404,563,551.00,0
begindot.com,0,1,8637,148,942.00,0
keap.com,0,7,9427,25034,138646.00,12
wappler.io,0,10,3455,2093,4867.00,0
zoloblocks.com,0,3,106,21,15.00,0
ok.xxx,0,1,56577,153816,5097.00,0
wpupgrader.com,0,1,184,29,23.00,0
snapchat.com,0,22,2346442,6544772,4964001.00,515
snaplogic.com,0,1,7011,15764,42742.00,102
react.express,0,8,124,101,0.00,0
seozoom.com,0,23,12951,3925,7959.00,0
stata.com,0,3,18991,43547,101126.00,0
kitewebsites.nl,0,1,1,0,0.00,0
generatewp.com,0,10,255,267,319.00,0
mscloudbros.com,0,1,174,1,5.00,0
themeskingdom.com,0,19,795,411,718.00,0
wpaiworkflowautomation.com,0,1,201,6,0.00,0
cognisant-hosting.com,0,2,234,201,515.00,0
fourweekmba.com,0,3,61928,8918,6144.00,0
mspoweruser.com,0,4,57832,5560,5876.00,0
discountasp.net,0,5,874,514,2511.00,20
irobot.co.uk,0,1,2051,2281,1163.00,0
cpi.ad.jp,0,1,73,82,0.00,0
nullforums.net,0,2,3244,4927,357.00,0
crakrevenue.com,0,1,2216,4009,30137.00,29
improveandrepeat.com,0,1,720,133,404.00,0
ubuntuusers.de,0,1,11375,363,113.00,0
leadstal.com,0,1,17279,1170,1318.00,0
tytonmedia.com,0,1,429,50,210.00,0
lastfm-docs.github.io,0,1,24,66,0.00,0
excitesubmit.com,0,20,190,218,1445.00,0
rapyd.net,0,2,6158,7093,34253.00,3
rocketvalidator.com,0,1,659,200,79.00,0
nolo.com,0,12,480365,382447,1007138.00,12
chargestripe.com,0,2,859,290,1973.00,0
domino.ai,0,3,3582,6855,28597.00,11
guild.ai,0,2,567,1118,4490.00,32
fedoraforum.org,0,2,2463,2070,11194.00,0
univ-mlv.fr,0,1,821,327,71.00,0
loops.so,0,1,1328,7277,18786.00,0
activebarcode.com,0,4,2077,5583,8826.00,0
brightspot.com,0,8,2345,15108,28842.00,711
imyfone.com,0,25,143174,182707,281816.00,157
terminaltemple.com,0,1,378,7550,41885.00,0
yourmechanic.com,0,1,223570,122107,182802.00,0
rws.com,0,13,9815,25492,98333.00,847
papertrail.com,0,14,2055,3960,29979.00,0
louisvillegeek.com,0,20,4082,7446,16727.00,0
ubackup.com,0,12,66192,1027,537.00,32
uniandes.edu.co,0,1,4689,7070,1599.00,1
blackview.hk,0,7,30221,14235,3855.00,3
sourcecodester.com,0,1,2312,510,920.00,0
ascls.org,0,2,12591,24987,73840.00,0
webstaging.live,0,1,1,0,0.00,0
borncity.com,0,3,3439,1786,529.00,0
pointerpro.com,0,2,4397,4331,8543.00,2
fitsmallbusiness.com,0,8,158607,46345,432074.00,5
fhsu.edu,0,1,38738,111097,123243.00,18
maxibestof.one,0,8,4747,9705,6841.00,0
cedcommerce.com,0,8,8950,2067,6056.00,1
textbroker.com,0,1,5282,24177,50518.00,0
wpbeveiligen.nl,0,2,33,0,0.00,0
cidhosting.net,0,1,60,0,0.00,0
purplepublish.com,0,10,633,363,512.00,0
32bit.cafe,0,2,706,1662,1361.00,0
fiu.edu,0,178,215322,826795,1799992.00,70
usersnap.com,0,42,10152,18296,60615.00,0
adroll.com,0,7,18758,22170,242229.00,1166
neuxpower.com,0,1,3232,2510,1446.00,0
n-ix.com,0,1,16789,10238,321048.00,613
mywebpresence.io,0,1,2,0,0.00,0
almcorp.com,0,2,2081,1381,4842.00,0
core-electronics.com.au,0,3,12022,5278,2647.00,0
herbmiller.me,0,1,55,158,21.00,0
analytics360.com.au,0,1,23,13,35.00,0
valeneashia.com,0,1,207,1,6.00,0
gorillava.com,0,1,15,23,224.00,0
tcg.com,0,1,647,930,418.00,0
whatsupgold.com,0,8,5919,7371,56804.00,140
popinsight.jp,0,2,375,70,7.00,0
colorlibsupport.com,0,2,200,144,38.00,0
24x7technicalsupport.net,0,2,262,9,104.00,0
d2l.com,0,1,20645,429084,241124.00,21
dataquest.io,0,8,18338,19833,36152.00,17
suitebriar.com,0,1,4553,6884,11653.00,0
idcloudhost.com,0,6,704,1886,4266.00,0
generacionfriki.es,0,1,78,140,1.00,0
henrik-bondtofte.dk,0,1,95,54,55.00,0
waimea.dk,0,1,132,32,3.00,0
cradlepoint.com,0,1,9619,16419,42113.00,88
teachable.com,0,4,52464,185349,1558219.00,127
linkedin.com,0,1830,41172443,105816306,164333457.00,10158
togrowagencia.com,0,1,1412,108,117.00,8
linuxcapable.com,0,58,6872,1991,3185.00,0
yourtechdiet.com,0,1,2159,8,3.00,0
inertia-rails.dev,0,1,47,42,91.00,0
forbesisland.com,0,1,52,319,0.00,0
brandingirons.com,0,8,2099,15646,12270.00,17
groupboss.io,0,1,3084,312,201.00,0
arca.live,0,5,34541,116464,10058.00,0
berepublic.com,0,1,5,0,0.00,0
hykell.com,0,1,760,79,217.00,0
referralrock.com,0,1,7830,6624,26891.00,10
simplygest.es,0,2,26,58,0.00,0
combell.com,0,33,5693,10309,12681.00,1
goidp.com,0,2,287,208,1587.00,0
wp-bullet.com,0,1,80,3,18.00,0
heimdalsecurity.com,0,36,27743,37101,267197.00,30
promon.io,0,2,1536,1348,2710.00,47
telosalliance.com,0,2,1642,2577,1413.00,0
paymentap.co.uk,0,1,493,115,41.00,0
simplemachinesmarketing.com,0,2,1108,331,736.00,0
publift.com,0,10,7022,2731,18078.00,0
feriman.com,0,1,174,21,1.00,0
mongodb.com,0,49,75534,207291,14185354.00,1036
lightyear.ai,0,12,16903,29629,97452.00,260
webmii.com,0,2,558,20667,5481.00,0
punchmedia.ca,0,1,167,1,4.00,0
wedowebapps.co.uk,0,1,1099,47,40.00,0
cybermindworks.com,0,1,109,13,28.00,0
justanswer.com,0,1451,19846348,12031972,9716380.00,2603
softprodigy.com,0,2,877,129,1563.00,0
webcraft.com.mt,0,1,197,252,905.00,0
eddamoun.com,0,1,50,0,0.00,0
sparktoro.com,0,3,2365,6991,48575.00,0
colcert.gov.co,0,1,6,3,1.00,0
research.google,0,3,18231,62644,155320.00,0
smsmktg.com,0,1,25,4,7.00,0
whatismybrowser.com,0,3,21283,23947,87724.00,0
naver.com,0,13,2096255,2133168,527761.00,1
tmssoftware.com,0,3,1396,1053,2199.00,0
bdow.com,0,1,2519,3438,9550.00,0
coderpad.io,0,2,6363,22253,129885.00,3
softjourn.com,0,2,4384,4794,47559.00,0
tristartechsolutions.co.uk,0,1,1336,295,403.00,0
neobenjax.github.io,0,1,2,0,0.00,0
akotechdynamics.com,0,1,27,15,46.00,0
badssl.com,0,2,164,270,1746.00,0
getwooplugins.com,0,1,112,156,348.00,0
madoo.nl,0,1,40,36,18.00,0
wolff.to,0,1,26,4,1.00,0
theticker.org,0,1,3646,2198,1290.00,0
template.net,0,13,575734,1128248,1228933.00,0
nashtechglobal.com,0,8,10560,2765,8323.00,0
designshack.net,0,4,31755,11731,12913.00,0
audible.es,0,2,2079,1925,2825.00,0
chess.com,0,1,264743,3434180,1355106.00,0
realisable.co.uk,0,2,81,23,234.00,0
localhost8000.com,0,3,529,7189,1382.00,0
unfccc.int,0,1,24265,79983,172564.00,0
shottr.cc,0,2,1066,7008,8275.00,0
worldswritingsystems.org,0,1,256,648,146.00,0
creativepool.com,0,1,9143,3873,6128.00,0
sftp.net,0,5,1045,832,10893.00,0
atom.com,0,2,47494,51109,217342.00,727
labeljoy.com,0,3,3608,3647,5024.00,62
eitt.academy,0,2,1006,300,563.00,0
coopreme.com,0,2,6,0,0.00,0
jenkins.io,0,19,13445,73354,220573.00,0
evelb.es,0,1,16,0,0.00,0
stepwiseblogsetup.com,0,1,86,0,0.00,0
programminglanguages.info,0,3,1316,1965,3723.00,0
taniarascia.com,0,20,660,843,370.00,0
wpgc.io,0,1,2488,354,2404.00,0
inravision.gov.co,0,7,241,265,423.00,0
endupla.com,0,1,84,19,2.00,0
aemarketinggroup.com,0,1,205,72,225.00,0
hostgator.com.br,0,18,2471,2426,2411.00,0
theodo.com,0,4,1204,1181,2188.00,0
staylisted.com,0,1,467,956,8374.00,3
eocortex.com,0,1,1364,1147,522.00,0
imageworksllc.com,0,1,920,912,456.00,0
whop.com,0,4,68985,190843,151535.00,78
wordherd.info,0,1,1,0,0.00,0
ivanti.com,0,9,33029,38768,390617.00,151
escuela.it,0,1,37,24,0.00,0
leftronic.com,0,3,1267,58,77.00,0
chargebee.com,0,2,15608,27271,227246.00,588
learnpython.com,0,6,5858,2518,2326.00,0
adsrole.com,0,20,668,718,2769.00,0
victoriassecretandco.com,0,1,7087,17577,26041.00,0
silex.me,0,3,576,549,2291.00,0
mnot.net,0,1,163,217,462.00,0
fastestvpn.com,0,1,16971,79398,72389.00,0
selfhtml.org,0,1,6440,269,962.00,0
fasterize.com,0,2,482,468,740.00,0
geekland.eu,0,1,178,16,8.00,0
zetaglobal.com,0,1,3955,13688,52168.00,33
goldfishcode.com,0,4,159,14,15.00,0
linux.do,0,1,18727,34539,15036.00,0
pnp.github.io,0,1,2083,3114,7732.00,0
rcpmag.com,0,1,1473,482,715.00,0
clickspeedtester.com,0,1,4452,40625,43205.00,0
yupop.com,0,1,195,56,103.00,0
icon-icons.com,0,2,45932,80952,33576.00,0
highdefdigest.com,0,1,72520,48999,25593.00,0
ext-remover.net,0,1,132,639,398.00,0
wpenchant.com,0,3,172,50,351.00,0
ondrovo.com,0,1,92,60,14.00,0
numberbarn.com,0,2,36491,190218,348934.00,461
fastcow.com,0,3,291,3377,696.00,0
pemavor.com,0,11,1153,653,2438.00,0
nhti.edu,0,1,9549,19192,91092.00,0
chriswiegman.com,0,1,291,296,205.00,0
af.mil,0,1,1126146,5020152,5039614.00,0
innowise.com,0,1,8575,7510,92544.00,13
drawyourworld.com,0,1,411,3570,104.00,0
eonads.com,0,1,46,2,10.00,0
threatpost.com,0,1,4745,942,1122.00,0
oneupweb.com,0,35,8318,16277,68864.00,4
ias.edu,0,7,28114,156683,243100.00,0
davidsimpson.me,0,1,131,57,1.00,0
king-edward.com,0,1,43,121,1.00,0
filemail.com,0,13,13263,39901,124328.00,16
samuellawrentz.com,0,2,271,394,165.00,0
dialhost.com.br,0,4,82,27,23.00,0
avada.com,0,71,1772,4103,10069.00,0
onyx8agency.com,0,1,319,234,162.00,0
rezdy.com,0,1,8748,5212,33552.00,1
iqual.ch,0,1,73,15,0.00,0
bucks.edu,0,1,22723,52266,72133.00,0
baylor.edu,0,2,202912,747007,1824862.00,14
sunscrapers.com,0,1,1354,1258,5286.00,0
innoactive.io,0,1,153,225,307.00,0
refontelearning.com,0,5,3154,2098,13154.00,0
solutionsreview.com,0,1,39326,26918,343969.00,0
qindel.com,0,2,26,12,0.00,0
wptotal.com.br,0,1,40,4,0.00,0
alertops.com,0,15,1371,1294,7430.00,78
navigatingthroughcomplexity.com,0,1,1,3,1.00,0
holbreich.org,0,1,548,7,0.00,0
thinktecture.com,0,2,210,73,10.00,0
directbase.app,0,2,259,7,28.00,0
seqrite.com,0,2,3523,341,2005.00,0
flippednormals.com,0,1,240,1686,7201.00,0
cresta.com,0,1,1225,6502,133027.00,194
pqina.nl,0,2,643,1461,2479.00,0
shivaami.com,0,1,186,6,12.00,0
javadrive.jp,0,1,3456,29,1.00,0
googlesource.com,0,5,14232,17867,16639.00,0
privacyaffairs.com,0,1,3985,1734,1792.00,0
seo-stack.io,0,9,303,436,2690.00,0
voilaporno.com,0,1,886,77,4.00,0
mort.coffee,0,1,38,41,0.00,0
usta.com,0,1,104343,553067,312020.00,215
abuseipdb.com,0,1,4768,25622,64169.00,0
echo.ai,0,4,967,607,1733.00,32
instarem.com,0,5,153407,396191,141291.00,16
ceartas.io,0,3,253,2099,8620.00,7
esendex.com,0,2,311,92,423.00,0
2sj.chat,0,1,6,179,236.00,0
synoptek.com,0,1,7719,10420,80795.00,30
sms-magic.com,0,1,1308,1119,8776.00,0
tasquitos.com,0,1,52,93,70.00,0
socialtriggers.com,0,1,571,314,129.00,0
beencrypted.com,0,7,4535,172,228.00,0
redpishi.com,0,4,153,128,20.00,0
comeup.com,0,8,1810,4693,17661.00,0
bevisibleweb.ca,0,1,8,0,0.00,0
tiven.cn,0,1,26,2,0.00,0
arkthinker.com,0,2,18201,3058,968.00,0
snowflake.com,0,3,125047,441622,1694937.00,564
adqa.com,0,1,58,83,7.00,0
decksherpa.com,0,1,1162,663,840.00,0
webpagetest.org,0,8,2122,18034,63287.00,0
hostaccent.com,0,25,416,241,446.00,0
greatives.eu,0,10,199,1142,3121.00,0
manning.com,0,7,11623,12404,20734.00,30
uol.com.br,0,3,292471,656676,176074.00,6
greatvaluecolleges.net,0,1,28529,5528,44538.00,0
nicasiodesign.com,0,4,205,286,2387.00,0
cyberduck.io,0,9,1747,20575,53087.00,0
bukkit.org,0,7,11408,19245,4204.00,0
itechfever.com,0,1,2126,16,0.00,0
mangcoding.com,0,1,484,15,58.00,0
grupooro.es,0,9,58,1,1.00,0
uvdesk.com,0,5,935,570,13588.00,0
acclouding.ee,0,1,12,0,0.00,0
marcodiversi.com,0,7,367,118,109.00,0
signalchecker.co.uk,0,1,693,1039,3644.00,0
washington.edu,0,4,703833,2043242,2970959.00,3
temeritydigital.com.au,0,1,573,217,643.00,0
royal-elementor-addons.com,0,3,101,350,224.00,0
snbforums.com,0,14,13750,16434,10817.00,0
pucomi.blogspot.com,0,1,47,0,0.00,0
corelock.net,0,1,92,18,29.00,0
accesibiliconos.org,0,1,4,8,4.00,0
hostmora.com,0,1,959,351,892.00,0
wptrigone.fr,0,1,28,6,0.00,0
onesignal.com,0,1,7484,15482,104234.00,18
24xxx.porn,0,3,287540,588536,181247.00,0
railscarma.com,0,1,1356,1305,15523.00,0
my.wordpress.com,0,6,38,16,60.00,0
theproductguy.in,0,1,6520,4904,2407.00,0
atlantisuniversity.edu,0,6,74214,351430,74499.00,0
askkori.com,0,8,316,59,64.00,0
elbnetz.com,0,1,130,260,0.00,0
quietlight.com,0,3,3262,2329,8778.00,3
freestyle-entertainment.co.jp,0,1,28,16,0.00,0
gsquarewebtech.com,0,1,438,48,280.00,0
oawa.se,0,1,25,5,0.00,0
webhostingcat.com,0,28,1142,748,16454.00,0
illinois.edu,0,142,1129286,3137464,5878436.00,102
tempgenius.com,0,1,499,201,1272.00,13
javeriana.edu.co,0,2,3253,8989,5505.00,0
contensis.com,0,21,2002,6329,13302.00,0
magicalapi.com,0,1,2062,149,475.00,0
andrewmercer.net,0,1,108,0,0.00,0
square-9.com,0,1,1555,2281,8837.00,24
statista.com,0,250,1184762,1292170,1975547.00,71
thomsonreuters.com,0,12,443431,1035970,4638510.00,1438
floruceda.com,0,1,20,13,3.00,0
biztechmagazine.com,0,2,12065,15111,71292.00,0
gravityforms.com,0,121,12593,24415,37040.00,53
arnoldit.com,0,1,150,558,21.00,0
siteable.com,0,1,135,1,14.00,0
probel.jp,0,1,24,11,0.00,0
shannonmattern.com,0,10,73,8,0.00,0
ovationthemes.com,0,23,898,21,82.00,0
cerdas.com,0,1,11365,97027,2493.00,0
therecipeforseosuccess.com,0,1,232,321,478.00,0
nema.gov.mn,0,9,254551,21093,7936.00,0
bobbyhadz.com,0,2,4269,878,9.00,0
siriusopensource.com,0,14,813,217,1071.00,1
aigujswgfusm.hair,0,1,29,67,2.00,0
infoglobaldata.com,0,3,9830,3207,14051.00,0
hostingtg.com,0,4,265,32,10.00,0
atakdomain.com,0,10,5751,461,1355.00,7
evanwill.github.io,0,6,402,416,97.00,0
searchenginewatch.com,0,21,5323,2984,5299.00,0
privadovpn.com,0,1,7739,18201,12631.00,8
abouconde.com,0,3,217,26,12.00,0
example.com,0,15,4106,34709,310441.00,15
wowslider.net,0,2,379,5,0.00,0
pptr.dev,0,3,924,5912,18628.00,0
lineagrafica.es,0,1,111,52,0.00,0
madisonlogic.com,0,1,1840,1872,21372.00,50
bringyourownlaptop.com,0,5,4851,18652,47713.00,9
paradoxplaza.com,0,1,51128,94405,11219.00,0
maverrik.io,0,2,3008,104,95.00,0
maxiblocks.com,0,16,367,12,13.00,0
submitx.com,0,116,626,1334,9481.00,0
wpmessiah.com,0,4,117,8,22.00,0
connect-media.dk,0,2,47,36,0.00,0
debugbar.com,0,1,4022,98,113.00,0
jesthandbook.com,0,1,23,3,4.00,0
landofcoder.com,0,1,2201,482,1706.00,0
ruby-doc.org,0,18,6617,18553,38470.00,0
dhs.gov,0,2,491431,3771116,9589869.00,474
cloudthat.com,0,8,11759,1564,8539.00,0
write.as,0,1,3896,3372,5479.00,0
securden.com,0,2,3633,4965,150926.00,373
instant.so,0,7,4524,448,1930.00,24
codebar.io,0,1,857,2061,447.00,0
rfc-editor.org,0,1,5332,12327,30850.00,0
genieai.co,0,1,48908,29862,50017.00,2
salestechstar.com,0,4,4048,876,2491.00,0
cloudzy.com,0,8,15555,6304,20801.00,5
kolmisoft.com,0,1,369,171,653.00,0
tkg.com,0,1,1380,2100,18276.00,0
wpminds.com,0,1,1853,31,128.00,0
watcha.cn,0,1,120,833,19.00,0
netsolutions.com,0,5,13458,11833,150601.00,0
technologymagazine.com,0,4,31930,14763,55529.00,0
outbyte.com,0,3,16588,1544,421.00,15
creativefabrica.com,0,64,176880,675124,447945.00,350
embedded.gallery,0,1,123,105,21.00,0
eleken.co,0,6,13597,15077,40513.00,0
binarynights.com,0,1,225,2611,4738.00,0
linuxsecurity.com,0,4,7541,21430,40715.00,0
boardgamearena.com,0,1,19232,250687,56706.00,0
demandbird.com,0,1,218,7,10.00,0
forums.wordpress.com,0,4,187,99,17.00,0
eightforums.com,0,1,6309,3339,538.00,0
bandwidth.com,0,5,14635,58220,222134.00,623
swissbit.com,0,1,338,515,650.00,8
history.com,0,1,2511587,8920666,5566826.00,203
hackertarget.com,0,43,11817,26728,69092.00,0
stylecloud.co,0,15,291,328,291.00,0
xserver.ne.jp,0,7,641,1290,271.00,0
pragimtech.com,0,23,778,406,771.00,0
audministrator.wordpress.com,0,2,172,40,0.00,0
oliverjam.es,0,5,67,286,363.00,0
vpsmalaysia.com.my,0,16,985,674,2226.00,0
crepdogcrew.com,0,1,15673,6492,1996.00,0
joshwcomeau.com,0,16,4459,18354,18858.00,0
thinkdifferentdesigns.com,0,1,283,29,17.00,0
michaelpage.be,0,1,192,15,13.00,0
wpwebinfotech.com,0,5,2905,43,371.00,3
peakhour.io,0,4,1129,388,1133.00,0
hyperskill.org,0,48,15581,12127,14271.00,0
neilonsoftware.com,0,3,34,20,29.00,0
deothemes.com,0,15,570,21,52.00,0
wpmaintenanceservice.com,0,2,37,7,0.00,0
oneclickseo.agency,0,2,1498,129152,2120207.00,0
spectrumnetdesigns.com,0,2,916,545,1807.00,0
illustrationsource.com,0,1,742,143,114.00,0
dokploy.com,0,2,1450,4567,21625.00,7
hostafrica.co.za,0,7,1721,932,3326.00,0
sou.edu,0,2,26148,77592,184817.00,21
moontoast.com,0,2,6529,4866,5016.00,0
mailercheck.com,0,12,2956,1686,8978.00,0
vaadata.com,0,18,3026,5543,62026.00,0
designindc.com,0,7,2455,6459,36705.00,5
mazzima.com,0,1,90,23,0.00,0
seonorth.ca,0,4,1531,94,0.00,0
conversordeletrasbonitas.org,0,1,117,2325,1201.00,0
jackharner.com,0,1,109,35,194.00,0
motarme.com,0,2,390,794,1724.00,0
webhostingm.com,0,2,292,36,27.00,0
unblocked.lol,0,1,262,552,1365.00,0
amahi.org,0,3,244,128,77.00,0
fhug.org.uk,0,1,569,2010,597.00,0
pbrumby.com,0,10,219,49,5.00,0
tekla.com,0,1,8060,6722,23680.00,0
textus.com,0,1,15145,73964,234696.00,92
clear-pg.com,0,1,33,68,0.00,0
jellyacademy.ca,0,1,1001,318,1201.00,0
allen.in,0,1,518364,357239,57408.00,0
yandex.ru,0,1,596257,676277,2591002.00,33
adamenfroy.com,0,2,12249,330,2070.00,0
opiniones.hosting,0,1,124,212,518.00,0
responsify.com,0,3,3504,6232,20008.00,0
blitzmetrics.com,0,3,1513,368,1543.00,0
buildui.com,0,1,104,106,229.00,0
wmich.edu,0,4,135023,469115,641386.00,0
sublimetext.com,0,36,6158,57682,260193.00,0
howtodoinjava.com,0,3,11531,1861,1425.00,0
verylazytech.com,0,8,1359,1825,2229.00,0
imageonline.co,0,5,27256,100900,86264.00,0
kubesimplify.com,0,1,789,973,136.00,0
fontriver.com,0,8,7334,5535,3136.00,0
imperva.com,0,79,34053,146461,810852.00,0
calligraphr.com,0,3,1408,26662,23761.00,0
stubhub.com,0,1,844935,3552211,3799962.00,104142
file.org,0,2,21829,2113,3407.00,0
relevanssi.com,0,1,32,57,138.00,0
websiteprofitcourse.com,0,1,134,22,31.00,0
nventmarketing.com,0,3,1997,1978,31400.00,0
buildwithmatija.com,0,8,470,107,174.00,0
bullseyestrategy.com,0,2,1704,1521,11307.00,0
ericbrown.com,0,1,182,260,17.00,0
schgroup.com,0,1,2977,4745,19600.00,17
timextender.com,0,1,886,535,677.00,1
programmers.io,0,1,2859,2056,10824.00,25
getshortcodes.com,0,5,60,62,69.00,0
janebwebsitehelp.co.uk,0,3,36,7,3.00,0
wpmet.com,0,89,3816,1358,3367.00,0
hirecorewebvitalsconsultant.com,0,2,444,73,8.00,0
noipfraud.com,0,1,314,8,100.00,0
wpfastestcache.com,0,2,3380,2312,2716.00,0
eitca.org,0,5,8814,1687,1495.00,1
real.com,0,3,7825,20405,19047.00,60
alamode.com,0,1,3678,6182,9404.00,13
urbandictionary.com,0,6,3140886,6074615,2122408.00,0
blogpros.com,0,2,2259,315,794.00,0
power-plugins.com,0,7,82,5,0.00,0
jmango360.com,0,1,756,321,1891.00,5
yamamura.com.br,0,1,90,131,52.00,0
abhith.net,0,3,160,42,0.00,0
reversevideosearch.io,0,35,377,2861,2304.00,0
sec-consult.com,0,5,207,208,487.00,0
neolo.com,0,5,1277,218,148.00,0
undinealmani.com,0,1,280,39,1.00,0
pinggy.io,0,72,5197,18259,30071.00,0
multimediaxp.com,0,1,630,8,11.00,0
black.host,0,2,892,217,152.00,0
canspace.ca,0,15,1241,2207,2811.00,0
fellowtuts.com,0,1,222,6,0.00,0
drlinkcheck.com,0,17,1602,11604,36900.00,0
turborepo.dev,0,1,606,3941,34841.00,0
unf.edu,0,1,85637,280920,803802.00,34
releasecandidate.dev,0,1,66,0,0.00,0
juanpetattoo.es,0,1,641,2377,379.00,0
goodgoodgood.co,0,1,86160,285197,100036.00,0
quickref.me,0,2,2961,5758,11201.00,0
whalesync.com,0,4,1562,1334,4793.00,0
iolo.com,0,1,13478,15284,16791.00,42
flockler.com,0,7,5111,1275,6296.00,23
californialawreview.org,0,2,2997,7475,6625.00,0
wrangle.io,0,1,1466,1308,1243.00,0
agiledigitalagency.com,0,1,515,387,961.00,0
gotekky.com,0,2,116,15,10.00,0
sourcefoundry.org,0,1,40,259,0.00,0
jem-products.com,0,1,2788,101,10.00,0
permalinkmanager.pro,0,3,190,154,2.00,0
wyze.com,0,1,74404,421938,163970.00,1
pngegg.com,0,3,251700,186608,17455.00,0
mgknet.com,0,1,30,0,0.00,0
webdesigndiscovery.com,0,1,1250,776,3676.00,0
requestindexing.com,0,5,80,38,180.00,0
uax.com,0,1,1343,2086,3915.00,0
wayup.com,0,1,61958,64058,79330.00,0
martech.zone,0,47,26207,7219,12024.00,0
siteswan.com,0,36,1467,1927,9005.00,0
lumu.io,0,8,1348,2051,9123.00,5
slicedbread.agency,0,1,1084,687,1897.00,71
mailsuite.com,0,33,12522,25410,88214.00,56
spencerclarkegroup.co.uk,0,2,2496,2297,4788.00,0
bitly.com,0,7,27127,262196,773391.00,3275
readingtheplay.wordpress.com,0,1,5,7,22.00,0
britannica.com,0,44,18624286,65282430,41566807.00,0
mailslurp.com,0,37,9613,8027,16840.00,5
redehost.com.br,0,1,44,8,38.00,0
leskoff.com,0,1,3733,1711,1371.00,0
fastmail.com,0,2,3057,67171,28793.00,41
nitdit.com,0,1,1178,27,6.00,0
speedtest.com.ar,0,1,104,198,108.00,0
sportsmans.com,0,1,481892,2044633,399840.00,1788
digitalcravings.studio,0,3,42,3,9.00,0
jalasoft.com,0,1,2552,1317,7345.00,0
readly.com,0,1,5140,3365,4926.00,0
wppagebuilders.com,0,1,758,16,6.00,0
neowin.net,0,2,113630,31858,39328.00,0
spreadsimple.com,0,6,3457,684,4166.00,0
intertech.com,0,1,1024,1172,10754.00,1
froxlor.org,0,1,69,18,0.00,0
yourplugins.com,0,1,24,1,0.00,0
nehabi.com,0,1,225,9,3.00,0
reactbits.dev,0,1,530,7125,24918.00,0
haleymarketing.com,0,3,2274,1957,21351.00,0
digital-shift.jp,0,1,76,5,2.00,0
freshpies.co.uk,0,5,1331,1149,1563.00,0
geraldonit.com,0,1,213,218,101.00,0
retailmenot.com,0,1,1262360,1530433,2647551.00,7072
animaapp.com,0,3,2142,11541,38501.00,60
praveentechworld.com,0,1,99,0,0.00,0
openlegacy.com,0,1,3559,8368,30392.00,0
convertri.com,0,5,1804,1736,27723.00,20
expo.dev,0,2,18624,79288,109076.00,55
yext.com,0,8,7344,33865,267083.00,107
buzztter.co.jp,0,2,237,79,0.00,0
quickstart.com,0,2,12818,12296,53145.00,578
bvnnews.com,0,1,143,43,0.00,0
josephscott.org,0,1,939,381,355.00,0
getstream.io,0,1,16275,41214,80030.00,17
mentimeter.com,0,2,38010,253851,559612.00,592
opensenselabs.com,0,1,1127,49,160.00,0
codenbrand.com,0,1,19,0,0.00,0
tgcindia.com,0,3,296,430,1644.00,0
devtron.ai,0,14,2186,926,6530.00,0
elementpack.pro,0,13,661,418,939.00,0
aiplanet.com,0,1,1121,642,1984.00,0
cssauthor.com,0,1,8013,4877,8166.00,0
tutorlms.com,0,1,700,1273,6136.00,2
teamcubate.com,0,1,2326,46,275.00,0
qrcodeveloper.com,0,2,604,256,385.00,1
sparkbooth.com,0,1,422,565,434.00,4
instinctive.app,0,1,164,21,83.00,0
alura.com.br,0,6,2742,572,1093.00,0
droptica.com,0,10,3487,521,4565.00,0
howbrowserswork.com,0,2,31,12,14.00,0
fransdejonge.com,0,1,30,5,0.00,0
yo-yon.hatenablog.com,0,1,7,0,0.00,0
flowfuse.com,0,1,1976,2070,5444.00,10
veebilehed24.ee,0,1,142,73,2.00,0
internetdevels.com,0,1,731,103,124.00,0
cocalc.com,0,1,5080,4598,2379.00,0
wpallimport.com,0,101,3078,7067,25135.00,0
wpandlegalstuff.com,0,1,37,9,14.00,0
offers.jp,0,1,113,16,7.00,0
notebookandpenguin.com,0,10,11263,47320,29528.00,0
digitalinspiration.com,0,28,2849,1683,3722.00,0
pixel506.com,0,1,949,348,3244.00,0
uslegalforms.com,0,1,1036485,632707,871943.00,332
flodesk.com,0,4,19761,53907,267231.00,649
pablogarciajc.com,0,1,44,0,0.00,0
macsecurity.net,0,31,4580,3680,2615.00,0
aiemaily.com,0,4,355,10,42.00,0
meerkatmediagroup.com,0,3,373,1436,99.00,0
adlibrary.com,0,2,3604,7607,100997.00,0
quizlet.com,0,20,6768913,9753826,8913943.00,526
fastpanda.co.uk,0,6,919,226,804.00,34
namesnack.com,0,2,9709,1236,1201.00,0
censofinc.com,0,1,825,11,277.00,0
oncrawl.com,0,4,4212,2292,6650.00,0
freeonlinesurveys.com,0,1,1727,7837,29885.00,0
happyforms.io,0,1,171,126,402.00,0
xolphin.com,0,1,952,978,1422.00,0
thehost.ua,0,1,739,75,126.00,2
crt.gob.mx,0,1,506,4111,2687.00,0
cloudstorageinfo.org,0,2,2582,4007,11349.00,0
bitbucket.org,0,7,3431,20336,85660.00,0
yadulink.com,0,1,170,12,0.00,0
toyhou.se,0,1,31203,210833,12853.00,0
atspace.com,0,1,29580,11806,9627.00,0
labv.io,0,1,362,383,141.00,0
andmore.com,0,1,1370,3107,23607.00,0
minitool.com,0,62,363623,50231,32364.00,0
lafabricadeinventos.com,0,1,75,56,0.00,0
downforeveryoneorjustme.com,0,67,73321,607209,306759.00,0
omahacs.com,0,1,3320,266,95.00,0
realityripple.com,0,54,7018,2154,1732.00,0
deandavis.co.uk,0,1,36,32,0.00,0
geekpack.com,0,3,225,250,176.00,0
powerdatarecovery.com,0,1,3438,1392,678.00,0
flexmail.be,0,2,314,76,340.00,0
systeme.io,0,8,15267,34108,187810.00,124
voxolo.gy,0,1,261,71,55.00,0
webxloo.com,0,8,420,204,196.00,0
csshero.org,0,11,448,211,135.00,1
theamazinggive.org,0,1,5718,13402,26055.00,0
mpwrdesign.com,0,11,135,16,0.00,0
aspnetzero.com,0,1,508,395,1504.00,12
agilitycms.com,0,1,4137,1440,4017.00,104
greenlanemarketing.com,0,1,2778,3859,20396.00,0
curbal.com,0,1,569,35,0.00,0
richhewlett.com,0,5,153,79,18.00,0
cio.gov,0,12,886,2004,5336.00,0
carlana.net,0,1,78,49,0.00,0
alyamanalhayekdesign.com,0,9,352,605,326.00,0
cf7addons.com,0,2,112,32,0.00,0
bermangraphics.com,0,1,221,25,1.00,0
drime.cloud,0,7,1080,634,2583.00,0
lastingdynamics.com,0,1,1054,195,1135.00,0
thebeehost.com,0,11,85,0,0.00,0
kreativa.se,0,1,11,2,0.00,0
fluentcrm.com,0,10,4780,5300,23281.00,8
ufovpn.io,0,1,22422,122458,120520.00,0
woosa.com,0,7,561,141,439.00,0
tableplus.com,0,25,5015,4930,22133.00,0
platinumdatarecovery.com,0,1,2754,138766,644614.00,0
newsnationnow.com,0,1,809632,1679184,641832.00,0
profile.es,0,15,327,949,242.00,0
iisindia.net,0,1,29,6,0.00,0
golinuxcloud.com,0,3,12823,222,162.00,0
dimensions.com,0,4,231830,522078,260845.00,0
arc.dev,0,41,17514,20233,279859.00,0
pglong.com,0,1,548,869,4764.00,0
reaconverter.com,0,1,8147,8132,7154.00,0
mindpathtech.com,0,12,3343,1498,29275.00,0
labanquepostale.fr,0,1,2480,30315,799.00,1
josephharding.github.io,0,1,17,0,0.00,0
toffeeglobal.com,0,1,4,0,0.00,0
dorkypress.com,0,3,28,3,25.00,0
clonedaddy.com,0,1,88,5,0.00,0
host.cl,0,1,53,0,0.00,0
rebuyengine.com,0,11,3894,13813,33214.00,0
recruitology.com,0,2,366,70,166.00,0
byby.dev,0,1,337,0,0.00,0
indieweb.org,0,1,1493,2624,4194.00,0
linkatomic.com,0,7,2132,123,578.00,0
bridgewater.edu,0,1,6014,19758,101505.00,0
retailersprocessingnetwork.com,0,1,147,307,818.00,0
blogrecode.com,0,5,662,202,513.00,0
weareyellowball.com,0,17,2077,541,803.00,0
whatmedia.com,0,1,14,6,0.00,0
wp-valley.com,0,1,100,169,176.00,0
techsavvycreative.com,0,19,167,89,18.00,0
zitelia.es,0,1,54,15,12.00,0
enriquejros.com,0,2,35,0,0.00,0
appleinsider.com,0,3,247983,270612,143584.00,0
goudengids.be,0,1,701,304,0.00,0
mailsweeper.co,0,10,984,265,301.00,0
rhythmcollective.wixsite.com,0,1,4,4,0.00,0
lkouniv.ac.in,0,1,7389,8839,23325.00,0
albertwalicki.com,0,1,108,4,0.00,0
frankbrinks.nl,0,1,41,45,0.00,0
alignedincentiv.es,0,1,21,1477,9072.00,0
proxys.io,0,2,3816,4024,5549.00,16
travisvirgil.com,0,1,173,3,3.00,0
powermapper.com,0,6,4215,10391,26633.00,42
nordstrom.com,0,1,2922819,16791573,12169929.00,547
sintra.ai,0,1,4472,18972,98553.00,31
alohabrowser.com,0,1,1188,8269,13312.00,0
boltontechnology.com,0,1,1193,1943,10364.00,10
edmunds.com,0,1,7288718,15511585,11096228.00,1375
altosio.com,0,1,106,8,24.00,0
neuronthemes.com,0,15,1315,266,254.00,0
cjr.org,0,2,27923,96200,79907.00,0
host-wp.com,0,1,27,0,0.00,0
pkgx.dev,0,1,108,19,0.00,0
codecrew.us,0,1,741,561,6371.00,13
streamshark.io,0,1,1553,1992,2344.00,0
chrisg.com,0,43,589,2078,13180.00,0
elementor-addon-components.com,0,1,54,1,11.00,0
clixpert.com.au,0,1,556,27,2.00,0
daveswift.com,0,1,968,214,894.00,0
mojeek.com,0,4,625,10354,1625.00,0
ecer.com,0,2,23157,11732,1583.00,6
thebridgecorp.com,0,1,2177,1570,9965.00,0
saravananthirumuruganathan.wordpress.com,0,1,31,2,0.00,0
openreplay.com,0,25,15022,31607,109885.00,0
ipower.eu,0,1,161,27,57.00,0
ian-kent.github.io,0,1,5,0,0.00,0
mandourlaw.com,0,4,5194,3326,9983.00,0
codingbeautydev.com,0,3,679,50,4.00,0
loginpress.pro,0,45,1255,212,175.00,0
phpqa.io,0,2,76,19,52.00,0
oorkan.dev,0,3,152,40,124.00,0
demandbase.com,0,2,11732,42636,449877.00,217
072design.nl,0,1,17,6,0.00,0
pocoo.org,0,1,501,2251,19451.00,0
anything.com,0,3,6296,31982,205385.00,32
serverlessland.com,0,1,1867,784,3314.00,0
svggobbler.com,0,3,40,60,0.00,0
thesaurus.plus,0,2,2006820,1045212,77309.00,0
hotjoomlatemplates.com,0,1,239,434,651.00,0
digitalthirdcoast.com,0,31,5751,5814,39612.00,44
diyseo.uk,0,1,42,0,0.00,0
oup.com,0,1,955849,1180171,837924.00,196
connext.es,0,1,168,55,63.00,0
xplora.eu,0,2,472,214,1073.00,0
blackink.ai,0,1,132122,300896,49392.00,8
rst.software,0,11,4142,509,1941.00,0
pressdns.com,0,1,3588,1345,1828.00,0
xai.com,0,1,11,3,4.00,0
kaspersky.es,0,8,1515,960,742.00,0
virid.com,0,6,257,636,968.00,0
theaccessweb.com,0,1,34,52,212.00,0
pagerly.io,0,5,2679,2648,7896.00,1
joydeepdeb.com,0,1,8086,2421,905.00,0
windows.com,0,1,21446,27340,32456.00,0
learnpython.org,0,1,4824,42838,109149.00,0
thunderbit.com,0,28,12897,10188,13105.00,176
bobdewebbouwer.com,0,3,60,9,0.00,0
fullstackfoundations.com,0,8,1096,187,377.00,0
thestatuscode.com,0,2,137,52,2.00,0
yorelle-arty.fr,0,1,8,9,2.00,0
coreaiconsulting.com,0,1,23,15,57.00,0
culturedvultures.com,0,1,42817,10055,6388.00,0
technical-writer.co.nz,0,2,9,0,0.00,0
wp4toastmasters.com,0,9,82,36,21.00,0
purethemes.net,0,4,780,502,1288.00,0
kitemetric.com,0,2,5405,1737,1426.00,0
spiderorbit.net,0,1,623,9,0.00,0
alexrank.com,0,1,5,0,0.00,0
netmarketshare.com,0,22,139,99,3.00,0
postly.ai,0,6,4197,6741,7127.00,0
presscustomizr.com,0,20,210,93,116.00,0
wasp.sh,0,1,240,376,772.00,0
greenmellenmedia.com,0,11,851,840,4267.00,0
names.org,0,2,278381,199877,134139.00,0
stratussurfaces.com,0,1,3380,9799,16330.00,0
elblogdelbardo.wordpress.com,0,1,1,0,0.00,0
seekahost.in,0,5,1804,269,342.00,0
purrweb.com,0,4,5311,3399,31324.00,0
mivocloud.com,0,2,982,1035,1400.00,2
nsoftware.com,0,1,578,879,1672.00,1
theartistsjd.com,0,2,417,201,661.00,0
geotargetingwp.com,0,1,58,79,458.00,0
midu.dev,0,3,114,184,0.00,0
community.brave.app,0,80,27605,27558,13399.00,0
ondho.com,0,2,580,131,3.00,0
studiobinder.com,0,5,218848,1012216,604942.00,0
registeredagentsinc.com,0,9,8636,12711,148385.00,11
executive-digital.com,0,1,205,159,228.00,0
socketlabs.com,0,11,1536,1714,13025.00,0
ironpdf.com,0,3,12317,7706,5516.00,36
ashampoo.com,0,1,5472,12688,9438.00,84
dositdigital.com,0,1,12,1,0.00,0
igmguru.com,0,18,26523,34264,354799.00,0
webridge.co,0,2,98,3,14.00,0
getgreenshot.org,0,1,2408,30530,54325.00,0
smithkroeger.com,0,1,606,182,260.00,0
websitehosting.com,0,3,1311,138,250.00,0
dokku.com,0,2,125,784,6660.00,0
abcconsultinggroup.com.co,0,1,2,0,0.00,0
sourcegaming.info,0,1,3710,12751,630.00,0
stetic.com,0,19,168,2,0.00,0
hivemoderation.com,0,1,2498,11646,9716.00,0
cbd.int,0,1,10619,24819,12111.00,0
cleverence.com,0,1,21667,1606,21736.00,0
oracle.com,0,235,834821,2766026,11968412.00,553
omi.me,0,1,10646,7203,7207.00,3
fasthosts.co.uk,0,76,5035,4461,14030.00,0
gladeo.org,0,2,8143,3314,5600.00,0
papercut.com,0,26,19323,94933,130866.00,41
hostafrica.ke,0,8,917,243,263.00,0
skysnag.com,0,1,2068,426,868.00,0
ripslawlibrarian.wordpress.com,0,2,261,277,234.00,0
agtonline.com.br,0,1,3,0,0.00,0
quindo.it,0,2,90,209,3.00,0
labdoo.org,0,3,312,220,4.00,2
trickyenough.com,0,1,7571,259,279.00,0
who.is,0,6,11175,119251,276527.00,0
sitesell.com,0,7,1562,937,838.00,2
vectormagic.com,0,1,2872,35387,36592.00,11
quape.com,0,4,2042,246,923.00,1
aprimoraweb.com.br,0,1,35,0,0.00,0
ciw.news,0,1,243,90,30.00,0
unstoppabledomains.com,0,5,2770,3512,11187.00,0
alabama.gov,0,3,523675,1805051,2859211.00,0
sertmedia.com,0,1,240,10,14.00,0
xpendy.com,0,3,29163,22053,26400.00,9
karlstechnology.com,0,1,1449,295,610.00,0
deltaxignia.com,0,7,179,61,119.00,0
flockport.com,0,1,73,5,12.00,0
nda.ie,0,1,172,90,54.00,0
willo.video,0,3,1917,2732,14175.00,0
skynats.com,0,2,1064,77,61.00,0
mylistandtraffic.com,0,2,10,0,0.00,0
dealarious.com,0,1,3225,6524,9867.00,0
howhttps.works,0,3,144,128,314.00,0
westlaw.com,0,3,274434,284452,806533.00,0
gowp.com,0,8,706,668,3955.00,0
targetinternet.com,0,3,5841,9234,19560.00,0
webredone.com,0,1,37,1,2.00,0
softdesign.com.br,0,1,346,204,71.00,0
focusreactive.com,0,1,985,935,6316.00,0
makeuseof.com,0,208,875427,169125,155752.00,0
playlists.at,0,8,422,2976,374.00,0
yahwho.org,0,1,62,9,0.00,0
site4u.nl,0,1,8,0,0.00,0
scaledmail.com,0,46,3576,2063,7590.00,14
zazu.berlin,0,2,12,0,0.00,0
cobase.com,0,1,2345,610,3693.00,0
randomkeygen.com,0,6,1521,7119,5326.00,0
npackd.org,0,1,7598,3046,2398.00,0
binghamton.edu,0,2,186390,461338,489982.00,11
thebridge.tech,0,3,238,121,304.00,0
hightechdad.com,0,3,4062,3380,1495.00,0
polarmass.com,0,7,893,63,128.00,0
clinicsoftware.com,0,1,15652,6605,25599.00,0
1gbits.com,0,7,15138,329,795.00,0
life360.com,0,2,64280,279920,193646.00,119
zipic.app,0,1,282,85,100.00,0
cloudsecurityalliance.org,0,5,14649,20890,154963.00,22
sharprocket.com.ph,0,1,937,252,191.00,0
knowledgize.com,0,1,786,108,10.00,0
rismosch.com,0,1,6,23,0.00,0
stephane-arrami.com,0,1,7,0,0.00,0
meetglimpse.com,0,3,5196,11554,12780.00,0
genexus.com,0,1,1199,1225,1656.00,0
interad.com,0,1,680,1597,355.00,4
iconscout.com,0,6,162119,121368,67702.00,36
search.google,0,15,29699,1170878,19795486.00,0
zoho.com,0,57,214792,1075537,9055077.00,15877
titannet.com.au,0,1,931,5,0.00,0
ugreen.com,0,1,44322,213933,79274.00,59
zero-outage.com,0,1,33,31,6.00,0
powerbi.com,0,3,33282,231597,793524.00,0
enterprisedb.com,0,46,8887,8582,26090.00,85
paylithix.com,0,1,92,3,110.00,0
itrsgroup.com,0,1,951,1370,6166.00,0
smartvox.co.uk,0,1,62,3,0.00,0
wearepresta.com,0,5,749,923,2928.00,0
hostmycode.com,0,13,515,66,77.00,0
fixmypagespeed.com,0,2,59,0,0.00,0
getbutterfly.com,0,1,1042,2314,195.00,0
techcompanynews.com,0,1,3335,708,1721.00,0
tcitechs.com,0,1,3766,1822,13836.00,0
yourdictionary.com,0,9,5269318,7473636,4123963.00,0
evchargerreviews.net,0,1,1388,1393,1326.00,0
gomytrucking.com,0,1,226,14,0.00,0
domainnames.com.au,0,1,127,47,571.00,0
doteasy.com,0,4,2166,2879,7201.00,0
tinkerhub.org,0,1,63,102,296.00,0
digitalregenesys.com,0,1,6472,1276,2402.00,0
apiyi.com,0,2,6392,4170,6434.00,0
updatingshow.com,0,2,295,12050,3841.00,0
one400.com,0,1,301,140,1032.00,0
dondominio.com,0,4,3234,3504,10605.00,0
alexraza.com,0,5,128,91,1.00,0
website2.me,0,1,9288,9122,8520.00,0
rss.com,0,2,17854,29855,33604.00,0
owebest.com,0,1,3602,3181,9752.00,0
gfa-marketing.com,0,10,39,3,0.00,0
swissmacuser.ch,0,1,491,45,26.00,0
go4hosting.com,0,2,1718,161,903.00,0
hostingcanada.org,0,2,1217,326,1202.00,0
silver-code.com,0,1,4,0,0.00,0
scaletowin.com,0,1,235,2298,17461.00,0
alexrusin.com,0,1,286,13,25.00,0
rootsdigital.co,0,1,22,0,0.00,0
prodjex.com,0,1,357,38,355.00,0
clouddirect.net,0,5,1232,345,1071.00,0
emizentech.com,0,2,16164,26812,49095.00,0
ramforum.com,0,1,70101,68478,47395.00,0
exxactcorp.com,0,1,9596,12421,21394.00,97
saleskit.com,0,1,229,136,745.00,0
pageproof.com,0,1,1636,3518,23971.00,31
stuartkerrs.com,0,1,3486,160,883.00,0
farouknasri.com,0,1,130,63,54.00,0
santa-cruz-web-design.com,0,1,132,34,408.00,0
blacknight.com,0,1,1930,3540,17745.00,4
chevalme.ae,0,4,19,1,2.00,0
statuscodes.io,0,1,425,2,0.00,0
hotspotshield.com,0,10,8711,81968,91828.00,0
sinosoft.guru,0,5,1029,170,241.00,0
seowebchecker.com,0,1,3035,196,215.00,0
ecatechnologiesinc.wordpress.com,0,1,7,0,0.00,0
wpmobile.app,0,1,40,12,11.00,0
faithful.ie,0,4,1206,8059,125.00,0
bmc.com,0,63,30817,55320,252696.00,72
gettyimages.com,0,23,12564367,27494124,5546522.00,0
privacypleasebook.com,0,1,7,12,0.00,0
pagegym.com,0,2,17,0,0.00,0
krgroup.com,0,1,3216,2723,18109.00,0
pachnerweb.at,0,1,17,0,0.00,0
targetedseo.co.uk,0,1,863,8482,6605.00,0
projectsecurity.io,0,2,244,45,204.00,0
allwest.com,0,2,10109,31460,89297.00,18
bit.ai,0,1,22812,10390,21027.00,0
wc-donation.com,0,3,154,61,73.00,0
speedguide.net,0,2,6735,19527,23713.00,5
edvido.com,0,1,10216,3348,2724.00,0
sven-hoerig.de,0,1,126,40,0.00,0
carbonite.com,0,2,12824,44365,414195.00,301
solent.ac.uk,0,1,2517,5533,20119.00,0
facundo.dev,0,1,27,0,0.00,0
solarwinds.com,0,77,63825,182422,2362767.00,2006
weareha.co.uk,0,2,21,75,86.00,0
limesurvey.org,0,4,9894,14878,41140.00,4
inkpx.com,0,2,30832,65846,42009.00,0
roocket.ir,0,1,295,197,20.00,0
mangools.com,0,91,22800,64897,272634.00,48
estudy247.com,0,1,978,30,78.00,0
dbi-services.com,0,3,2127,1117,5025.00,0
piktochart.com,0,3,75162,106040,77466.00,68
willows-consulting.com,0,1,249,2,8.00,0
nerdontour.net,0,1,60,43,23.00,0
netbird.io,0,4,1223,6653,12904.00,1
insta360.com,0,1,49797,569626,181822.00,187
timesites.com,0,2,382,168,311.00,0
braydoncoyer.dev,0,1,119,26,0.00,0
petenetlive.com,0,9,2844,620,358.00,0
fastware.com,0,1,537,154,240.00,0
bestbuy.ca,0,2,130202,58467,18026.00,63
alternative.me,0,5,18873,28019,43914.00,0
wpadventure.com,0,1,64,0,0.00,0
golocad.com,0,2,10102,880,1764.00,1
4fan.cz,0,1,139,6,2.00,0
causevox.com,0,4,7784,11486,22027.00,0
thesslstore.com,0,104,19906,19726,65548.00,14
kamranahmed.info,0,1,68,6,0.00,0
christophpraet.de,0,1,3,3,0.00,0
hakatemia.fi,0,1,367,111,206.00,0
povertyactionlab.org,0,1,4882,11408,12242.00,0
nasiothemes.com,0,1,190,2,0.00,0
zabanshenas.com,0,1,6381,2895,25.00,0
amplifyscales.com,0,4,200,50,45.00,0
webgoddess.co.uk,0,1,35,4,14.00,0
flaviocopes.com,0,6,2777,930,1628.00,0
servv.ai,0,1,18,0,0.00,0
list-crawlers.com,0,2,661,1049,1626.00,0
forestalsecurity.com,0,1,1130,69,538.00,0
seoprofy.com,0,2,13161,30789,470802.00,51
tekpon.com,0,7,22609,1412,7223.00,0
historytools.org,0,1,36058,958,1003.00,0
affectgroup.com,0,1,430,206,117.00,0
theodysseyonline.com,0,1,378998,123830,40554.00,0
cleverly.co,0,16,8495,3991,17987.00,41
aftership.com,0,2,71442,639661,416716.00,292
noridianmedicare.com,0,1,53507,87614,125505.00,0
cnblogs.com,0,21,116670,104815,104817.00,0
myip.com,0,3,6774,1545357,1444818.00,0
uxfu.com,0,1,1,1,11.00,0
memberspace.com,0,7,2586,1518,10123.00,44
guard.io,0,14,12722,26249,65530.00,0
swiftproxy.net,0,1,2594,7333,1653.00,1
trangotech.com,0,1,4651,7886,111479.00,23
devontechnologies.com,0,2,5389,7969,8623.00,0
ascendantusa.com,0,1,19219,4805,53919.00,91
inferne.com,0,2,18,0,0.00,0
lwvmd.org,0,1,654,562,439.00,0
unkoa.com,0,1,666,151,533.00,0
iclicker.com,0,1,3792,194230,82781.00,0
e.foundation,0,5,7911,23532,11262.00,0
monday.com,0,41,151504,502278,4532326.00,15100
terraform.io,0,3,24083,38634,108391.00,0
grandviewresearch.com,0,1,98623,99501,110243.00,0
onlinehtmleditor.dev,0,14,1078,1577,4370.00,0
sitedetour.com,0,70,564,644,1631.00,44
totalvalidator.com,0,1,65,2,0.00,0
nosegraze.com,0,30,1258,1044,536.00,0
leaseweb.com,0,11,3626,9197,85445.00,177
xcloud.host,0,25,1310,896,1890.00,1
vectorlogo.zone,0,1,3847,7827,5161.00,0
automatorplugin.com,0,10,923,797,1931.00,0
kentcdodds.com,0,1,780,2017,2798.00,0
avsforum.com,0,1,170619,104315,37719.00,0
visualportfolio.com,0,2,83,65,209.00,0
imageoptim.com,0,4,871,2492,3497.00,0
redtube.com,0,1,920149,3876482,317301.00,0
vicarius.io,0,7,2388,8314,2565.00,2
aceplugins.com,0,1,48,3,0.00,0
laracasts.com,0,41,7800,5259,8498.00,0
httptoolkit.com,0,4,489,1683,368.00,0
chriselison.uk,0,1,35,6,7.00,0
wodby.com,0,2,96,14,51.00,0
platoforms.com,0,1,3655,6730,13713.00,0
rdpextra.com,0,7,4488,1601,16450.00,0
sfdigital.co.uk,0,5,2234,304,331.00,0
neoteric.eu,0,5,927,516,9994.00,0
thordata.com,0,1,1921,6633,1030.00,9
reco.ai,0,39,5342,5324,44519.00,68
alibaba.com,0,14,1742617,1145283,568713.00,2107
about.us,0,3,1013,1546,6940.00,24
inboxzapper.com,0,1,1875,1163,213.00,0
cssigniter.com,0,10,307,367,214.00,0
sanjayregmi.com,0,1,90,3,0.00,0
inforges.es,0,1,831,261,213.00,0
data.world,0,1,8661,8065,65979.00,0
seodiscovery.com,0,3,16986,6346,57351.00,0
wpazleen.com,0,1,8,0,0.00,0
wizcommerce.com,0,2,7213,6777,33434.00,211
securityheaders.com,0,8,392,2131,12270.00,0
dhis2.org,0,4,970,1417,3427.00,0
eniun.com,0,1,544,319,255.00,0
mklasen.com,0,3,30,0,0.00,0
earthly.dev,0,15,4945,3340,4205.00,0
datim.org,0,3,630,265,4.00,0
effinity.fr,0,1,476,135,73.00,0
inmusicstore.com,0,1,4100,4798,3139.00,0
lytbox.co,0,1,115,173,1521.00,0
dzimchuk.net,0,1,21,0,0.00,0
no2bounce.com,0,11,1160,197,167.00,16
wpglobalsupport.com,0,1,816,0,0.00,0
glenire.digital,0,3,204,5,0.00,0
studioseaside.com,0,2,720,655,1510.00,0
paygradecareers.com,0,1,298,150,308.00,0
idaho.gov,0,3,544846,1829483,2269218.00,0
stjude.org,0,2,238490,872350,3482268.00,1463
secretprojects.co.uk,0,1,12841,16683,5238.00,0
cituro.com,0,2,64,19,0.00,0
teltecinc.com,0,2,483,440,962.00,0
codemotion.com,0,1,3241,1521,557.00,0
skillshare.com,0,19,104514,367735,323335.00,101
digitize.au,0,2,129,51,164.00,0
graceoutreachbronx.org,0,1,460,1025,2369.00,0
onextrapixel.com,0,5,3460,3233,2200.00,0
cavesocial.com,0,1,255,97,539.00,0
staminamarketing.com,0,2,331,200,106.00,0
jsonreader.com,0,1,619,344,1101.00,0
nuclio.school,0,1,330,17,10.00,0
xforwoocommerce.com,0,1,39,18,20.00,0
slammedialab.com,0,2,2699,519,3846.00,0
decisions.com,0,10,10061,13480,74043.00,148
five9.com,0,21,20503,94426,593600.00,2257
agrtech.com.au,0,1,2643,73,24.00,0
keyboardmaestro.com,0,11,5975,16249,13435.00,0
cycognito.com,0,4,6163,6305,58113.00,0
layerstack.com,0,7,2684,901,853.00,0
cherrychat.org,0,1,34,159,90.00,0
betterdocs.co,0,20,1748,565,1629.00,0
wondershare.fr,0,1,12175,2514,2016.00,0
pixelcrayons.com,0,1,4232,164,2180.00,151
inframail.io,0,2,3500,3700,4329.00,2
shenlu.me,0,2,30,2,1.00,0
jordanne.co,0,2,17,3,0.00,0
marcuscouch.com,0,1,17,1,2.00,0
beijerelectronics.com,0,1,706,1053,772.00,0
exness.help,0,1,1142,789,1653.00,0
apexdigital.ro,0,10,55,71,0.00,0
cyberproof.com,0,1,2554,1333,8715.00,1
netapp.com,0,10,42242,77047,314617.00,771
buzzflick.com,0,1,7298,4880,24724.00,0
fatcatapps.com,0,1,76,59,36.00,0
cesoft.com.au,0,1,110,122,180.00,0
fabricdigital.co.nz,0,1,1480,4178,2038.00,0
globalvoices.org,0,2,10453,13116,6599.00,0
ideadigital.agency,0,11,1994,669,2885.00,0
netwell.digital,0,1,43,0,0.00,0
significados.com,0,3,47317,36798,6828.00,0
askleo.com,0,66,43998,61014,63212.00,0
lucid.co,0,2,49204,229836,717586.00,2169
nedo.im,0,2,8,0,0.00,0
nexon.com,0,4,38233,220750,379779.00,58
whoisxmlapi.com,0,7,9070,13586,22246.00,50
wpcare.ai,0,5,1436,78,56.00,0
packagist.org,0,13,3264,4716,10502.00,0
agreatdream.com,0,1,705,2613,71.00,0
move2belong.com,0,1,704,243,270.00,0
abhishekkandel.com.np,0,1,12,0,0.00,0
mcpmarket.com,0,1,50089,13591,44035.00,0
ishir.com,0,2,2209,1534,28478.00,0
ionos.es,0,13,2098,4232,1753.00,0
gcore.com,0,39,14597,6046,8398.00,9
minifyjavascripttool.com,0,2,42,1,4.00,0
flaru.com,0,1,13961,138523,11405.00,0
remitly.com,0,3,502968,1946197,1801082.00,1176
novelvista.com,0,4,6045,2142,12139.00,0
likedin.io,0,1,8,18,0.00,0
westsideelectronics.com,0,1,160,176,162.00,0
syncthing.net,0,3,2975,21285,62620.00,0
scanqr.org,0,5,5481,83656,58697.00,0
fdot.gov,0,1,52369,203744,190885.00,0
planetargon.com,0,1,369,265,5332.00,0
minea.com,0,2,2700,4553,17625.00,5
computadorasylaptopsmonterrey.com,0,1,31,79,0.00,0
trackboxx.com,0,3,153,199,200.00,0
billerickson.net,0,6,280,120,92.00,0
wiredimpact.com,0,2,2204,1824,9921.00,17
gamingssh.com,0,1,63,16,22.00,0
hostpoint.ch,0,1,2140,716,2772.00,0
devjobs.at,0,1,177,112,83.00,0
quebit.com,0,1,563,1014,3562.00,0
eminenture.com,0,2,2857,3411,10521.00,0
softr.io,0,2,20905,40858,268921.00,67
capitainewp.io,0,12,73,23,63.00,0
commentsold.com,0,1,10803,24385,36441.00,6
castbulletassoc.org,0,2,3598,4360,307.00,0
solutionsquad.co.nz,0,1,581,849,554.00,0
idempiere.org,0,1,81,42,573.00,0
apps.wordpress.com,0,28,758,741,2771.00,0
anti.space,0,1,747,65,127.00,0
mrkwp.com,0,9,471,29,21.00,0
boulderinformationservices.com,0,1,2,3,0.00,0
tappaya.com,0,1,86,3,2.00,0
albertmoreno.dev,0,2,89,0,0.00,0
nust.na,0,8,3511,3155,305.00,0
joeyverlinden.com,0,1,312,79,113.00,0
kuberns.com,0,1,1016,884,8564.00,0
rates.fm,0,1,52235,10963,51105.00,0
bounteous.com,0,5,3504,3307,11317.00,0
imgs.jp,0,1,25,18,5.00,0
mobilemasr.com,0,7,4443,2863,830.00,0
jpgrm.com,0,1,336,917,556.00,0
nmu.edu,0,1,69663,175569,317752.00,0
war.gov,0,2,290967,1306806,1340152.00,0
casdoor.ai,0,1,31,25,84.00,0
electricimp.com,0,1,831,1188,1537.00,0
elevio.help,0,2,14195,16820,14258.00,0
nominalia.com,0,5,601,440,768.00,0
alokai.com,0,6,2693,4022,12533.00,0
gumloop.com,0,1,7783,131307,701891.00,4
mranftl.com,0,1,1805,1470,546.00,0
theorg.com,0,5,351107,114145,129427.00,0
askwoody.com,0,21,30560,36040,30005.00,0
barnesandnoble.com,0,3,1685493,8894619,1740633.00,2
wpjobboard.net,0,10,119,307,1049.00,0
hotscripts.com,0,1,483,265,265.00,0
strato.de,0,5,1281,2485,8066.00,6
librafire.com,0,2,11,0,0.00,0
aulaclic.es,0,2,214,38,3.00,0
cmoe.com,0,1,8133,5624,25202.00,0
2hatslogic.com,0,1,1318,40,150.00,0
bancomail.com,0,1,457,32,133.00,8
creativeyadley.com,0,1,67,1,0.00,0
scribehow.com,0,5,68614,92022,128689.00,0
angularminds.com,0,4,2433,505,1364.00,0
gartner.com,0,96,351311,845973,11885066.00,246
tasjeel.ae,0,3,516,747,2956.00,23
thepornguy.org,0,5,36572,779126,435007.00,0
alienroad.com,0,7,3032,398,371.00,0
3way.social,0,2,1898,459,2248.00,0
theotherconcept.be,0,1,7,0,0.00,0
sanechoice.cloud,0,1,59,1,0.00,0
wp-klok.se,0,1,2,0,0.00,0
costimizer.ai,0,1,627,39,122.00,0
mdn2.netlify.app,0,2,4186,432,148.00,0
fosterwebmarketing.com,0,1,1995,1539,19612.00,0
alfyi.com,0,9,163,16,10.00,0
techstaunch.com,0,1,643,129,32.00,0
linuxjournal.com,0,62,14481,15648,16252.00,0
pycryptodome.readthedocs.io,0,3,596,798,956.00,0
goodsync.com,0,1,1226,1949,13329.00,54
searchdesk.com,0,2,23,57,0.00,0
tableconvert.com,0,1,3499,9566,22710.00,0
tadserver.com,0,3,26,7,1.00,0
aliadomarketing.com,0,1,208,271,3104.00,0
websitedepot.com,0,1,4251,5950,78727.00,0
artbubbles.com,0,1,876,97,23.00,0
rutgers.edu,0,6,769711,2653868,4113699.00,50
matomo.org,0,21,9848,23746,111482.00,28
adlift.com,0,11,12609,1471,3408.00,0
rkrupnick.github.io,0,1,15,14,0.00,0
bloggingshethrives.com,0,1,28,1,0.00,0
parachictacademy.com.ng,0,21,477,89,408.00,0
canvasjs.com,0,1,1757,959,2090.00,0
ui.vision,0,3,1276,2884,26430.00,0
destacaimagen.com,0,7,119,51,25.00,0
bornoe.org,0,3,209,104,152.00,0
onzamarketing.com,0,1,86,150,43.00,0
vectorpea.com,0,1,609,8221,11344.00,0
wayground.com,0,1,278930,3763012,4924012.00,0
trabajarporelmundo.org,0,2,2651,543,255.00,0
openstatus.dev,0,4,1668,2268,9618.00,0
siteinspire.com,0,2,6696,27075,110108.00,0
northwestern.edu,0,6,570084,2451758,5892521.00,1568
flowtriq.com,0,1,323,75,627.00,0
jaarvis.com.au,0,1,247,29,16.00,0
smartcontract.sa,0,1,20,11,23.00,0
websitetracker.com,0,1,39,16,103.00,27
code-projects.org,0,1,442,101,133.00,0
johnpolacek.github.io,0,1,10,20,21.00,0
webyes.com,0,2,1196,344,514.00,14
nmsu.edu,0,4,146094,426069,634985.00,1
spaceship.com,0,99,16975,38153,150418.00,802
yoursiteneedsme.com,0,2,479,12,36.00,0
americommerce.com,0,2,8908,6059,23328.00,0
aubreyyung.com,0,1,814,47,44.00,0
msta.co.jp,0,1,126,2,0.00,0
codyhouse.co,0,3,1984,1792,499.00,0
smalljpg.org,0,1,1613,1733,1275.00,0
completeconnection.ca,0,1,3778,215,57.00,0
how2shout.com,0,6,43871,3019,3164.00,0
jermdavis.dev,0,9,43,48,11.00,0
winatalent.com,0,5,827,72,104.00,0
wpemaillog.com,0,4,1453,2811,90.00,0
cybercafe.dev,0,1,144,555,1397.00,0
netflix.com,0,14,5505411,93847280,117532879.00,2
creoline.com,0,1,1094,89,172.00,0
pathedits.com,0,1,3476,4898,25822.00,6
pcmag.com,0,443,2370669,5374389,16297191.00,861
t-position.com,0,1,192,195,636.00,0
goleadingit.com,0,10,4078,4568,16488.00,0
pacoruben.com,0,2,179,60,0.00,0
torguard.net,0,1,3411,10069,18947.00,15
zyxel.eu,0,1,625,451,246.00,0
ptolemay.com,0,19,1503,62784,915973.00,0
dnsai.com,0,1,436,41,63.00,3
emailvendorselection.com,0,116,15771,375455,7141052.00,0
leadpages.com,0,10,13913,22143,126482.00,123
hattenbergerpartner.de,0,1,10,8,0.00,0
global.com,0,1,3411,8890,19383.00,7
cloudamize.com,0,1,190,398,1527.00,0
softinventive.es,0,1,138,91,0.00,0
policecodes.net,0,1,7017,779,170.00,0
rioks.com,0,1,161,64,81.00,0
advertolearn.com,0,1,85,3,3.00,0
arabsstock.com,0,1,3504,1447,116.00,0
php-fig.org,0,1,205,512,68.00,0
digikestra.com,0,2,23,63,0.00,0
learnfree.org,0,2,5410,43615,95949.00,0
swissmediadesign.com,0,1,38,0,0.00,0
nolanlawson.com,0,3,1518,18485,32053.00,0
payjunction.com,0,5,4420,9976,47764.00,59
plantersplace.com,0,1,29450,45483,12626.00,0
undullify.com,0,1,770,357,911.00,0
testgorilla.com,0,5,25777,16792,70610.00,732
ourability.com,0,1,244,343,2935.00,0
servidoresadmin.com,0,1,27,18,6.00,0
cssfounder.com,0,27,1421,201,280.00,0
nextvision.mx,0,2,25,2,3.00,0
chromeunboxed.com,0,4,44014,22475,25258.00,0
smallpdf.com,0,18,162345,1201757,914676.00,3764
classcentral.com,0,11,154052,91220,407373.00,1
makevisionclear.com,0,1,418,0,0.00,0
importwp.com,0,1,79,7,42.00,0
brightcovegallery.com,0,1,5963,5392,8393.00,0
shoutex.com,0,2,536,38,433.00,0
uhcprovider.com,0,1,105421,777776,2782935.00,0
mmcartage.com,0,1,171,1038,1316.00,0
optimwise.com,0,1,317,63,19.00,0
gillianperkins.com,0,1,3633,130424,140699.00,0
phoenix.edu,0,22,155864,1531887,52478646.00,4203
icoderzsolutions.com,0,1,3585,295,2128.00,0
portotheme.com,0,2,7648,1993,3166.00,0
hidemyass.com,0,2,2641,25133,33502.00,0
cuinsight.com,0,1,40178,49817,117019.00,50
nevolearn.com,0,2,3842,308,1209.00,0
rocket.net,0,26,1403,2048,10960.00,0
rikkeisoft.com,0,1,2502,5049,21578.00,0
marketingmbs.com,0,1,811,267,1471.00,0
significa.co,0,2,344,377,819.00,0
createsend.com,0,1,575,274,2254.00,0
1883magazine.com,0,1,19031,16392,9443.00,0
totaljs.com,0,2,309,342,985.00,0
mcdpartners.com,0,1,148,171,44.00,0
realtimehtml.com,0,2,755,2596,10016.00,0
uneed.best,0,3,2268,3376,11106.00,0
evilmartians.com,0,14,1033,2695,3995.00,0
landingi.com,0,4,19856,56819,596302.00,3
nicenic.com,0,12,7616,2015,6210.00,0
obv.id,0,10,15,13,0.00,0
uschamber.com,0,10,247244,763761,4291434.00,16
wehaveservers.com,0,5,413,130,151.00,0
marketscreener.com,0,1,592019,547980,709643.00,0
pixeled.com,0,1,4,6,31.00,0
illinois.gov,0,6,1388175,5553943,9839907.00,0
booking-wp-plugin.com,0,10,722,705,2133.00,6
mediag.com,0,3,1421,1722,3317.00,0
whiteui.store,0,2,168,48,0.00,0
shastacollege.edu,0,2,6835,25076,12001.00,0
baserow.io,0,3,7912,39695,194805.00,0
bebic.dev,0,2,83,0,0.00,0
esq.com,0,1,173,11,0.00,13
facecheck.id,0,1,13724,90277,115720.00,0
smtpmaster.com,0,1,1035,46,184.00,0
greenfly.com,0,1,2247,4972,31264.00,0
eternitech.com,0,34,2609,2487,4513.00,0
brihaspatitech.com,0,2,1402,1119,6751.00,0
alphatech-inc.com,0,1,16,0,0.00,0
triggercmd.com,0,1,278,270,181.00,0
gitbooks.io,0,2,27063,6016,2620.00,0
virtualnerd.com,0,2,133071,65520,21854.00,0
cmich.edu,0,3,75028,277185,500647.00,0
cert.gov.py,0,1,30,24,3.00,0
webhostingcompare.com,0,1,177,11,42.00,0
toptal.com,0,60,78502,186162,1491112.00,3496
w3builders.com,0,1,3,0,0.00,0
techcultan.pages.dev,0,11,100,0,0.00,0
adjust.com,0,6,30965,96942,479353.00,60
expediten.se,0,1,183,36,0.00,0
technigo.io,0,3,383,509,1434.00,0
copyleaks.com,0,3,16968,645438,288066.00,9
milesit.com,0,1,5305,10591,142958.00,1536
ubports.com,0,4,2009,2775,2297.00,0
speechling.com,0,1,87741,122283,117803.00,291
typogram.co,0,1,1440,5950,6721.00,0
ckeditor.com,0,16,3662,12680,18232.00,49
journals.sagepub.com,0,3,339857,324615,404679.00,14
jdsteinbach.com,0,3,55,70,6.00,0
westart.se,0,1,8,0,0.00,0
analyticodigital.com,0,1,858,40,106.00,0
hadoseo.com,0,3,255,141,726.00,0
intronexus.com,0,3,67,10,14.00,0
retis.be,0,1,114,41,0.00,0
webmin.com,0,3,1175,1910,1655.00,0
autospf.com,0,4,3592,667,766.00,13
zendesk.com.mx,0,1,3220,1432,5438.00,1
exploit-db.com,0,27,6619,32389,92206.00,0
famousinfluencer.com,0,1,181,159,54.00,0
formget.com,0,1,2721,140,1014.00,0
frontenddogma.com,0,1,345,238,96.00,0
pageloot.com,0,2,9146,2052,1510.00,0
wpkiosk.com,0,1,144,1,3.00,0
webgaku.net,0,2,403,22,0.00,0
daverupert.com,0,2,570,1069,442.00,0
booleanblackbelt.com,0,1,398,472,1425.00,0
hostgator.mx,0,10,1504,455,943.00,2
freecash.com,0,7,30187,77466,141245.00,919
livestage.stream,0,1,38,91,1.00,0
scam-detector.com,0,2,82316,39655,32478.00,0
emich.edu,0,1,52854,153230,171571.00,23
bigdog.ie,0,4,20,0,0.00,0
openapps.pro,0,1,365,289,667.00,0
st.com,0,1,45766,119798,216734.00,64
tradly.app,0,4,537,379,2104.00,0
easy8.com,0,24,1103,631,4297.00,24
helpspot.com,0,5,4310,2719,42980.00,21
racksolutions.com,0,1,14722,45617,104739.00,131
example.com,0,4,1138,2035,3298.00,0
wpsmallfix.com,0,1,224,16,32.00,0
prepr.io,0,1,243,103,496.00,0
shoviv.com,0,27,12007,5831,6934.00,0
foodsafetycareers.org,0,1,1707,544,315.00,0
247mass.com,0,1,1166,1013,3061.00,0
trustdecision.com,0,1,2267,846,2067.00,0
sirlagz.net,0,1,41,6,0.00,0
blacksoc.com,0,4,38,31,15.00,0
devnet.hr,0,6,49,90,0.00,0
duncanjonesnz.com,0,1,51,12,52.00,0
depop.com,0,1,176434,1199942,307387.00,515
subinsb.com,0,2,333,105,167.00,0
guesty.com,0,2,10122,29699,247679.00,379
haurand.com,0,2,27,2,0.00,0
pdfpro.com,0,3,16051,9515,9990.00,83
storekit.pro,0,6,64,10,26.00,0
whoapi.com,0,8,2261,1878,6066.00,4
themarkup.org,0,1,2156,5736,25685.00,0
kaydee.net,0,67,1542,957,2549.00,0
mylittlewordland.com,0,1,19234,12491,1582.00,0
proteusthemes.com,0,13,179,29,47.00,0
macupdate.com,0,30,67489,128966,262844.00,0
minimalio.org,0,1,710,826,1354.00,0
locksy.dev,0,1,57,10,0.00,0
scaleflex.com,0,4,1491,550,4123.00,0
aisite.ai,0,1,34,7,60.00,0
rackset.com,0,10,972,85,220.00,0
openai.com,0,28,433844,10344343,32455118.00,0
meistertask.com,0,1,4559,14499,42014.00,19
thebackroomtech.com,0,12,760,10,0.00,0
claudioinacio.com,0,1,188,91,18.00,0
lastweekinaws.com,0,7,1362,2751,28765.00,0
sony.ie,0,1,7442,4557,1676.00,0
greatfrontend.com,0,8,2923,10230,18152.00,0
ablebits.com,0,4,166368,97160,31769.00,11
tinylevermarketing.com,0,1,2878,1309,7683.00,0
javarevisited.blogspot.com,0,2,6194,1492,2631.00,0
vitaminaweb.digital,0,1,7,0,0.00,0
01net.com,0,22,47062,53312,77322.00,0
theedigital.com,0,4,12043,6520,42905.00,9
themencode.com,0,6,143,18,15.00,0
roxybrowser.com,0,6,1942,4362,7528.00,0
smithtalkstech.com,0,1,8,1,0.00,0
above-quality.com,0,1,389,32,0.00,0
wpdev.one,0,1,6,7,0.00,0
adyen.com,0,5,18950,64644,412727.00,1851
fieldworkfacility.com,0,1,21,84,2.00,0
visitsteve.com,0,3,88,108,56.00,0
cleanstart.com,0,6,551,326,1374.00,0
futtta.be,0,3,22,4,0.00,0
letsdiskuss.com,0,2,18512,1816,397.00,0
careerexplorer.com,0,58,274218,249062,591509.00,0
webtribunal.net,0,1,2342,1884,17.00,0
awesome-workshop.github.io,0,7,91,9,0.00,0
xneelo.co.za,0,9,977,453,187.00,0
techicons.dev,0,2,1766,8613,3849.00,0
recoverytools.com,0,2,13569,3363,3585.00,0
dupple.com,0,1,9295,1292,4093.00,0
blueprintdigital.com,0,1,3062,3039,12934.00,1
varnish-software.com,0,2,1183,1652,3546.00,0
imd.org,0,2,39833,227184,513559.00,0
unc.edu,0,45,921614,3509033,6759822.00,58
opalstack.com,0,1,393,417,624.00,0
norton.com,0,102,272381,1240298,4225000.00,1951
endlessicons.com,0,1,188,1015,183.00,0
bakata.es,0,1,37,1,0.00,0
isil.pe,0,3,1695,3865,1493.00,0
westernu.edu,0,3,19832,57264,168832.00,0
farasib.com,0,1,390,275,0.00,0
seminarsonly.com,0,1,23829,11887,19016.00,0
coinmarketcap.com,0,2,333367,2833460,4064926.00,0
helloleads.io,0,1,6205,1973,4063.00,0
uteva-k.com,0,1,2,0,0.00,0
fanpage.it,0,1,19839,13235,2615.00,0
sbmarketingshowcase.com,0,1,5,0,0.00,0
ferret-one.com,0,2,434,288,15.00,0
fielding.edu,0,1,3663,16124,72997.00,60
tradeit.gg,0,10,30067,69153,40189.00,87
replanta.net,0,1,3,1,0.00,0
developer.wordpress.com,0,18,1954,352,1952.00,0
alternativeto.net,0,5,103344,61223,100946.00,0
myprestamodules.com,0,1,41,6,10.00,0
bigredjelly.com,0,10,1948,2217,7306.00,31
metabox.io,0,39,900,755,567.00,4
wpsites.net,0,13,509,34,18.00,0
profilepress.com,0,13,1523,251,489.00,3
wpbees.com,0,5,57,8,9.00,0
safedns.com,0,8,934,460,3766.00,0
lpcreativeco.com,0,1,444,193,1426.00,0
uiuxjobsboard.com,0,1,2878,18423,32451.00,0
juliocasal.com,0,5,124,23,120.00,0
aggregate.digital,0,1,591,147,190.00,0
python-basics-tutorial.readthedocs.io,0,1,959,482,186.00,0
rumahweb.com,0,17,938,2116,1678.00,0
jgwallis.github.io,0,1,41,25,0.00,0
ludwig.guru,0,31,900105,640227,494338.00,5
wordify.com,0,40,342,280,443.00,0
opensearch.org,0,1,5405,17517,36999.00,20
affiliatescookies.com,0,1,3,1,0.00,0
pixelbuddha.net,0,1,3663,4618,4287.00,0
zeusvpn.com,0,1,52,9,7.00,0
sarahwayte.com,0,1,716,5788,3150.00,0
filesamples.com,0,3,3094,1157,370.00,0
gamedeveloper.com,0,2,50736,83813,51345.00,0
cyberhoot.com,0,1,4491,2145,12684.00,5
checkpoint.com,0,53,79517,188413,1220294.00,520
roomsforrentblog.com,0,3,946,1151,352.00,0
saucelabs.com,0,2,4705,10927,39772.00,497
raiselysite.com,0,13,95552,35976,42164.00,0
hubspot.com,0,1396,651656,2298379,22996099.00,5175
nv5geospatialsoftware.com,0,2,4365,6642,5192.00,7
top-password.com,0,1,19554,5405,4805.00,0
ijavhd.com,0,3,41473,55276,12086.00,0
farmerbrown.com,0,1,7186,14970,235426.00,0
geryaal.nl,0,2,62,21,0.00,0
nindohost.ma,0,5,356,231,757.00,0
goodhearttech.org,0,2,930,45,117.00,0
calpoly.edu,0,14,165289,838334,862345.00,9
cogsci.nl,0,3,775,763,4849.00,0
cityhost.ua,0,2,1095,279,614.00,0
herohunt.ai,0,3,6457,4084,25401.00,0
freeparking.co.nz,0,1,122,101,64.00,0
testmyspeed.com,0,1,14026,416617,724619.00,0
lockself.com,0,1,133,157,7.00,0
unicloud.co,0,1,648,6,68.00,0
scresign.de,0,1,1,0,0.00,0
usergrowth.io,0,2,1151,15,21.00,0
whitewp.com,0,4,336,52,167.00,0
recordsfinder.com,0,4,94198,27956,18815.00,55
w3techs.com,0,53,7139,63594,29418.00,0
webtrainingwheels.com,0,31,347,361,77.00,0
minwt.com,0,1,610,114,0.00,0
nuvotex.de,0,3,74,48,0.00,0
hostgator.bo,0,4,26,2,9.00,0
code-block-pro.com,0,1,2,0,0.00,0
securly.com,0,23,18924,801341,1524843.00,147
buildertrend.com,0,3,13738,84040,1049473.00,364
nodejs.cn,0,2,2553,2975,1112.00,0
mailserverguru.com,0,1,469,21,54.00,0
mega417.com,0,1,19,34,24.00,0
envigo.co.in,0,1,404,45,271.00,0
exabytes.my,0,12,2501,1507,2401.00,0
morweb.org,0,1,1587,823,5903.00,0
chambermaster.com,0,2,214019,127378,140185.00,0
dayspringpens.com,0,1,9711,21946,17915.00,16
codesilver.in,0,1,168,300,79.00,0
computerperformance.co.uk,0,1,3495,742,166.00,0
pivitglobal.com,0,1,3596,1933,3716.00,0
2am.tech,0,1,1148,207,1069.00,0
blueswitch.com,0,1,221,538,2272.00,0
tadlaw.com,0,1,7197,24213,86520.00,0
neoscientia.com,0,1,13,18,0.00,0
flackbox.com,0,1,1171,1183,2076.00,0
mailinabox.email,0,1,1623,52001,76357.00,0
outlook-apps.com,0,15,1116,641,1630.00,0
floixagency.com,0,1,61,0,0.00,0
interglot.com,0,4,228264,206733,125925.00,0
websavers.ca,0,4,996,415,1311.00,1
uysys.com,0,5,267,14,18.00,0
ecommercevalley.com,0,1,89,1,0.00,0
wpfundingtoolkit.com,0,1,5,0,0.00,0
prolateral.com,0,3,468,50,54.00,0
seoaegis.com,0,1,204,78,216.00,0
saaspegasus.com,0,1,447,341,241.00,0
oclc.org,0,5,149485,175009,140714.00,0
directv.com,0,1,1400059,3840953,9360493.00,3595
onerep.com,0,1,23887,44929,103074.00,18
easytaxioffice.com,0,13,190,12,78.00,0
more4apps.com,0,1,359,93,1011.00,26
websitephysician.com,0,2,60,12,241.00,0
admonsters.com,0,2,1740,1227,3782.00,0
atomicdust.com,0,1,2236,2779,16492.00,0
w3schools.in,0,1,9767,4732,5844.00,0
brainkart.com,0,3,87825,8364,4665.00,0
marylumley.com,0,1,213,33,214.00,0
gigamonkeys.com,0,2,206,604,139.00,0
latimes.com,0,1,2442546,4975391,1772435.00,312
spinupwp.com,0,37,734,819,2374.00,0
exabytes.com,0,1,1419,1284,6373.00,2
dreamersofday.co,0,1,30,13,1.00,0
hostmaria.com,0,4,114,5,13.00,0
trackbackmedia.com,0,1,7,0,0.00,0
launchthedamnthing.com,0,13,3707,33057,358148.00,0
codingforentrepreneurs.com,0,1,555,72,99.00,0
zendesk.com,0,425,1218026,1719357,14283642.00,3208
yourbloggingmentor.com,0,1,99,30,8.00,0
cybersecurityventures.com,0,1,10795,30876,102725.00,0
increativeweb.com,0,6,661,6,15.00,0
cs161.org,0,5,1221,3557,244.00,0
hpi.de,0,1,1158,781,461.00,0
drewl.com,0,6,243,81,2.00,0
frontendundefined.com,0,2,120,124,84.00,0
ibusinesslender.com,0,5,12851,323,3150.00,0
tidbits.com,0,1,28827,67906,63740.00,0
whoer.net,0,3,8049,490828,1986547.00,0
publishing.blog,0,1,94,9,0.00,0
wisedigitalpartners.com,0,1,2553,6520,26396.00,0
byui-cse.github.io,0,1,264,150,64.00,0
twinkl.co.uk,0,1,118651,331416,108095.00,0
cibersafety.com,0,7,3110,376,391.00,0
talkwalker.com,0,1,9518,20069,149162.00,8
scrap.io,0,2,6145,5515,23729.00,0
imgtweak.com,0,5,709,381,262.00,0
meadowsmedia.com,0,1,2,0,0.00,0
editpadpro.com,0,2,170,231,156.00,0
abcnews.com,0,6,3297945,12214207,8162531.00,0
xranks.com,0,2,25900,70506,18989.00,0
gorillacorpwestcoast.com,0,1,19,0,0.00,0
variablefonts.dev,0,1,46,1,0.00,0
grcc.edu,0,18,24789,74615,181186.00,0
woofocus.com,0,1,19,0,0.00,0
bryanhogan.net,0,8,432,262,122.00,0
micropyramid.com,0,1,734,62,338.00,0
marketgoo.com,0,2,965,1552,6115.00,0
filen.io,0,1,339,17827,103690.00,0
ionos.at,0,3,296,535,224.00,0
fmgsuite.com,0,9,5680,10896,47809.00,168
httpguides.com,0,13,405,19,3.00,0
swifdoo.com,0,1,75745,4171,2898.00,0
surferseo.com,0,52,25692,31326,139490.00,107
digital.ink,0,11,1743,3573,32291.00,0
socialengine.com,0,3,1658,2146,5122.00,0
number1hosting.com,0,1,73,0,0.00,0
worldofzero.com,0,1,282,54,0.00,0
respondus.com,0,1,11791,71563,53949.00,0
human.marketing,0,5,1844,523,2543.00,1
aheadworks.com,0,1,2483,2194,2221.00,0
ithunter.co.uk,0,1,102,1,0.00,0
newisty.com,0,1,1690,42,0.00,0
rapidsslonline.com,0,48,3591,1415,3691.00,16
scottbolinger.com,0,4,24,0,0.00,0
websupport.se,0,1,335,296,1176.00,0
insiderone.com,0,8,15370,32436,249295.00,0
capconnect.com,0,59,1164,441,697.00,0
loveh.org,0,1,1630,3983,0.00,0
briteweb.com,0,38,759,269,625.00,0
depthjewelry.com,0,1,75,48,10.00,0
upress.io,0,14,252,61,110.00,0
arcgames.com,0,1,3917,26992,72091.00,0
w.org,0,13,87,165,1013.00,0
judithsteiner.tv,0,1,5,2,6.00,0
webshare.io,0,1,12169,59220,126037.00,73
pitt.edu,0,14,479445,1467968,2607163.00,279
semdeepdive.com,0,1,468,45,221.00,7
denso.com,0,1,6980,28420,8432.00,0
basarat.gitbook.io,0,7,406,132,7.00,0
utsa.edu,0,10,186997,741297,1343231.00,1
ohsheblogs.com,0,1,89,4,2.00,0
fmuser.net,0,1,2958,151,95.00,0
webstick.blog,0,2,2791,64,5.00,0
julianneaugust.com,0,2,103,5,8.00,0
dondominio.blog,0,1,20,5,3.00,0
roblox.com,0,19,1079894,17187451,3721269.00,804
sitea.se,0,2,371,137,11.00,4
mindbodyonline.com,0,4,398673,353895,2346108.00,240
brilliantdirectories.com,0,10,1960,3820,31330.00,127
fastwebhost.com,0,1,301,212,1913.00,0
active24.nl,0,1,48,0,0.00,0
accreteit.com,0,1,5,0,0.00,0
fossa.com,0,2,3256,6614,20638.00,1
iconlogovector.com,0,1,20040,4378,1484.00,0
grafxflow.co.uk,0,2,374,209,52.00,0
notfound.org,0,3,32,235,229.00,0
commission.europa.eu,0,1,21467,127212,155015.00,0
nelsonmullins.com,0,1,27748,60473,282768.00,0
portosrio.gov.br,0,1,144,163,15.00,0
eero.com,0,3,27561,137038,199022.00,1646
nx.dev,0,7,3245,11606,28412.00,0
abralytics.com,0,2,546,73,263.00,0
stephanieleary.com,0,1,83,540,2500.00,0
penguin-gym-linux.com,0,1,310,112,363.00,0
it-trend.jp,0,1,1836,933,243.00,0
sifthub.io,0,2,4912,2968,10520.00,0
fotoware.com,0,4,1173,651,2514.00,1
marketerslist.co,0,1,79,2,0.00,0
stakater.com,0,2,226,39,150.00,0
athens.edu,0,1,7287,26990,136523.00,0
chargebackgurus.com,0,3,9787,18127,52484.00,21
unir.net,0,30,24416,41614,82963.00,15
getunicorn.app,0,1,234,1307,122.00,0
optimum7.com,0,4,2682,1621,10224.00,4
madfingergames.com,0,2,277,1025,42.00,0
internshala.com,0,18,30832,32890,65168.00,0
ewebtoolz.com,0,1,120,0,0.00,0
cubecoders.com,0,3,3923,11941,20846.00,0
vrt.be,0,1,18774,19753,2153.00,0
recharge.com,0,5,49909,44866,42750.00,150
jasonsavard.com,0,1,161,240,528.00,0
treblle.com,0,1,1495,734,1708.00,0
tuckerellis.com,0,9,3548,4978,3572.00,0
themerex.net,0,5,1291,675,797.00,2
enom.com,0,4,1373,5110,21419.00,0
kochiva.com,0,2,4224,4290,6455.00,0
udel.edu,0,1,249004,649974,1054947.00,4
solopress.com,0,1,8056,10812,25881.00,0
charlotteseofirm.com,0,1,705,5766,45433.00,0
alertwise.net,0,1,58,2,0.00,0
sofontsy.com,0,2,11347,16481,5221.00,5
monkeytype.com,0,1,2819,1019715,126504.00,0
techwiser.com,0,7,168748,60104,23339.00,0
twitiq.com,0,1,2538,153,145.00,0
ferociousweb.com,0,1,5,0,0.00,0
bolt.com,0,10,4961,17173,62543.00,0
umich.edu,0,193,1236460,4147632,6058488.00,178
hidemywpghost.com,0,6,76,108,166.00,0
docsie.io,0,12,6742,12498,31489.00,1
magazineluiza.com.br,0,6,55592,211672,15439919.00,5
wxguy.in,0,1,5,4,0.00,0
kustit.se,0,1,4,6,0.00,0
pixelied.com,0,26,24700,46181,27885.00,0
stratus.earth,0,1,11,33,0.00,0
asylumpr.com,0,1,33,42,0.00,0
crosstek.co.uk,0,1,66,31,0.00,0
rockcontent.com,0,1,1245,913,360.00,0
supermicro.com,0,9,42313,100269,331083.00,386
captaindns.com,0,14,2806,7320,6473.00,0
gsarigiannidis.gr,0,1,12,14,0.00,0
copyrighted.com,0,8,2828,331,779.00,0
parakeet.io,0,2,235,322,773.00,0
versantus.co.uk,0,3,888,180,41.00,0
visualmodo.com,0,4,7681,337,581.00,0
editpad.org,0,2,33080,176346,76445.00,0
siberdizayn.com.tr,0,1,30,34,0.00,0
f60host.com,0,2,1553,374,1340.00,0
mainlinehealth.org,0,1,178820,416783,489958.00,16
pikwy.com,0,1,911,2169,2892.00,0
creativemarket.com,0,61,83151,171052,119024.00,248
foad.me.uk,0,1,48,8,3.00,0
windscribe.com,0,2,13784,146991,179001.00,0
pressbooks.pub,0,5,947580,900687,626302.00,0
bloggersonly.com,0,1,96,1,1.00,0
ihosting.mx,0,1,35,0,0.00,0
emojicombos.com,0,2,422429,1838046,353630.00,0
fenua-environnement.com,0,3,15282,713,3137.00,0
cpske.github.io,0,1,165,179,0.00,0
hazelcast.com,0,3,3743,13208,35548.00,3
searchscientists.com,0,14,1015,960,624.00,0
amazon.com,0,764,105806574,558332703,444821874.00,253075
introxl.com,0,1,407,28,11.00,0
utilizewp.com,0,1,396,1,5.00,0
sectigo.com,0,14,17233,40409,120525.00,301
udea.edu.co,0,1,2051,5106,3112.00,0
custhelp.com,0,9,177111,159151,244857.00,0
wacul-ai.com,0,1,519,214,0.00,0
clarkcomputerservices.com,0,1,482,2163,3768.00,0
bgp.tools,0,1,3901,7777,17492.00,0
writey.app,0,4,4784,19802,3910.00,0
accessnow.org,0,1,1581,4746,12626.00,0
buscalibre.us,0,1,21249,18505,4871.00,2
skey.uk,0,1,87,47,25.00,0
hyperwriteai.com,0,20,14023,15298,19952.00,22
state.nm.us,0,1,48171,171470,292523.00,0
state.co.us,0,3,382246,1909372,3654639.00,0
graphisoft.com,0,1,7521,11216,16415.00,65
flemmingss.com,0,5,243,82,58.00,0
instadm.ai,0,1,224,1611,3753.00,0
fullstackpython.com,0,17,1899,1604,4807.00,0
securemyemail.com,0,14,591,526,3458.00,0
thinkers360.com,0,2,2140,1260,2355.00,0
stuffbydavid.com,0,28,463,1062,179.00,0
hardwareluxx.de,0,1,2781,224,17.00,0
autodesk.com,0,27,409832,1391798,5783086.00,2730
artherapee.fr,0,1,8,1,0.00,0
zaphyrpro.com,0,2,963,698,3480.00,0
xvideos3.com,0,3,591087,3616448,5255669.00,0
sftpcloud.io,0,5,2478,1885,15550.00,1
thehoncho.app,0,1,4857,3482,1392.00,1
yaguara.co,0,33,3721,768,810.00,0
bugbug.io,0,4,3909,2423,10825.00,5
bricksandclicks.marketing,0,7,73,0,0.00,0
relativity.com,0,1,10666,18101,87150.00,47
clickrank.ai,0,17,13422,10146,25395.00,3
colocationamerica.com,0,11,13298,14015,25642.00,0
pgpro.com,0,1,7142,17931,23240.00,3
pasadena.edu,0,1,28456,249885,706694.00,0
jantegze.com,0,2,221,14,0.00,0
6smarketers.com,0,1,1223,647,3321.00,0
conversionbridgewp.com,0,4,143,8,48.00,0
firstpagesage.com,0,5,19793,58034,733432.00,0
crockford.com,0,1,364,273,223.00,0
developerdrive.com,0,1,759,4,0.00,0
bdaily.co.uk,0,3,1527,576,441.00,0
imagestool.com,0,1,4411,6737,3239.00,0
flozic.ai,0,6,13837,2252,14895.00,12
madhusona.github.io,0,1,14,0,0.00,0
xbox.com,0,3,1222287,11851619,4885362.00,466
reelgood.com,0,3,487909,205984,176771.00,0
kubiobuilder.com,0,33,596,315,1655.00,0
nirsoft.net,0,13,15338,31443,28343.00,0
clickcease.com,0,9,1892,6271,145084.00,23
fontfree.me,0,1,161,690,14.00,0
ustr.gov,0,1,42429,185604,172260.00,0
npgroup.net,0,1,898,450,2623.00,0
dataperk.com,0,5,1942,198,559.00,0
trustlock.co,0,1,69,82,180.00,0
wppourlesnuls.com,0,6,98,1,4.00,0
bestwordlist.com,0,1,442598,265325,6934.00,0
pinkdogdigital.com,0,1,737,181,9.00,0
vitabletech.in,0,1,27,1,0.00,0
extuitive.com,0,2,4291,1393,3536.00,0
couponaffiliates.com,0,2,403,224,312.00,4
xenrion.com,0,3,87,5,0.00,0
softwaredoit.es,0,3,1076,532,1260.00,0
secbot.com,0,4,64,67,54.00,0
vpnranks.com,0,2,13302,1146,1711.00,0
lendingtree.com,0,1,349314,642068,5891679.00,9191
flexa.cloud,0,1,673,272,1231.00,0
smartertools.com,0,3,2061,3676,9423.00,0
guru.co.uk,0,1,159,24,14.00,0
isotraining.uk,0,1,53,12,20.00,0
dallasriffle.com,0,1,138,16,0.00,0
linkypo.com,0,1,1,0,0.00,0
designsbytierney.com,0,1,94,33,20.00,0
anysecura.com,0,1,4315,24026,27698.00,0
svg.health,0,1,31,91,74.00,0
auncon.co.jp,0,1,215,48,0.00,0
unibo.it,0,50,18968,41357,57897.00,0
tiiips.com,0,1,2504,1622,761.00,0
xamsor.com,0,3,3647,6003,22025.00,0
nibusinessinfo.co.uk,0,62,15555,16245,74270.00,0
leads-technologies.com,0,9,1790,333,1055.00,0
freeporn.com,0,2,2103,47966,63758.00,0
codepath.org,0,3,5736,18875,39445.00,244
redirectchecker.com,0,77,579,375,498.00,0
cleanshot.com,0,2,2110,13395,13659.00,0
ny.gov,0,1,3735775,20913927,31776018.00,165
myheritage.com,0,1,517019,760227,332099.00,1149
greativesweb.design,0,4,55,319,0.00,0
poststatus.com,0,3,443,662,406.00,0
rocketlink.io,0,2,1088,404,679.00,0
richardhicks.com,0,1,1668,490,1538.00,0
kaopiz.com,0,3,1676,741,2601.00,0
vendr.com,0,3,25895,26048,320681.00,6
ncrc.org,0,14,7133,13902,27938.00,140
stream.security,0,6,1929,2586,3391.00,7
raiolanetworks.com,0,92,1001,2195,829.00,0
wobaka.com,0,7,625,816,1198.00,0
bgstack15.ddns.net,0,3,135,81,0.00,0
codingjourney.co.in,0,2,131,121,6.00,0
splunk.com,0,26,151643,443530,3288581.00,1193
ggtalentgroup.com,0,1,1959,5625,858.00,0
satori.marketing,0,3,381,749,44.00,0
vpsbg.eu,0,1,678,219,778.00,1
hedden-information.com,0,1,774,692,173.00,0
salesql.com,0,1,1203,1580,15896.00,3
sqlite.org,0,1,9945,38057,95882.00,0
rifleshootermag.com,0,1,35279,70948,2911.00,0
aiapply.co,0,2,14152,23041,49187.00,105
computerlanguage.com,0,1,17456,5992,8634.00,0
clerk.chat,0,4,37023,392668,61690.00,3
aeonfree.com,0,1,1270,1162,6908.00,0
dwao.in,0,1,1138,301,1682.00,0
visualcomposer.com,0,40,1034,858,1819.00,0
ping.fm,0,4,26965,15834,8473.00,0
herlitz.de,0,1,117,307,348.00,0
handmadeweb.com.au,0,10,111,35,219.00,0
gobarrelroll.com,0,1,80,0,0.00,45
cronyxdigital.com,0,11,2247,1659,9674.00,0
24timezones.com,0,8,1496641,8636813,970986.00,0
sendapp.live,0,1,1377,80,83.00,0
expressocompany.com,0,1,442,24,0.00,0
apilayer.com,0,1,3048,6125,23768.00,1
seoleaders.co.uk,0,7,771,20,0.00,0
unipi.it,0,3,5862,3804,796.00,0
prefixx.net,0,1,681,59,58.00,0
lubble.com,0,1,16,0,0.00,0
bellinghamwp.com,0,3,187,14,17.00,0
figpii.com,0,1,1440,448,2829.00,0
hiddendepth.ie,0,1,142,0,0.00,0
awajis.com,0,3,28416,7139,4923.00,0
dupinout.com,0,1,885,47,18.00,0
poppulo.com,0,6,6041,4852,47878.00,214
ingestlabs.com,0,1,1924,207,301.00,0
bryantdigitalphotography.com,0,1,19,19,0.00,0
afpe.pro,0,1,3,0,0.00,0
uwgb.edu,0,5,53053,118821,186946.00,0
linuxweb.co.za,0,1,45,0,0.00,0
primera.com,0,5,7864,33527,71764.00,12
marceldigital.com,0,5,5519,12631,113985.00,6
knowbe4.com,0,1,22075,119506,3413681.00,394
berify.com,0,63,3252,5078,4956.00,0
sitevalley.com,0,3,241,405,1001.00,0
whatsthehost.com,0,1,3010,87,409.00,0
yourimageshare.com,0,1,2182,611,623.00,0
startupstash.com,0,1,13541,6205,18366.00,0
adamlasnik.net,0,1,99,78,56.00,0
geek-aid.com,0,1,5559,5011,17188.00,0
hashthemes.com,0,8,730,27,60.00,0
sotatek.com,0,3,2045,473,2574.00,0
shortlister.com,0,1,151,106,1275.00,0
names.co.uk,0,13,2990,3079,9272.00,4
anyleads.com,0,6,24524,2263,10711.00,0
iamshishir.com,0,1,60,0,0.00,0
sanitizeemail.com,0,3,752,9,23.00,0
orangedox.com,0,1,595,240,2644.00,0
linko.app,0,7,245,6,0.00,0
wieistmeineip.de,0,1,535,5648,640.00,0
chathamil.gov,0,1,1441,5180,280.00,0
hostingformule.nl,0,1,9,0,0.00,0
flippa.com,0,32,26424,55245,89249.00,154
pseudocodigo.app,0,9,44,173,255.00,0
myrectoverso.com,0,1,8,0,0.00,0
codewithoutrules.com,0,1,79,64,13.00,0
elemento.cloud,0,1,98,37,130.00,0
1password.community,0,2,9660,6510,9361.00,0
mattermost.com,0,53,5794,18416,30186.00,107
zakratheme.com,0,2,196,48,167.00,0
wonkrew.com,0,3,1308,74,160.00,0
und.edu,0,1,107356,390798,1280980.00,64
codesnippets.pro,0,1,90,229,697.00,0
soapboxengage.com,0,14,4171,783,3368.00,0
onprintshop.com,0,4,3759,3729,14897.00,0
smallbusinesstoolbox.uk,0,2,100,19,23.00,0
nestproject.net,0,1,8,2,0.00,0
sinonimos.com,0,1,3943,486,283.00,0
divisioncarcare.com,0,1,113,350,950.00,0
chs.agency,0,1,432,147,833.00,0
laborator.co,0,1,712,31,36.00,0
mayboutik.com,0,1,83,2,0.00,0
greydsuite.com,0,2,122,18,63.00,0
rwu.edu,0,2,28359,97765,129263.00,0
metricfire.com,0,2,2018,537,1956.00,0
netforchoice.ae,0,4,172,77,122.00,0
dubb.com,0,4,1269,2825,17296.00,0
tabletmonkeys.com,0,2,14619,10240,530.00,0
centori.io,0,1,1102,199,890.00,0
autoshopsolutions.com,0,1,989,3597,24440.00,5
shopltk.com,0,1,115475,425733,170852.00,31
im4udma.com,0,1,602,53,203.00,0
shopify.dev,0,6,15956,33207,146294.00,0
reversely.ai,0,3,11494,89257,74686.00,0
outrightcrm.com,0,3,19859,236718,110166.00,0
transformuk.com,0,1,122,13,36.00,0
office365.us,0,1,3480,19642,10810.00,0
microfocus.com,0,28,33861,28855,73485.00,0
ipaddress.my,0,2,12391,137983,501771.00,0
createaprowebsite.com,0,2,810,312,1190.00,0
itsasap.com,0,4,13826,11711,115555.00,0
bitsrc.io,0,6,3123,1847,1130.00,0
jean-cathy.com,0,1,58,32,2.00,0
avigilon.com,0,3,41302,92819,634574.00,631
millermedia7.com,0,2,833,825,3727.00,0
exit1.dev,0,3,721,88,450.00,0
sumamovil.com.co,0,3,116,13,6.00,0
hubpages.com,0,1,1027445,468217,105904.00,0
sistrix.de,0,10,1284,874,1554.00,0
prepinsta.com,0,1,12397,2557,1216.00,0
ss64.com,0,37,21471,22597,20467.00,0
vteams.com,0,4,1900,3341,13473.00,0
swcarpentry.github.io,0,10,1081,1053,1032.00,0
alvarotrigo.com,0,1,20058,5582,1244.00,0
hesta.com.au,0,1,205,1099,2384.00,0
infront.com,0,3,2481,919,5185.00,0
kit.co,0,1,263,957,2356.00,0
madebyspeak.com,0,1,1653,1664,12678.00,1
sunleads.fr,0,1,10,1,0.00,0
minehut.com,0,1,13437,71715,54204.00,0
counselmore.com,0,1,1525,3289,7613.00,0
onlytech.com,0,1,2317,236,22.00,0
websults.com,0,2,386,352,1783.00,0
thephp.foundation,0,4,130,185,12.00,0
primefirms.co,0,1,3848,128,630.00,0
revenuejack.com,0,1,105,22,0.00,0
advaiya.com,0,2,1526,487,5995.00,0
katalon.com,0,9,10456,6204,25887.00,29
autozone.com,0,2,2359674,17302485,4975125.00,680
affinitynumerology.com,0,1,11491,10578,1762.00,0
authsmtp.com,0,4,199,173,1091.00,0
flutterflow.io,0,4,6266,29175,77413.00,26
f-droid.org,0,3,37595,139185,93750.00,0
flikta.com,0,15,1944,11316,8441.00,0
jetno.de,0,1,21,3,22.00,0
apptagsolution.com,0,1,338,26,66.00,0
informatix.es,0,1,39,12,0.00,0
hostsearch.com,0,4,2502,1149,4102.00,0
moha.gov.bd,0,3,1035,781,308.00,0
afthemes.com,0,6,221,75,281.00,0
yoseomarketing.com,0,4,1060,670,674.00,0
abilian.com,0,1,763,190,703.00,0
csanim.com,0,5,218,138,28.00,0
wordstream.com,0,112,107905,169851,900013.00,326
mta.info,0,1,651211,5795811,1192975.00,0
linuxservertutorials.blogspot.com,0,2,124,0,0.00,0
hevodata.com,0,13,18883,3346,18123.00,65
stlabsindia.com,0,1,11,1,0.00,0
xataka.com,0,48,64072,40121,44012.00,0
fusionfirearms.com,0,1,7397,29691,12062.00,0
myschoolhouse.in,0,1,213,38,1.00,0
zend.com,0,59,2373,5592,14972.00,29
knowledgeboat.com,0,1,29231,8525,205.00,0
freshegg.co.uk,0,5,1211,548,1063.00,0
roidesigns.co.uk,0,1,50,32,1.00,0
dirtbikechannel.com,0,1,335,1266,146.00,0
guillaumemolter.me,0,12,18,1,0.00,0
yiiframework.com,0,1,512,2035,6266.00,0
seagate.com,0,1,96389,297401,187948.00,51
pluginsuggest.com,0,1,120,19,21.00,0
peoplesmart.com,0,50,16384,139816,141288.00,1
getchannels.com,0,6,14068,20578,18517.00,0
r-co.jp,0,1,13,1,0.00,0
wisdomgeek.com,0,1,1000,1089,1865.00,0
kalibrr.id,0,1,384,157,342.00,0
usf.edu,0,5,623939,1609001,2567673.00,25
huggingface.co,0,11,300284,970677,1893113.00,0
troychamber.com,0,1,3868,5878,8536.00,0
cowboycollective.cc,0,2,71,647,398.00,0
hostm.com,0,2,362,42,43.00,0
magebees.com,0,1,656,24,13.00,0
