Domain,Domain ascore,kloudbean.com,kinsta.com,Matches
adobe.com,100,0,22,1
amazon.com,100,0,1,1
canva.com,100,0,1,1
github.com,100,0,127,1
google.com,100,0,17,1
indeed.com,100,0,2,1
microsoft.com,100,0,161,1
nih.gov,100,0,5,1
spotify.com,100,0,9,1
t.me,100,0,6,1
wikipedia.org,100,0,40,1
yahoo.co.jp,100,0,2,1
yandex.ru,100,0,113,1
medium.com,98,0,304,1
softonic.com,98,0,5,1
note.com,97,0,23,1
yandex.com,97,0,70,1
ca.gov,96,0,3,1
blog.naver.com,95,0,1,1
dailymail.co.uk,95,0,1,1
detik.com,95,0,1,1
discord.com,94,0,1,1
forbes.com,93,0,31,1
foxnews.com,93,0,1,1
ouest-france.fr,93,0,1,1
wikimedia.org,92,0,13,1
yandex.com.tr,91,0,56,1
mit.edu,90,0,1,1
cornell.edu,89,0,9,1
hp.com,89,0,6,1
mozilla.org,89,0,16,1
lefigaro.fr,88,0,1,1
noaa.gov,88,0,10,1
cbsnews.com,87,0,1,1
ea.com,87,0,4,1
semrush.com,87,0,13,1
stackexchange.com,87,0,3,1
wikihow.com,87,0,6,1
dailymail.com,86,0,1,1
ign.com,86,0,3,1
www.tumblr.com,86,0,2,1
xfinity.com,86,0,1,1
businessinsider.com,85,0,4,1
npr.org,85,0,2,1
nypost.com,85,0,1,1
shopify.com,85,0,185,1
abc.net.au,84,0,1,1
aljazeera.net,84,0,1,1
coursera.org,84,0,2,1
fnac.com,84,0,1,1
salesforce.com,84,0,9,1
sanook.com,84,0,1,1
washingtonpost.com,84,0,1,1
cloudflare.com,83,0,54,1
cnet.com,83,0,78,1
cosmopolitan.com,83,0,1,1
latimes.com,83,0,1,1
orange.fr,83,0,29,1
prtimes.jp,83,0,40,1
tokyo.lg.jp,83,0,739,1
unam.mx,83,0,2,1
cnnindonesia.com,82,0,1,1
elcomercio.pe,82,0,1,1
godaddy.com,82,0,22,1
howstuffworks.com,82,0,1,1
radiofrance.fr,82,0,2,1
wix.com,82,0,3,1
alibaba.com,81,0,9,1
gouv.qc.ca,81,0,8,1
iheart.com,81,0,6,1
mashable.com,81,0,2,1
pcmag.com,81,0,15,1
time.com,81,0,1,1
20minutos.es,80,0,4,1
berkeley.edu,80,0,8,1
chip.de,80,0,1,1
jimdofree.com,80,0,11,1
naukri.com,80,0,5,1
rbc.ru,80,0,2,1
zoom.com,80,0,13,1
consumerreports.org,79,0,1,1
sapo.pt,79,0,1,1
springer.com,79,0,14,1
zendesk.com,79,0,22,1
zoho.com,79,0,4,1
bbb.org,78,0,1,1
eluniversal.com.mx,78,0,1,1
familysearch.org,78,0,11,1
glassdoor.com,78,0,2,1
hubspot.com,78,0,86,1
ufl.edu,78,0,1,1
bit.ly,77,0,35,1
squareup.com,77,0,4,1
techtarget.com,77,0,1,1
theconversation.com,77,0,4,1
theupsstore.com,77,0,4,1
udemy.com,77,0,2,1
umich.edu,77,0,2,1
utexas.edu,77,0,2,1
wisc.edu,77,0,1,1
archiveofourown.org,76,0,1,1
autodesk.com,76,0,3,1
cuny.edu,76,0,90,1
fiverr.com,76,0,11,1
hostinger.com,76,0,19,1
intel.com,76,0,1,1
jiji.com,76,0,9,1
physio-pedia.com,76,0,2,1
r7.com,76,0,3,1
sudouest.fr,76,0,1,1
techradar.com,76,0,62,1
ucla.edu,76,0,2,1
usp.br,76,0,1,1
utah.edu,76,0,1,1
yale.edu,76,0,1,1
zapier.com,76,0,25,1
cisco.com,75,0,12,1
diamond.jp,75,0,1,1
dribbble.com,75,0,2,1
envato.com,75,0,4,1
globalnews.ca,75,0,1,1
gov.hu,75,0,3,1
hltv.org,75,0,1,1
huffpost.com,75,0,1,1
itmedia.co.jp,75,0,1,1
mailchimp.com,75,0,1,1
npmjs.com,75,0,1,1
sfr.fr,75,0,14,1
unc.edu,75,0,1,1
asu.edu,74,0,4,1
couponfollow.com,74,0,2,1
docker.com,74,0,14,1
forbesjapan.com,74,0,1,1
gofundme.com,74,0,3,1
jotform.com,74,0,39,1
oregonstate.edu,74,0,2,1
pikiran-rakyat.com,74,0,6,1
rd.com,74,0,1,1
upwork.com,74,0,8,1
vodafone.de,74,0,1,1
womenshealthmag.com,74,0,3,1
24.hu,73,0,1,1
ahrefs.com,73,0,38,1
arxiv.org,73,0,9,1
boredpanda.com,73,0,1,1
docusign.com,73,0,5,1
fortinet.com,73,0,45,1
fortune.com,73,0,1,1
goo.gl,73,0,1,1
mdpi.com,73,0,5,1
msi.com,73,0,1,1
namecheap.com,73,0,3,1
seekingalpha.com,73,0,1,1
semana.com,73,0,2,1
serasa.com.br,73,0,1,1
smallseotools.com,73,0,2,1
telekom.de,73,0,5,1
veed.io,73,0,1,1
wikiwiki.jp,73,0,1,1
wordpress.org,73,0,3345,1
ya.ru,73,0,203,1
zoominfo.com,73,0,6,1
arizona.edu,72,0,1,1
cybernews.com,72,0,3,1
hatena.ne.jp,72,0,32,1
mathworks.com,72,0,26,1
prnewswire.com,72,0,5,1
techcrunch.com,72,0,5,1
tv2.no,72,0,1,1
uga.edu,72,0,54,1
wikidot.com,72,0,12,1
wordpress.com,72,0,104,1
yell.com,72,0,1,1
acer.com,71,0,6,1
bu.edu,71,0,1,1
clubic.com,71,0,3,1
freee.co.jp,71,0,1,1
georgetown.edu,71,0,2,1
gizmodo.com,71,0,1,1
habr.com,71,0,93,1
ieee.org,71,0,2,1
kaspersky.com,71,0,3,1
knowyourmeme.com,71,0,1,1
malwarebytes.com,71,0,2,1
odoo.com,71,0,3,1
prensalibre.com,71,0,1,1
rogerebert.com,71,0,10,1
thomsonreuters.com,71,0,1,1
unity.com,71,0,2,1
vistaprint.com,71,0,2,1
vocal.media,71,0,15,1
wikibooks.org,71,0,5,1
bancolombia.com,70,0,1,1
byu.edu,70,0,3,1
foxbusiness.com,70,0,1,1
freecodecamp.org,70,0,15,1
frontiersin.org,70,0,2,1
geogebra.org,70,0,1,1
glints.com,70,0,10,1
gutefrage.net,70,0,3,1
jetbrains.com,70,0,10,1
kobe.lg.jp,70,0,12,1
liberation.fr,70,0,1,1
litfl.com,70,0,1,1
madrid.org,70,0,16,1
mcgill.ca,70,0,1,1
qiita.com,70,0,96,1
sports.ru,70,0,2,1
surveymonkey.com,70,0,2,1
team-bhp.com,70,0,1,1
techtudo.com.br,70,0,2,1
thedailybeast.com,70,0,1,1
tomshardware.com,70,0,3,1
tweakers.net,70,0,11,1
ubuntu.com,70,0,3,1
ufrj.br,70,0,5,1
weforum.org,70,0,2,1
crypto.com,69,0,32,1
dhgate.com,69,0,14,1
doctoralia.com.mx,69,0,1,1
khaleejtimes.com,69,0,1,1
mawdoo3.com,69,0,4,1
moodle.org,69,0,7,1
nos.pt,69,0,1,1
ptt.cc,69,0,4,1
razorpay.com,69,0,1,1
rocketreach.co,69,0,1,1
se.com,69,0,1,1
t-j.ru,69,0,1,1
telkomuniversity.ac.id,69,0,165,1
thestreet.com,69,0,4,1
uba.ar,69,0,6,1
ucsb.edu,69,0,4,1
arstechnica.com,68,0,5,1
buffer.com,68,0,4,1
cloudinary.com,68,0,3,1
dcard.tw,68,0,2,1
depositphotos.com,68,0,1,1
finanztip.de,68,0,1,1
gravatar.com,68,0,292,1
grokipedia.com,68,0,238,1
hku.hk,68,0,3,1
hotmart.com,68,0,9,1
lacity.gov,68,0,6,1
lastpass.com,68,0,1,1
lse.ac.uk,68,0,2,1
miraheze.org,68,0,2,1
ns.nl,68,0,1,1
qualtrics.com,68,0,3,1
surfshark.com,68,0,13,1
ted.com,68,0,1,1
twilio.com,68,0,3,1
vt.edu,68,0,1,1
waseda.jp,68,0,3,1
webex.com,68,0,2,1
aftenposten.no,67,0,2,1
amebaownd.com,67,0,1,1
apartmenttherapy.com,67,0,1,1
benzinga.com,67,0,1,1
capitalizemytitle.com,67,0,1,1
clickup.com,67,0,113,1
codecademy.com,67,0,2,1
domestika.org,67,0,2,1
gmu.edu,67,0,1,1
invideo.io,67,0,3,1
ionos.com,67,0,1,1
kpn.com,67,0,11,1
literotica.com,67,0,2,1
meetup.com,67,0,637,1
miami.edu,67,0,1,1
monday.com,67,0,1,1
openedition.org,67,0,1,1
phoenix.edu,67,0,4,1
postermywall.com,67,0,1,1
sfgate.com,67,0,7,1
telegram.me,67,0,34,1
tinyurl.com,67,0,2,1
uky.edu,67,0,1,1
voicemod.net,67,0,2,1
yorku.ca,67,0,3,1
advfn.com,66,0,1,1
brunch.co.kr,66,0,5,1
businesswire.com,66,0,4,1
cmoney.tw,66,0,1,1
digitalocean.com,66,0,2,1
ecured.cu,66,0,16,1
edx.org,66,0,5,1
esri.com,66,0,1,1
he.net,66,0,2,1
ismedia.jp,66,0,1,1
justice.gc.ca,66,0,1,1
koimoi.com,66,0,50,1
later.com,66,0,1,1
livechat.com,66,0,2,1
marketbeat.com,66,0,2,1
neocities.org,66,0,7,1
netgear.com,66,0,3,1
onvista.de,66,0,1,1
raspberrypi.com,66,0,2,1
scielo.org.mx,66,0,1,1
senac.br,66,0,1,1
steemit.com,66,0,14,1
taz.de,66,0,1,1
thethaiger.com,66,0,1,1
unir.net,66,0,1,1
vikidia.org,66,0,4,1
vodafone.co.uk,66,0,1,1
xsrv.jp,66,0,1,1
znanierussia.ru,66,0,2,1
1password.com,65,0,2,1
bio.site,65,0,1,1
calameo.com,65,0,42,1
caradisiac.com,65,0,3,1
dnschecker.org,65,0,1,1
forocoches.com,65,0,10,1
futura-sciences.com,65,0,1,1
hackerrank.com,65,0,1,1
iledefrance-mobilites.fr,65,0,1,1
macrumors.com,65,0,6,1
mediapart.fr,65,0,3,1
moz.com,65,0,25,1
netlify.com,65,0,1,1
pressbooks.pub,65,0,7,1
printful.com,65,0,2,1
printify.com,65,0,2,1
public.fr,65,0,1,1
qr-code-generator.com,65,0,16,1
renderforest.com,65,0,1,1
sortiraparis.com,65,0,11,1
teamblind.com,65,0,3,1
three.co.uk,65,0,45,1
udg.mx,65,0,1,1
uschamber.com,65,0,2,1
venngage.com,65,0,1,1
w3techs.com,65,0,2,1
wustl.edu,65,0,1,1
1111.com.tw,64,0,1,1
builtin.com,64,0,6,1
eset.com,64,0,3,1
home.blog,64,0,206,1
ksl.com,64,0,2,1
kuleuven.be,64,0,1,1
mentalfloss.com,64,0,2,1
merdeka.com,64,0,3,1
n26.com,64,0,9,1
news.am,64,0,1,1
numerama.com,64,0,1,1
replit.com,64,0,35,1
tecmundo.com.br,64,0,1,1
thehartford.com,64,0,4,1
ua.edu,64,0,1,1
unlp.edu.ar,64,0,2,1
vocus.cc,64,0,6,1
99designs.com,63,0,1,1
adevarul.ro,63,0,1,1
anhanguera.com,63,0,1,1
ascii.jp,63,0,16,1
beincrypto.com,63,0,2,1
cell.com,63,0,1,1
gocardless.com,63,0,2,1
goodwill.org,63,0,6,1
howtogeek.com,63,0,1,1
memuplay.com,63,0,1,1
navarra.es,63,0,4,1
ntpc.edu.tw,63,0,1,1
one.com,63,0,1,1
popsci.com,63,0,1,1
pucp.edu.pe,63,0,1,1
qz.com,63,0,4,1
splunk.com,63,0,1,1
swisscom.ch,63,0,8,1
wantedly.com,63,0,1,1
waveapps.com,63,0,1,1
welcometothejungle.com,63,0,14,1
wikiversity.org,63,0,2,1
woocommerce.com,63,0,26,1
anghami.com,62,0,1,1
awwwards.com,62,0,103,1
birdeye.com,62,0,1,1
centurylink.com,62,0,1,1
creativebloq.com,62,0,2,1
drupal.org,62,0,3,1
englishclub.com,62,0,1,1
entrepreneur.com,62,0,17,1
gameforge.com,62,0,1,1
hitched.co.uk,62,0,1,1
ipleaders.in,62,0,14,1
meetsmore.com,62,0,1,1
notepad-plus-plus.org,62,0,1,1
ou.edu,62,0,1,1
ozbargain.com.au,62,0,1,1
prowritingaid.com,62,0,1,1
setmore.com,62,0,1,1
shorturl.at,62,0,3,1
techspot.com,62,0,1,1
tulane.edu,62,0,6,1
uaeh.edu.mx,62,0,1,1
up.ac.za,62,0,1,1
us.es,62,0,1,1
visme.co,62,0,3,1
wykop.pl,62,0,8,1
biologyonline.com,61,0,1,1
brew.sh,61,0,1,1
commentcamarche.net,61,0,111,1
contentmarketinginstitute.com,61,0,2,1
creditonebank.com,61,0,1,1
flexjobs.com,61,0,2,1
ibtimes.co.uk,61,0,1,1
lalibre.be,61,0,1,1
livedoor.blog,61,0,1,1
nurse.org,61,0,1,1
pitchbook.com,61,0,1,1
plannthat.com,61,0,2,1
simplycodes.com,61,0,2,1
totalenergies.com,61,0,2,1
typeform.com,61,0,2,1
vergleich.org,61,0,2,1
wikinews.org,61,0,6,1
zdnet.com,61,0,80,1
zenn.dev,61,0,147,1
aafa.org,60,0,6,1
acm.org,60,0,2,1
bakeca.it,60,0,1,1
blogdumoderateur.com,60,0,1,1
broadcom.com,60,0,2,1
db.com,60,0,1,1
elektroda.pl,60,0,2,1
futurelearn.com,60,0,1,1
govdelivery.com,60,0,1,1
harpercollins.com,60,0,6,1
houstonchronicle.com,60,0,1,1
laopinion.com,60,0,1,1
lifewire.com,60,0,2,1
nar.realtor,60,0,1,1
neilpatel.com,60,0,127,1
odido.nl,60,0,5,1
oreilly.com,60,0,1,1
qlik.com,60,0,2,1
redflagdeals.com,60,0,3,1
searchengineland.com,60,0,17,1
sproutsocial.com,60,0,1,1
tecnm.mx,60,0,2,1
toptal.com,60,0,2,1
alura.com.br,59,0,19,1
apachefriends.org,59,0,83,1
automobile-propre.com,59,0,1,1
bridgebase.com,59,0,14,1
designrush.com,59,0,6,1
eclipse.org,59,0,3,1
firesticktricks.com,59,0,2,1
freshdesk.com,59,0,48,1
girlschannel.net,59,0,1,1
inc.com,59,0,2,1
internshala.com,59,0,2,1
kinsta.com,59,0,145,1
lalamove.com,59,0,1,1
latribune.fr,59,0,5,1
movavi.com,59,0,2,1
mynorthwest.com,59,0,18,1
nationaleczema.org,59,0,6,1
proactiveinvestors.co.uk,59,0,1,1
publer.com,59,0,16,1
pucrs.br,59,0,4,1
restream.io,59,0,1,1
rosario3.com,59,0,1,1
seeklogo.com,59,0,1,1
seranking.com,59,0,6,1
simplilearn.com,59,0,2,1
skyward.com,59,0,1,1
acast.com,58,0,1,1
activecampaign.com,58,0,8,1
ajc.com,58,0,2,1
buzzsprout.com,58,0,9,1
dutchie.com,58,0,1,1
earthday.org,58,0,39,1
elimparcial.com,58,0,1,1
fu-berlin.de,58,0,11,1
fujitsu.com,58,0,3,1
hondacengkareng.com,58,0,2,1
kci.go.kr,58,0,1,1
makeuseof.com,58,0,11,1
mindful.org,58,0,2,1
motors.co.uk,58,0,6,1
nairaland.com,58,0,3,1
plarium.com,58,0,2,1
pttweb.cc,58,0,1,1
raisin.com,58,0,1,1
rwth-aachen.de,58,0,2,1
scam-detector.com,58,0,1,1
searchenginejournal.com,58,0,35,1
secondlife.com,58,0,1,1
shrm.org,58,0,1,1
sld.cu,58,0,6,1
softonic-id.com,58,0,1,1
tokyvideo.com,58,0,1,1
wikiwand.com,58,0,9,1
akamai.com,57,0,1,1
best-hit.tv,57,0,1,1
bleepingcomputer.com,57,0,23,1
brevo.com,57,0,9,1
clutch.co,57,0,2,1
deseret.com,57,0,1,1
developpement-durable.gouv.fr,57,0,1,1
domainesia.com,57,0,4,1
freelancer.com,57,0,1,1
gate.com,57,0,1,1
goodcall.com,57,0,7,1
hubpages.com,57,0,2,1
internxt.com,57,0,1,1
invezz.com,57,0,6,1
itprotoday.com,57,0,1,1
kidzania.com,57,0,4,1
ktvq.com,57,0,1,1
mcmaster.ca,57,0,1,1
movistar.com.pe,57,0,3,1
mtb-news.de,57,0,1,1
name.com,57,0,1,1
newrelic.com,57,0,14,1
phonandroid.com,57,0,1,1
pipedrive.com,57,0,2,1
softwaresuggest.com,57,0,4,1
spidersweb.pl,57,0,1,1
technopat.net,57,0,3,1
thaiware.com,57,0,5,1
themeforest.net,57,0,1,1
veiliginternetten.nl,57,0,1,1
winzip.com,57,0,6,1
wvu.edu,57,0,1,1
yoast.com,57,0,2,1
11alive.com,56,0,1,1
agendadigitale.eu,56,0,2,1
aip.org,56,0,1,1
ajnet.me,56,0,1,1
allconnect.com,56,0,5,1
amazonaws.com,56,0,29,1
bizjournals.com,56,0,1,1
bluehost.com,56,0,28,1
bonfire.com,56,0,2,1
computerworld.com,56,0,1,1
degruyterbrill.com,56,0,1,1
digitaltrends.com,56,0,1,1
edarabia.com,56,0,1,1
elementor.com,56,0,91,1
expansion.mx,56,0,1,1
f-secure.com,56,0,1,1
freshworks.com,56,0,1,1
gallaudet.edu,56,0,28,1
health.vic.gov.au,56,0,4,1
heroku.com,56,0,5,1
it-trend.jp,56,0,4,1
klaviyo.com,56,0,2,1
komen.org,56,0,2,1
ksdk.com,56,0,1,1
lihkg.com,56,0,1,1
logrocket.com,56,0,2,1
manageengine.com,56,0,1,1
safetydetectives.com,56,0,1,1
seoptimer.com,56,0,100,1
shitaraba.net,56,0,2,1
slashdot.org,56,0,4,1
slazzer.com,56,0,1,1
socialmediatoday.com,56,0,2,1
sololearn.com,56,0,3,1
sosh.fr,56,0,1,1
swagbucks.com,56,0,1,1
theregister.com,56,0,3,1
uce.edu.ec,56,0,41,1
uoc.edu,56,0,5,1
wave.video,56,0,17,1
xatakamovil.com,56,0,2,1
xda-developers.com,56,0,2,1
zimbra.com,56,0,1,1
zippia.com,56,0,5,1
accurate.id,55,0,1,1
alibabacloud.com,55,0,2,1
appbank.net,55,0,5,1
atlassian.net,55,0,205,1
au.dk,55,0,1,1
auth0.com,55,0,3,1
beehiiv.com,55,0,59,1
bustle.com,55,0,1,1
byggahus.se,55,0,1,1
contactout.com,55,0,1,1
dal.ca,55,0,3,1
dobreprogramy.pl,55,0,1,1
fastcompany.com,55,0,9,1
forbes.es,55,0,1,1
gitbook.io,55,0,60,1
gumroad.com,55,0,2,1
hardwarezone.com.sg,55,0,1,1
hercampus.com,55,0,4,1
htc.com,55,0,1,1
example.help,55,0,4,1
itreview.jp,55,0,3,1
jdsupra.com,55,0,1,1
kickresume.com,55,0,1,1
klikpajak.id,55,0,3,1
levels.fyi,55,0,1,1
logo.com,55,0,1,1
opensource.com,55,0,1,1
podbean.com,55,0,1,1
port.ac.uk,55,0,1,1
proxmox.com,55,0,1,1
pucsp.br,55,0,2,1
ryte.com,55,0,3,1
sapling.ai,55,0,1,1
saturdaydownsouth.com,55,0,48,1
serif.com,55,0,2,1
sitepoint.com,55,0,42,1
soundguys.com,55,0,1,1
suomi24.fi,55,0,1,1
techrepublic.com,55,0,6,1
ts2.tech,55,0,3,1
tutsplus.com,55,0,41,1
uxdesign.cc,55,0,2,1
vodafone.gr,55,0,2,1
workana.com,55,0,8,1
aniworld.to,54,0,2,1
arizonasports.com,54,0,8,1
backlinko.com,54,0,4,1
clickbank.com,54,0,8,1
coda.io,54,0,3,1
csdn.net,54,0,2149,1
cvut.cz,54,0,6,1
cybozu.co.jp,54,0,1,1
denversports.com,54,0,2,1
discuss.com.hk,54,0,14,1
elliott.org,54,0,48,1
explodingtopics.com,54,0,7,1
fangraphs.com,54,0,60,1
fortunebusinessinsights.com,54,0,8,1
francenum.gouv.fr,54,0,1,1
getmailbird.com,54,0,71,1
getresponse.com,54,0,6,1
gigazine.net,54,0,14,1
gostudent.org,54,0,1,1
gtmetrix.com,54,0,2,1
harpersbazaar.com.au,54,0,2,1
hubspot.es,54,0,11,1
hunter.io,54,0,4,1
influencermarketinghub.com,54,0,2,1
infoclimat.fr,54,0,1,1
insidermonkey.com,54,0,2,1
ixbt.com,54,0,1,1
joomla.org,54,0,1,1
jpf.go.jp,54,0,6,1
keycdn.com,54,0,14,1
kisskiss.it,54,0,2,1
kit.com,54,0,7,1
lambdatest.com,54,0,3,1
linustechtips.com,54,0,6,1
linux.org,54,0,2,1
mailerlite.com,54,0,6,1
meridiano.net,54,0,1,1
money.com,54,0,1,1
news5cleveland.com,54,0,1,1
nikkan.co.jp,54,0,40,1
openclassrooms.com,54,0,1,1
oxfam.org,54,0,3,1
page.link,54,0,1,1
pandasecurity.com,54,0,2,1
pingdom.com,54,0,1,1
podchaser.com,54,0,1,1
producthunt.com,54,0,12,1
pulzo.com,54,0,1,1
rb.gy,54,0,1,1
remote.co,54,0,1,1
siteimprove.com,54,0,1,1
snappa.com,54,0,1,1
sparklight.com,54,0,1,1
tci-thaijo.org,54,0,3,1
thedrum.com,54,0,1,1
trustindex.io,54,0,2,1
uab.cat,54,0,1,1
unige.ch,54,0,1,1
univ-lyon1.fr,54,0,2,1
unizar.es,54,0,8,1
vuejs.org,54,0,8,1
weworkremotely.com,54,0,8,1
wm.edu,54,0,1,1
xataka.com.mx,54,0,2,1
accio.com,53,0,113,1
almrsal.com,53,0,2,1
applesfera.com,53,0,1,1
appsumo.com,53,0,1,1
artfinder.com,53,0,1,1
baeldung.com,53,0,1,1
bigcommerce.com,53,0,4,1
brafton.com,53,0,1,1
canvaslms.com,53,0,5,1
clay.com,53,0,4,1
codecanyon.net,53,0,2,1
contentsquare.com,53,0,1,1
cyclowiki.org,53,0,2,1
emclient.com,53,0,16,1
fashionbeans.com,53,0,18,1
fontsinuse.com,53,0,3,1
forbesindia.com,53,0,1,1
fribourg.ch,53,0,8,1
gearjunkie.com,53,0,6,1
getjobber.com,53,0,1,1
globalsign.com,53,0,2,1
gmac.com,53,0,3,1
gridinsoft.com,53,0,6,1
howsweeteats.com,53,0,2,1
hubstaff.com,53,0,1,1
hypotheses.org,53,0,77,1
insidehighered.com,53,0,1,1
ionos.co.uk,53,0,1,1
jobscan.co,53,0,1,1
melmagazine.com,53,0,1,1
museumofplay.org,53,0,2,1
notebookcheck.net,53,0,1,1
oclc.org,53,0,2,1
pingidentity.com,53,0,1,1
plainenglish.io,53,0,7,1
platinumlist.net,53,0,4,1
prospeo.io,53,0,3,1
remessaonline.com.br,53,0,4,1
selfdecode.com,53,0,10,1
seroundtable.com,53,0,6,1
simplecast.com,53,0,5,1
simplybook.me,53,0,5,1
sitechecker.pro,53,0,35,1
sitescorechecker.com,53,0,4,1
sprinklr.com,53,0,1,1
teachable.com,53,0,2,1
telerik.com,53,0,2,1
thinkific.com,53,0,2,1
tmj4.com,53,0,1,1
towardsdatascience.com,53,0,2,1
tryhackme.com,53,0,4,1
uc.pt,53,0,2,1
ufsm.br,53,0,4,1
uni-due.de,53,0,2,1
unige.it,53,0,6,1
upc.edu,53,0,2,1
vodafone.com,53,0,4,1
vonage.com,53,0,1,1
vpnoverview.com,53,0,1,1
werder.de,53,0,1,1
adressa.no,52,0,2,1
aliyun.com,52,0,3,1
alternativeto.net,52,0,2,1
analyticsinsight.net,52,0,2,1
apollo.io,52,0,4,1
associatedbank.com,52,0,1,1
astrostyle.com,52,0,2,1
boisestate.edu,52,0,1,1
businessinsider.es,52,0,1,1
c40.org,52,0,14,1
clio.com,52,0,1,1
cloudwards.net,52,0,118,1
comparably.com,52,0,2,1
cpanel.net,52,0,6,1
eastcl.com,52,0,6,1
emnuvens.com.br,52,0,2,1
focus-economics.com,52,0,4,1
fortec.org.br,52,0,5,1
grasshopper.com,52,0,2,1
grupoanimal.mx,52,0,1,1
guru99.com,52,0,126,1
hackertyper.net,52,0,14,1
kob.com,52,0,1,1
kpbs.org,52,0,1,1
linode.com,52,0,7,1
lnk.bio,52,0,2,1
logmein.com,52,0,1,1
mn2s.com,52,0,2,1
myob.com,52,0,3,1
phuket101.net,52,0,4,1
poddtoppen.se,52,0,4,1
privateinternetaccess.com,52,0,2,1
pucv.cl,52,0,4,1
qr.io,52,0,1,1
ramp.com,52,0,1,1
reclaim.ai,52,0,2,1
scienceofpeople.com,52,0,13,1
screamingfrog.co.uk,52,0,1,1
sejuku.net,52,0,2,1
seonews.ru,52,0,4,1
slotslaunch.com,52,0,1,1
smartinsights.com,52,0,1,1
smashingmagazine.com,52,0,60,1
softonic.ru,52,0,1,1
somfy.fr,52,0,1,1
stan.store,52,0,1,1
teamdynamix.com,52,0,24,1
teknokrat.ac.id,52,0,5,1
theriver.jp,52,0,4,1
thriveagency.com,52,0,1,1
univ-lorraine.fr,52,0,1,1
voices.com,52,0,1,1
wccftech.com,52,0,2,1
webfx.com,52,0,11,1
wgbh.org,52,0,1,1
yourstory.com,52,0,3,1
androidheadlines.com,51,0,1,1
aspicjapan.org,51,0,1,1
atanet.org,51,0,6,1
bokt.nl,51,0,1,1
chinaz.com,51,0,2,1
cloudways.com,51,0,5,1
cutt.ly,51,0,4,1
cyberclick.es,51,0,2,1
datascientest.com,51,0,1,1
doublethedonation.com,51,0,2,1
dyslexiaida.org,51,0,6,1
ebaconline.com.br,51,0,1,1
elevenforum.com,51,0,4,1
expressandstar.com,51,0,2,1
fastly.com,51,0,9,1
franklloydwright.org,51,0,6,1
fvn.no,51,0,1,1
hubspot.fr,51,0,1,1
iebschool.com,51,0,3,1
independent.com,51,0,4,1
iplocation.net,51,0,3,1
ithome.com.tw,51,0,2,1
jaroflemons.com,51,0,1,1
kubg.edu.ua,51,0,2,1
lancers.jp,51,0,1,1
mailjet.com,51,0,5,1
mention.com,51,0,1,1
moviezine.se,51,0,12,1
mydukaan.io,51,0,1,1
nabp.pharmacy,51,0,10,1
napoleoncat.com,51,0,1,1
networkworld.com,51,0,2,1
omnisend.com,51,0,24,1
orbitmedia.com,51,0,1,1
pathsocial.com,51,0,14,1
paycheckcity.com,51,0,2,1
personio.com,51,0,1,1
pressherald.com,51,0,1,1
promo.com,51,0,2,1
randstadusa.com,51,0,1,1
rbbtoday.com,51,0,9,1
rss.com,51,0,4,1
shadow.tech,51,0,2,1
shalom.com.pe,51,0,1,1
storage.googleapis.com,51,0,2,1
sucuri.net,51,0,6,1
systeme.io,51,0,75,1
thecable.ng,51,0,1,1
theorg.com,51,0,2,1
ubuntu-fr.org,51,0,3,1
uipath.com,51,0,5,1
ultimasnoticias.com.ve,51,0,8,1
unideb.hu,51,0,1,1
uniroma3.it,51,0,1,1
upguard.com,51,0,1,1
ut.ee,51,0,6,1
vi.gov,51,0,2,1
webnode.com,51,0,1,1
zety.com,51,0,4,1
accessibe.com,50,0,1,1
acquia.com,50,0,10,1
aha.io,50,0,1,1
anfieldindex.com,50,0,58,1
antyweb.pl,50,0,1,1
apowersoft.com,50,0,1,1
blastmail.jp,50,0,1,1
boards.ie,50,0,3,1
bt.no,50,0,2,1
careerkarma.com,50,0,2,1
ccc.edu,50,0,4,1
cio.com,50,0,1,1
colorlib.com,50,0,30,1
comparitech.com,50,0,1,1
crisp.chat,50,0,1,1
crosslanguage.co.jp,50,0,1,1
ctstate.edu,50,0,1,1
darkreading.com,50,0,1,1
digiday.com,50,0,2,1
easytoys.nl,50,0,3,1
elprogreso.es,50,0,1,1
f1mania.net,50,0,10,1
fortra.com,50,0,1,1
glam.com,50,0,1,1
goodfirms.co,50,0,7,1
grandlyon.com,50,0,1,1
helpscout.com,50,0,1,1
hubspot.de,50,0,4,1
icb.nhs.uk,50,0,4,1
itpro.com,50,0,3,1
janegoodall.org,50,0,6,1
jekyllisland.com,50,0,2,1
knoji.com,50,0,3,1
krisp.ai,50,0,1,1
libsyn.com,50,0,11,1
lionsroar.com,50,0,4,1
liveplan.com,50,0,1,1
lto.de,50,0,2,1
mangools.com,50,0,4,1
meltwater.com,50,0,2,1
mountain.com,50,0,1,1
mybroadband.co.za,50,0,5,1
mypos.com,50,0,1,1
oberlo.com,50,0,2,1
okwave.jp,50,0,2,1
on24.com,50,0,156,1
pantheon.io,50,0,17,1
pega.com,50,0,2,1
player.fm,50,0,5,1
proofed.com,50,0,2,1
rankedboost.com,50,0,1,1
rankia.com,50,0,1,1
rankmath.com,50,0,29,1
remote.com,50,0,5,1
repost.aws,50,0,7,1
ryder.com,50,0,3,1
sempire.pl,50,0,2,1
senescyt.gob.ec,50,0,2,1
seositecheckup.com,50,0,14,1
sevdesk.de,50,0,1,1
shiftdelete.net,50,0,1,1
shipbob.com,50,0,3,1
skywork.ai,50,0,2,1
slides.com,50,0,19,1
smartworld.it,50,0,1,1
softpedia.com,50,0,3,1
sostav.ru,50,0,1,1
sportsbettingdime.com,50,0,18,1
stylist.co.uk,50,0,1,1
surferseo.com,50,0,2,1
taboola.com,50,0,6,1
techtimes.com,50,0,3,1
thoughtworks.com,50,0,14,1
trusted.de,50,0,1,1
ubuntuusers.de,50,0,2,1
uminho.pt,50,0,2,1
unclaimed.org,50,0,6,1
vite.dev,50,0,9,1
vitonica.com,50,0,2,1
vodafone.ie,50,0,3,1
vts.com,50,0,4,1
wienenergie.at,50,0,18,1
wnyc.org,50,0,1,1
wp-rocket.me,50,0,47,1
wpengine.com,50,0,5,1
wpforms.com,50,0,96,1
xrea.com,50,0,13,1
z.com,50,0,2,1
10news.com,49,0,1,1
acsm.org,49,0,2,1
aftenbladet.no,49,0,2,1
aioseo.com,49,0,10,1
aiu.edu,49,0,2,1
astro.build,49,0,67,1
awin.com,49,0,3,1
boingboing.net,49,0,3,1
borncity.com,49,0,3,1
broadbandsearch.net,49,0,1,1
bucknell.edu,49,0,6,1
cisecurity.org,49,0,2,1
city.saku.nagano.jp,49,0,2,1
clark.com,49,0,1,1
cnblogs.com,49,0,16,1
cnetfrance.fr,49,0,8,1
codewars.com,49,0,1,1
computerwoche.de,49,0,2,1
contentstudio.io,49,0,3,1
cordoba.gob.ar,49,0,252,1
crazyegg.com,49,0,8,1
cryptonomist.ch,49,0,16,1
cxl.com,49,0,3,1
devgenius.io,49,0,4,1
dreamhost.com,49,0,4,1
ecwid.com,49,0,31,1
eggradients.com,49,0,22,1
esdiario.com,49,0,1,1
everybodywiki.com,49,0,3,1
experte.com,49,0,5,1
flippa.com,49,0,3,1
forms.app,49,0,2,1
getblend.com,49,0,3,1
globalvoices.org,49,0,2,1
hackernoon.com,49,0,8,1
hec.ca,49,0,1,1
hiscox.com,49,0,1,1
historians.org,49,0,12,1
hospitalitynet.org,49,0,2,1
ifsp.edu.br,49,0,50,1
indiehackers.com,49,0,17,1
infoworld.com,49,0,4,1
insead.edu,49,0,1,1
insideparadeplatz.ch,49,0,1,1
ionos.ca,49,0,1,1
juksy.com,49,0,1,1
justworks.com,49,0,2,1
katc.com,49,0,1,1
komi.io,49,0,2,1
ksltv.com,49,0,12,1
ktar.com,49,0,18,1
lawfaremedia.org,49,0,1,1
lex18.com,49,0,1,1
link-assistant.com,49,0,13,1
liora.io,49,0,1,1
liquidweb.com,49,0,7,1
luma.com,49,0,3,1
mailo.com,49,0,1,1
moengage.com,49,0,6,1
nationalfootballmuseum.com,49,0,10,1
newamerica.org,49,0,2,1
newsmarket.com.tw,49,0,32,1
newswire.com,49,0,23,1
notta.ai,49,0,4,1
novelupdatesforum.com,49,0,5,1
nuvemshop.com.br,49,0,1,1
opencart.com,49,0,5,1
packtpub.com,49,0,8,1
pcastuces.com,49,0,54,1
phoenixnap.com,49,0,1,1
physicsworld.com,49,0,66,1
plus.net,49,0,4,1
pocketcasts.com,49,0,3,1
podcast.ru,49,0,6,1
postaffiliatepro.com,49,0,2,1
rapidapi.com,49,0,141,1
rebrand.ly,49,0,1,1
score.org,49,0,6,1
scrapbox.io,49,0,21,1
sky.pro,49,0,1,1
socialpilot.co,49,0,2,1
startitup.sk,49,0,2,1
startmag.it,49,0,40,1
statsig.com,49,0,20,1
statusgator.com,49,0,3,1
talenta.co,49,0,4,1
tenable.com,49,0,1,1
testmuai.com,49,0,3,1
thenewstack.io,49,0,9,1
thenextweb.com,49,0,3,1
tidio.com,49,0,3,1
tuttotek.it,49,0,1,1
uaem.mx,49,0,1,1
unbounce.com,49,0,10,1
unne.edu.ar,49,0,1,1
upfluence.com,49,0,4,1
usahello.org,49,0,5,1
velog.io,49,0,30,1
videnskab.dk,49,0,1,1
wabe.org,49,0,1,1
weareindy.com,49,0,1,1
weglot.com,49,0,41,1
workingpreacher.org,49,0,2,1
xs4all.nl,49,0,2,1
aktienfinder.net,48,0,1,1
algolia.com,48,0,6,1
analyticsindiamag.com,48,0,5,1
anct.gouv.fr,48,0,2,1
archiveteam.org,48,0,1,1
audioboom.com,48,0,131,1
bitcointalk.org,48,0,4,1
businessmirror.com.ph,48,0,16,1
cake.me,48,0,7,1
calendar.com,48,0,1,1
captivate.fm,48,0,2,1
castbox.fm,48,0,1,1
cepr.org,48,0,3,1
chch.com,48,0,138,1
cmswire.com,48,0,2,1
codeur.com,48,0,3,1
copyblogger.com,48,0,1,1
cpaaustralia.com.au,48,0,1,1
creatio.com,48,0,1,1
crehana.com,48,0,13,1
cuantoestaeldolar.pe,48,0,1,1
dealhub.io,48,0,1,1
debugbear.com,48,0,3,1
deskera.com,48,0,1,1
digitalagencynetwork.com,48,0,31,1
diskpart.com,48,0,1,1
dreamgrow.com,48,0,3,1
easydmarc.com,48,0,1,1
edhec.edu,48,0,1,1
egullet.org,48,0,1,1
einpresswire.com,48,0,1,1
emberpoint.com,48,0,1,1
fasthosts.co.uk,48,0,2,1
financialcontent.com,48,0,3,1
firstpagesage.com,48,0,1,1
fliki.ai,48,0,1,1
fluency.io,48,0,31,1
fok.nl,48,0,1,1
gohighlevel.com,48,0,2,1
ground.news,48,0,10,1
happymonday.ua,48,0,3,1
historynewsnetwork.org,48,0,1,1
imer.mx,48,0,1,1
infoq.com,48,0,6,1
iproyal.com,48,0,1,1
jetpack.com,48,0,11,1
justanswer.co.uk,48,0,3,1
krtv.com,48,0,1,1
ksby.com,48,0,1,1
laiguana.tv,48,0,24,1
laracasts.com,48,0,1,1
leadpages.com,48,0,2,1
lightspeedhq.com,48,0,6,1
lnu.se,48,0,1,1
locals.com,48,0,3,1
maa.org,48,0,5366,1
magento.com,48,0,2,1
mariadb.org,48,0,1,1
martech.org,48,0,20,1
massagebook.com,48,0,1,1
merca20.com,48,0,19,1
mingle2.com,48,0,2,1
myaifrontdesk.com,48,0,2,1
mystagingwebsite.com,48,0,1,1
namechk.com,48,0,2,1
nhac.vn,48,0,4,1
outbrain.com,48,0,2,1
patriotsoftware.com,48,0,3,1
periodicodeibiza.es,48,0,1,1
platzi.com,48,0,4,1
pridestaff.com,48,0,6,1
pvamu.edu,48,0,1,1
rakus.co.jp,48,0,3,1
readymag.com,48,0,2,1
reviews.org,48,0,1,1
scielo.edu.uy,48,0,1,1
sharkia.gov.eg,48,0,2,1
shropshirestar.com,48,0,2,1
smartblogger.com,48,0,3,1
socialbee.com,48,0,6,1
softonic.pl,48,0,1,1
softwaretestinghelp.com,48,0,1,1
stacker.com,48,0,2,1
standout-cv.com,48,0,1,1
startpagina.nl,48,0,7,1
strikingly.com,48,0,3,1
tenforums.com,48,0,6,1
theblock.co,48,0,1,1
thezoereport.com,48,0,1,1
tiny.cloud,48,0,1,1
transistor.fm,48,0,11,1
trustedshops.fr,48,0,2,1
ulima.edu.pe,48,0,1,1
up.ac.pa,48,0,2,1
uservoice.com,48,0,1,1
uxplanet.org,48,0,1,1
vantagemarkets.com,48,0,6,1
vodafoneziggo.nl,48,0,5,1
websummit.com,48,0,1,1
welivesecurity.com,48,0,2,1
welltrainedmind.com,48,0,1,1
wenxuecity.com,48,0,1,1
wikitia.com,48,0,2,1
woorise.com,48,0,3,1
xserver.ne.jp,48,0,1,1
ymcagta.org,48,0,1,1
zendesk.com.br,48,0,1,1
zu.ac.ae,48,0,2,1
acordacidade.com.br,47,0,1,1
actu-juridique.fr,47,0,1,1
ar15.com,47,0,1,1
avans.nl,47,0,28,1
bartsboekje.com,47,0,4,1
beefree.io,47,0,2,1
benchmarkemail.com,47,0,7,1
bibb.de,47,0,1,1
bisnow.com,47,0,1,1
blueprism.com,47,0,1,1
bluesoft.com.br,47,0,1,1
brasilparalelo.com.br,47,0,1,1
brazilianjournals.com.br,47,0,1,1
careerguide.com,47,0,1,1
coalitiontechnologies.com,47,0,7,1
codeberg.org,47,0,1,1
conservative.ca,47,0,6,1
constantcontact.com,47,0,5,1
crowdin.com,47,0,2,1
crowdspring.com,47,0,8,1
crypto-insiders.nl,47,0,1,1
csub.edu,47,0,2,1
dailytarheel.com,47,0,3,1
demandbase.com,47,0,6,1
deputy.com,47,0,3,1
dhw.co.jp,47,0,1,1
digitalguardian.com,47,0,2,1
digitalthirdcoast.com,47,0,1,1
distractify.com,47,0,1,1
dotesports.com,47,0,4,1
drawpaintacademy.com,47,0,1,1
dreamhack.com,47,0,6,1
ebac.mx,47,0,1,1
emizentech.com,47,0,4,1
espressoenglish.net,47,0,4,1
even3.com.br,47,0,1,1
findyello.com,47,0,18,1
finnomena.com,47,0,1,1
fitsmallbusiness.com,47,0,3,1
freebsd.org,47,0,2,1
funnel.io,47,0,2,1
generali.es,47,0,1,1
gitconnected.com,47,0,26,1
gmass.co,47,0,4,1
groupon.fr,47,0,1,1
hbrarabic.com,47,0,2,1
hive.blog,47,0,2,1
hostadvice.com,47,0,46,1
ieul.jp,47,0,2,1
integrate.io,47,0,2,1
investorplace.com,47,0,8,1
itworld.co.kr,47,0,1,1
iubenda.com,47,0,3,1
justifit.fr,47,0,1,1
kagoya.jp,47,0,1,1
korben.info,47,0,2,1
launchdarkly.com,47,0,1,1
lever.co,47,0,171,1
lokalise.com,47,0,1,1
mailtrap.io,47,0,3,1
marwell.org.uk,47,0,6,1
mayple.com,47,0,1,1
mmo-champion.com,47,0,1,1
mostaql.com,47,0,1,1
movieguide.org,47,0,30,1
myftpupload.com,47,0,3,1
nordlayer.com,47,0,1,1
northernvirginiamag.com,47,0,18,1
packagist.org,47,0,38,1
prestashop.com,47,0,12,1
prototypr.io,47,0,1,1
publicmobile.ca,47,0,1,1
randstad.co.uk,47,0,1,1
recruitee.com,47,0,1,1
redstagfulfillment.com,47,0,1,1
rentry.co,47,0,5,1
singletrackworld.com,47,0,1,1
skrapp.io,47,0,1,1
spherion.com,47,0,2,1
statuspage.io,47,0,1,1
stripo.email,47,0,4,1
talkwalker.com,47,0,3,1
tawk.help,47,0,3,1
techbullion.com,47,0,639,1
techjockey.com,47,0,1,1
techjury.net,47,0,1,1
thehustle.co,47,0,2,1
ticketsports.com.br,47,0,1,1
tinhte.vn,47,0,1,1
trustradius.com,47,0,7,1
tug.org,47,0,1,1
ubergizmo.com,47,0,1,1
umbrex.com,47,0,1,1
value-domain.com,47,0,1,1
vestibular.org,47,0,19138,1
vwo.com,47,0,6,1
wealthmanagement.com,47,0,2,1
webnode.cz,47,0,1,1
wmar2news.com,47,0,1,1
wpcomstaging.com,47,0,2,1
10web.io,46,0,11,1
2ch.org,46,0,2,1
360learning.com,46,0,1,1
55places.com,46,0,24,1
aau.edu.et,46,0,7,1
acs.org.au,46,0,1,1
africacheck.org,46,0,1,1
alec.org,46,0,2,1
andaluciainformacion.es,46,0,1,1
appinventiv.com,46,0,1,1
aragon.ai,46,0,5,1
ausha.co,46,0,4,1
bayfm.co.jp,46,0,16,1
bigrock.in,46,0,1,1
bitfinex.com,46,0,2,1
brandsvietnam.com,46,0,1,1
brightlocal.com,46,0,1,1
brilliantmaps.com,46,0,1,1
buzzsumo.com,46,0,56,1
cartoonize.net,46,0,1,1
catonetworks.com,46,0,1,1
ccc.de,46,0,1,1
cleantalk.org,46,0,20,1
clevertap.com,46,0,1,1
cloudfree.jp,46,0,2,1
codeproject.com,46,0,1,1
computerworld.dk,46,0,6,1
contpaqi.com,46,0,1,1
coschedule.com,46,0,1,1
cxtoday.com,46,0,1,1
datatables.net,46,0,1,1
deptagency.com,46,0,1,1
digitalfernsehen.de,46,0,1,1
dinero.dk,46,0,1,1
easypromosapp.com,46,0,1,1
ecommercefastlane.com,46,0,13,1
emerce.nl,46,0,1,1
empregare.com,46,0,1,1
esl.com,46,0,4,1
experte.de,46,0,4,1
finalroundai.com,46,0,1,1
flexera.com,46,0,12,1
forumactif.com,46,0,3,1
free.com.tw,46,0,6,1
fundae.es,46,0,1,1
galileo.edu,46,0,1,1
geckoboard.com,46,0,3,1
geek.hr,46,0,4,1
geekflare.com,46,0,6346,1
genspark.ai,46,0,108,1
getstream.io,46,0,1,1
ghost.io,46,0,7,1
gitbooks.io,46,0,3,1
glassdoor.ie,46,0,2,1
glossy.co,46,0,2,1
gravityforms.com,46,0,10,1
guvi.in,46,0,2,1
hardreset.info,46,0,3,1
hardwaredealz.com,46,0,2,1
helpscoutdocs.com,46,0,13,1
hostingersite.com,46,0,185,1
html.it,46,0,1,1
htw-berlin.de,46,0,4,1
humnutrition.com,46,0,2,1
hwupgrade.it,46,0,10,1
iasp-pain.org,46,0,42,1
ifla.org,46,0,1,1
ilounge.com,46,0,3,1
inboundcycle.com,46,0,2,1
is.gd,46,0,1,1
ivypanda.com,46,0,1,1
jivochat.com,46,0,1,1
kanoya.lg.jp,46,0,2,1
kslnewsradio.com,46,0,16,1
linearity.io,46,0,1,1
marketeeronline.co,46,0,1,1
marketingoops.com,46,0,1,1
mediamister.com,46,0,2,1
mopinion.com,46,0,1,1
mykajabi.com,46,0,2,1
mymotherlode.com,46,0,1,1
mysignature.io,46,0,1,1
nofluffjobs.com,46,0,1,1
nopcommerce.com,46,0,10,1
nu.com.co,46,0,1,1
nuxt.com,46,0,5,1
obsbusiness.school,46,0,1,1
onetravel.com,46,0,1,1
openreplay.com,46,0,3,1
opnsense.org,46,0,4,1
outsourceaccelerator.com,46,0,3,1
owncloud.com,46,0,2,1
palomar.edu,46,0,436,1
phrase.com,46,0,6,1
plusonline.nl,46,0,1,1
podia.com,46,0,10,1
pourlascience.fr,46,0,1,1
pr-cy.ru,46,0,6,1
profesionalreview.com,46,0,1,1
prx.org,46,0,1,1
randstad.ca,46,0,4,1
recruiter.com,46,0,3,1
remotepeople.com,46,0,2,1
rspcapetinsurance.org.au,46,0,3,1
ryrob.com,46,0,67,1
salesforceben.com,46,0,2,1
securityaffairs.com,46,0,2,1
self-compassion.org,46,0,6,1
sendcloud.com,46,0,1,1
seymourduncan.com,46,0,4,1
shift.com,46,0,1,1
signal-arnaques.com,46,0,1,1
simplify.jobs,46,0,3,1
sitebuilderreport.com,46,0,2,1
skeepers.io,46,0,1,1
skydropx.com,46,0,1,1
slunecnice.cz,46,0,2,1
smartbear.com,46,0,1,1
socialmediaexaminer.com,46,0,1,1
softonic.com.tr,46,0,1,1
softonic.kr,46,0,1,1
sortlist.com,46,0,1,1
sportsnaut.com,46,0,2,1
strapi.io,46,0,4,1
su.dk,46,0,2,1
tcnj.edu,46,0,106,1
techpp.com,46,0,1,1
telegra.ph,46,0,3,1
thehorse.com,46,0,6,1
tiny.cc,46,0,5,1
tnstate.edu,46,0,2,1
tr.ee,46,0,1,1
trustedshops.nl,46,0,2,1
ucp.edu.pk,46,0,24,1
ufmt.br,46,0,5,1
unn.edu.ng,46,0,6,1
updownradar.com,46,0,4,1
upkeep.com,46,0,4,1
utulsa.edu,46,0,1,1
vagabond.se,46,0,3,1
vl-media.fr,46,0,1,1
vtiger.com,46,0,2,1
withairbnb.com,46,0,2,1
wordcamp.org,46,0,684,1
xenforo.com,46,0,12,1
zendesk.com.mx,46,0,20,1
zetaglobal.com,46,0,1,1
zocalo.com.mx,46,0,1,1
1800lionlaw.com,45,0,8,1
2net.co.il,45,0,1,1
aboutchromebooks.com,45,0,2,1
acornfinance.com,45,0,12,1
adespresso.com,45,0,2,1
adspower.com,45,0,10,1
adsterra.com,45,0,6,1
aijourn.com,45,0,2,1
amazingribs.com,45,0,3,1
aspistrategist.org.au,45,0,1,1
atmos.earth,45,0,2,1
audiofanzine.com,45,0,2,1
barcodestalk.com,45,0,4,1
bit.ai,45,0,1,1
bsscommerce.com,45,0,1,1
builtinla.com,45,0,4,1
cabi.org,45,0,2,1
cari.com.my,45,0,5,1
cheatcc.com,45,0,6,1
cin7.com,45,0,1,1
codeigniter.com,45,0,130,1
coggle.it,45,0,1,1
combell.com,45,0,2,1
computersweden.se,45,0,1,1
contra.com,45,0,13,1
crazydomains.com.au,45,0,3,1
cultivatedculture.com,45,0,1,1
cureepilepsy.org,45,0,6,1
dataquest.io,45,0,6,1
deezercommunity.com,45,0,1,1
deno.com,45,0,3,1
docusaurus.io,45,0,126,1
dplnews.com,45,0,1,1
dsers.com,45,0,3,1
earnkaro.com,45,0,3,1
edenred.mx,45,0,1,1
eesel.ai,45,0,40,1
efectococuyo.com,45,0,2,1
egress.com,45,0,1,1
emailtooltester.com,45,0,4,1
failory.com,45,0,1,1
ferret-one.com,45,0,1,1
ferret-plus.com,45,0,1,1
fortlewis.edu,45,0,2,1
freebox.fr,45,0,48,1
fuoye.edu.ng,45,0,3,1
furnituretoday.com,45,0,1,1
genbeta.com,45,0,1,1
generalassemb.ly,45,0,2,1
ghacks.net,45,0,6,1
gijn.org,45,0,15,1
glean.com,45,0,1,1
globalplayer.com,45,0,3,1
graphicmama.com,45,0,1,1
hackertarget.com,45,0,1,1
helpjuice.com,45,0,5,1
hemtrevligt.se,45,0,6,1
hosteurope.de,45,0,1,1
impactplus.com,45,0,3,1
inmotionhosting.com,45,0,14,1
insiderone.com,45,0,1,1
instantdomainsearch.com,45,0,4,1
intelbras.com.br,45,0,1,1
iterable.com,45,0,6,1
itforum.com.br,45,0,1,1
jobrapido.com,45,0,1,1
joico.com,45,0,2,1
keywordseverywhere.com,45,0,2,1
khamsat.com,45,0,2,1
languageline.com,45,0,1,1
leadfeeder.com,45,0,4,1
leadiq.com,45,0,21,1
litmus.com,45,0,1,1
lowyat.net,45,0,1,1
loyola.edu,45,0,1,1
lupa.cz,45,0,1,1
marketermilk.com,45,0,6,1
mcneese.edu,45,0,8,1
metafilter.com,45,0,5,1
mofga.org,45,0,12,1
namehero.com,45,0,1,1
neo.space,45,0,2,1
nitk.ac.in,45,0,4,1
now.org,45,0,18,1
nrmagazine.com,45,0,1,1
nulab.com,45,0,1,1
onesignal.com,45,0,2,1
oroskopos.gr,45,0,6,1
panoramalangkawi.com,45,0,54,1
pewterreport.com,45,0,6,1
pingback.com,45,0,17,1
pollfish.com,45,0,8,1
postcron.com,45,0,2,1
prdaily.com,45,0,1,1
proactiveinvestors.com,45,0,1,1
problogger.com,45,0,1,1
proxyscrape.com,45,0,15,1
publitas.com,45,0,1,1
pubnub.com,45,0,2,1
puck.news,45,0,4,1
qodeinteractive.com,45,0,3,1
radioagricultura.cl,45,0,2,1
raindrop.io,45,0,32,1
reelgood.com,45,0,10,1
reisetopia.de,45,0,1,1
remotive.com,45,0,3,1
revou.co,45,0,1,1
rss.app,45,0,1,1
saasworthy.com,45,0,2,1
sadlerswells.com,45,0,1,1
santacruz.org,45,0,6,1
schoolnutrition.org,45,0,2,1
schoolofmotion.com,45,0,1,1
scoop.it,45,0,165,1
sendible.com,45,0,8,1
servicescape.com,45,0,1,1
sidehustlenation.com,45,0,2,1
simpleonlinepharmacy.co.uk,45,0,2,1
simplified.com,45,0,1,1
sortlist.fr,45,0,3,1
spocket.co,45,0,13,1
stackademic.com,45,0,3,1
surfrider.org,45,0,3,1
sweclockers.com,45,0,2,1
tech.co,45,0,3,1
techbehemoths.com,45,0,75,1
techcabal.com,45,0,3,1
techniques-ingenieur.fr,45,0,9,1
templatemonster.com,45,0,7,1
testgorilla.com,45,0,1,1
texags.com,45,0,1,1
thebrandingjournal.com,45,0,2,1
thehoth.com,45,0,5,1
tidbits.com,45,0,2,1
tool-advisor.fr,45,0,5,1
transip.nl,45,0,2,1
transports-lia.fr,45,0,8,1
trint.com,45,0,4,1
trustmary.com,45,0,10,1
twit.tv,45,0,5,1
txstate.edu,45,0,1,1
typefully.com,45,0,1,1
uniandes.edu.ec,45,0,2,1
uniftc.edu.br,45,0,1,1
unimap.edu.my,45,0,2,1
up.edu,45,0,1,1
uplers.com,45,0,3,1
useinsider.com,45,0,1,1
uxpin.com,45,0,3,1
viblo.asia,45,0,9,1
virtualvocations.com,45,0,1,1
wikihow.it,45,0,1,1
wildapricot.com,45,0,1,1
wpbeginner.com,45,0,11,1
wpml.org,45,0,20,1
xoxoday.com,45,0,2,1
yesware.com,45,0,1,1
zend.com,45,0,3,1
zohodesk.com,45,0,2,1
80000hours.org,44,0,1,1
advancedcustomfields.com,44,0,15,1
advancedwebranking.com,44,0,3,1
airswift.com,44,0,2,1
amelica.org,44,0,5,1
arzdigital.com,44,0,1,1
azbigmedia.com,44,0,1,1
bemyeyes.com,44,0,4,1
bird.co,44,0,2,1
boisedev.com,44,0,136,1
captainaltcoin.com,44,0,1,1
centerblog.net,44,0,28,1
ceoworld.biz,44,0,1,1
chapultepec.org.mx,44,0,87,1
chatfuel.com,44,0,3,1
circleboom.com,44,0,8,1
close.com,44,0,5,1
codegym.cc,44,0,63,1
columbiaassociation.org,44,0,8,1
comicsbeat.com,44,0,1,1
conversion.com.br,44,0,1,1
convertcart.com,44,0,1,1
crossingbroad.com,44,0,4,1
csgo.com,44,0,3,1
curbellplastics.com,44,0,2,1
dailyorange.com,44,0,1,1
datadome.co,44,0,4,1
daytranslations.com,44,0,1,1
daz3d.com,44,0,1,1
democraticunderground.com,44,0,2,1
dewaweb.com,44,0,1,1
digi.no,44,0,1,1
digit.in,44,0,1,1
digitaljournal.com,44,0,5,1
digitalmarketer.com,44,0,4,1
diplomacy.edu,44,0,53,1
directiveconsulting.com,44,0,6,1
donorbox.org,44,0,3,1
durangoherald.com,44,0,2,1
empregacampinas.com.br,44,0,1,1
entri.app,44,0,1,1
episodi.fi,44,0,4,1
esports-news.co.uk,44,0,2,1
every.to,44,0,25,1
everything-everywhere.com,44,0,2,1
evidensia.se,44,0,1,1
experts-exchange.com,44,0,6,1
fairygodboss.com,44,0,1,1
financemagnates.com,44,0,1,1
finanzaonline.com,44,0,3,1
finearts.go.th,44,0,1,1
fregis.com,44,0,1,1
frontendmasters.com,44,0,2,1
futurezone.de,44,0,1,1
gatsbyjs.com,44,0,3,1
getassist.net,44,0,1,1
getlatka.com,44,0,10,1
getprospect.com,44,0,1,1
giardiniblog.it,44,0,2,1
globalbankingandfinance.com,44,0,2,1
goit.global,44,0,3,1
gowork.fr,44,0,1,1
guichetdusavoir.org,44,0,1,1
hardwareluxx.de,44,0,1,1
hashnode.dev,44,0,76,1
headforpoints.com,44,0,2,1
healthecareers.com,44,0,1,1
iamag.co,44,0,2,1
id.nl,44,0,2,1
independent-photo.com,44,0,4,1
indwes.edu,44,0,2,1
ingomoney.com,44,0,3,1
invast.jp,44,0,4,1
ipxo.com,44,0,1,1
iris.co.uk,44,0,1,1
ironhack.com,44,0,3,1
itnext.io,44,0,4,1
ivyrehab.com,44,0,1,1
jazzhr.com,44,0,1,1
jubelio.com,44,0,1,1
justanswer.jp,44,0,33,1
kisskissnapoli.it,44,0,6,1
kristv.com,44,0,1,1
lap.hu,44,0,2,1
lbpost.com,44,0,6,1
leadforensics.com,44,0,1,1
lecrabeinfo.net,44,0,5,1
liferay.com,44,0,12,1
linkedhelper.com,44,0,5,1
lodgify.com,44,0,1,1
macg.co,44,0,5,1
maketecheasier.com,44,0,4,1
malwaretips.com,44,0,2,1
marybrowns.com,44,0,6,1
mekarisign.com,44,0,3,1
mobilepixels.us,44,0,36,1
n2ch.net,44,0,1,1
naturescanner.nl,44,0,1,1
nebraska.edu,44,0,1,1
next.ink,44,0,2,1
nhanhoa.com,44,0,2,1
niewmedia.com,44,0,5,1
nolanlawson.com,44,0,45,1
nsc.ru,44,0,1,1
onlinemarketing.de,44,0,4,1
openmediavault.org,44,0,8,1
pdfa.org,44,0,1,1
peekyou.com,44,0,2,1
plantoeat.com,44,0,2,1
pragmaticengineer.com,44,0,1,1
prepinsta.com,44,0,23,1
priviahealth.com,44,0,6,1
projectmanagementacademy.net,44,0,1,1
qiscus.com,44,0,2,1
qrcode-generator.de,44,0,2,1
qubit.hu,44,0,1,1
queue-it.com,44,0,1,1
r-bloggers.com,44,0,2,1
randstad.com.au,44,0,1,1
react-hook-form.com,44,0,1,1
readingpartners.org,44,0,88,1
reallygoodemails.com,44,0,3,1
reseauinternational.net,44,0,2,1
resellerclub.com,44,0,2,1
retailtouchpoints.com,44,0,6,1
scanova.io,44,0,1,1
sender.net,44,0,2,1
sendle.com,44,0,5,1
seokratie.de,44,0,1,1
sg-host.com,44,0,3,1
shortpixel.com,44,0,37,1
signalscv.com,44,0,1,1
siit.co,44,0,1,1
siliconangle.com,44,0,8,1
sjrwmd.com,44,0,6,1
skypostal.com,44,0,2,1
smallbusiness.co.uk,44,0,1,1
socialchamp.com,44,0,4,1
softwareworld.co,44,0,32,1
solutionsreview.com,44,0,6,1
example.com,44,0,1,1
stradbrokeisland.com,44,0,2,1
techolay.net,44,0,1,1
techxplore.com,44,0,2,1
theconservativetreehouse.com,44,0,2,1
thectoclub.com,44,0,4,1
thelaw.com,44,0,2,1
thrivecart.com,44,0,2,1
tooltester.com,44,0,15,1
traceparts.com,44,0,2,1
trustedsite.com,44,0,1,1
turbify.com,44,0,4,1
turkuamk.fi,44,0,1,1
ufro.cl,44,0,4,1
ufv.ca,44,0,1,1
ufvjm.edu.br,44,0,4,1
ukessays.com,44,0,2,1
vendr.com,44,0,1,1
vulcanpost.com,44,0,1,1
waalaxy.com,44,0,20,1
wallarm.com,44,0,2,1
wappalyzer.com,44,0,2,1
whmcs.com,44,0,1,1
windowslatest.com,44,0,2,1
wishket.com,44,0,1,1
wizishop.fr,44,0,1,1
wpastra.com,44,0,20,1
wpmarmite.com,44,0,150,1
zerotomastery.io,44,0,2,1
501c3.org,43,0,6,1
adcreative.ai,43,0,24,1
amadeus-hospitality.com,43,0,1,1
ambrosiana.it,43,0,2,1
analoghq.ai,43,0,17,1
anything.com,43,0,1,1
applicantstack.com,43,0,1,1
appointy.com,43,0,2,1
arcpointlabs.com,43,0,12,1
arielle.com.au,43,0,1,1
ascentfunding.com,43,0,1,1
atlantic.net,43,0,7,1
ayurvaid.com,43,0,2,1
azabujuban.or.jp,43,0,6,1
back4app.com,43,0,21,1
baremetrics.com,43,0,4,1
baycrews.co.jp,43,0,2,1
bizcommunity.com,43,0,2,1
biztechmagazine.com,43,0,1,1
bloomreach.com,43,0,5,1
boot.dev,43,0,3,1
brightpearl.com,43,0,1,1
businessbecause.com,43,0,3,1
businessnamegenerator.com,43,0,2,1
businessnc.com,43,0,6,1
c-sharpcorner.com,43,0,1,1
calendrierdelavent.com,43,0,2,1
castos.com,43,0,30,1
catchpoint.com,43,0,1,1
chapelboro.com,43,0,88,1
chatbase.co,43,0,1,1
chevys.com,43,0,6,1
churchleaders.com,43,0,2,1
clearcompany.com,43,0,4,1
clearvoice.com,43,0,3,1
clickfunnels.com,43,0,2,1
cnews.cz,43,0,1,1
codecamp.jp,43,0,2,1
codezine.jp,43,0,5,1
cointelegraph.com.br,43,0,1,1
colombiacheck.com,43,0,1,1
criptonoticias.com,43,0,6,1
databox.com,43,0,68,1
datanyze.com,43,0,3,1
dataversity.net,43,0,1,1
debezigebij.nl,43,0,2,1
designlab.com,43,0,1,1
diariodegoias.com.br,43,0,3,1
dio.me,43,0,45,1
disqus.com,43,0,2,1
dota2.net,43,0,5,1
drip.com,43,0,6,1
dropship.io,43,0,10,1
drwindows.de,43,0,11,1
ecommercebrasil.com.br,43,0,1,1
ecosistemastartup.com,43,0,6,1
eju.tv,43,0,1,1
elegantthemes.com,43,0,19,1
emarsys.com,43,0,2,1
enotas.com.br,43,0,1,1
eurofiscalis.com,43,0,1,1
everaccountable.com,43,0,2,1
exa.ai,43,0,2,1
exabytes.co.id,43,0,2,1
expat.com,43,0,1,1
ezoic.com,43,0,9,1
fileformat.info,43,0,1,1
fingerprint.com,43,0,2,1
flodesk.com,43,0,3,1
fmhy.net,43,0,1,1
folk.app,43,0,9,1
foodnavigator.com,43,0,1,1
formzu.com,43,0,1,1
frankwatching.com,43,0,1131,1
free-work.com,43,0,2,1
freelancehunt.com,43,0,3,1
freelancermap.com,43,0,1,1
gamblizard.com,43,0,1,1
gosugamers.net,43,0,1,1
goworkship.com,43,0,2,1
grandfather.com,43,0,16,1
greengeeks.com,43,0,7,1
hardware.fr,43,0,1,1
hesge.ch,43,0,1,1
hiration.com,43,0,2,1
hookagency.com,43,0,4,1
hostingadvice.com,43,0,38,1
hrexecutive.com,43,0,1,1
hrsonline.org,43,0,2,1
hyros.com,43,0,1,1
iconosquare.com,43,0,13,1
inflearn.com,43,0,7,1
infosecinstitute.com,43,0,1,1
infosecwriteups.com,43,0,2,1
inhersight.com,43,0,1,1
inovacaosebraeminas.com.br,43,0,1,1
insomnia.gr,43,0,2,1
intersystems.com,43,0,4,1
jeffgeerling.com,43,0,1,1
kampanje.com,43,0,2,1
keap.com,43,0,3,1
ketogenic.com,43,0,9,1
key4biz.it,43,0,2,1
kiwanis.org,43,0,38,1
kolsquare.com,43,0,4,1
kripeshadwani.com,43,0,10,1
lafabriquedunet.fr,43,0,20,1
lanzadigital.com,43,0,1,1
leak.pt,43,0,1,1
ledigajobb.se,43,0,1,1
link11.com,43,0,2,1
linuxblog.io,43,0,1,1
localiq.com,43,0,3,1
loganix.com,43,0,1,1
londonnet.co.uk,43,0,2,1
makerhero.com,43,0,2,1
malekal.com,43,0,2,1
marketrealist.com,43,0,1,1
maxio.com,43,0,1,1
moin.ai,43,0,3,1
musashinomura.co.jp,43,0,6,1
nationalchildrensalliance.org,43,0,2,1
nationaljeweler.com,43,0,2,1
netguru.com,43,0,3,1
netskope.com,43,0,7,1
neverbounce.com,43,0,1,1
nicepage.io,43,0,16,1
nodesk.co,43,0,3,1
nodesource.com,43,0,2,1
nsk.hr,43,0,2,1
nuelink.com,43,0,1,1
onelittleweb.com,43,0,2,1
opennet.ru,43,0,52,1
outrightcrm.com,43,0,1,1
overclock3d.net,43,0,1,1
paymentsjournal.com,43,0,2,1
percona.com,43,0,1,1
picmaker.com,43,0,1,1
pieces.app,43,0,1,1
planet13.com,43,0,4,1
plesk.com,43,0,5,1
pointloma.edu,43,0,502,1
preceden.com,43,0,1,1
rcrwireless.com,43,0,1,1
revenera.com,43,0,90,1
revistaft.com.br,43,0,2,1
rivaliq.com,43,0,2,1
rswebsols.com,43,0,4,1
saastr.com,43,0,1,1
sana-commerce.com,43,0,1,1
schoolsweek.co.uk,43,0,4,1
scribie.com,43,0,1,1
securityboulevard.com,43,0,27,1
seo-kueche.de,43,0,11,1
serpstat.com,43,0,2,1
showmetech.com.br,43,0,2,1
siegemedia.com,43,0,1,1
sitelike.org,43,0,135,1
skynova.com,43,0,1,1
sliderrevolution.com,43,0,2,1
smallbiztrends.com,43,0,3,1
smartbrief.com,43,0,1,1
spielwarenmesse.de,43,0,1,1
spoonuniversity.com,43,0,1,1
spotler.com,43,0,6,1
ssru.ac.th,43,0,38,1
startups.com,43,0,2,1
stonly.com,43,0,1,1
stukent.com,43,0,1,1
tablein.com,43,0,1,1
tagembed.com,43,0,2,1
talentlyft.com,43,0,1,1
techmonitor.ai,43,0,1,1
techprincess.it,43,0,2,1
tetsudo-ch.com,43,0,8,1
thamhiemmekong.com,43,0,6,1
the-digital-reader.com,43,0,6,1
themeisle.com,43,0,54,1
tigerdata.com,43,0,1,1
tiiny.host,43,0,2,1
timify.com,43,0,1,1
tldr.tech,43,0,56,1
todocanada.ca,43,0,10,1
top10-websitehosting.co.uk,43,0,3,1
vietnix.vn,43,0,3,1
virgool.io,43,0,6,1
vlvadvogados.com,43,0,319,1
webempresa.com,43,0,24,1
wels.net,43,0,4,1
wikihow.vn,43,0,1,1
workingsolutions.com,43,0,1,1
wpmudev.com,43,0,109,1
wscubetech.com,43,0,1,1
wskg.org,43,0,1,1
yiiframework.com,43,0,5,1
1854.photography,42,0,8,1
6666ranch.com,42,0,6,1
activatelearning.ac.uk,42,0,6,1
acumatica.com,42,0,1,1
affpaying.com,42,0,92,1
afterellen.com,42,0,16,1
agencycentral.co.uk,42,0,1,1
agilitypr.com,42,0,1,1
akaunting.com,42,0,1,1
all-about-photo.com,42,0,1,1
amberscript.com,42,0,2,1
amcp.org,42,0,3,1
americansforprosperity.org,42,0,12,1
avca.org,42,0,12,1
awbruna.nl,42,0,2,1
bairesdev.com,42,0,2,1
baylorlariat.com,42,0,1,1
bet.hu,42,0,15,1
betanews.com,42,0,2,1
bibsonomy.org,42,0,14,1
biznetgio.com,42,0,1,1
bnbchain.org,42,0,10,1
businessinsurance.com,42,0,1,1
campusesp.com,42,0,9,1
campussafetymagazine.com,42,0,35,1
canny.io,42,0,1,1
casperlibero.edu.br,42,0,1,1
cei.org,42,0,1,1
centralesupelec.fr,42,0,2,1
chamberofcommerce.org,42,0,1,1
chilipiper.com,42,0,1,1
chitchats.com,42,0,1,1
chromeunboxed.com,42,0,1,1
coderspace.io,42,0,2,1
coloradosymphony.org,42,0,42,1
cossa.ru,42,0,12,1
cowcotland.com,42,0,2,1
craftcms.com,42,0,2,1
curaleafclinic.com,42,0,1,1
dal.co.jp,42,0,1,1
datafeedwatch.com,42,0,1,1
dm.com.br,42,0,2,1
domenomania.pl,42,0,2,1
dotcom-monitor.com,42,0,7,1
dyl.com,42,0,1,1
eadplataforma.com,42,0,4,1
ecommerce-platforms.com,42,0,268,1
ecuad.ca,42,0,4,1
educ.ubc.ca,42,0,1,1
ekrut.com,42,0,2,1
eletsonline.com,42,0,137,1
engagebay.com,42,0,11,1
esdesignbarcelona.com,42,0,1,1
expertmarket.com,42,0,1,1
explaineverything.com,42,0,6,1
financhill.com,42,0,4,1
finnpartners.com,42,0,1,1
fishersin.gov,42,0,20,1
folio3.com,42,0,6,1
forum.squarespace.com,42,0,2,1
frac.org,42,0,2,1
freepascal.org,42,0,1,1
gadgetguy.com.au,42,0,6,1
gbhackers.com,42,0,29,1
ghostsandgravestones.com,42,0,2,1
gmelius.com,42,0,5,1
gnucash.org,42,0,2,1
groovypost.com,42,0,1,1
growthengineering.co.uk,42,0,2,1
herospark.com,42,0,1,1
homebusinessmag.com,42,0,4,1
hotshotsecret.com,42,0,12,1
hr.university,42,0,3,1
htmlacademy.ru,42,0,1,1
humanebroward.com,42,0,12,1
icewarp.com,42,0,4,1
idwebhost.com,42,0,1,1
igrid.co.jp,42,0,6,1
imprivata.com,42,0,4,1
inbeat.agency,42,0,2,1
involve.me,42,0,1,1
io-tech.fi,42,0,3,1
ir.com,42,0,1,1
irpp.org,42,0,2,1
isdown.app,42,0,371,1
itif.org,42,0,2,1
jekyllrb.com,42,0,4,1
jivochat.com.br,42,0,2,1
justagirlandherblog.com,42,0,6,1
kadencewp.com,42,0,169,1
keepcoding.io,42,0,6,1
kidswithfoodallergies.org,42,0,12,1
king-ranch.com,42,0,18,1
kompass.de,42,0,39,1
kslsports.com,42,0,10,1
kyusan-u.ac.jp,42,0,13,1
lavocedinewyork.com,42,0,12,1
leadsbridge.com,42,0,2,1
lensa.com,42,0,1,1
lgdj.fr,42,0,1,1
litespeedtech.com,42,0,1,1
livecareer.es,42,0,1,1
liveops.com,42,0,30,1
loomly.com,42,0,1,1
mailshake.com,42,0,1,1
manypixels.co,42,0,1,1
martech.zone,42,0,10,1
matrixinternet.ie,42,0,2,1
maxthon.com,42,0,2,1
medical-media.jp,42,0,1,1
meetedgar.com,42,0,1,1
mikrocontroller.net,42,0,2,1
milesweb.in,42,0,2,1
miroc.co.jp,42,0,4,1
mobirise.com,42,0,3,1
modsquad.com,42,0,2,1
multivix.edu.br,42,0,1,1
nafcclinics.org,42,0,2,1
nbc26.com,42,0,1,1
netpeak.net,42,0,2,1
noblogs.org,42,0,2,1
nwtc.edu,42,0,8,1
offers.jp,42,0,1,1
oliveridleyproject.org,42,0,1,1
omt.de,42,0,4,1
output.com,42,0,3,1
owler.com,42,0,1,1
oxygenactiveplay.co.uk,42,0,2,1
packsend.com.au,42,0,1,1
paperbell.com,42,0,1,1
paperpapers.com,42,0,1,1
paulickreport.com,42,0,1,1
pcspezialist.de,42,0,1,1
peoplecert.org,42,0,1,1
photobucket.com,42,0,1,1
podbay.fm,42,0,8,1
posao.hr,42,0,2,1
postgrespro.ru,42,0,3,1
practicalecommerce.com,42,0,3,1
princetonorthopaedic.com,42,0,2,1
prnewswire.co.uk,42,0,2,1
process.st,42,0,16,1
prweb.com,42,0,2,1
punto-informatico.it,42,0,11,1
qikink.com,42,0,1,1
que.es,42,0,1,1
radixweb.com,42,0,1,1
ranktracker.com,42,0,56,1
rapyd.net,42,0,1,1
reggiadimonza.it,42,0,2,1
relationshipsnsw.org.au,42,0,2,1
resume.co,42,0,4,1
resumelab.com,42,0,1,1
robhasawebsite.com,42,0,13,1
royalacademyofdance.org,42,0,3,1
sbc.org.br,42,0,2,1
securityheaders.com,42,0,1,1
selzy.com,42,0,1,1
sharemusic.es,42,0,6,1
sharethis.com,42,0,24,1
sios.jp,42,0,1,1
smoobu.com,42,0,1,1
socradar.io,42,0,1,1
softonic.nl,42,0,1,1
soundstream.media,42,0,1,1
sru.ac.th,42,0,8,1
ssrc.org,42,0,139,1
stalbans.gov.uk,42,0,1,1
startup.jobs,42,0,99,1
startupstash.com,42,0,1,1
t2informatik.de,42,0,2,1
talkbass.com,42,0,1,1
textcortex.com,42,0,10,1
thebrief.ai,42,0,3,1
thecarlatreport.com,42,0,5,1
thecmo.com,42,0,3,1
theengineeringprojects.com,42,0,1,1
timetoast.com,42,0,1,1
ting.com,42,0,1,1
tinuiti.com,42,0,71,1
tithe.ly,42,0,1,1
toledolibrary.org,42,0,2,1
tpdemain.com,42,0,2,1
tproger.ru,42,0,2,1
tractorbynet.com,42,0,1,1
travelpayouts.com,42,0,5,1
tribunecontentagency.com,42,0,1,1
trillmag.com,42,0,1,1
uab.es,42,0,1,1
unheval.edu.pe,42,0,58,1
untar.ac.id,42,0,6,1
upcity.com,42,0,1,1
usal.edu.ar,42,0,4,1
vamida.at,42,0,2,1
vinnitsa.info,42,0,4,1
wanderlust.com,42,0,2,1
want.nl,42,0,1,1
watchpeopledie.tv,42,0,11,1
wearedevelopers.com,42,0,1,1
webedia-group.com,42,0,6,1
webnots.com,42,0,5,1
weseektravel.com,42,0,2,1
windowsreport.com,42,0,3,1
wishpond.com,42,0,4,1
wispolitics.com,42,0,50,1
woorank.com,42,0,2,1
wooster.edu,42,0,2,1
workramp.com,42,0,2,1
wpseoai.com,42,0,2,1
xakep.ru,42,0,1,1
yamm.com,42,0,1,1
yampi.com.br,42,0,1,1
your-server.de,42,0,5,1
youradio.cz,42,0,1,1
adminer.org,41,0,14,1
alidropship.com,41,0,9,1
allard.ubc.ca,41,0,3,1
api.video,41,0,1,1
appsruntheworld.com,41,0,3,1
apwa.org,41,0,3,1
armormax.com,41,0,6,1
arousr.com,41,0,1,1
automotorsport.se,41,0,3,1
autosafety.org,41,0,12,1
b2bstack.com.br,41,0,3,1
b4x.com,41,0,3,1
beaconhouse.net,41,0,24,1
biotecnika.org,41,0,4,1
bitsrc.io,41,0,1,1
boc-group.com,41,0,2,1
bornetelefonen.dk,41,0,2,1
bravenewcoin.com,41,0,1,1
brightonseo.com,41,0,4,1
bulk.ly,41,0,3,1
c99.nl,41,0,1368,1
callboxinc.com,41,0,10,1
cambrilearn.com,41,0,1,1
caresul-kaigo.jp,41,0,6,1
caymancompass.com,41,0,6,1
ccbill.com,41,0,2,1
cdcgaming.com,41,0,2,1
ceva.com,41,0,2,1
citybiz.co,41,0,2,1
clickz.com,41,0,5,1
cloudzero.com,41,0,1,1
compareinternet.com,41,0,3,1
contactform7.com,41,0,126,1
control.com,41,0,1,1
copecart.com,41,0,6,1
copilotai.com,41,0,1,1
creative-tim.com,41,0,6,1
crocoblock.com,41,0,19,1
crowdfundinsider.com,41,0,4,1
dallasexpress.com,41,0,2,1
danielsmith.com,41,0,2,1
darknetdiaries.com,41,0,6,1
dev.ua,41,0,4,1
dga.or.th,41,0,3,1
digital.ai,41,0,8,1
downradar.ru,41,0,4,1
dravetfoundation.org,41,0,12,1
drizzle.team,41,0,1,1
e-surgery.com,41,0,2,1
e3s-conferences.org,41,0,1,1
edgeone.ai,41,0,3,1
educapanama.edu.pa,41,0,1,1
efficientip.com,41,0,1,1
enabbaladi.net,41,0,1,1
espaces.ca,41,0,2,1
everyonesocial.com,41,0,2,1
exabytes.my,41,0,1,1
excelchamps.com,41,0,2,1
fahimai.com,41,0,23,1
faradars.org,41,0,15,1
fatjoe.com,41,0,1,1
feedough.com,41,0,14,1
fluentforms.com,41,0,1,1
foodbeast.com,41,0,1,1
foreverymom.com,41,0,2,1
forumvi.com,41,0,2,1
foundr.com,41,0,4,1
frenchmorning.com,41,0,105,1
fundbox.com,41,0,2,1
gamblingnews.com,41,0,6,1
gamekyo.com,41,0,1,1
gamewiki.jp,41,0,1,1
geekzone.co.nz,41,0,2,1
generatepress.com,41,0,22,1
girlsaskguys.com,41,0,1,1
globalgenes.org,41,0,1,1
globalknowledge.com,41,0,2,1
groovehq.com,41,0,7,1
growjo.com,41,0,72,1
heard.org,41,0,12,1
hellobonsai.com,41,0,5,1
herothemes.com,41,0,28,1
hiltonbonnetcreek.com,41,0,2,1
hongkiat.com,41,0,4,1
hostiq.ua,41,0,8,1
hygraph.com,41,0,2,1
ignitevisibility.com,41,0,1,1
ilsoftware.it,41,0,5,1
immobilie1.de,41,0,220,1
impressiondigital.com,41,0,1,1
improvado.io,41,0,1,1
informabtl.com,41,0,1,1
instapaper.com,41,0,14,1
internetacademy.jp,41,0,1,1
iotforall.com,41,0,2,1
ipp.cl,41,0,1,1
iwillteachyoutoberich.com,41,0,1,1
iwriter.com,41,0,1,1
justremote.co,41,0,1,1
kaspr.io,41,0,3,1
kindlepreneur.com,41,0,1,1
kontentino.com,41,0,18,1
kustomer.com,41,0,4,1
lc.cx,41,0,1,1
learndash.com,41,0,1,1
linnworks.com,41,0,2,1
linuxfr.org,41,0,3,1
linuxliteos.com,41,0,3,1
liskul.com,41,0,2,1
londonlovesbusiness.com,41,0,2,1
lookdigitalsignage.com,41,0,1,1
lsh.co.uk,41,0,1,1
mageplaza.com,41,0,1,1
mailup.it,41,0,2,1
mankatofreepress.com,41,0,1,1
marketmuse.com,41,0,1,1
mcdonalds.lv,41,0,3,1
mcpservers.org,41,0,6,1
me.sh,41,0,10,1
mediavida.com,41,0,1,1
memberpress.com,41,0,51,1
mercadonegro.pe,41,0,2,1
milesopedia.com,41,0,4,1
mobileread.com,41,0,11,1
moneypenny.com,41,0,3,1
muffingroup.com,41,0,11,1
myemma.com,41,0,2,1
namepros.com,41,0,4,1
nanostring.com,41,0,10,1
nerdbot.com,41,0,2,1
netboxlabs.com,41,0,2,1
neuroflash.com,41,0,2,1
nexthink.com,41,0,3,1
nigelfrank.com,41,0,1,1
nijinosato.com,41,0,12,1
northshorevisitor.com,41,0,8,1
notebookcheck.info,41,0,1,1
nudgesecurity.com,41,0,3,1
nutshell.com,41,0,1,1
oceanwp.org,41,0,17,1
omgubuntu.co.uk,41,0,1,1
ontraport.com,41,0,8,1
opiniones-verificadas.com,41,0,1,1
opsmatters.com,41,0,4,1
optimonk.com,41,0,3,1
ort.org.il,41,0,11,1
oxfordstudent.com,41,0,2,1
packback.co,41,0,1,1
paleoleap.com,41,0,1,1
paperform.co,41,0,2,1
perficient.com,41,0,1,1
pingcap.com,41,0,5,1
plan.io,41,0,1,1
planbee.com,41,0,1,1
plerdy.com,41,0,4,1
pluginhive.com,41,0,1,1
podme.com,41,0,5,1
predis.ai,41,0,62,1
prescott-az.gov,41,0,2,1
prim.hu,41,0,8,1
procurify.com,41,0,1,1
proxidize.com,41,0,1,1
psb-academy.edu.sg,41,0,1,1
publift.com,41,0,15,1
pushoperations.com,41,0,1,1
qwords.com,41,0,1,1
qx.se,41,0,138,1
randstad.pt,41,0,1,1
rismedia.com,41,0,3,1
riverwalkneworleans.com,41,0,6,1
runwaygirlnetwork.com,41,0,18,1
satelliteinternet.com,41,0,1,1
savanta.com,41,0,1,1
scholl.co.uk,41,0,1476,1
schoolstatus.com,41,0,1,1
sciencepost.fr,41,0,1,1
scsi.ie,41,0,2,1
sendmarc.com,41,0,6,1
seongon.com,41,0,1,1
sexyhair.com,41,0,16,1
shift4shop.com,41,0,4,1
simform.com,41,0,3,1
socialbu.com,41,0,2,1
socialplug.io,41,0,7,1
softuni.bg,41,0,1,1
sogolytics.com,41,0,1,1
specopssoft.com,41,0,4,1
spiral-platform.co.jp,41,0,3,1
starterstory.com,41,0,27,1
storychief.io,41,0,2,1
strausfamilycreamery.com,41,0,18,1
studiohawk.com.au,41,0,1,1
sugarcrm.com,41,0,1,1
suomenkuvalehti.fi,41,0,1,1
superannuation.asn.au,41,0,18,1
swiki.jp,41,0,1,1
taggbox.com,41,0,11,1
taplio.com,41,0,3,1
tatoeba.org,41,0,1,1
techcentral.co.za,41,0,1,1
technologijos.lt,41,0,4,1
thebaffler.com,41,0,6,1
theshots.co.uk,41,0,8,1
threadreaderapp.com,41,0,8,1
tonerbuzz.com,41,0,1,1
trans4mind.com,41,0,2,1
translatepress.com,41,0,9,1
travelemiliaromagna.it,41,0,16,1
tripwire.com,41,0,4,1
tuexperto.com,41,0,1,1
tunisia-sat.com,41,0,1,1
turnto23.com,41,0,1,1
ultahost.com,41,0,2,1
umons.ac.be,41,0,2,1
unstoppabledomains.com,41,0,8,1
uxmatters.com,41,0,1,1
uxtweak.com,41,0,2,1
versatilis.com.br,41,0,1,1
visualping.io,41,0,4,1
vivaldi.net,41,0,3,1
webandcrafts.com,41,0,1,1
websitebuilderexpert.com,41,0,3,1
whizlabs.com,41,0,1,1
whoishostingthis.com,41,0,3,1
wifitalents.com,41,0,93,1
wikihow.jp,41,0,1,1
womensagenda.com.au,41,0,2,1
wpscan.com,41,0,1,1
zendesk.es,41,0,11,1
zenkit.com,41,0,1,1
zoutons.com,41,0,4,1
24-7pressrelease.com,40,0,9,1
51cto.com,40,0,4,1
actblue.com,40,0,2,1
ahri.com.au,40,0,4,1
aiapply.co,40,0,3,1
algebra.hr,40,0,10,1
altcraft.com,40,0,2,1
americasthrift.com,40,0,6,1
ana.rs,40,0,1,1
anp.nl,40,0,2,1
aocs.org,40,0,6,1
apoia.se,40,0,1,1
applitools.com,40,0,2,1
applydigital.com,40,0,2,1
arc.dev,40,0,4,1
armemberplugin.com,40,0,6,1
asabanka.ba,40,0,6,1
augustafreepress.com,40,0,1,1
bacancytechnology.com,40,0,1,1
beirut.com,40,0,8,1
belkins.io,40,0,1,1
bigbrothernetwork.com,40,0,12,1
brandclickx.com,40,0,1,1
brettlarkin.com,40,0,1,1
brutkasten.com,40,0,2,1
business-cool.com,40,0,2,1
businessabc.net,40,0,1,1
caspio.com,40,0,1,1
catedu.es,40,0,41,1
ceramicartsnetwork.org,40,0,1,1
ceramics.org,40,0,8,1
cheq.ai,40,0,1,1
cigarcitybrewing.com,40,0,4,1
clay.global,40,0,2,1
clickminded.com,40,0,3,1
cloudron.io,40,0,12,1
codesys.com,40,0,1,1
cognitiveseo.com,40,0,6,1
coinpayments.net,40,0,1,1
community.dev,40,0,1,1
comodosslstore.com,40,0,3,1
concretecms.com,40,0,2,1
consumersadvocate.org,40,0,1,1
contasimple.com,40,0,1,1
contentstack.com,40,0,5,1
convert.com,40,0,8,1
credenzahealth.com,40,0,1,1
dalmatia.hr,40,0,24,1
datadriveninvestor.com,40,0,2,1
devopsschool.com,40,0,1,1
dibimbing.id,40,0,16,1
dicloak.com,40,0,5,1
diesiedleronline.de,40,0,1,1
digitiz.fr,40,0,5,1
doctorofcredit.com,40,0,108,1
dosits.org,40,0,2,1
e-begin.jp,40,0,4,1
eadplataforma.app,40,0,2,1
eagle.cool,40,0,7,1
ecommerceitalia.info,40,0,8,1
edesk.com,40,0,5,1
einnews.com,40,0,1,1
elink.io,40,0,1,1
entireweb.com,40,0,100,1
esrij.com,40,0,1,1
feeder.co,40,0,6,1
fenews.co.uk,40,0,2,1
finout.io,40,0,1,1
fluentsupport.com,40,0,1,1
foodnavigator-usa.com,40,0,1,1
fortworthbusiness.com,40,0,4,1
fptsoftware.com,40,0,1,1
freshysites.com,40,0,4,1
genopro.com,40,0,2,1
geo-code.co.jp,40,0,2,1
glide.org,40,0,6,1
grabjobs.co,40,0,5,1
growthzoneapp.com,40,0,1,1
gtmnow.com,40,0,8,1
h5p.org,40,0,1,1
haiilo.com,40,0,2,1
hawksem.com,40,0,1,1
helpdeskgeek.com,40,0,1,1
heraldo.mx,40,0,1,1
hermoney.com,40,0,1,1
hevodata.com,40,0,1,1
himalayas.app,40,0,6,1
hispanicsociety.org,40,0,2,1
hkcss.org.hk,40,0,3,1
hostpapa.com,40,0,6,1
houstonrestaurantweeks.com,40,0,2,1
ibsintelligence.com,40,0,6,1
ief.es,40,0,1,1
ikhokha.com,40,0,1,1
iltascabile.com,40,0,1,1
instamojo.com,40,0,1,1
intotheminds.com,40,0,7,1
invisionzone.com,40,0,1,1
ituonline.com,40,0,9,1
iwsc.net,40,0,2,1
izea.com,40,0,6,1
ktvh.com,40,0,1,1
kumospace.com,40,0,1,1
lafibre.info,40,0,402,1
lagrowthmachine.com,40,0,15,1
land-book.com,40,0,19,1
latestfreestuff.co.uk,40,0,2,1
lecolefrancaise.fr,40,0,2,1
leptidigital.fr,40,0,4,1
linkody.com,40,0,4,1
linux.org.ru,40,0,2,1
livingnewdeal.org,40,0,22,1
lpgenerator.ru,40,0,1,1
mailmodo.com,40,0,5,1
managewp.com,40,0,4,1
marker.io,40,0,1,1
example.com,40,0,5,1
mery.jp,40,0,6,1
mgid.com,40,0,10,1
mhtwyat.com,40,0,2,1
midcounties.coop,40,0,1,1
milestoneinternet.com,40,0,1,1
mobil.se,40,0,1,1
modelesdebusinessplan.com,40,0,2,1
moderncampus.com,40,0,3,1
moneycrashers.com,40,0,1,1
moneyradar.org,40,0,2,1
monitor.hr,40,0,1,1
movidesk.com,40,0,1,1
musicraiser.net,40,0,2,1
mybb.com,40,0,7,1
nakedcapitalism.com,40,0,1,1
netinfluencer.com,40,0,1,1
oktopost.com,40,0,2,1
pacifichorticulture.org,40,0,12,1
packagecontrol.io,40,0,1,1
pagetraffic.com,40,0,1,1
paint.org,40,0,2,1
papaki.com,40,0,2,1
parse.ly,40,0,1,1
pctuning.cz,40,0,1,1
pdc.org,40,0,6,1
pikwizard.com,40,0,1,1
powerdigitalmarketing.com,40,0,2,1
ppymca.org,40,0,2,1
processwire.com,40,0,1,1
radioking.com,40,0,1,1
raygun.com,40,0,2,1
recruitcrm.io,40,0,18,1
redcircle.com,40,0,2,1
referralrock.com,40,0,1,1
refersion.com,40,0,7,1
reply.io,40,0,1,1
repvue.com,40,0,1,1
resourceumc.org,40,0,3,1
resumespice.com,40,0,1,1
revechat.com,40,0,1,1
rollercoaster.ie,40,0,4,1
rutab.net,40,0,1,1
school.blog,40,0,5,1
securitycompass.com,40,0,2,1
securitymagazine.com,40,0,1,1
seedprod.com,40,0,12,1
selectedfirms.co,40,0,1,1
seo.co,40,0,3,1
sessionize.com,40,0,1,1
sitelock.com,40,0,6,1
siteprice.org,40,0,13,1
sitly.it,40,0,8,1
skillcrush.com,40,0,2,1
skyword.com,40,0,2,1
smartcompany.com.au,40,0,2,1
smartlead.ai,40,0,1,1
societeinfo.com,40,0,1,1
socket.dev,40,0,10,1
sosmalus.eu,40,0,1,1
sotrender.com,40,0,1,1
soundi.fi,40,0,22,1
speckyboy.com,40,0,4051,1
springboard.com,40,0,2,1
stackshare.io,40,0,8,1
stahuj.cz,40,0,2,1
studentjob.es,40,0,1,1
superops.com,40,0,1,1
suvie.com,40,0,7,1
syncrosecure.com,40,0,7,1
tapfiliate.com,40,0,25,1
tarnkappe.info,40,0,4,1
tech.blog,40,0,10,1
techdirt.com,40,0,14,1
thecyberwire.com,40,0,1,1
theme.co,40,0,6,1
thesocialshepherd.com,40,0,1,1
thryv.com,40,0,1,1
thunderbit.com,40,0,44,1
tomferry.com,40,0,2,1
topdev.vn,40,0,10,1
toponseek.com,40,0,1,1
tpu.ro,40,0,4,1
tribeza.com,40,0,18,1
turkticaret.net,40,0,2,1
twine.net,40,0,9,1
ucaldas.edu.co,40,0,1,1
unasp.br,40,0,1,1
unbiased.com,40,0,2,1
uncutnews.ch,40,0,1,1
unite.ai,40,0,82,1
unraid.net,40,0,3,1
usebouncer.com,40,0,23,1
viajecomigo.com,40,0,1,1
video.blog,40,0,2,1
wareiq.com,40,0,1,1
wasmer.app,40,0,6,1
wearychef.com,40,0,2,1
webgains.com,40,0,1,1
wintotal.de,40,0,1,1
wiza.co,40,0,25,1
woobox.com,40,0,3,1
woorkup.com,40,0,46,1
workos.com,40,0,1,1
wpallimport.com,40,0,4,1
wpbeaverbuilder.com,40,0,6,1
wpmailsmtp.com,40,0,10,1
wpvip.com,40,0,1,1
zooboise.org,40,0,10,1
0115765.com,39,0,1,1
8theme.com,39,0,113684,1
aapg.org,39,0,180,1
absolutewrite.com,39,0,1,1
acapulcorestaurants.com,39,0,6,1
acxiom.com,39,0,1,1
addictivetips.com,39,0,1,1
agencyanalytics.com,39,0,1,1
aithority.com,39,0,2,1
akismet.com,39,0,5,1
almcorp.com,39,0,1,1
analyticssteps.com,39,0,3,1
anyword.com,39,0,1,1
apfeltalk.de,39,0,1,1
appwrite.io,39,0,1,1
apsense.com,39,0,7,1
art.blog,39,0,9,1
ausgezeichnet.org,39,0,1,1
bankfive.com,39,0,1,1
bardeen.ai,39,0,4,1
bell-foundation.org.uk,39,0,3,1
benchmarkone.com,39,0,139,1
big-i.ru,39,0,4,1
birdallianceoregon.org,39,0,2,1
birminghamal.org,39,0,2,1
bloggingwizard.com,39,0,1,1
bonneville.com,39,0,6,1
broadcast.com.br,39,0,1,1
bugherd.com,39,0,2,1
byline.network,39,0,184,1
calimoto.com,39,0,2,1
campustraining.es,39,0,3,1
careerflow.ai,39,0,2,1
carvertise.com,39,0,6,1
cheathappens.com,39,0,1,1
chicagodefender.com,39,0,20,1
clarity-ventures.com,39,0,4,1
cloudfest.com,39,0,7,1
cloudpanel.io,39,0,2,1
codeable.io,39,0,70,1
codester.com,39,0,3,1
commoninja.com,39,0,13,1
comradeweb.com,39,0,1,1
constructor.com,39,0,1,1
contentsnare.com,39,0,1,1
cozumpark.com,39,0,1,1
cphi-online.com,39,0,2,1
creativethemes.com,39,0,10,1
crossbeam.com,39,0,1,1
cssdesignawards.com,39,0,1,1
current-vacancies.com,39,0,1057,1
custify.com,39,0,2,1
cyberpanel.net,39,0,17,1
cyrekdigital.com,39,0,1,1
danpink.com,39,0,6,1
designbro.com,39,0,1,1
designshack.net,39,0,2567,1
designyourway.net,39,0,1,1
detailed.com,39,0,3,1
devby.io,39,0,2,1
diariocritico.com,39,0,1,1
digimind.com,39,0,3,1
digitalinformationworld.com,39,0,1,1
digitalsilk.com,39,0,2,1
diigo.com,39,0,38,1
diolinux.com.br,39,0,1,1
distantjob.com,39,0,1,1
dripify.com,39,0,3,1
drv.tw,39,0,1,1
easil.com,39,0,1,1
easywp.com,39,0,2,1
ecommerce-news.es,39,0,2,1
ecommerceguide.com,39,0,1,1
elfaleh.sa,39,0,66,1
elhacker.net,39,0,29,1
elmuseo.org,39,0,12,1
evergreen.media,39,0,2,1
eyeqindia.com,39,0,6,1
familysavvy.com,39,0,2,1
fet-ev.eu,39,0,2,1
flywheelsites.com,39,0,4,1
fortunly.com,39,0,1,1
forumstandaardisatie.nl,39,0,1,1
freelancermap.de,39,0,1,1
frenchdistrict.com,39,0,2,1
frwiki.wiki,39,0,1,1
futureplc.com,39,0,1,1
gastown.org,39,0,6,1
gempages.net,39,0,3,1
getbento.com,39,0,1,1
gihyo.jp,39,0,3,1
gitnux.org,39,0,231,1
gograpevine.com,39,0,2,1
golden.com,39,0,4,1
goodpods.com,39,0,30,1
gosuperscript.com,39,0,1,1
green.ch,39,0,1,1
helpcrunch.com,39,0,2,1
helpware.com,39,0,1,1
higherme.com,39,0,2,1
highervisibility.com,39,0,3,1
hostaway.com,39,0,1,1
hostingstep.com,39,0,7,1
howtostartanllc.org,39,0,2,1
hurma.work,39,0,1,1
hvzeeland.nl,39,0,1,1
hymntime.com,39,0,2,1
ibest.tw,39,0,1,1
icrossborderjapan.com,39,0,1,1
imasters.com.br,39,0,1,1
in2p3.fr,39,0,1,1
incrementors.com,39,0,1,1
independant.io,39,0,3,1
indianapolisrecorder.com,39,0,15,1
inriver.com,39,0,1,1
internetretailing.net,39,0,1,1
invasives.org.au,39,0,4,1
it.altervista.org,39,0,6,1
iwgplc.com,39,0,2,1
joinsecret.com,39,0,5,1
jollylearning.com,39,0,2,1
jriver.com,39,0,1,1
justanswer.de,39,0,9,1
justlovecoffeecafe.com,39,0,2,1
kzoo.edu,39,0,1,1
lamiafinanza.it,39,0,1,1
lcn.com,39,0,1,1
legalreader.com,39,0,1,1
letscast.fm,39,0,1,1
librariesunlimited.org.uk,39,0,2,1
loadview-testing.com,39,0,2,1
lucushost.com,39,0,1,1
luisazhou.com,39,0,1,1
lyra.com,39,0,1,1
manatal.com,39,0,6,1
marketer.ua,39,0,2,1
marketing91.com,39,0,2,1
marmoset.co,39,0,1,1
massive.io,39,0,1,1
meetingnotes.com,39,0,1,1
merca2.es,39,0,2,1
milyin.com,39,0,12,1
mirror.xyz,39,0,1,1
mitsue.co.jp,39,0,1,1
mockey.ai,39,0,1,1
monetag.com,39,0,3,1
monpetitdate.fr,39,0,1,1
moosend.com,39,0,3,1
mozfr.org,39,0,6,1
mssqltips.com,39,0,3,1
municipiospuebla.mx,39,0,1,1
murha.info,39,0,1,1
myskill.id,39,0,1,1
ncbar.org,39,0,1,1
neha.org,39,0,1,1
neoattack.com,39,0,3,1
netsolhost.com,39,0,1,1
newbreedrevenue.com,39,0,1,1
newscaststudio.com,39,0,43910,1
nicereply.com,39,0,1,1
nintex.com,39,0,1,1
nitropack.io,39,0,18,1
offidocs.com,39,0,1,1
oneeducation.org.uk,39,0,2,1
online-tech-tips.com,39,0,1,1
onlinesolutionsgroup.de,39,0,2,1
openviewpartners.com,39,0,1,1
oriontalent.com,39,0,4,1
osnews.com,39,0,4,1
osticket.com,39,0,1,1
owensborotimes.com,39,0,28,1
papercitymag.com,39,0,18,1
paraguay.com,39,0,1,1
pentagonmemorial.org,39,0,6,1
photoshopvip.net,39,0,15,1
plansource.com,39,0,2,1
plus-one.ru,39,0,1,1
pnt.cl,39,0,1,1
podcasts.nu,39,0,1,1
polishhousewife.com,39,0,1,1
popupsmart.com,39,0,7,1
portent.com,39,0,1,1
practicesuite.com,39,0,2,1
privacyshield.gov,39,0,1,1
proactiveinvestors.com.au,39,0,1,1
programminginsider.com,39,0,3,1
prohardver.hu,39,0,5,1
pulsarplatform.com,39,0,1,1
pulsetic.com,39,0,1,1
radinmalinblog.com,39,0,1,1
randolphcollege.edu,39,0,12,1
realtyna.com,39,0,8,1
recurly.com,39,0,1,1
remoterocketship.com,39,0,15,1
safmc.net,39,0,18,1
sarbacane.com,39,0,1,1
scorpion.co,39,0,1,1
scotlandsthemepark.com,39,0,12,1
seosherpa.com,39,0,6,1
shareaholic.com,39,0,4,1
shortsbrewing.com,39,0,6,1
siamblockchain.com,39,0,1,1
skytechosting.com,39,0,1,1
slickplan.com,39,0,1,1
smartbugmedia.com,39,0,3,1
sociality.io,39,0,1,1
solcocina.com,39,0,12,1
solidwp.com,39,0,1,1
someka.net,39,0,10,1
spencerfane.com,39,0,4,1
spreekbuis.nl,39,0,1,1
stevenpressfield.com,39,0,9,1
strathmore.edu,39,0,2,1
stylefactoryproductions.com,39,0,6,1
sujataappliances.com,39,0,6,1
surveylegend.com,39,0,2,1
sydneycatholic.org,39,0,4,1
sylvansport.com,39,0,12,1
syncromsp.com,39,0,1,1
targetinternet.com,39,0,23,1
tech4gamers.com,39,0,115,1
techtalkthai.com,39,0,1,1
techzine.nl,39,0,18,1
tele2.nl,39,0,1,1
testbirds.com,39,0,2,1
theaca.net.au,39,0,2,1
thecaptainsboil.com,39,0,18,1
thecurrency.news,39,0,4,1
themeaningmovement.com,39,0,8,1
thenationaltriallawyers.org,39,0,4,1
thephonelab.nl,39,0,3,1
thmanyah.com,39,0,1,1
thordata.com,39,0,1,1
thw-handball.de,39,0,1,1
ti.to,39,0,2,1
tmforum.org,39,0,2,1
totara.com,39,0,12,1
trendingus.com,39,0,1,1
tridentfunding.com,39,0,2,1
triyoga.co.uk,39,0,6,1
trufitathleticclubs.com,39,0,2,1
trustsignals.com,39,0,1,1
tulipfestival.ca,39,0,2,1
tuttibambini.com,39,0,2,1
twist.com,39,0,1,1
tycoonstory.com,39,0,3,1
u-jazdowski.pl,39,0,4,1
uniti.com,39,0,1,1
unsm.edu.pe,39,0,2,1
uplandbeer.com,39,0,6,1
uplead.com,39,0,3,1
vctr.media,39,0,2,1
verifiedmarketresearch.com,39,0,2,1
vervoe.com,39,0,6,1
vimexx.nl,39,0,1,1
virtuagym.com,39,0,1,1
voluum.com,39,0,1,1
websites.ca,39,0,2,1
westonaprice.org,39,0,1,1
wikihow.tech,39,0,1,1
wingsoverscotland.com,39,0,1,1
wonsulting.com,39,0,3,1
woodpecker.co,39,0,1,1
wpamelia.com,39,0,18,1
wpbakery.com,39,0,5,1
wsiworld.com,39,0,2,1
x-cmd.com,39,0,1,1
yespo.io,39,0,4,1
zencastr.com,39,0,1,1
zety.es,39,0,1,1
11ty.dev,38,0,13,1
168.am,38,0,1,1
360connect.com,38,0,6,1
360digitmg.com,38,0,2,1
actalentservices.com,38,0,1,1
adpushup.com,38,0,18,1
agilebrandguide.com,38,0,2,1
ahpa.com.au,38,0,3,1
ahrefs.jp,38,0,8,1
aleno.me,38,0,1,1
alsacreations.com,38,0,24,1
altapestcontrol.com,38,0,2,1
altares.com,38,0,1,1
alten.fr,38,0,1,1
americasblood.org,38,0,6,1
amraandelma.com,38,0,6,1
apisetu.gov.in,38,0,1,1
artsintegration.com,38,0,6,1
atakdomain.com,38,0,17,1
atlas.org,38,0,2,1
avada.com,38,0,7,1
avasam.com,38,0,4,1
awla.org,38,0,6,1
b12.io,38,0,3,1
backblazeb2.com,38,0,2,1
balloon-juice.com,38,0,1,1
bcbsfepvision.com,38,0,4,1
bearblog.dev,38,0,8,1
betweencarpools.com,38,0,4,1
beyondencryption.com,38,0,2,1
bigcommerce.co.uk,38,0,2,1
bmmagazine.co.uk,38,0,4,1
bpsinc.jp,38,0,5,1
brandyhq.com,38,0,3,1
bricksbuilder.io,38,0,2,1
campminder.com,38,0,1,1
capitalism.com,38,0,1,1
career.io,38,0,2,1
catholicvote.org,38,0,20,1
cherryblossom.org,38,0,6,1
chicagoautoshow.com,38,0,3,1
chinafy.com,38,0,1,1
chobi.net,38,0,4,1
chooselovemovement.org,38,0,1,1
clay.earth,38,0,10,1
clodura.ai,38,0,1,1
cm-alliance.com,38,0,1,1
cocodoc.com,38,0,1,1
codeburst.io,38,0,4,1
codeinstitute.net,38,0,1,1
coinlaw.io,38,0,1,1
computing.co.uk,38,0,1,1
comunique-se.com.br,38,0,1,1
contao.org,38,0,3,1
contently.com,38,0,1,1
coreserver.jp,38,0,1,1
crayon.co,38,0,1,1
crowdfundme.it,38,0,1,1
crown.edu,38,0,3,1
csdisco.com,38,0,1,1
cust.edu.pk,38,0,6,1
custom-writing.org,38,0,1,1
da-vinci.com.tw,38,0,3,1
dailyremote.com,38,0,36,1
dam-online.de,38,0,57,1
dash.app,38,0,1,1
dashbus.com,38,0,32,1
dealstream.com,38,0,4,1
debutify.com,38,0,4,1
derbyshire.sch.uk,38,0,15,1
developgoodhabits.com,38,0,1,1
devsdata.com,38,0,2,1
digitalscholar.in,38,0,1,1
diib.com,38,0,52,1
dino.com.br,38,0,2,1
divbyzero.com,38,0,3,1
docsbot.ai,38,0,1,1
dreamfactory.com,38,0,1,1
dreamjobs.hu,38,0,13,1
driva-eget.se,38,0,2,1
ecomm.design,38,0,30,1
elephantjournal.com,38,0,4,1
emailanalytics.com,38,0,1,1
embluemail.com,38,0,35,1
enchantedforest.org.uk,38,0,6,1
enviragallery.com,38,0,2,1
estuary.dev,38,0,1,1
europeanwatch.com,38,0,6,1
eurweb.com,38,0,1,1
feedvisor.com,38,0,4,1
fera.ai,38,0,2,1
fingent.com,38,0,4,1
finmark.com,38,0,1,1
firebearstudio.com,38,0,1,1
fitt.co,38,0,1,1
flowhunt.io,38,0,21,1
forklog.com,38,0,3,1
forten.nl,38,0,2,1
fourweekmba.com,38,0,1,1
fox47news.com,38,0,1,1
franchisewire.com,38,0,1,1
freelancersunion.org,38,0,2,1
freeup.net,38,0,1,1
frvta.org,38,0,2,1
gardencourtchambers.co.uk,38,0,2,1
getmagical.com,38,0,1,1
gfi.org,38,0,6,1
globalist.it,38,0,1,1
globaltrademag.com,38,0,1,1
golocad.com,38,0,3,1
greenbusinessbenchmark.com,38,0,1,1
gtwang.org,38,0,2,1
hada.io,38,0,9,1
harrisburgu.edu,38,0,1,1
haustechnikdialog.de,38,0,2,1
hcc.nl,38,0,3,1
healthymummy.com,38,0,16,1
helloworld.rs,38,0,6,1
hireez.com,38,0,1,1
hnn.us,38,0,1,1
homehost.com.br,38,0,1,1
homeiswheretheboatis.net,38,0,1,1
hoosierhomemade.com,38,0,1,1
hospitalitytech.com,38,0,1,1
hridaya-yoga.com,38,0,6,1
htcmania.com,38,0,4,1
iluminasi.com,38,0,1,1
imerit.net,38,0,2,1
immo2.pro,38,0,1,1
imocha.io,38,0,2,1
indieweb.org,38,0,5,1
industrialscripts.com,38,0,6,1
inkl.com,38,0,3,1
interodigital.com,38,0,1,1
invisioncommunity.com,38,0,3,1
iphoneincanada.ca,38,0,1,1
itewiki.fi,38,0,3,1
iupui.edu,38,0,1,1
jazz.fm,38,0,6,1
jobgether.com,38,0,15,1
joybound.org,38,0,6,1
karryon.com.au,38,0,2,1
kioskindustry.org,38,0,6,1
kiwisizing.com,38,0,1,1
kody.pl,38,0,11,1
landingfolio.com,38,0,13,1
larazon.pe,38,0,1,1
leanpub.com,38,0,1,1
leapxpert.com,38,0,1,1
legiit.com,38,0,5,1
libraries.io,38,0,21,1
lightgalleryjs.com,38,0,7,1
litextension.com,38,0,1,1
loevy.com,38,0,6,1
loewenstark.com,38,0,1,1
mailpoet.com,38,0,5,1
makefri.jp,38,0,1,1
mapakarier.org,38,0,1,1
mapp.com,38,0,2,1
marketerhire.com,38,0,1,1
meetime.com.br,38,0,2,1
meh.com,38,0,2,1
mentionlytics.com,38,0,1,1
mercos.com,38,0,1,1
mgt-commerce.com,38,0,3,1
michiganchronicle.com,38,0,22,1
mobilocard.com,38,0,1,1
monovm.com,38,0,2,1
moss.com,38,0,24,1
mozello.com,38,0,1,1
msp360.com,38,0,1,1
mtgrocks.com,38,0,12,1
museumcollection.tokyo,38,0,29,1
myshyft.com,38,0,22,1
navlungo.com,38,0,1,1
needmomentum.com,38,0,1,1
netify.ai,38,0,2,1
netigate.net,38,0,2,1
news.blog,38,0,17,1
nimtools.com,38,0,1,1
ninjaforms.com,38,0,16,1
norfipc.com,38,0,1,1
nung.edu.ua,38,0,10,1
oamk.fi,38,0,1,1
obot-ai.com,38,0,1,1
onfolio.com,38,0,2,1
onkelz.de,38,0,1,1
openads.co.kr,38,0,2,1
openlands.org,38,0,6,1
padsdogrescue.com,38,0,6,1
pagefly.io,38,0,1,1
paidmembershipspro.com,38,0,1,1
parspack.com,38,0,5,1
passionateinmarketing.com,38,0,1,1
pcinternational.co.za,38,0,6,1
pcsoft.fr,38,0,2,1
pedsendo.org,38,0,4,1
penji.co,38,0,1,1
perce-neige.org,38,0,2,1
personifycorp.com,38,0,1,1
pestleanalysis.com,38,0,1,1
petland.com,38,0,12,1
pisapapeles.net,38,0,1,1
platum.kr,38,0,2,1
practicepanther.com,38,0,1,1
primalecco.it,38,0,1,1
propeller.co.uk,38,0,1,1
propertycouncil.com.au,38,0,4,1
psu.by,38,0,2,1
pwd.com.au,38,0,1,1
quantfury.com,38,0,4,1
quizandsurveymaster.com,38,0,2,1
railsware.com,38,0,1,1
randox.com,38,0,24,1
raptive.com,38,0,1,1
redcross.ie,38,0,6,1
redsharkdigital.com,38,0,2,1
redtrack.io,38,0,2,1
relevantmagazine.com,38,0,579,1
reliablesoft.net,38,0,2,1
resident.com,38,0,1,1
restaurantsbrighton.co.uk,38,0,2,1
roots.io,38,0,263,1
rue-morgue.com,38,0,28,1
runcloud.io,38,0,1,1
sada.com,38,0,1,1
sangoma.com,38,0,2,1
sbersova.ru,38,0,1,1
scan2cad.com,38,0,1,1
scoreapp.com,38,0,2,1
searchenginewatch.com,38,0,6,1
security.nl,38,0,9,1
sedanos.com,38,0,1,1
seekahost.com,38,0,2,1
sendsmsnow.com,38,0,7,1
seohacks.net,38,0,1,1
sitebulb.com,38,0,4,1
skelligislands.com,38,0,6,1
slo-tech.com,38,0,20,1
sociabble.com,38,0,2,1
societyofauthors.org,38,0,12,1
sproutvideo.com,38,0,1,1
stevenscollege.edu,38,0,51,1
stispfa.org,38,0,4,1
storeleads.app,38,0,71,1
straightpress.jp,38,0,3,1
tableo.com,38,0,2,1
tahoedonner.com,38,0,6,1
tech.eu,38,0,1,1
technice.com.tw,38,0,1,1
techrseries.com,38,0,2,1
temple-news.com,38,0,9,1
textmaster.com,38,0,3,1
thelosangelesseo.company,38,0,1,1
themify.me,38,0,15,1
thenyhc.org,38,0,12,1
thomasnelson.com,38,0,45,1
tinet.cat,38,0,2,1
tokyoreporter.com,38,0,1,1
toolset.com,38,0,9,1
ucn.edu.co,38,0,1,1
unlayer.com,38,0,1,1
userguiding.com,38,0,2,1
ussnautilus.org,38,0,12,1
valiantceo.com,38,0,1,1
vanseodesign.com,38,0,5,1
vinahost.vn,38,0,2,1
vodien.com,38,0,8,1
voix.jp,38,0,26,1
w3c.github.io,38,0,6,1
websiteseguro.com,38,0,1,1
wedevs.com,38,0,7,1
weidert.com,38,0,1,1
wordlift.io,38,0,26,1
wp-kama.ru,38,0,4,1
wpromote.com,38,0,1,1
wpshout.com,38,0,95,1
xometry.eu,38,0,4,1
yoh.com,38,0,2,1
zaramis.se,38,0,1,1
zoey.com,38,0,1,1
121clicks.com,37,0,1,1
2minutetabletop.com,37,0,2,1
3rd-in.co.jp,37,0,9,1
50floor.com,37,0,2,1
51degrees.com,37,0,1,1
aaja.org,37,0,15,1
aanmelder.nl,37,0,2,1
aavmc.org,37,0,12,1
accuranker.com,37,0,2,1
acens.com,37,0,1,1
activatedinsights.com,37,0,15,1
adslgr.com,37,0,1,1
aestheticamagazine.com,37,0,4,1
agencyspotter.com,37,0,1,1
aizhan.com,37,0,1,1
aladdinshouston.com,37,0,1,1
algarvefun.com,37,0,1,1
all4ed.org,37,0,18,1
allergies-alimentaires.org,37,0,2,1
andsimple.co,37,0,3,1
archbee.com,37,0,2,1
asmp.org,37,0,1,1
asobou.co.jp,37,0,2,1
associatheque.fr,37,0,1,1
astoncarter.com,37,0,2,1
autofinancenews.net,37,0,2,1
awari.com.br,37,0,3,1
ays-pro.com,37,0,1,1
b2bnn.com,37,0,1,1
bigbuy.eu,37,0,1,1
biginterview.com,37,0,2,1
birchtree.me,37,0,1,1
blog-nouvelles-technologies.fr,37,0,1,1
blogvault.net,37,0,8,1
bluestarinc.com,37,0,1,1
bookafy.com,37,0,1,1
bookingpressplugin.com,37,0,7,1
bridgingapps.org,37,0,18,1
broadbandbreakfast.com,37,0,1,1
callhub.io,37,0,1,1
campaigner.com,37,0,4,1
canadiangunnutz.com,37,0,1,1
careeremployer.com,37,0,8,1
carevet.com,37,0,6,1
casarista.com,37,0,5,1
cases.media,37,0,1,1
cazaofertas.com.mx,37,0,6,1
celerdata.com,37,0,1,1
charitydigital.org.uk,37,0,1,1
cheapsslsecurity.com,37,0,1,1
chenahotsprings.com,37,0,9,1
ciencialatina.org,37,0,2,1
cleverconnect.com,37,0,3,1
climb-up.fr,37,0,4,1
cloudwaysapps.com,37,0,1,1
codeless.io,37,0,28,1
cognite.com,37,0,29,1
collegerecruiter.com,37,0,2,1
completehealth.com,37,0,6,1
comunicare.es,37,0,1,1
consolidatedcreditcanada.ca,37,0,2,1
contrary.com,37,0,14,1
contxto.com,37,0,8,1
convinceandconvert.com,37,0,1,1
copyhackers.com,37,0,1,1
cortex-intelligence.com,37,0,1,1
cvapp.es,37,0,1,1
delco.today,37,0,3,1
deliciousbrains.com,37,0,7,1
deployhq.com,37,0,2,1
der-bank-blog.de,37,0,1,1
desiblitz.com,37,0,4,1
design.co.kr,37,0,10,1
developpez.net,37,0,2,1
devops.dev,37,0,4,1
diariocarioca.com,37,0,6,1
digiato.com,37,0,1,1
digiday.jp,37,0,2,1
digital-coach.com,37,0,2,1
digitalvidya.com,37,0,2,1
digitalwebsolutions.com,37,0,4,1
dinamize.com.br,37,0,2,1
diyaudio.com,37,0,1,1
domsignal.com,37,0,1,1
easydigitaldownloads.com,37,0,9,1
electroiq.com,37,0,3,1
elit-web.ua,37,0,4,1
embryo.com,37,0,15,1
esparkinfo.com,37,0,5,1
esportegoiano.com.br,37,0,1,1
exa-corp.co.jp,37,0,1,1
findstack.com,37,0,7,1
firstinsight.com,37,0,1,1
fixya.com,37,0,4,1
fl-counties.com,37,0,3,1
fluentcrm.com,37,0,2,1
foodpoisoningbulletin.com,37,0,1,1
fornobravo.com,37,0,6,1
forsters.co.uk,37,0,10,1
gebbs.com,37,0,12,1
generalhydroponics.com,37,0,6,1
get.store,37,0,1,1
getflowbox.com,37,0,3,1
getpodcast.com,37,0,2,1
glarity.app,37,0,750,1
globalsecuritymag.fr,37,0,6,1
goeastmandarin.com,37,0,10,1
gooten.com,37,0,10,1
grafikart.fr,37,0,3,1
grasscity.com,37,0,2,1
gravitec.net,37,0,2,1
greenit.fr,37,0,3,1
hacktricks.wiki,37,0,17,1
harpercollinsfocus.com,37,0,2,1
heartinternet.uk,37,0,1,1
heptapod.net,37,0,4,1
heyorca.com,37,0,1,1
hipfoodiemom.com,37,0,1,1
hostarmada.com,37,0,2,1
hs-augsburg.de,37,0,1,1
huorong.cn,37,0,1,1
iclr.co.uk,37,0,1,1
ihs.com.tr,37,0,1,1
image360.com,37,0,3,1
imagely.com,37,0,3,1
impactmybiz.com,37,0,2,1
inbeat.co,37,0,1,1
industryselect.com,37,0,3,1
influency.me,37,0,1,1
infochretienne.com,37,0,1,1
instawp.com,37,0,3,1
istripper.com,37,0,22,1
itnetwork.cz,37,0,10,1
jakwybrachosting.pl,37,0,3,1
jamiiforums.com,37,0,1,1
jobforum.tw,37,0,1,1
jonathanturley.org,37,0,2,1
kalaidos-fh.ch,37,0,1,1
kinsta.cloud,37,0,659,1
klientboost.com,37,0,4,1
kota.co.uk,37,0,1,1
kulturbanause.de,37,0,4,1
kunstplaza.de,37,0,9,1
kusd.edu,37,0,41,1
kutisfuneralhomes.com,37,0,2,1
kxlh.com,37,0,1,1
laravel-news.com,37,0,3,1
leadersinsport.com,37,0,2,1
legalcommunity.it,37,0,2,1
lemmy.world,37,0,6,1
lespep.org,37,0,2,1
linkneverdie.net,37,0,4,1
localiq.co.uk,37,0,2,1
lowendtalk.com,37,0,24,1
ltheme.com,37,0,2,1
lumen.me,37,0,2,1
ma.tt,37,0,1129,1
maddevs.io,37,0,1,1
madebyshape.co.uk,37,0,2,1
magestore.com,37,0,1,1
magnetoitsolutions.com,37,0,2,1
makemywebsite.com.au,37,0,1,1
malcare.com,37,0,12,1
mamavation.com,37,0,1,1
mariehaynes.com,37,0,4,1
marijuana-anonymous.org,37,0,6,1
mdirector.com,37,0,3,1
mdm.com,37,0,1,1
megaport.hu,37,0,1,1
mobiloud.com,37,0,8,1
morgridge.org,37,0,6,1
myrouteapp.com,37,0,1,1
mysoftware.de,37,0,2889,1
nationalhellenicmuseum.org,37,0,2,1
netokracija.com,37,0,10,1
netpeaksoftware.com,37,0,1,1
netsolutions.com,37,0,4,1
neustadt-ticker.de,37,0,1,1
nicejob.com,37,0,1,1
nidbox.com,37,0,1,1
notebookcheck.biz,37,0,1,1
notebookcheck.org,37,0,1,1
olark.com,37,0,2,1
one-tab.com,37,0,78,1
onlinemediamasters.com,37,0,155,1
oom.com.sg,37,0,1,1
openminds.com,37,0,4,1
operaroyal-versailles.fr,37,0,4,1
optimizepress.com,37,0,12,1
outdoorretailer.com,37,0,2,1
overclockzone.com,37,0,8,1
oxfordsummercourses.com,37,0,2,1
pageonepower.com,37,0,1,1
paperblog.com,37,0,23,1
paperlesspipeline.com,37,0,1,1
paperstreet.com,37,0,1,1
parallelhq.com,37,0,4,1
patchstack.com,37,0,3,1
peerspot.com,37,0,40,1
periodicopublicidad.com,37,0,1,1
physio-network.com,37,0,2,1
pinegrow.com,37,0,2,1
pixteller.com,37,0,2,1
popsciarabia.com,37,0,1,1
portail-ie.fr,37,0,1,1
ppc.land,37,0,2,1
prehost.com,37,0,1,1
primaryarmsoptics.com,37,0,2,1
privacycanada.net,37,0,1,1
proofed.co.uk,37,0,2,1
prosperitymedia.com.au,37,0,2,1
psc.org,37,0,1,1
pub.be,37,0,30,1
punycoder.com,37,0,1,1
quickstart.com,37,0,2,1
quivo.co,37,0,1,1
quotecatalog.com,37,0,12,1
radacutlery.com,37,0,2,1
raidboxes.io,37,0,13,1
rattibha.com,37,0,8,1
recrutei.com.br,37,0,1,1
redsea.gov.eg,37,0,3,1
reltio.com,37,0,1,1
rentechdigital.com,37,0,3,1
replug.io,37,0,2,1
revolutionehr.com,37,0,1,1
riseuplabs.com,37,0,1,1
romstation.fr,37,0,1,1
root.cz,37,0,3,1
rootsandshoots.org,37,0,2,1
rumba.fi,37,0,18,1
rwrant.co.za,37,0,2,1
saijogeorge.com,37,0,2,1
sdm.fi,37,0,1,1
searchlogistics.com,37,0,14,1
secondchanceanimals.org,37,0,6,1
segmentfault.com,37,0,1,1
sellbrite.com,37,0,1,1
selva-i.co.jp,37,0,1,1
serpwatch.io,37,0,2,1
shopkick.com,37,0,3,1
singlegrain.com,37,0,14,1
smtp.com,37,0,1,1
sor.ro,37,0,8,1
sortlist.co.uk,37,0,1,1
speakrj.com,37,0,6,1
stanventures.com,37,0,1,1
stateofdigitalpublishing.com,37,0,15,1
stl.tech,37,0,2,1
stockmann.ee,37,0,2,1
stream.org,37,0,15,1
stthomassource.com,37,0,2,1
studiosamo.it,37,0,2,1
studyworkgrow.com,37,0,1,1
suffolkcommunitylibraries.co.uk,37,0,2,1
superprofile.bio,37,0,1,1
talkphotography.co.uk,37,0,1,1
tapperietbrus.dk,37,0,8,1
tbreak.com,37,0,2493,1
techaheadcorp.com,37,0,1,1
techdogs.com,37,0,1,1
technadu.com,37,0,1,1
techwireasia.com,37,0,1,1
teratail.com,37,0,27,1
testlify.com,37,0,6,1
theirstack.com,37,0,5,1
themexpert.com,37,0,2,1
thenewsletterplugin.com,37,0,1,1
theopenscholar.com,37,0,3,1
theretailexec.com,37,0,5,1
thespermbankofca.org,37,0,6,1
thewp.world,37,0,162,1
thiswaytocpa.com,37,0,1,1
thrivethemes.com,37,0,4,1
totalbug.com,37,0,1,1
tourisme-marseille.com,37,0,1,1
trafficthinktank.com,37,0,1,1
tralert.com,37,0,2,1
true.nl,37,0,1,1
ttc.com,37,0,6,1
upsun.com,37,0,2,1
usawatchdog.com,37,0,1,1
utilly.ne.jp,37,0,3,1
vaadata.com,37,0,2,1
vectorlogo.zone,37,0,2,1
verzdesign.com,37,0,1,1
virtualinternships.com,37,0,2,1
visitrauland.com,37,0,3,1
vista.today,37,0,2,1
volleyballmag.com,37,0,6,1
voxlog.fr,37,0,2,1
webcompat.com,37,0,1,1
webdevstudios.com,37,0,4,1
webmarketing-com.com,37,0,3,1
webtoffee.com,37,0,4,1
wegotthiscovered.com,37,0,1,1
white-link.com,37,0,1,1
whitepeakdigital.com,37,0,4,1
wikieducator.org,37,0,1,1
wildcodeschool.com,37,0,3,1
workitdaily.com,37,0,10,1
wpcontent.io,37,0,134,1
wptavern.com,37,0,25,1
wpwebinfotech.com,37,0,1,1
write.as,37,0,1,1
wwwhatsnew.com,37,0,1,1
wz2100.net,37,0,1,1
xolo.io,37,0,1,1
xrea.jp,37,0,3,1
zammad.com,37,0,1,1
zeo.org,37,0,6,1
zumvu.com,37,0,13,1
zuplo.com,37,0,2,1
1password.community,36,0,2,1
3dverkstan.se,36,0,1,1
4programmers.net,36,0,5,1
a2xaccounting.com,36,0,2,1
accelerationpartners.com,36,0,2,1
acodez.in,36,0,1,1
acquire.io,36,0,2,1
adsy.com,36,0,4,1
affiliateprogramdb.com,36,0,2,1
affiversemedia.com,36,0,2,1
agencybloc.com,36,0,3,1
agitano.com,36,0,1,1
alphastreet.com,36,0,2,1
alten.com,36,0,2,1
amino.dk,36,0,26,1
answersocrates.com,36,0,1,1
arabiaalliance.org,36,0,88,1
arcxp.com,36,0,1,1
arlo.co,36,0,2,1
artnavi.yokohama,36,0,32,1
ascendientlearning.com,36,0,1,1
asgam.com,36,0,6,1
astronomynow.com,36,0,2,1
astutegraphics.com,36,0,2,1
atatus.com,36,0,1,1
audreytips.com,36,0,13,1
aulab.it,36,0,2,1
authentic8.com,36,0,2,1
avow.tech,36,0,1,1
bdow.com,36,0,1,1
beckersdental.com,36,0,1,1
beetween.fr,36,0,2,1
bejamas.com,36,0,18,1
best-assurances.com,36,0,1,1
beyondjapan.com,36,0,5,1
bhwp.org,36,0,22,1
biostars.org,36,0,1,1
bizboost.co.jp,36,0,4,1
blackfire.io,36,0,1,1
bldup.com,36,0,1,1
bloopanimation.com,36,0,2,1
bobbooks.com,36,0,6,1
bobcares.com,36,0,1,1
bookingkit.com,36,0,3,1
boostability.com,36,0,3,1
brainzmagazine.com,36,0,1,1
breakdance.com,36,0,1,1
brukerspatialbiology.com,36,0,6,1
businessanywhere.io,36,0,2,1
buttondown.com,36,0,5,1
cardinaldigitalmarketing.com,36,0,1,1
catalunyapress.es,36,0,1,1
cederroth.com,36,0,2,1
chargesyndrome.org,36,0,6,1
chemist2u.com.au,36,0,2,1
chipax.com,36,0,1,1
chriscoyier.net,36,0,1,1
cirrusinsight.com,36,0,1,1
clearwavefiber.com,36,0,5,1
clickdo.co.uk,36,0,3,1
clippings.me,36,0,3,1
cloudcannon.com,36,0,1,1
clubdesk.com,36,0,1,1
cmscritic.com,36,0,15,1
codedamn.com,36,0,2,1
companionlink.com,36,0,51,1
contentmarketingworld.com,36,0,6,1
cosmeticsandtoiletries.com,36,0,1,1
creativism.id,36,0,7,1
credera.com,36,0,12,1
crunchify.com,36,0,2,1
cuspera.com,36,0,144,1
dailyhodl.com,36,0,1,1
daniweb.com,36,0,8,1
datagrail.io,36,0,1,1
datocms.com,36,0,1,1
davidicke.com,36,0,2,1
devopedia.org,36,0,2,1
dianisa.com,36,0,2,1
digitad.ca,36,0,3,1
digitalhungary.hu,36,0,3,1
dolthub.com,36,0,2,1
domotz.com,36,0,1,1
dryoun.com,36,0,12,1
dux-soup.com,36,0,3,1
dynamitejobs.com,36,0,6,1
e2msolutions.com,36,0,7,1
easo.org,36,0,4,1
ec-force.com,36,0,1,1
ecommercefulfilment.com,36,0,2,1
ecstech.com,36,0,6,1
edgedelta.com,36,0,2,1
eduardklein.com,36,0,3,1
emdria.org,36,0,4,1
enlyft.com,36,0,1,1
enostech.com,36,0,1,1
facelift-bbt.com,36,0,4,1
fastcomet.com,36,0,3,1
fasterskier.com,36,0,1,1
fatrank.com,36,0,1,1
fieldroutes.com,36,0,1,1
findthatlead.com,36,0,1,1
findymail.com,36,0,1,1
fireart.studio,36,0,1,1
firstpage.com.au,36,0,1,1
flet.dev,36,0,2,1
floship.com,36,0,1,1
formester.com,36,0,1,1
forum.ge,36,0,2,1
freelancewritinggigs.com,36,0,2,1
freemius.com,36,0,8,1
freethoughtblogs.com,36,0,1,1
frontnieuws.com,36,0,48,1
fullstackpython.com,36,0,1,1
fundacred.org.br,36,0,1,1
gajihub.com,36,0,1,1
getbutterfly.com,36,0,2,1
givewp.com,36,0,5,1
glasp.co,36,0,73,1
globalempowermentmission.org,36,0,12,1
goblusky.com,36,0,6,1
goingconcern.com,36,0,2,1
goodwinrecruiting.com,36,0,3,1
gopenai.com,36,0,1,1
gpuopen.com,36,0,1,1
gpwa.org,36,0,2,1
grazitti.com,36,0,7,1
gritdaily.com,36,0,1,1
growthmarketingpro.com,36,0,3,1
gumlet.com,36,0,1,1
gvrealtors.ca,36,0,1,1
hacked.com,36,0,1,1
hawkemedia.com,36,0,1,1
healthsolutions.org,36,0,6,1
healthwave.ie,36,0,2,1
herenow.film,36,0,1,1
hexmos.com,36,0,2,1
himeshima.jp,36,0,6,1
hitconsultant.net,36,0,2,1
hobo-web.co.uk,36,0,1,1
horticultureunlimited.com,36,0,12,1
host-students.com,36,0,4,1
hostingcanada.org,36,0,7,1
hostitsmart.com,36,0,2,1
hypothes.is,36,0,87,1
idcrawl.com,36,0,1,1
ilstu.edu,36,0,3,1
impactotic.co,36,0,3,1
indianonlineseller.com,36,0,1,1
infidigit.com,36,0,1,1
infos-it.fr,36,0,1,1
innerfrench.com,36,0,3,1
innotechtoday.com,36,0,2,1
integrisit.com,36,0,1,1
internet2.edu,36,0,5,1
iobroker.net,36,0,2,1
ipcamtalk.com,36,0,1,1
ismartrecruit.com,36,0,6,1
itvdn.com,36,0,2,1
jacksonsystems.com,36,0,24,1
jeremybackpacker.com,36,0,1,1
jewishboard.org,36,0,6,1
joomla.fr,36,0,16,1
judge.com,36,0,5,1
justplainbusiness.com,36,0,2,1
kelas.work,36,0,2,1
keywordmap.jp,36,0,1,1
knowtechie.com,36,0,20698,1
kondis.no,36,0,1,1
kriesi.at,36,0,40,1
kulfiy.com,36,0,1,1
lanoticia.com,36,0,6,1
learningrevolution.net,36,0,2,1
lecoindunet.com,36,0,1,1
lifeflight.org,36,0,2,1
lingualinx.com,36,0,1,1
localsearchforum.com,36,0,1,1
lucy.ne.jp,36,0,1,1
lux-life.digital,36,0,1,1
maestrolabs.com,36,0,2,1
mailcoms.co.uk,36,0,2,1
mailgenius.com,36,0,3,1
marinsoftware.com,36,0,4,1
marketing-management.io,36,0,1,1
martal.ca,36,0,10,1
meteli.net,36,0,3,1
milligan.edu,36,0,2,1
millionaire.it,36,0,150,1
mind-verse.de,36,0,10,1
misionverdad.com,36,0,2,1
moh.gr,36,0,2,1
montco.today,36,0,2,1
motopress.com,36,0,16,1
mufon.com,36,0,12,1
najlepsibukmacherzy.pl,36,0,2,1
nbisd.org,36,0,1,1
neolo.com,36,0,7,1
newdigitalage.co,36,0,3,1
newphilosopher.com,36,0,3,1
newpittsburghcourier.com,36,0,28,1
nomeatathlete.com,36,0,2,1
nonprofitpro.com,36,0,1,1
nordicapis.com,36,0,1,1
noticiasformosa.com.ar,36,0,1,1
ntiva.com,36,0,1,1
omvusa.org,36,0,14,1
oncrawl.com,36,0,1,1
oneupweb.com,36,0,2,1
onlinedesignteacher.com,36,0,1,1
openlegacy.com,36,0,1,1
osint.industries,36,0,1,1
ouillade.eu,36,0,4,1
outreachdesk.com,36,0,1,1
outreachmagazine.com,36,0,2,1
oxford.co.za,36,0,2,1
oxygenbuilder.com,36,0,2,1
ozarks.edu,36,0,84,1
packhelp.com,36,0,4,1
page.tl,36,0,18,1
paperflite.com,36,0,1,1
paragraphai.com,36,0,2,1
parapluiedecherbourg.com,36,0,2,1
pathways-ky.org,36,0,12,1
paymentcloudinc.com,36,0,1,1
pepper.inc,36,0,9,1
phlox.pro,36,0,1,1
planetdetroit.org,36,0,6,1
planetnogomet.si,36,0,2,1
podcastinsights.com,36,0,10,1
podscan.fm,36,0,4,1
portotheme.com,36,0,39698,1
ppcgeeks.co.uk,36,0,1,1
pregnancy.com.au,36,0,2,1
pressidium.com,36,0,6,1
proglib.io,36,0,1,1
punxsutawneyspirit.com,36,0,1,1
purplecv.co.uk,36,0,1,1
question2answer.org,36,0,1,1
quickbutik.com,36,0,1,1
quintafuerza.mx,36,0,4,1
ramper.com.br,36,0,3,1
ratracerebellion.com,36,0,2,1
recipecard.io,36,0,9,1
red5.net,36,0,1,1
rennes-infos-autrement.fr,36,0,1,1
reputationx.com,36,0,2,1
resultfirst.com,36,0,1,1
revo-hospitality-group.com,36,0,4,1
reytheme.com,36,0,3,1
robotmylife.com.au,36,0,2,1
sacda.org,36,0,14,1
sap.je,36,0,3,1
sasquatchchronicles.com,36,0,15,1
satoristudio.net,36,0,110,1
saturdaytradition.com,36,0,16,1
schoolcues.com,36,0,1,1
scripted.com,36,0,3,1
seedtable.com,36,0,3,1
sendy.co,36,0,2,1
seo-hacker.com,36,0,1,1
seobook.com,36,0,383685,1
seodesignchicago.com,36,0,26,1
seoinc.com,36,0,8,1
seoreseller.com,36,0,1,1
seotesting.com,36,0,1,1
shared-server.net,36,0,1,1
sienanews.it,36,0,1,1
sir.kr,36,0,2,1
sitly.es,36,0,6,1
smartslider3.com,36,0,3,1
sonetel.com,36,0,2,1
spectora.com,36,0,2,1
spectrummagazine.org,36,0,10,1
spotsaas.com,36,0,2,1
sqmagazine.co.uk,36,0,1,1
stakers.com,36,0,7,1
startplatz.de,36,0,1,1
sturgeoncounty.ca,36,0,6,1
syllaby.io,36,0,2,1
synthflow.ai,36,0,1,1
talentedladiesclub.com,36,0,1,1
talkinfrench.com,36,0,2,1
tarhely.eu,36,0,1,1
teambath.com,36,0,2,1
teamretro.com,36,0,53,1
techgrapple.com,36,0,1,1
techslang.com,36,0,1,1
terra.money,36,0,6,1
testimonial.to,36,0,1,1
thatware.co,36,0,1,1
thedallasseocompany.com,36,0,17,1
theeventscalendar.com,36,0,25,1
theguitarlesson.com,36,0,4,1
thepaymentsassociation.org,36,0,1,1
thestrategystory.com,36,0,1,1
thetradeshownetwork.com,36,0,1,1
thewebsiteflip.com,36,0,1,1
thimpress.com,36,0,9,1
thrivemyway.com,36,0,1,1
timly.com,36,0,3,1
titanhq.com,36,0,2,1
tms-outsource.com,36,0,2,1
tokioschool.com,36,0,2,1
toprankmarketing.com,36,0,1,1
trueprofit.io,36,0,1,1
trustmyscience.com,36,0,4,1
udpu.edu.ua,36,0,2,1
uisdc.com,36,0,4,1
ukbusinessforums.co.uk,36,0,6,1
unbabel.com,36,0,1,1
unlimited-elements.com,36,0,4,1
upel.edu.ve,36,0,5,1
upflip.com,36,0,1,1
urbansplatter.com,36,0,1,1
vestacp.com,36,0,3,1
vitaldesign.com,36,0,1,1
vitepress.dev,36,0,19,1
w3counter.com,36,0,44,1
warriorforum.com,36,0,7,1
wearetenet.com,36,0,1,1
web-kanji.com,36,0,1,1
webastro.net,36,0,1,1
webst8.com,36,0,1,1
webtribunal.net,36,0,3,1
well-known.dev,36,0,57,1
weremoto.com,36,0,1,1
whatdigitalcamera.com,36,0,3,1
whtop.com,36,0,6595,1
workamajig.com,36,0,1,1
workandmoney.com,36,0,3,1
worldmetrics.org,36,0,103,1
wp301redirects.com,36,0,1,1
wpfr.net,36,0,678,1
wpoven.com,36,0,1,1
wpreset.com,36,0,3,1
wpzoom.com,36,0,12,1
writeupcafe.com,36,0,2,1
x2vol.com,36,0,1,1
xiaoyuzhoufm.com,36,0,1,1
xref.com,36,0,1,1
xygeni.io,36,0,2,1
yiminshum.com,36,0,7,1
zipwp.com,36,0,1,1
zoftwarehub.com,36,0,11,1
zubtitle.com,36,0,5,1
10up.com,35,0,12,1
2stable.com,35,0,6,1
abakus-internet-marketing.de,35,0,6,1
acquisa.de,35,0,4,1
activetrail.fr,35,0,1,1
adasisrael.org,35,0,2,1
affiliatewp.com,35,0,2,1
afpafitness.com,35,0,1,1
agenciaseo.eu,35,0,1,1
agoravox.fr,35,0,2,1
agrigentooggi.it,35,0,1,1
ahnenforschung.net,35,0,3,1
aimojo.io,35,0,39,1
aimresearch.co,35,0,2,1
ajws.org,35,0,6,1
apogea.fr,35,0,1,1
appacademy.io,35,0,1,1
appetiser.com.au,35,0,2,1
apptractor.ru,35,0,2,1
arabpsychology.com,35,0,6,1
arival.travel,35,0,2,1
armlur.am,35,0,1,1
artistcommunities.org,35,0,1,1
asianabsolute.co.uk,35,0,2,1
associationdatabase.com,35,0,1,1
atlantadailyworld.com,35,0,48,1
authory.com,35,0,4,1
avivdigital.in,35,0,1,1
azurodigital.com,35,0,3,1
babyopkomst.nl,35,0,6,1
bagisto.com,35,0,1,1
bearandsoncutlery.com,35,0,12,1
belajarlagi.id,35,0,1,1
beomniscient.com,35,0,3,1
bigcommerce.com.au,35,0,3,1
bitcoinist.com,35,0,4,1
bloomberry.com,35,0,6,1
bluleadz.com,35,0,1,1
bookkeepers.com,35,0,1,1
boxinginsider.com,35,0,1,1
brafton.co.uk,35,0,1,1
brandvm.com,35,0,2,1
buchszene.de,35,0,3,1
buddy.works,35,0,2,1
business.blog,35,0,55,1
careersidekick.com,35,0,2,1
catlintucker.com,35,0,4,1
catskillsvisitorcenter.org,35,0,6,1
catwalkyourself.com,35,0,1,1
censys.com,35,0,2,1
centrehifi.com,35,0,2,1
cleverism.com,35,0,5,1
codedesign.ai,35,0,14,1
collabim.cz,35,0,4,1
collegeinfogeek.com,35,0,1,1
commercegurus.com,35,0,6,1
como.fi,35,0,10,1
compudemano.com,35,0,1,1
computerhilfen.de,35,0,1,1
coniferhealth.com,35,0,6,1
conteenium.fr,35,0,2,1
cosn.org,35,0,4,1
coywolf.com,35,0,2,1
crazydomains.co.nz,35,0,1,1
crazyfamilyadventure.com,35,0,1,1
creativedestructionlab.com,35,0,2,1
criptotendencias.com,35,0,2,1
curlie.org,35,0,7,1
cwescene.com,35,0,4,1
cyberhoot.com,35,0,1,1
cyware.com,35,0,1,1
dazzet.co,35,0,1,1
ddosecrets.com,35,0,1,1
designer-daily.com,35,0,3,1
designsystemscollective.com,35,0,1,1
devx.com,35,0,4,1
digitaledge.org,35,0,8,1
diskusjon.no,35,0,3,1
dissolve.com,35,0,1,1
dogado.de,35,0,1,1
dokan.co,35,0,4,1
dorik.com,35,0,8,1
dotcom-tools.com,35,0,1,1
duocircle.com,35,0,29,1
easyverein.com,35,0,4,1
editorninja.com,35,0,3,1
edrone.me,35,0,20,1
encharge.io,35,0,3,1
energynow.com,35,0,6,1
engineer-factory.com,35,0,1,1
enterpriseleague.com,35,0,1,1
essential-addons.com,35,0,10,1
esslinger.com,35,0,2,1
europeanbusinessreview.com,35,0,7,1
eventespresso.com,35,0,1,1
every.tv,35,0,1,1
evricareer.com,35,0,1,1
exabytes.sg,35,0,7,1
expandi.io,35,0,3,1
expresslegalfunding.com,35,0,465,1
ffvelo.fr,35,0,8,1
filintomota.pt,35,0,2,1
findmyshift.com,35,0,7,1
fitgap.com,35,0,2,1
flatimes.com,35,0,16,1
flightsim.com,35,0,2,1
folge.me,35,0,1,1
footballcanada.com,35,0,20,1
forem.com,35,0,674,1
forobeta.com,35,0,63,1
fosterfuels.com,35,0,2,1
fotomuseum.ch,35,0,2,1
fritanke.se,35,0,2,1
frontier-enterprise.com,35,0,1,1
fuelcycle.com,35,0,6,1
fxp.co.il,35,0,4,1
gepard.io,35,0,1,1
getafollower.com,35,0,2,1
gfy.com,35,0,8,1
ghanabusinessnews.com,35,0,1,1
giftee.co.jp,35,0,1,1
go4hosting.in,35,0,1,1
go4it.ro,35,0,1,1
gomet.net,35,0,3,1
gotha-aktuell.info,35,0,1,1
gramener.com,35,0,1,1
gratissoftwaresite.nl,35,0,2,1
griffithobservatory.org,35,0,12,1
grovearcade.com,35,0,2,1
growth.design,35,0,1,1
gustotv.com,35,0,2,1
hackajob.com,35,0,2,1
halton.com,35,0,2,1
hamanasi.com,35,0,6,1
hamilton.com.pl,35,0,106,1
handwiki.org,35,0,12,1
harpa.ai,35,0,1,1
herohunt.ai,35,0,3,1
hifi-forum.de,35,0,1,1
highscalability.com,35,0,66,1
honadi.com,35,0,9,1
hornbyhobbies.com,35,0,6,1
hostpress.de,35,0,6,1
husohem.se,35,0,2,1
icecat.com,35,0,1,1
icrewplay.com,35,0,1,1
ifex.org,35,0,60,1
iimskills.com,35,0,2,1
illinoispain.com,35,0,2,1
ilprimatonazionale.it,35,0,2,1
imimediation.org,35,0,1,1
informatik-aktuell.de,35,0,1,1
inmobiliare.com,35,0,12,1
innovatopia.jp,35,0,2,1
intellectualtakeout.org,35,0,18,1
ioflood.com,35,0,1,1
iret.media,35,0,3,1
it-akademija.com,35,0,1,1
it-impresa.it,35,0,1,1
itechpost.com,35,0,4,1
ithelps-digital.com,35,0,5,1
ithy.com,35,0,89,1
jeffbullas.com,35,0,4,1
jfc.org.il,35,0,12,1
jgzrichtlijnen.nl,35,0,2,1
jim.com,35,0,1,1
kanopi.com,35,0,2,1
khalilstemmler.com,35,0,1,1
kingmagazine.se,35,0,8,1
klazify.com,35,0,13,1
knowadays.com,35,0,2,1
kobedigital.com,35,0,11,1
kode24.no,35,0,1,1
lamchame.com,35,0,1,1
landscapemanagement.net,35,0,26,1
languageconnections.com,35,0,1,1
lawfuel.com,35,0,6,1
les-mathematiques.net,35,0,2,1
lesimprimantes3d.fr,35,0,1,1
lestoilesheroiques.fr,35,0,53,1
letsbuildup.org,35,0,1,1
lifewithkleekai.com,35,0,1,1
lifterlms.com,35,0,9,1
lightspeedhq.be,35,0,3,1
lilys.ai,35,0,1,1
limeup.io,35,0,1,1
logoworks.com,35,0,1,1
looking-for-soccer.com,35,0,2,1
lookingglasstheatre.org,35,0,8,1
mailtarget.co,35,0,3,1
mambaandmambacita.org,35,0,6,1
mara-solutions.com,35,0,6,1
mark43.com,35,0,1,1
markamonitor.hu,35,0,1,1
markuphero.com,35,0,1,1
matchmaker.fm,35,0,1,1
maven-silicon.com,35,0,1,1
medhacloud.com,35,0,1,1
mediasource.mx,35,0,3,1
meditricks.de,35,0,2,1
megaphone.com.au,35,0,2,1
metropole.ht,35,0,14,1
michaelwest.com.au,35,0,2,1
mindcraftstories.ro,35,0,1,1
mirago.com.br,35,0,2,1
miva.com,35,0,3,1
mondo.com,35,0,2,1
more-fire.com,35,0,1,1
mso-digital.de,35,0,1,1
mtarget.co,35,0,3,1
museumsandheritage.com,35,0,2,1
myeli.fr,35,0,1,1
myelisting.com,35,0,1,1
mykitchenescapades.com,35,0,2,1
myprivatevillas.com,35,0,2,1
myrobin.id,35,0,2,1
neodove.com,35,0,2,1
netshow.me,35,0,1,1
newsfromme.com,35,0,259,1
newsismybusiness.com,35,0,10,1
nextbigfuture.com,35,0,17,1
nicole-automobiles.com,35,0,6,1
nict.ind.in,35,0,1,1
ninjapromo.io,35,0,2,1
noelse.com,35,0,1,1
nordicwelfare.org,35,0,2,1
ntg24.de,35,0,1,1
onecom.co.uk,35,0,1,1
onely.com,35,0,2,1
onestock-retail.com,35,0,1,1
onextrapixel.com,35,0,21,1
opinioes-verificadas.com,35,0,4,1
orderwise.co.uk,35,0,1,1
oska.com,35,0,2,1
outreach.com,35,0,4,1
parachutedesign.ca,35,0,51,1
payomatic.com,35,0,18,1
peakace.fr,35,0,1,1
periodicolavoz.com.mx,35,0,1,1
phillips-safety.com,35,0,2,1
phishdestroy.io,35,0,1,1
photo-works.net,35,0,1,1
platform9.com,35,0,1,1
plytix.com,35,0,3,1
podkasty.info,35,0,2,1
portkey.ai,35,0,18,1
portogente.com.br,35,0,1,1
productmint.com,35,0,1,1
prosites.com,35,0,2,1
proxify.io,35,0,21,1
pursuitlending.com,35,0,1,1
qqtn.com,35,0,1,1
ratepay.com,35,0,2,1
reallygooddesigns.com,35,0,1,1
recruitingdaily.com,35,0,9692,1
redhotcyber.com,35,0,1,1
regiondigital.com,35,0,1,1
requestly.com,35,0,1,1
revelo.com,35,0,1,1
rfidjournal.com,35,0,3,1
rightinbox.com,35,0,3,1
rightpeoplegroup.com,35,0,1,1
ringy.com,35,0,1,1
royalhistsoc.org,35,0,4,1
rtl-theme.com,35,0,1,1
salkunrakentaja.fi,35,0,1,1
sbisoccer.com,35,0,28,1
sbras.ru,35,0,1,1
scalenut.com,35,0,1,1
scalingo.com,35,0,3,1
schwarzmueller.com,35,0,2,1
scstrti.in,35,0,1,1
sendspark.com,35,0,1,1
shecancode.io,35,0,1,1
sifted.com,35,0,1,1
sjofartstidningen.se,35,0,3,1
skooldio.com,35,0,1,1
smartbe.be,35,0,2,1
softwaremill.com,35,0,2,1
softwaretestingmaterial.com,35,0,1,1
soloist.ai,35,0,1,1
somewhereinblog.net,35,0,2,1
sortlist.nl,35,0,2,1
sotor.com,35,0,1,1
spiralytics.com,35,0,1,1
stonesoup.com,35,0,12,1
storyly.io,35,0,1,1
stylemixthemes.com,35,0,40,1
superchat.com,35,0,1,1
superdispatch.com,35,0,1,1
synup.com,35,0,1,1
talentica.com,35,0,1,1
techfunnel.com,35,0,3,1
technet.org,35,0,6,1
techrobot.com,35,0,2,1
techwyse.com,35,0,1,1
tekpon.com,35,0,1,1
teletype.in,35,0,2,1
testdriven.io,35,0,1,1
the-american-interest.com,35,0,96,1
thecommondesk.com,35,0,1,1
thecyberexpress.com,35,0,1,1
thefulfillmentlab.com,35,0,2,1
themehunk.com,35,0,47,1
thenationalpulse.com,35,0,10,1
theomm.com,35,0,12,1
theopolisinstitute.com,35,0,2,1
thestadiumbusiness.com,35,0,4,1
thewpweekly.com,35,0,67,1
thinkherrmann.com,35,0,1,1
thoughtexchange.com,35,0,2,1
tigertech.net,35,0,1,1
topdevelopers.co,35,0,2,1
trackdesk.com,35,0,1,1
truehost.com.ng,35,0,14,1
trustedshops.it,35,0,1,1
ttias.be,35,0,1,1
tuberous-sclerosis.org,35,0,6,1
twaino.com,35,0,127,1
tychesoftwares.com,35,0,17,1
uitgeverijbalans.nl,35,0,2,1
uitzinnig.nl,35,0,1,1
unboundb2b.com,35,0,1,1
uniformg.edu.br,35,0,6,1
upqode.com,35,0,2,1
uxcel.com,35,0,2,1
verifi.com,35,0,1,1
verimatrix.com,35,0,2,1
vervecopilot.com,35,0,30,1
visitwoodstockga.com,35,0,8,1
warosu.org,35,0,1,1
wbhof.com,35,0,12,1
wealthyaffiliate.com,35,0,37,1
weaversorchard.com,35,0,6,1
websitesetup.org,35,0,4,1
webzdarma.cz,35,0,3,1
wechselpilot.com,35,0,1,1
westpaciq.com.au,35,0,1,1
whc.ca,35,0,12,1
wholegraindigital.com,35,0,13,1
widzialni.pl,35,0,1,1
windowsblogitalia.com,35,0,1,1
wiserreview.com,35,0,1,1
wmaraci.com,35,0,14,1
wp-search.org,35,0,48,1
wpcreative.com.au,35,0,1,1
wpexperts.io,35,0,7,1
wployalty.net,35,0,1,1
x10hosting.com,35,0,4,1
zipdo.co,35,0,145,1
1ps.ru,34,0,1,1
abp.io,34,0,7,1
actexpo.com,34,0,12,1
administrator.de,34,0,16,1
adncuba.com,34,0,1,1
advisorpedia.com,34,0,4,1
aerosusa.com,34,0,12,1
affdays.com,34,0,1,1
agenciaeplus.com.br,34,0,7,1
aimarketingengineers.com,34,0,2,1
ainow.ai,34,0,1,1
aitnews.com,34,0,3,1
akash.network,34,0,1,1
aksaradata.id,34,0,1,1
analytify.io,34,0,5,1
animalhealthaustralia.com.au,34,0,3,1
architecturalplants.com,34,0,6,1
arena.im,34,0,1,1
artemis.marketing,34,0,1,1
artversion.com,34,0,2,1
ascodocpsy.org,34,0,1,1
assembla.com,34,0,3,1
atpsoftware.vn,34,0,1,1
attentioninsight.com,34,0,1,1
aubergine.co,34,0,1,1
avada.io,34,0,3,1
avalaunchmedia.com,34,0,1,1
axiapr.com,34,0,1,1
ayudawp.com,34,0,4,1
balstokyo.com,34,0,1,1
bannockcounty.gov,34,0,3,1
barn2.com,34,0,11,1
bcdental.org,34,0,2,1
beefpoint.com.br,34,0,6,1
bellewoodcottage.com,34,0,2,1
bessans.com,34,0,2,1
bioinformant.com,34,0,2,1
biostock.se,34,0,8,1
bloggerspassion.com,34,0,24,1
bloggingx.com,34,0,5,1
blogsky.com,34,0,67,1
blueberry.nu,34,0,2,1
blueknob.com,34,0,12,1
boltburdonkemp.co.uk,34,0,2,1
bookabook.it,34,0,4,1
bookitit.com,34,0,1,1
brandglowup.com,34,0,1,1
brizy.io,34,0,34,1
bucksco.today,34,0,2,1
buildersociety.com,34,0,5,1
camp-firefox.de,34,0,17,1
captiv8.io,34,0,1,1
car.blog,34,0,5,1
cbphysicaltherapy.com,34,0,12,1
cedem.org.ua,34,0,1,1
ceek.jp,34,0,2,1
centralmosque.co.uk,34,0,2,1
cepatlakoo.com,34,0,1,1
ceramic.school,34,0,1,1
cersa.org,34,0,1,1
cev.com,34,0,1,1
chainplay.gg,34,0,1,1
cincopa.com,34,0,1,1
circlesstudio.com,34,0,2,1
claspo.io,34,0,3,1
cnbeta.com.tw,34,0,1,1
code4lib.org,34,0,1,1
codedthemes.com,34,0,1,1
coderslink.com,34,0,2,1
cointelegraph.es,34,0,2,1
colormango.com,34,0,17,1
colorwhistle.com,34,0,5,1
compose.ly,34,0,2,1
comprar-seguidores.info,34,0,1,1
consid.com,34,0,1,1
contactohoy.com.mx,34,0,21,1
contentwriters.com,34,0,1,1
cosmicjs.com,34,0,7,1
cpaptalk.com,34,0,1,1
craftbeeraustin.com,34,0,1,1
craigcampbellseo.com,34,0,1,1
crazydomains.com,34,0,2,1
createcultivate.com,34,0,2,1
crowdfireapp.com,34,0,1,1
cssauthor.com,34,0,3,1
ctomagazine.com,34,0,1,1
customerthink.com,34,0,1,1
cyfe.com,34,0,2,1
cysticfibrosisnewstoday.com,34,0,1,1
dandomain.dk,34,0,1,1
daniellelaporte.com,34,0,2,1
data.blog,34,0,19,1
datainsightsmarket.com,34,0,5,1
developmentbank.wales,34,0,1,1
devrant.com,34,0,1,1
df.eu,34,0,2,1
directadmin.com,34,0,6,1
diviflash.com,34,0,8,1
dixmilleheures.fr,34,0,3,1
dobuss.es,34,0,1,1
domesticpreparedness.com,34,0,2,1
doorifymls.com,34,0,1,1
dornerconveyors.com,34,0,10,1
duplicator.com,34,0,49,1
e55.se,34,0,1,1
earlychildhoodireland.ie,34,0,45,1
ecomhunt.com,34,0,2,1
ecosyste.ms,34,0,45,1
editorialmd.com,34,0,2,1
electric.ai,34,0,2,1
elitetrader.com,34,0,2,1
elmens.com,34,0,2,1
elsner.com,34,0,1,1
energynow.ca,34,0,38,1
enic.pk,34,0,2,1
entrepreneurshiplife.com,34,0,1,1
entreresource.com,34,0,1,1
error-daizenn.hatenablog.com,34,0,4,1
ethnews.com,34,0,12,1
eventos.tokyo,34,0,1,1
everydaymarketing.co,34,0,1,1
evidensia.no,34,0,24,1
exoclick.com,34,0,1,1
exposureninja.com,34,0,2,1
ezycourse.com,34,0,3,1
faccat.br,34,0,2,1
fdli.org,34,0,6,1
featureupvote.com,34,0,1,1
feg.de,34,0,1,1
finainews.com,34,0,3,1
fingerspitz.nl,34,0,1,1
fintelconnect.com,34,0,3,1
fittingbox.com,34,0,2,1
flatlogic.com,34,0,1,1
flexradio.com,34,0,6,1
flow.ninja,34,0,1,1
flow.team,34,0,1,1
forkandbeans.com,34,0,1,1
founderjar.com,34,0,85,1
free-reseau.fr,34,0,3,1
fringearts.com,34,0,6,1
fuckingyoung.es,34,0,16,1
fundraisingbox.com,34,0,1,1
funnelkit.com,34,0,2,1
genwords.com,34,0,1,1
germany.ru,34,0,5,1
getcredo.com,34,0,13,1
giosg.com,34,0,1,1
gitflic.ru,34,0,3,1
glassdoor.at,34,0,2,1
glenwoodnyc.com,34,0,2,1
goaffpro.com,34,0,1,1
goharness.com,34,0,2,1
googiehost.com,34,0,41,1
gourmetmarketing.net,34,0,1,1
govzalla.com,34,0,1,1
gozen.io,34,0,2,1
gracethemes.com,34,0,5,1
gracker.ai,34,0,6,1
graphicdesigneye.com,34,0,1,1
greenlining.org,34,0,8,1
greptile.com,34,0,1,1
greydogsoftware.com,34,0,1,1
grupatense.pl,34,0,1,1
haerting.de,34,0,2,1
harnham.com,34,0,2,1
harpercollinschristian.com,34,0,4,1
hautetfort.com,34,0,31,1
hawkhost.com,34,0,2,1
heinzmarketing.com,34,0,2,1
helpster.de,34,0,1,1
highfieldboats.com,34,0,2,1
highload.tech,34,0,3,1
hinnavaatlus.ee,34,0,2,1
hipeople.io,34,0,1,1
hireawriter.us,34,0,1,1
holyrooddistillery.co.uk,34,0,21,1
homestoriesatoz.com,34,0,1,1
hostcreators.sk,34,0,6,1
howtoforge.com,34,0,2,1
httparchive.org,34,0,5,1
i-programmer.info,34,0,2,1
imaginarycloud.com,34,0,6,1
imooc.com,34,0,16,1
infarrantlycreative.net,34,0,1,1
innovatorsunder35.com,34,0,2,1
institutedata.com,34,0,10,1
internationaltrucks.com,34,0,1,1
intuition-software.com,34,0,2,1
irelandwebsitedesign.com,34,0,2,1
ironistic.com,34,0,1,1
isoc.org,34,0,1,1
itsourcecode.com,34,0,2,1
itwelt.at,34,0,1,1
jasminedirectory.com,34,0,1,1
jivochat.es,34,0,4,1
joingenius.com,34,0,2,1
joyn.eu,34,0,10,1
juandemariana.org,34,0,1,1
julioastillero.com,34,0,5,1
kalungi.com,34,0,1,1
kitrum.com,34,0,1,1
krieghoff.com,34,0,9,1
kroxam.com,34,0,12,1
lakegenevacountrymeats.com,34,0,6,1
laneros.com,34,0,1,1
leaders.com,34,0,1,1
learnbay.co,34,0,1,1
learningseo.io,34,0,4,1
learntocodewith.me,34,0,35,1
leffatykki.com,34,0,180,1
lightwidget.com,34,0,3,1
liveyourmessage.com,34,0,1,1
livinghaus.de,34,0,1,1
logmeonce.com,34,0,1,1
luigisbox.com,34,0,1,1
mageworx.com,34,0,3,1
magnet4blogging.net,34,0,3,1
mailmunch.com,34,0,3,1
mammalweb.org,34,0,1,1
mappinggis.com,34,0,1,1
mariushosting.com,34,0,1,1
marketersmedia.com,34,0,3,1
marketforces.org.au,34,0,6,1
marketgoo.com,34,0,3,1
marketingfacts.nl,34,0,1,1
materiel-aquatique.com,34,0,6,1
melbourneasiareview.edu.au,34,0,2,1
merchantriskcouncil.org,34,0,1,1
metabox.io,34,0,4,1
milled.com,34,0,6,1
millennialmoney.com,34,0,1,1
minecraft-server.eu,34,0,1,1
miposicionamientoweb.es,34,0,4,1
mobilemarketingmagazine.com,34,0,1,1
moduscreate.com,34,0,1,1
monet.asia,34,0,12,1
mozello.lv,34,0,1,1
mozillaitalia.org,34,0,1,1
msxfaq.de,34,0,3,1
mundocuentas.com,34,0,1,1
mvix.com,34,0,1,1
mycodelesswebsite.com,34,0,12,1
nationaldairyfarm.com,34,0,14,1
nationwidetrailers.com,34,0,2,1
nealschaffer.com,34,0,13,1
nemaa.org,34,0,26,1
neocamino.com,34,0,2,1
neuron.com,34,0,2,1
nicoclub.com,34,0,1,1
nicolascoolman.eu,34,0,1,1
nieuwsuitberkelland.nl,34,0,1,1
notimeforflashcards.com,34,0,1,1
nptechforgood.com,34,0,7,1
nqt.fr,34,0,2,1
nrspp.org.au,34,0,2,1
ntra.com,34,0,2,1
omf.ngo,34,0,28,1
ondho.com,34,0,1,1
onemob.com,34,0,2,1
onmascout.de,34,0,6,1
openmarketsinstitute.org,34,0,2,1
opulens.se,34,0,1,1
otterly.ai,34,0,2,1
outfunnel.com,34,0,1,1
outgrow.co,34,0,14,1
packetlabs.net,34,0,1,1
pair.com,34,0,4,1
pal-robotics.com,34,0,12,1
palcofirst.com,34,0,8,1
paragraph.com,34,0,13,1
parcdesbauges.com,34,0,1,1
perfmatters.io,34,0,21,1
personalitycafe.com,34,0,1,1
petterssonsblogg.se,34,0,1,1
pkmedier.dk,34,0,2,1
poststatus.com,34,0,10873,1
postsyncer.com,34,0,1,1
powr.io,34,0,17,1
pravda-tv.com,34,0,1,1
prettylinks.com,34,0,15,1
prim.net,34,0,2,1
prodesigntools.com,34,0,2548,1
produccioncientificaluz.org,34,0,5,1
prontomarketing.com,34,0,25,1
proranktracker.com,34,0,2,1
publicwww.com,34,0,73,1
quickmail.com,34,0,1,1
radioslibres.net,34,0,1,1
radiustheme.com,34,0,9,1
raenest.com,34,0,1,1
rankings.io,34,0,1,1
rantaustudio.com,34,0,1,1
redspotdesign.com,34,0,1,1
refo-sumu.jp,34,0,2,1
reputationdefender.com,34,0,3,1
resonaterecordings.com,34,0,4,1
resumonk.com,34,0,2,1
rewardexpert.com,34,0,8,1
ribbonfarm.com,34,0,2,1
riseatseven.com,34,0,1,1
risingwave.com,34,0,9,1
safes.so,34,0,2,1
sagapixel.com,34,0,1,1
saleshive.com,34,0,1,1
salesintel.io,34,0,2,1
salesql.com,34,0,2,1
santamarinasteta.mx,34,0,3,1
say-hi.me,34,0,1,1
scanwp.net,34,0,3,1
schulhomepage.de,34,0,2,1
science.blog,34,0,22,1
scrupp.com,34,0,1,1
searchinfluence.com,34,0,1,1
sentora.org,34,0,9,1
seomonitor.com,34,0,2,1
sevalla.com,34,0,320,1
shad.ca,34,0,6,1
shakuro.com,34,0,4,1
shipsy.io,34,0,1,1
showcaseidx.com,34,0,2,1
sidehustles.com,34,0,1,1
simplemachines.org,34,0,4,1
simpleprogrammer.com,34,0,2,1
simultrans.com,34,0,2,1
sir-apfelot.de,34,0,1,1
sixthcitymarketing.com,34,0,2,1
skillhub.jp,34,0,3,1
smartosc.com,34,0,3,1
smdailypress.com,34,0,2,1
sngular.com,34,0,2,1
sobot.io,34,0,1,1
socialmediastrategiessummit.com,34,0,2,1
soliloquywp.com,34,0,1,1
sonj.org,34,0,6,1
sortlist.be,34,0,3,1
southernag.com,34,0,2,1
sparxitsolutions.com,34,0,4,1
startadam.com,34,0,1,1
startupsavant.com,34,0,2,1
stuff.co.za,34,0,3,1
summitsearchgroup.com,34,0,2,1
supergrow.ai,34,0,1,1
superookie.com,34,0,1,1
swovo.com,34,0,4,1
tabnews.com.br,34,0,23,1
tcoyd.org,34,0,12,1
techaeris.com,34,0,1,1
techedt.com,34,0,1,1
technext24.com,34,0,2,1
technicalwriterhq.com,34,0,5,1
tendancehightech.com,34,0,1,1
terakeet.com,34,0,1,1
theboutiquehub.com,34,0,2,1
thegreenwebfoundation.org,34,0,7941,1
themediaonline.co.za,34,0,4,1
thenewshouse.com,34,0,1,1
theright.fit,34,0,1,1
thesportreview.com,34,0,1,1
theticketingbusiness.com,34,0,28,1
thewhitelabelagency.com,34,0,13,1
theybf.com,34,0,1,1
thinkmobiles.com,34,0,1,1
tino.vn,34,0,4,1
title-generator.com,34,0,1,1
tooljet.ai,34,0,2,1
traffictail.com,34,0,5,1
trescanorthend.com,34,0,6,1
turbolab.it,34,0,1,1
ukwebhostreview.com,34,0,7,1
under30ceo.com,34,0,1,1
uppromote.com,34,0,7,1
uran.ua,34,0,1,1
usaherald.com,34,0,1,1
vahvike.fi,34,0,4,1
velneo.com,34,0,1,1
verblio.com,34,0,1,1
vielfliegertreff.de,34,0,1,1
viget.com,34,0,1,1
vizion.com,34,0,1,1
wanderlusters.com,34,0,1,1
washinmura.jp,34,0,6,1
webdesign-inspiration.com,34,0,35,1
webnode.com.co,34,0,1,1
webnus.net,34,0,10,1
websitex5.com,34,0,69,1
wecantrack.com,34,0,1,1
werf-en.nl,34,0,82,1
whogohost.com,34,0,3,1
wildinart.co.uk,34,0,2,1
wingassistant.com,34,0,1,1
wiredimpact.com,34,0,1,1
wizishop.com,34,0,1,1
worthofweb.com,34,0,3,1
wp-umbrella.com,34,0,93,1
wp101.com,34,0,4,1
wpdean.com,34,0,3,1
xano.com,34,0,2,1
xoverland.com,34,0,12,1
yakult.de,34,0,1,1
yansmedia.com,34,0,2,1
yeeply.com,34,0,1,1
youaligned.com,34,0,2,1
zeabur.com,34,0,6,1
zerogravitymarketing.com,34,0,1,1
zhaket.com,34,0,1,1
zkipster.com,34,0,1,1
zoomcatalog.com,34,0,1,1
4dem.it,33,0,1,1
4geeks.com,33,0,4,1
981thehawk.com,33,0,1,1
abetterlemonadestand.com,33,0,20,1
acadium.com,33,0,2,1
adent.io,33,0,1,1
adspyglass.com,33,0,2,1
agencyjet.com,33,0,8,1
agentur-fuer-haushaltshilfe.de,33,0,4,1
aiq.com,33,0,4,1
allblogthings.com,33,0,1,1
alltechmagazine.com,33,0,1,1
almond.eu,33,0,3,1
als-mnd.org,33,0,46,1
aquacomputer.de,33,0,3,1
aquilapp.fr,33,0,2,1
archedinburgh.org,33,0,2,1
arkbark.net,33,0,6,1
athemes.com,33,0,3,1
atrium.ai,33,0,2,1
aurorasginjoint.com,33,0,1,1
austinpride.org,33,0,24,1
axbom.com,33,0,6,1
azfoodbanks.org,33,0,2,1
b24.am,33,0,1,1
bbpress.org,33,0,74,1
beconfident.app,33,0,1,1
bensonwood.com,33,0,6,1
bicyclingaustralia.com.au,33,0,2,1
biennaleofsydney.art,33,0,4,1
bigscoots.com,33,0,2,1
bitpush.news,33,0,1,1
blandinfoundation.org,33,0,2,1
bloggingpro.com,33,0,4,1
blogher.com,33,0,1,1
booksirens.com,33,0,1,1
bp-guide.id,33,0,2,1
brightonmet.ac.uk,33,0,2,1
broker-test.de,33,0,16,1
bsaoptics.com,33,0,2,1
buddypress.org,33,0,4,1
caba.org.uk,33,0,1,1
cach3.com,33,0,89,1
cachefly.com,33,0,1,1
capturely.com,33,0,1,1
caramellaapp.com,33,0,1,1
cardenalcisneros.es,33,0,1,1
catolicasc.org.br,33,0,1,1
cawthron.org.nz,33,0,6,1
ccab.org,33,0,12,1
chemicloud.com,33,0,1,1
cipher.co.th,33,0,9,1
ciragreen.com,33,0,6,1
cityselfstorage.no,33,0,2,1
cityway.fr,33,0,6,1
civicarx.org,33,0,6,1
cleansd.org,33,0,6,1
cliquestudios.com,33,0,2,1
closelyhq.com,33,0,2,1
codilar.com,33,0,1,1
coffeebar.com,33,0,2,1
colibriwp.com,33,0,1,1
collective.work,33,0,1,1
colliersengineering.com,33,0,3,1
contactpigeon.com,33,0,6,1
contactsplus.com,33,0,1,1
contentmavericks.com,33,0,18,1
cooalliance.com,33,0,1,1
cookwithkenyon.com,33,0,6,1
copypress.com,33,0,1,1
coredna.com,33,0,3,1
cornish.edu,33,0,3,1
craftwork.design,33,0,1,1
creacionblog.com,33,0,706,1
creator-hero.com,33,0,4,1
curator.io,33,0,1,1
dailystory.com,33,0,1,1
daishinto.co.jp,33,0,6,1
dashclicks.com,33,0,8,1
debianforum.de,33,0,8,1
decoratoradvice.com,33,0,1,1
designbeep.com,33,0,9,1
designhouse.co.kr,33,0,6,1
designworklife.com,33,0,1,1
devoxsoftware.com,33,0,1,1
devzery.com,33,0,4,1
diarioantofagasta.cl,33,0,12,1
diggitymarketing.com,33,0,2,1
digify.com,33,0,14,1
digipeak.org,33,0,1,1
digiscorp.com,33,0,1,1
digitalmarketingcommunity.com,33,0,2,1
digitalsummit.com,33,0,1,1
divoche.media,33,0,1,1
dmarcreport.com,33,0,1,1
dnlomnimedia.com,33,0,1,1
dodropshipping.com,33,0,2,1
dollopcoffee.com,33,0,6,1
downtownfrederick.org,33,0,2,1
dream.website,33,0,5,1
ducttapemarketing.com,33,0,1,1
easy-quizzz.com,33,0,1,1
eclincher.com,33,0,2,1
ecogujju.com,33,0,2,1
elisabethelliot.org,33,0,6,1
elkcove.com,33,0,6,1
entrepreneurhandbook.co.uk,33,0,2,1
ephratacloister.org,33,0,6,1
esden.es,33,0,1,1
eventflare.io,33,0,1,1
exchangepress.com,33,0,12,1
expressinfo.cz,33,0,1,1
ffb1.com,33,0,1,1
finanstid.se,33,0,23,1
findmyshift.co.uk,33,0,1,1
fisioscience.it,33,0,2,1
flarum.org,33,0,4,1
flockler.com,33,0,4,1
flowium.com,33,0,3,1
fnege.org,33,0,1,1
fonzi.ai,33,0,4,1
forgeandsmith.com,33,0,2,1
forsatnet.ir,33,0,6,1
forumosa.com,33,0,2,1
francecanape.com,33,0,2,1
fullyvested.com,33,0,2,1
futureb2b.com,33,0,3,1
galacticfed.com,33,0,1,1
gauravtiwari.org,33,0,21,1
gbca.au,33,0,6,1
getaawp.com,33,0,3,1
getfocal.ai,33,0,6,1
getgenie.ai,33,0,11,1
globalcybersecuritynetwork.com,33,0,1,1
goodtech.info,33,0,2,1
govbackgroundchecks.com,33,0,34,1
growmeorganic.com,33,0,2,1
gsmchina.com,33,0,4,1
gtu.edu,33,0,3,1
gtvseo.com,33,0,1,1
gun.io,33,0,1,1
hdcourse.com,33,0,1,1
heatinghelp.com,33,0,1,1
hirequest.com,33,0,6,1
holori.com,33,0,1,1
hostingvergelijker.nl,33,0,3,1
hund.io,33,0,1,1
hyperping.com,33,0,2,1
ideagrove.com,33,0,2,1
idstrong.com,33,0,2,1
igms.com,33,0,2,1
imarkinfotech.com,33,0,1,1
impactmedia.co.uk,33,0,2,1
index.dev,33,0,1,1
industrytoday.com,33,0,1,1
inferno.fi,33,0,12,1
infoq.cn,33,0,5,1
insidea.com,33,0,13,1
insmart.cz,33,0,1,1
intergeneration.ch,33,0,10,1
intuz.com,33,0,2,1
invedus.com,33,0,1,1
iranserver.com,33,0,5,1
iredmail.org,33,0,1,1
ispsystem.ru,33,0,2,1
itchronicles.com,33,0,1,1
joincolossus.com,33,0,6,1
jollylearning.co.uk,33,0,2,1
joomshaper.com,33,0,3,1
joomunited.com,33,0,3,1
jumpdashroll.com,33,0,2,1
kadist.org,33,0,15,1
kanbox.io,33,0,1,1
kas-sai.jp,33,0,1,1
kcrep.org,33,0,6,1
kernrafting.com,33,0,6,1
kicklox.com,33,0,1,1
kingsbridge.co.uk,33,0,1,1
klinik-st-georg.de,33,0,6,1
kodinerds.net,33,0,1,1
komplettbedrift.no,33,0,1,1
kruikenstad.nl,33,0,2,1
lambandhayward.co.nz,33,0,2,1
laweconcenter.org,33,0,2,1
leaderonomics.com,33,0,1,1
leadfuze.com,33,0,4,1
learnaboutfilm.com,33,0,3,1
leelinesourcing.com,33,0,9,1
les-docus.com,33,0,1,1
lesjoforsab.com,33,0,8,1
lesmoutonsenrages.fr,33,0,2,1
libhunt.com,33,0,156,1
lifelearn.com,33,0,1,1
lifesight.io,33,0,1,1
lifewest.edu,33,0,2,1
likes.org,33,0,2,1
lingarogroup.com,33,0,1,1
linuxguides.de,33,0,20,1
littletiger.co.uk,33,0,24,1
longleafalliance.org,33,0,12,1
longshot.ai,33,0,2,1
lullabot.com,33,0,1,1
macsources.com,33,0,1,1
magicbell.com,33,0,2,1
magnalister.com,33,0,3,1
mailup.com,33,0,2,1
mamboserver.com,33,0,6,1
marconomy.de,33,0,1,1
marke-media.net,33,0,2,1
mediahindustan.com,33,0,1,1
mediaupdate.co.za,33,0,8,1
merchynt.com,33,0,1,1
mhthemes.com,33,0,5,1
micro.blog,33,0,44,1
mikekhorev.com,33,0,1,1
millennialmagazine.com,33,0,1,1
millo.co,33,0,1,1
miralab.co.jp,33,0,1,1
mirrorreview.com,33,0,2,1
missionandshrine.org,33,0,3,1
mittrarabia.com,33,0,4,1
mobileecosystemforum.com,33,0,2,1
modeln.com,33,0,1,1
mombeach.com,33,0,1,1
momentumvirtualtours.com,33,0,1,1
moodeaudio.org,33,0,15,1
moontechnolabs.com,33,0,1,1
mooveagency.com,33,0,2,1
morningstarco.com,33,0,12,1
morrishouse.com.au,33,0,2,1
motocms.com,33,0,5,1
mountengadine.com,33,0,6,1
musicajazz.it,33,0,8,1
mychromebook.fr,33,0,1,1
mythemeshop.com,33,0,5,1
naavik.co,33,0,1,1
nachtzug.net,33,0,14,1
nasp.com,33,0,2,1
natureexplore.org,33,0,108,1
nelsoncounty-va.gov,33,0,44,1
netcash.co.za,33,0,1,1
netcup.de,33,0,44,1
netscribes.com,33,0,1,1
netspi.com,33,0,1,1
netstrategy.it,33,0,1,1
netweters.be,33,0,2,1
newlanarkhotel.co.uk,33,0,2,1
niceboard.co,33,0,1,1
niobehosting.com,33,0,1,1
nmpf.org,33,0,2,1
nodejs.cn,33,0,6,1
npm.io,33,0,6,1
nucamp.co,33,0,45,1
nuxtseo.com,33,0,2,1
nyons.com,33,0,1,1
o8.agency,33,0,1,1
oaec.org,33,0,3,1
oeru.org,33,0,2,1
onemonth.com,33,0,1,1
onyxcollection.com,33,0,12,1
opentools.ai,33,0,2,1
optimcareers.com,33,0,1,1
orases.com,33,0,1,1
ordineavvocatigenova.it,33,0,18,1
orinocotribune.com,33,0,1,1
orson.io,33,0,4,1
ottawalife.com,33,0,1,1
ottocar.co.uk,33,0,4,1
ourvillage.org.au,33,0,2,1
outsidethebeltway.com,33,0,1,1
pakwired.com,33,0,1,1
paperblog.fr,33,0,8,1
parkstreet.org,33,0,6,1
pasja-informatyki.pl,33,0,5,1
pejsen.com,33,0,2,1
pelaaja.fi,33,0,34,1
perishablepress.com,33,0,2,1
phgmag.com,33,0,1,1
phonexa.com,33,0,2,1
phpbb.de,33,0,4,1
phptherightway.com,33,0,6,1
picuino.com,33,0,6,1
pixc.com,33,0,1,1
playlister.app,33,0,1,1
position.digital,33,0,1,1
pqs.pe,33,0,1,1
prodigies.com,33,0,2,1
profiletree.com,33,0,23,1
promorepublic.com,33,0,1,1
publish0x.com,33,0,8,1
qoblex.com,33,0,2,1
rankingmasters.nl,33,0,1,1
realize.com,33,0,1,1
redilat.org,33,0,6,1
redmonk.com,33,0,2,1
rehabspot.com,33,0,2,1
remio.ai,33,0,2,1
remoters.net,33,0,1,1
rentalscaleup.com,33,0,2,1
repetier.com,33,0,2,1
revistaeconomia.com,33,0,3,1
rightpoint.com,33,0,1,1
rikvin.com,33,0,6,1
rivalmind.com,33,0,1,1
ronins.co.uk,33,0,1,1
rspcahalifaxhuddersfieldbradford.org.uk,33,0,4,1
russbrown.com,33,0,8,1
sales-hacking.com,33,0,10,1
saludiario.com,33,0,3,1
savethevideo.net,33,0,1,1
scielo.pt,33,0,1,1
screenshotone.com,33,0,3,1
seahawkmedia.com,33,0,2884,1
seahawksdraftblog.com,33,0,1,1
securitysales.com,33,0,148,1
selbstaendig-im-netz.de,33,0,2,1
selleo.com,33,0,1,1
seolinks.co.il,33,0,1,1
seoscout.com,33,0,1,1
shardeum.org,33,0,2,1
shoplo.com,33,0,1,1
sliedrecht24.nl,33,0,25,1
social-media-abc.de,33,0,1,1
sociallyin.com,33,0,1,1
southeastasiaglobe.com,33,0,3,1
spanishrevolution.net,33,0,2,1
sport-oesterreich.at,33,0,2,1
sportbh.nl,33,0,2,1
squarepeg.vc,33,0,1,1
ssw.com.au,33,0,2,1
stackinfluence.com,33,0,4,1
startupbros.com,33,0,2,1
startupdaily.net,33,0,1,1
startupnation.com,33,0,3,1
stellar.io,33,0,6,1
stgilestrust.org.uk,33,0,2,1
stoneinjurylawyers.com,33,0,3,1
stuurlui.nl,33,0,3,1
submittable.help,33,0,1,1
supanet.com,33,0,2,1
supermonitoring.com,33,0,1,1
surveyeah.com,33,0,8,1
swell-theme.com,33,0,1,1
switchonbusiness.com,33,0,3,1
synamedia.com,33,0,1,1
talktools.com,33,0,2,1
techgenyz.com,33,0,1,1
technologychecker.io,33,0,1,1
techstartups.com,33,0,2,1
teenvio.com,33,0,2,1
templatetoaster.com,33,0,2,1
tenfold-security.com,33,0,6,1
tetori.link,33,0,1,1
theadminbar.com,33,0,19,1
thebrandshopbw.com,33,0,2,1
thedigitalelevator.com,33,0,1,1
theinterline.com,33,0,2,1
themeskingdom.com,33,0,2,1
theoldreader.com,33,0,35,1
theplusaddons.com,33,0,47,1
thinkcomputers.org,33,0,1,1
thisdayinbaseball.com,33,0,44,1
time.ly,33,0,42,1
times-online.com,33,0,1,1
tooljet.com,33,0,2,1
totalsafety.com,33,0,2,1
towermarketing.net,33,0,6,1
towleroad.com,33,0,32,1
trajectorywebdesign.com,33,0,9,1
trend-online.com,33,0,27,1
tribulant.com,33,0,2,1
truv.com,33,0,1,1
trykondo.com,33,0,1,1
tutorlms.com,33,0,12,1
uap.asia,33,0,7,1
uiuxjobsboard.com,33,0,1,1
ultimateelementor.com,33,0,2,1
ultimatemember.com,33,0,1,1
undsgn.com,33,0,5,1
unsealed4x4.com.au,33,0,12,1
uprtek.com,33,0,10,1
uptimia.com,33,0,21,1
urban75.net,33,0,2,1
userp.io,33,0,2,1
valveandmeter.com,33,0,3,1
vdbapp.com,33,0,1,1
venturemagazine.net,33,0,3,1
virginiafilmfestival.org,33,0,3,1
visitorqueue.com,33,0,1,1
vivetotalmentepalacio.mx,33,0,6,1
vn-z.vn,33,0,3,1
vpn.com,33,0,3,1
vsoftconsulting.com,33,0,2,1
vue.ai,33,0,1,1
vunela.com,33,0,1,1
wappler.io,33,0,2,1
weareyellowball.com,33,0,1,1
webdesign-journal.de,33,0,2,1
webptt.com,33,0,4,1
weshare.net,33,0,13,1
whitechapeljack.com,33,0,1,1
whiteeaglehalljc.com,33,0,16,1
wholesale2b.com,33,0,1,1
wijzonol.nl,33,0,4,1
windows10download.com,33,0,2,1
wingzero.tw,33,0,1,1
wisdmlabs.com,33,0,21,1
wiztrust.com,33,0,1,1
wongcw.com,33,0,3,1
wordable.io,33,0,7,1
worldisraelnews.com,33,0,33,1
wowtale.net,33,0,4,1
wp-eventmanager.com,33,0,72,1
wpdatatables.com,33,0,13,1
wpfactory.com,33,0,4,1
wpkraken.io,33,0,2,1
wpmanageninja.com,33,0,13,1
wpmayor.com,33,0,94,1
wpmet.com,33,0,381,1
wpstackable.com,33,0,19,1
xbsoftware.com,33,0,1,1
xcloud.host,33,0,5,1
xiaomi-miui.gr,33,0,10,1
yasminboland.com,33,0,5,1
yellowfinbi.com,33,0,1,1
yurls.net,33,0,1,1
zenegy.com,33,0,1,1
zettelkasten.de,33,0,2,1
zitseng.com,33,0,1,1
zoovu.com,33,0,1,1
20northmarketing.com,32,0,1,1
2pointagency.com,32,0,1,1
4allportal.com,32,0,2,1
4dsystems.com.au,32,0,2,1
99firms.com,32,0,26,1
aapanel.com,32,0,11,1
abilogic.com,32,0,2,1
accuracast.com,32,0,1,1
acquaintsoft.com,32,0,1,1
addwebsolution.com,32,0,16,1
adullact.org,32,0,223,1
adzooma.com,32,0,3,1
affiliatefix.com,32,0,5,1
agence-churchill.fr,32,0,1,1
agence-evenementielle-innovevents.fr,32,0,5,1
aidslifecycle.org,32,0,6,1
airgunforums.co.uk,32,0,2,1
alejandrorioja.com,32,0,58,1
alertadigital.com,32,0,1,1
alistar.net,32,0,1,1
altpaper.net,32,0,12,1
amsfulfillment.com,32,0,1,1
annajah.net,32,0,3,1
anquanke.com,32,0,1,1
answerfirst.com,32,0,6,1
aphf.org,32,0,12,1
appa.org,32,0,6,1
appinstitute.com,32,0,2,1
argosmultilingual.com,32,0,1,1
asiapacdigital.com,32,0,1,1
aulacreactiva.com,32,0,1,1
ausiex.com.au,32,0,1,1
automatorplugin.com,32,0,1,1
avanti.org.uk,32,0,2,1
avclub.gr,32,0,1,1
awh.hu,32,0,2,1
awisee.com,32,0,2,1
axcient.com,32,0,5,1
axelerant.com,32,0,1,1
azumo.com,32,0,1,1
azurefilm.com,32,0,12,1
badsender.com,32,0,3,1
bekk.no,32,0,2,1
betterdocs.co,32,0,2,1
biblesociety.org.au,32,0,93,1
bigleap.com,32,0,3,1
bigspringherald.com,32,0,1,1
binom.org,32,0,3,1
bizplanr.ai,32,0,1,1
blog-ux.com,32,0,2,1
blogdoead.com.br,32,0,1,1
bluesignal.com,32,0,1,1
boia.org,32,0,1,1
boldgrid.com,32,0,4,1
breezy.io,32,0,1,1
businessbloomer.com,32,0,98,1
businessfacilities.com,32,0,44,1
californiapreservation.org,32,0,6,1
campaigncreators.com,32,0,1,1
camperforum.nl,32,0,1,1
campusromero.pe,32,0,3,1
cantabriaeconomica.com,32,0,1,1
capsicummediaworks.com,32,0,4,1
catalunyapress.cat,32,0,1,1
ccibusiness.fr,32,0,9,1
ceercle.eu,32,0,3,1
cepymenews.es,32,0,1,1
champmarket.com,32,0,3,1
change-magazin.de,32,0,1,1
chatmeter.com,32,0,1,1
checkoutchamp.com,32,0,2,1
chesapeakeclimate.org,32,0,14,1
chicagowebsitedesignseocompany.com,32,0,1,1
chieftalentofficer.co,32,0,2,1
chiro.org.au,32,0,2,1
chrislema.com,32,0,5,1
christopherspenn.com,32,0,1,1
ciclopefestival.com,32,0,6,1
cio-wiki.org,32,0,1,1
ciudadano2cero.com,32,0,9,1
clampart.com,32,0,22,1
cledara.com,32,0,1,1
clickwp.com,32,0,14,1
closingthegap.com,32,0,8,1
cloudinfrastructureservices.co.uk,32,0,3,1
coastalgeorgiahistory.org,32,0,6,1
comidor.com,32,0,1,1
comparehero.my,32,0,2,1
constructionplacements.com,32,0,12,1
content-science.com,32,0,1,1
contentgrip.com,32,0,1,1
contractorgorilla.com,32,0,1,1
conves.io,32,0,145,1
conwayhumane.org,32,0,6,1
coursify.me,32,0,1,1
creditaria.com.mx,32,0,2,1
creolestudios.com,32,0,2,1
crpc.org,32,0,38,1
cstoredecisions.com,32,0,1,1
culturehive.co.uk,32,0,4,1
curated.co,32,0,2,1
currentware.com,32,0,1,1
customcat.com,32,0,2,1
cvclavoz.com,32,0,2,1
cyber.ee,32,0,2,1
cybertalents.com,32,0,1,1
dagensinfrastruktur.se,32,0,1,1
danskehospitalsklovne.dk,32,0,3,1
datafloq.com,32,0,1,1
datenwerk.at,32,0,1,1
decode.agency,32,0,5,1
designpowers.com,32,0,1,1
designveloper.com,32,0,3,1
designwizard.com,32,0,1,1
developernation.net,32,0,8,1
digitalculturenetwork.org.uk,32,0,1,1
digitalpoint.com,32,0,1,1
digitaweb.com,32,0,1,1
dillo.org,32,0,1,1
directorist.com,32,0,7,1
distribucionactualidad.com,32,0,1,1
divicake.com,32,0,25,1
donnu.edu.ua,32,0,1,1
dorfonlaw.org,32,0,1,1
drbustillo.com,32,0,4,1
drime.cloud,32,0,4,1
dropmark.com,32,0,2,1
dunadesign.com.br,32,0,1,1
dvunified.com,32,0,1,1
dymcareer.jp,32,0,1,1
dynamo-eindhoven.nl,32,0,4,1
e.vg,32,0,1,1
easy-sales.com,32,0,1,1
ebool.com,32,0,28,1
editorialhccp.com,32,0,6,1
editshare.com,32,0,6,1
eftpos.co.nz,32,0,2,1
efusiontech.com,32,0,1,1
elextensions.com,32,0,3,1
emergentsoftware.net,32,0,1,1
envader.plus,32,0,1,1
epayco.com,32,0,2,1
equalizedigital.com,32,0,19,1
eschatonblog.com,32,0,2,1
esibirsi.it,32,0,6,1
etudestech.com,32,0,2,1
eurasante.com,32,0,2,1
europeansting.com,32,0,1,1
exabytes.com,32,0,4,1
eztalks.com,32,0,1,1
fabric.inc,32,0,1,1
facetwp.com,32,0,7,1
familyservicetoronto.org,32,0,12,1
farmers.org.au,32,0,2,1
fatstacksblog.com,32,0,3,1
fdl.com,32,0,2,1
feedbuzzard.com,32,0,2,1
feedhive.com,32,0,1,1
fermag.com,32,0,4,1
fibr.ai,32,0,2,1
fibrespace.com,32,0,4,1
filecenter.com,32,0,2,1
filmboards.com,32,0,1,1
finalscout.com,32,0,1,1
financera.mx,32,0,1,1
firstpage.hk,32,0,3,1
firstsiteguide.com,32,0,10,1
floridapress.org,32,0,6,1
flyingvgroup.com,32,0,24,1
focuswater.ch,32,0,2,1
fooplugins.com,32,0,11,1
formation-redaction-web.com,32,0,1,1
forum-nas.fr,32,0,3,1
forum2x2.ru,32,0,2,1
foxecom.com,32,0,2,1
frankknow.com,32,0,2,1
freeflarum.com,32,0,7,1
freelancerepublik.com,32,0,3,1
freshvanroot.com,32,0,7,1
frugaltesting.com,32,0,2,1
fullscale.io,32,0,2,1
fundo.jp,32,0,10,1
funnelish.com,32,0,3,1
funnytimes.com,32,0,6,1
gambio.de,32,0,3,1
game-wisdom.com,32,0,1,1
gentwenty.com,32,0,1,1
getanewsletter.com,32,0,1,1
getfreeebooks.com,32,0,20,1
getofficely.com,32,0,2,1
glama.ai,32,0,4,1
gomedia.com,32,0,1,1
gomycode.com,32,0,62,1
good360.org.au,32,0,1,1
googleusercontent.com,32,0,4,1
goremotely.net,32,0,2,1
greekislandstaverna.com,32,0,12,1
greystonetech.com,32,0,1,1
gripped.io,32,0,1,1
guruhitech.com,32,0,1,1
h16free.com,32,0,2,1
hackr.io,32,0,6,1
hdfever.fr,32,0,2,1
heylocate.mobi,32,0,6,1
higherlevel.nl,32,0,1,1
highsales.digital,32,0,2,1
hightechdad.com,32,0,1,1
hitpayapp.com,32,0,1,1
honeygood.com,32,0,1,1
host.com.tw,32,0,1,1
houmatimes.com,32,0,2,1
howtostartanllc.com,32,0,12,1
hudsonsailing.org,32,0,2,1
huntclub.com,32,0,1,1
i2i.org,32,0,6,1
iceatsantamonica.com,32,0,12,1
intervue.io,32,0,4,1
inven.ai,32,0,2,1
jb51.net,32,0,2,1
johanlidbyvinhandel.se,32,0,4,1
joindeed.com,32,0,1,1
josysnavi.jp,32,0,1,1
justapedia.org,32,0,2,1
justuseapp.com,32,0,76,1
kaashivinfotech.com,32,0,5,1
kajgana.com,32,0,1,1
kalicube.com,32,0,2,1
kennethshuler.com,32,0,2,1
khadi.kharkov.ua,32,0,2,1
kitsforacause.com,32,0,3,1
klinesdairybar.com,32,0,6,1
kolbuszowa.pl,32,0,2,1
letsbloom.com,32,0,1,1
letsreachsuccess.com,32,0,3,1
lifeovercoffee.com,32,0,1,1
lightrun.com,32,0,2212,1
linkbuildinghq.com,32,0,1,1
linkopingsciencepark.se,32,0,2,1
livecode.com,32,0,6,1
logicballs.com,32,0,2,1
lovebrewing.co.uk,32,0,1,1
mailstrom.co,32,0,2,1
maintenance-wp.fr,32,0,17,1
manektech.com,32,0,2,1
marketingterms.com,32,0,1,1
markletic.com,32,0,2,1
martechseries.com,32,0,4,1
matthiasklenk.de,32,0,1,1
medevel.com,32,0,1,1
merchantlaw.com,32,0,6,1
meritline.com,32,0,1,1
messagegears.com,32,0,1,1
metapress.com,32,0,1,1
metricfire.com,32,0,1,1
minutemedia.com,32,0,2,1
moderncampground.com,32,0,4,1
moneyandking.com,32,0,2,1
moneymanagerex.org,32,0,3,1
moneymint.com,32,0,6,1
monterail.com,32,0,1,1
moreheadcain.org,32,0,6,1
myjotbot.com,32,0,3,1
myugo.com,32,0,4,1
naijatechguide.com,32,0,2,1
narrato.io,32,0,1,1
naturaily.com,32,0,1,1
neetwork.com,32,0,11,1
netafraz.com,32,0,1,1
netgrade.de,32,0,2,1
nettl.com,32,0,3,1
newslabturkey.org,32,0,2,1
newsvoice.se,32,0,1,1
ngojobs.eu,32,0,3,1
nichehacks.com,32,0,2,1
nichemarket.co.za,32,0,1,1
nichepursuits.com,32,0,16,1
nimblechapps.com,32,0,1,1
nonviolentpeaceforce.org,32,0,4,1
noonpost.com,32,0,1,1
notyouraverageamerican.com,32,0,1,1
nyadagbladet.se,32,0,6,1
onemagnify.com,32,0,2,1
openli.com,32,0,7,1
openstatus.dev,32,0,94,1
opquast.com,32,0,2,1
outdoortest.it,32,0,8,1
pabloyglesias.com,32,0,2,1
packhelp.co.uk,32,0,4,1
palni.org,32,0,2,1
panodyssey.com,32,0,12,1
patientgain.com,32,0,1,1
pcnw.org,32,0,12,1
performcb.com,32,0,2,1
phillyfringe.org,32,0,6,1
piananotizie.it,32,0,6,1
pickware.com,32,0,3,1
podcastguru.io,32,0,2,1
pointb.com,32,0,1,1
postedin.com,32,0,4,1
predpriemach.com,32,0,4,1
prerender.io,32,0,3,1
protos.com,32,0,1,1
puppygram.com,32,0,2,1
pushengage.com,32,0,1,1
qatarday.com,32,0,9,1
qualimero.com,32,0,19,1
quarriers.org.uk,32,0,1,1
quickcreator.io,32,0,52,1
quietlight.com,32,0,2,1
radarr.com,32,0,3,1
raffaelegaito.com,32,0,1,1
randomwire.com,32,0,2,1
rankingbyseo.com,32,0,2,1
reachrightstudios.com,32,0,1,1
reev.co,32,0,1,1
reformationbrewery.com,32,0,4,1
retailnews.asia,32,0,37,1
richestsoft.com,32,0,2,1
ridgwayrecord.com,32,0,1,1
roomdiseno.com,32,0,2,1
rosscountyhumanesociety.org,32,0,6,1
rstudio-pubs-static.s3.amazonaws.com,32,0,2,1
rtcamp.com,32,0,8,1
s2wmedia.com,32,0,1,1
safestreets.com,32,0,2,1
sagrado.edu,32,0,2,1
salespanel.io,32,0,1,1
saltedstone.com,32,0,1,1
satchel.eu,32,0,1,1
sdf.org,32,0,2,1
seaglassproperties.com,32,0,4,1
seattlewebdesign.com,32,0,1,1
sendfox.com,32,0,1,1
sendinblue.com,32,0,2,1
seosly.com,32,0,1,1
servicesmobiles.fr,32,0,1,1
sftptogo.com,32,0,2,1
shakethatweight.co.uk,32,0,1,1
sharedit.co.kr,32,0,1,1
shipit.cl,32,0,1,1
shopping-cart-migration.com,32,0,1,1
shuttermuse.com,32,0,2,1
siahuat.com,32,0,6,1
simplytaralynn.com,32,0,1,1
site-hikkoshi.com,32,0,4,1
siteefy.com,32,0,5,1
siteorigin.com,32,0,5,1
sketchupaustralia.com.au,32,0,2,1
skynettechnologies.com,32,0,1,1
smart-home-fox.de,32,0,1,1
smartclick.agency,32,0,2,1
smartdatacollective.com,32,0,1,1
smartyads.com,32,0,2,1
social.plus,32,0,1,1
socialectric.com,32,0,1,1
solari.com,32,0,1,1
solvid.co.uk,32,0,51,1
sonar21.com,32,0,1,1
sonary.com,32,0,2,1
sos-wp.it,32,0,1,1
sparksocialagency.com,32,0,1,1
spip.net,32,0,2,1
spot.io,32,0,2,1
spotlightr.com,32,0,4,1
spyserp.com,32,0,3,1
srscmat.co.uk,32,0,3,1
ssojet.com,32,0,4,1
startupsmagazine.co.uk,32,0,1,1
steachs.com,32,0,1,1
steinkjer24.no,32,0,4,1
stellarising.com,32,0,1,1
stimulansz.nl,32,0,2,1
stitcher.io,32,0,11,1
studioroof.com,32,0,4,1
stxnext.com,32,0,2,1
suped.com,32,0,32,1
sweetstudy.com,32,0,4,1
sweetsugarbelle.com,32,0,1,1
swissnex.org,32,0,6,1
switchitmaker2.com,32,0,4,1
synology-forum.de,32,0,10,1
tackle.io,32,0,1,1
taniecpolska.pl,32,0,6,1
tblocks.com,32,0,3,1
techaffinity.com,32,0,2,1
techjobsforgood.com,32,0,2,1
techneeds.com,32,0,28,1
technews.bg,32,0,1,1
technologyreview.es,32,0,1,1
tecumsehdrama.com,32,0,12,1
terminusapp.com,32,0,1,1
tessl.io,32,0,1,1
theaffordablewebguy.com,32,0,2,1
theamericangenius.com,32,0,2,1
theatreworks.org,32,0,2,1
thebossmagazine.com,32,0,1,1
thecenterforsalesstrategy.com,32,0,5,1
thecreativecollective.com.au,32,0,1,1
thedigitaltips.com,32,0,1,1
thee.be,32,0,3,1
thegrowthmaster.com,32,0,4,1
thehealthsuite.co.uk,32,0,4,1
theminiaturespage.com,32,0,2,1
thetechbasket.com,32,0,1,1
thruinc.com,32,0,1,1
thuythu.vn,32,0,1,1
tomorrow.bio,32,0,1,1
topspot.com,32,0,1,1
townofsaintandrews.ca,32,0,2,1
trustedrevie.ws,32,0,2,1
tryleap.ai,32,0,2,1
tuneupfitness.com,32,0,2,1
turfmagazine.com,32,0,40,1
tut.com,32,0,2,1
tutticasino.it,32,0,1,1
unglobalpulse.org,32,0,2,1
union-company.jp,32,0,4,1
vakbladvroeg.nl,32,0,4,1
vanillaforums.com,32,0,2,1
vapebeat.com,32,0,3,1
varninainternetu.si,32,0,1,1
vektor-inc.co.jp,32,0,9,1
verminososporfutebol.com.br,32,0,1,1
verpex.com,32,0,8,1
verveagency.com,32,0,4,1
vianolavie.org,32,0,10,1
vietmoz.edu.vn,32,0,1,1
virtualemployee.com,32,0,3,1
visualcomposer.com,32,0,6,1
volunteering.com.au,32,0,2,1
wapakdailynews.com,32,0,2,1
washdiplomat.com,32,0,6,1
wbcomdesigns.com,32,0,62,1
webandseo.fr,32,0,7,1
webdesign-trends.net,32,0,1,1
webdew.com,32,0,6,1
webhelpagency.com,32,0,2,1
websupport.hu,32,0,2,1
wesport.org.uk,32,0,2,1
wikimonde.com,32,0,1,1
witei.com,32,0,1,1
woblogger.com,32,0,4,1
world.edu,32,0,1,1
worldwide.com.au,32,0,1,1
wp-id.org,32,0,1,1
wpbuffs.com,32,0,54,1
wpdesk.pl,32,0,4,1
wpdeveloper.com,32,0,20,1
wpformation.com,32,0,3,1
wphive.com,32,0,21,1
wpism.com,32,0,2,1
wpkube.com,32,0,23,1
wplook.com,32,0,1,1
wppopupmaker.com,32,0,1,1
wptravel.io,32,0,3,1
wuilt.com,32,0,2,1
x10.mx,32,0,1,1
xarxanet.org,32,0,1,1
yektanet.com,32,0,2,1
yourdigitalresource.com,32,0,1,1
youtips.com,32,0,5,1
zipjob.com,32,0,1,1
zixflow.com,32,0,1,1
zopto.com,32,0,3,1
100inc.co.jp,31,0,1,1
17thavenuedesigns.com,31,0,5,1
20four7va.com,31,0,2,1
20six.fr,31,0,1,1
2manydots.nl,31,0,5,1
9clouds.com,31,0,2,1
academycanada.com,31,0,6,1
acrovision.jp,31,0,1,1
actiongrp.net,31,0,1,1
adamtheautomator.com,31,0,1,1
adity.cl,31,0,1,1
adslgate.com,31,0,2,1
advertisepurple.com,31,0,1,1
affmaven.com,31,0,8,1
ajroni.com,31,0,20,1
akronsymphony.org,31,0,6,1
aleluya.com,31,0,1,1
allianceinteractive.com,31,0,4,1
alterainstitute.com,31,0,1,1
alumio.com,31,0,1,1
anchordigital.com.au,31,0,1,1
antsroute.com,31,0,1,1
anyleads.com,31,0,4,1
anytrack.io,31,0,1,1
apiaudio.com,31,0,24,1
apneaap.org,31,0,6,1
appliedtech.us,31,0,1,1
arkadiafoodstore.com,31,0,54,1
armateam.org,31,0,4,1
asksuite.com,31,0,1,1
aumcore.com,31,0,3,1
authoredup.com,31,0,5,1
authority.builders,31,0,1,1
authormedia.com,31,0,1,1
autismallianceofmichigan.org,31,0,10,1
avpcap.com,31,0,2,1
backdropcms.org,31,0,1,1
bannerboo.com,31,0,9,1
basswoodresort.com,31,0,6,1
beatroute.io,31,0,3,1
beautifulthemes.com,31,0,14,1
biblioboard.com,31,0,12,1
bigbadbikes.com,31,0,14,1
bigeasymagazine.com,31,0,1,1
bikegremlin.com,31,0,2,1
birminghamhospice.org.uk,31,0,2,1
biteno.com,31,0,4,1
bitmat.it,31,0,1,1
blackhawkdm.com,31,0,2,1
blackpointtactical.com,31,0,12,1
blogmojo.de,31,0,1,1
bodynamic.com,31,0,6,1
book-ish.co.uk,31,0,30,1
boostcommerce.net,31,0,2,1
borgernewsherald.com,31,0,1,1
borjagiron.com,31,0,1,1
borntoengineer.com,31,0,1,1
bowl.hu,31,0,11,1
bulkgate.com,31,0,2,1
bulldozer-collective.com,31,0,3,1
bytes.com,31,0,3,1
calpeda.com,31,0,2,1
careerconnect.org.uk,31,0,33,1
carloschagas.org.br,31,0,2,1
carrot.com,31,0,2,1
chameleoncollective.com,31,0,1,1
champsignal.com,31,0,2,1
chinasource.org,31,0,6,1
citrusbug.com,31,0,2,1
clevertype.co,31,0,2,1
client-portal.io,31,0,1,1
cloudboost.io,31,0,2,1
coachellalakesrvresort.com,31,0,2,1
colorfulbox.jp,31,0,5,1
comet.ml,31,0,1,1
commonwealthfoundation.org,31,0,4,1
communitiesu.org,31,0,9,1
connectsafely.ai,31,0,4,1
contentpowered.com,31,0,8,1
cookielawinfo.com,31,0,2,1
coyyn.com,31,0,5,1
crazydomains.in,31,0,1,1
creacity.it,31,0,1,1
creative-n.com,31,0,2,1
crimeline.co.uk,31,0,1,1
cruiseradio.net,31,0,2,1
csii.gr,31,0,1,1
cssigniter.com,31,0,1,1
ctrl.blog,31,0,1,1
cubettech.com,31,0,1,1
cvviz.com,31,0,1,1
cyberchimps.com,31,0,24,1
cybrhome.com,31,0,1,1
cycledog.com,31,0,12,1
deanlife.blog,31,0,2,1
debian-facile.org,31,0,1,1
defendingbigd.com,31,0,1,1
denuk.nl,31,0,2,1
derma.pk,31,0,4,1
dev.co,31,0,11,1
devrix.com,31,0,5,1
diariodelamancha.com,31,0,1,1
digitaldot.es,31,0,1,1
digitale.co,31,0,1,1
digitalpress.blog,31,0,1,1
diontraining.com,31,0,3,1
dlh.net,31,0,2,1
donordock.com,31,0,1,1
draft.dev,31,0,1,1
dsim.in,31,0,2,1
dukagjini.com,31,0,1,1
dynascape.com,31,0,2,1
easkme.com,31,0,3,1
ebike.es,31,0,2,1
ebpearls.com.au,31,0,1,1
ecency.com,31,0,1,1
eco-act.com,31,0,1,1
eforhum.it,31,0,1,1
elek.com,31,0,2,1
emfluence.com,31,0,1,1
enterpriseappstoday.com,31,0,8,1
epicos.com,31,0,4,1
epresence.ie,31,0,1,1
esiee-it.fr,31,0,1,1
esportmaniacos.com,31,0,1,1
esup-portail.org,31,0,1,1
ethos3.com,31,0,22,1
everestforms.net,31,0,2,1
everforthecs.com,31,0,6,1
evolvingweb.com,31,0,1,1
exotravel.com,31,0,6,1
expandcart.com,31,0,2,1
facctum.com,31,0,1,1
facts.uk,31,0,1,1
fairwinds.com,31,0,1,1
faithwire.com,31,0,1,1
fapcom.edu.br,31,0,1,1
fasterize.com,31,0,4,1
fhstp.ac.at,31,0,1,1
fibbauru.br,31,0,1,1
filebase.com,31,0,1,1
fleek.co,31,0,1,1
flothemes.com,31,0,2,1
fmgsuite.com,31,0,1,1
folderly.com,31,0,1,1
forthunter.org,31,0,6,1
fsf.fo,31,0,6,1
galerie-creation.com,31,0,96,1
gallery57dental.com,31,0,24,1
gameit.es,31,0,2,1
genesysgrowth.com,31,0,2,1
geni.us,31,0,15,1
getdroidtips.com,31,0,1,1
getnextphone.com,31,0,6,1
getwpfunnels.com,31,0,1,1
giorgialupi.com,31,0,2,1
giraffesocialmedia.co.uk,31,0,4,1
giskaa.com,31,0,98,1
gmapswidget.com,31,0,8,1
gorspa.org,31,0,1,1
grafmag.pl,31,0,1,1
gravitywiz.com,31,0,1,1
groupe-altitude.com,31,0,1,1
growthfolks.io,31,0,2,1
gsplugins.com,31,0,1,1
guidance.com,31,0,1,1
guj.com.br,31,0,2,1
happyaddons.com,31,0,3,1
happycoin.club,31,0,1,1
hejto.pl,31,0,2,1
helloroketto.com,31,0,1,1
hochschulforumdigitalisierung.de,31,0,1,1
honeybearlane.com,31,0,1,1
hostsearch.com,31,0,14,1
houstonchildrenscharity.org,31,0,6,1
htmlburger.com,31,0,5,1
hubengage.com,31,0,1,1
hup.hu,31,0,1,1
hyscaler.com,31,0,1,1
icloud.com.br,31,0,43,1
ideta.io,31,0,2,1
iimon.co.jp,31,0,2,1
illumelation.com,31,0,1,1
imagexmedia.com,31,0,1,1
imarc.com,31,0,1,1
imymac.com,31,0,19,1
inboundcph.dk,31,0,3,1
inbusinessphx.com,31,0,1,1
incidenthub.cloud,31,0,37,1
infodrones.it,31,0,1,1
inkbotdesign.com,31,0,3,1
insightsforprofessionals.com,31,0,3,1
interval.cz,31,0,2,1
investfourmore.com,31,0,30,1
invitation.codes,31,0,2,1
io-fund.com,31,0,2,1
itdo.com,31,0,9,1
iwdagency.com,31,0,2,1
jaaqob.pl,31,0,1,1
jit.io,31,0,3,1
jybaudot.fr,31,0,3,1
karllhughes.com,31,0,5,1
kbcs.fm,31,0,2,1
kidzonemuseum.org,31,0,6,1
kimp.io,31,0,2,1
klintmarketing.com,31,0,2,1
kopfundstift.de,31,0,3,1
krishtechnolabs.com,31,0,3,1
kztv10.com,31,0,1,1
la-webeuse.com,31,0,12,1
lacanasteria.com,31,0,4,1
lacarteauxepices.fr,31,0,2,1
lalymom.com,31,0,1,1
lamper-design.nl,31,0,1066,1
lantum.com,31,0,1,1
lavocedelpatriota.it,31,0,14,1
lawebshop.ca,31,0,1,1
leanlabs.com,31,0,1,1
leanware.co,31,0,1,1
levoyageur.ca,31,0,4,1
life-longlearner.com,31,0,1,1
likeagirl.io,31,0,2,1
limoo.host,31,0,8,1
linguaserve.com,31,0,2,1
linku.nl,31,0,1,1
loop-digital.co.uk,31,0,1,1
lpgasmagazine.com,31,0,22,1
ltvplus.com,31,0,1,1
lushpalm.com,31,0,6,1
luxuryhomemarketing.com,31,0,3,1
luxurysociety.com,31,0,2,1
mackmediagroup.com,31,0,1,1
magentrixcloud.com,31,0,180,1
mailorder-beads.co.uk,31,0,6,1
mainwp.com,31,0,8,1
majarra.com,31,0,1,1
manaferra.com,31,0,1,1
mappingmegan.com,31,0,1,1
marketingmonk.so,31,0,2,1
markovate.com,31,0,1,1
masonfrank.com,31,0,1,1
mediaonemarketing.com.sg,31,0,6,1
meinungfuer.koeln,31,0,1,1
melhoreshospedagem.com,31,0,6,1
membermouse.com,31,0,26,1
memberwise.org.uk,31,0,1,1
menuzen.com,31,0,1,1
meowapps.com,31,0,1,1
mercadoonlinedigital.com,31,0,2,1
mergify.com,31,0,1,1
metricscart.com,31,0,1,1
migatronic.com,31,0,4,1
mightybytes.com,31,0,5,1
mightyforms.com,31,0,4,1
miladytraining.com,31,0,1,1
mintlify.app,31,0,1,1
mklibrary.com,31,0,1,1
modb.pro,31,0,10,1
moderntribeagency.com,31,0,3,1
modulate.ai,31,0,1,1
momen.app,31,0,1,1
monetizepros.com,31,0,2,1
montefiore.eu,31,0,6,1
morweb.org,31,0,3,1
motioninvest.com,31,0,4,1
moyens.net,31,0,21,1
mrfarm.com,31,0,12,1
multidots.com,31,0,97,1
musicplayer.com,31,0,1,1
mustips.com,31,0,1,1
mvfglobal.com,31,0,5,1
mycred.me,31,0,1,1
mypt3.co,31,0,1,1
mywonder.jp,31,0,28,1
nafezly.com,31,0,2,1
nasstar.com,31,0,1,1
nazarethvillage.com,31,0,1,1
neboagency.com,31,0,7,1
nederbetuwe.nl,31,0,2,1
neliosoftware.com,31,0,16,1
networxrecruitment.com,31,0,15,1
neue-augen.de,31,0,2,1
nextcanada.com,31,0,3,1
ninjamarketing.it,31,0,1,1
nip.io,31,0,2,1
noxmedical.com,31,0,3,1
nutrifusion.com,31,0,2,1
octoparse.jp,31,0,1,1
octopuscrm.io,31,0,4,1
officechai.com,31,0,1,1
oncopeptides.com,31,0,2,1
onenorth.com,31,0,1,1
ongage.com,31,0,2,1
onrampfunds.com,31,0,1,1
opalstacked.com,31,0,1,1
openaccessbpo.com,31,0,1,1
opened.ca,31,0,2,1
opsiocloud.com,31,0,2,1
orangewebsite.com,31,0,2,1
osp.org.pl,31,0,3,1
ospedaliprivatiforli.it,31,0,6,1
ow.ly,31,0,83,1
p2hp.com,31,0,105,1
pagerly.io,31,0,3,1
paradigmmarketinganddesign.com,31,0,1,1
pathmonk.com,31,0,1,1
paweltkaczyk.com,31,0,1,1
pflb.us,31,0,1,1
phiture.com,31,0,12,1
phpfreaks.com,31,0,8,1
phppot.com,31,0,1,1
picturepark.com,31,0,1,1
pinelake.org,31,0,12,1
pinkequine.com,31,0,6,1
pixelcrayons.com,31,0,1,1
pixlogix.com,31,0,1,1
pmstudycircle.com,31,0,2,1
podcasts-online.org,31,0,34,1
poulsborv.com,31,0,2,1
powerappsportals.com,31,0,1,1
powerdialer.ai,31,0,2,1
prantlsbakery.com,31,0,2,1
premio.io,31,0,40,1
prepr.io,31,0,2,1
pressrelease.com,31,0,23,1
privateequityinfo.com,31,0,1,1
prodia.com,31,0,4,1
proeditio.com,31,0,1,1
properexpression.com,31,0,1,1
protocol80.com,31,0,1,1
quape.com,31,0,8,1
quera.org,31,0,1,1
qxmagazine.com,31,0,10,1
rapidspike.com,31,0,2,1
rauva.com,31,0,2,1
readycloud.com,31,0,6,1
really-simple-ssl.com,31,0,1,1
rebelmouse.com,31,0,1,1
redevolution.com,31,0,2,1
reporterpb.com.br,31,0,1,1
reseaux-professionnels.com,31,0,1,1
reverbico.com,31,0,2,1
revistadecomunicacion.com,31,0,1,1
revive.social,31,0,7,1
robotdreams.cc,31,0,2,1
rogue-scholar.org,31,0,2,1
rsdn.org,31,0,3,1
saaspo.com,31,0,590,1
sales-dx.jp,31,0,1,1
salesbread.com,31,0,1,1
salesflow.io,31,0,1,1
salesmanago.com,31,0,1,1
salesrobot.co,31,0,1,1
sanriowiki.com,31,0,3,1
schooldebatteren.nl,31,0,1,1
scottmax.com,31,0,5,1
searchandfilter.com,31,0,1,1
searchenginemagazine.com,31,0,3,1
searchengineworld.com,31,0,1,1
seattlesports.com,31,0,2,1
seoplus.com,31,0,3,1
serienstream.to,31,0,3,1
sermitsiaq.ag,31,0,16,1
serverflow.ru,31,0,2,1
shift-jp.net,31,0,1,1
shootingstar.org.uk,31,0,2,1
simplepinmedia.com,31,0,1,1
skillgigs.com,31,0,1,1
smatbot.com,31,0,1,1
smino.com,31,0,1,1
sordum.net,31,0,2,1
spatial.chat,31,0,1,1
sphereagency.com,31,0,4,1
sproutbox.co,31,0,1,1
st-hakky.com,31,0,25,1
st-michaels-hospice.org.uk,31,0,2,1
startarium.com,31,0,28,1
storykit.io,31,0,3,1
strategylab.ca,31,0,1,1
studiopress.community,31,0,1,1
styledegree.sg,31,0,3,1
subscriptionflow.com,31,0,3,1
superbthemes.com,31,0,2,1
supermonitoring.pl,31,0,1,1
sury.org,31,0,1,1
switchy.io,31,0,37,1
syde.com,31,0,19,1
synlighet.no,31,0,2,1
systemweakness.com,31,0,1,1
techolac.com,31,0,2,1
techpluto.com,31,0,2,1
techstory.in,31,0,3,1
techvui.com,31,0,2,1
teknasyon.com,31,0,1,1
teknobird.com,31,0,1,1
tekstblad.nl,31,0,1,1
tenisperu.com.pe,31,0,2,1
theautomaticearth.com,31,0,3,1
theeveningleader.com,31,0,1,1
thefastlaneforum.com,31,0,1,1
theinweb.media,31,0,1,1
thelistenersclub.com,31,0,10,1
themegrill.com,31,0,6,1
themeum.com,31,0,24,1
themewinter.com,31,0,101,1
thepackablelife.com,31,0,1,1
theyardstickagency.co.uk,31,0,1,1
thisweekinreact.com,31,0,2,1
thomasdigital.com,31,0,1,1
tnbet.fr,31,0,2,1
tommcfarlin.com,31,0,23,1
top.host,31,0,1,1
topline.com,31,0,1,1
torquemag.io,31,0,9,1
torro.io,31,0,10,1
tourismtiger.com,31,0,1,1
travelpro.nl,31,0,12,1
tudosobrehospedagemdesites.com.br,31,0,3,1
tugatech.com.pt,31,0,5,1
tweakyourbiz.com,31,0,3,1
twincitiesfamily.com,31,0,6,1
tyrens.se,31,0,4,1
underconstructionpage.com,31,0,11,1
unicornplatform.com,31,0,1,1
unitedfidelity.com,31,0,6,1
unlimited.rs,31,0,1,1
upskillwise.com,31,0,2,1
userpeek.com,31,0,2,1
utreradigital.com,31,0,1,1
vectortemplates.com,31,0,1,1
veeble.com,31,0,2,1
verbraucherschutz.tv,31,0,1,1
vinova.sg,31,0,1,1
vip.wordpress.com,31,0,3,1
visualmatrix.com,31,0,1,1
visualwebz.com,31,0,1,1
vlad-cerisier.fr,31,0,1,1
vn4u.vn,31,0,1,1
vpncentral.com,31,0,4,1
warroominc.com,31,0,1,1
wealthbuilders.org,31,0,2,1
wearebrain.com,31,0,1,1
wearecontent.com,31,0,2,1
webalive.com.au,31,0,1,1
webjinnee.com,31,0,2,1
webnetz.de,31,0,1,1
wedia-group.com,31,0,3,1
westbrookbrewing.com,31,0,2,1
wholepicturetoolkit.org.uk,31,0,1,1
winemag.co.za,31,0,8,1
wisbusiness.com,31,0,42,1
woonsocketcall.com,31,0,1,1
workast.com,31,0,1,1
wparena.com,31,0,8,1
wpblog.com,31,0,11,1
wpengine.co.uk,31,0,2,1
wpx.net,31,0,7,1
wtwhmedia.com,31,0,1,1
x8webdesign.com,31,0,1,1
xencor.com,31,0,6,1
xpay.sh,31,0,11,1
xrtoday.com,31,0,38,1
yakkyofy.com,31,0,1,1
yalantis.com,31,0,1,1
youreverydayai.com,31,0,1,1
youthincmag.com,31,0,2,1
zeet.co,31,0,1,1
zigpoll.com,31,0,2,1
zinkensdamm.com,31,0,2,1
zproxy.org,31,0,1,1
10seos.com,30,0,1,1
2fa.directory,30,0,1,1
7labs.io,30,0,1,1
8kun.top,30,0,2,1
a2c2.org,30,0,12,1
aaravinfotech.com,30,0,2,1
ablenet.jp,30,0,1,1
abnewswire.com,30,0,1,1
academyxi.com,30,0,1,1
adamenfroy.com,30,0,4,1
adamscountywinery.com,30,0,6,1
adamtooze.com,30,0,80,1
adido-digital.co.uk,30,0,1,1
aditude.com,30,0,2,1
adnabu.com,30,0,8,1
adshark.com,30,0,1,1
aeromontreal.ca,30,0,2,1
affmoment.com,30,0,1,1
ahmets.com,30,0,12,1
aiad.com.au,30,0,1,1
aijobs.ai,30,0,4,1
airwars.org,30,0,10,1
aistechnolabs.com,30,0,1,1
alkoholochnarkotika.se,30,0,4,1
allamericanball.com,30,0,6,1
alyce.com,30,0,1,1
ambient-it.net,30,0,4,1
amprobe.com,30,0,6,1
anonup.com,30,0,4,1
apptrove.com,30,0,1,1
apsfulfillment.com,30,0,1,1
arfadia.com,30,0,6,1
arformsplugin.com,30,0,3,1
argenova.com.tr,30,0,2,1
artbees.net,30,0,13,1
articlesfactory.com,30,0,5,1
asafishing.org,30,0,6,1
ashlynwrites.com,30,0,2,1
authoritas.com,30,0,1,1
auto-discount.fr,30,0,1,1
autospf.com,30,0,11,1
azula.nl,30,0,3,1
babylovegrowth.ai,30,0,1,1
baltimorepostexaminer.com,30,0,1,1
band-it-idex.com,30,0,6,1
barradvisory.com,30,0,3,1
beermoneyforum.com,30,0,3,1
bellff.com,30,0,12,1
benjamincrozat.com,30,0,2,1
bestsellerexperiment.com,30,0,2,1
betheme.com,30,0,11,1
bigorangeplanet.com,30,0,1,1
birdsvilleraces.com,30,0,6,1
biyapay.com,30,0,5,1
biziq.com,30,0,1,1
biznis-akademija.com,30,0,1,1
blacksmith.agency,30,0,3,1
bloggingguide.com,30,0,46,1
bltinc.co.jp,30,0,1,1
bluethings.co,30,0,1,1
bluetriangle.com,30,0,1,1
boho-via.com,30,0,16,1
booknetic.com,30,0,15,1
booster.io,30,0,1,1
bospar.com,30,0,2,1
bradfordvts.co.uk,30,0,1,1
brainwarriorswaypodcast.com,30,0,2,1
briansolis.com,30,0,1,1
brihaspatitech.com,30,0,2,1
browsersl.ist,30,0,3,1
brucelawson.co.uk,30,0,180,1
bullyid.org,30,0,1,1
businesslink.ca,30,0,4,1
buzzclan.com,30,0,1,1
byteout.com,30,0,1,1
bytestechnolab.com,30,0,2,1
cakemail.com,30,0,2,1
calbizjournal.com,30,0,1,1
camaragranada.org,30,0,1,1
camino.ca,30,0,2,1
canadiannaturephotographer.com,30,0,2,1
canirank.com,30,0,2,1
capalona.co.uk,30,0,1,1
carolinahuddle.com,30,0,1,1
casabona.org,30,0,27,1
catchthemes.com,30,0,7,1
catsnap.org,30,0,14,1
cbpf.br,30,0,3,1
cchs.co.uk,30,0,6,1
chaossearch.io,30,0,1,1
classicinformatics.com,30,0,1,1
cleverly.co,30,0,2,1
cliowebsites.com,30,0,17,1
cmoreira.net,30,0,2,1
cmsreport.com,30,0,4,1
cncsimulator.com,30,0,1,1
cnpi.eu,30,0,42,1
codeclouds.com,30,0,1,1
comingsoonwp.com,30,0,8,1
connectivewebdesign.com,30,0,1,1
contentin.io,30,0,5,1
convesio.com,30,0,2,1
crawlbase.com,30,0,6,1
crazydomains.co.uk,30,0,1,1
creativecommons.fr,30,0,1,1
crowd.br.com,30,0,7,1
crowspath.org,30,0,6,1
cupblog.org,30,0,4,1
cybermark.com,30,0,2,1
daito.io,30,0,2,1
damteq.co.uk,30,0,2,1
datamaticscpa.com,30,0,2,1
dcpweb.co.uk,30,0,9,1
dekrantenkoppen.be,30,0,1,1
design8.com,30,0,2,1
devhunt.org,30,0,10,1
devtalk.com,30,0,5988,1
digimusketeers.co.th,30,0,1,1
digitalauthority.me,30,0,2,1
digitalcube.jp,30,0,1,1
digitalproductsdp.com,30,0,7,1
digitalvar.es,30,0,3,1
dinarys.com,30,0,2,1
domainwheel.com,30,0,5,1
doretdevins.com,30,0,2,1
draftss.com,30,0,5,1
drexelteam.com,30,0,6,1
dsmn8.com,30,0,3,1
dusted.com,30,0,1,1
echai.ventures,30,0,4,1
econtentsol.com,30,0,1,1
educate360.com,30,0,1,1
elbnetz.com,30,0,3,1
elgl.org,30,0,1,1
empat.tech,30,0,1,1
emprender-facil.com,30,0,2,1
empressems.com,30,0,6,1
engeniusweb.com,30,0,4,1
enpedia.org,30,0,1,1
entnerd.com,30,0,2,1
entreriosya.com.ar,30,0,1,1
eo-dev.com,30,0,1,1
esdnews.com.au,30,0,1,1
essentialworkwear.com,30,0,2,1
eugenol.com,30,0,4,1
eurokera.com,30,0,6,1
europe-infos.fr,30,0,1,1
evelynlearning.com,30,0,2,1
evergreen-ils.org,30,0,1,1
everything-pr.com,30,0,2,1
evomi.com,30,0,1,1
ewww.io,30,0,2,1
fertility-docs.com,30,0,12,1
fidelizador.com,30,0,1,1
fionta.com,30,0,1,1
firenzemuseistore.com,30,0,2,1
fivelittledoves.com,30,0,1,1
flandersfood.com,30,0,1,1
flavorcloud.com,30,0,2,1
flavourscatering.com.au,30,0,6,1
flowninja.com,30,0,1,1
fmsfranchise.com,30,0,1,1
forterra.org,30,0,2,1
forumpassionepeugeot.it,30,0,2,1
forumweb.hosting,30,0,2,1
foxxr.com,30,0,1,1
fpaspasia.com,30,0,1,1
fromdev.com,30,0,8,1
fs-poster.com,30,0,4,1
gamblingpro.pro,30,0,1,1
garmentdistrict.com,30,0,2,1
garyfox.co,30,0,6,1
generacionsavia.org,30,0,1,1
gimme.eu,30,0,1,1
globalhistorydialogues.org,30,0,180,1
globalscholarships.com,30,0,2,1
goldseiten-forum.com,30,0,1,1
gostudyin.com,30,0,76,1
govisually.com,30,0,5,1
graphics-pro.com,30,0,1,1
gravitykit.com,30,0,11,1
growthtribe.io,30,0,2,1
gs-forum.eu,30,0,1,1
guersanguillaume.com,30,0,1,1
havefunday.com,30,0,20,1
hdrams.com,30,0,2,1
hedgefundalpha.com,30,0,41,1
henningscheese.com,30,0,18,1
hgpauction.com,30,0,8,1
hispasec.com,30,0,2,1
hivehousedigital.com,30,0,7,1
hlbowman.com,30,0,6,1
hobohost.com,30,0,1,1
holkyzmarketingu.cz,30,0,1,1
hommaforum.org,30,0,1,1
hoplix.com,30,0,1,1
hostingpill.com,30,0,2,1
hrchief.com,30,0,1,1
hurrdatmarketing.com,30,0,1,1
hybridtraffic.net,30,0,3,1
idolhorse.com,30,0,2,1
iimono.town,30,0,1,1
impactable.com,30,0,1,1
imrg.org,30,0,1,1
inblog.ai,30,0,10,1
indigitall.com,30,0,6,1
inspire.scot,30,0,1,1
integral.com,30,0,6,1
interimmo.nl,30,0,2,1
intesys.it,30,0,1,1
iotbusinessnews.com,30,0,1,1
islaemea.org,30,0,1,1
iveybusinessjournal.com,30,0,1,1
jajaaan.co.jp,30,0,1,1
james.eu,30,0,2,1
jamestaylorseo.co.uk,30,0,1,1
japaneseclass.jp,30,0,68,1
javipas.com,30,0,2,1
jayscustomcreations.com,30,0,1,1
jcbusa.com,30,0,6,1
jecas.cz,30,0,1,1
jeunesse-ski.com,30,0,1,1
joerandazzos.com,30,0,12,1
johnpapa.net,30,0,1,1
jsginc.com,30,0,1,1
justanswer.es,30,0,8,1
kadvacorp.com,30,0,1,1
kasada.io,30,0,2,1
keeganales.com,30,0,6,1
kellyservices.com.mx,30,0,1,1
keurigonline.nl,30,0,6,1
kevinleary.net,30,0,20,1
kevinmuldoon.com,30,0,15,1
kiatoo.com,30,0,1,1
kingscrowd.com,30,0,1,1
kontactr.com,30,0,87,1
kontra.agency,30,0,1,1
kreuz-post.ch,30,0,5,1
kryptorevolution.de,30,0,2,1
kuechenlatein.com,30,0,1,1
kulturserver-nrw.de,30,0,2,1
laborator.co,30,0,3,1
lagrandeourse.design,30,0,1,1
lakewood.edu,30,0,1,1
larueca.org,30,0,1,1
lastwatchdog.com,30,0,1,1
leaderweb.com.tw,30,0,2,1
learnwoo.com,30,0,32,1
legalontech.jp,30,0,12,1
legalyspace.com,30,0,1,1
lekki.fr,30,0,1,1
levelingup.com,30,0,2,1
limechat.ai,30,0,2,1
limespot.com,30,0,1,1
lineagrafica.es,30,0,2,1
link-academy.com,30,0,1,1
linksinternational.com,30,0,1,1
littlemediaagency.com,30,0,5,1
loc8me.co.uk,30,0,4,1
lokercepat.id,30,0,1,1
loomfolks.com,30,0,22,1
lumaprints.com,30,0,2,1
luz.edu.ve,30,0,3,1
madesimplemedia.co.uk,30,0,1,1
magazynt3.pl,30,0,1,1
magecloud.agency,30,0,2,1
make-cash.pl,30,0,3,1
maresmedia.se,30,0,1,1
marinaatthewharf.com,30,0,38,1
marketinglad.io,30,0,2,1
marketthink.co,30,0,1,1
markhendriksen.com,30,0,6,1
marrinc.org,30,0,3,1
mascontainer.com,30,0,1,1
masteringbackend.com,30,0,9,1
matellio.com,30,0,1,1
mazewomenshealth.com,30,0,6,1
meaningfullife.com,30,0,4,1
mediag.com,30,0,4,1
meetrv.com,30,0,3,1
merchantmachine.co.uk,30,0,3,1
mergeek.com,30,0,7,1
metaltoad.com,30,0,1,1
milkandtweed.com,30,0,2,1
mimshacks.com,30,0,2,1
minwt.com,30,0,3,1
mizbanfa.net,30,0,2,1
mobiinside.co.kr,30,0,2,1
mobilebaymag.com,30,0,8,1
mocainteractive.com,30,0,2,1
modall.ca,30,0,1,1
modeling-languages.com,30,0,1,1
moneyforward-dev.jp,30,0,1,1
mopec.com,30,0,6,1
moverdb.com,30,0,10,1
mtoag.com,30,0,2,1
mxb-mods.com,30,0,1,1
mxp.tw,30,0,3,1
myfrugaladventures.com,30,0,2,1
n9ws.com,30,0,1,1
nas-forum.com,30,0,3,1
nascentiahealth.org,30,0,24,1
ndash.com,30,0,2,1
netassist.ne.jp,30,0,2,1
neutrog.com.au,30,0,8,1
nexcess.com,30,0,8,1
nextpr.com,30,0,1,1
nfu.ca,30,0,18,1
nicolaisoerensen.dk,30,0,3,1
nonprofitmegaphone.com,30,0,1,1
noupe.com,30,0,6,1
nusa.id,30,0,1,1
observatoriet.dk,30,0,1,1
offshorecorptalk.com,30,0,1,1
oilnow.gy,30,0,2,1
omnicoreagency.com,30,0,22,1
onder.nl,30,0,1,1
oneminutesite.it,30,0,2,1
onlinebusinessgrowthhacks.com,30,0,2,1
onlinethreatalerts.com,30,0,1,1
onreact.com,30,0,5,1
openstudio.fr,30,0,1,1
opticaltraining.com,30,0,42,1
ordix.de,30,0,1,1
outdoortest.com,30,0,6,1
outlierventures.io,30,0,1,1
pago46.com,30,0,1,1
panoramata.co,30,0,1,1
paramountdigital.co.uk,30,0,2,1
passle.net,30,0,5,1
paulspector.com,30,0,1,1
paulteitelman.com,30,0,1,1
paybee.io,30,0,1,1
paykickstart.com,30,0,1,1
paylinedata.com,30,0,1,1
pensierocritico.eu,30,0,1,1
phpbuilder.com,30,0,1,1
planet3dnow.de,30,0,1,1
plus-que-pro-solution.fr,30,0,1,1
pnytrainings.com,30,0,1,1
poblenouurbandistrict.com,30,0,18,1
polvora.com.mx,30,0,2,1
pordentrodetudo.com.br,30,0,1,1
portaone.com,30,0,2,1
postach.io,30,0,67,1
primalvideo.com,30,0,1,1
prime-strategy.co.jp,30,0,3,1
producthq.org,30,0,2,1
proxer.me,30,0,1,1
ptdistinction.com,30,0,1,1
purposebrand.com,30,0,1,1
qawerk.com,30,0,1,1
quadnb.ca,30,0,2,1
querianson.com,30,0,1,1
quicksprout.com,30,0,3,1
quikly.com,30,0,3,1
quuu.co,30,0,35,1
ranking.works,30,0,1,1
reclaimhosting.com,30,0,1,1
redback-optimisation.fr,30,0,1,1
redberries.ae,30,0,1,1
refgrow.com,30,0,2,1
relance.jp,30,0,1,1
relondon.gov.uk,30,0,2,1
resolusiweb.com,30,0,1,1
restonchamber.org,30,0,1,1
restrictcontentpro.com,30,0,1,1
rethincadvertising.com,30,0,1,1
revisionlegal.com,30,0,1,1
revnew.com,30,0,1,1
rightblogger.com,30,0,1,1
rjp.design,30,0,1,1
roomvu.com,30,0,1,1
runebook.dev,30,0,12,1
ruul.io,30,0,1,1
rvdaily.com.au,30,0,12,1
saasmag.com,30,0,4,1
saaspirate.com,30,0,2,1
sadecor.co.za,30,0,30,1
salfordgroup.com,30,0,6,1
saskatoonsymphony.org,30,0,6,1
savemycent.com,30,0,1,1
screamer.wiki,30,0,3,1
searchfacts.com,30,0,10,1
seastarcruises.com.au,30,0,12,1
seattleorganicseo.com,30,0,1,1
secomapp.com,30,0,1,1
secureflag.com,30,0,1,1
securityonline.info,30,0,1,1
segmentify.com,30,0,2,1
sendlane.com,30,0,2,1
seo.london,30,0,21,1
seofomo.co,30,0,1,1
sered.net,30,0,1,1
servebolt.com,30,0,1,1
servemethesky.com,30,0,7,1
servicio-online.net,30,0,1,1
sessionboard.com,30,0,5,1
sexymamamaternity.com,30,0,14,1
sfin.ro,30,0,1,1
sidecar.ai,30,0,1,1
signature.email,30,0,1,1
siliconinvestor.com,30,0,5,1
simplyscheduleappointments.com,30,0,1,1
singaporebestwebdesign.com,30,0,1,1
sitecare.com,30,0,8,1
skill.jobs,30,0,1,1
skillsmp.com,30,0,6,1
skypack.dev,30,0,6,1
smithandeulo.com,30,0,2,1
snipd.com,30,0,4,1
sociablelabs.com,30,0,1,1
society-a.com,30,0,6,1
softline.fr,30,0,1,1
soliddigital.com,30,0,1,1
somethingtotallydifferent.com,30,0,1,1
southtowndesigns.com,30,0,1,1
spec-india.com,30,0,1,1
spinrewriter.com,30,0,1,1
spletnik.si,30,0,6,1
spotibo.com,30,0,1,1
sqorus.com,30,0,1,1
squirrly.co,30,0,4,1
starline.de,30,0,2,1
stephaniewalter.design,30,0,2,1
storeapps.org,30,0,2,1
strategicpete.com,30,0,1,1
strategyquant.com,30,0,6,1
sugarbeecrafts.com,30,0,3,1
sunlightmedia.org,30,0,1,1
supportforfamilies.org,30,0,2,1
sustainablewebdesign.org,30,0,3,1
swetrix.com,30,0,1,1
syncbricks.com,30,0,1,1
takichannel.com,30,0,1,1
techcult.com,30,0,1,1
technically.dev,30,0,1,1
techrounder.com,30,0,6,1
techstrong.tv,30,0,2,1
tecnoloblog.com,30,0,1,1
teemagroup.com,30,0,2,1
tenaflynaturecenter.org,30,0,18,1
terrahq.com,30,0,12,1
testmonitor.com,30,0,1,1
texassinusandsnoring.com,30,0,2,1
theblogsmith.com,30,0,8,1
thechicagogarage.com,30,0,1,1
thedroptimes.com,30,0,4,1
thegoodhartgroup.com,30,0,8,1
thehomeofinteriors.co.uk,30,0,4,1
theiconomics.com,30,0,12,1
themartechsummit.com,30,0,3,1
themezaa.com,30,0,1,1
thepodcastconsultant.com,30,0,1,1
thepointcasinoandhotel.com,30,0,4,1
thepublishpress.com,30,0,1,1
theseoframework.com,30,0,2,1
thetechhacker.com,30,0,6,1
thetorch.org.au,30,0,6,1
think360studio.com,30,0,6,1
thinknet.co.th,30,0,1,1
thirstyaffiliates.com,30,0,49,1
thrive.design,30,0,3,1
thryv.com.au,30,0,1,1
tighten.com,30,0,1,1
trainingsadda.in,30,0,1,1
treasurytoday.com,30,0,1,1
trevor.io,30,0,2,1
tutonaut.de,30,0,2,1
ujeeb.com,30,0,2,1
ultimatetools.eu,30,0,2,1
uncommonlogic.com,30,0,1,1
undecidedmf.com,30,0,2,1
unkover.com,30,0,1,1
until.co.uk,30,0,1,1
urbanmos.com,30,0,6,1
uwmidsouth.org,30,0,10,1
valnelson.com,30,0,4,1
varn.co.uk,30,0,4,1
veinvascular.com,30,0,6,1
venture.com,30,0,2,1
viasport.ca,30,0,2,1
viewfinder.com.tw,30,0,4,1
viotek.com,30,0,2,1
virox.com,30,0,6,1
vitamedica.com,30,0,1,1
vmblog.com,30,0,10,1
vocso.com,30,0,1,1
w3spaces.com,30,0,3,1
wagento.com,30,0,2,1
warhammer-forum.com,30,0,1,1
wastefreesd.org,30,0,3,1
wcvendors.com,30,0,7,1
wealth-park.com,30,0,2,1
wearebottle.com,30,0,1,1
wearefbs.com,30,0,1,1
wearetriple.com,30,0,2,1
webascender.com,30,0,1,1
webdesignernews.com,30,0,3966,1
webinhood.com.br,30,0,3,1
webisoft.com,30,0,2,1
weblab.co.jp,30,0,1,1
webwiki.com,30,0,3,1
wedoflow.com,30,0,10,1
welchllp.com,30,0,6,1
westmontlibrary.org,30,0,4,1
wholesalesuiteplugin.com,30,0,3,1
wired868.com,30,0,4,1
woliba.io,30,0,2,1
womenintechseo.com,30,0,4,1
wpcoupons.io,30,0,3,1
wpdownloadmanager.com,30,0,7,1
wpeasycart.com,30,0,2,1
wperp.com,30,0,4,1
wpforo.com,30,0,14,1
wpfusion.com,30,0,60,1
wplift.com,30,0,306,1
wplounge.nl,30,0,3,1
wptasty.com,30,0,1,1
wytlabs.com,30,0,1,1
xavor.com,30,0,1,1
youthjournalism.org,30,0,2,1
yulys.com,30,0,2,1
zealousweb.com,30,0,1,1
zenphoto.org,30,0,2,1
zensite.co,30,0,2,1
zestard.com,30,0,2,1
zibb.nl,30,0,12,1
zoolatech.com,30,0,1,1
zweiggroup.com,30,0,1,1
1stwebdesigner.com,29,0,11,1
21cloudbox.com,29,0,1,1
2inc.org,29,0,12,1
5app.ai,29,0,1,1
99dollarsocial.com,29,0,1,1
99signals.com,29,0,2,1
9cv9.com,29,0,1,1
aaardvarkaccessibility.com,29,0,1,1
abparamedics.com,29,0,15,1
accruepartners.com,29,0,2,1
acowebs.com,29,0,11,1
activekidsadventurepark.co.uk,29,0,2,1
activetrail.co.il,29,0,2,1
adrenalead.com,29,0,7,1
adrianroselli.com,29,0,4,1
advancedcouponsplugin.com,29,0,1,1
advids.co,29,0,26,1
affiliate.watch,29,0,2,1
afrikmag.com,29,0,1,1
agencegalopins.com,29,0,1,1
aglaia.es,29,0,1,1
ai-online.com,29,0,1,1
alacrityfoundation.co.uk,29,0,2,1
allegrow.co,29,0,1,1
alletop10lijstjes.nl,29,0,1,1
alphametic.com,29,0,3,1
ambitiouspr.co.uk,29,0,1,1
andreavahl.com,29,0,1,1
annainthehouse.com,29,0,1,1
api2cart.com,29,0,2,1
apitracker.io,29,0,11,1
appmaker.xyz,29,0,3,1
apppresser.com,29,0,1,1
apritimoda.it,29,0,2,1
ar-wp.com,29,0,6,1
areq.net,29,0,2,1
arsturn.com,29,0,1,1
artaxis.org,29,0,6,1
arvow.com,29,0,3,1
aspiration.marketing,29,0,7,1
atarim.io,29,0,61,1
atlantikos.com.br,29,0,10,1
atmosera.com,29,0,1,1
atolcd.com,29,0,1,1
audiosex.pro,29,0,1,1
ausbildung-in-der-it.de,29,0,2,1
authenticstyle.co.uk,29,0,1,1
avalanchegr.com,29,0,3,1
avanan.click,29,0,1,1
avstarnews.com,29,0,1,1
axolo.co,29,0,3,1
bablosoft.com,29,0,70,1
baliq.com,29,0,2,1
basketballhq.com,29,0,2,1
bayarearidersforum.com,29,0,1,1
bch.org.uk,29,0,3,1
beanninjas.com,29,0,2,1
bernieshoot.fr,29,0,1,1
betterstudio.com,29,0,2,1
beyondweb.ch,29,0,835,1
bhcare.org,29,0,2,1
bic.org.uk,29,0,4,1
bigfive.it,29,0,2,1
biooneinc.com,29,0,2,1
bitmedia.io,29,0,1,1
bitrebels.com,29,0,2,1
biz-assist.co.jp,29,0,6,1
bizstories.se,29,0,6,1
blissdrive.com,29,0,2,1
bloggingheros.com,29,0,1,1
blogpros.com,29,0,5,1
blogtyrant.com,29,0,12,1
bluetuskr.com,29,0,1,1
bluewhalemedia.co.uk,29,0,14,1
bnbforms.com,29,0,1,1
bookmachine.org,29,0,3,1
boomcycle.com,29,0,1,1
bootstrapped.ventures,29,0,1,1
boxmode.com,29,0,1,1
brandastic.com,29,0,3,1
brandee.edu.vn,29,0,128,1
brandingmarketingagency.com,29,0,1,1
brandloom.com,29,0,3,1
brasileiraspelomundo.com,29,0,3,1
brilliantlabs.ca,29,0,2,1
brizy.site,29,0,5,1
browseract.com,29,0,1,1
bunnyshell.com,29,0,2,1
buritsu.com,29,0,2,1
cadch.com.tw,29,0,3,1
cadresetdirigeants-magazine.com,29,0,1,1
cafeteriaculture.org,29,0,6,1
canellacamaiora.it,29,0,12,1
careersteering.com,29,0,1,1
carllevincenter.com,29,0,4,1
cartflows.com,29,0,2,1
casaneo.io,29,0,1,1
cascadebusnews.com,29,0,2,1
ccomecurabile.it,29,0,2,1
cerebras.net,29,0,2,1
cfesa.com,29,0,8,1
charity.wtf,29,0,2,1
charlestonlibrarysociety.org,29,0,2,1
chsonline.org.uk,29,0,6,1
churchthemes.com,29,0,3,1
cityandguildsfoundation.org,29,0,2,1
classicmotor.se,29,0,6,1
clouddevs.com,29,0,3,1
cloudflare-cn.com,29,0,1,1
clubinfluencers.com,29,0,1,1
cmc-japan.co.jp,29,0,1,1
cminds.com,29,0,7,1
cnmsocal.org,29,0,6,1
codeless.co,29,0,13,1
cogsy.com,29,0,1,1
coinsbench.com,29,0,1,1
connectingvisionsgroup.com,29,0,1,1
contentbeta.com,29,0,1,1
cookinesi.com,29,0,2,1
coolermedia.nl,29,0,1,1
cpasitesolutions.com,29,0,3,1
crmswitch.com,29,0,2,1
cryopdp.com,29,0,4,1
cs-cart.jp,29,0,1,1
cscvanier.com,29,0,2,1
csubak.edu,29,0,2,1
darkvisitors.com,29,0,2,1
datonics.com,29,0,1,1
ddigitals.net,29,0,4,1
dekuple.com,29,0,1,1
demandsphere.com,29,0,1,1
deploybot.com,29,0,3,1
design.dev,29,0,86,1
designmonks.co,29,0,1,1
designrevision.com,29,0,2,1
desku.io,29,0,3,1
devsquad.com,29,0,2,1
dfrws.org,29,0,6,1
dialektika.org,29,0,1,1
dieg.info,29,0,2,1
digible.com,29,0,1,1
digitaldrewsem.com,29,0,1,1
digitalhill.com,29,0,1,1
digitalismedical.com,29,0,2,1
digitalnrg.co.uk,29,0,1,1
dj-extensions.com,29,0,4,1
dm2.co.jp,29,0,3,1
doctranslate.io,29,0,16,1
doisz.com,29,0,76,1
doit.software,29,0,1,1
domaindetails.com,29,0,6,1
dominknow.com,29,0,1,1
dotcommagazine.com,29,0,2,1
dreamingrobots.com,29,0,1,1
dripshipper.io,29,0,1,1
dsmtool.com,29,0,1,1
duboischemicals.com,29,0,12,1
dupple.com,29,0,2,1
dynamicwebdevelopment.sg,29,0,1,1
e3melbusiness.com,29,0,1,1
edgenext.com,29,0,5,1
eixfortpienc.com,29,0,2,1
elementpack.pro,29,0,44,1
eluminoustechnologies.com,29,0,3,1
emailindustries.com,29,0,6,1
enthu.ai,29,0,1,1
entrepreneursbreak.com,29,0,1,1
eoppimispalvelut.fi,29,0,1,1
escuelaeuropeadeempresa.eu,29,0,2,1
esnota.com,29,0,1,1
esono.de,29,0,2,1
estudioarquitectos.cl,29,0,7,1
etass.it,29,0,1,1
etonbridgepartners.com,29,0,1,1
europe-samsung.com,29,0,1,1
europeanfinancialreview.com,29,0,1,1
eveo.com.br,29,0,1,1
externals.io,29,0,1,1
eyjafrettir.is,29,0,6,1
f-i-d.jp,29,0,2,1
fatlabwebsupport.com,29,0,6,1
filerev.com,29,0,1,1
filmlocal.com,29,0,4,1
firstwa.org,29,0,44,1
fivebyfive.com.au,29,0,1,1
fluentsmtp.com,29,0,4,1
focuspeople.com,29,0,2,1
foliovision.com,29,0,2,1
fourfront.us,29,0,1,1
foxize.com,29,0,2,1
free-fonts.com,29,0,6,1
freestuff.co.uk,29,0,6,1
ful.io,29,0,2,1
full.services,29,0,6,1
fyresite.com,29,0,5,1
ga.agency,29,0,4,1
galeo.org,29,0,10,1
gantter.ai,29,0,1,1
gantter.com,29,0,1,1
gardenstatelumber.com,29,0,6,1
gbnews.ch,29,0,1,1
gc-tr.org,29,0,1,1
gearmoose.com,29,0,2,1
genesesolution.com,29,0,2,1
getlasso.co,29,0,13,1
getsharedcontacts.com,29,0,10,1
getshieldsecurity.com,29,0,6,1
getwemail.io,29,0,2,1
giornaledeinavigli.it,29,0,1,1
girldevelopit.com,29,0,3,1
goforma.com,29,0,1,1
gogpac.com,29,0,2,1
grade.us,29,0,1,1
growfusely.com,29,0,6,1
gtechme.com,29,0,1,1
guestrevu.com,29,0,1,1
gw-fanworld.net,29,0,1,1
harvestwines.ca,29,0,4,1
hdpiano.com,29,0,2,1
herjustice.org,29,0,4,1
heytony.ca,29,0,2,1
higginsfh.com,29,0,28,1
highlight.io,29,0,2,1
hokkaidowilds.org,29,0,1,1
hollaex.com,29,0,1,1
hooshmand.net,29,0,1,1
hostingcharges.in,29,0,16,1
hostiran.net,29,0,1,1
hotframeworks.com,29,0,2,1
hottg.com,29,0,4,1
howdesignlive.com,29,0,58,1
howtobuysaas.com,29,0,32,1
hustlermoneyblog.com,29,0,8,1
iampatterns.fr,29,0,1,1
iceclog.com,29,0,4,1
icohs.edu,29,0,1,1
idealcombi.dk,29,0,4,1
ideaproof.io,29,0,1,1
ideati.net,29,0,1,1
iev.com.br,29,0,1,1
imcgrupo.com,29,0,2,1
impressionsmagazine.com,29,0,12,1
inclinedplane.org,29,0,6,1
informarea.it,29,0,1,1
infranetworking.com,29,0,1,1
infyways.com,29,0,2,1
ingenius.agency,29,0,2,1
inmedium.pl,29,0,1,1
inspiretothrive.com,29,0,1,1
instant-carry.com,29,0,2,1
intuitivedigital.com,29,0,1,1
ionline.com.au,29,0,1,1
ipernity.com,29,0,1,1
irish31.com,29,0,6,1
irobot.ch,29,0,2,1
itforce.ua,29,0,1,1
ith.eu,29,0,4,1
iyinet.com,29,0,1,1
jacobymeyers.com,29,0,12,1
jalasoft.com,29,0,2,1
jalta.nl,29,0,1,1
jawak.com,29,0,1,1
jem-products.com,29,0,1,1
jessicathiefels.com,29,0,1,1
jimmydore.com,29,0,1,1
johnchow.com,29,0,1,1
joinhorizons.com,29,0,2,1
jonlee.co.uk,29,0,4,1
joomlashack.com,29,0,1,1
junandus.com.my,29,0,2,1
justpublishingadvice.com,29,0,3,1
kenmoo.me,29,0,4,1
knewin.com,29,0,1,1
knowit.dk,29,0,2,1
knowledgenile.com,29,0,2,1
kodezi.com,29,0,6,1
kom.pe,29,0,12,1
kreativkarussell.de,29,0,1,1
kreston.com,29,0,2,1
kristihines.com,29,0,2,1
kwsmdigital.com,29,0,1,1
lapieza.io,29,0,1,1
lasellvillage.com,29,0,12,1
lcs.com,29,0,1,1
leadingresponse.com,29,0,1,1
lesnewsdunet.com,29,0,1,1
leydesignstudio.com,29,0,1,1
libertygroupllc.com,29,0,6,1
life5.es,29,0,1,1
lifewithfingerprints.com,29,0,1,1
lightersideofrealestate.com,29,0,2,1
littleriverchamber.org,29,0,1,1
lseo.com,29,0,1,1
madebyextreme.com,29,0,1,1
magnamining.com,29,0,6,1
makeawebsitehub.com,29,0,4,1
manytools.com,29,0,2,1
mapsmarker.com,29,0,1,1
maramarietta.com,29,0,1,1
mariopeshev.com,29,0,4,1
martinraywinery.com,29,0,6,1
masamedia.co.il,29,0,2,1
master.dev,29,0,2,1
match2one.com,29,0,1,1
mavlers.com,29,0,5,1
maxval.com,29,0,12,1
mayke.com,29,0,3,1
mbadmb.com,29,0,2,1
melapress.com,29,0,5,1
memberspace.com,29,0,2,1
metagauss.com,29,0,2,1
metaintro.com,29,0,1,1
milwaukee-webdesigner.com,29,0,4,1
minimadesigns.com,29,0,1,1
minotauro.it,29,0,8,1
modernretail.co.uk,29,0,4,1
momsandmunchkins.ca,29,0,1,1
moneyinc.com,29,0,1,1
mpchealthcare.com,29,0,12,1
msendpointmgr.com,29,0,1,1
multilingualpress.org,29,0,1,1
mycchc.org,29,0,24,1
myorderbox.com,29,0,2,1
mypmp.net,29,0,14,1
mystarcollectorcar.com,29,0,6,1
mysterythemes.com,29,0,4,1
ndhc.org,29,0,6,1
netz-gaenger.de,29,0,4,1
nevadavolunteers.org,29,0,2,1
newsletterpro.com,29,0,2,1
nexterwp.com,29,0,40,1
ninjateam.org,29,0,6,1
niteco.com,29,0,2,1
nolandhealth.com,29,0,6,1
northhillcentre.com,29,0,12,1
northiowatoday.com,29,0,1,1
noteforms.com,29,0,1,1
now.cc,29,0,1,1
npws.net,29,0,1,1
numi.tech,29,0,11,1
nyx.cz,29,0,20,1
octoparse.fr,29,0,1,1
oflox.com,29,0,2,1
olmix.com,29,0,1,1
on-page.ai,29,0,3,1
onalytica.com,29,0,1,1
onewebcare.com,29,0,1,1
onlysocial.io,29,0,1,1
onstipe.com,29,0,1,1
onul.works,29,0,4,1
oozlemedia.com,29,0,2,1
op360.com,29,0,1,1
opace.agency,29,0,11,1
opinly.ai,29,0,2,1
orangetractortalks.com,29,0,2,1
orpetron.com,29,0,19,1
oshyn.com,29,0,1,1
osmarks.net,29,0,9,1
otafuku-lab.co,29,0,1,1
ottobock-ortho.fr,29,0,1,1
outhouse.ie,29,0,2,1
overclockers.at,29,0,8,1
pagetraffic.in,29,0,1,1
palai.media,29,0,1,1
panamacityrvresort.com,29,0,6,1
papaly.com,29,0,26,1
papercutz.com,29,0,618,1
paxer.com,29,0,4,1
peaceaction.org,29,0,6,1
petefrates.com,29,0,12,1
petlandtexas.com,29,0,6,1
phishprotection.com,29,0,2,1
pinaywise.com,29,0,1,1
pitandquarry.com,29,0,22,1
pitsolutions.com,29,0,9,1
platoforms.com,29,0,8,1
podcast24.fr,29,0,1,1
poliengine.com,29,0,1,1
positivesharing.com,29,0,3,1
postaffiliatepro.de,29,0,1,1
prestoplayer.com,29,0,3,1
printpeppermint.com,29,0,1,1
prlog.ru,29,0,16,1
projecter.de,29,0,4,1
propellant.media,29,0,1,1
protopage.com,29,0,4,1
pyra-handheld.com,29,0,1,1
quadlayers.com,29,0,13,1
quermania.de,29,0,1,1
quickfisco.it,29,0,1,1
radioibiza.it,29,0,6,1
radioisla.tv,29,0,12,1
ramonnastase.ro,29,0,2,1
rankomedia.com,29,0,1,1
rapidnative.com,29,0,2,1
re-work.co,29,0,1,1
readycontacts.com,29,0,1,1
readyspace.com.sg,29,0,5,1
rebrand.gallery,29,0,1,1
redactai.io,29,0,12,1
reddoor.biz,29,0,2,1
redefineyourmarketing.com,29,0,2,1
remogu.jp,29,0,1,1
resizemyimg.com,29,0,2,1
resumly.ai,29,0,1,1
rextheme.com,29,0,15,1
rmalberta.com,29,0,2,1
robertkatai.com,29,0,9,1
roklen24.cz,29,0,8,1
rootsofloneliness.com,29,0,3,1
rothstaffing.com,29,0,1,1
rst.software,29,0,1,1
rstforums.com,29,0,6,1
saffrontech.net,29,0,4,1
salesupply.com,29,0,1,1
schuff.com,29,0,6,1
scoreapps.com,29,0,1,1
scurri.com,29,0,2,1
searchxpro.com,29,0,5,1
securitewp.com,29,0,1,1
semetrical.com,29,0,1,1
semwerkt.nl,29,0,1,1
seojapan.com,29,0,3,1
seoquick.com.ua,29,0,1,1
seoservices.com.au,29,0,2,1
seowerkz.com,29,0,1,1
serpforge.io,29,0,1,1
sfeir.dev,29,0,1,1
sgd.com.au,29,0,1,1
shopjkl.com,29,0,2,1
shoptalkshow.com,29,0,1,1
shortdot.bond,29,0,1,1
shoshonevillage.com,29,0,12,1
simon.ai,29,0,2,1
sitly.ca,29,0,4,1
slapdashmom.com,29,0,1,1
slik.nl,29,0,1,1
sltcreative.com,29,0,1,1
smartenergy.org.au,29,0,2,1
snapps.ai,29,0,1,1
socastsrm.com,29,0,1,1
societe.tech,29,0,1,1
soos.io,29,0,1,1
soundmachine.com.mt,29,0,8,1
specbee.com,29,0,1,1
speedkit.com,29,0,1,1
sramanamitra.com,29,0,1,1
sterfield.co.jp,29,0,1,1
sterlingidentity.com,29,0,2,1
storemapper.com,29,0,1,1
storybox.io,29,0,1,1
streamlinevrs.com,29,0,1,1
strictlytoolboxes.com,29,0,38,1
studiowombat.com,29,0,6,1
studyabroadaide.com,29,0,2,1
sunscrapers.com,29,0,1,1
superhumanprospecting.com,29,0,1,1
supportmeindia.com,29,0,4,1
svenskbyggtidning.se,29,0,1,1
sweetiessweeps.com,29,0,1,1
sweetwaterreporter.com,29,0,1,1
synergycodes.com,29,0,1,1
tagteamdesign.com,29,0,1,1
targetbay.com,29,0,2,1
tbhcreative.com,29,0,2,1
tbwakorea.com,29,0,1,1
tchncs.de,29,0,1,1
teamstage.io,29,0,2,1
technocio.com,29,0,1,1
techstrong.ai,29,0,2,1
tenspeed.io,29,0,1,1
tenten.co,29,0,3,1
testfortravel.com,29,0,2,1
testparty.ai,29,0,1,1
textbroker.co.uk,29,0,2,1
textilia.nl,29,0,2,1
thaiall.com,29,0,1,1
thebeveragejournal.com,29,0,11,1
theblue.social,29,0,1,1
thecreativemomentum.com,29,0,2,1
thedesignconfidential.com,29,0,1,1
thegeorgiahempcompany.com,29,0,2,1
thejamesagency.com,29,0,1,1
themarketingblog.co.uk,29,0,2,1
themarketingmeetup.com,29,0,1,1
thepeech.co.za,29,0,6,1
thepigandquill.com,29,0,1,1
thepublive.com,29,0,2,1
thesavvycouple.com,29,0,2,1
thespoken.cc,29,0,6,1
theteam.co.uk,29,0,2,1
thetechportal.com,29,0,1,1
thetimes.com.au,29,0,27,1
thewhitesands.com,29,0,6,1
timschaefermedia.com,29,0,1,1
topappdevelopmentcompanies.com,29,0,2,1
topmotive.eu,29,0,1,1
tractionlife.com,29,0,4,1
trainingym.com,29,0,4,1
trends.vc,29,0,1,1
tripledart.com,29,0,4,1
trustpulse.com,29,0,1,1
tudodeshare.com.br,29,0,1,1
unityhouston.org,29,0,10,1
unixmen.com,29,0,2,1
upvote.club,29,0,1,1
urbit.org,29,0,1,1
usdigitalpartners.com,29,0,1,1
usnannyinstitute.com,29,0,1,1
utilitybend.com,29,0,2,1
valuedvoice.com,29,0,1,1
veridianhomes.com,29,0,2,1
verito.com,29,0,1,1
vicky.dev,29,0,1,1
victorygardens.org,29,0,6,1
victorytale.com,29,0,20,1
visionary-marketing.co.uk,29,0,1,1
visionarymarketing.com,29,0,4,1
visualmodo.com,29,0,3,1
vivomeunegocio.com.br,29,0,2,1
volpro.net,29,0,1,1
vpmsolutions.com,29,0,1,1
vpsmalaysia.com.my,29,0,5,1
vrijetijdamsterdam.nl,29,0,1,1
vudigital.co,29,0,1,1
w3speedup.com,29,0,2,1
wayup.in,29,0,1,1
webappick.com,29,0,3,1
webcindario.com,29,0,2,1
webcompany.com.br,29,0,1,1
webdevelopersjournal.com,29,0,1,1
webdirections.org,29,0,4,1
webmastersun.com,29,0,2,1
webmonkey.com,29,0,1,1
webmyday.io,29,0,2,1
webreactiva.com,29,0,2,1
webreus.net,29,0,76,1
weirdmarketingtales.com,29,0,1,1
westmorelandtransit.com,29,0,6,1
westsidenannies.com,29,0,3,1
weventure.de,29,0,2,1
whatismylocation.org,29,0,1,1
wikipreneurs.be,29,0,2,1
windowsunited.de,29,0,1,1
wiremo.co,29,0,1,1
wisewhisperagency.com,29,0,4,1
wjtl.com,29,0,2,1
wjunction.com,29,0,1,1
wonderful.io,29,0,2,1
wonderproxy.com,29,0,2,1
woodworking.nl,29,0,1,1
wordwriter.co,29,0,21,1
worldfinancialreview.com,29,0,213,1
worldline.ca,29,0,8,1
wp-ninjas.de,29,0,9,1
wp-royal-themes.com,29,0,5,1
wp-valley.com,29,0,73,1
wp.sk,29,0,5,1
wpde.org,29,0,6,1
wpmake.jp,29,0,2,1
wprentals.org,29,0,5,1
wpresidence.net,29,0,16,1
wpsimplepay.com,29,0,1,1
writtent.com,29,0,1,1
wsworkshop.org,29,0,6,1
yclas.com,29,0,4,1
yokoco.com,29,0,1,1
zagerguitar.com,29,0,6,1
zeekmagazine.com,29,0,1,1
ziher.hr,29,0,44,1
zipboard.co,29,0,3,1
zyxware.com,29,0,4,1
10xds.com,28,0,1,1
180c.fr,28,0,3,1
1902software.com,28,0,3,1
1st-line.com,28,0,2,1
2emotion.com,28,0,2,1
3way.social,28,0,2,1
7blog.hu,28,0,4,1
7boats.com,28,0,2,1
7designs.co,28,0,1,1
7span.com,28,0,2,1
a2p-certification.org,28,0,1,1
aapcho.org,28,0,6,1
aaplonline.com,28,0,4,1
abantecart.com,28,0,1,1
abrightclearweb.com,28,0,9,1
abroadlink.com,28,0,2,1
absplittest.com,28,0,1,1
accessally.com,28,0,5,1
aceinfoway.com,28,0,1,1
activosblog.com,28,0,570,1
adentity.es,28,0,1,1
admiral.media,28,0,1,1
adriahost.rs,28,0,1,1
affilizz.com,28,0,2,1
affilorama.com,28,0,5,1
agence-copernic.fr,28,0,1,1
agirlworthsaving.net,28,0,6,1
agonist.org,28,0,6,1
aiforeveryone.org,28,0,25,1
aimclear.com,28,0,1,1
aimode.co,28,0,1,1
ait-pro.com,28,0,1,1
aliceorru.me,28,0,1,1
allepaginas.nl,28,0,2,1
aloa.co,28,0,2,1
alphaefficiency.com,28,0,1,1
alpina.co.jp,28,0,8,1
alsanit.pl,28,0,21,1
anangsha.me,28,0,1,1
andovar.com,28,0,1,1
apipark.com,28,0,4,1
apollosfire.org,28,0,6,1
arpynet.com,28,0,1,1
articleted.com,28,0,2,1
artsneworleans.org,28,0,102,1
asna.com,28,0,2,1
atroposdigital.com,28,0,1,1
atsondemand.com,28,0,1,1
audiencex.com,28,0,1,1
ausfencing.org,28,0,10,1
aussieenglish.com.au,28,0,2,1
avenacloud.com,28,0,2,1
aveo.dk,28,0,1,1
avesstudio.com,28,0,6,1
awesome-table.com,28,0,2,1
azulschool.net,28,0,6,1
b13.com,28,0,1,1
b2linked.com,28,0,1,1
badastronautbeer.com,28,0,6,1
baetica.com,28,0,1,1
bavatuesdays.com,28,0,1522,1
bdthemes.com,28,0,8,1
belikenative.com,28,0,1,1
bestarion.com,28,0,8,1
bethnalgreenventures.com,28,0,15,1
bew-web-agency.fr,28,0,7,1
bfmaf.org,28,0,2,1
bhmpc.com,28,0,1,1
bigrockcoupon.in,28,0,3,1
bindec.jp,28,0,1,1
binusian.org,28,0,1,1
bit-integrations.com,28,0,14,1
bitmag.com.br,28,0,2,1
bizplan.com,28,0,2,1
bizrateinsights.com,28,0,1,1
bloggazza.com,28,0,622,1
bloggeroutreach.io,28,0,6,1
bloggerpilot.com,28,0,2,1
blogmotion.fr,28,0,1,1
blogtrepreneur.com,28,0,4,1
blogueur-pro.net,28,0,1,1
bmgmediaco.com,28,0,1,1
boldist.co,28,0,2,1
branchfh.com,28,0,2,1
brandlume.com,28,0,1,1
brandshark.com,28,0,2,1
brandworkz.com,28,0,2,1
brasilstream.com.br,28,0,1,1
brightbrands.online,28,0,4,1
brightminded.com,28,0,1,1
btw.media,28,0,9,1
buildremote.co,28,0,4,1
bygg.se,28,0,6,1
bytesoftware.com,28,0,2,1
calendesk.com,28,0,1,1
caliberelectronics.com,28,0,1,1
calvarychurch.org,28,0,8,1
cantley.ca,28,0,24,1
carolinabrothers.com,28,0,6,1
carrerdesants.cat,28,0,2,1
casted.us,28,0,1,1
catsy.com,28,0,2,1
cec.es,28,0,1,1
centminmod.com,28,0,66,1
cifprodolfoucha.es,28,0,3,1
cigarsnobmag.com,28,0,2,1
cioinfluence.com,28,0,2,1
ciwebgroup.com,28,0,2,1
cldy.com,28,0,1,1
clearwaterarizona.com,28,0,2,1
clickpatrol.com,28,0,1,1
cliently.com,28,0,2,1
clockworkwd.com,28,0,2,1
cnpereading.com,28,0,1,1
codimg.com,28,0,3,1
cogdogblog.com,28,0,3,1
coinfund.io,28,0,1,1
colchestervet.net,28,0,2,1
commitfoundation.org,28,0,4,1
comparapps.com,28,0,2,1
conexbanninger.com,28,0,6,1
constructive.co,28,0,5,1
contensifyhq.com,28,0,1,1
coolerinsights.com,28,0,2,1
copify.com,28,0,1,1
cortera.com,28,0,2,1
coverlettercopilot.ai,28,0,1,1
cozmoslabs.com,28,0,11,1
creativebloomrocks.com,28,0,9,1
creativefreedom.co.uk,28,0,1,1
crunch.help,28,0,1,1
cto.academy,28,0,4,1
curiousmindmagazine.com,28,0,1,1
cybercrew.uk,28,0,1,1
cyclingclassics.com.au,28,0,2,1
cypressnorth.com,28,0,2,1
datarockstars.ai,28,0,2,1
dazedlounge.com,28,0,2,1
de-avenue.nl,28,0,6,1
dejan.ai,28,0,2,1
dekleinelama.nl,28,0,2,1
delesign.com,28,0,3,1
depicter.com,28,0,7,1
designblendz.com,28,0,1,1
designbolts.com,28,0,4,1
designplus.co,28,0,3,1
designtlc.com,28,0,10,1
dfla.org,28,0,12,1
diedit.com,28,0,1,1
digitalcommerce.com,28,0,5,1
digitalguider.com,28,0,1,1
digitei.com,28,0,21,1
discover-culture.com,28,0,2,1
distl.com.au,28,0,1,1
diversification.com,28,0,5,1
diviextended.com,28,0,13,1
divilife.com,28,0,1,1
dixcart.com,28,0,12,1
dma-solutions.com,28,0,1,1
dnalabsinternational.com,28,0,6,1
docteur-bron-urologue.fr,28,0,1,1
doctor-web.it,28,0,4,1
doctorsacademy.org.uk,28,0,1,1
donporque.com,28,0,1,1
dreamproduction.com,28,0,1,1
dropshiplifestyle.com,28,0,1,1
droptica.com,28,0,12,1
drupal.ru,28,0,1,1
dupontdupontford.com,28,0,4,1
e-dialog.group,28,0,8,1
e-komercija.lv,28,0,1,1
easyweb-agency.fr,28,0,9,1
echoneon.com,28,0,2,1
echovme.in,28,0,2,1
ecomobi.com,28,0,1,1
egcgroup.com,28,0,1,1
eileenslounge.com,28,0,2,1
eitbiz.com,28,0,1,1
elelandpra.com,28,0,2,1
elevatesoft.com,28,0,20,1
elicus.com,28,0,2,1
emagin.com,28,0,6,1
empaxis.com,28,0,7,1
eogp.dk,28,0,6,1
espoesia.com,28,0,2,1
ethical.net,28,0,4,1
etourisme.info,28,0,1,1
evergreens.com.ua,28,0,2,1
everything.design,28,0,7,1
evland.ru,28,0,4,1
ewm.swiss,28,0,1,1
exhibit-a-brewing.com,28,0,4,1
experis.co.il,28,0,4,1
expertbeacon.com,28,0,3,1
exsel.re,28,0,6,1
facilityexecutive.com,28,0,78,1
fatectq.edu.br,28,0,6,1
fearfreepets.com,28,0,2,1
fifthperson.com,28,0,1,1
findmyplace.co,28,0,3,1
flexqube.com,28,0,4,1
flowout.com,28,0,2,1
flus.fr,28,0,5,1
fontsplugin.com,28,0,3,1
forum64.de,28,0,1,1
forwardpathway.com,28,0,2,1
franceathome.com.au,28,0,2,1
freedium.cfd,28,0,2,1
freek.dev,28,0,72,1
fullstop360.com,28,0,2,1
fundz.net,28,0,4,1
geekextreme.com,28,0,2,1
geekstogo.com,28,0,1,1
geisheker.com,28,0,3,1
gem.agency,28,0,2,1
getlinko.com,28,0,1,1
getsales.io,28,0,1,1
getyourtipsout.co.uk,28,0,18,1
gezinnig.nl,28,0,2,1
ggbailey.com,28,0,2,1
giuseppefava.com,28,0,1,1
glamouryourhair.nl,28,0,2,1
goedbegin.nl,28,0,6,1
gogoherbs.com,28,0,2,1
goldpenguin.org,28,0,1,1
gordon-inc.com,28,0,1005,1
goreplay.org,28,0,1,1
goseeko.com,28,0,1,1
goskyai.com,28,0,2,1
gothru.co,28,0,1,1
gr-co.jp,28,0,2,1
grapevinebirmingham.com,28,0,1,1
greatawakening.win,28,0,3,1
greatlocations.com,28,0,22,1
greencountryfcu.com,28,0,7,1
greydsuite.com,28,0,3,1
gripboard.com,28,0,1,1
groovecommerce.com,28,0,1,1
growbo.com,28,0,1,1
growthnatives.com,28,0,1,1
gws-technologies.com,28,0,1,1
gyfted.me,28,0,1,1
handpickedcottages.co.uk,28,0,2,1
hasolidit.com,28,0,1,1
healthista.com,28,0,2,1
heartifb.com,28,0,3,1
heise-homepages.de,28,0,1,1
helpwise.io,28,0,1,1
herpaperroute.com,28,0,1,1
highpayingaffiliateprograms.com,28,0,3,1
hireclick.com,28,0,1,1
histre.com,28,0,7,1
hookii.org,28,0,2,1
hostenko.com,28,0,51,1
hostido.pl,28,0,4,1
hostingexperto.es,28,0,1,1
hostingjournalist.com,28,0,2,1
hotel-des-nordens.com,28,0,3,1
hunted.space,28,0,12,1
huofamilyfoundation.org,28,0,1,1
hwca.com,28,0,2,1
hwstaffing.com,28,0,1,1
hypermatic.com,28,0,3,1
hypertecsp.com,28,0,1,1
icarelabs.com,28,0,1,1
icst.org.uk,28,0,1,1
ignitiv.com,28,0,1,1
ihost.md,28,0,1,1
ijis.org,28,0,12,1
ilex-international.com,28,0,2,1
imagesuggest.com,28,0,1,1
increditools.com,28,0,1,1
indiegraf.com,28,0,2,1
indieverse.co.jp,28,0,1,1
inetventures.com,28,0,4,1
inforge.net,28,0,1,1
infostride.com,28,0,4,1
innovationworks.org,28,0,1,1
inspector.dev,28,0,1,1
inspirefirst.com,28,0,1,1
intren.hu,28,0,1,1
ippei.com,28,0,1,1
it-wegweiser.de,28,0,1,1
itexus.com,28,0,3,1
itsallyouboo.com,28,0,1,1
itsfundoingmarketing.com,28,0,1,1
itsqmet.edu.ec,28,0,1,1
iuvity.com,28,0,1,1
janovic.com,28,0,22,1
jeangalea.com,28,0,4,1
jessieathome.com,28,0,1,1
jimcarter.me,28,0,1,1
jivochat.com.tr,28,0,1,1
jj-solutions.com,28,0,1,1
joesdaily.com,28,0,1,1
johnkavanagh.co.uk,28,0,3,1
joshtronic.com,28,0,3,1
joyofmotioncrochet.com,28,0,1,1
jsvxc.com,28,0,2,1
junglecommunications.com,28,0,1,1
kadonetworks.com,28,0,5,1
kalicube.pro,28,0,210,1
kearipan.com,28,0,1,1
kellytareskiphotography.com,28,0,2,1
kertos.io,28,0,3,1
kikolani.com,28,0,10,1
killeenchamber.com,28,0,2,1
kizen.com,28,0,1,1
klinkenbergschoenen.nl,28,0,2,1
kohokohta.com,28,0,2,1
konicaminolta.com.au,28,0,2,1
kopyst.com,28,0,2,1
kulturportal.de,28,0,1,1
kunisan.jp,28,0,3,1
kusanagi.tokyo,28,0,8,1
lacavegillet.com,28,0,2,1
lafusee.net,28,0,2,1
lakehealthdistrict.org,28,0,4,1
lancasterbar.org,28,0,8,1
lancastermennonite.org,28,0,3,1
landerlab.io,28,0,1,1
lankellychase.org.uk,28,0,4,1
latincloud.com,28,0,2,1
latori.com,28,0,2,1
lawquill.com,28,0,1,1
leadsync.me,28,0,1,1
legismusic.com,28,0,2,1
lerepaireduchef.fr,28,0,2,1
les10meilleurs.net,28,0,2,1
lespaspetits.com,28,0,1,1
line25.com,28,0,18,1
linkedindownloader.io,28,0,1,1
linkflow.ai,28,0,1,1
linuxteck.com,28,0,2,1
liquid-themes.com,28,0,2,1
llcbuddy.com,28,0,1,1
lloydstaffing.com,28,0,1,1
loansigningsystem.com,28,0,1,1
localkitchenblog.com,28,0,1,1
lockedownseo.com,28,0,13,1
loeysdietzcanada.org,28,0,2,1
macfreak.nl,28,0,4,1
mach36.fr,28,0,2,1
magneetjeswinkel.nl,28,0,2,1
mailbrew.com,28,0,2,1
mailmanhq.com,28,0,1,1
mailwizz.com,28,0,1,1
makewebbetter.com,28,0,3,1
mamitalks.com,28,0,2,1
managementdrives.com,28,0,6,1
mapspeople.com,28,0,1,1
marcusmarques.com.br,28,0,3,1
marjacpoultry.com,28,0,6,1
marketinginasia.com,28,0,1,1
marketsherald.com,28,0,1,1
marknarusson.com,28,0,2,1
martech360.com,28,0,3,1
masshiredowntownboston.org,28,0,4,1
mattreport.com,28,0,6,1
mayecreate.com,28,0,1,1
mcgaw.io,28,0,4,1
mialias.net,28,0,4,1
mickyweis.com,28,0,9,1
mikedietrichde.com,28,0,1,1
mindquest.io,28,0,1,1
mindysolomon.com,28,0,6,1
miramarpembrokepines.org,28,0,2,1
mitmachim.top,28,0,3,1
modulards.com,28,0,1,1
mokana.nl,28,0,4,1
morganintl.com,28,0,2,1
morningdough.com,28,0,110,1
motorsport101.com,28,0,18,1
movie-style.co.jp,28,0,1,1
mozillazine.jp,28,0,1,1
mserwis.pl,28,0,1,1
museumsrv.org,28,0,6,1
musicland.cl,28,0,4,1
mybestwebsitebuilder.com,28,0,7,1
myva360.com,28,0,1,1
myworks.software,28,0,3,1
navthemes.com,28,0,1,1
nbea.org,28,0,11,1
nedemek.page,28,0,1,1
nichesiteproject.com,28,0,1,1
nikon-fotografie.de,28,0,2,1
niooz.fr,28,0,2,1
novacloud.io,28,0,1,1
numberanalytics.com,28,0,1,1
numia.co,28,0,1,1
nwneighborhoodvet.com,28,0,6,1
obesityhelp.com,28,0,1,1
observernewsonline.com,28,0,1,1
octoparse.es,28,0,1,1
odp.org,28,0,4,1
oldoxbrewery.com,28,0,14,1
oliveandcompany.com,28,0,1,1
omnius.so,28,0,1,1
onbrands.hu,28,0,2,1
one25.org.uk,28,0,4,1
onebasemedia.co.uk,28,0,1,1
onenine.com,28,0,35,1
ontecoute.ch,28,0,1,1
onthegosystems.com,28,0,9,1
opalstack.com,28,0,1,1
opmc.com.au,28,0,1,1
optimizemyfirm.com,28,0,2,1
oregoom.com,28,0,1,1
oryon.net,28,0,1,1
osohotwater.no,28,0,6,1
ourgoodbrands.com,28,0,1,1
outils-psy.com,28,0,1,1
outreachmonks.com,28,0,1,1
paloaltoinsight.com,28,0,1,1
pantopix.com,28,0,6,1
pasadenasymphony-pops.org,28,0,2,1
past.am,28,0,3,1
paules-pc-forum.de,28,0,7,1
pearllemonleads.com,28,0,2,1
peertopeermarketing.co,28,0,2,1
perfumeriamonserrat.com.co,28,0,3,1
phorum.pl,28,0,1,1
photoworkout.com,28,0,2,1
pictibe.de,28,0,1,1
pixelunion.net,28,0,1,1
planet-fintech.com,28,0,1,1
podcastguests.com,28,0,1,1
popupmag.it,28,0,1,1
positivesexuality.org,28,0,1,1
postaffiliatepro.es,28,0,1,1
postaffiliatepro.fr,28,0,1,1
press.farm,28,0,1,1
primo.ai,28,0,2,1
productiveshop.com,28,0,2,1
profilepress.com,28,0,4,1
progressivechristianity.org,28,0,6,1
prometteursolutions.com,28,0,1,1
promptcloud.com,28,0,1,1
proven.partners,28,0,1,1
proweaver.com,28,0,3,1
pubity.com,28,0,8,1
publicate.it,28,0,1,1
publishing.blog,28,0,3,1
punchsalad.com,28,0,2,1
purethemes.net,28,0,16,1
qcpetstudies.com,28,0,1,1
queenscollege.org.uk,28,0,4,1
qureca.com,28,0,10,1
ranchhousedesigns.com,28,0,6,1
randallreilly.com,28,0,1,1
razorfrog.com,28,0,2,1
rebellionresearch.com,28,0,1,1
recyclinginside.com,28,0,1,1
refrescandonegocios.com,28,0,1,1
remarkablemark.org,28,0,1,1
remote-work.io,28,0,4,1
remotelytalents.com,28,0,1,1
returnista.nl,28,0,3,1
rigbycooke.com.au,28,0,6,1
rmrbullets.com,28,0,2,1
robel.com,28,0,6,1
roberto-serra.com,28,0,1,1
robertslawfirm.com,28,0,2,1
roundcubeforum.net,28,0,1,1
route06.com,28,0,1,1
s.to,28,0,5,1
saaspirin.co,28,0,1,1
sabay.com.kh,28,0,4,1
salespop.net,28,0,1,1
sangfroidwebdesign.com,28,0,1,1
santantonibcn.com,28,0,2,1
sayenkodesign.com,28,0,6,1
searchseo.io,28,0,1,1
seniorlivingsmart.com,28,0,10,1
seosydney.com,28,0,1,1
serptop.ru,28,0,1,1
shinkamanagement.com,28,0,2,1
shopfittingwarehouse.co.uk,28,0,1,1
showbizz24.be,28,0,1,1
sickchirpse.com,28,0,2,1
silberline.com,28,0,2,1
simplep.net,28,0,4,1
simplus.com,28,0,1,1
siris.com,28,0,3,1
sistemihs.it,28,0,6,1
sitaramstationers.com,28,0,4,1
sitecentre.com.au,28,0,4,1
skaled.com,28,0,3,1
sktthemes.org,28,0,10,1
skyminds.net,28,0,6918,1
sleepline.com,28,0,2,1
slidedeck.com,28,0,2,1
sliplane.io,28,0,2,1
smartwp.com,28,0,10,1
sncs.fr,28,0,2,1
socialnomics.net,28,0,2,1
soft8soft.com,28,0,1,1
softonic.se,28,0,1,1
soliantconsulting.com,28,0,1,1
soniccircus.com,28,0,30,1
sosmarketing.uk,28,0,4,1
soundlister.com,28,0,2,1
sowmedia.nl,28,0,22,1
sparklinecapital.com,28,0,1,1
ssp.sh,28,0,2,1
stacksync.com,28,0,1,1
startit.rs,28,0,1,1
statamic.dev,28,0,3,1
strackr.com,28,0,6,1
streamcreative.com,28,0,1,1
streamrental.com,28,0,44,1
studio36digital.co.uk,28,0,2,1
succeed-equine.com,28,0,1,1
suscerte.gob.ve,28,0,2,1
syften.com,28,0,2,1
synolia.com,28,0,1,1
syntax.fm,28,0,2,1
systango.com,28,0,1,1
tagdiv.com,28,0,58,1
tai-software.com,28,0,2,1
tapesearch.com,28,0,9,1
taskdrive.com,28,0,1,1
tech-wd.com,28,0,1,1
techgdpr.com,28,0,2,1
techgrounds.nl,28,0,1,1
techjobsfair.com,28,0,4,1
techkings.org,28,0,1,1
techliance.com,28,0,1,1
techmoon.xyz,28,0,9,1
technofizi.net,28,0,1,1
temperstack.com,28,0,13,1
templatic.com,28,0,2,1
thebusinessprofessor.com,28,0,4,1
thecgo.org,28,0,1,1
thecolourmoon.com,28,0,6,1
thedigitalmerchant.com,28,0,103,1
thefinrate.com,28,0,1,1
theleader.info,28,0,2,1
themecircle.net,28,0,8,1
thepelham.com,28,0,6,1
theteams.kr,28,0,3,1
thinkorion.com,28,0,1,1
thistlescientific.co.uk,28,0,4,1
tideways.com,28,0,5,1
tidyrepo.com,28,0,6,1
tietarteve.com,28,0,1,1
tillison.co.uk,28,0,1,1
titangps.com,28,0,2,1
toolsurf.com,28,0,1,1
topnotchdezigns.com,28,0,6,1
tortoiseandharesoftware.com,28,0,4,1
totalwptheme.com,28,0,2,1
tradethepool.com,28,0,2,1
tremplin-numerique.org,28,0,1,1
trickyenough.com,28,0,2,1
trio.dev,28,0,1,1
trome.pe,28,0,1,1
trusted-blogs.com,28,0,1,1
tunetheweb.com,28,0,1,1
tvoggisalerno.it,28,0,1,1
twentyoverten.com,28,0,2,1
twesocial.com,28,0,1,1
twicopy.com,28,0,2,1
udi-immo.com,28,0,1,1
uidesignz.com,28,0,1,1
umbilicalbrothers.com,28,0,12,1
unavidaonline.com,28,0,2,1
unitedwithisrael.org,28,0,12,1
unmatchedstyle.com,28,0,8,1
ura-hq.org,28,0,6,1
usseoservices.net,28,0,1,1
vanguardcommunications.net,28,0,1,1
velir.com,28,0,1,1
verbateam.org,28,0,2,1
vertech.com,28,0,1,1
vicimediainc.com,28,0,1,1
vidizmo.ai,28,0,1,1
virtualpetlist.com,28,0,1,1
visualvisitor.com,28,0,1,1
vivianagency.com,28,0,1,1
voxfor.com,28,0,1,1
vpn.jpn.com,28,0,1,1
vps.ua,28,0,2,1
vpswala.org,28,0,1,1
vsoft.com.br,28,0,1,1
wbcalaredo.org,28,0,3,1
wclovers.com,28,0,13,1
wdtactical.com,28,0,2,1
webconfs.com,28,0,1,1
webdesksolution.com,28,0,2,1
webfactoryltd.com,28,0,2,1
webfor.com,28,0,2,1
webformyself.com,28,0,2,1
webguru-india.com,28,0,2,1
webolutionsmarketingagency.com,28,0,1,1
websitevoice.com,28,0,1,1
webstacks.com,28,0,8,1
webtalis.nl,28,0,12,1
wedos.cz,28,0,2,1
weetechsolution.com,28,0,4,1
welllongevity.ca,28,0,14,1
whidbey.com,28,0,6,1
whitepeak.io,28,0,4,1
wind-lock.com,28,0,2,1
winningwp.com,28,0,78,1
wishlistmember.com,28,0,1,1
wittypen.com,28,0,1,1
wolfpackadvising.com,28,0,3,1
world50.com,28,0,3,1
wpbeaveraddons.com,28,0,3,1
wpcrafter.com,28,0,6,1
wpexplorer.com,28,0,37,1
wppluginsify.com,28,0,8,1
wpremote.com,28,0,4,1
wpriders.com,28,0,10,1
wpsauce.com,28,0,5,1
wpsec.com,28,0,1,1
wpspectra.com,28,0,1,1
wpswings.com,28,0,10,1
wpwebify.com,28,0,30,1
wpxpo.com,28,0,4,1
wpzone.co,28,0,2,1
wu-boy.com,28,0,38,1
xccelerate.co,28,0,2,1
xlogic.org,28,0,10,1
xwp.co,28,0,6,1
ylands.com,28,0,2,1
yoghurtdigital.com.au,28,0,1,1
zaandamsdagblad.nl,28,0,1,1
zite.design,28,0,1,1
zzpdaily.nl,28,0,1,1
10web.cloud,27,0,1,1
1millionbot.com,27,0,5,1
4goodhosting.com,27,0,1,1
6amtech.com,27,0,1,1
999k.com.tw,27,0,12,1
abdaat.com,27,0,3,1
absolute-websites.com,27,0,1,1
academylms.net,27,0,1,1
accountingmarketing.org,27,0,1,1
acuteseo.com,27,0,3,1
adiariocr.com,27,0,1,1
admincolumns.com,27,0,3,1
adobe.ly,27,0,1,1
adriasolutions.co.uk,27,0,1,1
advmedialab.com,27,0,1,1
aemorph.com,27,0,1,1
affiliateguarddog.com,27,0,1,1
afglaw.co.uk,27,0,6,1
ahmadawais.com,27,0,507,1
akaike.ai,27,0,1,1
akerarctic.fi,27,0,2,1
allanscott.com,27,0,6,1
allegiantdigital.com,27,0,1,1
alliance-francaise.nl,27,0,154,1
alltopstartups.com,27,0,2,1
alpineiq.com,27,0,5,1
altushost.com,27,0,1,1
ambroseacademy.org,27,0,31,1
amuratech.com,27,0,1,1
anchor.host,27,0,70,1
andersnoren.se,27,0,2,1
andrewsartistry.com,27,0,2,1
angrybearblog.com,27,0,132,1
annai.co.jp,27,0,1,1
apifonica.com,27,0,2,1
appitventures.com,27,0,1,1
aptamergroup.com,27,0,1,1
arabianbetting.com,27,0,1,1
arkasoftwares.com,27,0,1,1
arnaud-merigeau.fr,27,0,1,1
askeladden.no,27,0,4,1
atendesigngroup.com,27,0,2,1
attributer.io,27,0,2,1
augustash.com,27,0,3,1
auroreboreale.ca,27,0,2,1
australianolives.com.au,27,0,6,1
backtochurch.com,27,0,4,1
badoystudio.com,27,0,2,1
bakingwithlesaffre.com,27,0,1,1
bankimoon.org,27,0,1,1
barnrattsdagarna.se,27,0,6,1
barrazacarlos.com,27,0,62,1
baseplus.de,27,0,1,1
beanstalkconsulting.co,27,0,44,1
beetrootacademy.com,27,0,72,1
begindot.com,27,0,1076,1
belmontumc.org,27,0,36,1
bildungsberatung-stmk.at,27,0,1,1
billgist.com,27,0,1,1
binadox.com,27,0,1,1
binpress.com,27,0,1,1
blazemedia.co.uk,27,0,2,1
blazethemes.com,27,0,2,1
bloeise.nl,27,0,1,1
bloggingtips.com,27,0,14,1
blogpaws.com,27,0,1,1
blogtim.fr,27,0,2,1
bluearray.co.uk,27,0,1,1
boljiposao.com,27,0,2,1
bookertalk.com,27,0,3,1
boomalli.com.au,27,0,6,1
brafton.de,27,0,1,1
brandefy.com,27,0,1,1
brandignity.com,27,0,2,1
breaklineagency.com,27,0,1,1
brewbususa.com,27,0,3,1
broadstreetads.com,27,0,2,1
brokerengine.com.au,27,0,1,1
broworks.net,27,0,2,1
bruernabbey.org,27,0,6,1
btbrc.org,27,0,42,1
burtinet.com,27,0,1,1
business-academy.ro,27,0,1,1
buttercms.com,27,0,1,1
buyyoutubesubscribers.in,27,0,1,1
bypeople.com,27,0,1,1
canspace.ca,27,0,5,1
capecodlumber.com,27,0,6,1
capitalandgrowth.org,27,0,1,1
capturly.com,27,0,2,1
carbonite.co.za,27,0,3,1
careerflyes.com,27,0,1,1
carlalexander.ca,27,0,2,1
catedu.github.io,27,0,1,1
cazbah.net,27,0,1,1
cgain.co.uk,27,0,1,1
channex.io,27,0,1,1
charlottaeve.com,27,0,4,1
chitika.com,27,0,1,1
ciccarelli.com,27,0,12,1
cincinnaticares.org,27,0,662,1
cleancommit.io,27,0,2,1
clickomania.ch,27,0,2,1
clinicscanhelp.org,27,0,2,1
cloudaz.io,27,0,1,1
codetot.vn,27,0,1,1
codex-themes.com,27,0,1,1
coinbound.io,27,0,3,1
cointelegraph.de,27,0,1,1
coldlytics.com,27,0,1,1
colinatech.com.br,27,0,2,1
collectivemeasures.com,27,0,1,1
completeconnection.ca,27,0,4,1
containerize.com,27,0,33,1
contentrally.com,27,0,1,1
contrainformacion.es,27,0,2,1
controlf5.in,27,0,4,1
copegroup.com,27,0,1,1
copytechnet.com,27,0,7,1
corecommerce.com,27,0,1,1
coreixample.com,27,0,2,1
cornershopcreative.com,27,0,10,1
cornerstone-group.com,27,0,1,1
cospark.com,27,0,9,1
costaarthotel.com,27,0,6,1
cotinga.io,27,0,4,1
covalhomes.com,27,0,2,1
creatypestudio.co,27,0,1,1
credible-content.com,27,0,2,1
creeksedgewinery.com,27,0,2,1
crmgroup.ru,27,0,3,1
crossroadsmaldives.com,27,0,12,1
cubecreative.design,27,0,3,1
cudedesign.co.uk,27,0,2,1
cuencanews.es,27,0,1,1
cvli.com,27,0,3,1
cvwhizz.co.uk,27,0,1,1
damos.co,27,0,30,1
darrelwilson.com,27,0,25,1
data365.co,27,0,6,1
datadab.com,27,0,11,1
datafeedwatch.fr,27,0,1,1
datarevelations.com,27,0,6,1
datingpro.com,27,0,1,1
dccm.com,27,0,6,1
dealermarketing.com,27,0,3,1
dealsfor.me,27,0,3,1
dentisteparis75018.fr,27,0,2,1
der-windows-papst.de,27,0,2,1
designmemarketing.com,27,0,1,1
designnominees.com,27,0,274,1
designsandlines.co.uk,27,0,2,1
deutschepodcasts.de,27,0,1,1
digicol.org,27,0,3,1
digilite.ca,27,0,114,1
digital4design.com,27,0,3,1
digitalcorner-wavestone.com,27,0,1,1
digitalengagiert.de,27,0,1,1
digitalextremadura.com,27,0,1,1
digitalmonk.org,27,0,2,1
digitalposition.com,27,0,1,1
digitaltwentyfour.com,27,0,1,1
digitlab.co.za,27,0,1,1
dingley.com,27,0,1,1
dirtylittlesecret.co.nz,27,0,2,1
discoveredlabs.com,27,0,1,1
diydiva.net,27,0,4,1
documill.com,27,0,12,1
doingbusiness.ro,27,0,2,1
domen.rs,27,0,5,1
domesticmommyhood.com,27,0,1,1
doneforyou.com,27,0,1,1
download-monitor.com,27,0,94,1
dragonjar.org,27,0,1,1
durhamlane.com,27,0,1,1
dwf.ro,27,0,2,1
easycommerce.dev,27,0,3,1
ecommercebridge.sk,27,0,1,1
ecommerceceo.com,27,0,1,1
edgemesh.com,27,0,1,1
ediciones-eni.com,27,0,1,1
edvisor.io,27,0,1,1
edwiser.org,27,0,2,1
elbeauty.gr,27,0,32,1
electroyou.it,27,0,3,1
embedpress.com,27,0,4,1
emilyandblair.com,27,0,5,1
emprendices.co,27,0,1,1
enchantagency.com,27,0,1,1
endependence.org,27,0,6,1
enhance.com,27,0,2,1
eni-service.fr,27,0,1,1
enstinemuki.com,27,0,4,1
eoldal.hu,27,0,1,1
esendex.es,27,0,1,1
esignwebservices.com,27,0,3,1
esportstalk.com,27,0,1,1
ester.co,27,0,1,1
estudiosite.com.br,27,0,4,1
ethanlazuk.com,27,0,2,1
etitulo.com,27,0,3,1
eulemagazin.de,27,0,4,1
everlytic.com,27,0,1,1
expertrec.com,27,0,2,1
expertvillagemedia.com,27,0,1,1
eyexcon.com,27,0,1,1
fairfaxgop.org,27,0,1,1
falconracetiming.com,27,0,2,1
familyvetcare.com,27,0,6,1
famousbloggers.net,27,0,2,1
fastvue.co,27,0,2,1
findmassleads.com,27,0,1,1
finitefield.org,27,0,102,1
firesofheaven.org,27,0,1,1
fixmysite.com,27,0,3,1
flauntdigital.com,27,0,2,1
flexprice.io,27,0,2,1
fluidhandlingpro.com,27,0,17,1
flux.finance,27,0,1,1
flytonic.com,27,0,1,1
fmhy.vercel.app,27,0,1,1
foregroundweb.com,27,0,4,1
formwandler-interactive.com,27,0,1,1
fosterwallace.com,27,0,3,1
freelanceworld.fr,27,0,1,1
fsm.agency,27,0,182,1
fuelthemes.net,27,0,3,1
futuramo.com,27,0,1,1
futuremusic-es.com,27,0,1,1
fxglobe.com,27,0,2,1
gadgetmates.com,27,0,1,1
gainrep.com,27,0,1,1
gate39media.com,27,0,2,1
georgiahealthnews.com,27,0,1,1
getfoundquick.com,27,0,2,1
gethppy.com,27,0,1,1
getproofed.com.au,27,0,2,1
getyoufound.com,27,0,1,1
gianlucagentile.com,27,0,2,1
giftwrapper.app,27,0,1,1
gioxx.org,27,0,1,1
glazes.com.tw,27,0,10,1
globaldots.com,27,0,1,1
globema.pl,27,0,2,1
globexoutreach.com,27,0,1,1
glorywebs.com,27,0,2,1
gobrunch.com,27,0,4,1
golfdom.com,27,0,12,1
gon.fr,27,0,2,1
goterrestrial.com,27,0,1,1
gowp.com,27,0,10,1
gracehopper.com,27,0,1,1
graybox.co,27,0,1,1
greenc-ev.com,27,0,3,1
greenmellenmedia.com,27,0,3,1
greensmoothiegirl.com,27,0,6,1
gridhosting.co.uk,27,0,1,1
groupboss.io,27,0,1,1
growform.co,27,0,1,1
growleads.io,27,0,2,1
growthlabfinancial.com,27,0,2,1
gruffygoat.com,27,0,1,1
hachette-antoine.com,27,0,8,1
hamburger-stiftungen.de,27,0,2,1
hamesa.com,27,0,6,1
helpflow.com,27,0,2,1
hertfordshirewebdesign.com,27,0,2,1
highbridgeacademy.com,27,0,2,1
himalayamagnesium.nl,27,0,1,1
hmcz.nl,27,0,4,1
hochzeitsfotografie-collective.de,27,0,1,1
homeasap.com,27,0,1,1
horecacentrumamsterdam.nl,27,0,14,1
hutte.io,27,0,1,1
hyvor.com,27,0,2,1
icentre.com.mt,27,0,8,1
icon.jp,27,0,1,1
iihglobal.com,27,0,1,1
ilmiobusinessplan.com,27,0,7,1
ilovetowatchyouplay.com,27,0,14,1
imaginebackyard.com,27,0,1,1
inclient.ru,27,0,1,1
indexjump.com,27,0,24,1
infopool.org.uk,27,0,1,1
ingenuitylondon.com,27,0,2,1
inquivix.com,27,0,1,1
institutojubones.edu.ec,27,0,49,1
interwebsite.se,27,0,1,1
intuvio.com,27,0,1,1
ipl.lu,27,0,1,1
islandiarealestate.com,27,0,1,1
itineris.co.uk,27,0,3,1
iuemag.com,27,0,1,1
ivfspecialists.com,27,0,6,1
jabberwocking.com,27,0,3,1
jaybranding.com,27,0,19,1
jeffsu.org,27,0,2,1
jennifersandstrom.se,27,0,3,1
jerseyshorerestaurantweek.com,27,0,6,1
jesuisundev.com,27,0,2,1
jetbackup.com,27,0,55,1
jetoctopus.com,27,0,1,1
jgpr.net,27,0,2,1
jhkinfotech.com,27,0,1,1
jhseoagency.com,27,0,1,1
jobboardly.com,27,0,3,1
johnnyflash.com,27,0,2,1
johntool.com,27,0,1,1
joomlaportal.ru,27,0,5,1
jornaldigital.recife.br,27,0,1,1
js-interactive.com,27,0,9,1
justwords.in,27,0,1,1
kantti.net,27,0,1,1
keynews.sr,27,0,8,1
kingnewswire.com,27,0,1,1
knowyourmobile.com,27,0,3,1
kobelco.com.au,27,0,4,1
kogniz.com,27,0,1,1
kookenn.co.jp,27,0,1,1
koordinater.se,27,0,1,1
krishaweb.com,27,0,11,1
kristinfalkner.com,27,0,124,1
kubadownload.com,27,0,1,1
kubiobuilder.com,27,0,1,1
kukuru.nl,27,0,2,1
kunalganglani.com,27,0,1,1
kwfoundation.org,27,0,96,1
ladybugz.com,27,0,20,1
lakehickoryhaunts.com,27,0,18,1
laradevs.com,27,0,1,1
launchrock.com,27,0,2,1
lauradevine.com,27,0,6,1
lawebdelprogramador.com,27,0,11,1
le1.ma,27,0,10,1
leadandsteel.co,27,0,2,1
leadspanda.com,27,0,1,1
league1ontario.com,27,0,6,1
learnku.com,27,0,97,1
lempreintedigitale.com,27,0,4,1
libeo.com,27,0,2,1
limbus.fr,27,0,16,1
linkweb.fr,27,0,1,1
lipingyang.org,27,0,8,1
lix-it.com,27,0,3,1
lnps.org,27,0,6,1
loft14.berlin,27,0,6,1
loginizer.com,27,0,2,1
lonestone.io,27,0,2,1
loudcanvas.com,27,0,7,1
lsdb.nl,27,0,3421,1
luhhu.com,27,0,1,1
lyzon.co.jp,27,0,2,1
magazinemanager.com,27,0,2,1
mages.edu.sg,27,0,1,1
mailazy.com,27,0,1,1
mailfloss.com,27,0,1,1
mailmergic.com,27,0,13,1
mailup.es,27,0,2,1
mairie-carrylerouet.fr,27,0,1,1
makecommerce.lt,27,0,1,1
marketinginsidergroup.com,27,0,2,1
marketingmreza.rs,27,0,1,1
marketingspeak.com,27,0,1,1
marketpath.com,27,0,1,1
matchboxdesigngroup.com,27,0,5,1
matuzo.at,27,0,5,1
metodoviral.com,27,0,4,1
michiganfitness.org,27,0,6,1
mifuzion.com,27,0,2,1
mindsportsolympiad.com,27,0,6,1
minutehack.com,27,0,1,1
miriamposner.com,27,0,8,1
mlsimport.com,27,0,1,1
mocktheagency.com,27,0,1,1
model-kits.nl,27,0,18,1
modeltheme.com,27,0,2,1
momblogsociety.com,27,0,1,1
moorsheffield.com,27,0,6,1
mor10.com,27,0,5,1
mostlymetrics.com,27,0,1,1
motorschadenvergleich.de,27,0,4,1
msgfacts.com,27,0,12,1
mybb.de,27,0,2,1
myelearningworld.com,27,0,1,1
myrml.org,27,0,6,1
neracoos.org,27,0,129,1
nestify.io,27,0,7,1
nestscale.com,27,0,1,1
netoffensive.blog,27,0,2,1
netty.fr,27,0,1,1
neuronthemes.com,27,0,32,1
newebsolutions.com,27,0,5,1
newsreel.com.au,27,0,1,1
nextleft.com,27,0,1,1
njimedia.com,27,0,1,1
nmetc.com,27,0,6,1
nmgtechnologies.com,27,0,1,1
nodeweekly.com,27,0,2,1
nogin.com,27,0,2,1
noobpreneur.com,27,0,1,1
noticiaslainsuperable.com.ar,27,0,1,1
novushitech.com,27,0,6,1
nsaneforums.com,27,0,1,1
nucleuscommercialfinance.com,27,0,1,1
nutrifoodz.nl,27,0,4,1
nuuneoi.com,27,0,1,1
nwsdigital.com,27,0,1,1
ny-ave.com,27,0,1,1
obrienmedia.co.uk,27,0,2,1
officience.com,27,0,1,1
onedoor.com,27,0,1,1
onlinezebra.com,27,0,1,1
ouidou.fr,27,0,2,1
ownersbox.com,27,0,6549,1
page-ed.org,27,0,2,1
pagespeed.one,27,0,4,1
pakistangulfeconomist.com,27,0,1,1
pavlodarenergo.kz,27,0,1,1
pc.st,27,0,8,1
pcsinaloa.gob.mx,27,0,1,1
perfplanet.com,27,0,1,1
perssupport.nl,27,0,1,1
perun.net,27,0,1,1
php-einfach.de,27,0,11,1
pipplet.com,27,0,2,1
pixel77.com,27,0,3,1
plannedgiving.org,27,0,4,1
plslaser.com,27,0,6,1
pluginrepublic.com,27,0,1675,1
pluginsandsnippets.com,27,0,8,1
pluginsforwp.com,27,0,2,1
plusvibe.ai,27,0,1,1
pnclogos.com,27,0,8,1
podcast.show,27,0,8,1
poddigital.co.uk,27,0,1,1
polymeta.com,27,0,1,1
postaffiliatepro.com.br,27,0,1,1
postwise.ai,27,0,1,1
prefacestudios.com,27,0,1,1
previousmagazine.com,27,0,1,1
pro.radio,27,0,2,1
profoundlogic.com,27,0,2,1
profumo.it,27,0,2,1
propelrr.com,27,0,2,1
psxtools.de,27,0,3,1
qcmakeupacademy.com,27,0,4,1
questionscout.com,27,0,1,1
rapportservice.com,27,0,6,1
rarathemes.com,27,0,3,1
raywhitehk.com,27,0,26,1
reacteur.com,27,0,1,1
realworkfromanywhere.com,27,0,22,1
redboxweb.co.uk,27,0,1,1
reinartzlaw.com,27,0,1,1
republicbroadcasting.org,27,0,4,1
rivella-group.com,27,0,4,1
robbierichards.com,27,0,6,1
robertsonryan.com,27,0,3,1
robinwaite.com,27,0,1,1
rocketrez.com,27,0,1,1
roostervane.com,27,0,2,1
rosendahlnextrom.com,27,0,4,1
rosshillwines.com.au,27,0,3,1
rstheme.com,27,0,1,1
russin.com,27,0,6,1
saasframe.io,27,0,24,1
sacoriverfamilycamping.com,27,0,12,1
sage.agency,27,0,1,1
sageon.nl,27,0,1,1
salesgear.io,27,0,1,1
sanchezdonate.com,27,0,2,1
sandpipercomms.com,27,0,1,1
santanderpost.com.ar,27,0,1,1
sausalito.com,27,0,2,1
sayjobcity.com,27,0,2,1
saywhat.ai,27,0,2,1
scalacode.com,27,0,1,1
scaledmail.com,27,0,5,1
scribecount.com,27,0,2,1
scrums.com,27,0,8,1
seattlenewmedia.com,27,0,3,1
seersco.com,27,0,1,1
semaphoreui.com,27,0,8,1
senge.org.br,27,0,12,1
seniorsdiscountclub.com.au,27,0,1,1
seo-plus.co.uk,27,0,2,1
seory.co.jp,27,0,1,1
seotools.jp,27,0,9,1
sergeytsvetkov.livejournal.com,27,0,1,1
servicepoints.eu,27,0,3,1
setmysite.com,27,0,1,1
sfl.media,27,0,1,1
sharkrf.com,27,0,1,1
shno.co,27,0,1,1
shufflehound.com,27,0,181,1
sigmainfo.net,27,0,1,1
simplystatic.com,27,0,8,1
siterubix.com,27,0,1,1
sixpixels.com,27,0,1,1
skolmarketing.com,27,0,1,1
sleever.com,27,0,6,1
slotsfighter.com,27,0,2,1
smackcoders.com,27,0,15,1
smackhappy.com,27,0,1,1
smartbusinesstrends.com,27,0,8,1
snapseo.ca,27,0,1,1
snip.ly,27,0,4,1
socialander.com,27,0,2,1
socialpress.pl,27,0,1,1
sociusmarketing.com,27,0,1,1
solwininfotech.com,27,0,5,1
southernimplants.com,27,0,40,1
sparthritis.ca,27,0,86,1
spicethemes.com,27,0,15,1
spiraclethemes.com,27,0,2,1
staplesadvantage.de,27,0,1,1
startupforstartup.com,27,0,3,1
statussight.com,27,0,2,1
steckinsights.com,27,0,5,1
steerslawfirm.com,27,0,4,1
stefanvd.net,27,0,8,1
stemconnector.com,27,0,6,1
steptwo.com.au,27,0,6,1
sterlingford.ca,27,0,2,1
stjohnsource.com,27,0,2,1
stonemountainpark.org,27,0,6,1
strategydriven.com,27,0,68,1
streamlinebath.com,27,0,2,1
stringlabscreative.com,27,0,1,1
studiobrabo.nl,27,0,4,1
subscribed.fyi,27,0,21,1
sudonull.com,27,0,418,1
suganthan.com,27,0,2,1
sumydesigns.com,27,0,15,1
sunitabiddu.com,27,0,1,1
surejob.in,27,0,1,1
survivor.com.tr,27,0,3,1
susanvillestuff.com,27,0,10,1
swaay.com,27,0,1,1
swarmify.com,27,0,2,1
swizec.com,27,0,1,1
sybell.hu,27,0,1,1
synergytop.com,27,0,1,1
syntacticsinc.com,27,0,3,1
taodigitalmarketing.com,27,0,13,1
tapscape.com,27,0,2,1
techbooky.com,27,0,2,1
techboys.de,27,0,1,1
techfeed.io,27,0,2,1
techgraph.co,27,0,1,1
techmediatoday.com,27,0,1,1
technofaq.org,27,0,2,1
technokrata.hu,27,0,2,1
techtunes.io,27,0,1,1
tecnoacquisti.com,27,0,3,1
tefllessons.com,27,0,3,1
telepsychhealth.com,27,0,2,1
tempmail.us.com,27,0,9,1
teravisiontech.com,27,0,2,1
textpattern.com,27,0,3,1
theahc.org.au,27,0,2,1
thebcms.com,27,0,1,1
theconvenienceshop.com,27,0,104,1
theeacampus.com,27,0,1,1
thegeekinsights.com,27,0,1,1
theguidex.com,27,0,5,1
theloopmarketing.com,27,0,1,1
themanifeststation.net,27,0,1,1
themeshcompany.com,27,0,12,1
themetrust.com,27,0,3,1
thesearchengineshop.com,27,0,39,1
thesocialmediamonthly.com,27,0,1,1
theyogatique.com,27,0,1,1
thinkfuel.ca,27,0,1,1
threesevenmarketing.com,27,0,1,1
ticksy.com,27,0,2212,1
tilnote.io,27,0,6,1
tipsonblogging.com,27,0,1,1
trealyfarmcharcuterie.co.uk,27,0,6,1
truegarden.com,27,0,22,1
tt-hardware.com,27,0,7,1
tubetorial.com,27,0,6,1
tunga.io,27,0,2,1
turingpoint.de,27,0,1,1
tvhconsulting.fr,27,0,1,1
twitter-thread.com,27,0,1,1
txtcartapp.com,27,0,1,1
typewell.com,27,0,1,1
uap.org,27,0,3,1
ubuntu-nl.org,27,0,2,1
uchra.org,27,0,6,1
ukts.org,27,0,6,1
unifiedjs.com,27,0,1,1
upbyweb.com,27,0,2,1
upstackhq.com,27,0,1,1
urdesignmag.com,27,0,1,1
usawire.com,27,0,1,1
uscattlemen.org,27,0,3,1
usetrust.io,27,0,1,1
vakarm.net,27,0,11,1
verbandsbuero.de,27,0,1,1
verketinterior.no,27,0,4,1
viaorganica.org,27,0,1,1
vindictadigital.co.uk,27,0,1,1
viserx.com,27,0,2,1
visitgoodwill.com,27,0,6,1
vojtechbruk.cz,27,0,2,1
vshn.ch,27,0,8,1
vtrpro.com,27,0,2,1
vultec.pe,27,0,2,1
waldemarjewellers.com.au,27,0,18,1
wallfield.nl,27,0,6,1
webbiquity.com,27,0,28,1
webdelmaestrocmf.com,27,0,2,1
webdesignleaves.com,27,0,3,1
webdesignledger.com,27,0,10,1
webhostingcat.com,27,0,2,1
webhostmost.com,27,0,2,1
weblizar.com,27,0,1,1
webscrapingapi.com,27,0,10,1
webtimiser.de,27,0,1,1
webtonic.io,27,0,6,1
wecomm.fr,27,0,9,1
westernranchsupply.com,27,0,4,1
witekio.com,27,0,2,1
wlh.org.uk,27,0,2,1
wobo.ai,27,0,1,1
womenconquerbiz.com,27,0,1,1
woolentor.com,27,0,2,1
woosa.com,27,0,4,1
workwolf.com,27,0,1,1
wp-assistance.fr,27,0,2,1
wp-portugal.com,27,0,111,1
wp-techsupport.com,27,0,3,1
wp-tonic.com,27,0,213,1
wpdesk.net,27,0,3,1
wpjohnny.com,27,0,13,1
wpspeedfix.com,27,0,23,1
wpsupporters.com,27,0,1,1
xavierstuder.com,27,0,1,1
xomisse.com,27,0,3,1
yaycommerce.com,27,0,1,1
yegdigital.com,27,0,2,1
yogaetmeditationparis.fr,27,0,1,1
yoppa.org,27,0,2,1
youwish.nl,27,0,2,1
yula.org,27,0,34,1
yurashi.net,27,0,16,1
zakratheme.com,27,0,4,1
zaujimavysvet.sk,27,0,1,1
zi.media,27,0,1,1
zutrix.com,27,0,2,1
123cha.com,26,0,1,1
16best.net,26,0,10,1
1brand.design,26,0,1,1
200lab.io,26,0,6,1
215marketing.com,26,0,2,1
24x7wpsupport.com,26,0,1,1
3magroup.com,26,0,2,1
404works.com,26,0,1,1
8returns.com,26,0,2,1
abaka.fr,26,0,1,1
abelohost.com,26,0,1,1
abilityconnection.org,26,0,40,1
acrivon.com,26,0,1,1
acsim.app,26,0,1,1
actualizatec.com,26,0,1,1
adrenalin.co,26,0,1,1
adspower-ru.com,26,0,1,1
adullact.net,26,0,4,1
aetherium.fr,26,0,1,1
afoa.org,26,0,12,1
afthemes.com,26,0,2,1
agenturfinder.com,26,0,1,1
agilestorelocator.com,26,0,1,1
agoravox.it,26,0,3,1
aiapa.org,26,0,6,1
aitopics.org,26,0,7,1
alanfriedman.it,26,0,2,1
allcode.com,26,0,2,1
alldaypa.co.uk,26,0,1,1
allgeo.com,26,0,96,1
alliancenet.org,26,0,6,1
allthingsfirstnet.com,26,0,9,1
altenpolska.pl,26,0,2,1
altertax-avocats.com,26,0,6,1
altraducciones.com,26,0,1,1
alvaka.net,26,0,1,1
americanfaith.com,26,0,88,1
anabolicsteroidforums.com,26,0,1,1
anakeen.com,26,0,2,1
andava.com,26,0,1,1
apostrophecms.com,26,0,1,1
appsero.com,26,0,4,1
aptiv.io,26,0,1,1
armory219.com,26,0,10,1
arnoldit.com,26,0,87,1
arrowheadconsulting.com,26,0,1,1
arrowhitech.com,26,0,3,1
arunangshudas.com,26,0,2,1
asiamoin.com,26,0,1,1
aslproductions.com,26,0,3,1
aspencore.com,26,0,2,1
aspolska.pl,26,0,1,1
assemblestudio.com,26,0,1,1
assurances.gov.gh,26,0,858,1
asylummarketing.com,26,0,1,1
atidiv.com,26,0,5,1
atomdigital.com.br,26,0,2,1
audacia.co,26,0,1,1
augmentedenterprisesummit.com,26,0,1,1
austinchambermusic.org,26,0,2,1
automaticgatesystems.com,26,0,6,1
awen-libraries.com,26,0,256,1
awstrack.me,26,0,3,1
balticmedia.com,26,0,2,1
banffquebec.ca,26,0,2,1
bangkokfoodies.com,26,0,1,1
banquest.com,26,0,2,1
basixs.com,26,0,1,1
beart-presets.com,26,0,1,1
bestwebsite.gallery,26,0,3,1
besuperfly.com,26,0,1,1
bigcloudy.com,26,0,1,1
biglasvegasseocompany.com,26,0,1,1
billwidmer.com,26,0,28,1
black-research.com,26,0,2,1
blaircho.com,26,0,4,1
blaksheepcreative.com,26,0,1,1
bloggingfrom.tv,26,0,4,1
blogpascher.com,26,0,349,1
bluecast.ai,26,0,1,1
bngagency.vn,26,0,1,1
boilingpointmedia.com,26,0,2,1
boldbrush.com,26,0,2,1
bonnieforontario.ca,26,0,21,1
boostifythemes.com,26,0,1,1
borjaonstocks.com,26,0,12,1
botcrawl.com,26,0,3,1
botiss.com,26,0,82,1
bouncecolor.com,26,0,1,1
bouncemagazine.co.uk,26,0,1,1
bringthepixel.com,26,0,6,1
broadvisionmarketing.com,26,0,2,1
buergerstiftung-hamburg.de,26,0,4,1
bulkinside.com,26,0,1,1
businessattitude.fr,26,0,2,1
businessdailymedia.com,26,0,2,1
businessfirstonline.co.uk,26,0,2,1
businessprocessincubator.com,26,0,1,1
cac-accr.ca,26,0,2,1
caffeinemarketing.co.uk,26,0,2,1
callisto.network,26,0,270,1
canalworld.net,26,0,1,1
capforge.com,26,0,1,1
carcasa.com.br,26,0,1,1
casinokursaal.com,26,0,3,1
cazoomi.com,26,0,1,1
cdotimes.com,26,0,1,1
ceoblognation.com,26,0,1,1
cerby.com,26,0,2,1
certsure.com,26,0,1,1
chabadamsterdamcenter.com,26,0,2,1
changinghabits.com.au,26,0,4,1
charlesfloate.com,26,0,3,1
chatty.net,26,0,4,1
chesa-roessli.de,26,0,1,1
chrisabraham.com,26,0,2,1
ciip.fr,26,0,1,1
ciroapp.com,26,0,2,1
clapcreative.com,26,0,5,1
clarionwest.org,26,0,6,1
classiccity.com,26,0,4,1
clearviewsocial.com,26,0,1,1
clickback.com,26,0,1,1
clickittech.com,26,0,2,1
clinicforspecialchildren.org,26,0,6,1
cliniconex.com,26,0,2,1
clippingpathking.com,26,0,1,1
cloudbase.ink,26,0,1,1
cmdrecruitment.com,26,0,3,1
cocodayo.jp,26,0,6,1
codedesign.org,26,0,16,1
codup.co,26,0,2,1
cointelegraph.com,26,0,14,1
come2me.nl,26,0,28,1
compassworkingcapital.org,26,0,6,1
compromath.com,26,0,6,1
computan.com,26,0,1,1
concurate.com,26,0,15,1
conveythis.com,26,0,1,1
cornerstone-digital.com.au,26,0,1,1
coursemethod.com,26,0,2,1
cpalenta.ru,26,0,1,1
craxpro.io,26,0,1,1
creagratis.com,26,0,1,1
createandgo.com,26,0,4,1
creativebin.com,26,0,1,1
creativemarketingltd.co.uk,26,0,11,1
cremu.jp,26,0,2,1
cruises.co.za,26,0,4,1
ctemplar.com,26,0,4,1
curtismchale.ca,26,0,2,1
cusomag.com,26,0,1,1
custercountychief.com,26,0,1,1
cybershow.uk,26,0,5,1
dasconline.org,26,0,12,1
ddosecrets.org,26,0,1,1
decidesoftware.com,26,0,1,1
deepsee.io,26,0,2,1
dentalphobia.com,26,0,12,1
derekseaman.com,26,0,1,1
derksenenderksen.nl,26,0,4,1
designdemarca.pt,26,0,6,1
destreekkrant.nu,26,0,1,1
devowl.io,26,0,4,1
dexcomm.com,26,0,1,1
diattorney.com,26,0,2,1
dietrolanotizia.eu,26,0,1,1
digitailing.nl,26,0,2,1
digitalshowroom.in,26,0,3,1
diligent.es,26,0,7,1
dipstop.com,26,0,4,1
diversityintech.co.uk,26,0,1,1
divi.world,26,0,1,1
diviengine.com,26,0,3,1
dotrungquan.info,26,0,1,1
drawne.com,26,0,1,1
drews-review.com,26,0,2,1
droitthemes.com,26,0,4,1
droptica.pl,26,0,6,1
dsea.org,26,0,2,1
durtyevents.com,26,0,6,1
ecforum.org.uk,26,0,2,1
ecommercebooth.com,26,0,2,1
econotimes.com,26,0,2,1
ecorise.org,26,0,6,1
eeihr.com,26,0,2,1
eggsmedia.com,26,0,1,1
ehealthcaresolutions.com,26,0,2,1
eidasolutions.com,26,0,1,1
eknowledgetree.com,26,0,1,1
elap.io,26,0,1,1
elektroroller-forum.de,26,0,1,1
elementoraddons.com,26,0,2,1
elsner.com.au,26,0,1,1
emailoversight.com,26,0,1,1
emporix.com,26,0,1,1
empower.agency,26,0,1,1
enactor.co,26,0,2,1
encantsnous.com,26,0,2,1
energise.co.nz,26,0,1,1
engenhariae.com.br,26,0,1,1
enhance.dev,26,0,2,1
enrise.com,26,0,1,1
enstacked.com,26,0,1,1
epanorama.net,26,0,35,1
epicurium.co.uk,26,0,2,1
esnotadiario.com,26,0,1,1
etatvasoft.com,26,0,2,1
etna.io,26,0,1,1
ettvi.com,26,0,1,1
ewallsolutions.com,26,0,1,1
exclusiveaddons.com,26,0,15,1
exelab.com,26,0,1,1
explinks.com,26,0,1,1
expresstech.io,26,0,1,1
extraspaceasia.co.kr,26,0,2,1
fahrenheitmarketing.com,26,0,1,1
famousashleygrant.com,26,0,10,1
fannit.com,26,0,6,1
farbentour.de,26,0,1,1
farmwifecooks.com,26,0,1,1
fathom-consulting.com,26,0,1,1
feastdesignco.com,26,0,3,1
filterpixel.com,26,0,1,1
findskill.ai,26,0,2,1
firstsecurity.cl,26,0,1,1
flow20.com,26,0,4,1
flyplugins.com,26,0,3,1
formations.ca,26,0,3,1
formsort.com,26,0,1,1
foxtechzone.com,26,0,1,1
freelaw.work,26,0,2,1
freewayseguros.com,26,0,1,1
frontaccounting.com,26,0,1,1
galernaestudio.com,26,0,1,1
gaudishopping.cat,26,0,2,1
gdsassociates.com,26,0,6,1
gemmalouise.co.uk,26,0,1,1
getprospa.com,26,0,1,1
getreditus.com,26,0,2,1
gigaio.com,26,0,2,1
gigradar.io,26,0,2,1
globalowls.com,26,0,2,1
gojtowska.com,26,0,1,1
gosmart.org,26,0,1,1
gracechurchsp.org,26,0,12,1
greatives.eu,26,0,1,1
greaves-usa.com,26,0,6,1
groundhogg.io,26,0,5,1
groveroots.com,26,0,72,1
growthbadger.com,26,0,7,1
growthhit.com,26,0,1,1
growtraffic.co.uk,26,0,2,1
gso.it,26,0,1,1
gtalent.jp,26,0,2,1
gurmehub.com,26,0,6,1
gurucan.com,26,0,1,1
gutenbergtimes.com,26,0,60,1
h50.es,26,0,1,1
hadeninteractive.com,26,0,1,1
hallme.com,26,0,10,1
hamy.xyz,26,0,2,1
hangler.it,26,0,2,1
hardwaresfera.com,26,0,1,1
hawaiiancommunity.net,26,0,12,1
he-arc.github.io,26,0,1,1
hekko24.pl,26,0,20,1
helpiewp.com,26,0,3,1
helu.io,26,0,1,1
henryga.news,26,0,6,1
hertrack.com,26,0,1,1
hobbybrouwen.nl,26,0,2,1
hol.es,26,0,49,1
horton-brasses.com,26,0,2,1
hostingwijzer.nl,26,0,17,1
hostnoc.com,26,0,7,1
hotel-des-lices.com,26,0,1,1
hype.com.tr,26,0,6,1
icoderzsolutions.com,26,0,2,1
iconicwp.com,26,0,2,1
ihu.ac.ir,26,0,4,1
ilovefreesoftware.com,26,0,1,1
imaginaryplanet.net,26,0,18,1
immwit.com,26,0,1,1
imperatif-francais.org,26,0,2,1
improvemysearchranking.com,26,0,1,1
impulsq.de,26,0,1,1
incora.software,26,0,1,1
indiansexbazar.com,26,0,1,1
infomail.it,26,0,1,1
ingigni.com,26,0,2,1
inspiredinsider.com,26,0,2,1
inspirelle.com,26,0,2,1
instantdocsbase.com,26,0,1,1
intelemark.com,26,0,1,1
interactmarketing.com,26,0,1,1
interconnectit.com,26,0,1,1
internetfm.com,26,0,40,1
intuji.com,26,0,2,1
invasives.com.au,26,0,6,1
ionnews.mu,26,0,136,1
isimkaydet.com,26,0,1,1
islamicmuseum.org.au,26,0,1,1
it-learner.de,26,0,6,1
it.mk,26,0,11,1
itmonks.com,26,0,3,1
janbaskdigitaldesign.com,26,0,2,1
jhspecialty.com,26,0,2,1
johnjohnston.info,26,0,536,1
jolicode.com,26,0,1,1
jonathonspire.com,26,0,1,1
jsesurplus.com,26,0,2,1
justposhmasks.com,26,0,1,1
juwelenorogem.be,26,0,2,1
k2e.com,26,0,2,1
kalilinuxtutorials.com,26,0,1,1
karrierehelden.de,26,0,4,1
keirstarmer.com,26,0,3,1
keydesignwebsites.com,26,0,1,1
kirbybates.com,26,0,2,1
klaverfietsparkeren.nl,26,0,1,1
kodingakademi.id,26,0,2,1
koschklinkperformance.de,26,0,1,1
ktkm.net,26,0,2,1
kumodigital.co.uk,26,0,2,1
laceyplumbing.co.uk,26,0,12,1
laconsole.dev,26,0,3,1
laminasyaceros.com,26,0,1,1
larin.it,26,0,1,1
launchpadagency.com,26,0,1,1
launchplatform.co.th,26,0,1,1
laurelmanor.com,26,0,6,1
leapforce.nl,26,0,1,1
leftronic.com,26,0,2,1
lentrepreneurenvous.com,26,0,2,1
letseatgrandma.com,26,0,6,1
letsvolunteerla.org,26,0,40,1
likemind.media,26,0,1,1
limonad.com,26,0,1,1
lithium.com,26,0,5,1
livepage.ua,26,0,2,1
louisvillehistorictours.com,26,0,12,1
lowendspirit.com,26,0,76,1
ltv-sachsen.de,26,0,1,1
lumeer.io,26,0,1,1
lyntonweb.com,26,0,2,1
m2ch.hk,26,0,1,1
magentaassociates.co,26,0,1,1
magic-pod.com,26,0,1,1
magloft.com,26,0,2,1
makersden.io,26,0,2,1
manateegunclub.com,26,0,16,1
mandynews.com,26,0,4,1
mangolassi.it,26,0,1,1
marketingideas.com,26,0,1,1
marketingmadeclear.com,26,0,1,1
marketingscoop.com,26,0,3,1
marketup.cz,26,0,2,1
marketupdate.nl,26,0,5,1
martech.health,26,0,1,1
mascotaveloz.pe,26,0,8,1
maxiorel.cz,26,0,1,1
mchdep.org,26,0,6,1
mcvayplumbing.com,26,0,6,1
media-tics.com,26,0,1,1
mediaplacepartners.com,26,0,2,1
medienkraft.at,26,0,1,1
mekshq.com,26,0,2,1
meom.fi,26,0,2,1
mercyhousingct.org,26,0,6,1
metricswatch.com,26,0,1,1
mickmel.com,26,0,2,1
midigator.com,26,0,6,1
millenicom.com,26,0,6,1
mineryreport.com,26,0,1,1
mismo.team,26,0,2,1
mitrais.com,26,0,2,1
modelflying.co.uk,26,0,1,1
moenco.no,26,0,1,1
mogulmillennial.com,26,0,1,1
mokoweb.com,26,0,1,1
moldstud.com,26,0,5,1
mongemalo.com,26,0,1,1
monsterclaw.com,26,0,2,1
monsterspost.com,26,0,29,1
mosaikhjornet.dk,26,0,2,1
mountainviewvet.com,26,0,6,1
moyo-studio.com,26,0,3,1
multitech.com.cy,26,0,6,1
mutualfundobserver.com,26,0,2,1
mwprem.net,26,0,9,1
mxp.de,26,0,1,1
mysocialpractice.com,26,0,4,1
namebox.ro,26,0,1,1
naturalgrocery.co.uk,26,0,8,1
naturespackaging.org,26,0,6,1
nelog.jp,26,0,4,1
neogames.com,26,0,13,1
netcentric.biz,26,0,1,1
netfor.com,26,0,4,1
netpay.com.mx,26,0,1,1
netvantageseo.com,26,0,2,1
newdealinstitut.com,26,0,1,1
newmanwebsolutions.com,26,0,1,1
newweborder.co,26,0,1,1
nextacademy.com,26,0,2,1
nexxadigital.com,26,0,2,1
northstreetcreative.com,26,0,1,1
notificationx.com,26,0,90,1
novovarejo.com.br,26,0,1,1
npaworldwide.com,26,0,1,1
nuno-sarmento.com,26,0,2,1
nyaprojekt.se,26,0,3,1
octaveagency.com,26,0,1,1
oldfashionedbathrooms.co.uk,26,0,8,1
onesearchpro.my,26,0,1,1
onetech.jp,26,0,1,1
onyxdata.co.uk,26,0,6,1
oopspam.com,26,0,6,1
orderable.com,26,0,1,1
ourboox.com,26,0,1,1
oyova.com,26,0,5,1
ozosoft.in,26,0,1,1
pagop.org,26,0,16,1
paradoxmarketing.io,26,0,2,1
parsvds.com,26,0,3,1
partylikeacherry.com,26,0,1,1
pasionmovil.com,26,0,1,1
pawelgrzybek.com,26,0,1,1
pc6.com,26,0,1,1
penderhowe.com,26,0,6,1
pepdenhaag.nl,26,0,1,1
phillipstemann.com,26,0,3,1
phillyjfm.org,26,0,2,1
physiciansandmidwives.com,26,0,90,1
pige.quebec,26,0,2,1
pinocchiosbarandgrill.com,26,0,1,1
pittwateronlinenews.com,26,0,3,1
pixelfish.com.au,26,0,5,1
planejadorweb.com.br,26,0,36,1
platon.sk,26,0,60,1
plaza.ir,26,0,1,1
politics.be,26,0,3,1
pongo.com.tw,26,0,1,1
positional.com,26,0,1,1
postclic.com,26,0,3,1
postcode-zoeken.net,26,0,8,1
postgrespro.com,26,0,1,1
postmake.io,26,0,1058,1
powerforum.co.za,26,0,1,1
practicar.ca,26,0,1,1
preiswertepc.de,26,0,1,1
presslabs.com,26,0,1,1
princessroyaltrainingawards.com,26,0,6,1
printstore.com.br,26,0,1,1
prmoment.in,26,0,1,1
productivityland.com,26,0,1,1
projectbarley.com,26,0,2,1
proteusthemes.com,26,0,7,1
puckermob.com,26,0,1,1
puntomov.com,26,0,1,1
puntu.eus,26,0,8,1
purevisibility.com,26,0,1,1
pushhere.com,26,0,1,1
pvsm.ru,26,0,56,1
pymesworld.com,26,0,2,1
pyrat.net,26,0,51,1
qeretail.com,26,0,1,1
qlicit.com,26,0,1,1
qodop.com,26,0,1,1
quantummarketer.com,26,0,1,1
rakuna.co,26,0,2,1
raltron.com,26,0,6,1
raven5.com,26,0,1,1
redpacketsecurity.com,26,0,2,1
reizenin.net,26,0,2,1
remoteleaf.com,26,0,12,1
remotescout24.com,26,0,2,1
renovatio21.com,26,0,1,1
renowebdesigner.com,26,0,4,1
restaurantify.com,26,0,3,1
resultmedia.pl,26,0,1,1
resume-place.com,26,0,6,1
retealfemminile.com,26,0,1,1
retirementconnection.com,26,0,3,1
retreatsandvenues.com,26,0,1,1
right-benefits-367286.framer.app,26,0,1,1
rigorousthemes.com,26,0,19,1
rivendellwinery.com.au,26,0,8,1
rocketcdn.me,26,0,1,1
rollspel.nu,26,0,2,1
rootnode.pl,26,0,6,1
ropstam.com,26,0,1,1
royal-elementor-addons.com,26,0,24,1
rubberduckers.co.uk,26,0,1,1
rvtechnologies.com,26,0,1,1
ryanschultz.com,26,0,1,1
s-sols.com,26,0,12,1
sahba.org,26,0,6,1
samblogs.com,26,0,1,1
scaleo.io,26,0,2,1
scherponline.nl,26,0,2,1
schillings.com,26,0,8,1
scoop-it.fr,26,0,3,1
scoredetect.com,26,0,1,1
scrapestorm.com,26,0,2,1
seaveyvineyard.com,26,0,12,1
secjuice.com,26,0,3,1
secureitworld.com,26,0,1,1
selling.com,26,0,1,1
sellvia.com,26,0,1,1
sendgrid.net,26,0,3,1
seniorforums.com,26,0,1,1
seniorlivingnews.com,26,0,2,1
seobrein.nl,26,0,1,1
seojuice.com,26,0,6,1
serialio.com,26,0,6,1
server.ir,26,0,1,1
servicepoints.nl,26,0,2,1
severint.net,26,0,1,1
shakebugs.com,26,0,1,1
shakr.com,26,0,2,1
shavei.org,26,0,3,1
sherbrookerecord.com,26,0,1,1
shogo-log.com,26,0,1,1
significa.co,26,0,2,1
simonkingsnorth.com,26,0,2,1
simplistic.com,26,0,1,1
sirb.net,26,0,393,1
sissines.com,26,0,2,1
siteforinfotech.com,26,0,1,1
sitegeek.com,26,0,1121,1
smallbizclub.com,26,0,1,1
smallbusiness-seo.com,26,0,2,1
smedvig.com,26,0,10,1
snovio.cn,26,0,1,1
social-hire.com,26,0,2,1
socialrolevalorization.com,26,0,21,1
solar.co.za,26,0,651,1
soltekonline.com,26,0,17,1
sourceofsources.com,26,0,1,1
spacegallery.org,26,0,2,1
sportfack.se,26,0,2,1
stacker.news,26,0,27,1
starrocket.io,26,0,2,1
startupwars.com,26,0,1,1
starweaver.com,26,0,2,1
statuscode.com,26,0,20,1
stonetruss.com,26,0,2,1
strauss.ca,26,0,1,1
strongtestimonials.com,26,0,139,1
struoweb.com,26,0,1,1
studio218.fr,26,0,1,1
studiographene.com,26,0,1,1
studiovi.com,26,0,2,1
studyguide.org,26,0,1,1
studyraid.com,26,0,24,1
sunlucky.jp,26,0,3,1
support-hub.io,26,0,1,1
svurk.nl,26,0,2,1
sweans.com,26,0,1,1
swifterm.com,26,0,2,1
syklistforeningen.no,26,0,4,1
systemequine.com,26,0,4,1
talkgraphics.com,26,0,1,1
tambenaconsulting.com,26,0,1,1
tangiblewords.com,26,0,4,1
targetnxt.com,26,0,1,1
techblogwriter.co.uk,26,0,1,1
techdayhq.com,26,0,1,1
techdrop.news,26,0,2,1
techgeekbuzz.com,26,0,1,1
techthelead.com,26,0,1,1
techtrendske.co.ke,26,0,1,1
templatemag.com,26,0,1,1
texasbowhunter.com,26,0,3,1
textify.ai,26,0,1,1
tgchannels.org,26,0,69,1
theassembly.org,26,0,6,1
thebettervacation.com,26,0,16,1
theceolibrary.com,26,0,1,1
thecoinshoppe.ca,26,0,8,1
thecompanydime.com,26,0,1,1
thecspc.org,26,0,1,1
thedeeplife.com,26,0,3,1
thedesignspace.co,26,0,1,1
theinfiniteagency.com,26,0,1,1
thepsbta.org,26,0,2,1
thequantum.com,26,0,1,1
therecipeforseosuccess.com,26,0,2,1
thesaltfoundation.org.au,26,0,1,1
thesbsm.org,26,0,6,1
thesketcheffect.com,26,0,1,1
thewebhostingdir.com,26,0,9,1
thewestwind.com,26,0,12,1
thewordcracker.com,26,0,4,1
thewpminute.com,26,0,544,1
thingelstad.com,26,0,2,1
thingscareerrelated.com,26,0,32,1
thinkml.ai,26,0,2,1
tilt.fi,26,0,2,1
toonetcreation.com,26,0,1,1
topinspired.com,26,0,1,1
toua.net,26,0,6,1
translationroyale.com,26,0,1,1
travel-me-happy.com,26,0,4,1
traveledmap.com,26,0,5,1
traveltoeat.com,26,0,2,1
travyk.nl,26,0,1,1
treble.ai,26,0,1,1
truehost.co.za,26,0,2,1
truscribe.com,26,0,1,1
trustfactory.de,26,0,1,1
tuicakademi.org,26,0,1,1
twinflames1111.com,26,0,42,1
twoday.net,26,0,3,1
tworzywa.pl,26,0,1,1
txtcart.ai,26,0,1,1
ugetfix.com,26,0,1,1
ukbusinessmagazine.co.uk,26,0,2,1
ultida.com,26,0,1134,1
ultimatemembershippro.com,26,0,5,1
unidigital.news,26,0,1,1
unita.co,26,0,2,1
upcontent.com,26,0,2,1
uptimewebhosting.com.au,26,0,2,1
urlm.com,26,0,1,1
usbcha.com,26,0,18,1
usergrowth.io,26,0,2,1
uxplaybook.org,26,0,2,1
valve.fi,26,0,1,1
varamedia.be,26,0,1,1
vas3k.club,26,0,1,1
velocitize.com,26,0,1,1
veloxy.io,26,0,1,1
versantus.co.uk,26,0,1,1
version-2.com,26,0,140,1
vertical-sea.com,26,0,1,1
viaagenciadigital.com.br,26,0,2,1
visioneerit.com,26,0,2,1
vitaminretailer.com,26,0,1,1
vividsnaps.com,26,0,12,1
vonews.net,26,0,1,1
vr-easy.com,26,0,2,1
vududigital.co.uk,26,0,1,1
vyro.ai,26,0,2,1
wacl.info,26,0,6,1
wapoty.jp,26,0,6,1
wearepresta.com,26,0,3,1
weareseeds.com,26,0,1,1
webassoc.org,26,0,1,1
webcitz.com,26,0,3,1
weberlo.com,26,0,2,1
webinsider.pl,26,0,1,1
webperfect.fr,26,0,3,1
webprojectgroup.it,26,0,2,1
websensa.com,26,0,2,1
webservertalk.com,26,0,1,1
websharx.ca,26,0,2,1
website.de,26,0,11,1
weclouddata.com,26,0,1,1
wetalent.nl,26,0,1,1
windycityfieldhouse.com,26,0,6,1
wingnutsocial.com,26,0,1,1
wisevu.com,26,0,2,1
wooninjas.com,26,0,5,1
wpbuilds.com,26,0,45,1
wpcampus.org,26,0,3,1
wpchannel.com,26,0,2,1
wpdiscuz.com,26,0,7,1
wpexpert.ca,26,0,4,1
wphandleiding.nl,26,0,25,1
wphu.org,26,0,1,1
wplama.cz,26,0,7,1
wpmozo.com,26,0,7,1
wpnovin.com,26,0,31,1
wprssaggregator.com,26,0,7,1
wpsecurityninja.com,26,0,6,1
wptotal.com.br,26,0,9,1
wrk.com,26,0,1,1
wtmdigital.com,26,0,1,1
wz.sk,26,0,2,1
xfive.co,26,0,1,1
yourteaminindia.com,26,0,1,1
zaster-magazin.de,26,0,1,1
zephyrnet.com,26,0,13,1
zetanews.it,26,0,1,1
zfort.com,26,0,1,1
zimmersoftware.de,26,0,4,1
zupyak.com,26,0,4,1
180sites.com,25,0,7,1
1byte.com,25,0,35,1
21stcenturyav.com,25,0,1,1
21twelveinteractive.com,25,0,7,1
2befresh.nl,25,0,3,1
2ch.life,25,0,2,1
30lines.com,25,0,1,1
360technosoft.com,25,0,1,1
7ho.st,25,0,1,1
8p-design.com,25,0,8,1
a-lta.fr,25,0,1,1
abhijitbhaduri.com,25,0,1,1
abilitato.de,25,0,1,1
accuratefirearmsllc.com,25,0,6,1
ad360.media,25,0,42,1
adashunjones.com,25,0,14,1
addtocrm.com,25,0,2,1
admospherics.de,25,0,11,1
adrenalinmedia.com.au,25,0,1,1
adwordsnerds.com,25,0,2,1
aeesuisse.ch,25,0,4,1
aeroworkflow.com,25,0,1,1
affiliate-toolkit.com,25,0,10,1
affiliatebooster.com,25,0,5,1
agenciadigitalamd.com,25,0,1,1
aimbigemployment.com.au,25,0,1,1
airdriemedia.com,25,0,1,1
alanritchey.com,25,0,6,1
allbiz.com,25,0,1,1
alltechbuzz.net,25,0,35,1
alternative.to,25,0,82,1
altomkendte.dk,25,0,1,1
alzheimeruniversal.eu,25,0,26,1
ameravant.com,25,0,14,1
ankitdesigns.com,25,0,5,1
antanak.com,25,0,4,1
aomni.com,25,0,1,1
apicontext.com,25,0,4,1
appedus.com,25,0,1,1
aptora.com,25,0,2,1
aqara.cn,25,0,2,1
aquant.ai,25,0,42,1
aramamotoru.com,25,0,1,1
arborpride.com.au,25,0,3,1
archivemarketresearch.com,25,0,2,1
arenda-server.cloud,25,0,1,1
ariel-lim.com,25,0,1,1
arkbauer.com,25,0,1,1
arkency.com,25,0,1,1
ashallendesign.co.uk,25,0,2,1
asktheegghead.com,25,0,27,1
atauctus.hr,25,0,2,1
aurone.com,25,0,1,1
automationagency.com,25,0,1,1
avanet.com,25,0,14,1
avenuerealtygroup.com,25,0,2,1
avidratings.com,25,0,1,1
avohq.io,25,0,1,1
aweb.page,25,0,1,1
babia.to,25,0,37,1
badgerchallenge.org,25,0,8,1
baronerosso.it,25,0,2,1
bart.sk,25,0,2,1
baytek.ca,25,0,5,1
beatz.com.br,25,0,2,1
bekk.christmas,25,0,1,1
bellevuelifespring.org,25,0,2,1
belovdigital.agency,25,0,128,1
beringer.net,25,0,6,1
bethlehemnh.gov,25,0,6,1
beyondbluemedia.com,25,0,1,1
bikepikespeak.com,25,0,12,1
billerickson.net,25,0,1,1
birchwoodmanor.com,25,0,6,1
biz-academy.it,25,0,1,1
blackwhitedenim.com,25,0,2,1
blogherald.com,25,0,8,1
blossomthemes.com,25,0,3,1
blucactus.blue,25,0,3,1
bluehouse.group,25,0,2,1
blueorange.digital,25,0,2,1
bokkagroup.com,25,0,1,1
bolknote.ru,25,0,1,1
bosy-online.de,25,0,2,1
brandlight.ai,25,0,9,1
brileyfarber.com,25,0,10,1
brilliant.digital,25,0,2,1
brimco.io,25,0,1,1
bugzero.io,25,0,1,1
bumperspecialties.com,25,0,6,1
burokoorts.nl,25,0,1,1
business-it.pt,25,0,1,1
businessdynamite.xyz,25,0,1,1
businessleben.de,25,0,1,1
buzut.net,25,0,14,1
bzz.ch,25,0,1,1
cakemail.fr,25,0,1,1
cambridgeshire-pcc.gov.uk,25,0,60,1
cannabistech.com,25,0,1,1
capitainewp.io,25,0,12,1
careerimpressions.ca,25,0,1,1
ceaksan.com,25,0,2,1
ceim.cl,25,0,70,1
centruldepresa.ro,25,0,4,1
cerebrodigital.net,25,0,1,1
cfe-fund.org,25,0,3,1
cfinancialfreedom.com,25,0,6,1
cgscomputer.com,25,0,2,1
chasemarketing.nl,25,0,2,1
chati.com,25,0,26,1
cheqd.io,25,0,3,1
childbraininjurytrust.org.uk,25,0,6,1
chocoladehuisboon.be,25,0,6,1
chronicleproject.com,25,0,12,1
chucklawless.com,25,0,3,1
chuppsauction.com,25,0,3,1
churchvisuals.com,25,0,2,1
clearcutderby.uk,25,0,1,1
cloudfindr.co,25,0,2,1
cloudwayssites.com,25,0,2,1
clutchcreativeco.com,25,0,1,1
codesupply.co,25,0,2,1
codingcops.com,25,0,1,1
collab365.com,25,0,4,1
collaltimmobiliare.it,25,0,1,1
collectivecampus.io,25,0,1,1
comick.dev,25,0,3,1
comick.live,25,0,1,1
comickz.co.uk,25,0,1,1
comparatif-logiciels.fr,25,0,1,1
competethemes.com,25,0,28,1
conexorama.com,25,0,1,1
consciouscalendars.com,25,0,2,1
contactbook.app,25,0,1,1
content10x.com,25,0,1,1
contentdevelopmentpros.com,25,0,2,1
contentfolks.com,25,0,1,1
convergedigest.com,25,0,1,1
conversionskitchen.com,25,0,3,1
converted.in,25,0,1,1
convoboss.com,25,0,4,1
coodoeil.fr,25,0,1,1
corbanblair.com.au,25,0,4,1
corbanone.com,25,0,2,1
cowsmo.com,25,0,44,1
crandi.com,25,0,1,1
createandgrow.com,25,0,1,1
creativeblinds.com,25,0,8,1
creativemotions.it,25,0,42,1
credito.com.mx,25,0,1,1
cricketshropshire.co.uk,25,0,4,1
criptonizando.com,25,0,2,1
css-weekly.com,25,0,5,1
cssbasics.com,25,0,6,1
cubewise.com,25,0,7,1
culturebase.org,25,0,1,1
cultureplus.asia,25,0,28,1
customerzone360.com,25,0,2,1
cyfernet.org,25,0,3,1
daemonology.net,25,0,8,1
dagbladdijkenwaard.nl,25,0,1,1
dancarrphotography.com,25,0,1,1
darkwebinformer.com,25,0,1,1
darwinrecruitment.com,25,0,2,1
dashboardpack.com,25,0,6,1
dataethics.eu,25,0,1,1
datalinknetworks.net,25,0,4,1
datamolino.com,25,0,1,1
dataxis.com,25,0,5,1
davidlykhim.com,25,0,26,1
davrontranslations.com,25,0,6,1
definitelydepere.org,25,0,16,1
degroeneluifel.nl,25,0,2,1
dejurka.ru,25,0,6,1
deklerkcaravans.nl,25,0,2,1
denholmassociates.com,25,0,1,1
der-informationsdesigner.de,25,0,1,1
designbombs.com,25,0,15,1
designbycosmic.com,25,0,1,1
designsvalley.com,25,0,2,1
die-fliegerei.at,25,0,1,1
digisavvy.com,25,0,1,1
digitalazadi.com,25,0,2,1
digitalgyd.com,25,0,3,1
digitalmedianinja.com,25,0,2,1
digitalon.com.au,25,0,1,1
digitalresponse.es,25,0,2,1
disctopia.com,25,0,2,1
divantis.de,25,0,1,1
divi.help,25,0,7,1
docaufutur.fr,25,0,9,1
dodonut.com,25,0,3,1
doingbuzz.com,25,0,5,1
domain-monitor.io,25,0,1,1
domprep.com,25,0,2,1
dragonflydm.com,25,0,1,1
dreamsoft4u.com,25,0,3,1
drunkenanimeblog.com,25,0,1,1
drvotrgovinamiksa.eu,25,0,2,1
dualite.dev,25,0,2,1
dubaimonsters.com,25,0,1,1
dumplingai.com,25,0,1,1
duttonlaw.ca,25,0,1,1
dviga.marketing,25,0,1,1
easypartner.fr,25,0,1,1
easyteam.org,25,0,16,1
ebcglobal.co.uk,25,0,1,1
ecommercebonsai.com,25,0,1,1
ecommerceparadise.com,25,0,10,1
ecomone.com,25,0,1,1
ecomva.com,25,0,1,1
ecorn.agency,25,0,1,1
edgedigital.net,25,0,2,1
eixclot.cat,25,0,2,1
ejchurchill.com,25,0,42,1
emaildiscussions.com,25,0,4,1
emba-global.com,25,0,2,1
emirhankabakci.com,25,0,4,1
empoweryouth.com,25,0,97,1
endertech.com,25,0,2,1
enlear.academy,25,0,1,1
envisionitsolutions.com,25,0,1,1
eroofing.co.uk,25,0,2,1
escapecreative.io,25,0,57,1
evolyon.fr,25,0,3,1
exolnet.com,25,0,2,1
expandtalk.se,25,0,1,1
expertdigital.net,25,0,420,1
expre.co.uk,25,0,1,1
eystudios.com,25,0,2,1
fairmarketing.com,25,0,1,1
fairypoppins.com,25,0,2,1
falamart.com.br,25,0,1,1
famefact.com,25,0,1,1
fbi.dk,25,0,6,1
federatedmedia.com,25,0,1,1
feedalpha.com,25,0,1,1
femgracia.cat,25,0,2,1
feminer.nl,25,0,2,1
fh-diploma.de,25,0,10,1
fhoke.com,25,0,1,1
fitocose.it,25,0,6,1
fitsteps.co.uk,25,0,3,1
fixrunner.com,25,0,3,1
flexwebhosting.nl,25,0,1,1
forum-entraide-informatique.com,25,0,2,1
founderos.com,25,0,1,1
frankfurt-interaktiv.de,25,0,1,1
froggyads.com,25,0,174,1
fundacionmariajosejove.org,25,0,6,1
fzpdigital.com,25,0,3,1
gafurnituremart.com,25,0,2,1
gavelintl.com,25,0,1,1
gc-chamber.com,25,0,1,1
gcppodcast.com,25,0,2,1
generalairproducts.com,25,0,6,1
genesisimaging.co.uk,25,0,6,1
gervi.be,25,0,14,1
getdollie.com,25,0,1,1
getflits.com,25,0,2,1
getglow.io,25,0,2,1
ghheadlines.com,25,0,2,1
gillandrews.com,25,0,2,1
globalad.com.br,25,0,1,1
globalconnect.cl,25,0,1,1
globalsecuritymag.com,25,0,1,1
goethe.mg,25,0,26,1
golive.shop,25,0,1,1
goodmanlantern.com,25,0,2,1
goodoil.news,25,0,1,1
gowylde.ca,25,0,2,1
gpldl.com,25,0,1,1
grafdom.com,25,0,1,1
graffersid.com,25,0,1,1
greatideasforteachingmarketing.com,25,0,1,1
greatrecruiters.com,25,0,1,1
groupebigardrecrute.fr,25,0,3,1
growtraffic.com,25,0,1,1
growwithless.com,25,0,1,1
gs-forest.com,25,0,2,1
guanxi.it,25,0,3,1
gudangssl.id,25,0,2,1
guideflyfishing.co.uk,25,0,2,1
gulupadigital.com,25,0,2,1
gymneufeld.ch,25,0,1,1
hamrah.academy,25,0,1,1
harkaudio.com,25,0,2,1
harlointeractive.com,25,0,6,1
haurand.com,25,0,44,1
heartlyhouse.org,25,0,6,1
heartworkcamp.com,25,0,12,1
hellopixels.com,25,0,1,1
helpotkotisivut.fi,25,0,3,1
heritageacademyaz.com,25,0,6,1
heyou.io,25,0,10,1
hiilite.com,25,0,11,1
hitechwork.com,25,0,4,1
hnhiring.com,25,0,6,1
homelinkd.com,25,0,1,1
homenest.com.vn,25,0,2,1
hopeconnectionsforcancer.org,25,0,2,1
hopeinenomena.fi,25,0,1,1
hosono.de,25,0,2,1
hostduplex.com,25,0,29,1
hoyry.net,25,0,8,1
hpcase.jp,25,0,2,1
htmlmarkdown.com,25,0,1,1
htmlpanda.com,25,0,4,1
hudareview.com,25,0,2,1
huebnermarketing.com,25,0,1,1
hypegig.com,25,0,10,1
hyrestaff.com,25,0,102,1
i539.tw,25,0,2,1
iandyoo.com,25,0,2,1
iapwe.org,25,0,2,1
ibc.pl,25,0,1,1
ibeamconsulting.com,25,0,1,1
idcspy.com,25,0,2,1
identitypr.com,25,0,1,1
iflyei.com,25,0,6,1
ifranchisegroup.com,25,0,2,1
ijsrcseit.com,25,0,3,1
il-institut.at,25,0,2,1
ilincev.com,25,0,1,1
imageseo.io,25,0,1144,1
impacttlimited.com,25,0,6,1
indeed-innovation.com,25,0,2,1
influentialsoftware.com,25,0,1,1
infopreneur.blog,25,0,9,1
informeglobal.com,25,0,1,1
inpressionedit.com,25,0,1,1
inspirevisual.com,25,0,1,1
integrityxd.com,25,0,1,1
intelligenzait.com,25,0,1,1
intentionalinsights.org,25,0,1,1
internetstart.se,25,0,2,1
internetvista.com,25,0,4,1
intertoons.com,25,0,4,1
iqtalent.com,25,0,2,1
itq.co.jp,25,0,16,1
jayde.com,25,0,6,1
jbhired.com,25,0,2,1
jeff-concept.fr,25,0,1,1
jenniferbourn.com,25,0,1,1
jerseysportszone.com,25,0,6,1
johnfdoherty.com,25,0,779,1
joinrise.co,25,0,8,1
joost.blog,25,0,2,1
journalspress.com,25,0,6,1
jungundnaiv.de,25,0,2,1
kaliumtheme.com,25,0,1,1
karmacrm.com,25,0,2,1
karmasushi.dk,25,0,93,1
katalcenter.org,25,0,3,1
kawaak.com,25,0,1,1
kidsco.org.uk,25,0,3,1
kidscodecs.com,25,0,2,1
kineticvibe.net,25,0,27,1
kozossegikalandozasok.hu,25,0,1,1
kuberns.com,25,0,2,1
kumikomi.jp,25,0,2,1
laradock.io,25,0,1,1
laugheatlearn.com,25,0,2,1
le-pic.org,25,0,1,1
leadadvisors.com,25,0,1,1
leadige.agency,25,0,1,1
learnacademy.org,25,0,1,1
lejonfastigheter.se,25,0,2,1
les-castors.fr,25,0,1,1
li-an.fr,25,0,1,1
lifefamilyfun.com,25,0,1,1
ligosocial.com,25,0,3,1
lilo.co.uk,25,0,1,1
linkquest.co.uk,25,0,1,1
livecanvas.com,25,0,1,1
locateplus.com,25,0,4,1
logcabinrustics.com,25,0,6,1
logomakershop.com,25,0,3,1
londonwebdesignagency.com,25,0,7,1
love-up.co.uk,25,0,2,1
lowetide.ca,25,0,1,1
loxblog.com,25,0,1,1
lqd.jp,25,0,3,1
lrionline.com,25,0,14,1
lsm.works,25,0,1,1
luckyregister.com,25,0,1,1
luxeonstar.com,25,0,18,1
lydfordhouse.co.uk,25,0,2,1
maceamachinery.fi,25,0,2,1
magileads.com,25,0,76,1
magoven.io,25,0,6,1
maiagent.ai,25,0,2,1
maisontoufet.com,25,0,2,1
mapimedia.eu,25,0,1,1
market.biz,25,0,1,1
marketwithfirefly.com,25,0,1,1
masslight.com,25,0,2,1
masslivemediagroup.com,25,0,2,1
massmailsoftware.com,25,0,1,1
matthewedgar.net,25,0,2,1
maverrik.io,25,0,1,1
maxgalleria.com,25,0,4,1
mayank.co,25,0,1,1
mbbagency.com,25,0,1,1
mcm-uk.com,25,0,1,1
mediabirds.nl,25,0,2,1
meetchatty.com,25,0,1,1
meilleurtest.fr,25,0,11,1
melibo.de,25,0,1,1
memberium.com,25,0,2,1
memos.cz,25,0,1,1
meridianthemes.net,25,0,2,1
merionet.ru,25,0,1,1
messagetothemoon.nl,25,0,1,1
metadosi.fr,25,0,4,1
mewigo.de,25,0,1,1
michelfortin.com,25,0,2,1
mill.agency,25,0,2,1
millennium-digital.com,25,0,4,1
millenniumparkeyecenter.com,25,0,2,1
mittun.com,25,0,1,1
mkt4edu.com,25,0,3,1
molodost.bz,25,0,1,1
moonvy.com,25,0,1,1
mooseplate.com,25,0,12,1
mrnews.fr,25,0,16,1
mtlbeachprotour.com,25,0,4,1
multicollab.com,25,0,3,1
musicalwriters.com,25,0,3,1
mwmbl.org,25,0,76,1
mycitylogan.com.au,25,0,1,1
myneurogym.com,25,0,1,1
mystartups.de,25,0,1,1
neoito.com,25,0,1,1
neural-opt.com,25,0,3,1
newalbanyohio.com,25,0,8,1
newportyachtclub.org,25,0,6,1
newslang.ch,25,0,1,1
newsletterglue.com,25,0,1,1
newvisiondisplay.com,25,0,2,1
nextdayanimations.com,25,0,1,1
nextgeneration.ie,25,0,1,1
nicolecurioni.com,25,0,1,1
nirazo.co.il,25,0,1,1
noblesteedgames.com,25,0,1,1
nocoders.academy,25,0,1,1
nolimitwebdesign.nl,25,0,25,1
nomadicsoftware.com,25,0,1,1
nopio.com,25,0,2,1
northfieldchamber.com,25,0,1,1
northstarhomestead.com,25,0,12,1
notice.studio,25,0,2,1
notionsender.com,25,0,1,1
nuvamaprivate.com,25,0,2,1
nystudio107.com,25,0,1,1
obreal.org,25,0,3,1
octopus-itsm.com,25,0,2,1
ohmydollz.com,25,0,225,1
ojornalismo.com.br,25,0,3,1
oneaccessibility.com,25,0,1,1
onehourprofessor.com,25,0,9,1
opencrvs.org,25,0,1,1
opendoors.org.za,25,0,8,1
openfn.org,25,0,2,1
openweaver.com,25,0,1,1
ora-italia.it,25,0,6,1
oronoticiaspuebla.com,25,0,326,1
ourlifeplan.co.uk,25,0,1,1
padveewebschool.com,25,0,4,1
panoramamercantil.com.br,25,0,1,1
paramark.com.au,25,0,47,1
parapsihopatologija.com,25,0,1,1
parsers.vc,25,0,2,1
parsiblog.com,25,0,3,1
parsnews.com,25,0,1,1
partner.io,25,0,1,1
partnerbase.com,25,0,35,1
passionates.com,25,0,2,1
passwordprotectwp.com,25,0,4,1
patriotenvironmental.com,25,0,6,1
paymentsplugin.com,25,0,3,1
pc-facile.com,25,0,7,1
performance-lab.ru,25,0,1,1
permanenttourist.ch,25,0,2,1
petlandkennesaw.com,25,0,2,1
phillips-screw.com,25,0,6,1
php-download.com,25,0,1,1
pixeledeggs.com,25,0,18,1
pixelgrade.com,25,0,2,1
pixelwars.org,25,0,7,1
plusqa.com,25,0,1,1
poderato.com,25,0,1,1
popularresistance.org,25,0,1,1
poradna.net,25,0,6,1
portal-sites.net,25,0,1,1
portalzine.de,25,0,12,1
powercut.co.uk,25,0,6,1
powerpackelements.com,25,0,3,1
pragm.co,25,0,2,1
priceofbusiness.com,25,0,4,1
primerasnoticias.com,25,0,2,1
printxpand.com,25,0,1,1
privacy.com.sg,25,0,1,1
profitworks.ca,25,0,10,1
project-awesome.org,25,0,9,1
provistechnologies.com,25,0,2,1
publishergrowth.com,25,0,101,1
publitek.com,25,0,2,1
purcell-school.org,25,0,6,1
purefacts.com,25,0,2,1
purevpn.com.tw,25,0,1,1
qlicnfp.com,25,0,1,1
qwe.edu.pl,25,0,1,1
rangeviewsports.ca,25,0,4,1
rapidweblaunch.com,25,0,3,1
readdive.com,25,0,1,1
readyspace.com,25,0,1,1
realwaystoearnmoneyonline.com,25,0,1,1
reblonde.com,25,0,1,1
reborn.co,25,0,3,1
redblink.com,25,0,1,1
reddiseals.com,25,0,6,1
refeds.org,25,0,6,1
rental.software,25,0,4,1
repscrubs.com,25,0,6,1
resoneo.com,25,0,1,1
responsival.com,25,0,2,1
reversim.com,25,0,2,1
reviewx.io,25,0,5,1
revistacloudcomputing.com,25,0,1,1
richclicks.it,25,0,1,1
rmwcommerce.com,25,0,2,1
rmyc.org,25,0,6,1
rno1.com,25,0,5,1
robertodiasduarte.com.br,25,0,1,1
roboticsandautomationmagazine.co.uk,25,0,1,1
room34.com,25,0,3,1
roosites.com,25,0,36,1
routy.app,25,0,4,1
rpk.org,25,0,4,1
rtriangle.org,25,0,12,1
runonflux.io,25,0,6,1
ruter.net,25,0,1,1
rvvn.org,25,0,1,1
ryuichi1208.hateblo.jp,25,0,1,1
saasscout.com,25,0,29,1
saastrac.com,25,0,5,1
sadad.qa,25,0,8,1
sales.rocks,25,0,1,1
sanctuarymg.com,25,0,1,1
sandstonecastles.co.uk,25,0,1,1
sapling.com,25,0,1,1
satunama.org,25,0,2,1
scandinavianmarkets.com,25,0,166,1
scootergrisen.org,25,0,4,1
scribie.ai,25,0,1,1
searcheye.io,25,0,1,1
secsi.io,25,0,1,1
securitylab.lat,25,0,2,1
segmentseo.com,25,0,1,1
sekai-esthetique.com,25,0,2,1
sellerdeck.co.uk,25,0,3,1
seoblog.com,25,0,1,1
seodigitalgroup.com,25,0,5,1
seprin.info,25,0,3,1
sequafy.com,25,0,1,1
serverhub.com,25,0,1,1
serviceprofessionalsnetwork.com,25,0,3,1
seventhqueen.com,25,0,14,1
shopney.co,25,0,2,1
shyft.ai,25,0,12,1
sidehustleteach.com,25,0,3,1
signalab.mx,25,0,1,1
silicloud.com,25,0,2,1
siliconafrica.org,25,0,3,1
simonatache.ro,25,0,1,1
simple-press.com,25,0,2,1
sinaxys.com,25,0,1,1
singsys.com,25,0,1,1
sitedeals.nl,25,0,1,1
siteinvention.com,25,0,1,1
skills.sh,25,0,1,1
slidecow.com,25,0,1,1
smallmarketmeetings.com,25,0,20,1
smartaddons.com,25,0,1,1
smartdata.agency,25,0,2,1
smartlinks.pt,25,0,1,1
smashdigital.com,25,0,1,1
snackson.com,25,0,3,1
snaptech.com,25,0,1,1
snipplr.com,25,0,4,1
sod.au,25,0,2,1
softwarestrategiesblog.com,25,0,2,1
softwashsystems.com,25,0,6,1
solidcad.ca,25,0,4,1
sos-informatique13.com,25,0,4,1
spicytool.net,25,0,2,1
spiritelectronics.com,25,0,12,1
spiritinthedesert.org,25,0,6,1
spiritofchrist.org,25,0,6,1
spotlightwp.com,25,0,4,1
sscc.ru,25,0,2,1
startup-creator.com,25,0,1,1
steveglaveski.com,25,0,1,1
strafecreative.co.uk,25,0,2,1
streamlineresults.com,25,0,2,1
stremmelgallery.com,25,0,6,1
studiosimpati.co,25,0,1,1
subtext.at,25,0,4,1
sunrisemiddle.org,25,0,6,1
surveycrest.com,25,0,1,1
swhelper.org,25,0,14,1
systemtek.co.uk,25,0,1,1
tandem.buzz,25,0,1,1
tankiforum.com,25,0,3,1
tb-group.se,25,0,1,1
teaguardian.com,25,0,6,1
teamfit.eu,25,0,6,1
tech-wonders.com,25,0,1,1
technicallyproduct.co.uk,25,0,1,1
technobugg.com,25,0,1,1
techrights.org,25,0,4,1
techshout.com,25,0,1,1
techstarthailand.com,25,0,5,1
techsy.io,25,0,4,1
techtimes.vn,25,0,1,1
tecnoinver.cl,25,0,2,1
templately.com,25,0,1,1
temydeedigital.com,25,0,1,1
theanalysis.news,25,0,2,1
theassist.com,25,0,1,1
thebetterwebmovement.com,25,0,3,1
thecode.co,25,0,3,1
thecountrysquireonline.com,25,0,12,1
thedesignsystem.guide,25,0,4,1
thedickshow.com,25,0,6,1
theguild.edu.sg,25,0,1,1
thehappyinvestors.nl,25,0,1,1
theknowledge.io,25,0,1,1
themartechweekly.com,25,0,2,1
thememiles.com,25,0,6,1
themightymo.com,25,0,2,1
thenewsgod.com,25,0,1,1
thepaymentsassociation.eu,25,0,1,1
therepository.email,25,0,555,1
thestartupmag.com,25,0,1,1
thethemefoundry.com,25,0,5,1
thetradable.com,25,0,1,1
thetripschool.com,25,0,2,1
thevillagedenton.church,25,0,6,1
thewatchforum.co.uk,25,0,1,1
thirdwunder.com,25,0,4,1
tindalwine.com,25,0,6,1
titlecapture.com,25,0,1,1
tntcode.com,25,0,7,1
todoexpertos.com,25,0,10,1
tomosta.jp,25,0,1,1
tonkit360.com,25,0,1,1
top10hebergeurs.com,25,0,11,1
top4download.com,25,0,2,1
topbestalternatives.com,25,0,1,1
topleftdesign.com,25,0,2,1
totalproductmarketing.com,25,0,1,1
townofmontreat.org,25,0,10,1
tqsmagazine.co.uk,25,0,1,1
transcope.io,25,0,1,1
trendyminds.com,25,0,1,1
truehost.co.ke,25,0,8,1
tuckersac.com,25,0,8,1
tupacbruch.com,25,0,29,1
tuthost.ua,25,0,3,1
twelveoeightblog.com,25,0,12,1
ultimateaffiliate.pro,25,0,3,1
unacms.com,25,0,4,1
uncannyowl.com,25,0,4,1
undefined.fr,25,0,1,1
unitedwayofacadiana.org,25,0,2,1
user.today,25,0,2,1
userview.com,25,0,1,1
usiaht.org,25,0,2,1
vaekster.dk,25,0,335,1
vantastec.co.uk,25,0,6,1
vanyog.com,25,0,73,1
vardot.com,25,0,1,1
vedatya.ac.in,25,0,2,1
velasea.com,25,0,6,1
vgskole.net,25,0,4,1
vidboard.ai,25,0,1,1
vincosport.com,25,0,1,1
vipecloud.com,25,0,4,1
visibilidadon.com,25,0,3,1
visitorplugin.com,25,0,10,1
vsw.jp,25,0,2,1
w3cub.com,25,0,4,1
warrenccb.org,25,0,12,1
waseembashir.com,25,0,2,1
washeen.com,25,0,1,1
watchdoguganda.com,25,0,2,1
watermarkconsult.net,25,0,6,1
web-tolk.ru,25,0,3,1
webdesignerforum.co.uk,25,0,1,1
webeminence.com,25,0,2,1
webhosting.today,25,0,3,1
webservices.dz,25,0,18,1
websitelearners.com,25,0,10,1
websitespeedy.com,25,0,2,1
webyeshiva.org,25,0,282,1
wedowebapps.com,25,0,2,1
weeditpodcasts.com,25,0,2,1
whitepapersonline.com,25,0,7,1
windowsmanagementexperts.com,25,0,2,1
wisp.blog,25,0,84,1
wondersofwork.nl,25,0,8,1
wordpressguider.se,25,0,2,1
worktogethertalent.com,25,0,1,1
workwellremote.com,25,0,1,1
wowbix.com,25,0,3,1
wp-danmark.dk,25,0,3,1
wp-modula.com,25,0,5,1
wp-munich.de,25,0,3,1
wp-pagebuilderframework.com,25,0,2,1
wp-property-hive.com,25,0,10,1
wp-space.de,25,0,2,1
wpadminify.com,25,0,2,1
wpcouponsdeals.com,25,0,1,1
wpengine.com.au,25,0,2,1
wpfixit.com,25,0,22,1
wphost.me,25,0,8,1
wpopas.fi,25,0,4,1
wpusermanager.com,25,0,3,1
wpwebelite.com,25,0,7,1
wpxblog.jp,25,0,1,1
wpzinc.com,25,0,4,1
writersblocklive.com,25,0,4,1
x21.nl,25,0,1,1
xxhuyuzero.jp,25,0,1,1
yomadic.com,25,0,1,1
yoshitechblog.com,25,0,1,1
youthaviationadventure.org,25,0,6,1
zyratalk.com,25,0,1,1
10pines.com,24,0,1,1
123internet.agency,24,0,2,1
1stonthelist.ca,24,0,1,1
2visions.com,24,0,1,1
365i.co.uk,24,0,8,1
3mediaweb.com,24,0,3,1
3speak.tv,24,0,1,1
415headshots.com,24,0,1,1
4all.com,24,0,1,1
7wdata.be,24,0,1,1
97display.com,24,0,1,1
accelerateshares.com,24,0,1,1
accesto.com,24,0,5,1
acclaim.agency,24,0,1,1
aceyus.com,24,0,2,1
achirou.com,24,0,6,1
acko.net,24,0,1,1
aclasses.org,24,0,1,1
acmethemes.com,24,0,5,1
acmhhosp.org,24,0,6,1
acquirent.com,24,0,2,1
adaptistration.com,24,0,3,1
admiretheweb.com,24,0,1,1
adoric.com,24,0,1,1
advancedbytez.com,24,0,1,1
adventcalendar.co.uk,24,0,1,1
aff.ninja,24,0,2,1
affiliatepressplugin.com,24,0,3,1
agenciaraised.com.br,24,0,1,1
agethemes.com,24,0,1,1
aimprosoft.com,24,0,2,1
airagent.fr,24,0,5,1
airline-empires.com,24,0,1,1
aitechtonic.com,24,0,1,1
alfinsight.com,24,0,1,1
allcodesarebeautiful.com,24,0,2,1
alouit-multimedia.com,24,0,4,1
alrab7on.com,24,0,2,1
am2pmsupport.com,24,0,1,1
ambeaulaw.com,24,0,12,1
amdr.org,24,0,2,1
amelio.co,24,0,3,1
amionai.com,24,0,1,1
amp-wp.org,24,0,6,1
anarieldesign.com,24,0,5,1
and-d.tokyo,24,0,1,1
anetintime.ca,24,0,11,1
animasmarketing.com,24,0,2,1
annlouise.com,24,0,1,1
antary.de,24,0,3038,1
apollodigital.io,24,0,4,1
appliedi.net,24,0,10,1
applixir.com,24,0,2,1
aprendiendoarduino.wordpress.com,24,0,6,1
aroundtownent.com,24,0,6,1
articlecity.com,24,0,4,1
asabbatical.com,24,0,1,1
asheragency.com,24,0,1,1
asiamediastudio.com,24,0,4,1
asiri.es,24,0,1,1
askantech.com,24,0,1,1
askdesign.biz,24,0,1,1
aspirationhosting.com,24,0,1,1
assiduusglobal.com,24,0,4,1
atdevicesforkids.org,24,0,4,1
atoallinks.com,24,0,1,1
atsit.in,24,0,115,1
australiantimes.co.uk,24,0,2,1
autofaceless.ai,24,0,3,1
autuskey.com,24,0,7,1
awplife.com,24,0,6,1
awsm.in,24,0,1,1
axiomq.com,24,0,3,1
backlinkworks.com,24,0,1,1
baerenhof.at,24,0,1,1
basecreative.co.uk,24,0,1,1
basquemtb.com,24,0,6,1
bastacommunication.ca,24,0,1,1
bconnect.chat,24,0,1,1
bdavid.org,24,0,6,1
beanstalkwebsolutions.com,24,0,2,1
berjon.com,24,0,4,1
bertina.ir,24,0,12,1
bestinireland.com,24,0,1,1
bestwebsoft.com,24,0,2,1
biculturalmama.com,24,0,1,1
bicycleinfrastructuremanuals.com,24,0,2,1
bigevent.io,24,0,4,1
binaryfolks.com,24,0,1,1
biotifor.or.id,24,0,1,1
bitapps.pro,24,0,3,1
bixgrow.com,24,0,4,1
blackskies.com,24,0,6,1
blankslatedigital.co.uk,24,0,6,1
blazedream.com,24,0,1,1
blazingcdn.com,24,0,2,1
bleech.de,24,0,4,1
blogdudigital.fr,24,0,6,1
blogger3cero.com,24,0,1,1
bloguedebeatrice.com,24,0,1,1
blogueirainteligente.com.br,24,0,1,1
blogyourthing.com,24,0,1,1
bloomtools.com,24,0,1,1
blossomandberry.com,24,0,6,1
bluetrain.co.uk,24,0,1,1
blunt-therapy.com,24,0,1,1
bocaindesigns.com,24,0,1,1
bodytrak.co,24,0,2,1
bordeaux.business,24,0,5,1
boringcashcow.com,24,0,1,1
braintreehempclothing.com.au,24,0,2,1
brainwavesindia.com,24,0,1,1
bridgetwillard.com,24,0,9,1
brightsideofnews.com,24,0,1,1
brightworkresearch.com,24,0,1,1
broadpeak.io,24,0,1,1
browseinfo.com,24,0,1,1
brthrs.nl,24,0,2,1
budgetsavvydiva.com,24,0,1,1
burostaal.nl,24,0,647,1
businessfinancing.co.uk,24,0,1,1
bydewey.com,24,0,4,1
byrosanna.co.uk,24,0,1,1
c3newsmag.com,24,0,18,1
caddi.tech,24,0,1,1
careerangels.eu,24,0,5,1
careertuners.com,24,0,2,1
carminemastropierro.com,24,0,6,1
carriedils.com,24,0,2,1
cavedu.com,24,0,6,1
cazaofertas.com.co,24,0,88,1
cb1medical.com,24,0,1,1
cbfassocies.com,24,0,2,1
centrickinvest.com,24,0,2,1
centurypast.org,24,0,2,1
cgxapp.com,24,0,1,1
chambost-materiaux.com,24,0,1,1
checkoutwc.com,24,0,3,1
checksix-fr.com,24,0,2,1
chipadvisor.ca,24,0,1,1
churchatlifepark.org,24,0,2,1
ciaticket.com.br,24,0,1,1
cjco.com.au,24,0,2,1
clanx.ai,24,0,2,1
clarendonhills.com.au,24,0,2,1
clearbrand.com,24,0,3,1
cleartailmarketing.com,24,0,3,1
clevertize.com,24,0,1,1
clickysoft.com,24,0,2,1
cloudlist.fr,24,0,2,1
cloudnowtech.com,24,0,1,1
codegrape.com,24,0,3,1
codelove.tw,24,0,1,1
codersrank.io,24,0,1,1
coffeecartel.com.au,24,0,6,1
com.cdn.cloudflare.net,24,0,3,1
coma.de,24,0,1,1
combibreed.nl,24,0,4,1
computer-wd.com,24,0,1,1
condensed.io,24,0,8,1
connectall.com,24,0,2,1
construire-sa-moto-electrique.org,24,0,2,1
contenteam.ru,24,0,1,1
continuityinsights.com,24,0,4,1
contrast.digital,24,0,1,1
conversiepartners.nl,24,0,10,1
conversios.io,24,0,2,1
copywritercollective.com,24,0,3,1
cosmeticsurgerydallas.com,24,0,42,1
couponaffiliates.com,24,0,4,1
createandcode.com,24,0,2,1
crystalpng.com,24,0,1,1
csoc.de,24,0,1,1
ctnofa.org,24,0,2,1
cubeinfotech.com,24,0,6,1
dakotaskystone.com,24,0,4,1
daneshjooyar.com,24,0,1,1
dataflo.io,24,0,1,1
davidpasqualone.com,24,0,2,1
deazy.com,24,0,4,1
dehek.com,24,0,34,1
desgeeksetdeslettres.com,24,0,2,1
designhenge.com,24,0,1,1
detype.com,24,0,2,1
devchallenges.io,24,0,1,1
dfg.com.br,24,0,12,1
diadem.in,24,0,1,1
diariocontraste.com,24,0,1,1
digger.tools,24,0,1,1
digipress.info,24,0,1,1
digital-expert.online,24,0,1,1
digitalfunnel.ie,24,0,1,1
digitalgrowth.io,24,0,1,1
digitalmarketingjobs.com,24,0,1,1
digitalolympus.net,24,0,3,1
diowebhost.com,24,0,691,1
directhairdressingscissors.co.uk,24,0,8,1
discovermagnolia.org,24,0,32,1
discoverwestmoreland.com,24,0,8,1
diskusiwebhosting.com,24,0,4,1
divigear.com,24,0,1,1
divimode.com,24,0,16,1
divithemeexamples.com,24,0,1,1
djchuang.com,24,0,1,1
djmdigital.be,24,0,1,1
dns-systems.net,24,0,6,1
docschina.org,24,0,1,1
donohueconsultancy.com.au,24,0,3,1
dosmedia.com,24,0,5,1
doublel.com,24,0,6,1
dragonsinn.net,24,0,1,1
dsemotion.com,24,0,1,1
dynasend.com,24,0,1,1
dzteck.com,24,0,3,1
eaglestatus.io,24,0,1,1
ealingindependentcollege.com,24,0,2,1
eastbayworks.com,24,0,3,1
easypropertylistings.com.au,24,0,2,1
eclettica-akura.com,24,0,11,1
economywatch.com,24,0,1,1
edalab.it,24,0,1,1
ekascloud.com,24,0,1,1
elegantmarketplace.com,24,0,1,1
elipse.ai,24,0,1,1
elixirrdigital.com,24,0,2,1
empathyfirstmedia.com,24,0,2,1
emplibot.com,24,0,3,1
emro.co.kr,24,0,1,1
eniture.com,24,0,1,1
enterprisemonkey.com.au,24,0,13,1
enterprisesecuritytech.com,24,0,1,1
entrans.ai,24,0,1,1
envoker.com,24,0,1,1
envzone.com,24,0,1,1
eresources.com,24,0,1,1
ertiqah.com,24,0,2,1
ethercycle.com,24,0,8,1
evermade.fi,24,0,2,1
evincedev.com,24,0,2,1
ewaycorp.com,24,0,5,1
ewigleere.net,24,0,2,1
exabytes.com.my,24,0,4,1
exactsolar.com,24,0,6,1
exceedion.com,24,0,1,1
expatax.nl,24,0,6,1
expertresumepros.com,24,0,1,1
expo2025.hu,24,0,2,1
eyeuniversal.com,24,0,2,1
falconerelectronics.com,24,0,1,1
falia.co,24,0,2,1
fastbot.de,24,0,32,1
feather.so,24,0,10,1
femaleswitch.com,24,0,4,1
fernstudium.study,24,0,1,1
fidler.co.uk,24,0,6,1
fieldmotion.com,24,0,1,1
filter.agency,24,0,5,1
filterfreeparents.com,24,0,1,1
finally.agency,24,0,1,1
firebounty.com,24,0,3,1
fireplugins.com,24,0,5,1
fleetlogging.com,24,0,1,1
flexindex.com,24,0,1,1
flexisourceit.com.au,24,0,1,1
flickerleap.com,24,0,2,1
flywp.com,24,0,3,1
fmplus.cl,24,0,1,1
fondik.cz,24,0,1,1
fontsite.com,24,0,6,1
foodandwood.nl,24,0,8,1
formstory.io,24,0,1,1
forokeys.com,24,0,2,1
fortuneherald.com,24,0,1,1
forum-francophone-linuxmint.fr,24,0,1,1
foundersbeta.com,24,0,3,1
foxfamilyhvac.com,24,0,1,1
freakingnomads.com,24,0,1,1
freefashioninternships.com,24,0,1,1
freelance.today,24,0,59,1
freelancinggig.com,24,0,1,1
freelock.com,24,0,1,1
freewebspace.net,24,0,1,1
friendshipart.net,24,0,36,1
frogspark.co.uk,24,0,3,1
fromation.co.jp,24,0,76,1
fromthiskitchentable.com,24,0,1,1
frontofficesolutions.net,24,0,4,1
fthemes.net,24,0,2,1
fundtap.co,24,0,2,1
futuristgerd.com,24,0,14,1
fws.hu,24,0,1,1
gamemakerblog.com,24,0,3,1
genetechsolutions.com,24,0,6,1
gestan.fr,24,0,3,1
getwox.com,24,0,5,1
globema.com,24,0,4,1
gmrwebteam.com,24,0,1,1
gori.gov.ge,24,0,3,1
gracefulwebstudio.com,24,0,1,1
grassrootskavahouse.com,24,0,2,1
gravitypdf.com,24,0,7,1
grayscale.com.hk,24,0,2,1
greenmax.eu,24,0,2,1
greyd.io,24,0,7,1
growmap.com,24,0,3,1
growth.pro,24,0,1,1
growthplatform.org,24,0,1,1
gullerupstrandkro.dk,24,0,4,1
gundigeststore.com,24,0,28,1
gutenverse.com,24,0,1,1
hadock.es,24,0,1,1
halsteadmedia.com,24,0,1,1
hapodigital.com,24,0,4,1
happyteachermama.com,24,0,1,1
hastyreader.com,24,0,1,1
haus-xxl.de,24,0,1,1
headwaycap.com,24,0,1,1
hellowp.io,24,0,4,1
hetaweb.it,24,0,6,1
hijojo.com,24,0,1,1
hipaahq.com,24,0,4,1
holisticheartcenters.com,24,0,12,1
homozapping.com.mx,24,0,1,1
hormigasenlanube.com,24,0,1,1
hostingdiscussion.com,24,0,1,1
hostko.si,24,0,1,1
hostoo.io,24,0,1,1
hostopia.com,24,0,1,1
hotelkukdo.com,24,0,13,1
hotelsoftware.at,24,0,4,1
housely.com,24,0,2,1
howellsac.com,24,0,6,1
hpultribe-nsn.gov,24,0,2,1
html.de,24,0,2,1
htproducts.net,24,0,3,1
huckleberrybranding.com,24,0,1,1
hueffermann.de,24,0,2,1
hueston.co,24,0,1,1
humandigital.com,24,0,36,1
hungerford.tech,24,0,1,1
i2tutorials.com,24,0,30,1
ibainc.com,24,0,2,1
icecube.asia,24,0,1,1
ifoundries.com,24,0,1,1
iloveseo.com,24,0,3,1
imagile.fr,24,0,1,1
imithemes.com,24,0,5,1
included.co,24,0,1,1
independentsentinel.com,24,0,12,1
indrukwekkend.nl,24,0,1,1
infiniteuploads.com,24,0,6,1
influencedigest.com,24,0,1,1
ingeniariak.eus,24,0,1,1
ingenieriadesoftware.es,24,0,1,1
ingram-braun.net,24,0,292,1
insidethearts.com,24,0,10,1
internet-academy.com,24,0,1,1
internetua.com,24,0,2,1
internetwithoutborders.org,24,0,1,1
intoclicks.com,24,0,1,1
invastor.com,24,0,2,1
invernessdesignstudio.com,24,0,1,1
iotmagazin.hu,24,0,2,1
irisonboard.com,24,0,3,1
ironhorservresort.com,24,0,6,1
isdownorblocked.com,24,0,1,1
isemag.com,24,0,1,1
itjust.works,24,0,7,1
itseeze-windsor.co.uk,24,0,1,1
itxitpro.com,24,0,4,1
jamersan.com,24,0,1,1
jaworowi.cz,24,0,2,1
jekyll-themes.com,24,0,5,1
jjmlaw.tw,24,0,14,1
jobicy.com,24,0,2,1
joinative.com,24,0,1,1
joinmoolah.com,24,0,1,1
josephstudios.net,24,0,1,1
joshhall.co,24,0,1,1
joshuatz.com,24,0,1,1
journalduhacker.net,24,0,99,1
jussihyvarinen.com,24,0,2,1
justa.fr,24,0,1,1
justfreetools.com,24,0,1,1
justtheskills.com,24,0,1,1
kaffeinfo.dk,24,0,2,1
kaliforms.com,24,0,1,1
keentodesign.com.au,24,0,3,1
keepitsimple.fr,24,0,2,1
kerrylondon.co.uk,24,0,2,1
keywebconcepts.com,24,0,2,1
ki-trainingszentrum.com,24,0,1,1
kinetixhr.com,24,0,1,1
kkvmagazin.com,24,0,4,1
klientsolutech.com,24,0,4,1
knmasters.com,24,0,3,1
knowingmore.com,24,0,12,1
kodiakislandhousing.com,24,0,6,1
kodigo.org,24,0,1,1
komunitasmea.web.id,24,0,1,1
kopress.kr,24,0,5,1
kraftbusiness.com,24,0,1,1
kroser.com.uy,24,0,1,1
krowdy.com,24,0,2,1
kualitatem.com,24,0,1,1
kvytechnology.com,24,0,1,1
labellamesa.com.br,24,0,2,1
laracopilot.com,24,0,3,1
lauxera.com,24,0,1,1
lazioeventi.com,24,0,1,1
leadboxer.com,24,0,2,1
leadgrowdevelop.com,24,0,4,1
learnwithhasan.com,24,0,4,1
ledigitalizeur.fr,24,0,1,1
lemmy.ca,24,0,1,1
lemonade-it.com,24,0,1,1
level343.com,24,0,1,1
libelle.com,24,0,3,1
lifestyleoutdoor.com,24,0,4,1
linkbot.com,24,0,6,1
linodash.com,24,0,2,1
lisnic.com,24,0,1,1
live-to-design.com,24,0,1,1
livekirkko.fi,24,0,6,1
ljudfokus.se,24,0,1,1
localu.org,24,0,2,1
loclweb.com,24,0,2,1
logodesignteam.com,24,0,3,1
londongoldbuyer.com,24,0,2,1
lpagery.io,24,0,5,1
lumenseo.co.uk,24,0,1,1
luminouspr.com,24,0,1,1
lynch2.com,24,0,2,1
madwise.si,24,0,1,1
magenteiro.com,24,0,2,1
magyarokavilagurben.hu,24,0,1,1
mailoptin.io,24,0,6,1
mangoads.vn,24,0,20,1
marketatthefareway.com,24,0,132,1
marketenterprise.vn,24,0,2,1
marketing-automation.ca,24,0,2,1
marketing-automation.pl,24,0,2,1
marketingtracer.com,24,0,1,1
marymorrissey.com,24,0,1,1
masterful-marketing.com,24,0,2,1
mchcare.com,24,0,3,1
mconnectmedia.com,24,0,1,1
mediamavenandmore.com,24,0,1,1
mediastreet.ie,24,0,242,1
medmix.at,24,0,1,1
meingpt.com,24,0,72,1
meldium.com,24,0,1,1
merj.com,24,0,1,1
midnay.com,24,0,1,1
midohiojobs.net,24,0,2,1
milesweb.co.uk,24,0,2,1
misaias.com,24,0,1,1
missionofhope.org,24,0,6,1
mitmunk.com,24,0,1,1
mizfa.tools,24,0,1,1
mizranim-deal.co.il,24,0,2,1
mobiapps.fr,24,0,2,1
modernelteknik.se,24,0,2,1
molestreet.com,24,0,1,1
motherhoodcommunity.com,24,0,2,1
mso.net,24,0,1,1
mugo.ca,24,0,10,1
musicianwave.com,24,0,1,1
mustat.com,24,0,1,1
mutaz-blog.net,24,0,1,1
myabilene.org,24,0,2,1
mygeekshelp.com,24,0,1,1
myprofile.ph,24,0,5,1
mypulse.io,24,0,1,1
mysense.com.my,24,0,6,1
mysuper.site,24,0,7,1
mytechmag.com,24,0,1,1
namecheckly.com,24,0,1,1
nasatheme.com,24,0,1,1
ndgop.org,24,0,4,1
nemusg.com,24,0,1,1
net72.co.uk,24,0,1,1
netshop-isp.com.cy,24,0,1,1
neuralab.net,24,0,25,1
newebstudio.it,24,0,2,1
newmagnoliabrewing.com,24,0,2,1
newsanyway.com,24,0,1,1
nichoseo.com,24,0,3,1
nicolas-hoizey.com,24,0,2,1
nixintel.info,24,0,1,1
nogigiddy.com,24,0,1,1
normadesign.it,24,0,2,1
normanguitars.com,24,0,6,1
northernbeacheswebsites.com.au,24,0,2,1
noviia.com,24,0,1,1
nowmediagroup.tv,24,0,1,1
nowteam.net,24,0,1,1
npontu.com,24,0,2,1
nyongesasande.com,24,0,311,1
oadesignservices.co.uk,24,0,4,1
objectways.com,24,0,6,1
oddculture.com,24,0,2,1
olami.org,24,0,8,1
oldstcroix.com,24,0,6,1
onlinemarketinggurus.com,24,0,1,1
openborder.com,24,0,1,1
opensenselabs.com,24,0,4,1
optasy.com,24,0,2,1
optigo.net,24,0,2,1
optimadata.nl,24,0,1,1
optymalizacja.com,24,0,2,1
osmova.com,24,0,14,1
osomargueritedental.com,24,0,426,1
osomstudio.com,24,0,10,1
osuny.org,24,0,1,1
oudimmoacousticdesign.com,24,0,6,1
ounaskoski-camping-rovaniemi.com,24,0,12,1
ourbrainbank.org,24,0,4,1
outdoorcouncil.ca,24,0,2,1
overbr.com.br,24,0,1,1
pagespeed.cz,24,0,1,1
paperplanefactory.com,24,0,14,1
pcsite.co.uk,24,0,2,1
pdqs.mobi,24,0,3,1
penguinstrategies.com,24,0,6,1
perceptiom.com,24,0,3,1
pereless.com,24,0,33,1
performancedrivenmarketing.com,24,0,1,1
permalinkmanager.pro,24,0,3,1
petya.in,24,0,5,1
phpconference.com,24,0,1,1
phpmagazine.net,24,0,1,1
pimadigital.vn,24,0,1,1
pistakkio.net,24,0,1,1
planet-nomad.com,24,0,5,1
pleasecopyme.se,24,0,2,1
podcast24.nl,24,0,1,1
portstjoeresort.com,24,0,3,1
postaffiliatepro.sk,24,0,1,1
pozotron.com,24,0,1,1
prefinery.com,24,0,1,1
premier-env.co.uk,24,0,6,1
preventdirectaccess.com,24,0,2,1
printcart.com,24,0,3,1
printway.io,24,0,1,1
producthubx.com,24,0,10,1
productreviewmom.com,24,0,1,1
pulipuli.info,24,0,2,1
purpleplanet.com,24,0,2,1
pushleads.com,24,0,1,1
qrolic.com,24,0,2,1
quarule.com,24,0,1,1
quebecurbain.qc.ca,24,0,1,1
radiciusa.com,24,0,2,1
ralabs.org,24,0,1,1
rankpill.com,24,0,1,1
rankvisely.com,24,0,1,1
rankya.com,24,0,1,1
rasmusen.org,24,0,2,1
ravenousravendesign.com,24,0,1,1
readytowork.jp,24,0,3,1
realnewsnotbs.com,24,0,2,1
realty-cards.com,24,0,12,1
redacteur-contenu-web.com,24,0,1,1
redfeatherromance.com,24,0,3,1
redq.io,24,0,3,1
reelmind.ai,24,0,20,1
refact.co,24,0,4,1
remotehabits.com,24,0,15,1
reusablepackaging.org,24,0,15,1
rhythmsoftware.com,24,0,1,1
ricardodalbosco.com,24,0,4,1
riceandnoodlesrestaurant.com,24,0,6,1
rightsidecapital.com,24,0,1,1
ripstone.com,24,0,2,1
risefuel.com,24,0,1,1
rlsbb.ru,24,0,4,1
rockstarmarketing.co.uk,24,0,9,1
rodin.com.au,24,0,1,1
role-editor.com,24,0,5,1
rootfiftytwo.co.uk,24,0,1,1
rubisvoyages.ch,24,0,6,1
saba.host,24,0,1,1
sampsavainio.fi,24,0,4,1
santmartieix.com,24,0,2,1
sapphire-eyecare.co.uk,24,0,3,1
saufter.io,24,0,1,1
scads.ai,24,0,2,1
sceptermarketing.com,24,0,1,1
schoolapparel.com,24,0,2,1
sci-ab.ca,24,0,78,1
scienceline.net,24,0,1,1
scottishbusinessnews.net,24,0,1,1
scribe.rip,24,0,6,1
sdstrada.sch.id,24,0,1,1
seekmomentum.com,24,0,1,1
selfmadesuccess.com,24,0,9,1
senergy.us,24,0,2,1
seo.la,24,0,1,1
seobuddy.com,24,0,1,1
serpcom.com,24,0,1,1
sessionai.com,24,0,1,1
setcomcorp.com,24,0,6,1
shurkus.com,24,0,2,1
silicon-insider.com,24,0,1,1
simplemachinesmarketing.com,24,0,1,1
simplybeagency.com,24,0,1,1
sinuatemedia.com,24,0,1,1
sippycupmom.com,24,0,1,1
sitesaga.com,24,0,79,1
sitewired.com,24,0,2,1
slicewp.com,24,0,2,1
smallbusinessprices.co.uk,24,0,92,1
smallprojectsbureau.com,24,0,1,1
smartfindsmarketing.com,24,0,1,1
smtusa.com,24,0,1,1
socialhead.io,24,0,1,1
socialmarketing90.com,24,0,1,1
softwaredevelopersinc.com,24,0,2,1
softwareoasis.com,24,0,2,1
solodinero.com,24,0,1,1
solutech.id,24,0,11,1
solvewithvia.com,24,0,2,1
sommeil.org,24,0,6,1
soundandgo.com,24,0,2,1
sprig.gs,24,0,7,1
springfour.com,24,0,4,1
spucconsummit.org,24,0,1,1
ssc-ons.nl,24,0,2,1
stackcrawler.com,24,0,1,1
staenk.com,24,0,2,1
stalbanswebdesign.com,24,0,6,1
starfish.reviews,24,0,6,1
start24.nl,24,0,21,1
startup.info,24,0,1,1
statvoo.com,24,0,4,1
steady-sun.com,24,0,4,1
stencil1.com,24,0,12,1
stonesisters.com,24,0,2,1
strangeloopcanon.com,24,0,1,1
strategicstudyindia.com,24,0,3,1
strikepointmedia.com,24,0,1,1
studio98.com,24,0,1,1
sunrisebeachclub.com,24,0,6,1
superstarseo.com,24,0,4,1
surveypoint.ai,24,0,1,1
survivalmonkey.com,24,0,1,1
sustainabilitymethods.org,24,0,1,1
svenskfotografi.org,24,0,1,1
swapps.com,24,0,8,1
swimzi.com,24,0,34,1
sym-bio.jpn.org,24,0,6,1
syncpr.co,24,0,2,1
synthekine.com,24,0,6,1
tacknrider.com,24,0,2,1
talk-business.co.uk,24,0,1,1
talkbitz.com,24,0,3,1
tanguis.com,24,0,38,1
targetweb.fr,24,0,1,1
taylorwells.com.au,24,0,4,1
tchgdns.de,24,0,1,1
tchumim.com,24,0,6,1
team-pb.de,24,0,1,1
teamstreber.de,24,0,4,1
tebiko.com,24,0,12,1
techabout.com,24,0,2,1
techana.fr,24,0,3,1
technologytherapy.com,24,0,2,1
techtiplib.com,24,0,1,1
techuz.com,24,0,1,1
tekstmeester.nl,24,0,3,1
the-digital-librarian.com,24,0,1,1
theagencyguide.com,24,0,1,1
thearenui.com,24,0,12,1
thebreezycompany.co,24,0,1,1
thebrokerlist.com,24,0,2,1
thecommonwheel.com,24,0,2,1
thedigitalnonprofit.com,24,0,1,1
thedotstore.com,24,0,1,1
theemailshop.co.uk,24,0,1,1
theindependentfilmschool.com,24,0,6,1
thembay.com,24,0,2,1
themeover.com,24,0,3,1
theunderfold.com,24,0,2,1
theweather.agency,24,0,1,1
think.mt,24,0,1,1
thinkrealty.com,24,0,2,1
thishosting.rocks,24,0,9,1
thrivewp.com,24,0,1,1
thryv.ca,24,0,1,1
tincan.ch,24,0,1,1
tisagroup.ch,24,0,2,1
topeak.co.il,24,0,1,1
toplifeproject.com,24,0,6,1
transform-italia.it,24,0,1,1
transforming-technologies.com,24,0,24,1
tregdeferie.no,24,0,6,1
triple-s.com,24,0,6,1
tristatecr.com,24,0,8,1
trnulja.com,24,0,1,1
trooinbound.com,24,0,1,1
trotters41.com,24,0,1,1
true-tickets.com,24,0,1,1
trueaddictionbh.org,24,0,2,1
trueaimeducation.com,24,0,3,1
truescho.com,24,0,2,1
trunk.agency,24,0,1,1
trunkbbi.com,24,0,1,1
tsuyoshikashiwazaki.jp,24,0,1,1
tugagency.com,24,0,1,1
tutorialzine.com,24,0,1,1
tvcnet.com,24,0,1,1
ucartz.com,24,0,1,1
ukbusinesslist.co.uk,24,0,1,1
ultimateblocks.com,24,0,13,1
unicornclub.dev,24,0,9,1
unseminary.com,24,0,2,1
upnorthmedia.co,24,0,1,1
useartemis.co,24,0,4,1
uxdivi.com,24,0,8,1
vaken.se,24,0,1,1
valuebound.com,24,0,1,1
varini.org,24,0,1,1
velogik.com,24,0,4,1
version-2.com.sg,24,0,54,1
viivue.com,24,0,1,1
vinavu.com,24,0,10,1
vinno.vn,24,0,1,1
vinovativa.se,24,0,4,1
visionfactory.org,24,0,1,1
vlieg.nl,24,0,2,1
vooozer.com,24,0,1,1
w3webschool.com,24,0,1,1
wavetech.com,24,0,6,1
wazile.com,24,0,5,1
webalia.fr,24,0,2,1
webapprater.com,24,0,1,1
webcrunch.com,24,0,6,1
webiators.com,24,0,1,1
weblabor.hu,24,0,1,1
webmarketers.ca,24,0,1,1
webpresence.digital,24,0,1,1
webseotrends.com,24,0,2,1
webshopsguiden.se,24,0,1,1
websitehelper.co.uk,24,0,2,1
webvriend.nl,24,0,2,1
webwash.net,24,0,1,1
webwirkung.ch,24,0,1,1
webyking.com,24,0,2,1
wedowebapps.co.uk,24,0,1,1
weecology.org,24,0,1,1
welikesocialmedia.de,24,0,2,1
westus2-01.azurewebsites.net,24,0,1,1
whatarmy.com,24,0,8,1
whileresume.com,24,0,1,1
whitehat-seo.co.uk,24,0,1,1
whiteriverpaintball.com,24,0,6,1
wicky.co,24,0,1,1
wickydesign.com,24,0,1,1
woffice.io,24,0,2,1
woolcott.ca,24,0,88,1
woomultistore.com,24,0,2,1
worgoo.com,24,0,2,1
workingsheepdog.co.uk,24,0,1,1
wp-doin.com,24,0,4,1
wpbookster.com,24,0,1,1
wphackedhelp.com,24,0,3,1
wpmaintain.co.uk,24,0,1,1
wpnewsify.com,24,0,39,1
wpscholar.com,24,0,1,1
wpsheeteditor.com,24,0,4,1
wpshop.io,24,0,2,1
wpsites.net,24,0,3152,1
wpxpro.com,24,0,2,1
wristassuredgloves.com,24,0,6,1
wsc.design,24,0,34,1
www8.org,24,0,2,1
xnforo.ir,24,0,1,1
xpeedstudio.com,24,0,4,1
yeahhub.com,24,0,2,1
yellowcherry.uk,24,0,2,1
yourdigilab.com,24,0,2,1
youworkhere.biz,24,0,1,1
yumans.design,24,0,1,1
zemez.io,24,0,1,1
zenwriting.net,24,0,2,1
zoer.ai,24,0,10,1
zonecloud.vn,24,0,3,1
1r.nl,23,0,4,1
201creative.com,23,0,1,1
3phasemarketing.com.au,23,0,1,1
4virology.net,23,0,1,1
702pros.com,23,0,4,1
abax.co.jp,23,0,6,1
abena-professional.nl,23,0,2,1
abnews.am,23,0,2,1
abogadojaviermarcos.com,23,0,2,1
accelingo.com,23,0,1,1
accessily.com,23,0,2,1
acculock.com,23,0,3,1
additiv.de,23,0,2,1
adhugger.net,23,0,1,1
adirectory.io,23,0,1,1
adithyashetty.com,23,0,2,1
adremcareers.com,23,0,1,1
advancedabatherapy.com,23,0,26,1
agenciaimma.com.br,23,0,3,1
agencylist.com,23,0,2,1
agencymavericks.com,23,0,5,1
agentur-alexanderplatz.de,23,0,1,1
agiledrop.com,23,0,8,1
agoralys.com,23,0,3,1
ahmedbouchefra.com,23,0,4,1
aianova.org,23,0,2,1
alchemyleads.com,23,0,1,1
alegriacpas.com,23,0,21,1
algoentremanos.com,23,0,2,1
altcoinstalks.com,23,0,1,1
altersquare.io,23,0,9,1
altiorem.org,23,0,2,1
altraductions.com,23,0,1,1
ameeralbaher.com,23,0,1,1
americanfabricfilter.com,23,0,6,1
ampblogs.com,23,0,702,1
anbilarabi.com,23,0,1,1
anchietaba.com.br,23,0,76,1
ape-apps.com,23,0,3,1
artistrack.com,23,0,4,1
artsforlearningnw.org,23,0,6,1
artwai.com,23,0,4,1
artwithme.org,23,0,3,1
asprunner.com,23,0,13,1
assemblo.com,23,0,1,1
astlanguage.com,23,0,1,1
astrus.digital,23,0,2,1
ataraxismgmt.com,23,0,1,1
auditioncafe.com,23,0,1,1
auroramedia.com,23,0,3,1
automundo.com,23,0,56,1
avesouthchurch.com,23,0,3,1
aviazionecivile.it,23,0,1,1
axies.digital,23,0,2,1
azulweb.net,23,0,4,1
backslashcreative.com,23,0,2,1
backuply.com,23,0,6,1
baguettestudio.com,23,0,1,1
baklib.com,23,0,1,1
ballardschool.co.uk,23,0,6,1
baniwalinfotech.com,23,0,5,1
baotreonline.com,23,0,2,1
become.nz,23,0,1,1
bemoreyouonline.com,23,0,2,1
benheater.com,23,0,3,1
betterlinks.io,23,0,8,1
beurownlight.com,23,0,16,1
bibinbaleo.hatenablog.com,23,0,1,1
bicounty.org,23,0,6,1
bikin.website,23,0,1,1
biostarrenewables.com,23,0,4,1
birkenlaw.com,23,0,2,1
blackpugstudio.com,23,0,1,1
blennd.com,23,0,5,1
blesssky.com,23,0,2,1
blings.io,23,0,1,1
blog4youth.com,23,0,112,1
bloggerbags.com,23,0,1,1
bloggerlocal.com,23,0,2,1
blogolize.com,23,0,695,1
blogrecode.com,23,0,2,1
bnedloudcloud.com,23,0,6,1
boazpartners.com,23,0,2,1
boditesok.hu,23,0,3,1
bombaysoftwares.com,23,0,2,1
bootesnull.com,23,0,2,1
bootstrapbrain.com,23,0,12,1
bottled-up.com,23,0,2,1
boye-co.com,23,0,7,1
brandaffairs.ch,23,0,3,1
brandcraft.com,23,0,1,1
brassworks.jp,23,0,1,1
brightsidestl.org,23,0,2,1
bristolclimatenature.org,23,0,4,1
bristowholland.com,23,0,2,1
buildthis.com,23,0,1,1
builtatlightspeed.com,23,0,1,1
burrardstreetjournal.com,23,0,1,1
businessbldrs.com,23,0,1,1
bytetree.com,23,0,1,1
caasify.com,23,0,129,1
cakemagazine.org,23,0,2,1
calcapp.net,23,0,6,1
cambridgeinfotech.io,23,0,1,1
canddi.com,23,0,1,1
canfilters.com,23,0,12,1
capa9.net,23,0,2,1
capricreek.net,23,0,1,1
captainmarketing.io,23,0,1,1
captainwords.com,23,0,1,1
casasdeapostasonline.com,23,0,1,1
casbay.com,23,0,14,1
castefootball.us,23,0,1,1
cc-arc.com,23,0,3,1
cc94.com,23,0,1,1
ccfi.asso.fr,23,0,1,1
cds.coop,23,0,16,1
cgcseagles.org,23,0,1,1
chabadberlin.de,23,0,2,1
cheekymonkeymedia.ca,23,0,1,1
chef5minutemeals.com,23,0,3,1
chromeinfotech.net,23,0,4,1
cisgmoot.org,23,0,18,1
cjp.mx,23,0,2,1
clarity2prosperity.com,23,0,5,1
cleanpix.com,23,0,1,1
clickrmedia.com,23,0,7,1
clickwise.net,23,0,6,1
climatepeople.com,23,0,1,1
cloud22.com,23,0,1,1
cloud5.jp,23,0,1,1
cloudanix.com,23,0,3,1
cloudcelebration.dk,23,0,2,1
cloudincome.com,23,0,1,1
cloudpick.ai,23,0,2,1
clownfishtv.com,23,0,2,1
codeforum.org,23,0,2,1
codepaper.com,23,0,3,1
coderapper.com,23,0,3,1
codster.io,23,0,1,1
colibridigitalmarketing.com,23,0,2,1
colitco.com,23,0,1,1
colourrich.co.uk,23,0,1,1
comeaprire.com,23,0,2,1
conceptstore.co.uk,23,0,1,1
conectandonet.com.br,23,0,3,1
conteleteams.com.br,23,0,2,1
contempothemes.com,23,0,10,1
contentcamel.io,23,0,1,1
context.ph,23,0,2,1
corephp.com,23,0,2,1
corexta.com,23,0,1,1
cpamafia.top,23,0,1,1
cpiub.com,23,0,1,1
crawlwp.com,23,0,2,1
crazydomains.id,23,0,1,1
crazydomains.sg,23,0,2,1
createur2site.fr,23,0,22,1
creative-asset.co.uk,23,0,1,1
crmeb.com,23,0,2,1
crucialconcealment.com,23,0,2,1
csem.qc.ca,23,0,12,1
cta.gallery,23,0,9,1
cu4tromarketing.com,23,0,1,1
curiosityhuman.com,23,0,1,1
cyberwellsolutions.com,23,0,15,1
dailyblogtips.com,23,0,1,1
dailyhostnews.com,23,0,2,1
dailyseo.id,23,0,2,1
danburymusiccentre.org,23,0,4,1
demaandelijksemarketeer.nl,23,0,3,1
deothemes.com,23,0,3,1
designerly.com,23,0,2,1
designfiles.net,23,0,1,1
dev-notes.ru,23,0,1,1
devopsprojectshq.com,23,0,2,1
devsource.fr,23,0,1,1
digicontechnologies.com,23,0,1,1
digicube.ch,23,0,1,1
digitaleversnelling.be,23,0,1,1
digitalizame.cl,23,0,1,1
digitalj2.com,23,0,1,1
digitalmanufaktur.com,23,0,1,1
digitalpr.co.uk,23,0,1,1
digitalwizards.nl,23,0,2,1
digitizer.rs,23,0,4,1
digwp.com,23,0,1,1
disclose.io,23,0,4,1
ditverzinjeniet.be,23,0,6,1
dogfriendlycornwall.co.uk,23,0,3,1
doingenia.com,23,0,1,1
domesticpeace.com,23,0,6,1
domyweb.org,23,0,1,1
dopharma.nl,23,0,2,1
douglasjacoby.com,23,0,2,1
doyouevenblog.com,23,0,3,1
dpdns.org,23,0,2,1
driftime.com,23,0,2,1
dsj.ch,23,0,108,1
dwaves.de,23,0,1,1
easqy.fr,23,0,1,1
easya11yguide.com,23,0,1,1
easygoinc.com,23,0,6,1
eauclaireanimalhospital.com,23,0,6,1
edwize.org,23,0,1,1
eea.co.nz,23,0,3,1
eflairwebtech.com,23,0,15,1
eggplantstudios.ca,23,0,1,1
eightception.com,23,0,1,1
einfach-mal-seo.de,23,0,8,1
elcon.org,23,0,2,1
elsolnewsmedia.com,23,0,4,1
elynah.com,23,0,1,1
emailmavlers.com,23,0,2,1
emailtoolsguide.com,23,0,1,1
emeraldskygroup.com,23,0,6,1
employbl.com,23,0,3,1
emprendedoresnews.com,23,0,1,1
engagebritain.org,23,0,1,1
entretien-dembauche.fr,23,0,4,1
eom.de,23,0,2,1
epmuae.com,23,0,6,1
erfgoedplatformoverijssel.nl,23,0,1,1
eridesignstudio.com,23,0,3,1
erwinhofman.com,23,0,2,1
essentialplugin.com,23,0,1,1
everestlegalmarketing.com,23,0,1,1
everythingmummy.co.uk,23,0,1,1
evolutagency.com,23,0,1,1
ez3c.tw,23,0,1,1
facialix.com,23,0,7,1
fagnerbrack.com,23,0,1,1
fastoffshore.com,23,0,1,1
fastpixel.io,23,0,10,1
feedsfloor.com,23,0,2,1
fempreneursecrets.com,23,0,1,1
field.asia,23,0,3,1
finafix.com,23,0,2,1
financialrelief.com,23,0,6,1
findstack.dk,23,0,1,1
finemediabw.com,23,0,1,1
fleuriste-toulouse.fr,23,0,1,1
flowmatters.com,23,0,3,1
flysanmarcos.com,23,0,3,1
fooyoh.com,23,0,24,1
foreworth.com,23,0,1,1
forgefusion.io,23,0,1,1
formations-analytics.com,23,0,9,1
foxizecloud.com,23,0,1,1
freepctech.com,23,0,1,1
freestuff.dev,23,0,261,1
fromthetrenchesworldreport.com,23,0,4,1
frontenddogma.com,23,0,18,1
frozenfire.com,23,0,1,1
funnelgraphic.com,23,0,1,1
ga4bigquery.com,23,0,1,1
gaffg.com,23,0,1,1
gain.tw,23,0,1,1
gdprbuzz.com,23,0,1,1
gedaly.com,23,0,1,1
genelmag.com,23,0,1,1
genproenergy.com,23,0,12,1
geotargetingwp.com,23,0,11,1
getchipbot.com,23,0,1,1
getvocal.ai,23,0,2,1
gigarefurb.co.uk,23,0,16,1
gillian-sarah.com,23,0,1,1
github-wiki-see.page,23,0,17,1
gitstar-ranking.com,23,0,2,1
glaass.net,23,0,18,1
glifeblog.com,23,0,135,1
globitalmarketing.com,23,0,10,1
gn2.de,23,0,1,1
goedkopeenergieengas.nl,23,0,2,1
gojiberry.ai,23,0,2,1
goneuland.de,23,0,1,1
gonzalonavarro.es,23,0,10,1
goodrxmedicine.com,23,0,2,1
gorevity.com,23,0,1,1
gratisforums.com,23,0,4,1
gravitateone.com,23,0,1,1
greencountryworks.org,23,0,98,1
growmarkentum.com,23,0,1,1
growthgorilla.co.uk,23,0,3,1
growthoperationsfirm.com,23,0,1,1
gti.pt,23,0,2,1
guitarmaking.co.uk,23,0,2,1
hamptondentalassociates.com,23,0,2,1
hamyarwp.com,23,0,4,1
happierabroad.com,23,0,4,1
hardware-news.de,23,0,1,1
harrisoncarloss.com,23,0,1,1
harta.biz,23,0,1,1
hashthemes.com,23,0,1,1
hattifant.com,23,0,2,1
healthcapusa.com,23,0,6,1
heaventechit.com,23,0,3,1
hedyandhopp.com,23,0,2,1
heropress.com,23,0,4,1
highcountryhealing.com,23,0,24,1
highticket.io,23,0,1,1
hljcreative.com,23,0,1,1
hoitolatukku.fi,23,0,2,1
homesforhackers.com,23,0,1,1
howtoapps.com,23,0,1,1
hubwiz.com,23,0,1,1
hughesintegrated.com,23,0,1,1
hydromassageproducts.com,23,0,6,1
hypershoot.com,23,0,13,1
id4you.com,23,0,2,1
ideacto.pl,23,0,2,1
ideamaker.agency,23,0,1,1
ifd.com.br,23,0,1,1
ihjo.de,23,0,4,1
ikangai.com,23,0,1,1
imageengine.io,23,0,2,1
immediatefuture.co.uk,23,0,2,1
in-academy.uz,23,0,3,1
indicerh.net,23,0,1,1
influencerseo.com,23,0,1,1
inline.group,23,0,2,1
innotech-vn.com,23,0,4,1
insane-beatz.com,23,0,1,1
insiderapps.com,23,0,4,1
insiderpaper.com,23,0,1,1
insidesystems.com,23,0,2,1
instantdeveloper.com,23,0,2,1
intelbee.com,23,0,6,1
interactone.com,23,0,1,1
internetvibes.net,23,0,1,1
inuidea.com,23,0,1,1
itcservice.co.uk,23,0,6,1
iute.com,23,0,4,1
iwconnect.com,23,0,1,1
jarthur.co,23,0,1,1
jchai.org,23,0,1,1
jconnelly.com,23,0,1,1
jfrederickandsons.com,23,0,6,1
jo.my,23,0,1,1
jobsity.com,23,0,2,1
joedolson.com,23,0,1,1
johnmakphotography.com,23,0,5,1
joico.ca,23,0,2,1
josejuansanchez.org,23,0,8,1
jufinger.nl,23,0,1,1
justchrys.com,23,0,6,1
justifiedgrid.com,23,0,1,1
kahana.co,23,0,1,1
kaios.dev,23,0,1,1
kairaweb.com,23,0,4,1
kamerpower.com,23,0,1,1
karhuhelsinki.fi,23,0,2,1
kawabangga.com,23,0,34,1
kijo.co.uk,23,0,9,1
kikobeats.com,23,0,1,1
klf.fr,23,0,2,1
klizos.com,23,0,3,1
klowt.com,23,0,1,1
kmu-digitalisierung.agency,23,0,1,1
ladolcevolta.com,23,0,3,1
lakeemmaanimalhospital.com,23,0,6,1
laravel.ru,23,0,2,1
larsenbaker.com,23,0,6,1
lbdesign.tv,23,0,1,1
leadnear.com,23,0,68,1
leadsgorilla.io,23,0,1,1
leblogducuk.ch,23,0,3,1
lefeeds.com,23,0,6,1
lesinattendues.be,23,0,6,1
leverage.it,23,0,2,1
libertybusinesspr.com,23,0,2,1
lifeandtrendz.com,23,0,3,1
lifecarefhdc.org,23,0,1,1
lifecyclepower.com,23,0,2,1
lifeinternational.com,23,0,3,1
linkaform.com,23,0,1,1
linkboss.io,23,0,3,1
linktoevoegen.nl,23,0,8,1
linux-bg.org,23,0,2,1
liongaming.io,23,0,1,1
livepage.net,23,0,2,1
lnwebworks.com,23,0,1,1
loganmarchione.com,23,0,1,1
logicdigital.co.uk,23,0,1,1
loginslink.com,23,0,247,1
lohn.at,23,0,1,1
loriballen.com,23,0,2,1
lotincorp.biz,23,0,5,1
lowcostwebagency.com,23,0,7,1
luxmarketingcompany.com,23,0,1,1
mage-people.com,23,0,1,1
magicaltheatre.org,23,0,6,1
magilla.company,23,0,2,1
mailbox-marketing.be,23,0,1,1
mallardmfg.com,23,0,24,1
manifestwebsitedesign.com.au,23,0,1,1
mapplinks.com,23,0,2,1
marcelbootsman.nl,23,0,20,1
mark-story.com,23,0,8,1
markosaric.com,23,0,1,1
mashhadhost.com,23,0,5,1
massimobasso.com,23,0,1,1
matrixnmedia.com,23,0,1,1
mauconline.net,23,0,1,1
mauritours.mu,23,0,2,1
mcloud.rs,23,0,1,1
mediadoma.com,23,0,191,1
mediakia.com,23,0,3,1
meerkatmediagroup.com,23,0,1,1
mesopotamiaheritage.org,23,0,2,1
metaline.it,23,0,1,1
metanexus.net,23,0,6,1
methodmi.com,23,0,1,1
mikegingerich.com,23,0,1,1
mikelanemods.com,23,0,4,1
mimutual.com,23,0,2,1
minimarketing.it,23,0,4,1
minstercommunitypost.com,23,0,1,1
misawa-kk.co.jp,23,0,3,1
modeeffect.com,23,0,7,1
modernmarketing.co.za,23,0,6,1
moki.co.jp,23,0,4,1
moma-design.it,23,0,6,1
monsterconnect.co.th,23,0,2,1
morethanwordsuk.co.uk,23,0,2,1
mori-soft.com,23,0,1,1
motiontactic.com,23,0,1,1
motorsportprospects.com,23,0,2,1
mybridge.co,23,0,4,1
mygcsg.com,23,0,3,1
mygirlishwhims.com,23,0,2,1
myvestacp.com,23,0,2,1
narciss-taurus.de,23,0,1,1
nationalcarboncapturecenter.com,23,0,12,1
nationalinjuryhelp.com,23,0,6,1
naturallyintense.net,23,0,6,1
neilsonmarketing.com,23,0,1,1
netbeacon.org,23,0,2,1
newlogic.cz,23,0,1,1
newslines.org,23,0,2,1
nextgen.co.id,23,0,2,1
nexttechnology.io,23,0,4,1
nickthemarketer.com,23,0,1,1
nicolesteffen.com,23,0,1,1
nilebits.com,23,0,88,1
ninepeaks.io,23,0,1,1
nklt.se,23,0,1,1
nomadsummit.com,23,0,1,1
novaontheroad.com,23,0,1,1
npi.ie,23,0,1,1
npnutra.com,23,0,12,1
nulledbb.com,23,0,1,1
numucheese.com,23,0,30,1
nuxt.dev,23,0,3,1
nwun.com,23,0,5,1
oc-avc.com,23,0,4,1
octeth.com,23,0,2,1
officeforest.org,23,0,3,1
olavivo.com,23,0,7,1
olbuz.com,23,0,1,1
olitt.com,23,0,65,1
olliewp.com,23,0,1,1
omahamediagroup.com,23,0,4,1
omnesgroup.com,23,0,1,1
onemorecupof-coffee.com,23,0,7,1
onesmablog.com,23,0,697,1
onlc.eu,23,0,46,1
onlinedatagenerator.com,23,0,3,1
orderhero.se,23,0,1,1
oregoncoastalflowers.com,23,0,2,1
ostgotatidningen.se,23,0,1,1
osum.com,23,0,2,1
outsider.ne.kr,23,0,3,1
outsourcery.uk,23,0,2,1
ovdivi.com,23,0,1,1
pagedart.com,23,0,3,1
paperlesstrans.com,23,0,2,1
parenthesecafe.fr,23,0,1,1
partenaire-entreprise.com,23,0,1,1
patchworkshow.com,23,0,12,1
patientservicesinc.org,23,0,6,1
pc-helpforum.be,23,0,4,1
petersonvet.com,23,0,6,1
phillyinlove.com,23,0,1,1
phpfrance.com,23,0,25,1
piasd.org,23,0,1,1
piicomm.ca,23,0,4,1
pinneyinsurance.com,23,0,1,1
pipewrenchmag.com,23,0,1,1
plainedeversailles.fr,23,0,1,1
plugmatter.com,23,0,3,1
pluxml.org,23,0,4,1
pm-career.jp,23,0,1,1
podiumdesign.co.uk,23,0,2,1
portdouglasgranfondo.com.au,23,0,174,1
posimyth.com,23,0,1,1
positioning.site,23,0,16,1
postaffiliatepro.nl,23,0,1,1
postaffiliatepro.pl,23,0,1,1
postscapes.com,23,0,669,1
powerformula.net,23,0,1,1
poyesis.fr,23,0,1,1
premierecreative.com,23,0,1,1
premiumcoding.com,23,0,12,1
premiumwp.com,23,0,1,1
premprsocial.com,23,0,1,1
preseem.com,23,0,1,1
prestigelinks.com,23,0,2,1
prismrecruitment.co.uk,23,0,1,1
privacyaustralia.net,23,0,1,1
profitise.com,23,0,1,1
programmier.bar,23,0,1,1
pulsemarketingagency.com,23,0,1,1
purpleads.io,23,0,1,1
purplegator.com,23,0,1,1
purshology.com,23,0,8,1
quibble.digital,23,0,1,1
quicksilk.com,23,0,2,1
quikbox.com,23,0,1,1
quilt.bio,23,0,12,1
quondos.com,23,0,1,1
quratis.com,23,0,4,1
r2.fr,23,0,1,1
raadhuis.com,23,0,1,1
rachelandreago.com,23,0,2,1
radiantelephant.com,23,0,2,1
rafasospedra.com,23,0,1,1
rancherosdesantafe.com,23,0,21,1
rannlab.com,23,0,2,1
rareloop.com,23,0,8,1
rawsignal.ca,23,0,1,1
reachabovemedia.com,23,0,2,1
reachfirst.com,23,0,1,1
realitypaper.com,23,0,1,1
realtorspgh.com,23,0,142,1
redacteur-web-freelance.com,23,0,1,1
reddepayments.com,23,0,1,1
redfactory.nl,23,0,7,1
redfoxvisual.com,23,0,1,1
redrockspas.com,23,0,3,1
remoteintech.company,23,0,6,1
removegroup.com,23,0,2,1
renesejling.dk,23,0,3,1
reportcard.com,23,0,1,1
resolutesystems.com,23,0,3,1
restmediterraneo.es,23,0,1,1
resufit.com,23,0,2,1
retainiq.io,23,0,1,1
reteinformaticalavoro.it,23,0,1,1
rikor.com,23,0,5,1
riseandinspire.co.in,23,0,112,1
risenchristchurch.org,23,0,6,1
robpowellbizblog.com,23,0,16,1
rockerstop.com,23,0,16,1
ronedmondson.com,23,0,1,1
roomsoftware.com,23,0,2,1
rosadoc.be,23,0,50,1
rubrain.com,23,0,1,1
ruckus-games.com,23,0,1,1
runningrobots.com,23,0,2,1
rymy.cz,23,0,11,1
sa2020.org,23,0,5,1
saffiretech.com,23,0,5,1
salesupply.nl,23,0,1,1
samunderwood.co.uk,23,0,1,1
sarasotapregnancy.com,23,0,6,1
sat4all.com,23,0,1,1
saucal.com,23,0,48,1
savvy.co.il,23,0,4,1
schiffradio.com,23,0,15,1
schooljotter.com,23,0,5,1
sdccoe.org,23,0,8,1
sdstudio.top,23,0,29,1
secondlinethemes.com,23,0,2,1
secretstache.com,23,0,1,1
securityboat.net,23,0,1,1
seniorchatters.co.uk,23,0,3,1
seo-trainee.de,23,0,2,1
seostation.pl,23,0,1,1
serverwala.com,23,0,2,1
servicerate.com,23,0,5,1
several.com,23,0,9,1
shawvilleford.com,23,0,6,1
sheervelocity.com,23,0,1,1
simonhearne.com,23,0,1,1
simple-history.com,23,0,1,1
simplifiedwebsitedesign.com,23,0,4,1
siplex.pl,23,0,1,1
site-now.app,23,0,1,1
sitiweb-italia.com,23,0,1,1
skyrocketdigital.com,23,0,1,1
smarthys.com,23,0,1,1
snowassociates.com,23,0,1,1
socpub.com,23,0,2,1
softlist.io,23,0,1,1
softmanagement.com.co,23,0,2,1
solarmonkey.nl,23,0,1,1
solidaffiliate.com,23,0,5,1
solutionsdriven.com,23,0,1,1
sometimes-interesting.com,23,0,1,1
sondhelmpartners.com,23,0,1,1
sorryonmute.com,23,0,1,1
sotion.so,23,0,1,1
sourced.nz,23,0,1,1
sowflow.io,23,0,2,1
sparksunderland.com,23,0,22,1
spectrachrome.com,23,0,6,1
sproutworth.com,23,0,1,1
squashapps.com,23,0,1,1
stackposts.com,23,0,3,1
starternoise.com,23,0,1,1
startkey.nl,23,0,3,1
statewp.com,23,0,1,1
stcyrpoolandspa.com,23,0,3,1
stelleninfotech.com,23,0,1,1
stgraber.org,23,0,5,1
storecensus.com,23,0,1,1
storefries.com,23,0,1,1
straight-in.com,23,0,3,1
strategicdoing.net,23,0,1,1
strikingalchemy.com,23,0,1,1
succeed-vet.com,23,0,1,1
supportnet.de,23,0,1,1
switchit.com,23,0,1,1
swtorstrategies.com,23,0,1,1
sylt-strandhotel.de,23,0,2,1
takeabreakspas.com,23,0,2,1
takuya-1st.hatenablog.jp,23,0,1,1
talkingtreecreative.com,23,0,1,1
tatepro.com,23,0,1,1
techcollectivesea.com,23,0,1,1
techcultureafrica.com,23,0,3,1
techdatapark.com,23,0,6,1
techjournal.org,23,0,1,1
techspace.co.th,23,0,3,1
techtricksworld.com,23,0,1,1
techwiseinsider.com,23,0,1,1
tekimobile.com,23,0,4,1
telemundocc.com,23,0,1,1
teraview.com,23,0,6,1
texasvintageshopper.com,23,0,3,1
tezhost.com,23,0,1,1
tgsus.com,23,0,6,1
the-parallax.com,23,0,2,1
theadleaf.com,23,0,1,1
theauthenticmarketer.com,23,0,1,1
thebriefingroom.com,23,0,1,1
thedivinemagazine.com,23,0,1,1
theemailcopywriter.com,23,0,6,1
thehubco.live,23,0,1,1
themedev.net,23,0,7,1
themefic.com,23,0,4,1
themeinwp.com,23,0,1,1
themeruby.com,23,0,2,1
themesvila.com,23,0,7,1
thenoodlemagazine.net,23,0,1,1
thesmithprahran.com.au,23,0,2,1
thestrive.co,23,0,1,1
thetarareid.com,23,0,1,1
thetimesofbengal.com,23,0,7,1
thriveability.co.uk,23,0,1,1
tianpan.co,23,0,6,1
timber.github.io,23,0,1,1
time2book.me,23,0,2,1
tlwastoria.com,23,0,1,1
topcv.fr,23,0,4,1
tophebergeur.com,23,0,9,1
torontosketchfest.com,23,0,12,1
tourkick.com,23,0,3,1
tourprosser.com,23,0,6,1
trewknowledge.com,23,0,2,1
tripleco.com,23,0,1,1
trotarizona.org,23,0,18,1
truehost.cloud,23,0,3,1
truehost.com,23,0,9,1
tutopress.co,23,0,3,1
tuyadigital.com,23,0,2,1
twelverays.agency,23,0,2,1
twkumc.org,23,0,2,1
twogether-digital.co.uk,23,0,1,1
typerocket.com,23,0,1,1
tysongroup.com,23,0,2,1
umayajans.com,23,0,1,1
uncadeau.com,23,0,1,1
undecided.tech,23,0,1,1
under.io,23,0,1,1
unigui.com,23,0,3,1
united-consult.hu,23,0,1,1
unlimitedwp.com,23,0,2,1
unptittrucenplus.org,23,0,1,1
unrealitymag.com,23,0,1,1
upinc.co,23,0,1,1
uplinkspyder.com,23,0,2,1
usastreams.com,23,0,2,1
useit.es,23,0,4,1
userboost.co.uk,23,0,2,1
uwswpa.org,23,0,2,1
uxconnections.com,23,0,1,1
uxify.com,23,0,3,1
vawsum.com,23,0,3,1
veebihai.ee,23,0,1,1
verkkoasema.fi,23,0,1,1
vervotech.com,23,0,2,1
vfast.org,23,0,1,1
visualcompublications.es,23,0,2,1
vsourz.com,23,0,1,1
w3j.com,23,0,1,1
waction.org,23,0,3,1
wadedigital.co.uk,23,0,1,1
walloniedesign.be,23,0,6,1
walrathrecruiting.com,23,0,4,1
watchful.net,23,0,2,1
waytoidea.com,23,0,4,1
wearedistributed.org,23,0,2,1
wearethunderbolt.com,23,0,4,1
weavertheme.com,23,0,3,1
webaloha.co,23,0,1,1
webbureau.dk,23,0,11,1
webdesigndev.com,23,0,63,1
webential.com,23,0,1,1
webgaku.net,23,0,3,1
webmix.nl,23,0,3,1
webpopdesign.com,23,0,1,1
webtech360.com,23,0,1,1
webwinkelsucces.nl,23,0,2,1
wekyo.com,23,0,1,1
wellspringdigital.com,23,0,1,1
wenovio.com,23,0,1,1
whatsthehost.com,23,0,10,1
wholesalehunch.com,23,0,1,1
wicket.io,23,0,1,1
wirebox.co.uk,23,0,1,1
withemes.com,23,0,1,1
wittysparks.com,23,0,31,1
wivesofthearmedforces.com,23,0,1,1
wn.se,23,0,6,1
wolpersweb.de,23,0,2,1
woocommerce.pl,23,0,1,1
wp-content.co,23,0,156,1
wp-ok.it,23,0,3,1
wp-packages.org,23,0,36448,1
wpbingosite.com,23,0,2,1
wpblogging101.com,23,0,1,1
wpestate.org,23,0,11,1
wpfounders.com,23,0,32,1
wpglossary.net,23,0,124,1
wpindigo.com,23,0,2,1
wpion.com,23,0,3,1
wplms.io,23,0,6,1
wppourlesnuls.com,23,0,4,1
wpreviewslider.com,23,0,2,1
wpsolr.com,23,0,1,1
wpwax.com,23,0,7,1
wpwebsitehelp.com,23,0,5,1
wpzita.com,23,0,27,1
xdc.dev,23,0,1,1
xia-gibbs.org,23,0,5,1
xploited.media,23,0,1,1
xprinta.com,23,0,4,1
yellow.systems,23,0,1,1
yesweblog.fr,23,0,4,1
yotako.io,23,0,1,1
zeroin.me,23,0,1,1
zmingcx.com,23,0,1,1
zukeran.org,23,0,1,1
10xerp.com,22,0,1,1
2hatslogic.com,22,0,3,1
3sixfive.co.uk,22,0,4,1
42works.net,22,0,1,1
4knn.tv,22,0,2,1
60secondmarketer.com,22,0,2,1
6pages.com,22,0,1,1
855gotclog.com,22,0,2,1
8therate.com,22,0,1,1
9hunters.com,22,0,4,1
a-fresh.website,22,0,2,1
a1.gallery,22,0,204,1
accelitymarketing.com,22,0,7,1
aceessay.ai,22,0,2,1
acumaxindex.com,22,0,1,1
acumium.com,22,0,1,1
adhomecreative.com,22,0,1,1
adminlaw.org.uk,22,0,2,1
ads.id,22,0,1,1
adultsitebroker.com,22,0,1,1
adworldmasters.com,22,0,1,1
afu-base.de,22,0,1,1
agence-wix.com,22,0,1,1
aijet.cc,22,0,8,1
airheadtoilet.com,22,0,12,1
akademeia.info,22,0,1,1
albadrsystems.com,22,0,2,1
alerty.ai,22,0,2,1
algoteque.com,22,0,1,1
alphadev.it,22,0,1,1
altapps.net,22,0,149,1
amacs.com,22,0,12,1
amplusagency.com,22,0,1,1
analyticodigital.com,22,0,1,1
and-ha.com,22,0,2,1
andreasjohanssonux.se,22,0,5,1
andreicismaru.ro,22,0,1,1
androidblog.it,22,0,1,1
angelusenespanol.com,22,0,3,1
aniworld.info,22,0,2,1
annelandmanblog.com,22,0,6,1
annemieverbeke.be,22,0,8,1
antibody.tv,22,0,12,1
anunaadlife.com,22,0,1,1
aonflow.com,22,0,2,1
apfellike.com,22,0,1,1
apitally.io,22,0,2,1
apollo-solutions.com,22,0,1,1
apollo13themes.com,22,0,10,1
appicsoftwares.com,22,0,1,1
aprilford.com,22,0,1,1
arborilogical.com,22,0,2,1
arcobalenollc.com,22,0,6,1
aretis.ch,22,0,1,1
argalis.fr,22,0,2,1
artiestennieuws.nl,22,0,22,1
asbresources.com,22,0,1,1
aspireresearchgroup.com,22,0,2,1
athome.fr,22,0,2,1
atomicsmash.co.uk,22,0,11,1
auq.io,22,0,3,1
aurorastudio.fr,22,0,1,1
autom8.com,22,0,6,1
automarticles.com,22,0,2,1
auxanoglobalservices.com,22,0,1,1
avalpardakht.com,22,0,1,1
aviontechnology.net,22,0,6,1
awesomerank.github.io,22,0,2,1
awork.dk,22,0,1,1
axonn.co.uk,22,0,1,1
backlinkmonitor.com,22,0,1,1
backlinks.pk,22,0,1,1
badt.org.uk,22,0,12,1
bahiaverdade.com.br,22,0,4,1
bainsight.com,22,0,9,1
balita.com,22,0,2,1
bambooagile.eu,22,0,3,1
bayelsawatch.com,22,0,1,1
bcsrc.ca,22,0,12,1
beautifulpress.net,22,0,3,1
beckylord.co.uk,22,0,1,1
belgian-navy.be,22,0,1,1
benguonline.com,22,0,5,1
bestfriendsanimalhospital.com,22,0,12,1
bezbedanbalkan.net,22,0,8,1
bibliocrunch.com,22,0,18,1
binaryblue.co.uk,22,0,1,1
binn.ru,22,0,1,1
bionicwp.com,22,0,3,1
bitninja.io,22,0,6,1
blaettler-holzbau.ch,22,0,6,1
blend.travel,22,0,1,1
blendinteractive.com,22,0,1,1
blockagency.co,22,0,1,1
bloggingbeats.com,22,0,5,1
blogkoo.com,22,0,152,1
blogocial.com,22,0,696,1
bloguers.net,22,0,1,1
blott.com,22,0,2,1
blucactus.com.mx,22,0,8,1
bluechp.com.au,22,0,6,1
bohr.io,22,0,1,1
boomerangme.cards,22,0,1,1
boostit.com.au,22,0,1,1
brace.co.uk,22,0,1,1
brainiacmedia.net,22,0,1,1
bramework.com,22,0,2,1
brandafy.com,22,0,1,1
brandco.com,22,0,6,1
brandcrock.com,22,0,2,1
brandwerk-digital.com,22,0,1,1
bridgeteams.com,22,0,1,1
britishretro.co.uk,22,0,6,1
broscorp.net,22,0,1,1
brouo.com,22,0,1,1
buffalosoldiersdigital.com,22,0,2,1
builtbyworkhorse.com,22,0,1,1
bulbapp.io,22,0,4,1
bulkpricedfoodshoppe.com,22,0,6,1
burstdgtl.com,22,0,2,1
businessingmag.com,22,0,1,1
businesspartnermagazine.com,22,0,2,1
buyco.com.br,22,0,1,1
buzzbold.com,22,0,1,1
c2i-revision.fr,22,0,1,1
callbox.com.sg,22,0,1,1
calliaweb.co.uk,22,0,1,1
camillesprimaryideas.com,22,0,1,1
campfire-company.com,22,0,1,1
capricare.fr,22,0,2,1
carder.market,22,0,30,1
careertrainer.ai,22,0,1,1
cartmango.com,22,0,2,1
caveni.com,22,0,1,1
cfe.dev,22,0,1,1
cgsonline.org,22,0,15,1
chaesi-girenbad.ch,22,0,12,1
champion.be,22,0,8,1
changecreator.com,22,0,6,1
chaveshvac.com,22,0,6,1
chetaru.com,22,0,34,1
chicken.or.kr,22,0,4,1
chiilabo.com,22,0,1,1
chinaunix.net,22,0,1,1
classx.org,22,0,3,1
cleanplatepictures.com,22,0,1,1
cleed.ai,22,0,2,1
cleverstory.io,22,0,1,1
clickcreative.com.au,22,0,1,1
cloudahead.de,22,0,1,1
cloudpages.cloud,22,0,2,1
clustox.com,22,0,2,1
coalhurst.ca,22,0,3,1
codemastersinc.com,22,0,1,1
codexpert.io,22,0,3,1
cointelegraph.it,22,0,1,1
collectivecollection.co.il,22,0,2,1
colourinvasion.pt,22,0,6,1
combibreed.de,22,0,2,1
combibreed.es,22,0,2,1
commerce-cambodia.com,22,0,34,1
committedadvisors.com,22,0,1,1
compkaluga.ru,22,0,4,1
complain.biz,22,0,2,1
conejovalleyguy.com,22,0,2,1
conletragrande.cl,22,0,1,1
connectionmodel.com,22,0,1,1
connections-pro.com,22,0,5,1
conversioncopyco.com,22,0,1,1
cooperaitken.co.nz,22,0,2,1
cosmo-games.com,22,0,1,1
cosmonauts.biz,22,0,1,1
cotocus.com,22,0,3,1
craob.com,22,0,4,1
craresources.com,22,0,5,1
crazydomains.ae,22,0,1,1
crazydomains.ph,22,0,1,1
creativecoffees.com,22,0,6,1
crosspeaksoftware.com,22,0,5,1
cru.io,22,0,3,1
csfy.ca,22,0,3,1
cubic.id,22,0,8,1
culturefoundry.com,22,0,1,1
cweb.com,22,0,2,1
cybernaira.com,22,0,40,1
cydeo.com,22,0,1,1
daglar-cizmeci.com,22,0,2,1
dail.es,22,0,1,1
dandeutschopticaloutlook.com,22,0,2,1
danielfarias.net.br,22,0,1,1
datafeedwatch.de,22,0,1,1
datafeedwatch.it,22,0,1,1
datamaze.it,22,0,1,1
datelikeagrownup.com,22,0,2,1
davidmartindesign.com,22,0,17,1
dcastalia.com,22,0,1,1
dcri.gov.co,22,0,95,1
de-vitrine.be,22,0,7,1
decodagecom.be,22,0,4,1
deepidoo.com,22,0,6,1
definitions-digital.com,22,0,3,1
definityfirst.com,22,0,1,1
defis.info,22,0,1,1
deltavdigital.com,22,0,2,1
designcart.pl,22,0,1,1
designcomcafe.com.br,22,0,1,1
destakjornal.com.br,22,0,1,1
develtio.com,22,0,2,1
devresourc.es,22,0,4,1
devtorium.com,22,0,20,1
deyblog.ir,22,0,1,1
dichvuseohot.com,22,0,2,1
digidaad.nl,22,0,3,1
digikliqinfotech.com,22,0,3,1
digitaalhulpplein.nl,22,0,1,1
digitaleer.com,22,0,1,1
digitalmag.ci,22,0,1,1
digitalmarketingtrends.in,22,0,1,1
digitrio.com.sg,22,0,1,1
divibooster.com,22,0,1,1
docswrite.com,22,0,24,1
domaineye.com,22,0,1,1
domainfragen.de,22,0,1,1
domaingang.com,22,0,1,1
dothewoo.io,22,0,1,1
dream-theme.com,22,0,2,1
dreamlogodesign.com,22,0,1,1
driveyou.ie,22,0,3,1
dubdesign.net,22,0,2,1
duret-paris.com,22,0,3,1
dynamicdigitalsolutions.com.au,22,0,1,1
eastleake-ac.org.uk,22,0,2,1
eatsleepbreathefi.com,22,0,1,1
ebus.ca,22,0,6,1
eclat-digital.com,22,0,1,1
ehmac.ca,22,0,1,1
eicra.com,22,0,1,1
ekiwi.de,22,0,2,1
elasticpress.io,22,0,1,1
elearningevolve.com,22,0,1,1
eliasgomez.pro,22,0,2,1
elumynt.com,22,0,4,1
elvikom.pl,22,0,35,1
emailsearch.io,22,0,1,1
emeraldresourcegroup.com,22,0,1,1
empowerdevelopment.co.uk,22,0,1,1
ennis-chamber.com,22,0,2,1
enosix.com,22,0,1,1
enriel.com,22,0,3,1
enteros.com,22,0,2,1
envox.com.br,22,0,2,1
era.dk,22,0,1,1
estudiopatagon.com,22,0,1,1
eux.com.au,22,0,117,1
evans-crittens.com,22,0,1,1
everconvert.com,22,0,1,1
eviblu.it,22,0,1,1
exakat.io,22,0,1,1
exmachina-movie.jp,22,0,1,1
experics.de,22,0,1,1
experiencetheride.com,22,0,105,1
f60host.com,22,0,1,1
facileway.com,22,0,4,1
factory.dev,22,0,3,1
fairyblogmother.co.uk,22,0,1,1
fantasticit.com,22,0,1,1
farhanasultana.com,22,0,2,1
faun.dev,22,0,4,1
faverie.com,22,0,2,1
fenj.nl,22,0,247,1
fewandfar.io,22,0,1,1
ffperformance.co,22,0,2,1
finansnytt.se,22,0,1,1
findbestfirms.com,22,0,3,1
fireapps.io,22,0,1,1
fitfabfodmap.com,22,0,1,1
fitzpatrick-co.com,22,0,1,1
fitzysloganholme.com.au,22,0,2,1
fjorge.com,22,0,1,1
flavorright.com,22,0,14,1
floridawaterstar.com,22,0,12,1
flygenesis.ca,22,0,12,1
fnaseph.org,22,0,1,1
focuspluscph.com,22,0,5,1
forcor.com.ar,22,0,3,1
foreignerds.com,22,0,8,1
forpressrelease.com,22,0,4,1
forsyth-monroechamber.com,22,0,1,1
fortemarketing.com.au,22,0,1,1
fortwilderness.com,22,0,2,1
fr-techteam.com,22,0,1,1
france-sav.fr,22,0,1,1
freelancedev.it,22,0,13,1
freelancer-florian.de,22,0,2,1
freshtechtips.com,22,0,3,1
frog-pod.com,22,0,4,1
frontendfoc.us,22,0,2,1
frontendnation.com,22,0,1,1
frontl1ne.net,22,0,2,1
ftaccelerator.it,22,0,1,1
ftf.co,22,0,1,1
fuelyourphotos.com,22,0,1,1
full-design.com,22,0,699,1
gajadistribuzione.it,22,0,2,1
gardainformatica.it,22,0,1,1
gardanotizie.it,22,0,1,1
garysgotit.com,22,0,1092,1
gateway.web.tr,22,0,3,1
genelockwoods.com,22,0,12,1
getcyber.me,22,0,1,1
getellipsis.com,22,0,2,1
getfoundmadison.com,22,0,1,1
getoto.net,22,0,30,1
gingerscraps.net,22,0,1,1
glaciermediadigital.ca,22,0,1,1
glcdelivers.com,22,0,1,1
godbeycreekcaninerescue.org,22,0,6,1
godsc.co.kr,22,0,20,1
goedvinden.com,22,0,10,1
goodnewsmags.com,22,0,2,1
gorillawebtactics.com,22,0,1,1
gp-training.net,22,0,12,1
gradientgroup.com,22,0,1,1
graffette.net,22,0,1,1
graphics-unleashed.com,22,0,8,1
gravityinternet.net,22,0,1,1
greatbigdigitalagency.com,22,0,1,1
greatpixel.it,22,0,4,1
greenweb.org,22,0,5452,1
grouglobal.com,22,0,1,1
groupbuyseotools.net,22,0,1,1
growann.com,22,0,1,1
growingsales.com,22,0,1,1
growthitect.com,22,0,2,1
guias.travel,22,0,6,1
h-deb.ca,22,0,4,1
hamimit.com,22,0,1,1
hampsteadfinearts.com,22,0,6,1
happiom.com,22,0,1,1
hayde.co.il,22,0,1,1
hazercloud.com,22,0,2,1
hearmefolks.com,22,0,2,1
heartcomms.com.au,22,0,3,1
hit.hr,22,0,2,1
hostdime.com.mx,22,0,2,1
hotel-lemaury.com,22,0,1,1
hrmconsulting.net,22,0,1,1
huongnghiepsongan.com,22,0,1,1
hyperflite.com,22,0,6,1
i2ctech.com,22,0,1,1
ibeuk.org,22,0,2,1
ibtdi.com,22,0,3,1
icam-web.org,22,0,180,1
ictteachersug.net,22,0,4,1
iesgp.com,22,0,1,1
igomoon.com,22,0,2,1
ijao.in,22,0,1,1
im-io.de,22,0,3,1
imagefix.co.uk,22,0,1,1
imginternet.com,22,0,4,1
immersivelab.fr,22,0,1,1
imparaqui.it,22,0,15,1
imperium.social,22,0,1,1
improveandgrow.com,22,0,1,1
inblog.io,22,0,2,1
incubaweb.com,22,0,2,1
indianaminoritybusinessmagazine.com,22,0,58,1
ingesaez.es,22,0,8,1
initiolearning.org,22,0,1,1
inkstory.gr,22,0,1,1
insieme-split.com,22,0,2,1
instantshift.com,22,0,5,1
internetdevels.com,22,0,1,1
internetpost.it,22,0,2,1
invidelabs.com,22,0,3,1
inviewimaging.com,22,0,603,1
invoice.ng,22,0,1,1
is2digital.com,22,0,1,1
itnetwork.sk,22,0,4,1
itsit.es,22,0,2,1
ivetriedthat.com,22,0,3,1
iwelt.de,22,0,1,1
jacobmartella.com,22,0,4,1
jane-anderson.com.au,22,0,1,1
jkc-media.nl,22,0,4,1
jmlapp.com,22,0,6,1
jomacltd.com,22,0,1,1
jonytips.com,22,0,26,1
joshkern.co,22,0,1,1
journalift.org,22,0,7,1
journalismliberty.org,22,0,1,1
jovvie.com,22,0,1,1
jster.net,22,0,1,1
jugomobile.com,22,0,1,1
justwebworld.com,22,0,5,1
juvo.ie,22,0,1,1
kalamuna.com,22,0,1,1
kappa.cl,22,0,2,1
kassiesa.nl,22,0,14,1
kawa.ac.ug,22,0,1,1
kazuhi.to,22,0,5,1
kevdees.com,22,0,3,1
keyholemarketing.us,22,0,2,1
keymedium.com,22,0,2,1
keywordly.ai,22,0,2,1
kinsta.page,22,0,2,1
kitchhike.com,22,0,1,1
kiwicreative.net,22,0,6,1
kiwiwebsitedesign.nz,22,0,1,1
kliping.rs,22,0,1,1
kofetime.com,22,0,3,1
kompasoutdoor.nl,22,0,6,1
kopfstand-web.de,22,0,1,1
kourentzes.com,22,0,60,1
kreiglaw.com,22,0,6,1
lagottosearch.se,22,0,1,1
lanetteam.com,22,0,2,1
langueonze.com,22,0,4,1
lanzatu.blog,22,0,19,1
lauyan.com,22,0,1,1
lawseo.com,22,0,2,1
laytheme.com,22,0,4,1
le-consultant-digital.com,22,0,1,1
leadboxhq.com,22,0,1,1
leadershipstorylab.com,22,0,1,1
leafphp.dev,22,0,2,1
lefranco.ab.ca,22,0,13,1
lemone.com,22,0,1,1
ligermarketing.com,22,0,1,1
lightspandigital.com,22,0,1,1
linux-club.de,22,0,1,1
lipsandskin.de,22,0,6,1
listed.to,22,0,1,1
livinglightlyinireland.com,22,0,3,1
localbizguru.com,22,0,2,1
loneoakfbc.org,22,0,6,1
loopwebdesign.com.au,22,0,1,1
loremnotipsum.com,22,0,14,1
lsh.ie,22,0,1,1
lughstudio.com,22,0,8,1
macroplastic.com,22,0,4,1
made2grow.de,22,0,1,1
magicbox.tools,22,0,28,1
magiclesson.biz,22,0,2,1
mails.ai,22,0,3,1
maloto.org,22,0,6,1
mangoinnovation.com,22,0,1,1
mangoitsolutions.com,22,0,2,1
mapleavenuefamilydentistry.com,22,0,2,1
markcz.com,22,0,1,1
marketingbyali.com,22,0,16,1
marketingessentialslab.com,22,0,1,1
marketingguru.io,22,0,5,1
marketingsquare.fr,22,0,1,1
markmadsen.com,22,0,6,1
marriner.com,22,0,1,1
matchcollege.com,22,0,4,1
mateada.com,22,0,1,1
mbmedien.group,22,0,1,1
mediaheroes.com.au,22,0,2,1
medicaex.com,22,0,6,1
menseek.eu,22,0,1,1
mentalitch.com,22,0,1,1
metehanyilmaz.com.tr,22,0,1,1
mguhlin.org,22,0,1,1
mihaelcacic.com,22,0,1,1
mindcentric.com,22,0,2,1
mom-neuroscience.com,22,0,15,1
montereypremier.com,22,0,2,1
motherlandmusic.com,22,0,64,1
motolith.com,22,0,2,1
mountainise.com,22,0,1,1
mountainmojogroup.com,22,0,1,1
mreach.com,22,0,1,1
multimediaxis.de,22,0,1,1
mut-con.co.za,22,0,1,1
narativ.com,22,0,6,1
naturalstonetiles.com.au,22,0,6,1
naturesrancher.com,22,0,6,1
neotel.com.br,22,0,1,1
nerade.com,22,0,5,1
neurodiversityprideday.com,22,0,435,1
newalbanysymphony.com,22,0,6,1
newzealandcasinos.nz,22,0,2,1
nextpathcp.com,22,0,2,1
nexxacorporates.com,22,0,3,1
nicasiodesign.com,22,0,1,1
nicolavonsenger.com,22,0,2,1
nidux.com,22,0,2,1
nishakatona.com,22,0,6,1
nmi.cool,22,0,16,1
noblewebworks.com,22,0,1,1
noltspower.com,22,0,2,1
nonnerie.nl,22,0,21,1
nooshu.com,22,0,2,1
norasudduth.com,22,0,1,1
northcoastsbdc.org,22,0,2,1
notchsolutions.com,22,0,2,1
notebookingpages.com,22,0,6,1
noticias.ltda,22,0,1,1
novashare.io,22,0,5,1
nowbrains.com,22,0,2,1
npm-compare.com,22,0,1,1
odenth.com,22,0,1,1
offi.dk,22,0,4,1
offthechartsinn.com,22,0,12,1
ohfb.com,22,0,34,1
om-conseil.fr,22,0,1,1
omahacs.com,22,0,1,1
omniservices.com,22,0,1,1
onlineadvantages.net,22,0,1,1
opportunitynetwork.com,22,0,2,1
optiblack.com,22,0,1,1
optsy.com,22,0,1,1
opx.studio,22,0,1,1
orbitis.fr,22,0,5,1
orbitlocal.com,22,0,7,1
orioly.com,22,0,2,1
oxsecurities.com,22,0,2,1
palestrasdesucesso.com.br,22,0,1,1
paoes.org,22,0,22,1
paperlined.org,22,0,1,1
pbintegracoes.com,22,0,1,1
pemmzchannel.com,22,0,1,1
penntwplanco.org,22,0,5,1
peoplepossession.com,22,0,1,1
peraltadesign.com,22,0,1,1
personeelstool.nl,22,0,2,1
perzonalization.com,22,0,1,1
phpweekly.com,22,0,279,1
pivale.co,22,0,1,1
pixelsz.nl,22,0,1,1
pixesia.com,22,0,2,1
plustag.com.br,22,0,1,1
pocketlab.com.br,22,0,1,1
pointblog.net,22,0,721,1
portsmouthfabric.com,22,0,12,1
postaffiliatepro.hu,22,0,1,1
postaffiliatepro.it,22,0,1,1
pourpasunrond.fr,22,0,2,1
premmerce.com,22,0,1,1
pricingsaas.com,22,0,1,1
procapacidad.org,22,0,1,1
programacion.net,22,0,10,1
prometei.de,22,0,1,1
proofdigital.com,22,0,2,1
proofjump.com,22,0,2,1
provetel.com.ar,22,0,2,1
pulseplaydigital.com,22,0,1,1
pumpitupmagazine.com,22,0,1,1
q4intel.com,22,0,1,1
qobrix.com,22,0,1,1
qtsolv.com,22,0,1,1
quantum.gr,22,0,1,1
quicklyhire.com,22,0,2,1
quokkalabs.com,22,0,1,1
rainmakerdigital.com,22,0,1,1
rankit.fr,22,0,1,1
rask-cykler.dk,22,0,2,1
ravennainteractive.com,22,0,1,1
receiptmakerly.com,22,0,1,1
recruitingblogs.com,22,0,4,1
reliqus.com,22,0,2,1
remoteafrica.io,22,0,12,1
reviewsignal.com,22,0,32,1
rgdesign.fr,22,0,1,1
rgf.be,22,0,3,1
rhjn-obgyn.com,22,0,3,1
rhymeandreasondesign.com,22,0,1,1
rise.company,22,0,3,1
riweb.uk,22,0,1,1
rmmindia.com,22,0,1,1
rmspos.co.uk,22,0,2,1
robert-leitinger.com,22,0,1,1
rockbitegames.com,22,0,1,1
roocket.ir,22,0,8,1
roofel.com,22,0,1,1
rspress.rs,22,0,12,1
rvii.com,22,0,6,1
rwelephant.com,22,0,2,1
salesforceeurope.com,22,0,1,1
salsa.digital,22,0,2,1
samluce.com,22,0,6,1
sarumhallschool.co.uk,22,0,6,1
satellitewp.com,22,0,10,1
schaapontwerpers.nl,22,0,2,1
scifinet.org,22,0,1,1
scrippsranchnews.com,22,0,1,1
se-education.org,22,0,2,1
sebomarketing.com,22,0,4,1
seghettipanichi.it,22,0,6,1
semalytix.com,22,0,1,1
sendigram.com,22,0,1,1
sensors.nl,22,0,2,1
seoagentur-hamburg.com,22,0,2,1
seoconsultants.com,22,0,4,1
seomotionz.com,22,0,8,1
seoradar.com,22,0,1,1
seowind.io,22,0,2,1
serendipityint.co.uk,22,0,2,1
serphouse.com,22,0,1,1
serversupportforum.de,22,0,5,1
servicekungen.se,22,0,1,1
sfwpexperts.com,22,0,2,1
shanks.com,22,0,12,1
shiftplatform.tv,22,0,1,1
shopline.sg,22,0,1,1
since1979.dev,22,0,4,1
slackware.nl,22,0,1,1
sleekwebdesigns.com,22,0,1,1
smashnotes.com,22,0,5,1
so36.net,22,0,2,1
social-dna.de,22,0,3,1
social4retail.com,22,0,1,1
socialbarrel.com,22,0,1,1
socialcubicle.com,22,0,1,1
socialspike.ca,22,0,2,1
soluzionecomputer.it,22,0,1,1
solwey.com,22,0,1,1
somgastronomia.cat,22,0,2,1
sonsoflibertymedia.com,22,0,1,1
soratobunezumi.co.jp,22,0,1,1
soulshoppe.org,22,0,6,1
southmountainpartnership.org,22,0,12,1
soylentnews.org,22,0,4,1
sparkeddigital.ca,22,0,2,1
sparklight.net,22,0,1,1
sponsorgap.com,22,0,2,1
spotlightrecruitment.com,22,0,4,1
sprout24.com,22,0,22,1
sprouts.ai,22,0,1,1
sqorebda3.com,22,0,2,1
squareeye.com,22,0,12,1
squareoffs.com,22,0,1,1
startupintros.com,22,0,3,1
stellarprojects.fr,22,0,2,1
stephenwalters.co.uk,22,0,6,1
stewartgauld.com,22,0,8,1
stijlbreuk.nl,22,0,1,1
stilhavn.com,22,0,2,1
stjamesdenver.org,22,0,6,1
stmartinschamberchoir.org,22,0,12,1
stmh.co.uk,22,0,6,1
stogiesworldclasscigars.com,22,0,20,1
story.cv,22,0,1,1
stoutewebsolutions.com,22,0,4,1
strong.digital,22,0,1,1
stuartkerrs.com,22,0,8,1
studioweb.bg,22,0,1,1
summit.school,22,0,30,1
summitbasementco.com,22,0,1,1
sunmaze.ca,22,0,6,1
sunstarmotor.com,22,0,2,1
sustainabilitynext.in,22,0,1,1
sveltethemes.dev,22,0,4,1
swimme.it,22,0,3,1
switas.com,22,0,6,1
switchupcb.com,22,0,3,1
syndicate.marketing,22,0,1,1
sytian-productions.com,22,0,1,1
tableberg.com,22,0,18,1
taller.net.br,22,0,2,1
tamb.net,22,0,3,1
tappnetwork.com,22,0,1,1
tapsell.ir,22,0,2,1
taskvirtual.com,22,0,1,1
taylorgascompany.com,22,0,6,1
tbdmarketing.co.uk,22,0,1,1
techbear.com,22,0,1,1
techjobs.ca,22,0,2,1
technerds.com,22,0,1,1
technomedia.org,22,0,2,1
tecsify.com,22,0,1,1
telegram-site.com,22,0,1,1
tely.ai,22,0,20,1
temoinsdejehovah.org,22,0,2,1
terrayn.com,22,0,1,1
terris.sg,22,0,1,1
texal.jp,22,0,2,1
thearorareport.com,22,0,12,1
thedigitallifestyle.com,22,0,1,1
thefocusindia.com,22,0,38,1
theformtool.com,22,0,2,1
thefrisky.com,22,0,4,1
theholler.org,22,0,2,1
themissionhr.com,22,0,1,1
thisisvisceral.com,22,0,2,1
thrinacia.com,22,0,2,1
thumbpress.co,22,0,2,1
timeandupdate.com,22,0,1,1
tk-create.com,22,0,2,1
tkinternetmarketing.com,22,0,1,1
tonmagazine.nl,22,0,2,1
totallystockholm.se,22,0,1,1
tradiedigital.co,22,0,3,1
transfergratis.com,22,0,2,1
tremhost.com,22,0,3,1
tulipemedia.com,22,0,28,1
twentyfour.dk,22,0,2,1
ucptt.com,22,0,1,1
ufficiozero.org,22,0,18,1
ulcs.com,22,0,12,1
ultrapress.de,22,0,3,1
unityhomes.com,22,0,57,1
up2place.com.br,22,0,1,1
upsweptcreative.com,22,0,1,1
utubeonline.com,22,0,6,1
valencynetworks.com,22,0,2,1
valleydao.bio,22,0,18,1
vantagep.com,22,0,1,1
vaultoro.com,22,0,9,1
vdrj.de,22,0,1,1
venaas.no,22,0,1,1
veracitysolutions.com,22,0,2,1
verbat.com,22,0,1,1
vertexsms.com,22,0,1,1
veteranshousecanada.ca,22,0,2,1
veuhoff.net,22,0,1,1
vg7.it,22,0,55,1
victorduse.com,22,0,1,1
videnglobe.com,22,0,2,1
viralspy.io,22,0,1,1
virtualassistanttalent.com,22,0,1,1
virtualcomputing.nl,22,0,12,1
virtueelpresent.nl,22,0,1,1
viry.cz,22,0,2,1
visionvix.com,22,0,1,1
visualportfolio.com,22,0,1,1
vitaminaweb.digital,22,0,3,1
vladtalkstech.com,22,0,1,1
vluchtinfo.nl,22,0,22,1
vuejs.press,22,0,7,1
vulgarisation-informatique.com,22,0,1,1
vulse.co,22,0,1,1
wakawakawinereviews.com,22,0,1,1
wallmanderco.se,22,0,6,1
wanderersways.com,22,0,1,1
warketingdigital.net,22,0,2,1
warpdriven.ai,22,0,7,1
wbce.org,22,0,1,1
web-atrio.com,22,0,2,1
webanalyste.com,22,0,2,1
webbax.ch,22,0,1,1
webberzone.com,22,0,10,1
webcami.com,22,0,1,1
webdesignandmarketing.co.uk,22,0,1,1
webforumet.no,22,0,3,1
webhostingcentrum.cz,22,0,1,1
webhostingforstudents.com,22,0,2,1
webkima.com,22,0,6,1
websi.com,22,0,2,1
websitehosting.com,22,0,1,1
websitepromoters.com,22,0,6,1
websnoogie.com,22,0,4,1
websparks.sg,22,0,4,1
wecanmag.com,22,0,3,1
wedoweb.com,22,0,1,1
weplugins.com,22,0,3,1
werbe-markt.de,22,0,1,1
westparkcom.net,22,0,1,1
wgm8.com,22,0,6,1
whitestudio.team,22,0,6,1
whitetruffle.com,22,0,1,1
whooshpro.com,22,0,1,1
widgetbox.com,22,0,1,1
wierook.nl,22,0,20,1
windframe.dev,22,0,1,1
winfuture-forum.de,22,0,3,1
winkel.net,22,0,6,1
wiqqi.de,22,0,8,1
witdelivers.com,22,0,10,1
withinwp.com,22,0,33,1
wmkagency.com,22,0,1,1
woculus.com,22,0,1,1
womenapplyingai.com,22,0,5,1
woovina.com,22,0,2,1
wordpress.co.ua,22,0,5,1
worldblogged.com,22,0,163,1
wowlabz.com,22,0,1,1
wp-doctor.jp,22,0,1,1
wp-glogin.com,22,0,3,1
wp-tweaks.com,22,0,14,1
wpbuilderaddons.com,22,0,2,1
wpeka.com,22,0,25,1
wpmax.cz,22,0,1,1
wpminds.com,22,0,4,1
wprobo.com,22,0,2,1
wpsupportspecialists.com,22,0,9,1
writingguru.net,22,0,1,1
wsiworld.lat,22,0,1,1
xenoncorp.com,22,0,6,1
xigen.co.uk,22,0,2,1
xpressbio.com,22,0,6,1
yearlymagazine.com,22,0,1,1
yellowpeach.co.uk,22,0,1,1
yipl.com.np,22,0,1,1
yonfamilyfarms.com,22,0,6,1
yossilevi.co.il,22,0,1,1
youdo.blog,22,0,1,1
yoyofumedia.com,22,0,3,1
yrcharisma.com,22,0,1,1
yunikondesign.com,22,0,1,1
zeguro.com,22,0,1,1
zettahost.com,22,0,1,1
zomgcandy.com,22,0,1,1
zplatform.ai,22,0,1,1
1079vgs.com,21,0,1,1
12bet.net,21,0,1,1
1boldstep.com,21,0,1,1
1eightydigital.com,21,0,1,1
2fasvg.github.io,21,0,1,1
365digital.de,21,0,1,1
4seohelp.com,21,0,1,1
85ideas.com,21,0,9,1
8figurefirm.com,21,0,1,1
aawp.de,21,0,3,1
abideinteriors.com.au,21,0,12,1
abijita.com,21,0,3,1
abm.at,21,0,1,1
aciah-linux.org,21,0,4,1
adeliarisk.com,21,0,2,1
afaik.de,21,0,21,1
affiliateheld.nl,21,0,4,1
affninja.io,21,0,1,1
afftank.com,21,0,3,1
afily.com.br,21,0,1,1
agence-kn.fr,21,0,2,1
agenceopenweb.be,21,0,2,1
agencyboon.com,21,0,6,1
aguriworld.co.uk,21,0,4,1
aimtal.com,21,0,1,1
akril.net,21,0,2,1
akustiks.com,21,0,6,1
akuyan.to,21,0,1,1
alitur.org,21,0,4,1
alphacorp.fr,21,0,2,1
alsanit.nl,21,0,3,1
americanaccent.com,21,0,3,1
anaamelio.co,21,0,1,1
analyticsweek.com,21,0,1,1
and-marketing.com,21,0,1,1
andrechaperon.com,21,0,1,1
andriy.space,21,0,2,1
animation-ssp.com,21,0,3,1
apdigi.in,21,0,2,1
applabx.com,21,0,11,1
arahoster.com,21,0,2,1
ardentx.com,21,0,2,1
arielphenomenon.com,21,0,30,1
arminreiter.com,21,0,4,1
arphost.com,21,0,1,1
artes9.com,21,0,4,1
arthurmorganschool.org,21,0,6,1
asc-connections.com,21,0,1,1
astrologicalgem.com,21,0,6,1
atpeaz.com,21,0,2,1
authenticdigital.nz,21,0,1,1
autopagerank.com,21,0,208,1
avanteplasticsurgery.com,21,0,10,1
averagehiker.com,21,0,487,1
avidcyclist.com,21,0,6,1
avinashchandra.com,21,0,2,1
azqs.com,21,0,22,1
baseballbucketlist.com,21,0,16,1
bayiq.com,21,0,1,1
bbqsandoutdoor.com.au,21,0,2,1
bdsmtw.com,21,0,1,1
beantownmv.com,21,0,2,1
beccamitchell.co,21,0,2,1
beehosting.pro,21,0,3,1
beflash.de,21,0,2,1
benchrest.com,21,0,2,1
benrmatthews.com,21,0,1,1
bestblackhatforum.com,21,0,1452,1
bethlehemcenters.org,21,0,6,1
bigapplemedia.com,21,0,6,1
bigdatauniversity.com.br,21,0,3,1
bigfin.com,21,0,1,1
bigreddog.marketing,21,0,2,1
bigskyracks.com,21,0,6,1
block81.com,21,0,1,1
blogbright.net,21,0,3,1
bloggadores.com,21,0,1,1
blogit.nl,21,0,1,1
blogminds.com,21,0,177,1
bluearksolutions.com,21,0,1,1
bluedolphinswimschool.com,21,0,6,1
bluent.net,21,0,2,1
bobcloud.net,21,0,4,1
bodhipath.org,21,0,26,1
boggsinspect.com,21,0,6,1
bonnie-photo.com,21,0,1,1
bookl.ee,21,0,1,1
boom-online.co.uk,21,0,4,1
boostbery.com,21,0,1,1
boostedhost.com,21,0,2,1
bootcamprankings.com,21,0,1,1
bracketspace.com,21,0,1,1
brainpod.ai,21,0,54,1
breakthrough3x.com,21,0,1,1
breezyhillmarketing.com,21,0,1,1
brianli.com,21,0,32,1
bristol-website-design.co.uk,21,0,1,1
buddydev.com,21,0,28,1
buildinformed.com,21,0,2,1
businesstechafrica.co.za,21,0,1,1
byneskapolita.com,21,0,32,1
bytewerker.com,21,0,6,1
cakebakelove.nl,21,0,15,1
cakemail.ca,21,0,2,1
cany.org,21,0,6,1
capitalaspower.com,21,0,1,1
carlana.net,21,0,1,1
carllevincenter.org,21,0,2,1
carratu.com.br,21,0,1,1
caseris.de,21,0,1,1
cbdnationwide.com,21,0,1,1
cedarpetclinic.com,21,0,6,1
ceos.org.mx,21,0,2,1
chabadvienna.com,21,0,2,1
chaletsuisse-aruba.com,21,0,6,1
charlesgrechonline.com,21,0,6,1
chaussurerunning.fr,21,0,2,1
chinaaet.com,21,0,2,1
christchurchnyc.com,21,0,6,1
christopherjanb.com,21,0,1,1
cipit.org,21,0,2,1
circulatedigital.com,21,0,2,1
ciris.cl,21,0,2,1
citizens-news.com,21,0,2,1
clearpivot.com,21,0,1,1
clickalgo.com,21,0,1,1
climatechangejobs.com,21,0,2,1
cloudliving.com,21,0,2,1
cloudtools.nl,21,0,8,1
cloudys.com,21,0,2,1
clubcomputer.at,21,0,1,1
cm2media.ca,21,0,2,1
cocoon.agency,21,0,1,1
cocorograph.co,21,0,3,1
codarius.com,21,0,2,1
code23.com,21,0,3,1
codeastrology.com,21,0,1,1
codecondo.com,21,0,7,1
codenote.net,21,0,2,1
codepal.ai,21,0,2,1
codingbootcamps.io,21,0,3,1
codment.com,21,0,1,1
cohabit.fr,21,0,10,1
cointime.ai,21,0,2,1
coliquio-insights.de,21,0,1,1
commentouvrir.com,21,0,380,1
communicatto.com,21,0,5,1
connectyourworld.nl,21,0,27,1
connexion3.gr,21,0,1,1
conoytownship.org,21,0,34,1
consagous.co,21,0,1,1
consciouslifenews.com,21,0,1,1
contentmarketing.io,21,0,1,1
coreupdates.com,21,0,4,1
corytech.com,21,0,3,1
cosyns.be,21,0,8,1
couponsnake.com,21,0,220,1
couttsagency.com,21,0,1,1
crazyleafdesign.com,21,0,3,1
createtoday.io,21,0,1,1
creatingawebsitetoday.com,21,0,11,1
creativenerds.co.uk,21,0,41,1
crossproductions.co.uk,21,0,2,1
csdhi.org,21,0,6,1
cssnectar.com,21,0,35,1
csvgetter.com,21,0,1,1
ctsfishing.com,21,0,2,1
culturedigitali.eu,21,0,1,1
cybercashworldwide.com,21,0,1,1
cybersitter.com,21,0,1,1
cycoresecure.com,21,0,1,1
daccord.io,21,0,3,1
dadabik.com,21,0,1,1
dailybulletin.com.au,21,0,2,1
daneshkar.net,21,0,2,1
danielauener.com,21,0,28,1
datafeedwatch.nl,21,0,1,1
deepaksood619.github.io,21,0,2,1
defend2020.eu,21,0,1,1
defpen.com,21,0,294,1
deltait.nl,21,0,1,1
denox.es,21,0,1,1
design-culture.co.uk,21,0,1,1
deutschtime.de,21,0,3,1
dewiki.de,21,0,2,1
difento.dk,21,0,1,1
digiaccion.com,21,0,1,1
digialps.com,21,0,3,1
digitaldivisiongroup.com,21,0,1,1
digitalmarketingagency.sg,21,0,2,1
digitalmarketingskill.com,21,0,1,1
digitalmomentum.com,21,0,1,1
digitalnomadshk.com,21,0,1,1
digitaltriggers.io,21,0,2,1
distillerie-isle-de-france.fr,21,0,70,1
diversitycenterneo.org,21,0,2,1
divshare.com,21,0,1,1
doctemplates.net,21,0,1,1
dodenforindiana.com,21,0,1,1
dodotrail.com,21,0,4,1
dooh.ly,21,0,3,1
dossiermastenbroek.com,21,0,1,1
doubledome.com,21,0,1,1
dqt.co.uk,21,0,2,1
draftpress.com,21,0,2,1
dragdropr.com,21,0,4,1
drewl.com,21,0,1,1
drivn.today,21,0,36,1
drsofsmiles.com,21,0,6,1
dspot.si,21,0,1,1
dtptips.com,21,0,1,1
earlyshark.com,21,0,1,1
eatprotein.co.uk,21,0,1,1
eax.jp,21,0,2,1
ecogreenlove.com,21,0,2,1
ecommercemasterplan.com,21,0,1,1
edfundwest.org,21,0,6,1
edgararguello.com,21,0,1,1
edu.lat,21,0,1,1
educationise.com,21,0,4,1
efektivnejsie.sk,21,0,1,1
ehab.group,21,0,2,1
eighthats.com,21,0,2,1
eindtijdnieuws.com,21,0,3,1
einvestigator.com,21,0,4,1
eixsarria.com,21,0,2,1
ekosme.com,21,0,1,1
elmasys.com,21,0,2,1
endeavourheroes.nl,21,0,1,1
englishinaction.com,21,0,1,1
enricgomez.com,21,0,1,1
ensip.gitlab.io,21,0,1,1
enterprisezone.cc,21,0,1,1
eqm.com,21,0,12,1
ercule.co,21,0,2,1
espaces-numeriques.org,21,0,3,1
esport-tools.net,21,0,17,1
essential-blocks.com,21,0,2,1
ethersys.fr,21,0,2,1
everydayweb.co,21,0,4,1
exceleasy.com.br,21,0,1,1
extremeuncertainty.com,21,0,1,1
f1bc.com,21,0,11,1
facebookportraitproject.com,21,0,5,1
farmadventure.co.uk,21,0,6,1
faualumni.org,21,0,2,1
fazt.dev,21,0,1,1
fetchprofits.com,21,0,118,1
fidens.fr,21,0,1,1
filipposfragkogiannis.com,21,0,6,1
findstack.de,21,0,1,1
fintech-intel.com,21,0,1,1
firpodcastnetwork.com,21,0,2,1
firsthomealliance.org,21,0,160,1
fixi.it,21,0,14,1
flamingostrategies.co.uk,21,0,2,1
fossilfreeca.org,21,0,4,1
fptsoftware.de,21,0,1,1
freedomiseverything.com,21,0,5,1
fufei.io,21,0,1,1
fullframe.ch,21,0,4,1
futureofsportshub.com,21,0,2,1
gaiadigital.nl,21,0,4,1
gatilab.com,21,0,1,1
geldschritte.de,21,0,2,1
gitlink.org.cn,21,0,5,1
glasir.fo,21,0,2,1
goingonfaith.com,21,0,12,1
goldlilys-media.com,21,0,1,1
gomega.ai,21,0,15,1
gorilla.guide,21,0,4,1
gotobiz.com.br,21,0,1,1
grafikmk.pl,21,0,5,1
grapevine.fi,21,0,1,1
greensideupcontracting.com,21,0,2,1
greymetrics.com,21,0,1,1
groupbuyseo.org,21,0,24,1
growafrog.com,21,0,12,1
growyouragency.group,21,0,1,1
gsheetconnector.com,21,0,2,1
guru-is.com,21,0,13,1
gustavocaetano.com,21,0,4,1
gvectors.com,21,0,31,1
hacklido.com,21,0,2,1
haisoku.jp,21,0,2,1
happyheroes.de,21,0,1,1
heartlandbarge.com,21,0,6,1
helpbot.net,21,0,1,1
henrik-bondtofte.dk,21,0,10,1
hermesmagazine.it,21,0,1,1
hexometer.com,21,0,1,1
heyreliable.com,21,0,7,1
hidemywpghost.com,21,0,9,1
highfivecreate.com,21,0,2,1
highflyers.media,21,0,5,1
hiperestrategia.com,21,0,1,1
hivehq.ai,21,0,1,1
hmong.in.th,21,0,8,1
hoponline.ai,21,0,2,1
horecawebservice.nl,21,0,1,1
hostify.vn,21,0,1,1
hostmora.com,21,0,1,1
hotmesshustle.com,21,0,1,1
hughlashbrooke.com,21,0,1,1
hylandgraphics.com,21,0,1,1
hypestudio.org,21,0,1,1
iamx.eu,21,0,18,1
ibrandstudio.com,21,0,3,1
iconicdigitalworld.com,21,0,10,1
ideamarketing.ca,21,0,1,1
ieyenews.com,21,0,2,1
impasto.io,21,0,1,1
incaseinnovation.se,21,0,4,1
infogenix.com,21,0,2,1
infotyke.com,21,0,1,1
inno-mark.jp,21,0,1,1
inovalize.com.br,21,0,2,1
inow.ch,21,0,2,1
insidetechworld.com,21,0,4,1
insightforliving.org.uk,21,0,4,1
insightsalesglobal.com,21,0,1,1
invite-toolcheck.de,21,0,2,1
irss.ca,21,0,2,1
irvantaufik.me,21,0,1,1
islabit.com,21,0,1,1
it-leaders.pl,21,0,1,1
ithemelandco.com,21,0,6,1
itsmdaily.com,21,0,1,1
itstod.se,21,0,1,1
ittisa.com,21,0,1,1
jackandbean.com,21,0,1,1
jankarres.de,21,0,2,1
javiercallejo.net,21,0,1,1
jawabkom.com,21,0,2,1
jdsf.gr.jp,21,0,1,1
jekyllpad.com,21,0,1,1
jj09.net,21,0,1,1
jkc.media,21,0,5,1
jobiscredit.net,21,0,2,1
joinvistara.com,21,0,2,1
jonas.io,21,0,2,1
joomlacommunity.nl,21,0,4,1
jordancrown.com,21,0,1,1
joseantoniocarreno.com,21,0,1,1
juliancastiblanco.com,21,0,1,1
kaffe-helbred.dk,21,0,2,1
kanoppi.co,21,0,1,1
karviva.com,21,0,2,1
kavolta.com,21,0,2,1
kelownarealestatepros.com,21,0,2,1
kenjefferiesandassociates.com,21,0,6,1
kevinsguides.com,21,0,1,1
kfpb.org,21,0,3,1
kimbriggs.com,21,0,1,1
kimoota.net,21,0,3,1
kital.com.ph,21,0,9,1
knotsync.com,21,0,1,1
knowledgehubmedia.com,21,0,1,1
kofi-group.com,21,0,1,1
kovasys.com,21,0,2,1
krrwebdesign.com,21,0,1,1
ksk.si,21,0,1,1
kugie.app,21,0,1,1
kukoocreative.com,21,0,1,1
kyotherm.com,21,0,2,1
lamaisondupret.eu,21,0,2,1
laravel.gen.tr,21,0,1,1
lavoyagerie.fr,21,0,1,1
layerise.com,21,0,1,1
lbntechsolutions.com,21,0,1,1
leading.vn,21,0,18,1
leadpanda.media,21,0,3,1
leasedadspace.com,21,0,1,1
leejoo.nl,21,0,9,1
lenord.ca,21,0,14,1
lesfabriquesduponant.net,21,0,2,1
liamdempsey.com,21,0,1,1
licerainc.com,21,0,1,1
lightblack.eu,21,0,2,1
limitloginattempts.com,21,0,1,1
limoblog.ir,21,0,3,1
linkenbay.nl,21,0,23,1
linneasinc.com,21,0,1,1
lino-framework.org,21,0,1,1
lmgmarketingsolutions.com,21,0,1,1
localexposure.co.uk,21,0,1,1
localweb.com.au,21,0,1,1
logitechbiz.fr,21,0,1,1
lonestar.hatenablog.com,21,0,1,1
lotus823.com,21,0,1,1
louisebrogan.com,21,0,1,1
lrfzim.com,21,0,1,1
luigisbox.it,21,0,1,1
lumosbusiness.com,21,0,3,1
lykeup.de,21,0,1,1
maakjestart.nl,21,0,4,1
magina.fr,21,0,2,1
makeasmile-media.de,21,0,1,1
makeitwork.press,21,0,8,1
malloy.sg,21,0,1,1
manikarthik.com,21,0,2,1
marketeris.sk,21,0,1,1
marketingfomo.com,21,0,1,1
marketingtutor.net,21,0,1,1
martinkaessler.com,21,0,1,1
masterlee.com,21,0,6,1
matchadesign.com,21,0,2,1
matchthemes.com,21,0,1,1
mauimarketing.com,21,0,1,1
mcor.org,21,0,4,1
meandyou.co.uk,21,0,1,1
mediakanjers.nl,21,0,1,1
mediflux.fr,21,0,6,1
mehdiaoussiad.com,21,0,1,1
mei-review.com,21,0,3,1
meidaan.com,21,0,1,1
mercury-plastics.com,21,0,1,1
meson-digital.com,21,0,2,1
metanow.dev,21,0,2,1
mhanp.org,21,0,6,1
michaeldaehn.com,21,0,1,1
michaelmackenzie.com,21,0,1,1
michaelrybovichandsons.com,21,0,6,1
michaels.me.uk,21,0,9,1
michiganvolunteers.org,21,0,2,1
mightyfinedesign.co,21,0,1,1
mikkegoes.com,21,0,3,1
milesweb.ae,21,0,1,1
mjmetrix.com,21,0,1,1
mkuriki.com,21,0,2,1
mlsend.com,21,0,14,1
modal.co.uk,21,0,1,1
modernminds.nl,21,0,1,1
moneyat30.com,21,0,1,1
mongueurs.net,21,0,4,1
morepower.club,21,0,3,1
movingfeedback.com,21,0,6,1
msweetwood.com,21,0,2,1
murahkitchen.my,21,0,1,1
mwspace.com,21,0,1,1
my-production.fr,21,0,4,1
myrtec.com.au,21,0,1,1
nacionalvox.com.br,21,0,1,1
nannytomommy.com,21,0,2,1
nebulasdesign.com,21,0,2,1
negocioswp.es,21,0,8,1
nerdrabbit.com,21,0,1,1
netbangers.com,21,0,1,1
netmafia.co.in,21,0,1,1
netvouz.com,21,0,17,1
newlenoxcrossroads.com,21,0,576,1
newlightdigital.com,21,0,3,1
next-t.co.kr,21,0,4,1
nexusmktg.com,21,0,3,1
nichestory.eu,21,0,1,1
nickles.de,21,0,2,1
nickschaeferhoff.com,21,0,2,1
nilab.info,21,0,49,1
noahdigital.ca,21,0,2,1
noboringdesign.com,21,0,2,1
nois3.it,21,0,1,1
nootheme.com,21,0,8,1
nordboost.se,21,0,2,1
nova-web.de,21,0,4,1
novule.com,21,0,2,1
nowake.com,21,0,4,1
nseledcloud.com,21,0,3,1
nstpr.com,21,0,1,1
null-scripts.net,21,0,1,1
numericatous.fr,21,0,1,1
numeroservicioalcliente.com,21,0,4,1
nuoptima.com,21,0,1,1
nureply.com,21,0,2,1
nursea.fr,21,0,1,1
nutajr.com,21,0,3,1
nywebconsulting.com,21,0,1,1
oakmountainlanes.com,21,0,2,1
oemrepairinfo.ca,21,0,18,1
officinaturistica.com,21,0,4,1
ogalweb.com,21,0,8,1
olivian.ro,21,0,19,1
onecoredevit.com,21,0,1,1
onimodglobal.com,21,0,7,1
onlinemarketinginct.com,21,0,1,1
onlinevisibilityacademy.com,21,0,1,1
ontargetcpa.com,21,0,2,1
opengraphexamples.com,21,0,1,1
orange-bird.agency,21,0,1,1
orderofmaltawestern.us,21,0,26,1
origamiglobe.com,21,0,1,1
orpheusincorporated.com,21,0,4,1
outagedown.com,21,0,28,1
outstandingthemes.com,21,0,6,1
overnightdriveradio.com,21,0,3,1
pagedna.com,21,0,1,1
paintbrushesandpopsicles.com,21,0,1,1
palmsquare.fr,21,0,1,1
parklandsfoundation.org,21,0,20,1
pcgvr.org,21,0,1,1
pdachain.com,21,0,1,1
peoplesuite.com,21,0,1,1
pepper.agency,21,0,1,1
perfumeuae.com,21,0,21,1
perpet.io,21,0,1,1
philsimon.com,21,0,1,1
phoenixseo.de,21,0,4,1
pianalytix.com,21,0,1,1
picu.io,21,0,1,1
piecalendar.com,21,0,1,1
pixelloop.org,21,0,1,1
playcasinos.ca,21,0,1,1
plusse.co,21,0,1,1
polimetro.com,21,0,5,1
polishup.com.au,21,0,5,1
politicallyincorrecthumor.com,21,0,7,1
popit.kr,21,0,1,1
powerhomebiz.com,21,0,3,1
practicallogix.com,21,0,2,1
prateeksha.com,21,0,2,1
presagebio.com,21,0,54,1
prestataires.pro,21,0,1,1
primate.consulting,21,0,8,1
privacysense.net,21,0,1,1
proadax.pl,21,0,1,1
profilespider.com,21,0,2,1
programmingwithbasics.com,21,0,1,1
projectpanorama.com,21,0,2,1
proteansoftware.com,21,0,2,1
provechocollective.org,21,0,2,1
proweb365.com,21,0,2,1
pubosphere.fr,21,0,1,1
pull-net.jp,21,0,1,1
purebasic.fr,21,0,1,1
pxltec.com,21,0,1,1
qarbon.it,21,0,1,1
qrpforum.de,21,0,3,1
quantenfrosch.at,21,0,1,1
quantilus.com,21,0,9,1
quaries.com,21,0,1,1
quarka.org,21,0,1,1
radialbearing.com,21,0,1,1
rankhandy.com,21,0,1,1
ratu.ai,21,0,2,1
rayamarketing.com,21,0,4,1
reactheme.com,21,0,4,1
readmedium.com,21,0,45,1
realwebcare.com,21,0,1,1
redbackcreations.com,21,0,1,1
redeemerjackson.com,21,0,42,1
rediscoveryourplay.com,21,0,1,1
redshoesinc.com,21,0,1,1
redskydigital.com,21,0,9,1
reicat.com,21,0,6,1
relywp.com,21,0,12,1
remotivated.com,21,0,1,1
retaildimensions.com,21,0,1,1
revistaeduweb.org,21,0,2,1
rewarx.com,21,0,2,1
rincondelatecnologia.com,21,0,1,1
risecreatives.co,21,0,2,1
rivalsense.co,21,0,1,1
rixtrema.com,21,0,1,1
roboticmarketer.com,21,0,1,1
roconpaas.com,21,0,1,1
ronkot.com,21,0,2,1
roobykon.com,21,0,2,1
roxo.ir,21,0,24,1
saasaffiliate.com,21,0,1,1
saastreats.net,21,0,1,1
saleslion.fi,21,0,1,1
salis.it,21,0,1,1
salopettepetitcol.com,21,0,4,1
sanmarksolutions.com,21,0,1,1
sassandseo.com,21,0,6,1
savingk.com,21,0,1,1
screenspan.net,21,0,1,1
searchific.com,21,0,3,1
seatheme.net,21,0,4,1
seigoo.com,21,0,1,1
sell-saas.com,21,0,3,1
sellanycode.com,21,0,1,1
seo-nw.de,21,0,8,1
seonza.cl,21,0,1,1
seopowerplays.com,21,0,1,1
seoski.pl,21,0,3,1
seowow.co.il,21,0,2,1
seoyweb.com,21,0,5,1
separatista.net,21,0,3,1
shakenbaby.org,21,0,8,1
shinobi.club,21,0,1,1
shinonome.io,21,0,1,1
shiptothemoon.com,21,0,4,1
shopthefinest.com,21,0,2,1
sidorovainwood.com,21,0,6,1
silicondales.com,21,0,4,1
simba-digital.ch,21,0,1,1
simplefilelist.com,21,0,1,1
sistersofcharityfoundation.org.au,21,0,3,1
slocumstudio.com,21,0,4,1
smartwebseo.agency,21,0,20,1
smdigitalpartners.com,21,0,3,1
smilemultimedia.com,21,0,2,1
snapzu.com,21,0,18,1
snatika.com,21,0,1,1
socialman.net,21,0,1,1
socmedsean.com,21,0,1,1
soft-loft.com,21,0,1,1
softwareaccountant.com,21,0,1,1
sonasi.nl,21,0,23,1
southwell.school.nz,21,0,12,1
spark.do,21,0,1,1
spawn.jp,21,0,13,1
speakinginbytes.com,21,0,1,1
spinpoi.com,21,0,1,1
ssup.co.th,21,0,4,1
staffshop.ca,21,0,1,1
stagent.com,21,0,1,1
standardbeagle.com,21,0,4,1
starnberg-post.de,21,0,1,1
startup101.biz,21,0,2,1
startvriend.nl,21,0,10,1
stateful.com,21,0,1,1
sternfaucets.com,21,0,2,1
stevethewebsiteguy.com,21,0,1,1
stilljournal.net,21,0,1,1
stirstuff.com,21,0,6,1
storepro.io,21,0,3,1
straightshooterplumbing.com,21,0,3,1
strangebuzz.com,21,0,8,1
stronyinternetowe.uk,21,0,1,1
studentvillage.com.ng,21,0,10,1
studioanansi.com,21,0,3,1
suiteplugins.com,21,0,1,1
summersrubber.com,21,0,4,1
sunhousemarketing.com,21,0,1,1
superx.so,21,0,1,1
sustainablewebmanifesto.com,21,0,3,1
swiftperformance.io,21,0,1,1
swiss-beauty-and-hair-academy.ch,21,0,7,1
tacticalseoconsulting.com,21,0,1,1
tacx.com,21,0,6,1
taglineinfotech.com,21,0,2,1
talajalisco.gob.mx,21,0,1,1
talentzok.com,21,0,1,1
tamagothi.de,21,0,258,1
taneraji.com,21,0,1,1
tantascan.com,21,0,1,1
tanzi-media.com,21,0,2,1
tasawk.com.sa,21,0,1,1
teamified.com,21,0,2,1
teampoly.com.au,21,0,6,1
technoderivation.com,21,0,1,1
technopatas.com,21,0,1,1
technumero.com,21,0,3,1
techqg.com,21,0,1,1
techrab.com,21,0,2,1
techshali.com,21,0,2,1
techyv.com,21,0,1,1
thatcommsguy.ch,21,0,2,1
the-rvpark.com,21,0,6,1
thebbsagency.com,21,0,2,1
thebrownsmusic.com,21,0,12,1
thecodepost.org,21,0,1,1
thedigitalpanda.com,21,0,1,1
thedigitalxx.com,21,0,1,1
theessayexpert.com,21,0,1,1
thehaguecenter.com,21,0,12,1
theimpulsedigital.com,21,0,1,1
thekidsdentalofficeofphoenix.com,21,0,6,1
themelooks.com,21,0,1,1
themes.zone,21,0,1,1
themeskills.com,21,0,5,1
themissingone.io,21,0,1,1
therapconnect.net,21,0,10,1
thesiteedge.com,21,0,2,1
thetorquereport.com,21,0,10,1
thetwopercent.co.uk,21,0,1,1
thoughtfulcode.com,21,0,1,1
toiee.jp,21,0,3,1
tokushiyo.net,21,0,2,1
toldimarketing.hu,21,0,1,1
toomba.com,21,0,1,1
toriemathis.com,21,0,1,1
trackawesomelist.com,21,0,19,1
transferito.com,21,0,9,1
transform-magazin.de,21,0,1,1
transnational.live,21,0,2,1
travpromobile.com,21,0,6,1
trendblog.net,21,0,1,1
trendscoutuk.com,21,0,2,1
trepcom.com,21,0,1,1
turboseotools.com,21,0,4,1
tusclicks.com,21,0,3,1
twowaystreet.com.au,21,0,2,1
uaspectr.com,21,0,2,1
uequations.com,21,0,2,1
unbiggie.com,21,0,4,1
unclelouie.com,21,0,6,1
unlockhere.com,21,0,1,1
upcutstudio.com,21,0,1,1
urantia-association.org,21,0,6,1
usecue.com,21,0,5,1
user.com.sg,21,0,1,1
valkeregroup.com,21,0,1,1
valorouscircle.com,21,0,1,1
vander.host,21,0,5,1
vanillaspicenewport.co.uk,21,0,2,1
vendedigital.com,21,0,2,1
vidlo.video,21,0,1,1
vijaycomputeracademy.com,21,0,1,1
vimexx.be,21,0,1,1
vincentdubroeucq.com,21,0,1,1
virtualstacks.com,21,0,1,1
vpnportalen.dk,21,0,2,1
vpssos.com,21,0,10,1
vverner.com,21,0,7,1
w51.agency,21,0,2,1
wafflebytes.com,21,0,1,1
walterman.es,21,0,1,1
wanderingaimfully.com,21,0,1,1
watermelonwebworks.com,21,0,2,1
wcanvas.com,21,0,4,1
we-like-travel.com,21,0,1,1
wearefunnel.com,21,0,1,1
weareorbis.com,21,0,1,1
wearesmile.com,21,0,1,1
web-solution-way.com,21,0,2,1
web123.com.au,21,0,1,1
web3.com.au,21,0,1,1
web357.com,21,0,1,1
webbookstudio.com,21,0,12,1
webheadtech.com,21,0,1,1
webhipsters.ro,21,0,1,1
webolto.com,21,0,1,1
weborado.lt,21,0,1,1
webpublisherpro.com,21,0,1,1
website-designers.co.nz,21,0,1,1
websitesecuritystore.com,21,0,1,1
webtoolsweekly.com,21,0,17,1
webtopic.com,21,0,2,1
weekendgrowth.com,21,0,3,1
wellicious.com,21,0,87,1
welovewebs.com,21,0,2,1
westlynnvet.com,21,0,6,1
westus-01.azurewebsites.net,21,0,1,1
wheatlife.org,21,0,6,1
wheremyfriends.be,21,0,12,1
wielands.nl,21,0,2,1
wildernessedgecampground.com,21,0,3,1
windpress.info,21,0,6,1
winsomemarketing.com,21,0,1,1
wirverlegenestrich.de,21,0,66,1
wordagents.com,21,0,1,1
wordherd.io,21,0,2,1
wordvell.com,21,0,1,1
workew.com,21,0,5,1
world-film-festival.com,21,0,1,1
worldnumismatics.com,21,0,3,1
wowrevenue.com,21,0,1,1
wp-digest.com,21,0,8,1
wpdaxue.com,21,0,470,1
wpdoctor.es,21,0,1,1
wppagebuilders.com,21,0,32,1
wppluginexperts.com,21,0,6,1
wppool.dev,21,0,7,1
wpzlecenia.pl,21,0,1,1
writediteach.com,21,0,2,1
wwii-enlistment.com,21,0,1,1
xcom.net.br,21,0,1,1
xlplugins.com,21,0,2,1
xpsusa.com,21,0,1,1
xstalk.com,21,0,63,1
xtdesignweb.fr,21,0,9,1
yapc.eu,21,0,2,1
yellowchalk.com,21,0,2,1
yonavegoseguro.com.do,21,0,8,1
yuhiro.de,21,0,1,1
zabec.net,21,0,5,1
zainview.com,21,0,1,1
zao.is,21,0,1,1
zoma.ie,21,0,1,1
ztec100.com,21,0,1,1
18aproductions.co.uk,20,0,1,1
24tuned.com,20,0,12,1
2hatslogic.de,20,0,2,1
368durham.com,20,0,8,1
405ads.com,20,0,1,1
a88lab.com,20,0,1,1
abdulazizahwan.com,20,0,815,1
abralytics.com,20,0,1,1
acceleratebooks.com,20,0,2,1
activegrowth.com,20,0,1,1
adamkempfitness.com,20,0,1,1
adavenue.com,20,0,6,1
adelaidefestivalofideas.com.au,20,0,12,1
admin-junkies.com,20,0,6,1
adrienbouchez.fr,20,0,1,1
advectas.com,20,0,3,1
advice.lk,20,0,3,1
affordableweb.solutions,20,0,1,1
afterdarkgrafx.com,20,0,1,1
agencemoire.com,20,0,4,1
agendacover.com,20,0,1,1
aikini.fr,20,0,2,1
aip.edu.pa,20,0,6,1
aitoolsone.com,20,0,1,1
aitranslations.io,20,0,6,1
aktuelles-wissen.de,20,0,1,1
alestat.com,20,0,6,1
algocentricdigital.com,20,0,2,1
allawebbhotell.nu,20,0,2,1
alliedhealthjobcafe.com,20,0,2,1
allimand.com,20,0,1,1
alten.ma,20,0,1,1
alvacommerce.com,20,0,4,1
alvarolopezherrera.com,20,0,1,1
amausa.net,20,0,1,1
amsisupply.com,20,0,1,1
anglara.com,20,0,1,1
annikaollila.fi,20,0,2,1
anracom.com,20,0,1,1
aps-supply.com,20,0,6,1
aquabobble.com,20,0,1,1
arabiccasinos.com,20,0,2,1
arcomusical.com,20,0,28,1
arcsncurves.com,20,0,2,1
area81.se,20,0,2,1
aretesoftware.ca,20,0,1,1
artfulbullet.com,20,0,2,1
artignition.com,20,0,1,1
artikelschreiber.com,20,0,1,1
arvis.id,20,0,2,1
asamserver.com,20,0,1,1
asgaros.com,20,0,11,1
assetrec.co.nz,20,0,1,1
autooltech.com,20,0,2,1
avnir.com,20,0,3,1
azalio.io,20,0,1,1
azurecurve.co.uk,20,0,53,1
b3sciences.com,20,0,38,1
balango.pl,20,0,1,1
barkingfrogseo.com,20,0,1,1
bbbl.dev,20,0,3,1
beaconinside.com,20,0,5,1
beechaeroclub.org,20,0,1,1
benaturalorganics.com,20,0,6,1
bestfive.com.au,20,0,1,1
bestoflexingtonky.com,20,0,12,1
bestwebhostingaustralia.org,20,0,4,1
betranslated.fr,20,0,1,1
bigeyedeers.co.uk,20,0,1,1
bigskybotanicals.com,20,0,1,1
biko2.com,20,0,2,1
blockandcapital.com,20,0,4,1
blockmate.io,20,0,1,1
bloggerperempuan.com,20,0,1,1
bloggersneed.com,20,0,3,1
blogginglift.com,20,0,1,1
blogili.com,20,0,1,1
bluecamroo.com,20,0,3,1
bluehillsdigital.com,20,0,1,1
bluemillion.com,20,0,1,1
bluemtnfilmfest.ca,20,0,2,1
boldly.blue,20,0,2,1
bonaparle.com,20,0,2,1
bonline.hu,20,0,3,1
brainleaf.com,20,0,12,1
bravotecnologia.com.br,20,0,3,1
brianlinkletter.com,20,0,1,1
bridgingpointsmedia.com,20,0,2,1
brisray.com,20,0,2,1
brucegerencser.net,20,0,1,1
brytdesigns.com,20,0,1,1
bsharptech.com.au,20,0,7,1
buckeyeinnovation.com,20,0,1,1
builddigitalgrowth.com.au,20,0,1,1
buradabiliyorum.com,20,0,22,1
byrecruiters.com,20,0,1,1
cafebelga.be,20,0,18,1
calendarscripts.info,20,0,8,1
calinbiris.ro,20,0,1,1
calnonprofitsinsurance.org,20,0,2,1
calpartners.co.uk,20,0,1,1
campustocareercrossroads.com,20,0,1,1
candlejunkies.com,20,0,1,1
cando.ac,20,0,1,1
cantinetta-popolare.com,20,0,2,1
carbonvalleyheatingandair.com,20,0,6,1
causeofakind.com,20,0,1,1
cematraining.com,20,0,54,1
centori.io,20,0,1,1
chrsinteractive.com,20,0,2,1
cine3.com,20,0,134957,1
circulardesign.io,20,0,2,1
ciso2ciso.com,20,0,3,1
cityssm.github.io,20,0,1,1
claroanalytics.com,20,0,4,1
cleaninginmotion.com,20,0,2,1
cloudyhost.com,20,0,2,1
cmsinmobiliaria.com,20,0,1,1
coachme.fr,20,0,2,1
cocartapi.com,20,0,1,1
cockpitlab.io,20,0,1,1
codexonics.com,20,0,2,1
colgansports.ie,20,0,2,1
colindorman.com,20,0,1,1
cologne.hosting,20,0,1,1
colornix.com,20,0,167,1
colorprinter.pt,20,0,1,1
commonsinabox.org,20,0,2,1
computy.ru,20,0,1,1
conceptionwm.com,20,0,3,1
contentmarketinglatam.com,20,0,1,1
courseduck.com,20,0,13,1
creativeflow.pl,20,0,1,1
creativepl.com,20,0,2,1
creds.xyz,20,0,3,1
cri.dev,20,0,1,1
crimsondesigns.com,20,0,1,1
ctbuhconference.com,20,0,2,1
curatti.com,20,0,1,1
cyberbooster.fr,20,0,1,1
dadadaweb.com,20,0,4,1
dar.university,20,0,1,1
dayaciptamandiri.com,20,0,74,1
dbweekly.com,20,0,1,1
debateart.com,20,0,1,1
democraticunderground.org,20,0,9,1
deprogrammaticaipsum.com,20,0,1,1
designorbital.com,20,0,3,1
designworksnw.com,20,0,4,1
dev-gang.ru,20,0,1,1
developmentcorporate.com,20,0,2,1
developress.io,20,0,14,1
devrims.com,20,0,2,1
dexville.be,20,0,4,1
df7cb.de,20,0,3,1
dgkayewriter.com,20,0,14,1
digitalfahrschule.de,20,0,1,1
digitalwork.com.br,20,0,43,1
digitcure.com,20,0,1,1
dinkhauser.com,20,0,6,1
divi-community.fr,20,0,4,1
divi-professional.com,20,0,3,1
divinext.com,20,0,1,1
django.fun,20,0,1,1
domarketing.hu,20,0,2,1
doodleweb.io,20,0,7,1
drhp.ir,20,0,1,1
dropestore.com,20,0,2,1
dropship.it,20,0,1,1
drujokweb.fr,20,0,4,1
duplos.cl,20,0,1,1
duta-training.com,20,0,1,1
dveri-pax.at,20,0,3,1
easyupdatesmanager.com,20,0,2,1
ecolealhopital-idf.org,20,0,1,1
ecommerce-vision.de,20,0,1,1
ecoverage.com,20,0,3,1
edmonton-jasper.nl,20,0,2,1
edykim.com,20,0,1,1
effectussoftware.com,20,0,1,1
eighteen73.co.uk,20,0,2,1
eixsagradafamilia.com,20,0,2,1
elasticsearch.cn,20,0,61,1
elementaryanalytics.com,20,0,2,1
elemprendedor.com,20,0,2,1
embarkagency.com.au,20,0,2,1
embarkingonvoyage.com,20,0,1,1
emiratesinside.net,20,0,1,1
enricher.io,20,0,1,1
enterprisesaasseo.com,20,0,1,1
eos-numerique.com,20,0,2,1
eosmarketing.it,20,0,2,1
epicpresence.com,20,0,1,1
ergonized.com,20,0,1,1
ericasneubauer.com,20,0,1,1
ernberck.com,20,0,4,1
esprezzo.io,20,0,1,1
estevecastells.com,20,0,1,1
estudonauta.com,20,0,1,1
evergreenchamberorch.org,20,0,6,1
everything-cowboy.com,20,0,1,1
exabytes.cloud,20,0,4,1
facmedicine.com,20,0,1,1
farrisbelt.com,20,0,12,1
fearless-assassins.com,20,0,1,1
feather.blog,20,0,4,1
fernandoraymond.com,20,0,2,1
finddigitalagency.com,20,0,21,1
fishamerica.org,20,0,6,1
fl1digital.com,20,0,2,1
flexed.ca,20,0,1,1
flickshot.fr,20,0,1,1
flowstate.agency,20,0,1,1
fluentgroup.com.au,20,0,1,1
flyer.be,20,0,2,1
fmbusinessdaily.com,20,0,30,1
fokus-konzept.ch,20,0,1,1
formafunnel.com,20,0,24,1
foro20.com,20,0,1,1
fotodng.com,20,0,4,1
foundationdigital.com,20,0,2,1
foursevenmedia.co.uk,20,0,1,1
freelancermap.at,20,0,1,1
freemusketeers.nl,20,0,8,1
fromages-chevre-moret.fr,20,0,2,1
fs-code.com,20,0,4,1
garmendale.co.uk,20,0,8,1
gayguides.com,20,0,1,1
gazdasagportal.hu,20,0,1,1
gbgmarketing.com,20,0,3,1
gedachtenvoer.nl,20,0,1,1
gedow.net,20,0,1,1
genexmarketing.com,20,0,1,1
getonwithit.blog,20,0,1,1
gigold.me,20,0,1,1
glendaledesigns.com,20,0,10,1
globaltechstack.com,20,0,7,1
go-seo.com,20,0,6,1
golos.id,20,0,1,1
goodwebsites.nz,20,0,2,1
gowatermarkdesign.com,20,0,22,1
granwehr.com,20,0,6,1
greatcareers.org,20,0,2,1
gregoirenoyelle.com,20,0,1,1
groupe-itec.fr,20,0,3,1
growthsummary.com,20,0,1,1
gsmcneal.com,20,0,4,1
gsquarewebtech.com,20,0,1,1
gunkastudios.com,20,0,1,1
guruseoservices.com,20,0,1,1
gwtis.com,20,0,2,1
happydigital.nl,20,0,2,1
hasoptimization.com,20,0,1,1
hellotipi.com,20,0,2,1
hesitepas.fr,20,0,2,1
hidezumi.com,20,0,4,1
hifivestar.com,20,0,1,1
higherupdigital.com,20,0,48,1
hiredevelopers.com,20,0,1,1
hittawebbhotellet.se,20,0,7,1
hjalpmedhemsidan.se,20,0,4,1
hns.to,20,0,10,1
hoist.digital,20,0,2,1
hollywoodoyster.com,20,0,6,1
honzajavorek.cz,20,0,1,1
hootdesignco.com,20,0,2,1
hostay.fr,20,0,26,1
hostking.host,20,0,1,1
hrmguide.net,20,0,1,1
hsim.in,20,0,1,1
hughesairco.com,20,0,12,1
hydrosphere.co.uk,20,0,2,1
icancompose.com,20,0,1,1
iconsofrealestate.com,20,0,1,1
idxcentral.com,20,0,4,1
ift.tt,20,0,4,1
incredwealth.com,20,0,6,1
indexrusher.com,20,0,1,1
ineolab.fr,20,0,1,1
infullbloom.us,20,0,6,1
ingeniumweb.com,20,0,1,1
initialdataoffering.com,20,0,2,1
insideweb.nl,20,0,6,1
inspirythemes.com,20,0,1,1
intelekto.fr,20,0,4,1
intensed.com,20,0,1,1
internationalproject.org,20,0,2,1
ipv6-spider.com,20,0,4,1
isearch.com.my,20,0,1,1
ititans.com,20,0,3,1
itraveledthere.io,20,0,1,1
iwantabuzz.com,20,0,2,1
izzoran.com,20,0,2,1
j.cv,20,0,1,1
jacobspaulsen.com,20,0,1,1
jameshfetzer.org,20,0,2,1
jamesrmeyer.com,20,0,1,1
jasonfox.me,20,0,1,1
jcgresources.com,20,0,1,1
jeanne-arc-gourin.fr,20,0,2,1
jeffbridgforth.com,20,0,2,1
jewishleadershipconference.org,20,0,2,1
jewishlearningventure.org,20,0,2,1
jnmwebcreations.com,20,0,1,1
johnpaulstrain.com,20,0,12,1
joinrunway.io,20,0,3,1
jonwestfall.com,20,0,1,1
joomlanl.nl,20,0,1,1
josesoriano.com,20,0,3,1
jouwplek.nl,20,0,23,1
jugaad.az,20,0,1,1
justalternativeto.com,20,0,1,1
jut-so.de,20,0,2,1
kahoo.blog,20,0,1,1
kaiilab.com,20,0,2,1
kamilwebsolutions.ae,20,0,2,1
kelma.io,20,0,2,1
kerrybodine.com,20,0,1,1
keyhelp.de,20,0,1,1
kimberlingvet.com,20,0,6,1
kmtech.id,20,0,2,1
knowonlineadvertising.com,20,0,1,1
kodaps.dev,20,0,2,1
kodeak.com,20,0,1,1
kohalacoastpropertiesinc.com,20,0,1,1
kommandotech.com,20,0,1,1
komplizinnen.at,20,0,1,1
koshertraveling.co,20,0,32,1
kotrynabass.com,20,0,1,1
kreeftopleidingen.nl,20,0,3,1
krisenfrei.com,20,0,1,1
krolyc.co.mz,20,0,38,1
kunskapsformedlingen.se,20,0,2,1
ladore.org,20,0,60,1
lakecrestapartments-prg.com,20,0,1,1
lanetaneta.com,20,0,2,1
laughinglemonpie.com,20,0,2,1
ldsfreedomforum.com,20,0,2,1
ldx.design,20,0,4,1
leapmesh.com,20,0,2,1
lengthytravel.com,20,0,6,1
lesoutrali.com,20,0,13,1
lessocialistes.fr,20,0,2,1
levhatorah.org,20,0,3,1
lichtblick.digital,20,0,1,1
lifeomic.com,20,0,1,1
lifewebanddesign.com,20,0,1,1
linkhaven.nl,20,0,2,1
linkhub.gg,20,0,2,1
linkysoft.com,20,0,3,1
linux-bibel.at,20,0,1,1
linuxpro.com.br,20,0,40,1
lithuaniatribune.com,20,0,1,1
livpristvac.com,20,0,1,1
llamaleadgen.com,20,0,1,1
localimageco.com,20,0,1,1
lockelandspringschurch.com,20,0,3,1
lofurol.fr,20,0,4,1
lomitpatel.com,20,0,4,1
looks-awesome.com,20,0,1,1
looplabz.com,20,0,1,1
lume.land,20,0,4,1
madebyunfold.co,20,0,1,1
madisonsolutions.co.uk,20,0,2,1
magecom.net,20,0,4,1
magneticway.com,20,0,7,1
magstartup.com,20,0,1,1
maison-numerique.net,20,0,6,1
manisahabergazetesi.com.tr,20,0,1,1
marketingconteudo.com,20,0,1,1
marketinglogiq.com,20,0,2,1
marketingsource.com,20,0,3,1
marketmediaconnect.com,20,0,1,1
markus-steinacher.at,20,0,1,1
martechguru.com,20,0,12,1
mastermind.fm,20,0,3,1
maudy.com.br,20,0,1,1
mayashope.org,20,0,4,1
mckinleysprings.com,20,0,6,1
mediatecalibre.cl,20,0,627,1
meetwork.es,20,0,1,1
megadent.co.il,20,0,6,1
meia.me,20,0,2383,1
meljudson.com,20,0,1,1
mellenger.com,20,0,1,1
memberdev.com,20,0,21,1
mendenarena.de,20,0,1,1
menomartha.com,20,0,4,1
ment.tech,20,0,3,1
mesabeilles.fr,20,0,1,1
meshwithus.com.au,20,0,1,1
michelecagancpa.com,20,0,2,1
mightytripod.com,20,0,18,1
mikrofest.dk,20,0,2,1
miraculousmaids.ca,20,0,6,1
misingresospasivos.com,20,0,1,1
moneyliteracy.news,20,0,2,1
montera34.com,20,0,1,1
moonback.ru,20,0,1,1
moreconvert.com,20,0,3,1
motherbin.com,20,0,8,1
motivationalmuse.com,20,0,1,1
moxio.com,20,0,1,1
mraddon.blog,20,0,1,1
muchuu.net,20,0,2,1
mxd.dk,20,0,2,1
mychiropractice.com,20,0,1,1
mypaperlessfax.com,20,0,2,1
myservername.com,20,0,39,1
mywptips.com,20,0,6,1
naibabiji.com,20,0,1,1
ncot.uk,20,0,1,1
ndquarterly.org,20,0,27,1
neontools.io,20,0,1,1
netintegrity.net,20,0,1,1
netmagnet.cz,20,0,1,1
newoaks.ai,20,0,2,1
nextgencodingcompany.com,20,0,2,1
nonfiction.ca,20,0,1,1
noptin.com,20,0,1,1
nosartisansontdutalent.fr,20,0,6,1
nuancesprog.ru,20,0,1,1
nymbl.app,20,0,2,1
oboxthemes.com,20,0,1,1
obsglob.org,20,0,3,1
ogadesign.com.au,20,0,6,1
olvfpny.org,20,0,4,1
oneeighty.digital,20,0,1,1
onepagezen.com,20,0,5,1
onlinebazen.nl,20,0,1,1
onlinecourseing.com,20,0,1,1
onlinemarketingmuscle.com,20,0,1,1
opensecurity.es,20,0,1,1
optimisation-conversion.com,20,0,3,1
orbitingweb.com,20,0,1,1
oregondva.com,20,0,2,1
orkenyi.hu,20,0,2,1
overclockers.ge,20,0,7,1
overzichtje.nl,20,0,6,1
oyaschool.com,20,0,1,1
pack-logix.com,20,0,12,1
paintingdreamscapes.com,20,0,1,1
parkhills.org,20,0,272,1
perfectionpending.net,20,0,2,1
permis.online,20,0,3,1
peterindia.net,20,0,47,1
petlandindependence.com,20,0,10,1
physionomade.com,20,0,6,1
piagetflix.com,20,0,1,1
piprogramming.org,20,0,1,1
pitsfordschool.com,20,0,4,1
pixeljar.com,20,0,2,1
pixelwerker.de,20,0,17,1
pixolabo.com,20,0,5,1
plan-ab.es,20,0,1,1
planb.sv,20,0,2,1
playmada.com,20,0,2,1
plazabody.com,20,0,6,1
portaldacapital.com,20,0,1,1
practicsbs.com,20,0,1,1
precisebusinesssolutions.net,20,0,281,1
premiermag.com,20,0,12,1
primeone.global,20,0,9,1
progressus.io,20,0,2,1
prorankllc.com,20,0,105,1
prosperforpurpose.com,20,0,1,1
providerliste.ch,20,0,1,1
publir.com,20,0,3,1
puce-et-media.com,20,0,3,1
qeryz.com,20,0,3,1
qualityhive.com,20,0,1,1
questionbase.com,20,0,2,1
quickwayinfosystems.com,20,0,1,1
qwerty.work,20,0,1,1
rachelbeaney.com,20,0,1,1
radio2go.fm,20,0,2,1
rankfast.co,20,0,2,1
razoyo.com,20,0,2,1
reaction.ca,20,0,1,1
readingchest.co.uk,20,0,915,1
realestatelicensetraining.com,20,0,1,1
realtyconnect.com,20,0,8,1
recruitmint.com,20,0,1,1
reddoak.com,20,0,1,1
redgage.com,20,0,1,1
redstartcreative.com,20,0,1,1
redvoiss.net,20,0,1,1
referencime.fr,20,0,1,1
refreshtech.com,20,0,2,1
regenerativedesign.org,20,0,636,1
regur.net,20,0,2,1
remoteweek.io,20,0,2,1
resolvedigital.com,20,0,4,1
reveation.io,20,0,2,1
ricmac.org,20,0,1,1
rifetheme.com,20,0,10,1
rizalconsulting.id,20,0,6,1
rmd-hk.com,20,0,2,1
roadtoblogging.com,20,0,1,1
rozzario.com,20,0,1,1
rsacreativestudio.com,20,0,1,1
russharvey.bc.ca,20,0,3,1
saleshq.com.au,20,0,1,1
sanatyips.com,20,0,1,1
sandc.ae,20,0,2,1
santacruzgives.org,20,0,2,1
santacruztechbeat.com,20,0,2,1
scalesta.com,20,0,4,1
scamrisk.com,20,0,1,1
scanigma.com,20,0,7,1
scdit.com,20,0,3,1
scheible.it,20,0,4,1
scriptstown.com,20,0,2,1
seckfordagencies.co.uk,20,0,2,1
sector45.com,20,0,2,1
securityledger.com,20,0,2,1
semantica.co.za,20,0,1,1
senhebergement.com,20,0,2,1
seoagency.co.il,20,0,1,1
seocounselors.com,20,0,1,1
seoeliteagency.com,20,0,5,1
seoglobal.es,20,0,1,1
seohot.vn,20,0,2,1
seostrategy.co.uk,20,0,1,1
seotribunal.com,20,0,3,1
seowebdesignllc.com,20,0,23,1
sermonquotes.com,20,0,10,1
serped.com,20,0,1,1
servenomaster.com,20,0,1,1
shenghongpaper.com,20,0,4,1
shift-js.info,20,0,1,1
shiftfrequency.com,20,0,1,1
shiftmind.com.br,20,0,1,1
shiftweb.com,20,0,3,1
shirleyacres.com,20,0,12,1
shoutmecrunch.com,20,0,1,1
shrinemaiden.com,20,0,5,1
shubham-sharma.fr,20,0,1,1
sidehustlelab.com,20,0,4,1
silverbackmusic.net,20,0,2,1
simplybiotech.com,20,0,1,1
simplywordpress.com.au,20,0,6,1
sinkusstudio.com,20,0,1,1
sitelypro.com,20,0,1,1
skillhub.club,20,0,2,1
skillvertex.com,20,0,3,1
slajobs.com,20,0,1,1
socialorange.in,20,0,1,1
socialspark.com,20,0,6,1
soshace.com,20,0,2,1
sourcecode.mx,20,0,4,1
sparq.ai,20,0,2,1
spontivly.com,20,0,1,1
sportidealisten.se,20,0,4,1
stackgui.de,20,0,4,1
stagebit.com,20,0,1,1
stanislas.blog,20,0,2,1
stanta.co.uk,20,0,1,1
starboardmedia.co.uk,20,0,1,1
startblogging101.com,20,0,1,1
startupfa.me,20,0,3,1
stephane-bataillard.fr,20,0,3,1
sternerstuff.dev,20,0,10,1
stiftungsmarktplatz.eu,20,0,1,1
storeownertips.com,20,0,2,1
strategicadvisorboard.com,20,0,68,1
strategicwebsites.com,20,0,1,1
studiocassette.com,20,0,1,1
studyhub.net.in,20,0,1,1
stylersgroup.hu,20,0,1,1
stymeta.com,20,0,1,1
sundeck.studio,20,0,1,1
superdevresources.com,20,0,2,1
superspeedyplugins.com,20,0,9,1
svcommunity.org,20,0,1,1
svetwp.cz,20,0,1,1
svpcares.org,20,0,48,1
sydneybusinessweb.com.au,20,0,1,1
sylvidra.fr,20,0,1,1
syndelltech.com,20,0,1,1
tailorededgemarketing.com,20,0,1,1
tarosky.co.jp,20,0,2,1
techdella.com,20,0,1,1
techmag.com.pk,20,0,1,1
technicalwall.com,20,0,1,1
technologyaloha.com,20,0,1,1
techpuran.in,20,0,1,1
techsocialnet.com,20,0,2,1
techtrends.jp,20,0,3,1
techvibesit.com,20,0,1,1
techvocast.co.uk,20,0,1,1
temaricerca.com,20,0,10,1
tenacity.io,20,0,7,1
tenman.info,20,0,1,1
thebiomatstore.com,20,0,6,1
thedaylightstudio.com,20,0,2,1
thekatyblog.com,20,0,140,1
thelifestylecard.co.uk,20,0,2,1
themathergroupllc.com,20,0,1,1
themebeez.com,20,0,1,1
themetix.com,20,0,1,1
theonlinecourseguy.com,20,0,1,1
theporn.com,20,0,1,1
thesuccessfulfounder.com,20,0,1,1
thetablereadmagazine.co.uk,20,0,2,1
thetechdelta.com,20,0,8,1
theunnoticed.cc,20,0,4,1
thewayhow.com,20,0,63,1
thewebsitementor.com,20,0,1,1
thietkewebchuyen.com,20,0,1,1
threegirlsmedia.co.uk,20,0,2,1
timdehoog.nl,20,0,2,1
timmermansmedia.nl,20,0,2,1
tisec.com.br,20,0,2,1
titan.pro,20,0,7,1
titancms.com,20,0,2,1
toolmaster.ch,20,0,4,1
topcatholicsongs.com,20,0,11,1
toud.eu,20,0,2,1
trabsky.com,20,0,4,1
tracsoft.com,20,0,2,1
traficmania.com,20,0,1,1
trch.com,20,0,3,1
tsir.org.tw,20,0,6,1
tube2com.com,20,0,1,1
tuhocmmo.com,20,0,2,1
typografics.be,20,0,2,1
ubixnow.com,20,0,6,1
ufv.in,20,0,1,1
unframeddigital.com,20,0,2,1
unitedworks.no,20,0,2,1
usefulparadigm.com,20,0,1,1
useworkhero.com,20,0,10,1
valendigital.co.uk,20,0,1,1
vastcob.com,20,0,1,1
veb.it,20,0,2,1
veeper.com,20,0,1,1
ventalink.com,20,0,1,1
ventilux.com,20,0,2,1
verifyi9.com,20,0,1,1
verycreatives.com,20,0,1,1
vipestudio.com,20,0,4,1
visourcearchives.com,20,0,4,1
vizzwebsolutions.com,20,0,1,1
vojtechkral.cz,20,0,1,1
vonnda.com,20,0,1,1
vrijspreker.nl,20,0,1,1
w-maintenance.pro,20,0,8,1
w3financialgroup.com,20,0,1,1
wasatchcresttreatment.com,20,0,2,1
wcopilot.com,20,0,3,1
weareconvoy.com,20,0,2,1
wearewp.pro,20,0,1,1
web-care.nl,20,0,3,1
webadev.com,20,0,1,1
webcie.ca,20,0,1,1
webfulcreations.com,20,0,8,1
webhostingadvices.com,20,0,5,1
webhostwizards.com.au,20,0,1,1
webiteers.nl,20,0,1,1
webkeyz.com,20,0,3,1
webrush.io,20,0,4,1
websitebuilder.org,20,0,9,1
websitecreationworkshop.com,20,0,1,1
websitedesign-usa.com,20,0,1,1
websiteheadlines.com,20,0,65,1
websitesusa.com,20,0,5,1
webstick.blog,20,0,43,1
webstoresltd.com,20,0,8,1
websults.com,20,0,4,1
webtargetedtraffic.com,20,0,2,1
webtexto.pt,20,0,2,1
westspecialfasteners.co.uk,20,0,6,1
wexample.com,20,0,2,1
whizolosophy.com,20,0,3,1
wicmtl.ca,20,0,2,1
wild-pr.co.uk,20,0,1,1
williamhenry.net,20,0,12,1
windowshelp.nl,20,0,63,1
winesitting.com,20,0,2,1
wnweb.com.br,20,0,1,1
woliveiras.com.br,20,0,1,1
woosender.com,20,0,1,1
wopedigital.com,20,0,3,1
worddisk.com,20,0,1,1
wordproof.com,20,0,1,1
workwithengaged.com,20,0,1,1
wostrategies.com,20,0,1,1
wp-bistro.de,20,0,1,1
wp-hasty.com,20,0,40,1
wpaisle.com,20,0,1,1
wpar.net,20,0,12,1
wpblogdesigner.net,20,0,6,1
wpclerks.com,20,0,6,1
wpcore.com,20,0,1,1
wpdepend.com,20,0,3,1
wpdiscounts.io,20,0,3,1
wpelectrinc.com,20,0,33,1
wpjournalist.nl,20,0,4,1
wplake.org,20,0,4,1
wpm.si,20,0,275,1
wpmrr.com,20,0,4,1
wpnet.nz,20,0,1,1
wponcall.com,20,0,4,1
wpoptic.com,20,0,4,1
wpplugindirectory.org,20,0,8,1
wpspeedmatters.com,20,0,3,1
wpsupporters.nl,20,0,1,1
wpthemespeed.com,20,0,2,1
wptuts.co.uk,20,0,65,1
wpwave.com,20,0,2,1
writersandeditors.com,20,0,2,1
wundertre.com,20,0,1,1
xgentech.net,20,0,3,1
yewbiz.com,20,0,1,1
yoghurtdigital.com,20,0,1,1
yourpathfinder.io,20,0,1,1
yuquiyufarm.com,20,0,6,1
zakaztovarov.net,20,0,3,1
zapferlalm.at,20,0,1,1
zenti.com,20,0,1,1
zeroparallel.com,20,0,2,1
znetguru.com,20,0,1,1
zrock.com,20,0,12,1
1001ya.com,19,0,3,1
21brz.com.br,19,0,1,1
2ch.su,19,0,3,1
360wise.com,19,0,4,1
40komma6.de,19,0,1,1
4696.co.jp,19,0,1,1
4sconnect.com,19,0,8,1
50fox.com,19,0,1,1
8degreethemes.com,19,0,6,1
aakashweb.com,19,0,30,1
aarontgrogg.com,19,0,2,1
abcvascular.com,19,0,3,1
ablocks.pro,19,0,1,1
accelerationdigitale.be,19,0,1,1
adachin.me,19,0,2,1
addictedtocode.de,19,0,1,1
adelsoncliniclasvegas.com,19,0,12,1
adonai.eti.br,19,0,1,1
adventdigital.net,19,0,11,1
advisorist.com,19,0,3,1
afteractive.com,19,0,9,1
agd-markgroeningen.de,19,0,1,1
agencia.life,19,0,1,1
agentgearusa.com,19,0,1,1
ageright.org,19,0,2,1
agerix.fr,19,0,12,1
agiledigitalstrategy.com,19,0,2,1
aidoczh.com,19,0,18,1
akomokids.com,19,0,2,1
alessioangeloro.it,19,0,1,1
all-things-medical-billing.com,19,0,1,1
altom.notaires.fr,19,0,1,1
amaphiladelphia.com,19,0,3,1
amoddex.com,19,0,1,1
amove.com,19,0,2,1
ampedpages.com,19,0,668,1
amplethemes.com,19,0,1,1
antoniojenaro.com,19,0,2,1
aosmiles.com,19,0,1,1
aovup.com,19,0,9,1
apexenviro.co.za,19,0,6,1
apluscareerapparel.com,19,0,4,1
appsadmins.com,19,0,1,1
appsbd.com,19,0,2,1
apuntesinformaticafp.com,19,0,6,1
archyde.com,19,0,3,1
arizonaresponsesystems.com,19,0,12,1
armonia.io,19,0,10,1
arrowtheme.com,19,0,6,1
artexoverheaddoor.com,19,0,6,1
asax.ir,19,0,1,1
ascendbusinessgrowth.com,19,0,1,1
ashleyhughes.com,19,0,3,1
astutecopyblogging.com,19,0,6,1
atcreative.co.th,19,0,1,1
attck.com,19,0,6,1
avdragslexikon.se,19,0,1,1
avoca.design,19,0,18,1
awaraj.com,19,0,62,1
azcwr.org,19,0,1,1
b-create.co.jp,19,0,7,1
babiato.tech,19,0,36,1
bankautomationnews.com,19,0,18,1
bare-digital.com,19,0,1,1
barnes-portocervo.com,19,0,9,1
bazargrafico.com,19,0,1,1
bdsip.co.uk,19,0,4,1
beaverhero.com,19,0,1,1
bellebrita.com,19,0,2,1
benloiz.com,19,0,6,1
bensteenstra.com,19,0,2,1
bernllp.com,19,0,2,1
bgeek.it,19,0,1,1
bhoost.com,19,0,1,1
bibica.net,19,0,2,1
bigflare.com,19,0,2,1
bighacks.agency,19,0,1,1
bigmoves.marketing,19,0,1,1
bigtimes.net,19,0,1,1
billydrummonddrums.com,19,0,6,1
biondocreative.com,19,0,1,1
bishopstrow.com,19,0,2,1
bitcoin-live.de,19,0,5,1
bizquip.ie,19,0,6,1
blackraven.digital,19,0,2,1
blakeir.com,19,0,3,1
blieb.nl,19,0,2,1
blikreclame.nl,19,0,1,1
blogearns.com,19,0,1,1
bloggersideas.com,19,0,77,1
bloginfos.com,19,0,4,1
blognife.com,19,0,3,1
blogsaays.com,19,0,1,1
bluebolt.pt,19,0,1,1
bluecactus.digital,19,0,1,1
bluecrocus.ca,19,0,1,1
blueflamingo.ca,19,0,2,1
blueflamingo.co.uk,19,0,4,1
blueticksocial.com,19,0,1,1
bluezenith.com,19,0,3,1
bns-news.com,19,0,2,1
boatmarketingpros.com,19,0,1,1
boston-link.com,19,0,1,1
brainxchange.com,19,0,1,1
brandexponents.com,19,0,3,1
brazilgpt.com.br,19,0,1,1
breitlinks.com,19,0,2,1
bridgemedia.ca,19,0,1,1
brimaronlinemarketing.com,19,0,2,1
brooksconkle.com,19,0,1,1
buerobesuch.de,19,0,1,1
bumperleads.com,19,0,1,1
businessdor.com,19,0,1,1
businesses.com.au,19,0,1,1
businessprotech.com,19,0,1,1
c1upp.info,19,0,3,1
calwine.ca,19,0,6,1
cansulta.com,19,0,3,1
carlossanchezdonate.com,19,0,2,1
carolinaforestry.com,19,0,6,1
cbcky.com,19,0,1,1
cecead.com,19,0,2,1
chaika.hatenablog.com,19,0,1,1
channel-technologies.com,19,0,2,1
checksite.ca,19,0,1,1
cheneymuseum.org,19,0,6,1
cheshire-today.co.uk,19,0,1,1
chrisadams.me.uk,19,0,2,1
christinecowernteam.com,19,0,8,1
churchatwoodbine.com,19,0,3,1
clairebahn.com,19,0,1,1
claudepluginhub.com,19,0,3,1
clicksports.de,19,0,4,1
cloudyuga.guru,19,0,1,1
co3learn.de,19,0,1,1
coachator.com,19,0,1,1
codegeek.net,19,0,1,1
codepwr.com,19,0,1,1
codered.cloud,19,0,1,1
codesi.ai,19,0,2,1
codestag.com,19,0,1,1
commercialbc.com,19,0,2,1
comrealty.net,19,0,6,1
comtechies.com,19,0,6,1
conedevelopment.com,19,0,3,1
contenido.org,19,0,1,1
contentcucumber.com,19,0,2,1
contentforgood.co,19,0,1,1
conversiongiant.com,19,0,2,1
conversionmedia.com,19,0,4,1
convertkit-mail.com,19,0,5,1
convertkit-mail2.com,19,0,3,1
copyadscontent.com,19,0,1,1
coraseosoftware.net,19,0,13,1
cqcinvestigations.co.uk,19,0,2,1
craylor.com,19,0,1,1
creandoblog.com,19,0,1,1
createengage.co.uk,19,0,1,1
creategrit.com,19,0,1,1
creatoko.com,19,0,113,1
criticalcloud.ai,19,0,1,1
crucianpoint.com,19,0,1,1
crypto-horizon.com,19,0,1,1
csnakliyat.com,19,0,1,1
cubicfox.com,19,0,1,1
cultura-informatica.com,19,0,1,1
culture3.com,19,0,13,1
cyclewerxmarketing.com,19,0,1,1
cytosorb-therapy.com,19,0,9,1
dailyseoblog.com,19,0,2,1
damsl.org,19,0,22,1
danceteacherfinder.com,19,0,2,1
daniliants.ventures,19,0,1,1
danmackinlay.name,19,0,4,1
datafeedwatch.dk,19,0,1,1
davidblum.ch,19,0,1,1
davidcangelosi.com,19,0,6,1
decideconsulting.com,19,0,1,1
deepfunding.ai,19,0,2,1
definity.io,19,0,1,1
degis.info,19,0,6,1
denverautographs.com,19,0,4,1
derak.cloud,19,0,1,1
detectx.com.au,19,0,27,1
developer-blog.net,19,0,1,1
deviatelabs.com,19,0,1,1
devopswebdesigners.co.ke,19,0,2,1
dialogospunitivos.com,19,0,1,1
diewebag.de,19,0,4,1
digicamclub.de,19,0,1,1
digifix.com.au,19,0,1,1
digilite.us,19,0,34,1
digimonksolutions.com,19,0,1,1
digitalagencies.ae,19,0,2,1
digitalblacksmiths.io,19,0,1,1
digitalsafeonline.com,19,0,6,1
dimitrivieira.com,19,0,4,1
distriver52.com,19,0,1,1
dna.online,19,0,1,1
domexpo.fr,19,0,4,1
dorudorudoru.com,19,0,3,1
dottopia.com,19,0,1,1
dreamlight.com,19,0,1,1
drijehornick.nl,19,0,2,1
dtjournal.org,19,0,1,1
duanefurlongstudios.com,19,0,18,1
duvalpartnership.com,19,0,1,1
easyb.org,19,0,1,1
eazyplugins.com,19,0,2,1
editions-schortgen.lu,19,0,9,1
eelcodijkstra.github.io,19,0,1,1
efb-greenroof.eu,19,0,2,1
effectivesoftwaredesign.com,19,0,1,1
einstieg-in-wp.de,19,0,2,1
ekctraining.ac.uk,19,0,2,1
elatre.com,19,0,11,1
elephantintheboardroom.com.au,19,0,1,1
emeraldtrailscampground.com,19,0,12,1
emu4ios.net,19,0,2,1
encodedna.com,19,0,10,1
englishharmony.com,19,0,1383,1
ennolys.fr,19,0,2,1
enterprise-ai.io,19,0,5,1
eon-media.com,19,0,1,1
eond.com,19,0,1,1
eplatformmarketing.com,19,0,1,1
esbrillante.mx,19,0,1,1
esilapp.com,19,0,2,1
esoftskills.ie,19,0,1,1
evelan.de,19,0,8,1
everythingbilliards.net,19,0,3,1
everythingvape.co.uk,19,0,2,1
evisio.co,19,0,10,1
ewhois.com,19,0,1,1
ewolve.nl,19,0,1,1
expertosenmarca.com,19,0,12,1
f.technology,19,0,90,1
fableheartmedia.com,19,0,1,1
fabricadecriatividade.com.br,19,0,1,1
fashionpotluck.com,19,0,2,1
fbc.de,19,0,8,1
fearlessbusinessboss.com,19,0,2,1
felix-demenzbegleitung.at,19,0,1,1
fellyph.com.br,19,0,1,1
firstorder.ai,19,0,2,1
fit-center-hallein.at,19,0,1,1
fitbizweekly.ca,19,0,1,1
fivestarcontent.co,19,0,1,1
fivfrance.com,19,0,1,1
fixmywp.com,19,0,7,1
fleurop-home.ch,19,0,4,1
flourishdesignstudio.com,19,0,1,1
flowji.com,19,0,1,1
fnf.jp,19,0,1,1
fokus-ecommerce.de,19,0,1,1
fortaymedia.co.uk,19,0,1,1
forumpromotion.net,19,0,1,1
foureyes.com,19,0,2,1
foxadvert.com,19,0,1,1
franceonline.fr,19,0,4,1
fraservalleynewsnetwork.com,19,0,2,1
fratellifrancia.it,19,0,17,1
frogcast.com,19,0,2,1
frontline.com.sg,19,0,2,1
frostming.com,19,0,1,1
fullybookedva.com,19,0,1,1
fuseo.be,19,0,2,1
g3group.com,19,0,1,1
generate.support,19,0,13,1
genesiswtech.com,19,0,1,1
getwebinar.co.il,19,0,1,1
ghzplanners.nl,19,0,15,1
gigapress.net,19,0,4,1
glenrockstairs.com,19,0,6,1
gnc.com.au,19,0,74,1
godam.io,19,0,1,1
golifelog.com,19,0,1,1
gooisepraktijkschool.nl,19,0,2,1
gotchamobi.com,19,0,1,1
gotechug.com,19,0,2,1
gpl.jp,19,0,24,1
graphicxell.com,19,0,2,1
grorapidlabs.com,19,0,1,1
group-images2.com,19,0,1,1
growthgurun.se,19,0,6,1
guideblogging.com,19,0,2,1
gulshankumar.net,19,0,1,1
guslab.com,19,0,2,1
guyiday.com,19,0,1,1
h9nfp.com,19,0,1,1
hackerboard.de,19,0,1,1
happist.com,19,0,124,1
hare.digital,19,0,1,1
harro.com,19,0,20,1
heag.us,19,0,2,1
heathsideschoolhampstead.com,19,0,6,1
hebadvisor.ca,19,0,1,1
hello-mathilde.fr,19,0,3,1
hereandnow365.co.uk,19,0,6,1
hexospark.com,19,0,1,1
hidayatrizvi.com,19,0,1,1
hidendesign.at,19,0,1,1
high5.sk,19,0,2,1
hootdesigncompany.com,19,0,1,1
horus.ch,19,0,1,1
hostedsoftware.org,19,0,1,1
hostida.com,19,0,14,1
hostilehare.com,19,0,1,1
hrefgo.com,19,0,7,1
hugobakker.com,19,0,1,1
hummy.tv,19,0,1,1
i7host.com.br,19,0,1,1
ibenic.com,19,0,2,1
idashsites.com.au,19,0,2,1
ideasplusbusiness.com,19,0,1,1
ideaz.si,19,0,1,1
ideosolutions.no,19,0,2,1
idevie.com,19,0,18,1
idigit.onl,19,0,1,1
ileycom.com,19,0,51,1
ilpuntontc.it,19,0,1,1
imagehopper.tech,19,0,1,1
imymac.fr,19,0,2,1
imymac.tw,19,0,2,1
inclusee.org.au,19,0,2,1
indiehackerstacks.com,19,0,1,1
informatico.pt,19,0,2,1
ingenierosdemarketing.com.co,19,0,1,1
inovativhosting.com,19,0,8,1
insidercareerstrategies.com,19,0,3,1
inspiredtoeducate.net,19,0,2,1
integro212.com,19,0,1,1
internetport.com,19,0,1,1
intigress.com,19,0,1,1
inventsoftware.info,19,0,2,1
jaylenschallenge.org,19,0,2,1
jefec.com,19,0,1,1
jeffreyeverhart.com,19,0,1,1
jefvandegraaf.com,19,0,7,1
jemturner.co.uk,19,0,2,1
jenniferbergmanweddings.com,19,0,12,1
jobhunt.co.il,19,0,2,1
jobibou.com,19,0,3,1
johackim.com,19,0,4,1
johnbatdorfmusic.com,19,0,18,1
joomboost.com,19,0,2,1
joserzapata.github.io,19,0,1,1
journals-lute.lviv.ua,19,0,4,1
joyk.com,19,0,2,1
jpembedded.eu,19,0,1,1
jtspratley.com,19,0,2,1
juliobevione.com,19,0,2,1
jwebmedia.com,19,0,1,1
k-animation.or.kr,19,0,11,1
k-lya.fr,19,0,2,1
kala.agency,19,0,3,1
keefomatic.com,19,0,1,1
keyelement.co.uk,19,0,1,1
keyscouts.com,19,0,9,1
khacreationusa.com,19,0,3,1
kmawebdesign.com,19,0,1,1
koalahilfe.de,19,0,17,1
kreativ-kraft.se,19,0,1,1
kudobuzz.com,19,0,1,1
kukucourses.com,19,0,1,1
kustom.ch,19,0,6,1
kuware.com,19,0,2,1
kvrwebtech.com,19,0,2,1
laboscreatifs.ca,19,0,2,1
lamanify.com,19,0,3,1
laurelstreetsmiles.com,19,0,3,1
lawyerd.net,19,0,1,1
lazymeg.com,19,0,1,1
learncomputer.in,19,0,1,1
learningcomputer.com,19,0,10,1
learninglaravel.net,19,0,2,1
lemon.digital,19,0,1,1
lepetitnicois.net,19,0,1,1
levelupsolutions.co,19,0,36,1
lighttape.com,19,0,6,1
linkexpert.eu,19,0,22,1
linkinghumans.com,19,0,3,1
linkware.it,19,0,1,1
littlebigfoundation.org,19,0,2,1
lkhrs.com,19,0,3,1
llos.xyz,19,0,1,1
lobsterdigitalmarketing.co.uk,19,0,4,1
localsintheloop.com.au,19,0,16,1
logicielsaasfrenchtech.fr,19,0,2,1
loom.ly,19,0,1,1
louiswebsdale.co.uk,19,0,2,1
lucidrhino.design,19,0,1,1
luehrsen-heinrich.de,19,0,1,1
lw-systems.de,19,0,1,1
maciekpalmowski.dev,19,0,17,1
maheshone.com,19,0,1,1
maid.co.uk,19,0,14,1
mailsweeper.co,19,0,1,1
makeit2.co.jp,19,0,3,1
makewebgames.io,19,0,3,1
mambasms.com,19,0,7,1
maralhost.com,19,0,7,1
mariechatfield.com,19,0,1,1
mariusb.ca,19,0,6,1
marketingtools.net,19,0,2,1
marketrefinedmedia.com,19,0,2,1
markop.de,19,0,1,1
marsbit.co,19,0,1,1
master-iesc-angers.com,19,0,2,1
matrixpost.net,19,0,26,1
maucariapa.com,19,0,4,1
mauteam.org,19,0,2,1
maxiblocks.com,19,0,9,1
mbaierl.com,19,0,3,1
meformer.org,19,0,1,1
meine-tischplatte.de,19,0,2,1
melaudia.net,19,0,39,1
mendelsites.com,19,0,2,1
miletic.net,19,0,1,1
mindbees.com,19,0,1,1
mindflowmarketing.com,19,0,4,1
missivedigital.com,19,0,1,1
mitchelldigital.co.uk,19,0,1,1
mittum.com,19,0,1,1
mj2marketing.com,19,0,3,1
mkillumination.co.uk,19,0,2,1
mnbety.com,19,0,2,1
mobiletry.com,19,0,2,1
modernmoneynetwork.org,19,0,6,1
moff.com,19,0,1,1
monogo.pl,19,0,1,1
mooverflow.com,19,0,2,1
motaber.com,19,0,2,1
mugabiimran.com,19,0,13,1
multilingualpress.de,19,0,1,1
mundodigital.art.br,19,0,3,1
musicschoolcentral.com,19,0,1,1
mybns.com,19,0,1,1
myessaywriter.net,19,0,2,1
myntinc.com,19,0,3,1
mysupplyclub.com,19,0,4,1
mzltd.com,19,0,1,1
n6cloud.com,19,0,5,1
naemt.nu,19,0,1,1
nanatomedia.com,19,0,1,1
ndevr.io,19,0,2,1
nectar.id,19,0,1,1
negociosyempresa.com,19,0,1,1
nettly.co,19,0,1,1
neuhausrealty.com,19,0,8,1
neutech.co,19,0,4,1
neuvo.co,19,0,1,1
newpulselabs.com,19,0,2,1
newsletteraccess.com,19,0,1,1
newtohr.com,19,0,1,1
next.inc,19,0,1,1
nextlevelglobalacademy.com,19,0,3,1
nfsec.pl,19,0,2,1
ngv-afdelingen.nl,19,0,15,1
nichetwins.com,19,0,1,1
nilesbio.com,19,0,12,1
nlisolutions.com,19,0,2,1
noahtype.com,19,0,1,1
nobleintent.com,19,0,4,1
nordweb.lt,19,0,1,1
nostromo.nl,19,0,1,1
notice.site,19,0,2,1
novo-media.ch,19,0,2,1
nucleuslinks.ai,19,0,2,1
nutritionaldevelopmentservices.org,19,0,825,1
oddjar.com,19,0,3,1
olympiamarketing.com,19,0,1,1
on-time-staffing.com,19,0,1,1
onlinesuccessgenie.com,19,0,1,1
onsparks.com,19,0,1,1
opstrms.com,19,0,4,1
optitech-sverige.se,19,0,2,1
ordinaryreviews.com,19,0,15,1
osadazbojecka.pl,19,0,3,1
otemplario.pt,19,0,2,1
oumusic.com.tw,19,0,2,1
outandbeyond.com,19,0,1,1
outcareyourcompetition.com,19,0,5,1
outcome.life,19,0,1,1
outlab.rio,19,0,2,1
outreachbloom.com,19,0,1,1
packalyst.com,19,0,6,1
pactman.org,19,0,1,1
pampabay.com,19,0,2,1
panamerik.com,19,0,1,1
pangeopro.com,19,0,1,1
paperlessinspectors.com,19,0,2,1
paradigm21.ch,19,0,8,1
parangat.com,19,0,1,1
parentyourparents.com,19,0,51,1
parkpress.com,19,0,6,1
pathfind.media,19,0,1,1
payperpost.com,19,0,6,1
pedrocaramez.com,19,0,1,1
peopleopsjobs.io,19,0,1,1
personal-holding.de,19,0,2,1
petitgarage.fr,19,0,2,1
pgrocer.net,19,0,1,1
phasethreegoods.co.uk,19,0,1,1
philia.vip,19,0,1,1
philkurth.com.au,19,0,1,1
phillybeerfests.com,19,0,1,1
phillywnc.org,19,0,1,1
php-dictionary.readthedocs.io,19,0,1,1
pianositoweb.it,19,0,3,1
piccianeri.com,19,0,1,1
pinroo.com,19,0,2,1
pinterpandai.com,19,0,2,1
pioneerbasementsolutions.com,19,0,1,1
pixelite.co.nz,19,0,2,1
pixelpeople.com,19,0,4,1
pixelperfecthtml.com,19,0,2,1
planetahuevo.es,19,0,1,1
planetmarketing.com,19,0,7,1
pluginever.com,19,0,1,1
podifai.com,19,0,1,1
podm8.com,19,0,2,1
polarismarketingsolutions.com,19,0,1,1
polycraft.com.au,19,0,6,1
popularaitools.ai,19,0,3,1
portvision.com,19,0,12,1
potensdigital.com,19,0,1,1
powerworkselectric.com,19,0,9,1
projectchampionz.com.ng,19,0,20,1
prorealtech.com,19,0,2,1
proresumes.io,19,0,2,1
prosperitydigital.es,19,0,1,1
prowlcommunications.com,19,0,1,1
ptrpress.com,19,0,2,1
qfeast.com,19,0,1,1
quadrat.ro,19,0,2,1
qualoom.es,19,0,1,1
qubed.agency,19,0,1,1
raamdev.com,19,0,16,1
radiumdigital.ma,19,0,1,1
rapidstock.com,19,0,248,1
rasayanika.com,19,0,134,1
ratherinventive.com,19,0,2,1
reactin.io,19,0,1,1
realgaming101.pt,19,0,2,1
realtechvr.com,19,0,1,1
receptix.com,19,0,1,1
recommend.pro,19,0,1,1
redizajn.ba,19,0,2,1
rejestracjadomen.pl,19,0,1,1
release-potential.co.uk,19,0,16,1
remotion.se,19,0,10,1
resource.fyi,19,0,3,1
respect.studio,19,0,1,1
revistaes.com.br,19,0,1,1
revolttechnology.com,19,0,3,1
revshare.so,19,0,12,1
rickyspears.com,19,0,28,1
rmcreative.ru,19,0,1,1
rntlab.com,19,0,1,1
rometheme.net,19,0,8,1
royablog.ir,19,0,20,1
royalsoft.eu,19,0,1,1
ruslan.rocks,19,0,1,1
ryancameron.me,19,0,3,1
ryanfeigenbaum.com,19,0,1,1
sabavision.com,19,0,3,1
sabertecnologias.com.br,19,0,2,1
sadlobos.com,19,0,20,1
sales-demand.com,19,0,2,1
salesloop.io,19,0,2,1
sapng.com,19,0,9,1
sarahtamsin.com,19,0,1,1
scalpsas.com,19,0,1,1
scootermediaco.com,19,0,1,1
searchenginecage.com,19,0,4,1
security-info.com,19,0,8,1
semupdates.com,19,0,1,1
senooken.jp,19,0,4,1
seobarrientos.com,19,0,1,1
seokratie.at,19,0,1,1
seoptimizacijasajta.com,19,0,1,1
seothetop.com,19,0,1,1
serpmatrix.com,19,0,2,1
sesamers.com,19,0,2,1
sfuncube.com,19,0,1,1
shannonkirstenstudio.com,19,0,4,1
shineapps.co,19,0,1,1
shugakukai.co.jp,19,0,6,1
sightedmoon.com,19,0,3,1
silvercode.com.au,19,0,3,1
simbios.fr,19,0,1,1
simonstapleton.com,19,0,1,1
sinosoft.guru,19,0,2,1
sisterservants.org,19,0,12,1
skalata.co,19,0,1,1
smartinspection.eu,19,0,1,1
smstoslack.com,19,0,38,1
socalsurgicalarts.com,19,0,267,1
socialcrow.co,19,0,1,1
sonder.com.au,19,0,1,1
southerncreativeco.com,19,0,7,1
spaciousphilly.com,19,0,1,1
spacovascular.com.br,19,0,3,1
specialis.at,19,0,1,1
sperse.io,19,0,3,1
spits.online,19,0,2,1
stagecoachcartage.com,19,0,2,1
stainlessoutfitters.com,19,0,6,1
stallioncognitive.com,19,0,1,1
startupoasis.co,19,0,4,1
stateofdb.com,19,0,1,1
statusfield.com,19,0,106,1
stephensevolution.com,19,0,2,1
stonetreeclinic.com,19,0,1,1
studio5creative.com,19,0,2,1
sugarpixels.com,19,0,1,1
summitmediasolutions.com,19,0,1,1
supadezign.com,19,0,2,1
surprise777.com,19,0,2,1
suseo1993.co.kr,19,0,16,1
sussexseo.net,19,0,2,1
swiatwp.pl,19,0,1,1
sylvianenuccio.com,19,0,1,1
sysbee.net,19,0,1,1
tactic.fyi,19,0,1,1
taikundigital.com,19,0,4,1
takisathanassiou.com,19,0,1,1
tawasulforum.org,19,0,2,1
techbound.in,19,0,2,1
techd.com.br,19,0,3,1
techiemamma.com,19,0,1,1
techio.co,19,0,2,1
technium.ch,19,0,2,1
technotrenz.com,19,0,2,1
techquintal.com,19,0,3,1
teknoflair.com,19,0,6,1
teraflow.ai,19,0,3,1
text2infographic.com,19,0,1,1
thececilygroup.com,19,0,2,1
thecloudconsultancy.co,19,0,2,1
thecontentlab.ie,19,0,2,1
theflorastevensonprimary.com,19,0,6,1
theistudio.com,19,0,6,1
themarketingshop.ie,19,0,1,1
themodernentrepreneur.com,19,0,2,1
thenicheguru.com,19,0,99,1
thepmrepo.com,19,0,3,1
thetaskforceactionfund.org,19,0,6,1
theunconventionalrd.com,19,0,2,1
theworldbeast.com,19,0,1,1
thinktoshare.com,19,0,1,1
timonwa.com,19,0,1,1
tinyquip.com,19,0,102,1
tonydixonmusic.co.uk,19,0,6,1
topla.hr,19,0,1,1
torutk.com,19,0,18,1
totallivingcenter.org,19,0,8,1
tozlumikrofon.com,19,0,19,1
transformationcentermadison.com,19,0,6,1
tribaldigitalmedia.com,19,0,1,1
trodomains.co.uk,19,0,3,1
truegeometry.com,19,0,2,1
truelist.co,19,0,4,1
trustratings.com,19,0,2,1
tryanalyze.ai,19,0,3,1
twentyfour.industries,19,0,1,1
twinstrata.com,19,0,2,1
uihtm.com,19,0,2,1
unidevs.it,19,0,1,1
unifiedarts.de,19,0,2,1
unimess.de,19,0,2,1
uniquewebdesigner.com,19,0,2,1
unityagency.com,19,0,3,1
unlockanypdf.com,19,0,1,1
unlockyoursound.com,19,0,1,1
uslegalmarketing.com,19,0,1,1
utds.al,19,0,1,1
uteblindert.de,19,0,1,1
uwcomputerstudent.nl,19,0,3,1
valentinomannara.it,19,0,3,1
vaslou.com,19,0,4,1
velocity-seo.com,19,0,1,1
velocity.digital,19,0,1,1
verlagederzukunft.de,19,0,1,1
vielhuber.de,19,0,73,1
vietnamlab.vn,19,0,2,1
vimexx.eu,19,0,1,1
virtualangling.com,19,0,4,1
visuallizard.com,19,0,1,1
vivienda.com,19,0,1,1
wasabitheme.com,19,0,4,1
wdb.agency,19,0,5,1
wdmarket.lv,19,0,2,1
wearecunninglygood.com,19,0,1,1
wearestarke.com,19,0,3,1
web-maniac.com,19,0,2,1
webdorks.com,19,0,1,1
webhostervergleich.de,19,0,1,1
webintelligence.fr,19,0,1,1
weble.tokyo,19,0,1,1
weblibellule.com,19,0,2,1
webnauta.it,19,0,1,1
webreaper.dev,19,0,1,1
websocorro.com.br,19,0,2,1
websta.me,19,0,4,1
webtng.com,19,0,3,1
webventures.ro,19,0,1,1
weethetsnel.nl,19,0,1,1
weirdworm.net,19,0,1,1
weloveweb.eu,19,0,2,1
wemotif.com,19,0,1,1
wesquare.nl,19,0,1,1
westonflchamber.com,19,0,8,1
westsidebeerwinespirits.com,19,0,4,1
westslopestartupweek.com,19,0,2,1
whitelotuscorporation.com,19,0,1,1
wifiwijs.nl,19,0,2,1
wijswest.nl,19,0,4,1
wiljeonline.nl,19,0,1,1
windmeeonline.nl,19,0,129,1
winsavvy.com,19,0,2,1
wixmediagroup.com,19,0,12,1
wolineye.com,19,0,6,1
woofers.be,19,0,1,1
woofrance.fr,19,0,30,1
wordwrightweb.com,19,0,1,1
worklife.org.au,19,0,6,1
worldwide-studies.com,19,0,2,1
wowvisible.com,19,0,1,1
wowwilderness.com.au,19,0,12,1
wp-master.ir,19,0,2,1
wp-rankings.com,19,0,6,1
wp-slimstat.com,19,0,2,1
wpaccessibility.day,19,0,10,1
wpblazer.com,19,0,5,1
wprblogger.com,19,0,4,1
wpremotework.com,19,0,45,1
wpsymposium.com,19,0,1,1
wpupgrader.com,19,0,9,1
writewing.in,19,0,1,1
xendach.de,19,0,3,1
xugj520.cn,19,0,1,1
yanai-ke.com,19,0,7,1
ymeadows.com,19,0,2,1
ytubebooster.app,19,0,1,1
yungke.me,19,0,39,1
z-association.fr,19,0,2,1
z89online.com,19,0,6,1
zahavianlegalmarketing.com,19,0,1,1
zaligaanzee.be,19,0,2,1
zarpgaming.com,19,0,4,1
zedd.fr,19,0,5,1
zengengo.com,19,0,1,1
zerowastemaldives.com,19,0,5,1
zetra.hu,19,0,3,1
zfx.info,19,0,2,1
zhexcheats.com,19,0,1,1
10best.co.nz,18,0,2,1
10code.es,18,0,3,1
1800insurance.com,18,0,1,1
574invest.com,18,0,1,1
64hydro.com,18,0,9,1
699websites.com,18,0,1,1
6smarketers.com,18,0,1,1
7theme.net,18,0,2,1
96ish.jp,18,0,3,1
abime-concept.com,18,0,1,1
abralliance.org,18,0,3,1
abstracta.digital,18,0,1,1
acapinc.org,18,0,4,1
accuphotography.com,18,0,625,1
adams-rib-smoke-house.com,18,0,6,1
adclichosting.com,18,0,2,1
add.digital,18,0,2,1
adentris.com,18,0,2,1
affcaptain.com,18,0,47,1
afkaristudio.com,18,0,1,1
afluonline.ro,18,0,1,1
african-adventures.co.uk,18,0,2,1
agence-convergence.com,18,0,1,1
agenciaseomexico.mx,18,0,1,1
agencywebroma.it,18,0,2,1
ai-ecosystem.org,18,0,9,1
aiasmc.org,18,0,2,1
airtechpros.com,18,0,1,1
alamarte.com,18,0,2,1
alexeymk.com,18,0,1,1
alfonsostriano.it,18,0,2,1
aliendro.id,18,0,1,1
allisonsplumbingheatingandac.com,18,0,6,1
allusefulinfo.com,18,0,2,1
almalomat.com,18,0,1,1
alwaysopen.design,18,0,4,1
am-news.com,18,0,1,1
amedee.be,18,0,1,1
anchoralpine.com,18,0,1,1
andreiavram.ro,18,0,1,1
andronautic.com,18,0,2,1
anja-schaefer.eu,18,0,2,1
anothercoffee.net,18,0,5,1
aperlust.com,18,0,2,1
apibit.com,18,0,21,1
apical.xyz,18,0,3,1
apiculus.com,18,0,1,1
aplusb-solutions.com,18,0,1,1
appademic.nl,18,0,3,1
applicantz.io,18,0,2,1
arabes1.com,18,0,3,1
arabiansaddle.com,18,0,12,1
arakoki70.com,18,0,1,1
arctablet.com,18,0,1,1
arenamarcas.com.br,18,0,28,1
arenastreaming.com,18,0,1,1
areyoumention.com,18,0,1,1
ariamedispa.com,18,0,108,1
arrowalley.com,18,0,1,1
artnum.com,18,0,1,1
arvo.net,18,0,1,1
as.tr,18,0,4,1
assurances-jobs.ca,18,0,1,1
atelier-retour-de-peche.com,18,0,2,1
avensys.com,18,0,6,1
awd.com.au,18,0,1,1
azartalliance.com,18,0,6,1
azoora.de,18,0,1,1
b2bappointmentsetting.com,18,0,1,1
baby-chicken.hatenablog.com,18,0,1,1
be-wide.com,18,0,1,1
beetechy.com,18,0,1,1
bel-com.be,18,0,2,1
bensheating.com,18,0,6,1
berocket.com,18,0,1,1
besttechpartner.ai,18,0,1,1
bigdataanalyticsnews.com,18,0,2,1
bizdesire.co,18,0,164,1
blackcamel.agency,18,0,8,1
bldwebagency.fr,18,0,1,1
bloggerspace.dk,18,0,1,1
blogheist.com,18,0,2,1
bluecrabinspections.com,18,0,6,1
bmon.co.uk,18,0,1,1
boitmobile.fr,18,0,3,1
boldeyemedia.com,18,0,1,1
bookingtjeneste.no,18,0,6,1
borderlessmind.com,18,0,1,1
brandgoodtime.com,18,0,1,1
breadfish.de,18,0,5,1
brighton-website-design.co.uk,18,0,1,1
brightseotools.com,18,0,29,1
brittcreative.co,18,0,4,1
brookvilleanimalhospitalonline.com,18,0,6,1
brucesroofing.com,18,0,6,1
bsamarketing.com,18,0,2,1
buildingblocksofscience.com,18,0,4,1
bungalowcreative.co,18,0,1,1
business-view.photo,18,0,2,1
businessinrichmond.ca,18,0,1,1
businesstornio.fi,18,0,6,1
buurtkadoos.nl,18,0,1,1
c212.net,18,0,4,1
caforum.fr,18,0,1,1
careercliff.com,18,0,1,1
carlosmarca.com,18,0,1,1
cassiopea.ca,18,0,2,1
cdigitale.com,18,0,1,1
cellos2go.com,18,0,6,1
cervefest.com.mx,18,0,1,1
chabloz-ortho.com,18,0,1,1
chatkitty.com,18,0,4,1
chiefmedia.com,18,0,1,1
choq.fm,18,0,3,1
chrismuzilla.com,18,0,1,1
chroma-marketing.com,18,0,1,1
cidesp.com.br,18,0,2,1
cieldesign.co.jp,18,0,3,1
civicdashboard.ca,18,0,1,1
cloudixdigital.com,18,0,1,1
clubatleticopilar.com,18,0,1,1
codebranch.co,18,0,5,1
codeconverter.com,18,0,1,1
coimbee.com,18,0,1,1
collow.ai,18,0,1,1
colossis.io,18,0,1,1
common-helsinki.com,18,0,6,1
communitysymbol.com,18,0,1,1
computersciencehero.com,18,0,1,1
comstockcc.com,18,0,6,1
comunidadequilombolatiaeva.com.br,18,0,1,1
conceptual-innovations.com,18,0,2,1
concordyachtclub.org,18,0,38,1
configureid.com,18,0,1,1
conspec-controls.com,18,0,6,1
contele.io,18,0,2,1
conversionfanatics.com,18,0,1,1
coolepagina.nl,18,0,3,1
coupontoaster.com,18,0,1,1
coxnext.com,18,0,1,1
cozythemes.com,18,0,2,1
craigcallen.com,18,0,5,1
creativesmilesdental.net,18,0,6,1
crm.buzz,18,0,1,1
crunchylemons.com,18,0,1,1
cur.at,18,0,94,1
cure-intelligence.com,18,0,2,1
curiousm.com,18,0,1,1
cyberperformance.ca,18,0,12,1
cybersecuritymag.com,18,0,5,1
dailyblogging.org,18,0,3,1
dailymoss.com,18,0,3,1
danielvoelk.de,18,0,6,1
dariobanfi.it,18,0,4,1
darkduck.com,18,0,2,1
dataexpertise.in,18,0,1,1
datei.wiki,18,0,118,1
dayisnewcreative.com,18,0,2,1
des13.com,18,0,26,1
dev4press.com,18,0,2,1
developmentpeople.com,18,0,1,1
devolum.com,18,0,1,1
devpanel.com,18,0,2,1
devs.com.pt,18,0,9,1
devtool.io,18,0,2,1
dezigned.com,18,0,1,1
dieutek.com,18,0,5,1
digiaargh.fi,18,0,1,1
digicom.io,18,0,2,1
digiexe.com,18,0,7,1
digifloor.com,18,0,1,1
digit2go.com,18,0,2,1
digitalesleben.blog,18,0,2,1
digitalmarketingdirection.com,18,0,1,1
digitalworks.dk,18,0,3,1
disciple.tools,18,0,2,1
disq.us,18,0,1,1
divicio.us,18,0,1,1
dllstudios.com,18,0,1,1
dmwdirect.com,18,0,3,1
domainmappingsystem.com,18,0,4,1
double-slash.dev,18,0,2,1
doutoroctopus.com.br,18,0,9,1
doylegroup-it.com,18,0,1,1
dr-schulte.de,18,0,1,1
dreamwu.com,18,0,2,1
drkarlpopp.com,18,0,2,1
dsottile.it,18,0,4,1
dualo.io,18,0,2,1
dwinrhys.com,18,0,1,1
eastcoastartparty.com,18,0,6,1
edumefree.com,18,0,1,1
engagedigital.co.nz,18,0,2,1
eq.com.py,18,0,2,1
ericaroman.me,18,0,1,1
ericleads.com,18,0,1,1
eriks.blog,18,0,1,1
escolaninjawp.com.br,18,0,3,1
estebanurrutia.com,18,0,1,1
evangelisch-college.nl,18,0,2,1
evielutions.com,18,0,1,1
eztube.com,18,0,12,1
fabrik.space,18,0,1,1
fairviewwindows.co.uk,18,0,4,1
fairytalelashspa.com,18,0,6,1
farsiblog.com,18,0,8,1
fearlesspractice.ca,18,0,1,1
fibre-digitale.fr,18,0,3,1
figmentor.io,18,0,2,1
finestfinishpools.com,18,0,6,1
fischer-programmierung.ch,18,0,1,1
flyprescott.com,18,0,12,1
flyrise.io,18,0,1,1
foonkiemonkey.co.uk,18,0,2,1
fortunehill.com,18,0,6,1
forum-debian.fr,18,0,1,1
fountaincity.tech,18,0,2,1
foxco.net,18,0,4,1
freakyseo.com,18,0,2,1
frecksautoart.com,18,0,12,1
freelancermap.ch,18,0,1,1
freelanceu.com,18,0,2,1
fruchtn.de,18,0,4,1
fusioninbound.com,18,0,1,1
garynealon.com,18,0,1,1
gheespot.com,18,0,1,1
gi-ve.jp,18,0,1,1
gimim.com,18,0,10,1
glitzandglambytiff.com,18,0,1,1
globalhub-outandequal.org,18,0,2,1
globalminds.gr,18,0,1,1
gnusocial.jp,18,0,11,1
goldenwing.at,18,0,8,1
gomake.com.br,18,0,1,1
gonglue.us,18,0,1,1
gooddogtraining.co.nz,18,0,2,1
goviralnow.net,18,0,1,1
gpslands.co.id,18,0,3,1
grangerreis.ai,18,0,2,1
greatamericanplates.com,18,0,34,1
greencardiganmarketing.com,18,0,2,1
greenleafmedia.com,18,0,1,1
greenpois0n.com,18,0,3,1
gsole.org,18,0,1,1
gtshows.com,18,0,1,1
guiadohost.com,18,0,145,1
hallkistler.com,18,0,1,1
hamayanhamayan.com,18,0,1,1
hampers.com.au,18,0,3,1
hamyarit.com,18,0,1,1
harfordmarketing.com,18,0,1,1
headsem.com,18,0,1,1
healthdoc.ca,18,0,14,1
hearcaredirect.com,18,0,1,1
hemsltd.com,18,0,6,1
hl-keramik.dk,18,0,6,1
hlmod.net,18,0,1,1
hosting-review.com,18,0,9,1
hostingdata.co.uk,18,0,7,1
humanrightsdefenders.blog,18,0,3,1
humbaa.com,18,0,9,1
huntlyherbs.co.uk,18,0,1,1
hustlemarketers.com,18,0,1,1
hydrabooking.com,18,0,1,1
hyperspeed.me,18,0,1,1
iae.co.kr,18,0,2,1
iamrobert.com,18,0,2,1
icharts.org,18,0,1,1
igwebs.com,18,0,3,1
immagit.com,18,0,2,1
imymac.jp,18,0,2,1
inboundrocket.co,18,0,1,1
indepa.net,18,0,4,1
indexplease.com,18,0,1,1
inreels.ai,18,0,1,1
insightdezign.com,18,0,3,1
interoadvisory.com,18,0,1,1
inunison.org,18,0,82,1
invokemedia.co.uk,18,0,3,1
ircwebservices.com,18,0,57,1
isaiahinstitute.com,18,0,18,1
isrii.org,18,0,11,1
it-solutions.center,18,0,28,1
itamde.com,18,0,40,1
itbriefcase.net,18,0,1,1
itcreativelabs.com,18,0,1,1
itsarty.studio,18,0,3,1
iwarg.ddns.net,18,0,2,1
jasonyingling.me,18,0,5,1
jdon.com,18,0,1,1
jeanettekimszal.com,18,0,2,1
jeffmcneill.com,18,0,3,1
jepista.io,18,0,24,1
jesusmaceira.com,18,0,3,1
jiangruyi.com,18,0,2,1
jobcompass.ai,18,0,2,1
jobsprout.ai,18,0,4,1
joelolawanle.com,18,0,9,1
joewp.com,18,0,4,1
jojojanneke.nl,18,0,23,1
jonesen.com,18,0,1,1
jonpenland.com,18,0,10,1
joseph-wienerwirtshaus.com,18,0,1,1
junglehouse.org,18,0,2,1
kardes.com.tr,18,0,1,1
keithferrisart.com,18,0,2,1
kessickwinecellars.com,18,0,6,1
kevinhooke.com,18,0,26,1
keypup.io,18,0,2,1
kjnewswire.com,18,0,3,1
klarkode.com,18,0,3,1
knallblaumedia.de,18,0,3,1
komanorthopedics.com,18,0,15,1
komoneed.com,18,0,1,1
konstantin.blog,18,0,1,1
kraft-werk.si,18,0,1,1
kureba.co.jp,18,0,1,1
kvscomputers.com,18,0,1,1
kynguyencongnghe.com,18,0,2,1
laborjuris.com.br,18,0,2,1
lacittanews.it,18,0,1,1
laitduforez.com,18,0,6,1
larkins.org,18,0,1,1
larrytalkstech.com,18,0,1,1
lars-mielke.de,18,0,1,1
latenightim.com,18,0,1,1
lauderdaletropicalbear.com,18,0,2,1
layerwp.com,18,0,340,1
leadbuildermarketing.com,18,0,2,1
leadexpertsagency.com,18,0,1,1
leafbuilder.net,18,0,1,1
learncodingusa.com,18,0,1,1
leblogduwebmaster.fr,18,0,2,1
lecacheur.com,18,0,1,1
legacydentistryva.com,18,0,2,1
legalsites.com.au,18,0,1,1
legitgambling.com,18,0,1,1
lepera.com.br,18,0,1,1
lessismoreny.org,18,0,3,1
lha.eu,18,0,6,1
lhcowork.com,18,0,2,1
librebyte.net,18,0,2,1
licitamos.cl,18,0,2,1
lifeunfilteredwithalexa.com,18,0,2,1
like.it,18,0,6,1
linkilo.co,18,0,2,1
linux-mint-czech.cz,18,0,1,1
linuxstory.org,18,0,4,1
littlebigbox.co.uk,18,0,1,1
lngfrm.net,18,0,4,1
local-seo.co.il,18,0,1,1
localsearchfuel.com,18,0,1,1
logosconcarne.com,18,0,1,1
loopsandlogic.com,18,0,1,1
loud.us,18,0,15,1
loudtechie.com,18,0,1,1
luxusleben.info,18,0,2,1
macrolingo.com,18,0,1,1
madavi.co,18,0,2,1
mahbubosmane.com,18,0,3,1
mailvibes.io,18,0,3,1
mamble.com,18,0,1,1
marcinkordowski.com,18,0,2,1
marcodiversi.com,18,0,1,1
marketingwithwp.com,18,0,2,1
marketpro.ai,18,0,1,1
martech-pulse.com,18,0,1,1
martingaray.com.ar,18,0,1,1
mattcromwell.com,18,0,1,1
mb-zwo.de,18,0,2,1
mcstarters.com,18,0,3,1
mediaemmovimento.com,18,0,4,1
mediamortar.com.au,18,0,12,1
mediaserves.com,18,0,10,1
mediumcourse.com,18,0,1,1
michaeladegoke.net,18,0,1,1
milanmedia.com,18,0,1,1
mipiaceroma.it,18,0,1,1
miu.sg,18,0,2,1
mohitkhare.com,18,0,1,1
momokids.be,18,0,2,1
mondedie.fr,18,0,2,1
moneyconnexion.com,18,0,1,1
monitorpostepu.pl,18,0,1,1
moodymedia.io,18,0,5,1
morfema.press,18,0,2,1
morningoverview.com,18,0,1,1
mothership.fm,18,0,2,1
msb.qld.edu.au,18,0,6,1
mtcrecruitment.com.au,18,0,1,1
mumstheboss.co.uk,18,0,1,1
musaamin.web.id,18,0,2,1
mycar.repair,18,0,2,1
mydigitallife.pl,18,0,8,1
mylight.me,18,0,3,1
mypapit.net,18,0,8,1
myriamgurba.com,18,0,1,1
n-hokkaido.com,18,0,1,1
n6host.com,18,0,1,1
napga.org,18,0,6,1
nassou.tv,18,0,1,1
nataliakerbabian.com,18,0,4,1
naveg.in,18,0,2,1
neoshore.eu,18,0,6,1
netgeist.ai,18,0,1,1
newsblog.pl,18,0,19,1
newszii.com,18,0,6,1
nextweb.cat,18,0,2,1
ni18.in,18,0,1,1
nicheranker.com,18,0,1,1
nickyreinert.de,18,0,2,1
nicoblog.cc,18,0,1,1
nicolai-brudekjoler.dk,18,0,2,1
niixer.com,18,0,60,1
nimmersion.com,18,0,24,1
nio.tips,18,0,2,1
nlsoftworks.com,18,0,6,1
nocodelab.jp,18,0,1,1
nootrix.com,18,0,1,1
norspacehire.com,18,0,2,1
notaku.site,18,0,1,1
nspeaks.com,18,0,1,1
nspirement.com,18,0,1,1
nullcave.club,18,0,2,1
nulledfrm.com,18,0,15,1
numos.fr,18,0,2,1
oakridgeleaders.com,18,0,1,1
ociotec.com,18,0,4,1
ocrfa.org,18,0,3,1
okyanusi.com,18,0,1,1
one18media.com,18,0,4,1
one9seven6.co.uk,18,0,19,1
onepixelmedia.com,18,0,2,1
onesmartsheep.com,18,0,1,1
onlinebizbooster.net,18,0,4,1
onlineinfoes.com,18,0,1,1
opel-problemforum.de,18,0,1,1
openingsource.org,18,0,2,1
opticmarketinggroup.com,18,0,5,1
optimmus.io,18,0,1,1
opusfidelis.com,18,0,6,1
orer.am,18,0,6,1
originalginger.com,18,0,1,1
pannash.org,18,0,3,1
papeer.tech,18,0,2,1
paradoxmedia.com,18,0,1,1
parishgroup.com,18,0,1,1
partandsum-os.notion.site,18,0,1,1
partnerswealthmanagement.co.uk,18,0,2,1
paulschreiber.com,18,0,2,1
pawait.africa,18,0,1,1
pawellezoch.pl,18,0,1,1
peakpositions.com,18,0,1,1
peeterjoot.com,18,0,1,1
pendium.ai,18,0,4,1
perfectclicks.com,18,0,2,1
persuasion-nation.com,18,0,2,1
petermartin.com.au,18,0,3,1
phamos.eu,18,0,11,1
pinoybisnes.com,18,0,3,1
pixelmattic.com,18,0,29,1
planbproject.it,18,0,1,1
planktonic.no,18,0,6,1
pointer.io,18,0,2,1
pop64.com,18,0,1,1
popcorncrm.co.uk,18,0,1,1
poppydesignstudio.com,18,0,5,1
popularup.com,18,0,1,1
potentpages.com,18,0,1,1
pouted.com,18,0,1,1
premiervethospital.com,18,0,6,1
premiumcontentshop.com,18,0,4,1
prestatairewordpress.com,18,0,1,1
pricingliposuction.com,18,0,6,1
primewebdesign.com,18,0,2,1
privatenode.io,18,0,13,1
productdock.com,18,0,2,1
profesionalci.rs,18,0,1,1
progressiverobot.com,18,0,2,1
projeqtor.org,18,0,5,1
promis.fr,18,0,2,1
propoze.app,18,0,1,1
protruthpledge.org,18,0,3,1
pscpartners.ca,18,0,2,1
pubwriter.com,18,0,1,1
qbexpress.com,18,0,4,1
qbix.com,18,0,5,1
quantumwarp.com,18,0,65,1
queness.com,18,0,2,1
quertime.com,18,0,1,1
quiqueqal.es,18,0,2,1
ranxo.co.mz,18,0,2,1
recruiters.network,18,0,1,1
redlinuxclick.com,18,0,12,1
redxwebdesign.com,18,0,6,1
refok.fr,18,0,932,1
reinforcelab.com,18,0,10,1
reliablecounter.com,18,0,1,1
reparaturen-profis.de,18,0,3,1
rescuethemes.com,18,0,16,1
rexelectric.com,18,0,6,1
rfdmsolutions.com,18,0,2,1
rialtoconsultancy.com,18,0,1,1
rianstech.com,18,0,1,1
riauwebhost.com,18,0,2,1
riposte.ca,18,0,4,1
risecodes.com,18,0,4,1
rockandrollpussycat.co.uk,18,0,1,1
rocketmedia.cl,18,0,7,1
rohhie.net,18,0,1,1
ronaldrichards.com,18,0,6,1
ruhanirabin.com,18,0,5,1
runneredq.com,18,0,1,1
rusticated.co,18,0,1,1
s-hsearch.com,18,0,1,1
sabinacornovac.ro,18,0,1,1
salentofactory.com,18,0,1,1
salestaxusa.com,18,0,1,1
samanthanorth.com,18,0,5,1
sarvika.com,18,0,1,1
saudagarwp.com,18,0,1,1
saudi360inc.com,18,0,2,1
schlatt-park-schmerikon.ch,18,0,4,1
schoolofmarketing.co.uk,18,0,1,1
schwabag.ch,18,0,2,1
scoring.racing,18,0,1,1
screwthecommute.com,18,0,2,1
scssar.org,18,0,2,1
sda.company,18,0,6,1
sedweb.com,18,0,1,1
seken.it,18,0,1,1
sellerconnect.de,18,0,14,1
seoinhouse.es,18,0,1,1
seokonsulten.se,18,0,1,1
seoraz.com,18,0,1,1
serverfield.org,18,0,11,1
service1st.ca,18,0,107,1
sesamedisk.com,18,0,3,1
sfginc.com,18,0,2,1
shamanismmuseum.org,18,0,3,1
shaunpoore.com,18,0,7,1
sigmainc.com,18,0,12,1
siliconscotland.news,18,0,1,1
sive.host,18,0,60,1
slademarketing.com,18,0,1,1
smartworkingmagazine.com,18,0,1,1
smirknewmedia.com,18,0,1,1
soarlabs.org,18,0,2,1
soeasyblinds.co.uk,18,0,2,1
softineers.com,18,0,1,1
software-developer-india.com,18,0,6,1
softwarebusinessplan.it,18,0,2,1
softwaresim.com,18,0,2,1
sourcifychina.com,18,0,3,1
southeasternhorticultural.co.uk,18,0,2,1
sp2040.net.br,18,0,2,1
spcommunity.org.za,18,0,2,1
specflux.com,18,0,5,1
speedy.site,18,0,2,1
spikelab.com,18,0,1,1
spiritualseek.com,18,0,1,1
splinteredforesttreeservices.com,18,0,6,1
springaheadmedia.com,18,0,2,1
springboardpr.com,18,0,1,1
sreyas.com,18,0,1,1
startupgrantsindia.com,18,0,1,1
stellarwp.com,18,0,3,1
stoica.co,18,0,1,1
storifyagency.com,18,0,5,1
studioartemis.co,18,0,8,1
stuenterprises.com,18,0,39,1
sudun.com,18,0,2,1
sukellos.fr,18,0,1,1
sunshineplumbingheating.com,18,0,6,1
superunico.com,18,0,3,1
suryamarketing.com.br,18,0,1,1
suvremenazena.hr,18,0,1,1
synmek.com,18,0,3,1
systems-inc.com,18,0,1,1
syte.co.za,18,0,2,1
tabernawp.com,18,0,318,1
tagdiv.ro,18,0,2,1
tbhaxor.com,18,0,1,1
team218.com,18,0,1,1
teamdynamixpreview.com,18,0,1,1
techaipost.com,18,0,1,1
techoclock.com,18,0,2,1
techpocket.net,18,0,1,1
techposts.org,18,0,2,1
tecladigital.pt,18,0,2,1
tedneward.com,18,0,2,1
templatemela.com,18,0,4,1
tessasouter.com,18,0,6,1
testat.nu,18,0,7,1
the-allstars.com,18,0,3,1
thedailywalkthrough.com,18,0,3,1
thedigitalnavigator.com,18,0,1,1
thedigitalzone.es,18,0,3,1
theinbetweenismine.com,18,0,1,1
themely.com,18,0,1,1
themesnap.com,18,0,1,1
themespanda.com,18,0,1,1
themetot.com,18,0,1,1
thenakedempanada.com,18,0,212,1
thenextscoop.com,18,0,5,1
thesmartbear.co.uk,18,0,2,1
thetechwire.com,18,0,2,1
theventurer.co,18,0,4,1
thinkprofits.com,18,0,8,1
thryv.co.nz,18,0,1,1
tidalhealthgroup.com,18,0,2,1
tinaflint.com,18,0,2,1
tivitystudios.com,18,0,1,1
top-hebergement.net,18,0,3,1
toutenvert.com,18,0,1,1
tpssoft.com,18,0,1,1
transformhf.ca,18,0,7,1
treesign.nl,18,0,2,1
trionds.com,18,0,1,1
tripleareview.com,18,0,2,1
trueap.com,18,0,6,1
tutsflow.com,18,0,1,1
tvcidade10.com.br,18,0,1,1
twize.nl,18,0,5,1
twobrotherscreative.com,18,0,8,1
txendocenter.com,18,0,2,1
uclimb.co.uk,18,0,5,1
uknew.co,18,0,5,1
unbuenplangroup.com,18,0,1,1
unifiedcinematic.com,18,0,1,1
unisseixal.org,18,0,4,1
up2staff.com,18,0,228,1
uplyrn.com,18,0,1,1
upscalix.com.au,18,0,1,1
urantiacos.cl,18,0,1,1
usagunstores.com,18,0,4,1
vdmmarketing.nl,18,0,1,1
vectortwist.com,18,0,1,1
vervology.com,18,0,1,1
vicdigit-technologies.com,18,0,2,1
viewsource.fm,18,0,1,1
vinculum.mx,18,0,1,1
viscapmedia.com,18,0,2,1
visplan.com,18,0,1,1
vivadigital.com,18,0,1,1
vivre-de-son-site-internet.com,18,0,3,1
vlthemes.me,18,0,2,1
vrid.ai,18,0,2,1
vuejs.github.io,18,0,15,1
wallyvianna2.wordpress.com,18,0,3,1
wandersoulco.com,18,0,2,1
wavai.com,18,0,7,1
wbcdesigns.com,18,0,2,1
wcreate.be,18,0,1,1
wealthmorning.com,18,0,1,1
wearesafe.dk,18,0,1,1
web-design-rosenheim.de,18,0,2,1
webbuildersguide.com,18,0,1,1
webconstructions.nl,18,0,2,1
webdesignbybrandon.com,18,0,1,1
webheroe.com,18,0,2,1
webhostingcentrum.sk,18,0,1,1
webhostingmedia.net,18,0,2,1
weblux.com.ua,18,0,3,1
webmastercity.nl,18,0,24,1
webprogeeks.com,18,0,6,1
websitedesigndaytonabeach.com,18,0,1,1
websitexpo.com,18,0,3,1
websymphonies.com,18,0,2,1
webtanguide.jp,18,0,2,1
webtrend.at,18,0,1,1
webys-traffic.com,18,0,1,1
welpmagazine.com,18,0,2,1
wenoble.fr,18,0,2,1
weproms.com,18,0,1,1
wideripples.com,18,0,1,1
willowschoolga.com,18,0,4,1
willstage.jp,18,0,1,1
windercornersvet.com,18,0,6,1
windhill.com,18,0,1,1
windsorchurch.org,18,0,6,1
wlbgroup.com,18,0,12,1
womeninproduct.com,18,0,1,1
womensfundscotland.org,18,0,16,1
wordlemagazine.com,18,0,1,1
wordpressexperts.in,18,0,2,1
wordpressify.ru,18,0,1,1
wordsanywhere.com,18,0,6,1
workflowautomation.net,18,0,1,1
wp-bullet.com,18,0,31,1
wpalpha.io,18,0,6,1
wpcharger.io,18,0,3,1
wpdirecto.com,18,0,6,1
wpdu.me,18,0,1,1
wpfrank.com,18,0,1,1
wphacks.com,18,0,2,1
wpldn.uk,18,0,1320,1
wpminder.com,18,0,6,1
wpse.se,18,0,2,1
wpservices.com,18,0,84,1
wptablebuilder.com,18,0,7,1
wptrads.com,18,0,274,1
wpworld.host,18,0,27,1
wpzhiku.com,18,0,4,1
yes-news.com,18,0,2,1
yocova.com,18,0,1,1
younicom.fr,18,0,1,1
yoyofactory-europe.com,18,0,2,1
ziemex.com,18,0,3,1
zimmersoftware.at,18,0,1,1
zone.ci,18,0,8,1
zonsai.com,18,0,58,1
11meigui.com,17,0,2,1
1902software.dk,17,0,1,1
2fawebsites.github.io,17,0,2,1
368.hu,17,0,1,1
50plusinnederland.nl,17,0,2,1
800degreespizza.com,17,0,2,1
911auto.it,17,0,6,1
aaa11y.com,17,0,10,1
abstract27.com,17,0,2,1
acontrario.notaires.fr,17,0,1,1
adekoite.fr,17,0,3,1
advanceonline.co.uk,17,0,1,1
af-e.net,17,0,1,1
affiliateschool.de,17,0,2,1
affinsight.com,17,0,4,1
agencia.red,17,0,1,1
agenciacontato.com.br,17,0,2,1
agenciadebolso.com,17,0,1,1
agenziaperdona.com,17,0,1,1
ahoi.dev,17,0,36,1
akkermanspartners.com,17,0,2,1
alejandraslife.com,17,0,1,1
alexandergoller.com,17,0,2,1
alian.info,17,0,4,1
alpha1marketing.com,17,0,6,1
altares.fr,17,0,3,1
alternityhealthcare.com,17,0,6,1
americanliberty.news,17,0,1,1
anakle.com,17,0,2,1
anamargaridamota.com,17,0,5,1
angelabooth.com,17,0,1,1
angiemakes.com,17,0,2,1
angristan.fr,17,0,2,1
anticiper.org,17,0,2,1
anto.online,17,0,1,1
appsecommerce.com.br,17,0,1,1
appservgrid.com,17,0,144,1
ar-entrepreneur.com,17,0,2,1
arenapole.ca,17,0,2,1
articlum.com,17,0,7,1
artmedia-jaeger.de,17,0,2,1
asapdevelopers.com,17,0,1,1
assistance-wp.com,17,0,1,1
associationstudios.com,17,0,1,1
asterisques.com,17,0,2,1
ataiva.com,17,0,2,1
automaticgrowth.com,17,0,1,1
bagful.net,17,0,6,1
bartaramouz.ir,17,0,1,1
base-materials.com,17,0,2,1
be220.com,17,0,2,1
beauty-profs.com,17,0,3,1
beavers-agency.fr,17,0,3,1
beleaf.au,17,0,21,1
benmetcalfe.com,17,0,1,1
beontop.com,17,0,1,1
bforbloggers.com,17,0,5,1
bgol.us,17,0,3,1
bhamyouthfirst.org,17,0,2,1
bigpinekey.com,17,0,418,1
bikebox-online.co.uk,17,0,12,1
bisd.rs,17,0,1,1
blog-de-geekette.com,17,0,1,1
bloggingden.com,17,0,4,1
blogonyourown.com,17,0,3,1
blogprodesign.com,17,0,184,1
blogsidea.com,17,0,154,1
bmf-tech.com,17,0,3,1
bnctrans.com,17,0,4,1
bondhighplus.com,17,0,1,1
boteromedia.com,17,0,2,1
boursedetude.org,17,0,1,1
braggmedia.com,17,0,2,1
brand2grand.com,17,0,2,1
breslov.co.il,17,0,49,1
brevity.pro,17,0,1,1
bridgeportmagnetics.com,17,0,6,1
bridgeurl.com,17,0,2,1
brotechnologyx.com,17,0,1,1
buaq.net,17,0,20,1
buddywdd.com,17,0,1,1
buildvr.ai,17,0,1,1
builtmighty.com,17,0,1,1
busilearn.fr,17,0,24,1
businessolution.org,17,0,6,1
cameronjonesweb.com.au,17,0,73,1
camporacity.it,17,0,1,1
capitalp.jp,17,0,3,1
capsulesuitcase.com,17,0,1,1
captcoder.com,17,0,2,1
caracelestewest.com,17,0,1,1
cardzprinter.fr,17,0,2,1
carlnorberg.se,17,0,18,1
casestudies.com,17,0,41,1
cassoviacode.sk,17,0,2,1
cell.cc,17,0,1,1
celticheart.ca,17,0,9,1
cfr-group.com,17,0,1,1
cfreinc.com,17,0,2,1
changeforchildren.org,17,0,6,1
chesapeakegunslingers.com,17,0,4,1
chimpandzinc.com,17,0,1,1
ciudadanob.com,17,0,12,1
clairvista.com,17,0,1,1
clementrobillard.fr,17,0,1,1
clickboxagency.com,17,0,1,1
clickydrip.com,17,0,1,1
clubdeinvestigacion.com,17,0,2,1
cmsconf.com,17,0,8,1
coastalclicks.com,17,0,3,1
cobalt.graphics,17,0,2,1
codecaste.com,17,0,1,1
codeforgeek.com,17,0,2,1
codezone.io,17,0,3,1
codingcat.dev,17,0,4,1
coloradocontractoracademy.org,17,0,8,1
compsmag.com,17,0,1,1
concentus.com,17,0,2,1
connectmediaagency.com,17,0,1,1
content-iq.com,17,0,1,1
contentmarketingspot.com,17,0,1,1
continuumdigital.ca,17,0,1,1
contractsent.com,17,0,1,1
contratosdigitais.com,17,0,1,1
convrrt.com,17,0,1,1
corbax.com,17,0,8,1
corianderinpho.com,17,0,1,1
cornerstone-kc.com,17,0,1,1
corpconversions.com,17,0,1,1
coupomated.com,17,0,1,1
covive.mx,17,0,2,1
crazydomains.hk,17,0,1,1
creativedsm.com,17,0,1,1
crispinmusic.com,17,0,6,1
crosswindsframework.com,17,0,1,1
cryptowithlorenzo.com,17,0,1,1
csgrecruiting.com,17,0,2,1
ctkpro.com,17,0,2,1
ctr.hk,17,0,22,1
culturact.eu,17,0,2,1
cvww.org.uk,17,0,2,1
cwmaakindustrie.nl,17,0,1,1
daviesuu.org,17,0,6,1
dbm-partners.com,17,0,1,1
dcvo.studio,17,0,1,1
dearcandidate.org,17,0,1,1
deliberationdaily.de,17,0,2,1
depcore.pl,17,0,2,1
depextechnologies.com,17,0,1,1
designerhire.com,17,0,1,1
devdiggers.com,17,0,9,1
devhelm.io,17,0,18,1
devmode.fm,17,0,1,1
devszczepaniak.pl,17,0,2,1
diegopaz.net,17,0,5,1
digital-workshop.at,17,0,5,1
digitalpubbing.com,17,0,1,1
ditulis.id,17,0,2,1
dkyinc.com,17,0,1,1
dnsai.com,17,0,1,1
docusaurus.cn,17,0,2,1
dookolapracy.pl,17,0,2,1
dopepics.io,17,0,3,1
doublestack.net,17,0,1,1
dowebwork.de,17,0,20,1
downloaderbaba.com,17,0,1,1
dreamscapedesign.co.uk,17,0,1,1
dropsdementa.com.br,17,0,2,1
dutchindex.nl,17,0,2,1
dwdigital.com.br,17,0,1,1
eadea.net,17,0,144,1
eapromos.com,17,0,4,1
earlyparrot.com,17,0,1,1
earnmorecashtoday.com,17,0,2,1
earthweb.com,17,0,20,1
easycloudsolutions.com,17,0,85,1
easypaymentsgateway.com,17,0,7,1
easywebdesigntutorials.com,17,0,4,1
eatimpasto.com,17,0,6,1
ebazhanov.github.io,17,0,1,1
ecommercecamp.co.uk,17,0,1,1
edusfera.es,17,0,1,1
egsinc.com,17,0,6,1
einsigartig.at,17,0,2,1
eishi-u.com,17,0,1,1
elearninfo247.com,17,0,1,1
electricexpo.org,17,0,6,1
eleonoraboretti.it,17,0,2,1
elevatedermatologyny.com,17,0,45,1
eliteksolutions.com,17,0,1,1
elitewheelwarehouse.com,17,0,2,1
emacromall.com,17,0,4,1
emediacy.net,17,0,1,1
encommun.org,17,0,2,1
enorcerna.com,17,0,15,1
entrepreneurshipsecret.com,17,0,1,1
equedia.com,17,0,2,1
esellerhub.com,17,0,1,1
essentialinformation.org,17,0,6,1
euro-optics.co.uk,17,0,2,1
evileu.de,17,0,13,1
evolocity.com.au,17,0,1,1
evolutecc.com,17,0,1,1
exechunter.com,17,0,1,1
export-lanka.com,17,0,1,1
eyesonsolution.com,17,0,1,1
face2face-marketing.com,17,0,1,1
factoriadeindustriascreativas.es,17,0,6,1
fantassin.fr,17,0,1,1
fastlancer.org,17,0,13,1
fciwatermakers.com,17,0,6,1
felipeelia.com,17,0,2,1
fershad.com,17,0,2,1
figuretopia.com,17,0,2,1
finxter.com,17,0,14,1
firstgrowthagency.com,17,0,1,1
floridahealthplansonline.com,17,0,6,1
fluf.io,17,0,3,1
flyhighweb.com,17,0,25,1
fome.agency,17,0,1,1
fonteufficiale.it,17,0,1,1
forestalsecurity.com,17,0,13,1
forum-politique.org,17,0,1,1
forums.red,17,0,230,1
funfashion.ca,17,0,10,1
futurevisioncomputers.com,17,0,1,1
futurmedia.co.uk,17,0,1,1
fuze32.com,17,0,1,1
gabrieldosite.com.br,17,0,13,1
gainchanger.com,17,0,3,1
garyscomputerrepairservice.ie,17,0,1,1
gcpweekly.com,17,0,3,1
geekdaily.net,17,0,2,1
getgist.help,17,0,4,1
getshow.io,17,0,2,1
glassmountains.co.uk,17,0,2,1
glazen.nl,17,0,4,1
glik.it,17,0,1,1
globallyengaged.org,17,0,2,1
gmxco.com,17,0,6,1
gouravbagora.com,17,0,2,1
grafix.gr,17,0,2,1
grahammiranda.com,17,0,10,1
gratisnieuwsgroepen.nl,17,0,1,1
gretxp.com,17,0,2,1
guidebytips.com,17,0,1,1
gutwerker.de,17,0,1,1
hakukonemestarit.fi,17,0,1,1
hallowebsite.de,17,0,1,1
handcutdesigns.com,17,0,1,1
haptiq.studio,17,0,1,1
harpethheightschurch.com,17,0,3,1
hausmanmarketingletter.com,17,0,4,1
helpguru.eu,17,0,6,1
hepta.es,17,0,1,1
hiddevanseggelen.com,17,0,2,1
highcountryfitness.com.au,17,0,6,1
holamundotech.com,17,0,1,1
home-or-away.com,17,0,1,1
hostingclues.com,17,0,14,1
hostingdolphin.com,17,0,1,1
hostingreview.com,17,0,14,1
hostingvictory.com,17,0,1,1
hostseries.com.br,17,0,1,1
hottubcentralnj.com,17,0,1,1
howtosolutions.net,17,0,1,1
hrank.com,17,0,1,1
huntzen.co,17,0,8,1
hyperconversion.io,17,0,1,1
icts.io,17,0,1,1
ideaforgestudios.com,17,0,5,1
ideaweb.com.tw,17,0,1,1
ideaz.co,17,0,1,1
ideiaconsumerinsights.com.br,17,0,3,1
iftiseo.com,17,0,2,1
ighenatt.es,17,0,1,1
iguoguo.net,17,0,1,1
ikacode.com,17,0,2,1
imagescape.com,17,0,1,1
imghaste.com,17,0,1,1
improveposition.co.uk,17,0,1,1
imymac.it,17,0,2,1
inbound.be,17,0,2,1
increativeweb.com,17,0,1,1
indiegamelaunchpad.io,17,0,1,1
inflowing.net,17,0,2,1
infodocbib.net,17,0,5,1
infouna.edu.pe,17,0,16,1
insightsocialmedia.com.au,17,0,1,1
inspirinas.com,17,0,1,1
intentseo.no,17,0,1,1
invisionita.it,17,0,2,1
invisionize.pl,17,0,3,1
irsmedic.com,17,0,21,1
isoc.nl,17,0,1,1
iterates.be,17,0,3,1
itservicesindia.com,17,0,1,1
jaktestowac.pl,17,0,1,1
jamiebutlermedium.com,17,0,4,1
janw.me,17,0,1,1
jbimpact.com,17,0,4,1
jeucasinosuisse.com,17,0,2,1
jiekou.ai,17,0,1,1
jimakudaio.com,17,0,1,1
jirathaimassage.co.uk,17,0,59,1
jobera.com,17,0,10,1
johnluttig.com,17,0,1,1
johnmackintosh.net,17,0,1,1
jondron.ca,17,0,7,1
jouw-marketingcoach.nl,17,0,1,1
justpaste.in,17,0,2,1
k9medic.com,17,0,44,1
kangaroo.host,17,0,1,1
kapitaapp.com,17,0,2,1
kaprila.com,17,0,5,1
kenming.idv.tw,17,0,1,1
keyoagency.com,17,0,2,1
khrisdigital.com,17,0,3,1
kitching.ltd,17,0,2,1
knowhow.it,17,0,1,1
kotisivusi.fi,17,0,1,1
kurzor.net,17,0,7,1
lafabriquedeblogs.com,17,0,1,1
lakeislepress.com,17,0,81,1
lakewell.com,17,0,6,1
landisfarm.com,17,0,6,1
lapipelette.fr,17,0,1,1
launchmind.io,17,0,4,1
laut-und-sichtbar.com,17,0,1,1
leadervalley.org,17,0,6,1
leanna.ng,17,0,1,1
legacysale.com,17,0,6,1
letb-synergie.com,17,0,2,1
letter.ly,17,0,1,1
level21mag.com,17,0,1,1
libarea.ru,17,0,1,1
libertysettlementfunding.com,17,0,2,1
libre-software.net,17,0,1,1
lifecarechc.org,17,0,1,1
lifepointministries.net,17,0,18,1
lifeswire.de,17,0,1,1
lifeworking.com,17,0,1,1
lili.ai,17,0,1,1
lilo.net.au,17,0,1,1
limaretail.com,17,0,10,1
linkbuildingcorp.com,17,0,2,1
lionspiritmedia.co.uk,17,0,1,1
livecycle.io,17,0,4,1
londonridingschool.com,17,0,6,1
loopbaanpro.nl,17,0,1,1
lovepixelagency.com,17,0,3,1
lsong.org,17,0,1,1
lswebcentre.ie,17,0,1,1
luxreview.com,17,0,4,1
macfix.de,17,0,1,1
madak.com,17,0,1,1
madebyfactory.com,17,0,1,1
maestis.com,17,0,2,1
maggew.com,17,0,1,1
magicminds.io,17,0,1,1
magnumcompanies.co,17,0,7,1
makers.dk,17,0,2,1
mariaisquixotic.com,17,0,1,1
marketergems.com,17,0,1,1
marketinglab.com.au,17,0,2,1
marketmovers.it,17,0,2,1
marquesfernandes.com,17,0,6,1
maryhendersoncoaching.com,17,0,1,1
mavenwit.com,17,0,1,1
mayboutik.com,17,0,4,1
mbfwtbilisi.online,17,0,3,1
mblog.my,17,0,55,1
medialogue.ca,17,0,38,1
mediatotaal.nl,17,0,12,1
medicinemanonline.com,17,0,3,1
memorialfamilydental.com,17,0,1,1
metanow.com,17,0,1,1
midgard-forum.de,17,0,1,1
midlandsmaidens.com,17,0,2,1
milfordns.ie,17,0,6,1
minervadb.xyz,17,0,6,1
mintwp.com,17,0,10,1
minyanville.com,17,0,1,1
mktclarity.com,17,0,3,1
modernaustralian.com,17,0,4,1
moderne-house.fr,17,0,1,1
mohirdev.uz,17,0,1,1
moretimeto.com,17,0,2,1
mortechmfg.com,17,0,12,1
motto.ca,17,0,7,1
move-offshore.com,17,0,1,1
moviebs.com,17,0,2,1
mrwpress.com,17,0,19,1
mtasa.com.au,17,0,2,1
mtr.cool,17,0,1,1
mudmasters.de,17,0,3,1
multimusen.dk,17,0,6,1
murakumo25.com,17,0,1,1
myworthweb.com,17,0,27,1
nathansgibson.org,17,0,1,1
negosentro.com,17,0,1,1
neoreef.com,17,0,7,1
netvibes.dk,17,0,1,1
neu21.com,17,0,1,1
neue-buehnen-frankfurt.de,17,0,2,1
neworleans-criminal-defense.com,17,0,6,1
nextpinnacle.com,17,0,1,1
ngerank.id,17,0,1,1
ninjabet.es,17,0,3,1
ninjasdelmarketing.com,17,0,2,1
niophoto.com,17,0,1,1
nitdit.com,17,0,3,1
norango.ai,17,0,1,1
norrisdammarina.com,17,0,6,1
nortebonaerense.com.ar,17,0,1,1
oakemarketing.com,17,0,2,1
oakwoodhome.org,17,0,14,1
obgynvirginia.com,17,0,9,1
ocskinmedspa.com,17,0,2,1
office-taku.com,17,0,1,1
oltrematica.it,17,0,2,1
omnistartell.com,17,0,1,1
onelove-kitchen.co.uk,17,0,3,1
onklxonna.at,17,0,2,1
opensuse-forum.de,17,0,6,1
oragir.live,17,0,6,1
orange-opensource.github.io,17,0,1,1
ourfamilyvettx.com,17,0,6,1
out.agency,17,0,1,1
pageprogressive.com,17,0,1,1
pages10.com,17,0,689,1
palinda.com,17,0,6,1
paulpolak.com,17,0,24,1
pawa.cl,17,0,8,1
pcnanswers.com,17,0,2,1
peachie.io,17,0,1,1
peanutsquare.com,17,0,2,1
peersalesagency.com,17,0,1,1
peps-multimedia.com,17,0,1,1
personize.ai,17,0,3,1
petlandathens.com,17,0,2,1
photoshoot.pt,17,0,1,1
pinthemall.net,17,0,1,1
pitsolutions.ch,17,0,3,1
pivotcreativemedia.com,17,0,1,1
pocketinformatie.nl,17,0,1,1
podcastera.es,17,0,1,1
pointerstrategy.com,17,0,1,1
pokonline.com,17,0,1,1
pongos.com,17,0,1,1
ponsacademie.nl,17,0,6,1
portableplants.com,17,0,4,1
posicionamiento-web-salamanca.com,17,0,1,1
position-sensor.com,17,0,2,1
postline.ai,17,0,3,1
pranavjha.com,17,0,1,1
premadeniches.com,17,0,1,1
prix-studio.com,17,0,15,1
productreviewcafe.com,17,0,2,1
profilefollower.com,17,0,1,1
psas.nl,17,0,8,1
psicopedagogia.com.br,17,0,2,1
publizieren-im-netz.de,17,0,6,1
purplecactuscreative.co.uk,17,0,1,1
qastack.fr,17,0,3,1
quanticcorry.com,17,0,6,1
rachybop.com,17,0,1,1
radu.link,17,0,3,1
ratocommunications.com,17,0,1,1
reachcouncil.org,17,0,6,1
rebeccamullencoaching.com,17,0,1,1
recuweb.com,17,0,1,1
referest.ru,17,0,13,1
remotehub.io,17,0,4,1
remoteworkjobs.ch,17,0,1,1
rendervisions.net,17,0,1,1
reniastuti.com,17,0,1,1
renzosalvador.com,17,0,1,1
reparacionordenadoresmadrid.org,17,0,2,1
reshmeeauckloo.com,17,0,1,1
retter-radio.de,17,0,6,1
retu27.com,17,0,1,1
rewards.show,17,0,2,1
rightwaytaxsolutions.com,17,0,3,1
rltacademy.eu,17,0,1,1
rockingweb.com.au,17,0,1,1
rocksolidmarketing.com.au,17,0,2,1
rootedweb.com,17,0,1,1
rubbercheese.com,17,0,2,1
run.place,17,0,1,1
rush.ch,17,0,3,1
saaspartners.io,17,0,1,1
saasrank.es,17,0,1,1
saasultra.com,17,0,3,1
sadiqsaleem.com,17,0,1,1
salas.com,17,0,1,1
saleshero.io,17,0,2,1
sallyannlaw-lifecoach.co.uk,17,0,6,1
salzburgguides.at,17,0,1,1
samuelbarlowprimary-ac.org.uk,17,0,2,1
sarmlife.com,17,0,14,1
sascarlaauto.fr,17,0,2,1
sassyboss.co,17,0,1,1
schubertb2b.com,17,0,6,1
searchmagic.com,17,0,3,1
sec.today,17,0,1,1
seniorcarewebsites.com,17,0,1,1
seo-maxime-guinard.fr,17,0,2,1
seobandwagon.com,17,0,3,1
serienstream.stream,17,0,4,1
serpwizz.com,17,0,1,1
sertmedia.com,17,0,8,1
setue.ca,17,0,10,1
sharelov.com,17,0,1,1
shark-lady.com,17,0,1,1
shelleyssocialmedia.com,17,0,1,1
shenghong689.com,17,0,2,1
shiptimize.pt,17,0,1,1
shopperchecked.com,17,0,1,1
shortkut.ca,17,0,2,1
sifufbads.com,17,0,1,1
siite.dk,17,0,1,1
simplerstrategies.com,17,0,1,1
sinmedms.org.br,17,0,1535,1
sitebemfeito.com.br,17,0,2,1
sjhemleymarketing.com,17,0,1,1
skills-academy.com,17,0,2,1
skymem.info,17,0,5,1
smartmobsolution.com,17,0,1,1
smbillion.com,17,0,1,1
smiledog.io,17,0,1,1
snogg.com,17,0,6,1
snowfoxkorea.com,17,0,6,1
socialmediacoso.it,17,0,1,1
softwarecompare.co.il,17,0,11,1
somersetadvisory.com,17,0,6,1
somnolescent.net,17,0,1,1
soyplayense.com,17,0,2,1
springboard-digital.com.au,17,0,1,1
square1autosales.com,17,0,30,1
startpaginas.org,17,0,6,1
steelcroissant.com,17,0,1,1
stimulus.com.au,17,0,1,1
storyware.co,17,0,1,1
studioatable.fr,17,0,1,1
studioliviero.com,17,0,4,1
suchscience.net,17,0,1,1
superinspectortrainingacademy.com,17,0,2,1
supernaut.info,17,0,2,1
surnoticias.com,17,0,1,1
susu.cc,17,0,1,1
suttida.com,17,0,1,1
svobodnapraktika.com,17,0,4,1
swarmnyc.com,17,0,1,1
swat.studio,17,0,1,1
synergyadvantage.com,17,0,2,1
syscoin.com.br,17,0,1,1
tapflare.com,17,0,41,1
tapflow.app,17,0,1,1
tapzo.io,17,0,2,1
teambuildingmadeeasy.com.au,17,0,2,1
teamthompson.com,17,0,2,1
teamzlab.com,17,0,1,1
technicalassurance.com,17,0,3,1
technogenie.com,17,0,2,1
techomatic.co.uk,17,0,1,1
techrato.com,17,0,2,1
techteam.it,17,0,2,1
techthirsty.com,17,0,6,1
techwaka.net,17,0,1,1
tehtalk.com,17,0,1,1
telegraphiste.fr,17,0,1,1
teller.media,17,0,1,1
tenrec.com,17,0,2,1
terrywise.com,17,0,6,1
thallo.io,17,0,1,1
theannexevents.com,17,0,2,1
thechelseavillage.com,17,0,2,1
thecontentworks.uk,17,0,1,1
thecosmeticdentistsofaustin.com,17,0,6,1
thefounderspress.com,17,0,3,1
thefuelcardpeople.co.uk,17,0,2,1
thekeyagency.realestate,17,0,2,1
themewaves.com,17,0,19,1
themoneymaniac.com,17,0,1,1
thenorthclinic.com,17,0,3,1
thestrengthguys.com,17,0,1,1
thetechplatform.com,17,0,1,1
thinkerm.com,17,0,1,1
thiscodeworks.com,17,0,9,1
three-c.at,17,0,1,1
tiaa-forum.org,17,0,3,1
timebombcomics.com,17,0,18,1
timotijhof.net,17,0,8,1
tjeerdengel.nl,17,0,1,1
tmdextensions.com,17,0,1,1
toastwebsites.co.uk,17,0,1,1
tolkunov.com,17,0,2,1
tom2rd.sakura.ne.jp,17,0,2,1
tonyteaches.tech,17,0,4,1
torapathdigitalmarketing.com,17,0,1,1
toxigon.com,17,0,9,1
trackingdesk.com,17,0,1835,1
transilvaniasellingmachine.ro,17,0,24,1
travelcampfire.com,17,0,2,1
trender.nl,17,0,6,1
trickdroid.org,17,0,6,1
triforce.io,17,0,1,1
truthsaves.org,17,0,37,1
tucsoncreativecatering.com,17,0,6,1
turbinecreative.co.uk,17,0,1,1
tusblogos.com,17,0,432,1
tutorials7.com,17,0,16,1
twodot.marketing,17,0,1,1
tymbuktu.com,17,0,6,1
uaustral.edu.pe,17,0,1,1
ulement.com,17,0,5,1
unomok.com,17,0,1,1
untelephone.com,17,0,1,1
usdinstitute.com,17,0,1,1
uspsteels.com,17,0,2,1
uwebdesign.ru,17,0,10,1
vamoos-restaurant.at,17,0,1,1
vanara.fr,17,0,1,1
vandelaydesign.com,17,0,2,1
vao.pl,17,0,1,1
vcclhosting.com,17,0,1,1
verriere.fr,17,0,2,1
vertogrowth.com,17,0,4,1
viaduct.com,17,0,3,1
vibestechnologies.com,17,0,1,1
victorthemes.com,17,0,1,1
vidalico.com,17,0,1,1
vilagrad.com,17,0,3,1
vinta.ws,17,0,17,1
viralbake.com,17,0,1,1
visionvr.fr,17,0,1,1
visser.com.au,17,0,2,1
vizim.pl,17,0,1,1
voragine.net,17,0,5,1
votars.ai,17,0,2,1
voxonicstudio.ie,17,0,1,1
w3b.ee,17,0,2,1
wadipurple.com,17,0,1,1
wajari.com,17,0,4,1
wavai.ae,17,0,12,1
way2earning.com,17,0,6,1
weareblow.com,17,0,1,1
wearetda.io,17,0,1,1
webbureauer.dk,17,0,35,1
webcamicafe.com,17,0,1,1
webdesignbyrick.com,17,0,2,1
webdesigner-kualalumpur.com,17,0,7,1
webdesignerdepot.com,17,0,11,1
webeng.co,17,0,5,1
weblish.io,17,0,4,1
webmarketsupport.com,17,0,1,1
webooste.com,17,0,1,1
websitesareus.co.uk,17,0,2,1
webzeker-webdesign.nl,17,0,1,1
wecasa.ch,17,0,6,1
werockyourweb.com,17,0,2,1
whdsolutions.co.uk,17,0,1,1
windom-kk.co.jp,17,0,1,1
wissens-piloten.de,17,0,1,1
wittycookie.ca,17,0,1,1
wmappdigital.com,17,0,1,1
wmjobs.com,17,0,1,1
wp-community.fr,17,0,2,1
wp-crontrol.com,17,0,1,1
wp-gdpr.eu,17,0,2,1
wp-network.org,17,0,3,1
wp-parsi.com,17,0,1,1
wpalex.fr,17,0,2,1
wpdistro.cz,17,0,1,1
wpdive.com,17,0,2,1
wphelp.de,17,0,1,1
wpinterface.com,17,0,1,1
wpletter.de,17,0,2,1
wpmeetup-frankfurt.de,17,0,7,1
wpnovatos.com,17,0,1,1
wpspeakers.com,17,0,3,1
wptheming.com,17,0,1,1
writeablog.net,17,0,2,1
writeawriting.com,17,0,2,1
yementk.com,17,0,2,1
yowu.dev,17,0,1,1
ytechnology.co,17,0,3,1
zafarie.com.br,17,0,6,1
zeb-bs.de,17,0,6,1
zekadigital.com,17,0,8,1
zendev.com,17,0,1,1
zingerwebdesign.com,17,0,198,1
zorgle.co.uk,17,0,3,1
03magazine.co.nz,16,0,2,1
2cbl.fr,16,0,2,1
3razones.es,16,0,1,1
5base.com,16,0,4,1
5cho-me.com,16,0,12,1
8sided.blog,16,0,21,1
accendadigital.com.br,16,0,1,1
accesswp.com,16,0,1,1
accruemarketing.com,16,0,1,1
achwas.fm,16,0,1,1
ad2pas.fr,16,0,1,1
adphosting.it,16,0,18,1
adroitgroup.io,16,0,1,1
adsiduous.com,16,0,1,1
afernandezalonso.com,16,0,3,1
affiliatemarketertraining.com,16,0,9,1
affiliateotter.com,16,0,2,1
afpcincinnati.org,16,0,2,1
agence-obox.com,16,0,1,1
aggrator.com,16,0,2,1
aiologin.com,16,0,2,1
aisite.ai,16,0,8,1
ajaykhandal.com,16,0,5,1
akashgoswami.com,16,0,2,1
alchemylearningcenter.com,16,0,16,1
alice.al,16,0,1,1
align.vn,16,0,3,1
allandabout.com,16,0,1,1
alphasupps.nl,16,0,6,1
alsosoftware.no,16,0,2,1
alteriordigital.com,16,0,1,1
alternativacreativa.com,16,0,1,1
altgov2.org,16,0,1,1
andrewswharton.com,16,0,2,1
andypmountainguide.com,16,0,3,1
antlerzz.com,16,0,1,1
antoniodini.com,16,0,1,1
aokmarketing.com,16,0,1,1
aoscdn.com,16,0,1,1
appnicorn.com,16,0,1,1
apps400.com,16,0,1,1
arraytics.com,16,0,5,1
arthurbaileyministries.com,16,0,6,1
aserg.codeberg.page,16,0,5,1
ashevillegaymenschorus.org,16,0,6,1
askeustache.com,16,0,1,1
askkori.com,16,0,1,1
astera.net.ua,16,0,3,1
ataokennel.com,16,0,1,1
auntieemscrafts.com,16,0,2,1
autartica.be,16,0,2,1
awantego.com,16,0,2,1
axcademy.com,16,0,3,1
aynsoft.com,16,0,3,1
b-webservices.com,16,0,5,1
b2bdigitalmarketers.com,16,0,3,1
backlinkdoctor.com,16,0,1,1
barrd.dev,16,0,2,1
batteria.be,16,0,1,1
bdp.org.tr,16,0,1,1
becomedamngood.com,16,0,2,1
besongross.se,16,0,2,1
bestfreewebresources.com,16,0,2,1
beststartup.ca,16,0,1,1
bettertechtips.com,16,0,2,1
bhglandscapes.com,16,0,6,1
binstellar.com,16,0,2,1
bitseven.de,16,0,1,1
bizcaboom.com,16,0,1,1
biznet-emarketing.com,16,0,2,1
biztips.co,16,0,2,1
bkmediagroup.com,16,0,3,1
bkthemes.design,16,0,4,1
blackinktech.com,16,0,2,1
blogacep.com,16,0,137,1
blogdeit.ro,16,0,6,1
blogfixer.com,16,0,4,1
bloggersutra.com,16,0,6,1
bloguetechno.com,16,0,702,1
blogwings.com,16,0,15,1
blucactus.es,16,0,8,1
blue2blond.nl,16,0,1,1
blue37.com,16,0,11,1
blueha.us,16,0,10,1
bolditalia.com,16,0,1,1
brainsum.com,16,0,1,1
brandesis.com,16,0,2,1
bretel.website,16,0,2,1
brightermessaging.com,16,0,1,1
brighterwebsites.com.au,16,0,2,1
browbeast.com,16,0,12,1
brownandkeyes.com,16,0,62,1
brutusai.com,16,0,1,1
btimesonline.com,16,0,1,1
buddyxtheme.com,16,0,10,1
bulldogfrancesecuador.com,16,0,1,1
businesschronicler.com,16,0,3,1
byabi.co.uk,16,0,1,1
caesarstone.in,16,0,3,1
caidenmedia.com,16,0,4,1
calisbeautysupply.com,16,0,3,1
camdenartscentre.org,16,0,870,1
cammi.studio,16,0,1,1
canariblogs.com,16,0,185,1
caprara.com,16,0,3,1
captiveradiology.com,16,0,1,1
carlosimpson.co.uk,16,0,1,1
catchplugins.com,16,0,3,1
catchupdates.com,16,0,21,1
ccicthai.com,16,0,3,1
chad-wyatt.com,16,0,2,1
cheapandbesthosting.com,16,0,27,1
chirpinternet.eu,16,0,1,1
chooseplugin.com,16,0,1,1
chuchuplaymusic.com,16,0,1,1
citeia.com,16,0,2,1
citrusleaf.in,16,0,2,1
clarityts.com,16,0,2,1
clean-roach.com.tw,16,0,2,1
cloudsoftwareassociation.com,16,0,1,1
coastalmediabrand.com,16,0,16,1
cobrasoft.org,16,0,1,1
codarab.com,16,0,3,1
codebars.ca,16,0,4,1
codigosimples.net,16,0,1,1
codzify.com,16,0,2,1
comandeer.pl,16,0,3,1
combibreed.at,16,0,2,1
compagnon.agency,16,0,2,1
comparebiztech.com,16,0,6,1
comparecheapssl.com,16,0,2,1
compassionategeek.com,16,0,3,1
comunicagenia.com,16,0,2,1
comunicarseweb.com.ar,16,0,1,1
conaculradacinilor.ro,16,0,3,1
consumerrecoverynetwork.com,16,0,6,1
cosayach.cl,16,0,6,1
cosmeticanaturalngen.cl,16,0,1,1
cours-theatre-nantes.fr,16,0,1,1
courvo.com,16,0,1,1
crazydomains.my,16,0,1,1
createtheweb.co.uk,16,0,1,1
creativecreation.io,16,0,1,1
criarprogramas.com,16,0,1,1
crjdesign.co.uk,16,0,1,1
crosskeysanimalclinic.com,16,0,2,1
cualhost.com,16,0,1,1
customwebcreations.com.au,16,0,2,1
cwsio.com,16,0,2,1
cybertekmarketing.com,16,0,5,1
dallasfortworthseniorliving.com,16,0,1,1
danielepais.com,16,0,4,1
danskjagtformidling.dk,16,0,6,1
davidcarralon.com,16,0,1,1
degnon.org,16,0,6,1
denisdeschamps.com,16,0,3,1
deuglo.com,16,0,1,1
devpartners.co,16,0,1,1
diabete-ezy.com,16,0,2,1
digima.co.id,16,0,1,1
digital-pulse.com.my,16,0,3,1
digitalavenue.es,16,0,2,1
digitaldelane.com,16,0,2,1
digitalfactory.co,16,0,2,1
digitalmediaknowledge.com,16,0,1,1
digitalorks.com,16,0,1,1
digitux.com.au,16,0,1,1
dilmarames.com,16,0,3,1
dividable.net,16,0,1,1
diymarketers.com,16,0,5,1
dkspeaks.com,16,0,1,1
domainmarket.com,16,0,10,1
dongaigc.com,16,0,6,1
dongwoofarmtotable.com,16,0,1,1
doyenhub.com,16,0,1,1
duscons.com,16,0,1,1
dutable.com,16,0,2,1
dx3webs.com,16,0,1,1
e-sixt.nl,16,0,6,1
earnanswers.com,16,0,4,1
ecoradinc.com,16,0,6,1
edinskranar.se,16,0,6,1
ekuanime.com,16,0,1,1
elephant-technologies.fr,16,0,1,1
elevativedigital.com,16,0,2,1
elizabethstreet.com,16,0,1,1
elmarteeuwen.com,16,0,4,1
eltallerdelbit.com,16,0,1,1
emacsen.net,16,0,2,1
empresiona.com,16,0,1,1
entranet.com.br,16,0,2,1
enzocontini.blog,16,0,12,1
ethos-digital.ch,16,0,2,1
ettighoffer.fr,16,0,1,1
ewebdesign.com,16,0,3,1
ewerkstatt.com,16,0,1,1
example3.com,16,0,1,1
factchecktool.com,16,0,210,1
fairwindcreative.com,16,0,1,1
faithgrowth.com,16,0,1,1
familyhealthcareofatlanta.com,16,0,3,1
fastcow.com,16,0,1,1
fastdot.com.au,16,0,5,1
feddit.it,16,0,2,1
feedbeater.com,16,0,2,1
fiatmatch.com,16,0,1,1
figtowp.com,16,0,8,1
filtreau.nl,16,0,2,1
fivemoretalents.com,16,0,3,1
flashpointmarketing.biz,16,0,4,1
flevodevs.nl,16,0,113,1
flexlinkllc.com,16,0,1,1
flywheelstaging.com,16,0,5,1
forgemedia.io,16,0,4,1
formaciongrafica.net,16,0,1,1
forthewindigital.com,16,0,2,1
forumsospc.fr,16,0,7,1
foundationdigitalmedia.com,16,0,1,1
fredericlecloux.com,16,0,1,1
freeduhm.com,16,0,1,1
freelancersdev.com,16,0,1,1
freepeoplescan.com,16,0,222,1
freshgreenfreedom.com,16,0,1,1
frontendplanet.com,16,0,1,1
fullconseils.fr,16,0,1,1
fullstackbulletin.com,16,0,3,1
fullstackstation.com,16,0,1,1
fusewp.com,16,0,1,1
fuss.com.br,16,0,12,1
futtta.be,16,0,1,1
futurematerialscentre.com,16,0,3,1
futurumresearch.com,16,0,2,1
gabrielursan.ro,16,0,2,1
gada.se,16,0,8,1
ganeshkulariya.com,16,0,1,1
gatsboy.com,16,0,2,1
ge-triskell.fr,16,0,3,1
geekrant.org,16,0,10,1
generation5.org,16,0,2,1
genthrive.org,16,0,6,1
gerardopandolfi.com,16,0,1,1
getintheloop.com.au,16,0,7,1
getsocialguide.com,16,0,67,1
gettrusted.io,16,0,1,1
ghazal.consulting,16,0,1,1
glixentech.com,16,0,2,1
gohva.nl,16,0,1,1
granitecrete.com,16,0,8,1
growthacademy.global,16,0,1,1
grubandgroove.org,16,0,3,1
gsmanet.org,16,0,74025,1
hackerpublicradio.org,16,0,3,1
hackliberty.org,16,0,4,1
hansa-flex.ch,16,0,2172,1
hasyoga.net,16,0,6,1
hatcheddesigns.com.au,16,0,1,1
hayek.name,16,0,22,1
headyshot.com,16,0,1,1
heikoopminiaturen.nl,16,0,2,1
helabs.com.br,16,0,4,1
hellosocialavenue.com,16,0,2,1
herzbube.ch,16,0,2,1
hi-commerce.fr,16,0,7,1
highlevelyeg.ca,16,0,1,1
hiplayapp.com,16,0,2,1
hlbcpa.hk,16,0,2,1
hntoplinks.com,16,0,174,1
home-assistant-guide.com,16,0,1154,1
hosting-ninja.ru,16,0,1,1
hosting-top10.com,16,0,2,1
houseofafricanbeauty.com,16,0,2,1
huratips.com,16,0,2,1
iakaa.com,16,0,1,1
iconcept.com.my,16,0,3,1
iconomie.org,16,0,2,1
ifenius.com,16,0,113,1
ignitewebdesign.ca,16,0,1,1
igotmyrefund.com,16,0,172,1
imado.co,16,0,2,1
image-werkstatt.de,16,0,1,1
inclusivelyremote.com,16,0,4,1
infinityhub.com,16,0,1,1
infinitymgroup.com,16,0,6,1
infitek.com,16,0,6,1
influyentes.es,16,0,1,1
innov8tiv.com,16,0,1,1
innovatorslink.com,16,0,16,1
inspiredeyes.ca,16,0,6,1
intconsultoria.com,16,0,1,1
intelicle.com,16,0,2,1
intersel.com,16,0,4,1
intricatecloud.io,16,0,1,1
ipibresume.com,16,0,11,1
ipmoguide.com,16,0,2,1
iqbs.nl,16,0,2,1
irfoundr.com,16,0,1,1
isabelsantiandreu.com,16,0,1,1
itmunch.com,16,0,1,1
itseeze-stevenage.co.uk,16,0,1,1
jacuzzimanitoba.ca,16,0,667,1
jclassroom.net,16,0,2,1
jewelrystoremarketers.com,16,0,2,1
ji0vwl.net,16,0,1,1
jin-forum.jp,16,0,9,1
jinn.careers,16,0,1,1
jmaceurope.com,16,0,2,1
jnextservices.com,16,0,4,1
jobmobilite.com,16,0,1,1
jobspot.at,16,0,1,1
jorgep.com,16,0,1,1
jurojin.net,16,0,1,1
justcancel.io,16,0,1,1
k2webhost.com,16,0,3,1
kahunam.com,16,0,1,1
kakaomarket.cr,16,0,4,1
kankeebriefs.org,16,0,1,1
kapimaruweb.com,16,0,1,1
karenmaitland.com,16,0,105,1
karinblogt.nl,16,0,1,1
kcmobile.pl,16,0,3,1
kenkilday.com,16,0,2,1
kentuckycruises.com,16,0,14,1
kiwee.eu,16,0,7,1
klaverfietsparkeren.com,16,0,1,1
knownagents.com,16,0,2,1
kntu.kherson.ua,16,0,2,1
kodea.fr,16,0,1,1
konceptodecor.com,16,0,64,1
kspst.or.kr,16,0,16,1
kub-uk.net,16,0,2,1
kwcommercial.com.au,16,0,16,1
kyotocooling.com,16,0,6,1
lacompote.fr,16,0,1,1
lafabriqueweb.fr,16,0,10,1
lagencedesignstudio.com,16,0,41,1
lancotf.com,16,0,3,1
landingrabbit.com,16,0,1,1
larskjensen.dk,16,0,1,1
lastcallcopy.com,16,0,1,1
lavozuniversal.tv,16,0,1,1
le-regional.ca,16,0,4,1
leahmariemarketing.com,16,0,2,1
leblogdub2b.fr,16,0,2,1
ledeba.com,16,0,4,1
leeddev.io,16,0,2,1
lenssenvoormannen.nl,16,0,2,1
lets-code.co.in,16,0,1,1
letsplaytoys.in,16,0,1,1
liberty-blog.com,16,0,205,1
lonestarrealtyteam.com,16,0,2,1
longtailux.com,16,0,1,1
loudgrowth.com,16,0,36,1
magnatechnology.com,16,0,1,1
magnifiedmedia.net,16,0,1,1
magnifyi.io,16,0,8,1
mahjong-press.com,16,0,3,1
makedo.net,16,0,1,1
malone.news,16,0,1,1
maremakom.com,16,0,1,1
mariedeveaux.com,16,0,1,1
mariuscucu.ro,16,0,1,1
markdegrasse.com,16,0,6,1
market-academy.com,16,0,1,1
marketerrakib.com,16,0,1,1
marketingoclock.com,16,0,3,1
marketingtomball.com,16,0,1,1
maxjacobs.com.au,16,0,9,1
medsolve.co.uk,16,0,1,1
menterprise.io,16,0,1,1
mentorbusiness.com,16,0,1,1
menzig.tech,16,0,1,1
mercadeodigital.co,16,0,1,1
metaphysica.info,16,0,1,1
metrix.digital,16,0,1,1
mexicodailypost.com,16,0,2,1
mhilfe.de,16,0,2,1
midway.tech,16,0,2,1
mindspun.com,16,0,4,1
minikarilar.com,16,0,2,1
misgood.com,16,0,1,1
missionecucina.it,16,0,4662,1
mitsn.nl,16,0,1,1
mlinksonline.com,16,0,2,1
moderne-unternehmenskommunikation.de,16,0,1,1
modernvisual.au,16,0,2,1
moji-guild.jp,16,0,2,1
molinoolavarria.com,16,0,3,1
momcandothis.com,16,0,1,1
monemplacementcommercial.fr,16,0,1,1
mosscm.com,16,0,75,1
moveapps.cl,16,0,6,1
mtrmarketing.com,16,0,1,1
muchosnegociosrentables.com,16,0,2,1
mwconnects.org,16,0,36,1
myapplemenu.com,16,0,2,1
mybloglicious.com,16,0,161,1
myinnovawealth.com,16,0,2,1
myrtlebeachbicycles.com,16,0,2,1
nabomresort.com,16,0,23,1
nassoncommunitycenter.com,16,0,6,1
nathankingsbury.com,16,0,4,1
nathankowald.com,16,0,2,1
nectargroup.co,16,0,1,1
negociosemmente.com.br,16,0,1,1
nerdist.ro,16,0,1,1
netvistos.com.br,16,0,1,1
netwisp.com,16,0,10,1
nicawomantech.com,16,0,1,1
nikbara.ru,16,0,1,1
nimbusthemes.com,16,0,347,1
nooki.fr,16,0,2,1
nordicprojects.es,16,0,2,1
northforkmarketing.com,16,0,1,1
novaconcept.se,16,0,2,1
novaweb.ro,16,0,1,1
novumhq.com,16,0,7,1
nozomihealth.com,16,0,1,1
nsnbc.me,16,0,1,1
nustart.solutions,16,0,3,1
nyanco.me,16,0,1,1
oakhurstjazznights.com,16,0,12,1
observatoriodetrabajad.com,16,0,1,1
octt.eu.org,16,0,1,1
oddstyle.ru,16,0,5,1
officetime.nl,16,0,8,1
oley.io,16,0,12,1
opdee.com,16,0,1,1
openmindsproject.eu,16,0,25,1
openxtalk.org,16,0,3,1
orbit-m.co.jp,16,0,1,1
oreda.net,16,0,1,1
pachnerweb.at,16,0,1,1
pad4rent.de,16,0,1,1
pagekits.com,16,0,1,1
paidonlinewritingjobs.com,16,0,2,1
panalinks.com,16,0,1,1
papareact.com,16,0,2,1
paradoxdigital.uk,16,0,2,1
paragonmarketinggroup.com,16,0,39,1
parcours-performance.com,16,0,10,1
parrainagemagnetique.com,16,0,1,1
pauliinarasi.com,16,0,2,1
pdpkapp.com,16,0,4,1
pentegrasystems.com,16,0,6,1
peopleofdesign.ru,16,0,11,1
perfekto.fr,16,0,6,1
pfortner.co.za,16,0,1,1
pgconcept.com,16,0,3,1
phenixindustries.com,16,0,6,1
pigeepost.com,16,0,1,1
piraten-dresden.de,16,0,1,1
pixallus.com,16,0,2,1
pixelweb.ie,16,0,1,1
planet-data.eu,16,0,2,1
playinc.online,16,0,1,1
pluginus.net,16,0,1,1
polkadotcommunications.com.au,16,0,2,1
powerplatformer.com,16,0,4,1
preludes.fr,16,0,1,1
princetonsc.com,16,0,1,1
professorbassell.com,16,0,1,1
programadeaceleracaodigital.com,16,0,2,1
programaenlinea.net,16,0,80,1
projectvrm.org,16,0,21,1
proyectografico.com,16,0,1,1
pullmanmarketing.com,16,0,1,1
pulsdesign.at,16,0,2,1
purebibleforum.com,16,0,4,1
puri.io,16,0,4,1
q-highschool.nl,16,0,2,1
qentertainment.com,16,0,6,1
qiyutech.tech,16,0,12,1
qrcodefusion.com,16,0,1,1
qtonz.com,16,0,1,1
questforgroove.com,16,0,2,1
quikcell.com,16,0,12,1
quotenerds.com,16,0,44,1
ranklocal.com.br,16,0,1,1
reacthandbook.dev,16,0,2,1
readyspace.com.my,16,0,1,1
rebellink.com,16,0,3,1
redirectcheck.org,16,0,15,1
reginaldchan.net,16,0,53,1
remotewize.com,16,0,1,1
rfri.net,16,0,395,1
rich.blog,16,0,4,1
riderchris.com,16,0,24,1
rimzy.net,16,0,68,1
rishabacademy.com,16,0,1,1
rivendellweb.net,16,0,3,1
rkimball.com,16,0,20,1
roboter-im-alltag.org,16,0,2,1
rocket-backlinks.com,16,0,5,1
rogeriopradoj.com,16,0,2,1
roneo.org,16,0,1,1
rosabellaconsulting.com,16,0,1,1
rrational.com,16,0,1,1
ruthlillegraven.no,16,0,38,1
rvsmedia.com,16,0,6,1
rwconnection.com,16,0,4,1
s-yoshiki.com,16,0,4,1
sailed.io,16,0,1,1
sakurawi.hateblo.jp,16,0,1,1
sanatorii-kamenka.org,16,0,1,1
sarahclaysocial.com,16,0,1,1
saunasenzwembaden.nl,16,0,24,1
scale-your-expertise.com,16,0,1,1
scfgroup.it,16,0,1,1
schoenerschulen.ch,16,0,12,1
scientyficworld.org,16,0,1,1
sealmaster.com,16,0,1,1
seattlewebsearch.com,16,0,3,1
sebastienpierrepack.com,16,0,2,1
secretsearchenginelabs.com,16,0,14,1
seemless.link,16,0,1,1
sekel.no,16,0,2,1
selwork.jp,16,0,1,1
seo-woman.de,16,0,1,1
seocares.com,16,0,2,1
seosoluciones.es,16,0,2,1
sermonview.com,16,0,969,1
sernoticias.com.mx,16,0,2,1
servizi-wp.it,16,0,2,1
shabanastores.com,16,0,12,1
sharedss.com.au,16,0,3,1
sharemovingmedia.com,16,0,8,1
shiftedmag.com,16,0,1,1
signalsecurity.com.au,16,0,47,1
silvanhagen.com,16,0,1,1
sitesocialseo.com,16,0,1,1
sixtysixten.com,16,0,1,1
skatox.com,16,0,4,1
skelte.fi,16,0,1,1
skratchcreative.com,16,0,1,1
skunkworks.ca,16,0,1,1
smartbooster.io,16,0,1,1
smilepictureperfect.com,16,0,6,1
smrtec.cloud,16,0,60,1
socialexposure.in,16,0,2,1
socialmediajobs.org,16,0,1,1
sokanacademy.com,16,0,3,1
sonuprasadgupta.com,16,0,1,1
soumendrak.com,16,0,2,1
sourire-web-studio.com,16,0,2,1
spainclouds.com,16,0,2,1
speckmann-webdesign.de,16,0,1,1
stacytiltonreviews.com,16,0,1,1
stanthonysguild.org,16,0,10,1
start-up.pe,16,0,2,1
startactueel.nl,16,0,2,1
staxwp.com,16,0,2,1
stefanocassone.com,16,0,1,1
stellarwebstudios.com,16,0,1,1
step-tech.pl,16,0,29,1
stjoeys.qld.edu.au,16,0,6,1
stoppingscams.com,16,0,2,1
story-collaborative.com,16,0,2,1
stpaulscollege.co.uk,16,0,1,1
studiotwofold.com.au,16,0,1,1
submitstart.com,16,0,94,1
subscriptionpro.co,16,0,6,1
swervedesigns.co.za,16,0,4,1
swimworldchelan.com,16,0,2,1
swiy.io,16,0,1,1
systemscue.it,16,0,1,1
takblog.net,16,0,1,1
talenthive.co.uk,16,0,17,1
talkerscode.com,16,0,2,1
talkglobalstudy.com,16,0,3,1
tamzidahmed.com,16,0,1,1
tattoo-tijdelijk.nl,16,0,8,1
teal-server.com,16,0,1,1
teamgasy.com,16,0,1,1
tecdud.com,16,0,23,1
tech-commit.jp,16,0,1,1
techdc.com,16,0,7,1
techevangelistseo.com,16,0,4,1
techfocuspro.com,16,0,1,1
techie-buzz.com,16,0,3,1
techsouls.co.uk,16,0,1,1
techygeekshome.info,16,0,5,1
teknolojia-news.com,16,0,226,1
templatesell.com,16,0,1,1
testerwp.com,16,0,1,1
theblogmetrics.com,16,0,6,1
theecommerce.com,16,0,1,1
thegosocial.com,16,0,1,1
thekickassentrepreneur.com,16,0,2,1
thelibertarianrepublic.com,16,0,1,1
theme-vision.com,16,0,8,1
themesgrove.com,16,0,3,1
themomarket.com,16,0,1,1
theoruby.com,16,0,1,1
theselfemployed.com,16,0,1,1
theskyfloor.com,16,0,4,1
thetechheadlines.com,16,0,1,1
thetotalentrepreneurs.com,16,0,2,1
thetrustagency.net,16,0,3,1
thierry-pigot.fr,16,0,1,1
thinkbullish.com,16,0,2,1
tik4.com,16,0,1,1
timersys.com,16,0,3,1
tomdsites.co.uk,16,0,2,1
tomsnetworking.com,16,0,6,1
tongfamily.com,16,0,3,1
toolwaly.com,16,0,1,1
topcom.lt,16,0,1,1
tourbuzz.com,16,0,2,1
tourismskillsnet.ca,16,0,2,1
tr3sdland.com,16,0,3,1
travlists.com,16,0,33,1
traxplorio.com,16,0,4,1
trustedwp.hu,16,0,2,1
trustgdpa.com,16,0,18,1
ts0818.hatenablog.com,16,0,1,1
tswarteschaap.nl,16,0,1,1
turfnetwork.org,16,0,6,1
uclasificados.com,16,0,1,1
umitengu.com,16,0,1,1
unikas.com,16,0,2,1
unityeasternregion.org,16,0,6,1
universalurethane.com,16,0,6,1
upgraded.id,16,0,2,1
uptimiser.com.hk,16,0,2,1
useoutly.com,16,0,3,1
ussr.win,16,0,23,1
valet.io,16,0,3,1
valkira.hr,16,0,3,1
vandenijssel.com,16,0,6,1
vangvela.com,16,0,3,1
vapvarun.com,16,0,1,1
varnelis.net,16,0,8,1
vcaretechnologies.net,16,0,1,1
vcdweb.com,16,0,2,1
venasnews.co.ke,16,0,124,1
veryleaks.cz,16,0,4,1
vfdigital.nz,16,0,1,1
victorproducts.com,16,0,4,1
video365.com,16,0,1,1
vie-digitale.com,16,0,1,1
vingsfire.com,16,0,1,1
virtadpt.net,16,0,1,1
visualweb.com.au,16,0,2,1
visualwebtechnologies.com,16,0,2,1
vnm.fr,16,0,1,1
vuaseo.vn,16,0,2,1
vuepress.github.io,16,0,1,1
walshandpartners.co.uk,16,0,1,1
wearepixel.ca,16,0,1,1
webactually.com,16,0,2,1
webbroi.com,16,0,2,1
webcurate.co,16,0,24,1
webdojo.it,16,0,7,1
webfit.co.kr,16,0,1,1
webhostkenya.co.ke,16,0,1,1
webindme.fr,16,0,1,1
webmalldigital.com,16,0,2,1
webmarketing.academy,16,0,2,1
websitebuilderguide.com,16,0,2,1
websitex.net,16,0,6,1
webspeedtools.com,16,0,1,1
webtrafficexchange.com,16,0,1,1
wedgewoodcabinetry.com,16,0,276,1
weixiaoduo.com,16,0,6,1
werbeeinfach.de,16,0,2,1
wesecure.pt,16,0,1,1
whisperlab.org,16,0,1,1
winonline.training,16,0,2,1
wiseweb.com.au,16,0,7,1
withthepowerof2.com,16,0,1,1
wixquebec.com,16,0,2,1
wla.agency,16,0,1,1
woblick.dev,16,0,1,1
wookeeper.com,16,0,3,1
wor-pro.com,16,0,45,1
workfromhomehappiness.com,16,0,5,1
wp-admin.cz,16,0,1,1
wp-expert.ch,16,0,1,1
wp-pizza.com,16,0,3,1
wp-tutoring.com,16,0,1,1
wpaudit.site,16,0,12,1
wpbrandy.com,16,0,1,1
wpdeveloping.com,16,0,45,1
wpeagle.com,16,0,1,1
wpfront.page,16,0,1,1
wplovers.co.uk,16,0,72,1
wpmainline.com,16,0,1,1
wpmaster.hu,16,0,1,1
wpmediafolders.com,16,0,5,1
wpmeetuputrecht.nl,16,0,8,1
wpsyncsheets.com,16,0,1,1
wpwhitelabel.io,16,0,10,1
wpwizards.com,16,0,38,1
xnau.com,16,0,2,1
yanshoto.com,16,0,3,1
yashaaglobal.com,16,0,3,1
yhype.me,16,0,3,1
youngmarketingconsulting.com,16,0,5,1
yourwebsiteengineer.com,16,0,2,1
yousource.nl,16,0,6,1
zendamateur.com,16,0,2,1
zimuel.it,16,0,3,1
zpower.tw,16,0,6,1
10xhire.io,15,0,2,1
123startpagina.be,15,0,3,1
301consulting.com,15,0,1,1
360consulenza.com,15,0,3,1
4bullmann.de,15,0,2,1
4ix.com,15,0,4,1
4tech.ma,15,0,1,1
abkad.org,15,0,4,1
ablemployment.com,15,0,10,1
abrandao.com,15,0,1,1
actsupport.com,15,0,1,1
acubeinnovations.com,15,0,244,1
aerophoto-drones.bzh,15,0,1,1
africapreneurs.com,15,0,1,1
agenzialamiacasa.it,15,0,2,1
agippsa.it,15,0,2,1
aifounderkit.com,15,0,2,1
aino.it,15,0,4,1
aisdr.shop,15,0,1,1
akawarriorcup.com,15,0,1,1
akquire.ca,15,0,3,1
alecom.fi,15,0,2,1
alevire.com,15,0,6,1
alexemstudio.com,15,0,2,1
alienwp.com,15,0,3,1
almanechamber.com,15,0,5,1
amalinkspro.com,15,0,10,1
ambitiousinvestor.com,15,0,1,1
amirandaleks.com,15,0,2,1
amliesolutions.com,15,0,1,1
amplitudemktg.com,15,0,13,1
anakmarketing.com,15,0,1,1
anchor-blog.com,15,0,157,1
andreafreelance.com,15,0,1,1
antichitaevintage.com,15,0,2,1
aprilhiatt.com,15,0,1,1
arrami.me,15,0,1,1
artizanmade.com,15,0,27,1
assodigit.it,15,0,1,1
astrojs.cn,15,0,19,1
astronomes-auvergne.fr,15,0,1,1
atalayait.com,15,0,1,1
atkinsondrive.com,15,0,1,1
atlanticdigitalmarketingcompany.com,15,0,2,1
atlasleads.io,15,0,2,1
automicvault.com,15,0,2,1
avcreationgroup.com,15,0,2,1
aventistech.com,15,0,3,1
awesomejobs.io,15,0,42,1
axis-intelligence.com,15,0,1,1
aydindograma.com,15,0,2,1
aynimedia.com,15,0,1,1
bccn.net,15,0,1,1
bcurelaser.co.uk,15,0,2,1
beam.ly,15,0,4,1
bedrijvenconsultant.nl,15,0,24,1
bennettsdesign.co.uk,15,0,1,1
bentrepreneur.fr,15,0,1,1
beselflessindy.org,15,0,34,1
besteabonnementen.net,15,0,3,1
betterappsec.com,15,0,1,1
beyondbirthrightisrael.com,15,0,2,1
beyondtheoffice.com,15,0,1,1
bhicoupons.com,15,0,4,1
birdseyemarketing.com,15,0,2,1
bitmaker.la,15,0,2,1
bizzone.ir,15,0,1,1
blackfin.biz,15,0,1,1
blogcadre.com,15,0,20,1
blogdon.net,15,0,182,1
bloghexe.de,15,0,2,1
bluecanopymarketing.com,15,0,1,1
bnw.im,15,0,2,1
boneandjointcentre.com,15,0,2,1
bonzer.se,15,0,1,1
borednomad.com,15,0,1,1
brainonrent.net,15,0,2,1
brandstart.mx,15,0,1,1
brapodd.se,15,0,9,1
brighthosting.io,15,0,6,1
brightlark.com,15,0,1,1
brksoft.com,15,0,2,1
brndle.com,15,0,50,1
btyaly.fr,15,0,2,1
buildapreneur.com,15,0,2,1
cadesoluciones.blog,15,0,4,1
caega.org,15,0,1,1
cambrian-ai.com,15,0,2,1
canada-singles.ca,15,0,3,1
canonforums.com,15,0,1,1
cantabrialabs.se,15,0,3,1
canyouactually.com,15,0,2,1
cashblog.com,15,0,2,1
cashembrace.com,15,0,1,1
cashprior.com,15,0,1,1
castleberrymedia.co,15,0,1,1
cepuk.org,15,0,2,1
certforumz.com,15,0,1,1
channelpro.in,15,0,1,1
charlotte-inspector.com,15,0,6,1
chrisblackwell.me,15,0,1,1
clateway.com,15,0,2,1
cleanpagedesign.co.uk,15,0,1,1
clearspringsco.com,15,0,2,1
cleverads.com,15,0,1,1
clinisys.cloud,15,0,6,1
clintmally.com,15,0,2,1
clonemyvoice.io,15,0,2,1
coastalmillworksupply.com,15,0,6,1
codener.com,15,0,1,1
codewatchers.com,15,0,11341,1
cogitactive.com,15,0,10,1
coinkickoff.com,15,0,31,1
comicpublicidad.blogspot.com,15,0,1,1
companyglance.com,15,0,2,1
computerhowtoguide.com,15,0,1,1
conditionalblocks.com,15,0,3,1
contencial.co.jp,15,0,2,1
conversionmaker.ai,15,0,1,1
conversionmoxy.com,15,0,1,1
coopyleft.it,15,0,2,1
createdbycarla.co.uk,15,0,1,1
creative.co.id,15,0,1,1
creativecouch.de,15,0,4,1
creativeg.gr,15,0,3,1
creativeintime.com,15,0,9,1
creativetrnd.com,15,0,1,1
creedally.com,15,0,2,1
creer1tunnel2vente.com,15,0,3,1
crystal-fashion.ro,15,0,4,1
cwgreenport.nl,15,0,1,1
cyberitas.com,15,0,1,1
daecon.co.kr,15,0,17,1
danielnytra.com,15,0,1,1
danielproctor.com,15,0,2,1
daoyoucloud.com,15,0,2,1
databaseitalia.it,15,0,1,1
davidlanglade.com,15,0,1,1
dealmango.com,15,0,7,1
deepnlp.org,15,0,2,1
demaco-vacuum.com,15,0,6,1
denverfan.com,15,0,8,1
designbuzz.com,15,0,3,1
designshot.co,15,0,1,1
devguide.at,15,0,12,1
devigntech.com,15,0,1,1
devnewsletter.com,15,0,2,1
devotepress.com,15,0,1,1
devs-core.com,15,0,1,1
dhmetal21.com,15,0,28,1
digikaimarketing.com,15,0,4,1
digitaldestinationllc.com,15,0,1,1
digitalheroesco.com,15,0,2,1
digitalvishesh.in,15,0,2,1
dillonrossgroup.com,15,0,1,1
dinomatic.com,15,0,1,1
dinosaurstew.com,15,0,2,1
directbase.app,15,0,1,1
disegrafico.es,15,0,1,1
dix9.com,15,0,2,1
dngwebdeveloper.in,15,0,1,1
dongleauth.com,15,0,6,1
dontworkanotherday.com,15,0,1,1
dotcomdollar.com,15,0,2,1
dragdrop.fi,15,0,1,1
dreamersofday.co,15,0,2,1
dripchileno.cl,15,0,8,1
drupalsun.com,15,0,17,1
dxarslan.com,15,0,1,1
easy-it.fr,15,0,1,1
ecommerce.mk,15,0,2,1
ecroninc.com,15,0,1,1
ecsagency.com,15,0,1,1
efferentmedia.com,15,0,4,1
eg-wp.com,15,0,3,1
ekonominu.se,15,0,1,1
embracingspirituality.com,15,0,24,1
emmanuel.pe,15,0,2,1
employeemanagement.co.uk,15,0,2,1
empresabdr.com.br,15,0,1,1
energizethemes.com,15,0,4,1
entravisionlocalmarketingsolutions.com,15,0,4,1
entrepreneurnut.com,15,0,2,1
es.io,15,0,10,1
escortfr.net,15,0,1,1
esketchers.com,15,0,1,1
eurolines.nl,15,0,8,1
everestthemes.com,15,0,1,1
everywheremarketer.com,15,0,2,1
evolmk.com,15,0,2,1
f5design-tw.com,15,0,1,1
facts.dev,15,0,6,1
faithfulphotography.com.au,15,0,2,1
fantastech.co,15,0,2,1
fasfartech.vn,15,0,2,1
fastdezine.com,15,0,1,1
fastread.in,15,0,1,1
faun.to,15,0,2,1
fieldoverell.com,15,0,1,1
fireweb.ro,15,0,28,1
firststringusa.com,15,0,1,1
flare.gr,15,0,1,1
flipestrategia.com.br,15,0,1,1
florian-simeth.de,15,0,17,1
floriethielin.com,15,0,1,1
font-face.com,15,0,1,1
forexreferral.com,15,0,3,1
forwardprotocol.io,15,0,1,1
foxyform.de,15,0,1,1
frantorres.es,15,0,1,1
free-hit.online,15,0,159,1
free-resume.net,15,0,1,1
freeseotesting.com,15,0,55,1
fresqui.com,15,0,6,1
freunde-ksm.de,15,0,2,1
gaborszathmari.me,15,0,1,1
gabriolinari.com,15,0,1,1
ganaraskaconservation.ca,15,0,1,1
gautamkhorana.com,15,0,30,1
geeksworking.com,15,0,1,1
gegeriyadi.com,15,0,1,1
gemeinschaftsforum.com,15,0,1,1
ggg.com.tw,15,0,1,1
gif-bilder.de,15,0,2,1
gitenterprise.me,15,0,17,1
givetofcf.com,15,0,1,1
globalsign.cn,15,0,1,1
gobiz.com.br,15,0,4,1
goflyla.com,15,0,2,1
goodguys.se,15,0,2,1
gopostflow.com,15,0,2,1
gopulsion.io,15,0,3,1
gotchahosting.com,15,0,2,1
gracebaptistchristianschool.org,15,0,6,1
grapehub.io,15,0,1,1
graphicfort.com,15,0,2,1
grartwork.com,15,0,1,1
greatstartups.com,15,0,2,1
greenlitcontent.com,15,0,13,1
gregfishmanjazzstudios.com,15,0,12,1
growthmarketingtoolbox.com,15,0,1,1
grumft.com,15,0,1,1
hackrepair.com,15,0,8,1
hairmedical-doctor.com,15,0,12,1
hairsandgracesextensions.co.uk,15,0,1,1
hammburg.com,15,0,1,1
harbinsonrealestate.com,15,0,6,1
harveymercheum.com,15,0,18,1
hash.de,15,0,1,1
hatikvah.ca,15,0,2,1
headsetsinc.com,15,0,6,1
heissenberger.at,15,0,1,1
hello-archi.com,15,0,1,1
hibrido.fr,15,0,2,1
highground.ai,15,0,1,1
historytools.org,15,0,1,1
hitcigars.com,15,0,24,1
hitricks.com,15,0,2,1
hjemmesidehelten.no,15,0,1,1
hogyankeszitsek.hu,15,0,1,1
holencik.com,15,0,2,1
honey-studio.de,15,0,1,1
hostingdonuts.com,15,0,5,1
hpm-support.de,15,0,2,1
hristiane.net,15,0,1,1
htmlheld.de,15,0,5,1
humantobrand.com,15,0,1,1
iamaffiliate.com,15,0,1,1
iclickonline.co.nz,15,0,4,1
iclickonline.com.au,15,0,4,1
idarb.com,15,0,1,1
ideawrights.com,15,0,1,1
ihechikara.com,15,0,1,1
iloveit.net,15,0,2,1
independent-racing.com,15,0,2,1
indesa.com.pa,15,0,2,1
innovativedigisolutions.com,15,0,13,1
inoticias.cl,15,0,2,1
instructify.com,15,0,76,1
investhps.com,15,0,2,1
iprodvinem.com,15,0,3,1
irmcon.com,15,0,1,1
irontree.co.za,15,0,12,1
ismtech.net,15,0,1,1
it.com.sg,15,0,1,1
italianqueen.com,15,0,3,1
iteam.al,15,0,2,1
itforless.com,15,0,3,1
ithire.com,15,0,3,1
itresearchart.biz,15,0,1,1
jardindefrancois.com,15,0,12,1
jd-web-et-design.fr,15,0,3,1
jdrf.org.uk,15,0,84,1
jekyll.com.cn,15,0,2,1
jennielakenan.com,15,0,7,1
jenxi.com,15,0,1,1
jlanderson.net,15,0,6,1
jobsinmarketing.io,15,0,1,1
josemisanz.com,15,0,3,1
jtrouver.com,15,0,1,1
k-brio.de,15,0,1,1
kaanengroup.com,15,0,1,1
kafidoff.com,15,0,1,1
kantel.github.io,15,0,4,1
kbkbusinesssolutions.com,15,0,1,1
keepsync.io,15,0,1,1
kempresources.com,15,0,1,1
keydal.tr,15,0,1,1
kiddycorner.org,15,0,3,1
kids-nobi.com,15,0,12,1
kijo.london,15,0,4,1
kinoa.studio,15,0,1,1
kintsu.ai,15,0,8,1
kodulehehaldus.com,15,0,4,1
kortingscouponcodes.nl,15,0,1,1
kybernaut.cz,15,0,1,1
l7d.co.uk,15,0,1,1
lajkonik-content.de,15,0,2,1
landesbergdesign.com,15,0,1,1
laodongdongnai.vn,15,0,1,1
lean-ocean.com,15,0,1,1
lemp.io,15,0,9,1
leokoo.com,15,0,8,1
lescastcodeurs.com,15,0,6,1
lesleadersvisionnaires.fr,15,0,1,1
liaosam.com,15,0,3,1
linkera.com,15,0,1,1
linkvisuals.pl,15,0,4,1
linnenspeciaalzaak.nl,15,0,1,1
lopezexpressgt.com,15,0,2,1
luiscc.com,15,0,2,1
lunar.icu,15,0,1,1
lundteknik.dk,15,0,6,1
lwpac.net,15,0,6,1
m-studio.at,15,0,1,1
madlemmings.com,15,0,9,1
magenticians.com,15,0,2,1
magneticstrategy.com,15,0,1,1
maisons-neho.fr,15,0,1,1
majorimpact.com,15,0,5,1
managedwp.uk,15,0,54,1
mantrabrain.com,15,0,1,1
mariavillegoatfarm.com,15,0,6,1
marketerschoice.com,15,0,3,1
marketingcatalyst.net,15,0,1,1
marketingleap.net,15,0,1,1
marketingmetricscorp.com,15,0,4,1
marketingsignallab.com,15,0,1,1
markosmasine.com,15,0,3,1
markuraine.com,15,0,2,1
mascotify.pe,15,0,2,1
mattjanaway.co.uk,15,0,1,1
matussek.com,15,0,3,1
maventm.com,15,0,2,1
maville-bouge.fr,15,0,2,1
mc2gallery.it,15,0,1,1
mediagyancy.com,15,0,1,1
medwelldigital.com,15,0,1,1
mepweb.nl,15,0,4,1
metayer.de,15,0,2,1
mexnewz.mx,15,0,1,1
mikebastin.com,15,0,1,1
millmentor.com,15,0,7213,1
mintunmedia.com,15,0,3,1
mkmarketingservices.com,15,0,2,1
modernman.com,15,0,1,1
modernpug.github.io,15,0,1,1
mofluid.com,15,0,2,1
moneytaskforce.com,15,0,1,1
monrocloud.com,15,0,1,1
msm-web-solutions.com,15,0,2,1
musclemagfitness.com,15,0,1,1
mybrandjourney.com,15,0,1,1
mycenterforbeauty.com,15,0,24,1
mydeepin.ru,15,0,1,1
myfrugalbusiness.com,15,0,1,1
myiot.idv.tw,15,0,1,1
mypack.us,15,0,1,1
mypropertybasket.com,15,0,1,1
nachedeu.com,15,0,1,1
namamiinc.com,15,0,1,1
nebenbeionline.de,15,0,1,1
netsim.com.tr,15,0,3,1
netsville.com,15,0,1,1
networktech.online,15,0,2,1
newearthnation.org,15,0,57,1
newearthproject.org,15,0,249,1
newworlddigital.ie,15,0,1,1
nickfitzgibbon.com,15,0,2,1
nojapyorafoorumi.fi,15,0,4,1
norbert-kathriner.ch,15,0,2,1
nordiccustommade.dk,15,0,5,1
northerninterior.se,15,0,3,1
npskillsmadeeasy.com,15,0,2,1
nubenetes.com,15,0,12,1
nunami.ai,15,0,4,1
nybe.be,15,0,1,1
nywire.com,15,0,1,1
nzangimuimi.com,15,0,1,1
o-dream.jp,15,0,1,1
observatoire-tec.fr,15,0,1,1
offboard.co,15,0,1,1
offthelip.com,15,0,2,1
ohiomtb.org,15,0,74,1
olive.group,15,0,4,1
omni24.io,15,0,2,1
onecrazyapple.com,15,0,1,1
onlinemarketing-studium.de,15,0,9,1
orangestar.com,15,0,1,1
ordiges.fr,15,0,1,1
osradar.com,15,0,2,1
outofthe925.com,15,0,1,1
oversitesentry.com,15,0,2,1
ovm-communication.fr,15,0,1,1
p-performance.at,15,0,48,1
pagepipe.com,15,0,26,1
paginaswebamedida.org,15,0,1,1
paragliding-luzern.ch,15,0,12,1
parington.com,15,0,1,1
parsnip.me,15,0,1,1
passiveincomesuperstars.com,15,0,3,1
pataverns.com,15,0,44,1
paulund.co.uk,15,0,3,1
pctown.co.nz,15,0,20,1
pecheqc.ca,15,0,1,1
pedromatias.co.uk,15,0,1,1
perfectsmiles.com,15,0,54,1
perl-community.de,15,0,6,1
phpdeveloper.org,15,0,197,1
phreesite.com,15,0,5,1
piter.at,15,0,2,1
pixelfire.com.au,15,0,2,1
pixelwerft.de,15,0,2,1
planete-warez.net,15,0,1,1
plethorathemes.com,15,0,1,1
plusbrothers.net,15,0,1,1
podhunt.app,15,0,1,1
poliscore.us,15,0,2,1
poweredbycoffee.co.uk,15,0,1,1
premiumhomeleisure.com,15,0,2,1
presscargo.io,15,0,1,1
prev.site,15,0,8,1
principiomarketing.com,15,0,2,1
profi-webspace.com,15,0,1,1
propseo.pl,15,0,2,1
prystine.co.uk,15,0,2,1
ptstuff.com,15,0,6,1
pullchecklist.com,15,0,2,1
puntoweb-arezzo.it,15,0,1,1
pvsstudios.com,15,0,1,1
pyrsonalize.com,15,0,1,1
qewebby.com,15,0,1,1
qianchong.hatenablog.com,15,0,1,1
qiangwaikan.com,15,0,1,1
r3el.com,15,0,42,1
racemaxdirect.com.au,15,0,4,1
railfandepot.com,15,0,1,1
ramonduraes.net,15,0,1,1
reason8.com.au,15,0,2,1
recursosparaemprendedores.com,15,0,1,1
refetrust.com,15,0,1,1
reigntheme.com,15,0,10,1
rejuveplasticsurgery.com,15,0,3,1
resource-sharing.co.jp,15,0,9,1
reviewsforwebsitehosting.com,15,0,2,1
rmarketingdigital.com,15,0,9,1
rni-consulting.com,15,0,1,1
robinjescott.com,15,0,3,1
rocketpages.io,15,0,1,1
rockypointorthodontics.com,15,0,6,1
rootsmarketinggr.com,15,0,1,1
rubenortiz.es,15,0,5,1
sabaldental.com,15,0,2,1
safeleader.org,15,0,3,1
samenblog.com,15,0,2,1
sampere.edu.es,15,0,1,1
sandhillsdev.com,15,0,2,1
sanechoice.cloud,15,0,2,1
satollo.net,15,0,1,1
saville-iksic.com,15,0,1,1
savoirfaire-us.com,15,0,1,1
sayansamanta.com,15,0,28,1
sbesyes.org,15,0,6,1
sci-tech-today.com,15,0,1,1
scribapr.com,15,0,1,1
securecode.wiki,15,0,1,1
securityreport.gr,15,0,2,1
seogruppen.se,15,0,1,1
sesoignerengeorgie.com,15,0,6,1
sfpeatlanta.org,15,0,21,1
shadesheds.com.au,15,0,2,1
shameem.me,15,0,1,1
shemeansblogging.com,15,0,2,1
sickgaming.net,15,0,28,1
simdec.ch,15,0,1,1
simulateur-portage-salarial.fr,15,0,2,1
skdgroupofinstitutions.com,15,0,1,1
smart-interactive.de,15,0,1,1
snowmaddigital.com,15,0,1,1
sobrelinux.info,15,0,1,1
socialjoey.com,15,0,1,1
socialmediaacademie.nl,15,0,1,1
socialmediadelivered.com,15,0,1,1
socialmediamagazine.org,15,0,1,1
softtechcube.com,15,0,1,1
softwarecosmos.com,15,0,2,1
softwaredegrees.org,15,0,1,1
solarmonkey.io,15,0,1,1
soluce-technologies.com,15,0,1,1
sourcingcitynews.co.uk,15,0,6,1
spearheadmm.net,15,0,1,1
specialoffers.com,15,0,6,1
spencer-taylor.com,15,0,3,1
spendark.com,15,0,1,1
spiderandvaricoseveintreatment.com,15,0,6,1
spip.org,15,0,1,1
spraytan.com,15,0,2,1
springengage.com,15,0,1,1
squareinternet.co,15,0,1,1
squareonepublishers.com,15,0,3,1
stackfindover.com,15,0,4,1
startup-fp.com,15,0,2,1
startupcollections.com,15,0,2,1
stauss.de,15,0,1,1
stefanmann.com,15,0,6,1
stilltalkintv.com,15,0,2,1
storegrowth.io,15,0,1,1
storepulse.co,15,0,1,1
stork.pet,15,0,2,1
strand-uk.com,15,0,1,1
strategielg.com,15,0,21,1
stratuscyber.com,15,0,1,1
stsbiz.com.au,15,0,4,1
studyabroadnations.com,15,0,6,1
stwebdesign.it,15,0,2,1
style-web.it,15,0,1,1
stylistpick.com,15,0,627,1
suomiblog.com,15,0,187,1
sweetsillysara.com,15,0,93,1
sylvaintersoglio.com,15,0,1,1
syndication.cloud,15,0,4,1
talkcounsel.com,15,0,1,1
talktoheidi.com,15,0,1,1
talmadgeconstruction.com,15,0,12,1
tanmer.com,15,0,2,1
tantemalkah.at,15,0,2,1
techendo.com,15,0,1,1
techidology.com,15,0,1,1
technewstab.com,15,0,1,1
technorozen.in,15,0,1,1
techrt.com,15,0,1,1
techsling.com,15,0,1,1
techviral.tech,15,0,1,1
tellit.me,15,0,2,1
templatelane.com,15,0,2,1
tfq.me,15,0,1,1
the-web-design-company.co.uk,15,0,30,1
thebestbirth.com,15,0,6,1
theblueoceansgroup.com,15,0,9,1
thecasinoenquirer.com,15,0,4,1
theclassycork.com,15,0,9,1
thecodebeast.com,15,0,1,1
thedentalseoexperts.com,15,0,1,1
thehostingdirectory.com,15,0,2,1
thehotskills.com,15,0,5,1
themeim.com,15,0,2,1
themezhub.com,15,0,309,1
thenewblackmagazine.com,15,0,1,1
thenomadcloud.com,15,0,2,1
theobloggers.com,15,0,143,1
theprotec.com,15,0,2,1
thetimberlandinvestor.com,15,0,1,1
thewpguy.com.au,15,0,3,1
thezenweb.com,15,0,709,1
thinkprint.ie,15,0,1,1
thinlinecreative.com,15,0,18,1
thisprogrammingthing.com,15,0,2,1
thospfuller.com,15,0,1,1
tiffytaffy.com,15,0,1,1
tighten.co,15,0,1,1
tiohuli.com.br,15,0,1,1
tiptopsm.com,15,0,1,1
toolfinderr.com,15,0,25,1
toptips.fr,15,0,19,1
toud.ro,15,0,4,1
traders-insurance.com,15,0,8,1
trainstationdental.com,15,0,3,1
trueadventure.de,15,0,2,1
trustway.marketing,15,0,1,1
tutoriels-info.com,15,0,12,1
twda.co.uk,15,0,5,1
twoheartsandco.com,15,0,3,1
typeco.de,15,0,1,1
u-sand.com,15,0,6,1
u.page,15,0,28,1
ucompares.com,15,0,1,1
ultimatelybetter.com,15,0,6,1
underrepresentedintech.com,15,0,3,1
uniqueprints.shop,15,0,2,1
united4thepeople.org,15,0,12,1
upcision.com,15,0,1,1
uppercut.co,15,0,1,1
upsstore.com,15,0,1,1
usamarketingpros.com,15,0,1,1
valorcultural.com.br,15,0,1,1
versionpress.com,15,0,4,1
vetmarketingpro.com,15,0,1,1
viglezio.ch,15,0,2,1
village.do,15,0,1,1
vineeshrohini.com,15,0,3,1
voicefy.com.br,15,0,1,1
voneff.de,15,0,3,1
vwgberkheide.nl,15,0,1,1
vwremovals.com.au,15,0,2,1
wado.sk,15,0,1,1
watchtowerhq.co,15,0,2,1
waterproof-web-wizard.de,15,0,1,1
wdmarket.com,15,0,3,1
wdrl.info,15,0,6,1
wealth-ideas.com,15,0,12,1
wearecomplexcreative.com,15,0,2,1
webabsoluta.com.br,15,0,1,1
weback.net,15,0,2,1
webarctech.com,15,0,1,1
webdancers.com,15,0,1,1
webdesigner-tirol.at,15,0,1,1
webdevtrust.com,15,0,2,1
webemotion.nl,15,0,7,1
webidextrous.com,15,0,8,1
webku.org,15,0,5,1
webmatic.be,15,0,1,1
webpresencesolutions.net,15,0,1,1
webprogeeks.io,15,0,10,1
webrevenue.net,15,0,13,1
websitelibrary.com.au,15,0,1,1
webskaper.no,15,0,1,1
webstrategy.com.ar,15,0,2,1
webwiner.com,15,0,1,1
webyasan2024.com,15,0,1,1
weignitegrowth.com,15,0,1,1
whatwptheme.fr,15,0,3,1
wildfulstories.com,15,0,1,1
willro.com,15,0,1,1
winestro.wiki,15,0,2,1
wise-relations.com,15,0,9,1
withblue.ink,15,0,2,1
wittychimp.com,15,0,1,1
wombex.com,15,0,1,1
wordzite.com,15,0,1,1
worldlink.com.cn,15,0,4,1
wp-support.se,15,0,1,1
wpbigbang.com,15,0,5,1
wpconsultant.de,15,0,1,1
wpdailythemes.com,15,0,1,1
wpeverest.com,15,0,1,1
wpfitness.eu,15,0,1,1
wpfloor.com,15,0,2,1
wpfoundry.app,15,0,13,1
wpfreeware.com,15,0,9,1
wpgears.com,15,0,2,1
wpinsideblog.com,15,0,2,1
wpklik.com,15,0,241,1
wplogout.com,15,0,3,1
wpmarmalade.com,15,0,24,1
wpnext.org,15,0,2,1
wppals.com,15,0,1,1
wpruby.com,15,0,5,1
wpservice.pro,15,0,10,1
wpshopmart.com,15,0,3,1
wpsimplegiveaways.com,15,0,2,1
wptangtoc.com,15,0,2,1
wptasks.com,15,0,10,1
wpvibes.com,15,0,1,1
wpwebsmartz.com,15,0,4,1
wpx.lv,15,0,4,1
writershelf.com,15,0,15,1
yarraweb.com.au,15,0,1,1
yoshiwalsh.me,15,0,1,1
yoso-walk.net,15,0,3,1
youtalent.com,15,0,2,1
zachsean.com,15,0,6,1
zaiwork.com,15,0,4,1
zanzan.tw,15,0,5,1
zeroweb.gr,15,0,1,1
zinnhub.com,15,0,10,1
0mail.pro,14,0,1,1
0ok0.com,14,0,1,1
100son.net,14,0,1,1
101-help.com,14,0,76,1
1111designs.com,14,0,1,1
200proofstaffing.com,14,0,6,1
24x7offshoring.com,14,0,2,1
8ch.net,14,0,5,1
91wink.com,14,0,1,1
abadc.com.sa,14,0,14,1
aboutinsider.com,14,0,1,1
absolutegadget.com,14,0,1,1
acceptbitcoin.cash,14,0,1,1
acec-la.org,14,0,2,1
acmeai.tech,14,0,1,1
activewin.com,14,0,2,1
adculture.ca,14,0,1,1
adlivetech.com,14,0,1,1
affiliateprosolutions.com,14,0,1,1
affirmhealthcenter.com,14,0,6,1
agilitec.com,14,0,2,1
agncservicos.com,14,0,2,1
aiaeasternpa.org,14,0,6,1
akdmm.com,14,0,1,1
akus.co.ke,14,0,1,1
alexmerced.blog,14,0,1,1
alfima.io,14,0,2,1
alkoranshriners.com,14,0,12,1
allaboutselfemployment.com,14,0,4,1
allpeople.com,14,0,2,1
alltdesign.com,14,0,161,1
alphaomegadigital.com.au,14,0,1,1
altamedinet.de,14,0,1,1
alternatives-numeriques.fr,14,0,1,1
americanprofessionguide.com,14,0,2,1
amicidelweb.it,14,0,11,1
amoblog.com,14,0,165,1
amputation-avant-pied.fr,14,0,1,1
anadelmazo.com,14,0,1,1
anayael.com,14,0,2,1
andre-ani.fr,14,0,1,1
andresseo.expert,14,0,1,1
antonyagnel.com,14,0,13,1
appdevelopmentpros.com,14,0,1,1
arbehi.com,14,0,1,1
archer.mt,14,0,2,1
archivesfactory.com,14,0,20,1
arnhost.com,14,0,1,1
artiveko.com,14,0,1,1
artsopolis.com,14,0,1,1
asapguide.com,14,0,1,1
assisesdunumerique.fr,14,0,2,1
astonishemail.com,14,0,2,1
astroweekly.dev,14,0,1,1
athleticedge.org,14,0,6,1
atlantawpcoach.com,14,0,1,1
aucoeurdumac.com,14,0,2,1
awesem.co.uk,14,0,1,1
awesomeitv.com,14,0,2,1
awesomewebsiteguys.com,14,0,2,1
ayurvedicoils.com,14,0,2,1
azhur-c.ru,14,0,1,1
aziendevincenti.it,14,0,1,1
b2bpowerhour.com,14,0,1,1
babl.tech,14,0,1,1
bantergroup.com.au,14,0,1,1
baqend.com,14,0,1,1
beastpreneur.com,14,0,2,1
beebrilliantmarketing.com,14,0,1,1
beecoded.io,14,0,1,1
beewits.com,14,0,4,1
bemowgli.com,14,0,1,1
berlinalive.org,14,0,1,1
bethebean.com,14,0,1,1
beyondmediamarketing.com,14,0,1,1
beyondsixfigures.org,14,0,1,1
bibleodyssey.net,14,0,2,1
bibliothinking.com,14,0,1,1
billion-strong.org,14,0,1,1
bingolocales.com.mx,14,0,86,1
bizblaze.co,14,0,4,1
bl-nk.fr,14,0,4,1
bldigital.it,14,0,293,1
blog-als-nebenjob.de,14,0,5,1
blog-soudan.com,14,0,3,1
blogambitious.com,14,0,1,1
bloggerwalk.com,14,0,1,1
bloggin-ads.com,14,0,152,1
bloggingos.com,14,0,1,1
blogspace.fr,14,0,1,1
blogsvirals.com,14,0,162,1
blucactus.ca,14,0,3,1
blueclay.com.au,14,0,4,1
blueera.sk,14,0,1,1
bluezooweb.com,14,0,1,1
bnbtoolbox.com,14,0,1,1
boekhoudspot.com,14,0,2,1
boost-social-media.com,14,0,1,1
brisbaneagency.com,14,0,1,1
brunskillpharmacy.com,14,0,47,1
bsofttech.com,14,0,1,1
burgundyzine.com,14,0,1,1
byflugur.is,14,0,34,1
cagewebdev.com,14,0,2,1
can-ada.net,14,0,1,1
canismajor-rpg.com,14,0,2,1
capitalfactor.es,14,0,3,1
caraqu.com,14,0,12,1
carsten-nichte.de,14,0,1,1
cbosolutions.com,14,0,12,1
celtislab.net,14,0,2,1
ceo.digital,14,0,1,1
charleslange.blog,14,0,4,1
chibupapa.com,14,0,2,1
chilliremovals.com.au,14,0,1,1
chinaseo.ca,14,0,2,1
chiragaggarwal.tech,14,0,1,1
chronicboss.com,14,0,2,1
cicormarketing.com,14,0,6,1
circleaims.com,14,0,1,1
classicleatherdesigns.com,14,0,6,1
classifiedwale.com,14,0,6,1
cleverdigital.cl,14,0,2,1
clicknowmarketing.com,14,0,1,1
climaxthemes.com,14,0,3,1
clipsbnc.com,14,0,30,1
codegeekz.com,14,0,3,1
codeomelet.com,14,0,1,1
codwelt.com,14,0,1,1
cointelegraph-tr.com,14,0,2,1
commission.academy,14,0,13,1
communitycode.dev,14,0,1,1
conceptstorage.com,14,0,680,1
conetstaff.com,14,0,1,1
configurarmikrotikwireless.com,14,0,1,1
containermagazine.co.uk,14,0,1,1
contao-stuttgart-ludwigsburg.de,14,0,1,1
contentmanagementcourse.com,14,0,1,1
context-awesome.com,14,0,5,1
convertsquad.com,14,0,1,1
copelandcreative.com.au,14,0,1,1
coreysdigs.com,14,0,1,1
correiodigital.net,14,0,16,1
cpwebhosting.com,14,0,99,1
createwebsite.net,14,0,4,1
creatorpreneurdiary.com,14,0,2,1
crifan.com,14,0,2,1
crosstradesnetwork.com,14,0,6,1
cultinfos.com,14,0,1,1
cyberspaceandtime.com,14,0,2,1
daavin.ae,14,0,1,1
dabasblog.com,14,0,2,1
dailysciencejournal.com,14,0,1,1
decimadigital.com,14,0,1,1
designhost.gr,14,0,14,1
designwebkit.com,14,0,1,1
desuvit.com,14,0,1,1
dhk.org,14,0,6,1
difarany.com,14,0,12,1
digdesigns.com,14,0,1,1
digidom.co.uk,14,0,2,1
digihobbit.nl,14,0,1,1
digitalcooperatives.com,14,0,7,1
digitalexaminer.com,14,0,2,1
digitalmagazine.org,14,0,1,1
digitalmarketingpme.ch,14,0,10,1
digitalmarketingpromotion360.com,14,0,4,1
divikingdom.com,14,0,2,1
donweb.news,14,0,4,1
dougmorneau.com,14,0,1,1
dragondigital.us,14,0,6,1
ds-onlinemarketing.de,14,0,1,1
dsragland.com,14,0,1,1
dubb.ch,14,0,1,1
edition1.co.uk,14,0,2,1
eduardotornos.com,14,0,1,1
ejobscircular.com,14,0,45,1
eleadspro.com,14,0,1,1
elevenguard.com,14,0,2,1
emka.web.id,14,0,1,1
emotionstudios.net,14,0,6,1
endeck.com,14,0,6,1
endorphindigital.com,14,0,1,1
enviestudent.com,14,0,6,1
eosgo.io,14,0,15,1
escapecreative.com,14,0,5,1
esportsjunkie.com,14,0,1,1
essaywritingguides.com,14,0,1,1
estelenerg.org,14,0,1,1
estrat360.com,14,0,3,1
everplay.jp,14,0,1,1
everythingflow.agency,14,0,3,1
ewise.co.il,14,0,1,1
exafol.com,14,0,13,1
ezoqc.com,14,0,1,1
fabthemes.com,14,0,2,1
faceupnow.co.nz,14,0,2,1
factornueve.com,14,0,1,1
fairground.co.jp,14,0,1,1
faithperformancegroup.com,14,0,2,1
fantasiaweb.it,14,0,9,1
fattkay.com,14,0,1,1
favinks.com,14,0,26,1
filife.com,14,0,1,1
fiore-corse.fr,14,0,1,1
fireskystudios.com,14,0,1,1
flashreviewz.com,14,0,8,1
flippingheck.com,14,0,1,1
flockport.com,14,0,1,1
folderat.com,14,0,17,1
fondation-fhb.org,14,0,1,1
fonds-mg.fr,14,0,1,1
fontanus-freestyle.hu,14,0,2,1
foodwine.com,14,0,1,1
fortafy.us,14,0,2,1
forumtransportu.pl,14,0,16,1
fpwhs.com,14,0,4,1
frankandlucie.com,14,0,140,1
fraserclark.com,14,0,2,1
freedomlovin.com,14,0,3,1
freeforcharity.org,14,0,2,1
ftcm.org,14,0,6,1
ftitech.com,14,0,1,1
funnelreboot.com,14,0,12,1
fussballhessen.de,14,0,4,1
futurehydraulik.com,14,0,1,1
fuzokudb.com,14,0,5,1
galleryberg.com,14,0,4,1
galleysupport.com,14,0,6,1
gara-kuta.blog,14,0,1,1
genchost.com,14,0,2,1
genisoft.fr,14,0,263,1
getscore.app,14,0,1,1
giftcardgiant.com,14,0,2,1
gislen.se,14,0,1,1
gits.com.vn,14,0,2,1
globalinternet.com.pa,14,0,25,1
gloo.pl,14,0,1,1
glxblog.com,14,0,1,1
gomediashark.com,14,0,2,1
gonewiththewind.nl,14,0,2,1
gowithcode.com,14,0,1,1
gpsparking.com,14,0,1,1
gradient9.com,14,0,3,1
grafixstudio.se,14,0,4,1
greenhappiness.com,14,0,27,1
greenmindagency.com,14,0,1,1
gregbeyer.com,14,0,10,1
gridconcepts.com.au,14,0,1,1
groork.com,14,0,1,1
groundwp.com,14,0,1,1
growthlabs.agency,14,0,3,1
gstc.or.kr,14,0,2,1
guestcountry.com,14,0,1,1
hairrestorationcenterofutah.com,14,0,21,1
hammanitech.com,14,0,3,1
hanochso.co.il,14,0,3,1
hansa-flex.sk,14,0,12522,1
happystudiocreativo.com,14,0,1,1
hcgdiet.com,14,0,6,1
headerlove.com,14,0,8,1
heelermarketing.com,14,0,1,1
heroo.nl,14,0,3,1
hideharublog.com,14,0,1,1
hisdsource.org,14,0,8,1
hitpath.com,14,0,1,1
hkitf.org.hk,14,0,6,1
hoganhost.com.ng,14,0,1,1
horstschulte.com,14,0,4,1
hostedby.us,14,0,1,1
hosthelp.net,14,0,1,1
hostingmonks.com,14,0,2,1
hoyack.com,14,0,1,1
hsyndicate.com,14,0,2,1
hucommerce.hu,14,0,1,1
huntag.com.br,14,0,1,1
hustlersource.com,14,0,1,1
huxo.co.uk,14,0,2,1
hwb0307.com,14,0,2,1
idahobusiness.net,14,0,1,1
identityagency.co.uk,14,0,1,1
ignitemarketing.io,14,0,1,1
illuminea.com,14,0,1,1
imymac.es,14,0,2,1
in-beta.link,14,0,1,1
infobox.com.tw,14,0,6,1
infotalks.in,14,0,5,1
ingenio-global.com,14,0,1,1
inhindihelp.com,14,0,1,1
iniforum-berlin.de,14,0,1,1
internapa.ac.cy,14,0,6,1
intuitiva.pt,14,0,8,1
inverness-mi.com,14,0,150,1
inzpireu.com,14,0,1,1
ireneeng.com,14,0,1,1
isaruit.ca,14,0,3,1
isblog.net,14,0,164,1
isimplifyme.com,14,0,3,1
ja-blog.com,14,0,28,1
jakson.co,14,0,1,1
jameswoo.net,14,0,1,1
jaxcommunityevents.com,14,0,2,1
jeffreycarandang.com,14,0,68,1
jforum.com,14,0,1,1
jirak.net,14,0,1,1
jnbeng.com,14,0,1,1
johnimsecrets.com,14,0,1,1
johnnyvps.com,14,0,1,1
joomlabeginner.com,14,0,1,1
josh.is-cool.dev,14,0,3,1
kajoom.ca,14,0,210,1
kasradash.com,14,0,1,1
katychenmazzara.com,14,0,1,1
ke2b.com,14,0,6,1
keyyang.co.kr,14,0,2,1
kgforum.org,14,0,13,1
khtk.com,14,0,6,1
kiwistic.com,14,0,2,1
kon-ruri.co.jp,14,0,1,1
kubico.com,14,0,2,1
kybumo.com,14,0,1,1
lafabrikdigitale.fr,14,0,3,1
lamethodestreet.fr,14,0,1,1
lamonomagazine.com,14,0,1,1
lapitavanuatu.com,14,0,2,1
launchdeck.io,14,0,2,1
launchkitmarketing.com,14,0,1,1
lauramusig.com,14,0,1,1
le-labo-du-redacteur-web.com,14,0,1,1
lesley.pizza,14,0,1,1
lestechnos.be,14,0,9,1
lgsemicon.co.kr,14,0,1,1
libgig.com,14,0,132,1
lifedge.online,14,0,2,1
ligent.net,14,0,5,1
liquisdigital.com,14,0,1,1
livemeshthemes.com,14,0,8,1
lng-consultancy.com,14,0,2,1
logoglo.com,14,0,1,1
logtivity.io,14,0,1,1
lokidea.com,14,0,6,1
loopconf.com,14,0,4,1
lovedby.ai,14,0,2,1
lovetohelp.de,14,0,1,1
ludo-louis.fr,14,0,1,1
lupaworld.com,14,0,3,1
lwam.co,14,0,1,1
lydiachuang.com,14,0,3,1
macondohotels.com,14,0,9,1
maconsultingservices.site,14,0,8,1
madcowweb.com,14,0,1,1
magiclibrary.co,14,0,1,1
magicwrite.ai,14,0,1,1
magoquiz.com,14,0,4,1
mailflowauthority.com,14,0,1,1
mailsgun.ru,14,0,2,1
mailtube.co.uk,14,0,18,1
maison-aubry.com,14,0,698,1
maison-talmuehle.de,14,0,1,1
makemoney.tw,14,0,2,1
makingartmakingmoney.com,14,0,1764,1
managementpedia.com,14,0,2,1
mandclu.com,14,0,4,1
mann.blog,14,0,1,1
mapmecybersecurisee.be,14,0,1,1
marketinger.digital,14,0,1,1
marketingthink.com,14,0,1,1
marketmaze.me,14,0,4,1
marketminute.com,14,0,6,1
marketwithboost.com,14,0,1,1
martechnotes.com,14,0,2,1
martin.com.pe,14,0,2,1
matteoduo.com,14,0,2,1
mavenmarketinggroup.com,14,0,3,1
mavericks.berlin,14,0,1,1
maxfunnels.com,14,0,2,1
mbglick.com,14,0,54,1
mbtcreates.com,14,0,6,1
mediaexpert.nu,14,0,3,1
mediakod.com,14,0,2,1
mediumtalk.net,14,0,2,1
megaleechers.com,14,0,2,1
mescla.cc,14,0,1,1
metamagic.top,14,0,26,1
meublog.net,14,0,1,1
miawaterfront.com,14,0,2,1
michaeltritthart.com,14,0,1,1
midasmedia.co.uk,14,0,1,1
midnightcheese.com,14,0,2,1
miguelenlaweb.com,14,0,8,1
mikevestil.com,14,0,1,1
mintavocado.com,14,0,1,1
modernisieren-renovieren-sanieren.de,14,0,1,1
mondobici.it,14,0,6,1
mono-post.com,14,0,1,1
moobon.jp,14,0,75,1
msarweb.com,14,0,18,1
multypestudio.com,14,0,1,1
muschamp.ca,14,0,3,1
musclechuck.com,14,0,12,1
muslimxchange.com,14,0,18,1
mybloggingideas.com,14,0,1,1
myridia.com,14,0,4,1
myskymoment.com,14,0,2,1
naehr.at,14,0,1,1
nagekar.com,14,0,1,1
namesnag.com,14,0,1,1
naswp.cz,14,0,3,1
nauticlink.com,14,0,4,1
navenpillai.com,14,0,1,1
nesswell.com,14,0,9,1
net-liens.com,14,0,1,1
netmode.jp,14,0,1,1
netzexperten.de,14,0,11,1
newslocker.com,14,0,13,1
newsmeter.com,14,0,1,1
nexoka.com,14,0,1,1
nhlink.net,14,0,1,1
nichefacts.com,14,0,3,1
nikamooz.com,14,0,1,1
nikulipe.com,14,0,1,1
ninjaseo.com.br,14,0,1,1
noem-gast.at,14,0,1,1
nokia.io,14,0,3,1
nomadit.biz,14,0,1,1
nonnbiri-taro2323.com,14,0,1,1
noyasystem.com,14,0,1,1
nvp-plaza.nl,14,0,8,1
oaklandgrp.com,14,0,2,1
octoop.com,14,0,1,1
odiproductions.com,14,0,1,1
ogp.it,14,0,2,1
ogznet.com,14,0,1,1
ohganzi.com,14,0,5,1
ondemandsupplies.co.uk,14,0,2,1
onechristiannetwork.com,14,0,6,1
onlinestoreguys.com.au,14,0,1,1
openmedicinefoundation.ong,14,0,2,1
osservatoriomondoretail.com,14,0,1,1
outputsounds.com,14,0,15,1
outreachly.ai,14,0,2,1
oved-cohen.co.il,14,0,3,1
pagetest.ai,14,0,1,1
pagoda-tech.com,14,0,2,1
palnies.com,14,0,6,1
pandatools.org,14,0,6,1
partenaire-digital.com,14,0,1,1
pazacademy.ch,14,0,1,1
pc-fuchu.com,14,0,2,1
pcweb.info,14,0,2,1
penheel.com,14,0,1,1
peopleinside.it,14,0,1,1
perf.rocks,14,0,3,1
pgs.sh,14,0,1,1
phpprofi.ru,14,0,2,1
physcode.com,14,0,1,1
picmal.app,14,0,6,1
pihec.com,14,0,44,1
pinpointlocalgrimsby.ca,14,0,1,1
pishondesigns.org,14,0,1,1
pixl.my,14,0,1,1
plannedscape.net,14,0,2,1
platon.org,14,0,180,1
pleybast.com,14,0,7,1
pods.ee,14,0,4,1
pokedex.jp,14,0,2,1
polhome.com,14,0,6,1
popcond.com,14,0,1,1
posta2z.com,14,0,1,1
postgradoune.edu.pe,14,0,874,1
pouyanit.com,14,0,1,1
prebuiltsites.com,14,0,3,1
pressmedia.am,14,0,2,1
presstwood.design,14,0,2,1
prideseotools.com,14,0,1,1
primeseoservices.com,14,0,1,1
prismreach.ai,14,0,1,1
profi-soft.kz,14,0,1,1
projectpi.ca,14,0,1,1
prooffactor.com,14,0,1,1
psmotos-cycles.ch,14,0,1,1
psychosomatic.org,14,0,8,1
psycray.com,14,0,2,1
pubfuture.com,14,0,1,1
pupuweb.com,14,0,2,1
purainfo.com.br,14,0,3,1
pureresiduals.com,14,0,2,1
pvplive.net,14,0,3,1
qingsongb2c.com,14,0,2,1
qntm.marketing,14,0,4,1
qtv.gm,14,0,1,1
quanrio.com,14,0,1,1
quickcyber.news,14,0,1,1
qwhosting.com,14,0,1,1
rab.tw,14,0,11,1
radiostation.pro,14,0,2,1
rakosmediagroup.com,14,0,1,1
raned.es,14,0,1,1
rankfender.com,14,0,1,1
raudmaa.eu,14,0,2,1
realgpl.com,14,0,1,1
redkitecreative.com,14,0,1,1
redmango.agency,14,0,1,1
redpillrebellion.com,14,0,1,1
regional-personal.at,14,0,1,1
reimaginecva.org,14,0,52,1
relo.ai,14,0,4,1
republishai.com,14,0,19,1
revistapreview.com.br,14,0,1,1
revizzy.com,14,0,2,1
riad.blog,14,0,1,1
rilna.net,14,0,3,1
rings-kommunikation.de,14,0,1,1
ritcsec.wordpress.com,14,0,1,1
rmtradecenter.com.br,14,0,1,1
rnnlawmd.com,14,0,6,1
ryandaniels.ca,14,0,1,1
s4financial.co.uk,14,0,12,1
salmanzafar.me,14,0,2,1
samenlevenmetkanker.nl,14,0,132,1
sammyseo.com,14,0,2,1
sarakura.net,14,0,1,1
sd.marketing,14,0,2,1
secrethub.io,14,0,2,1
seek4.io,14,0,1,1
select-seo.at,14,0,4,1
semdeepdive.com,14,0,3,1
semtek.com.vn,14,0,2,1
seniorennet.nl,14,0,4,1
seo-alien.com,14,0,2,1
seo628.com,14,0,2,1
seotoolset.com,14,0,10,1
sevendev.com.au,14,0,4,1
sharkplatform.com,14,0,1,1
sharynmorrow.com,14,0,2,1
shorthandcontent.com,14,0,1,1
shushlife.com,14,0,2,1
silvesterlangen.de,14,0,2,1
simplyhappenstance.com,14,0,1,1
sintraconsulting.pl,14,0,18,1
sipeshouston.org,14,0,6,1
sipwriter.com,14,0,1,1
site-builder.wiki,14,0,16,1
sitelabs.es,14,0,1,1
sitenerdy.com,14,0,129,1
siteownersforums.com,14,0,15,1
sitereq.com,14,0,5,1
sketchcodestudio.co.uk,14,0,1,1
skyrocketbpo.com,14,0,1,1
small-bizsense.com,14,0,5,1
smartgators.com,14,0,12,1
smilesforlifeonline.com,14,0,2,1
soccerdescollines.com,14,0,2,1
socialktchn.com,14,0,1,1
socialmedianotes.com,14,0,1,1
socialperf.com,14,0,1,1
socialubiquity.org,14,0,4,1
sofalistic.co.uk,14,0,2,1
softwarewiki.nl,14,0,1,1
sophiawd.com,14,0,20,1
source.synology.me,14,0,9,1
specswriter.com,14,0,14,1
spelacasino.com,14,0,1,1
srausi.com,14,0,4,1
stacyknows.com,14,0,1,1
standout.work,14,0,1,1
startupill.com,14,0,1,1
startupplugs.com,14,0,3,1
startupsanonymous.com,14,0,2,1
startworld.nl,14,0,4,1
stevenjwilson.com,14,0,1,1
stgeorgesonthehill.ca,14,0,50,1
streamseo.com,14,0,3,1
studio-komodo.fr,14,0,2,1
studio10.com.mx,14,0,2,1
studio117creative.com,14,0,2,1
studioideagrafica.it,14,0,92,1
suhaib.in,14,0,1,1
sukiwp.com,14,0,1,1
superfitmor.dk,14,0,2,1
supremasolution.com.br,14,0,4,1
svice.ca,14,0,1,1
sweartaker.ie,14,0,1,1
symphonyinthepark.org,14,0,12,1
synerghetic.net,14,0,1,1
tailorsites.de,14,0,10,1
tamborasi.com,14,0,42,1
tarbesinfo.fr,14,0,1,1
tauerndoc.at,14,0,1,1
tbilisiyouthorchestra.ge,14,0,1,1
tblogz.com,14,0,187,1
tech-vise.com,14,0,2,1
techearl.com,14,0,6,1
techfident.co.uk,14,0,1,1
technew.com.au,14,0,2,1
technewsgather.com,14,0,29,1
technologyrain.com.ar,14,0,2,1
techrakyat.com,14,0,1,1
tfhost.ng,14,0,1,1
tgilive.com,14,0,8,1
the-sustainable.dev,14,0,1,1
theacademy.co.ug,14,0,1,1
theaffiliatemonkey.com,14,0,6,1
thebusinessblocks.com,14,0,1,1
thebusinesswomanmedia.com,14,0,1,1
theconversionguru.com,14,0,1,1
thecraggs.co.uk,14,0,6,1
thehackpost.com,14,0,1,1
theinacademy.com,14,0,9,1
thiemwork.de,14,0,1,1
thinglabs.io,14,0,2,1
thrivess.org,14,0,3,1
tolstoycomments.com,14,0,1,1
tonicdigital.asia,14,0,2,1
topmarketingfunnels.com,14,0,1,1
torontodigits.com,14,0,1,1
trailcreeknursery.com,14,0,12,1
trelliswp.com,14,0,2,1
tresseo.com,14,0,1,1
trybecause.com,14,0,1,1
ts-smartplan.com,14,0,2,1
twitthat.com,14,0,2,1
uniquethink.com,14,0,1,1
unitax-group.com,14,0,1,1
universcosmetix.com,14,0,4,1
unleash-wp.com,14,0,3,1
unsolite.com,14,0,1,1
upgradedreviews.com,14,0,3,1
upullit.com.au,14,0,6,1
usablewp.com,14,0,11,1
usatimemagazine.co.uk,14,0,1,1
valsanfox.pe,14,0,9,1
vault50.com,14,0,1,1
velaedfund.org,14,0,2,1
vidops.io,14,0,1,1
vigilistreeshelters.com,14,0,2,1
vimexx.com,14,0,1,1
viralmd.com,14,0,1,1
virfice.com,14,0,26,1
vite-docs.ru,14,0,2,1
vlaamshobbybrouwforum.be,14,0,1,1
vvvvvvaria.org,14,0,6,1
waincewebtech.com,14,0,1,1
watchthem.live,14,0,1,1
waterskyball.com,14,0,2,1
waynepoint.com,14,0,1,1
wcaffiliate.com,14,0,1,1
web3canvas.com,14,0,1,1
web3daily.co,14,0,1,1
webbsinc.com,14,0,1,1
webes.pt,14,0,1,1
webfolio.to,14,0,29,1
webgrowth.co.uk,14,0,1,1
webhosting.com.bo,14,0,1,1
webhostingmagazine.it,14,0,4,1
webhostingprof.com,14,0,100,1
webrandum.net,14,0,1,1
websitebuilderly.com,14,0,20,1
websitedigitals.com,14,0,3,1
websitegear.com,14,0,2,1
websoftglobal.com,14,0,1,1
webstick.co.il,14,0,4,1
webwriterspotlight.com,14,0,1,1
werkform.at,14,0,2,1
whitecommunications.co.uk,14,0,1,1
wilbanksconsulting.com,14,0,2,1
wildernessagency.com,14,0,1,1
winwar.co.uk,14,0,1,1
wiredclip.com,14,0,1,1
woofresh.com,14,0,1,1
wordsuccor.com,14,0,9,1
workwindow.com.au,14,0,1,1
workwiseavocats.com,14,0,1,1
wp-dreams.com,14,0,27,1
wp-studio.fr,14,0,1,1
wpaboveaverage.com,14,0,1,1
wpallresources.com,14,0,1,1
wpappstore.com,14,0,4,1
wpassist.me,14,0,1,1
wpbiz.dev,14,0,3,1
wpblogx.com,14,0,1,1
wpbriefs.com,14,0,1,1
wpcaloriecalculator.com,14,0,2,1
wpchestnuts.com,14,0,12,1
wpclipboard.com,14,0,96,1
wpconsults.com,14,0,3,1
wpcopilot.com.au,14,0,2,1
wpfangirl.com,14,0,7,1
wpfixfast.com,14,0,2,1
wpgdynia.pl,14,0,2,1
wphelp.blog,14,0,3,1
wpmamba.com,14,0,1,1
wpnewsboard.com,14,0,224,1
wpraiz.com.br,14,0,1,1
wpulike.com,14,0,3,1
writingtools.ai,14,0,2,1
wupples.com,14,0,1,1
xyzadvantage.com,14,0,1,1
ybierling.com,14,0,23,1
yellowtemple.com,14,0,10,1
yogahub.com,14,0,27,1
zappedia.com,14,0,1,1
zeigdeinekunst.de,14,0,1,1
zendevs.xyz,14,0,1,1
100commissionrealestate.com,13,0,1,1
11tybundle.dev,13,0,31,1
22vd.com,13,0,1,1
24hshop.pl,13,0,1,1
4blog.info,13,0,1,1
54solutions.com,13,0,2,1
5minutecrafts.site,13,0,1,1
79mplus.com,13,0,1,1
7io.co,13,0,1,1
99points.info,13,0,1,1
abminaction.com,13,0,9,1
accaplanner.com,13,0,3,1
acciyo.com,13,0,289,1
accreditly.io,13,0,2,1
aceofsweden.com,13,0,1,1
acsell.com,13,0,1,1
adhocminds.com,13,0,3,1
adityaarsharma.com,13,0,3,1
adleafvegas.com,13,0,2,1
adlibweb.com,13,0,5,1
adtools.org,13,0,5,1
aether-cagire.fr,13,0,2,1
affcoups.com,13,0,1,1
affinite.io,13,0,2,1
ageditor.ar,13,0,1,1
agenciaalper.com.br,13,0,1,1
agentskills.so,13,0,2,1
agestis.com,13,0,2,1
ai4smeportal.org,13,0,1,1
akoneo.fr,13,0,1,1
alazharcilacap.sch.id,13,0,1,1
alchemythree.com,13,0,2,1
alessandramartelli.com,13,0,1,1
alianzaestrategica.edu.pe,13,0,210,1
allmarket.ai,13,0,2,1
allrent.de,13,0,2,1
almacenesmirna.com.ec,13,0,2,1
amcpr.net,13,0,8,1
amplifyplugins.com,13,0,1,1
andmagazine.com,13,0,1,1
angelastanfordfoundation.org,13,0,12,1
annebovelett.eu,13,0,2,1
apostolis.pl,13,0,2,1
arablogr.com,13,0,1,1
archipro.support,13,0,4,1
arnet.com.au,13,0,1,1
arracing.co.uk,13,0,6,1
artsnewmilfordct.org,13,0,6,1
asiapmo.com,13,0,1,1
asporeadigital.com,13,0,1,1
associationsmanagement.com,13,0,1,1
aster.cloud,13,0,1,1
autonomic.zone,13,0,1,1
avenircareers.com,13,0,3,1
avis-meilleurs-pronostiqueurs.fr,13,0,1,1
awebautomate.com,13,0,2,1
azence.com,13,0,3,1
barzrul.com,13,0,2,1
baywoodgrp.com,13,0,5,1
bbdsdesign.com,13,0,1,1
belini.at,13,0,2,1
bentcorner.com,13,0,1,1
berry-interesting.com,13,0,3,1
bestremoteteam.com,13,0,1,1
bestwebsite.com,13,0,3,1
bigtenwebdesign.com,13,0,15,1
bizarchive.com,13,0,1,1
bizcoachinfo.com,13,0,1,1
bizsoso.com,13,0,1,1
biztraffic.com,13,0,2,1
bizwebconsulting.com,13,0,2,1
blackboltcollective.com,13,0,2,1
blancoron.com,13,0,1,1
blazecommerce.io,13,0,4,1
bloggerguest.com,13,0,1,1
blogstalgia.com,13,0,12,1
bluedressinc.com,13,0,1,1
blueserver.ir,13,0,1,1
boardconnect.org,13,0,124,1
boastimage.com,13,0,1,1
bonafide.digital,13,0,1,1
bongioielli.com,13,0,2,1
bowmandmd.com,13,0,2,1
brafton.ca,13,0,1,1
brandarrowagency.com,13,0,6,1
buildahome.dk,13,0,1,1
buildanonlinebusiness.ca,13,0,83,1
business-cloud.fr,13,0,1,1
bzotech.com,13,0,1,1
cabrerahector.com,13,0,1,1
cacheflowe.com,13,0,4,1
cafefjordliv.dk,13,0,1,1
camernews.com,13,0,1,1
candyfestival.nl,13,0,2,1
capacitorindustries.com,13,0,3,1
captaincore.io,13,0,6,1
careerbands.com,13,0,6,1
careerresumes.com,13,0,1,1
carringtonlegal.com,13,0,1,1
casawalden.com,13,0,1,1
celsomarino.pt,13,0,2,1
centrinity.com,13,0,1,1
ceriza.com,13,0,1,1
cesis.co,13,0,37,1
chadfullerton.com,13,0,2,1
changeaholic.com,13,0,3,1
chefandrefowles.com,13,0,2,1
chivalrymen.com,13,0,1,1
cinebhojpuria.in,13,0,3,1
cloudtrooper.net,13,0,1,1
clubmartech.com.br,13,0,2,1
cmljnelson.blog,13,0,1,1
cobrowsingapi.com,13,0,1,1
codedcommerce.com,13,0,4,1
coinideology.com,13,0,6,1
coitraveler.com,13,0,1,1
collava.app,13,0,2,1
comme-un-pro.fr,13,0,4,1
conquercovid19.ca,13,0,3,1
constructivevisual.com.au,13,0,1,1
consultingclub.com.br,13,0,1,1
corethos.com,13,0,1,1
crosswaynetwork.org,13,0,22,1
csrl.org,13,0,6,1
ctbuh-korea.org,13,0,1,1
cubbie.com,13,0,4,1
d5creation.com,13,0,4,1
datatechnologyllc.com,13,0,3,1
datenschutzlernen.ch,13,0,1,1
davemateer.com,13,0,2,1
davidannebicque.fr,13,0,2,1
davidsandyofficial.com,13,0,1,1
davidutke.com,13,0,1,1
deinwp.de,13,0,1,1
dekorenhorst.nl,13,0,6,1
delta.blog,13,0,1,1
demene.com,13,0,1,1
demo-heythemers.com,13,0,7,1
descargasdd.org,13,0,2,1
designers4web.com,13,0,4,1
designformare.com,13,0,1,1
designscript.us,13,0,1,1
devstrike.net,13,0,1,1
dewebkiller.com,13,0,1,1
didaquest.org,13,0,2,1
diginnovators.com,13,0,1,1
digitalepootjes.nl,13,0,6,1
digitalquil.com,13,0,1,1
digitalsrc.com,13,0,61,1
digitalstrategyconsultants.in,13,0,9,1
dirkhill.de,13,0,1,1
divigallery.com,13,0,2,1
dlxplugins.com,13,0,2,1
dnd.mn,13,0,3,1
donatix.net,13,0,1,1
donely.ai,13,0,1,1
donf.co,13,0,1,1
dopethemes.com,13,0,4,1
downloadauthenticator.com,13,0,4,1
draingenieplumbing.com,13,0,2,1
drpaulamcdonald.com,13,0,2,1
dsurfer.com,13,0,1,1
duckduckgo.github.io,13,0,4,1
duvien.com,13,0,3,1
dziaduch.pl,13,0,3,1
easy-web.fr,13,0,2,1
easycloud.ws,13,0,2,1
easydigitalagency.it,13,0,2,1
ebf.ca,13,0,1,1
econtabil.com,13,0,3,1
eetusa.com,13,0,2,1
elegantwallp.com,13,0,1,1
ellemarketingandevents.com,13,0,1,1
emokymusprendimai.lt,13,0,1,1
emoneypeeps.com,13,0,1,1
empresadeserviciosweb.com,13,0,6,1
energility.com,13,0,6,1
engagewp.com,13,0,1,1
entiresol.com,13,0,1,1
epako.ao,13,0,1,1
epcocbetongtrungdoan.com.vn,13,0,1,1
escuela-indecopi.edu.pe,13,0,74,1
etche.ch,13,0,2,1
everychildeverytime.com,13,0,6,1
exavibes.com,13,0,3,1
extrem-bodybuilding.de,13,0,4,1
ezpages.pro,13,0,1,1
faithwebdesigners.com,13,0,2,1
farmeye.ie,13,0,6,1
farratgesdolcet.com,13,0,1,1
feelcreated.com,13,0,1,1
feiler-web.de,13,0,1,1
femaleblogpreneur.com,13,0,2,1
ferdowsi.cloud,13,0,11,1
filmpostergallery.co.nz,13,0,9623,1
finanssenteret.as,13,0,7,1
fincyte.com,13,0,1,1
fineducke.com,13,0,3,1
firstfinger.io,13,0,1,1
flammadesign.com.br,13,0,2,1
flashcomet.fr,13,0,42,1
fluxresearch.com,13,0,1,1
fluyeycrea.com,13,0,1,1
forcreativegirls.com,13,0,2,1
foundystreet.com,13,0,15,1
franco.wiki,13,0,2,1
freakify.com,13,0,10,1
freddyolsson.se,13,0,3,1
freesiteslike.com,13,0,2,1
fujix-optimization.com,13,0,1,1
fullyvested.co.uk,13,0,3,1
fultsranch.com,13,0,228,1
futureplay.com,13,0,39,1
gakusei-hackathon.com,13,0,1,1
gastaud.io,13,0,2,1
geekersmagazine.com,13,0,4,1
geeksframework.com,13,0,1,1
gerydemardlin.com,13,0,2,1
getaprofessor.com,13,0,8,1
getsynapse.agency,13,0,1,1
giantpop.com,13,0,2,1
gigonway.com,13,0,2,1
gocit.net,13,0,1,1
godoweb.ph,13,0,1,1
gongol.com,13,0,3,1
gostellar.app,13,0,1,1
gotraffic.hr,13,0,6,1
govunity.com,13,0,1,1
greengraphics.com.au,13,0,3,1
greenrecord.co.uk,13,0,2,1
gridlounge.co,13,0,3,1
grn.dk,13,0,4,1
grow-your-biz.com,13,0,2,1
growthconnect.io,13,0,1,1
grumpyoldbens.com,13,0,1,1
gsd-gayret.ch,13,0,6,1
guidefari.com,13,0,2,1
guides-baronnies.com,13,0,6,1
hadengue.eu,13,0,1,1
halolabs.com,13,0,9,1
handleidingstart.nl,13,0,3,1
hayacademy.net,13,0,1,1
hellorank.fr,13,0,5,1
herricklutts.com,13,0,2,1
hkplatform.com,13,0,1,1
hojko.com,13,0,2,1
horloscaphe-watches-paris.com,13,0,67,1
host2goo.com,13,0,2,1
hostdean.com,13,0,4,1
hostineer.com,13,0,2,1
hstreetdigital.co,13,0,3,1
humblehelp.studio,13,0,2,1
hundredagency.eu,13,0,2,1
hyperfun.org,13,0,1,1
iacitywebdesigner.com,13,0,1,1
ib-nagasaki.co.jp,13,0,2,1
ice-military.com,13,0,4,1
icecct.com,13,0,3,1
icmsmt.com,13,0,10,1
ict-worker.com,13,0,1,1
illumirate.com,13,0,1,1
inabaweb.com,13,0,6,1
infinitemonkeys.ca,13,0,5,1
infobunny.com,13,0,2,1
inform.click,13,0,3060,1
information-security.fr,13,0,1,1
innocodia.com,13,0,1,1
inre.me,13,0,6,1
insidehost.net,13,0,10,1
insideoutgroup.com.au,13,0,2,1
insightdials.com,13,0,1,1
inspirenix.com,13,0,1,1
institutdemusiquedeparis.com,13,0,2,1
intellrocket.com,13,0,1,1
interactivated.me,13,0,2,1
interceptly.ai,13,0,1,1
internetbusinesslaw.com,13,0,1,1
inthewoods.us,13,0,6,1
ionpeptide.com,13,0,6,1
iqua.net,13,0,1,1
isleroyaleforums.com,13,0,1,1
ixyzero.com,13,0,1,1
jameshubbardconsulting.co.uk,13,0,3,1
jemimaabu.com,13,0,1,1
jenerg.com,13,0,2,1
jeswitch.fr,13,0,1,1
jgpracademy.com,13,0,1,1
jhonjhon.com,13,0,21,1
jinaldesai.com,13,0,1,1
jinr-forum.jp,13,0,1,1
johak.at,13,0,1,1
jolarsen.com,13,0,1,1
jolico.se,13,0,1,1
jorgemoreno.net,13,0,1,1
jsyoyang.co.kr,13,0,2,1
junctioncollective.ca,13,0,1,1
justrank.my,13,0,1,1
kahl.net,13,0,1,1
kasareviews.com,13,0,1,1
keganquimby.com,13,0,6,1
kellyward.com,13,0,1,1
keydesign.uk,13,0,1,1
kibangabooks.com,13,0,15,1
kidocs.org,13,0,117,1
kildaryoliver.com.br,13,0,8,1
kingpinstudio.net,13,0,2,1
kkm-mako.com,13,0,4,1
klikeri.hr,13,0,1385,1
knbumo114.org,13,0,25,1
knowledgesourceinc.com,13,0,4,1
kodai-growup-blog.com,13,0,1,1
koolinus.net,13,0,2,1
kopis.de,13,0,1,1
koplankar.se,13,0,1,1
koseyoko.jp,13,0,1,1
kryptonitewp.com,13,0,1,1
lastcallrecords.com,13,0,6,1
latitudeinnovation.com.my,13,0,3,1
lavinder.com,13,0,12,1
laythemeforum.com,13,0,5,1
ldninjas.com,13,0,7,1
legion.tools,13,0,1,1
letsworkonline.net,13,0,1,1
libril.com,13,0,6,1
lifestyleslow.com,13,0,5,1
lifezone.sk,13,0,1,1
lightstalking.us,13,0,2,1
lindadoesdesign.com,13,0,1,1
linknavy.nl,13,0,1,1
linomedia.at,13,0,1,1
listingprowp.com,13,0,1,1
listwp.com,13,0,2,1
live-cast.asia,13,0,1,1
lmstr.io,13,0,1,1
loehn-digital.com,13,0,1,1
longbeachgastro.com,13,0,6,1
longuetraine.fr,13,0,233,1
loorlab.com,13,0,1,1
loterialocales.com.mx,13,0,298,1
lowcountrygradcenter.org,13,0,6,1
lsdb.eu,13,0,1320,1
lureodigital.com,13,0,3,1
lydiarobertsdesign.com,13,0,1,1
lynndye.com,13,0,1,1
ma-maintenance-web.fr,13,0,1,1
mabillot.net,13,0,24,1
madebyrodeo.co,13,0,1,1
magileads.net,13,0,5,1
mailarrow.com,13,0,1,1
mantasdigital.com,13,0,4,1
maranello-europe.com,13,0,1,1
marcoponteprino.it,13,0,1,1
margaritaeberline.com,13,0,1,1
marketdesignco.com,13,0,1,1
marketer.com.tw,13,0,1,1
marketingcollaborators.com,13,0,1,1
marshallku.com,13,0,1,1
mastofeed.com,13,0,87,1
matheuscastiglioni.com.br,13,0,1,1
mathildelacombe.com,13,0,1,1
maubon.com,13,0,1,1
maverick.lk,13,0,1,1
mcginnanddolphin.com,13,0,1,1
mdbf.com.br,13,0,3,1
mediaron.com,13,0,2,1
mediastap.nl,13,0,1,1
meganewsmagazines.com,13,0,1,1
metacrafto.com,13,0,1,1
midastouchinfotech.com,13,0,3,1
migraempleo.com,13,0,3,1
mikesjustformen.nl,13,0,4,1
mikesoutlet.nl,13,0,2,1
millroadsocialenterprises.com,13,0,75,1
miska.co.in,13,0,1,1
mistersafari.com,13,0,3,1
mkb-online.nu,13,0,1,1
mktg4thefuture.com,13,0,1,1
ml2solutions.com,13,0,1,1
mobzilla.pl,13,0,1,1
momosiri.info,13,0,1,1
monhebergeur.com,13,0,1,1
monotein.com,13,0,1,1
muhammad.dev,13,0,8,1
myblockchainexperts.org,13,0,3,1
mysavinghub.com,13,0,1,1
myunlimitedwp.com,13,0,16,1
natal-ia.com,13,0,1,1
naulak.com,13,0,1,1
nerdisa.com,13,0,19,1
nerobold.com,13,0,10,1
netlinkrg.com,13,0,1,1
newhorizonsobgyn.net,13,0,9,1
nextbigproduct.com,13,0,1,1
nialatea.at,13,0,1,1
nigameash.com,13,0,1,1
ninanina.fr,13,0,2,1
ninegravity.com,13,0,5,1
nocodedevs.com,13,0,8,1
numerimo.com,13,0,1,1
odooskillz.com,13,0,5,1
olivare.com.ar,13,0,5,1
onecobble.com,13,0,19,1
onedaybuilds.com.au,13,0,1,1
onionplay.co.uk,13,0,1,1
onlinemarketing-mastermind.de,13,0,1,1
onlineshop-buddy.com,13,0,3,1
opr.vc,13,0,3,1
optimusclick.com.au,13,0,1,1
origi.es,13,0,1,1
orthoaccess.fr,13,0,3,1
outlettrends.com,13,0,2,1
outsidethesquare.com,13,0,1,1
pa-cpa.ca,13,0,1,1
pacypay.com,13,0,3,1
pagex.to,13,0,4,1
paloaltowomenshealthcenter.com,13,0,9,1
papasearch.net,13,0,77,1
paragonsemarang.id,13,0,1,1
paranormal-fr.net,13,0,21,1
paris-modelisme.fr,13,0,12,1
peakrevenuelearning.com,13,0,1,1
pennypolly.com,13,0,7,1
peopleandmedia.com,13,0,2,1
personalinjurylawyersearch.org,13,0,10,1
peter-stuart.com,13,0,1,1
petlandfairfield.com,13,0,6,1
petlandrobinson.com,13,0,4,1
petrbouchal.xyz,13,0,1,1
pgc-ks.com,13,0,7,1
ph1miami.com,13,0,3,1
phenomena.com,13,0,1,1
philosocom.com,13,0,1,1
phoneswiki.com,13,0,2,1
pieregister.com,13,0,2,1
pigzilla.co,13,0,3,1
pindiy.com,13,0,1,1
pislaka.com,13,0,2,1
pkg.st,13,0,2,1
plakaten.com,13,0,4,1
playfulsparkle.com,13,0,3,1
pm-copywriting.at,13,0,4,1
podcastgym.com,13,0,2,1
podkast24.no,13,0,1,1
pokereagles.com,13,0,3,1
pop-corn.digital,13,0,1,1
popproxx.com,13,0,6,1
powerhouseconsulting.group,13,0,1,1
pragmate.dev,13,0,1,1
preferreddigitalsolutions.com,13,0,1,1
pressconf.events,13,0,3,1
princeyokoham.sakura.ne.jp,13,0,1,1
privatelink.de,13,0,1,1
profilbaru.com,13,0,1,1
progressbangladesh.com,13,0,1,1
promediaz.com,13,0,1,1
promozionebranding.com,13,0,1,1
promptwebhosting.com.au,13,0,1,1
prosociate.com,13,0,4,1
prowestheating.com,13,0,2,1
prowpcare.com,13,0,7,1
psgstudio.us,13,0,1,1
publicsectorblogs.org.uk,13,0,1,1
pumbaart.com,13,0,7,1
punchmedia.ca,13,0,1,1
purengom.com,13,0,13,1
pxel7media.com,13,0,2,1
qing.su,13,0,1,1
ratasdesign.com,13,0,4,1
razorsharpdigital.com,13,0,1,1
recroot.com.br,13,0,1,1
red-folder.com,13,0,2,1
reemscreekah.com,13,0,6,1
regiowebsites.be,13,0,1,1
remoteyeah.com,13,0,3,1
resonancelabjo.com,13,0,1,1
revenue.it,13,0,1,1
ripplepop.com,13,0,1,1
risawave.org,13,0,16,1
roboleary.net,13,0,1,1
rolandtisserand.fr,13,0,6,1
salasdejuegolocales.com.mx,13,0,18,1
salesgrowth.com.br,13,0,2,1
satech.co.kr,13,0,6,1
saviorhost.com,13,0,1,1
sbwl.org,13,0,1,1
scanfully.com,13,0,3,1
scotts.com.mt,13,0,12,1
sculpteurs-bretagne.bzh,13,0,1,1
seccionnoticias.net.pe,13,0,2,1
sentinelcelts.com,13,0,1,1
seointhesun.com,13,0,1,1
seowonenc.co.kr,13,0,16,1
sermodigital.com,13,0,3,1
serverx.org.in,13,0,1,1
shadeandwise.com,13,0,2,1
shecanblog.com,13,0,2,1
shingon-reiki.com,13,0,4,1
sie-gruendet.de,13,0,6,1
sincos.eu,13,0,2,1
sing.ne.jp,13,0,4,1
sislin.me,13,0,1,1
sitearcade.com,13,0,1,1
skagitmaster.com,13,0,2,1
skiddle.id,13,0,2,1
skript.pl,13,0,1,1
smartsites.ro,13,0,1,1
sniffer.org.uk,13,0,24,1
sntedu.co.kr,13,0,20,1
socialloop.co.uk,13,0,1,1
softdiscover.com,13,0,2,1
softwarepodium.com,13,0,3,1
somewebstudio.com,13,0,4,1
songdulla.co.kr,13,0,1,1
soyinsider.com,13,0,3,1
sparksales.online,13,0,1,1
sportsbenchwp.com,13,0,1,1
squad4.io,13,0,2,1
srch.fi,13,0,133,1
stadtmarketing-radstadt.at,13,0,1,1
staging33.com,13,0,3,1
stephanochmann.de,13,0,10,1
stephenou.com,13,0,2,1
stillbreathing.co.uk,13,0,4,1
storeymarketing.com,13,0,1,1
stuartmedia.co.uk,13,0,1,1
studioclvr.com.au,13,0,1,1
studiok40.com,13,0,2,1
studiosparx.com,13,0,1,1
studymagazine.com,13,0,2,1
sudetenpost.eu,13,0,1,1
sugatan.io,13,0,1,1
superclearcontents.com,13,0,1,1
supportmy.website,13,0,2,1
surfclassics.com,13,0,6,1
suzuki-motor.co.id,13,0,61,1
sv-energie-berlin.de,13,0,1,1
swiy.co,13,0,6,1
tailoryou.nl,13,0,1,1
tangoriki.com,13,0,12,1
tanguay.info,13,0,1,1
tdv.ngo,13,0,6,1
team-logistikforum.de,13,0,1,1
teamtangible.com,13,0,2,1
techandsciencepost.com,13,0,3,1
technocript.com,13,0,4,1
technologytales.com,13,0,3,1
technoscienceacademy.com,13,0,1,1
techrabbit.biz,13,0,1,1
techzo.us,13,0,1,1
textwordcount.com,13,0,25,1
the-freelance-editor.com,13,0,1,1
theblogmechanic.com,13,0,3,1
thebrothersbloom.com,13,0,144,1
thecyberpost.com,13,0,2,1
thedevcouple.com,13,0,75,1
thedigitalvibes.com,13,0,1,1
thedreammate.com,13,0,2,1
thehoopstudio.com,13,0,2,1
themeicon.com,13,0,2,1
themessearch.com,13,0,5,1
thepatientinvestor.com,13,0,1,1
theseosystem.com,13,0,1,1
thetechgorilla.com,13,0,1,1
thezabtwins.com,13,0,1,1
thisrealmom.com,13,0,1,1
thomasgbennett.com,13,0,2,1
timgoodfellow.co.uk,13,0,1,1
tippybits.com,13,0,1,1
titanjewellery.co.uk,13,0,563,1
todhost.com,13,0,6,1
toobusyto.org.uk,13,0,4,1
townpressmedia.com,13,0,12,1
trabajoypersonal.com,13,0,1,1
trafficontent.com,13,0,5,1
transatlanticnotes.com,13,0,1,1
trekvartseng.dk,13,0,2,1
triedandtruemomjobs.com,13,0,1,1
tubbydev.com,13,0,1,1
tubeast.com,13,0,4,1
turkey-travel.tw,13,0,6,1
turnkeydirectories.com,13,0,11,1
tuttosemplice.com,13,0,5,1
tvhconsulting.com,13,0,1,1
txhorseproperties.com,13,0,2,1
unio-consulting.eu,13,0,2,1
updoze.com,13,0,1,1
urlmetrics.be,13,0,2,1
utilizewp.com,13,0,20,1
utmgrabber.com,13,0,4,1
utopique.net,13,0,1,1
utrikesposten.se,13,0,1,1
vayaweb.es,13,0,2,1
vdesignu.com,13,0,1,1
veetal.app,13,0,1,1
verifiedtools.info,13,0,1,1
veryleaks.to,13,0,2,1
vinthewrench.com,13,0,1,1
vivianvoss.net,13,0,2,1
vizajobs.com,13,0,3,1
vjdesign.com.au,13,0,1,1
volumetree.com,13,0,1,1
voudes.com,13,0,1,1
vwm.com,13,0,1,1
w3things.com,13,0,1,1
wandwebsites.com,13,0,1,1
waretailservices.com,13,0,2,1
wearecube.ch,13,0,1,1
web-dance-development.hr,13,0,1,1
web18.net,13,0,2,1
web750.com,13,0,3,1
webdigital.de,13,0,16,1
webmarketersdev.ca,13,0,1,1
webmasterdienst.nl,13,0,6,1
webmasterin.net,13,0,1,1
webmetools.com,13,0,12,1
webpriuli.com,13,0,1,1
webqlix.com,13,0,1,1
webrocket.ca,13,0,2,1
websiteradar.net,13,0,8,1
webwelder.net,13,0,1,1
weekly.pw,13,0,1,1
wellnessville.ph,13,0,2,1
wels.org,13,0,4,1
whidbey.net,13,0,4,1
wilbrown.com,13,0,5,1
winahomeinlondon.com,13,0,4,1
wirelessjoint.com,13,0,3,1
wiremesh.co.uk,13,0,6,1
wojtek.ch,13,0,1,1
womenshealthinnovation.org,13,0,1,1
woon.sg,13,0,8,1
wordpressindia.co.in,13,0,1,1
wordrefiner.com,13,0,4,1
worldnewsinn.com,13,0,1,1
wp-clusters.com,13,0,10,1
wp24horas.com.br,13,0,46,1
wpalicante.com,13,0,4,1
wpautorobot.com,13,0,29,1
wpcast.fm,13,0,50,1
wpconcern.com,13,0,1,1
wpcred.com,13,0,1,1
wpdaddy.com,13,0,2,1
wpdavies.dev,13,0,7,1
wpfocus.com.au,13,0,2,1
wpleaders.com,13,0,4,1
wpmail.me,13,0,3,1
wpnewsdesk.com,13,0,1333,1
wppop.com,13,0,11,1
wpspeedster.com,13,0,3,1
yourleadmachine.co.uk,13,0,1,1
yuanjhen.com,13,0,1,1
zaligalgarvetehuur.be,13,0,6,1
zegmaaryes.nl,13,0,22,1
zplatformu.com,13,0,1,1
25reinyan25.net,12,0,1,1
3cero.com,12,0,1,1
555vcto.com,12,0,1,1
8am.ch,12,0,1,1
a4architect.com,12,0,2,1
aadarsh.in,12,0,3,1
abclimoservice.ch,12,0,1,1
acevs.com,12,0,2,1
acheter-du-seo.fr,12,0,2,1
actiefzoeken.nl,12,0,10,1
actusmartphone.fr,12,0,1,1
adsplace.co.uk,12,0,1,1
afearlessventure.com,12,0,11,1
afroliterarymagazine.com,12,0,1,1
agence-smardia.com,12,0,1,1
agence-tijara.com,12,0,1,1
agenciacommit.digital,12,0,1,1
aguidetoselfsabotage.com,12,0,8,1
ahweproject.com,12,0,1,1
aiascendant.com,12,0,1,1
aislingfoley.com,12,0,1,1
aisparkup.com,12,0,1,1
aiueolife.com,12,0,2,1
aiwcc.ca,12,0,248,1
alachalk.com,12,0,1,1
alamano-academie.com,12,0,1,1
alder.in,12,0,1,1
algae.vn,12,0,1,1
alinekeller.ch,12,0,1,1
allforturntables.com,12,0,2,1
almavillemedia.com,12,0,1,1
almirah.nl,12,0,2,1
ameriprosautobody.com,12,0,1,1
andresmartinezsoto.eu,12,0,1,1
anno.com,12,0,1,1
antares.systems,12,0,2,1
apcug2.org,12,0,1,1
apistudios.io,12,0,161,1
apluza.com,12,0,1,1
apollo13.eu,12,0,117,1
applewoodinteractive.com,12,0,3,1
apprenderefacile.it,12,0,2,1
appuntisulblog.it,12,0,2,1
aqvastar.in,12,0,2,1
arnelio.com,12,0,1,1
artvertisement.de,12,0,1,1
asemanserver.ir,12,0,3,1
atlaspreneur.com,12,0,1,1
atromitosconsulting.com,12,0,1,1
augmenter-revenu.com,12,0,1,1
auranailstudio.co.nz,12,0,2,1
avada.tistory.com,12,0,1,1
avalos.sv,12,0,5,1
axe-web.com,12,0,10,1
azwebdesignstudios.com,12,0,1,1
b2b.ninja,12,0,1,1
b2webstudios.com,12,0,4,1
baitasite.com.br,12,0,5,1
barkstreetdigital.co.uk,12,0,2,1
bashdo.com,12,0,4,1
benedikt.io,12,0,1,1
benkeser.github.io,12,0,1,1
bestealternatief.net,12,0,2,1
beyondwebdesign.ch,12,0,12,1
bigflannel.com,12,0,1,1
bigneurons.com,12,0,1,1
bingwww.blogspot.com,12,0,2,1
blendit.nu,12,0,1,1
blikbrands.nl,12,0,1,1
bloompixel.com,12,0,1,1
bluepraha.cz,12,0,2,1
bluermes.it,12,0,13,1
blueskyphoenix.com,12,0,1,1
blustream.in,12,0,450,1
booliitheme.com,12,0,1,1
boxerville.se,12,0,3,1
boyntonbeachdetailing.com,12,0,3,1
bq-magazine.com,12,0,2,1
brandandpartners.com,12,0,8,1
branxify.com,12,0,1,1
bravertogether.org,12,0,6,1
bre-trafo.de,12,0,8,1
brummies-networking.co.uk,12,0,1,1
businessfinancearticles.org,12,0,3,1
businesswebsiteleader.com,12,0,6,1
buyersprove.com,12,0,1,1
buzz-wings.com,12,0,5,1
caldiatech.com,12,0,6,1
cankirca.com,12,0,2,1
capsudmedia.com,12,0,1,1
careerdevelopmentadvisors.net,12,0,1,1
careerhound.io,12,0,1,1
carereview.com,12,0,6,1
carlbroadbent.com,12,0,3,1
cascadevalleydesigns.com,12,0,1,1
cassoviacode.com,12,0,1,1
caterall.com.au,12,0,12,1
catherinehervieu.fr,12,0,1,1
cavaleros.dk,12,0,2,1
cdj-bouffort.com,12,0,35,1
cessecurity.org,12,0,1,1
charisol.io,12,0,3,1
charteredstudies.in,12,0,1,1
childcaremarketing.com,12,0,1,1
childrenscancerconnection.org,12,0,2,1
chimpbridge.com,12,0,2,1
cigarsofdubai.com,12,0,2,1
clear-canvas.com,12,0,2,1
clearkatypools.com,12,0,3,1
cleverplugins.com,12,0,1,1
clientsbee.com,12,0,4,1
clinicadermacare.ro,12,0,4,1
cloudgeeks.com.au,12,0,5,1
codeair.in,12,0,1,1
codeornocode.com,12,0,8,1
coffeeaddictmama.com,12,0,2,1
coinsandart.nl,12,0,2,1
colegiocientificoae.edu.pe,12,0,1,1
colegioecursouniversitario.com.br,12,0,4,1
collab365.community,12,0,3,1
com-empreintes.fr,12,0,6,1
comdesfreres.fr,12,0,1,1
communistvoice.org,12,0,2,1
compota-soft.work,12,0,1,1
containerking.co.za,12,0,6,1
contenidoseo.com,12,0,1,1
contentointeractivegroup.com,12,0,8,1
conversationswithdanielle.com,12,0,1,1
conversiongems.com,12,0,3,1
convertamais.com,12,0,2,1
converticacommerce.com,12,0,2,1
copellosanguineti.it,12,0,6,1
crainveterinary.com,12,0,12,1
creactivit.com,12,0,1,1
create-accord.com,12,0,2,1
crescentedgeconsulting.com,12,0,6,1
criticalmhnursing.org,12,0,2,1
cssdebutant.com,12,0,4,1
cuppingandguasha.com,12,0,3,1
cybergrapes.com,12,0,1,1
dajka-gabor.hu,12,0,1,1
darteweb.com,12,0,1,1
davidwalters.co.uk,12,0,12,1
davidwaumsley.com,12,0,1,1
davidwilfong.com,12,0,3,1
dctdesign.tw,12,0,14,1
deasoft.com,12,0,1,1
dedicatedwd.com,12,0,1,1
deliblogic.com,12,0,1,1
denike.io,12,0,4,1
designertofullstack.com,12,0,1,1
designforwp.com,12,0,3,1
deskspace.com,12,0,1,1
detoxmetals.com,12,0,1,1
dev-maxime-guinard.fr,12,0,4,1
devagency.fr,12,0,5,1
devicedoctorindia.in,12,0,1,1
devpro.fr,12,0,1,1
dezeek.com,12,0,5,1
diariodeunfriki.com,12,0,4,1
dicasdehospedagem.com,12,0,1,1
didacweb.com,12,0,2,1
digimensia.com,12,0,1,1
digiselling.com,12,0,5,1
digital-crop.com,12,0,1,1
digital-smartness.de,12,0,2,1
digitalatto.io,12,0,3,1
digitalcorner.me,12,0,1,1
digitaldesignonline.co.uk,12,0,2,1
digitalmillions.org,12,0,18,1
digitalskillsacademyng.com,12,0,1,1
digitalsyndrom.net,12,0,4,1
dmacourse.com,12,0,3,1
dmvstop.com,12,0,1,1
doktorwinter.at,12,0,1,1
domandina.it,12,0,12,1
doonaweb.ir,12,0,6,1
dpicenter.edu.vn,12,0,1,1
dropshippingit.com,12,0,1,1
dsmhack.org,12,0,2,1
dubbomeatcentre.com.au,12,0,15,1
dullneon.com,12,0,4,1
dztechy.com,12,0,6,1
earnbill.com,12,0,1,1
easycowork.com,12,0,1,1
easytech-srl.com,12,0,1,1
echoloc.ai,12,0,1,1
eco-gripfloor.com,12,0,6,1
econnexion.net,12,0,29,1
edmondscommerce.co.uk,12,0,1,1
eibarpool.com,12,0,1,1
einloggen.net,12,0,8,1
elbvision.de,12,0,1,1
electric-pictures.com,12,0,3,1
electroticket.fr,12,0,1,1
elitewealthplan.com,12,0,3,1
emuink.ie,12,0,4,1
en-pagaille.fr,12,0,1,1
entrepreneursclass.com,12,0,3,1
erricgunawan.com,12,0,3,1
esndoctor.com,12,0,2,1
expanic.at,12,0,3,1
facilitconsultoria.com.br,12,0,3,1
farcrycms.org,12,0,1,1
faredigitalmedia.com,12,0,2,1
farg.nu,12,0,5,1
fcbafirma.rs,12,0,4,1
fearlessdigitaljourney.com,12,0,4,1
fellyday.com,12,0,1,1
finopgroup.com,12,0,1,1
firstdirectfinancial.com,12,0,1,1
firstdownfunding.com,12,0,1,1
firststopwebdesign.org.uk,12,0,1,1
five.reviews,12,0,1,1
flowandgrowdesign.com,12,0,1,1
flowcite.com,12,0,10,1
flowsense.com.br,12,0,1,1
fodina.de,12,0,5,1
forex.fr,12,0,2,1
freedomandsafety.com,12,0,1,1
freelancewritingpros.com,12,0,2,1
freelanly.com,12,0,6,1
freestyleinternet.co.uk,12,0,5,1
freshstance.co.uk,12,0,1,1
fullstackdigital.io,12,0,1,1
ganapromo.com,12,0,38,1
gasloni.com.ar,12,0,2,1
gayang7.or.kr,12,0,14,1
gesemweb.net,12,0,1,1
gestor-de-trafego.com,12,0,60,1
getpulsesignal.com,12,0,35,1
getsetlive.com,12,0,1,1
ginangiela.com,12,0,1,1
gjnight.com,12,0,2,1
globema.cz,12,0,4,1
go-sign.info,12,0,2,1
goengine.co,12,0,1,1
gogridsome.work,12,0,1,1
gomadigital.com.br,12,0,2,1
gostudiogreen.com,12,0,1,1
graceforhealing.com,12,0,2,1
gratislinken.nl,12,0,3,1
greatinspire.com,12,0,11,1
gridinsoft.ua,12,0,1,1
grupoebim.com,12,0,3,1
gstforecom.com,12,0,1,1
gungplant.co.kr,12,0,11,1
hamsterstack.com,12,0,42,1
hansa-flex.ba,12,0,1230,1
hansa-flex.it,12,0,13374,1
harrisonbaron.com,12,0,2,1
hau.xyz,12,0,1,1
hazeltineexecutivesearch.com,12,0,1,1
headlinersdesignstudio.com,12,0,2,1
healthyboutique.mx,12,0,2868,1
hellenika.com.au,12,0,3,1
hellomissdebbie.com,12,0,73,1
hellosoftware.club,12,0,2,1
hellosplice.com,12,0,1,1
hemlockgorge.org,12,0,12,1
hemtom.com,12,0,6,1
heryerdebul.com,12,0,6,1
hexagoneweb.com,12,0,9,1
hidejobs.com,12,0,1,1
highlandcitystriders.org,12,0,12,1
highscalability.squarespace.com,12,0,166,1
hippefruitmand.nl,12,0,4,1
hirewebxperts.com,12,0,2,1
historicstyle.com,12,0,12,1
hji.us,12,0,2,1
hoffmansmodeonline.nl,12,0,1,1
hokkaido-travel.tw,12,0,2,1
hoopjumper.com,12,0,4,1
horaku.com,12,0,2,1
hostingrevelations.com,12,0,2,1
hotavn.com,12,0,255,1
howto-do.it,12,0,1,1
hybridbanker.de,12,0,1,1
iamautodidact.com,12,0,2,1
iammagnus.com,12,0,5,1
idc.net,12,0,1,1
ideakreativa.net,12,0,22,1
ieee-wolte.org,12,0,6,1
ihrhautarzt.at,12,0,1,1
ihuu.vn,12,0,318,1
incartmarketing.com,12,0,1,1
incredigeek.com,12,0,20,1
indianapoliswebsitedesign.net,12,0,1,1
indianbusinessdirectory.in,12,0,2,1
indianwebsites.in,12,0,2,1
informaticaprod.it,12,0,2,1
infoscienet.com,12,0,1,1
inoguchi-cmf.co.jp,12,0,6,1
inteligenciasetorial.com.br,12,0,1,1
interface-design.jp,12,0,3,1
internet-per-steckdose.de,12,0,12,1
internetfolks.com,12,0,2,1
internjobhub.com,12,0,2,1
ipro.cc,12,0,8,1
isla-kiniw.com,12,0,1,1
itechinc.jp,12,0,1,1
itsolution24x7.com,12,0,1,1
itsonmedia.com,12,0,1,1
itsorted.org.uk,12,0,6,1
iustitia.bg,12,0,1,1
ivaldi.nl,12,0,1,1
iweb.ee,12,0,6,1
jackinchat.com,12,0,1,1
jackpu.com,12,0,1,1
jacktylerlogos.com,12,0,2,1
jaimemartinez.nl,12,0,1,1
janebwebsitehelp.co.uk,12,0,4,1
javadyasemi.ir,12,0,1,1
jbirddigitaldesigns.com,12,0,1,1
jdk.de,12,0,2,1
jellyhound.co.uk,12,0,1,1
jeremyhixon.com,12,0,1,1
jeyjoo.com,12,0,1,1
jiemahao.com,12,0,2,1
johnsweetaccessibility.com,12,0,1,1
jointoperations.de,12,0,6,1
jonajo.com,12,0,1,1
jorijn.com,12,0,35,1
judopeugeot-mulhouse.com,12,0,1,1
junglstudio.com,12,0,1,1
kakoma.ug,12,0,10,1
kcgraphics.co.uk,12,0,4,1
keenewebworks.com,12,0,1,1
keiramarcos.com,12,0,2,1
keplercloud.se,12,0,4,1
keywordmaster.net,12,0,14,1
khalvadjian-avocats.com,12,0,2,1
kicm.org,12,0,26,1
kidscoding8.com,12,0,3,1
kieutruong.com,12,0,6,1
kineticiris.com,12,0,1,1
komatech.kr,12,0,13,1
koorkerk.nl,12,0,1,1
kreativopro.com,12,0,1,1
krivoshein.site,12,0,3,1
krush.agency,12,0,1,1
laesquinitadelscrap.com,12,0,2,1
lafabriquedunet.es,12,0,1,1
larasamaha.com,12,0,1,1
latestgadget.co,12,0,1,1
latterdaily.com,12,0,2,1
lavin.blog,12,0,4,1
lazyweb.com,12,0,1,1
learndashdeveloper.com,12,0,2,1
lehrlingstraining.at,12,0,2,1
lemdro.id,12,0,7,1
letsilvpn.com,12,0,1,1
letsuncover.pk,12,0,1,1
lgarchitecten.nl,12,0,2,1
liceomonti.it,12,0,1,1
limitlessreferrals.info,12,0,51,1
lingulo.com,12,0,4,1
linju.io,12,0,1,1
linkatopia.com,12,0,2,1
linkfloyd.ch,12,0,1,1
llv.asso.fr,12,0,3,1
logfetch.com,12,0,1,1
logomaker.org,12,0,6,1
loudmoneymoves.com,12,0,2,1
loxtarin.com,12,0,2,1
lse-dsi.github.io,12,0,5,1
lucentgraphicsolutions.com,12,0,2,1
m-digi.com,12,0,1,1
maalampofoorumi.fi,12,0,1,1
macondopropaganda.com,12,0,1,1
madmanfilms.com,12,0,2,1
magaworks.com,12,0,1,1
majana.blog,12,0,1,1
mariamercantiguerin.com,12,0,1,1
marianik.com,12,0,12,1
marketforum.com,12,0,1,1
marketingmarket.hu,12,0,1,1
markus-winter.ch,12,0,1,1
masdelachapelle.fr,12,0,2,1
masterweb.com.tw,12,0,5,1
matteodv.it,12,0,1,1
matthewrpritchett.com,12,0,2,1
mattoliikeniemi.fi,12,0,4,1
maverickstudios.net,12,0,1,1
maxfoundry.com,12,0,106,1
mazer.dev,12,0,2,1
mcmdigitalproducts.com,12,0,1,1
mcwebstudio.ca,12,0,1,1
meaconsult.co.uk,12,0,3,1
mediatech.group,12,0,6,1
meersworld.net,12,0,9,1
mehulgohil.com,12,0,2,1
mekongnewsmm.com,12,0,2,1
merkleymarketinggroup.com,12,0,6,1
metodian.com,12,0,1,1
metronyxai.com,12,0,2,1
mgosystems.com,12,0,234,1
mhiztaemy.com.ng,12,0,1,1
min117.hatenablog.com,12,0,1,1
miniapples.org,12,0,9,1
mint-girls-camps.de,12,0,1,1
mixin.ir,12,0,4,1
mojlijecnik.hr,12,0,2,1
molo9.co,12,0,14,1
monetizedfuture.com,12,0,1,1
my-recruiting.de,12,0,2,1
myprofessionalorganizer.com,12,0,1,1
nacburo.org,12,0,6,1
naosan.blog,12,0,1,1
nardebangroup.com,12,0,2,1
nckl.gov.kh,12,0,701,1
ndecargo.co.id,12,0,1,1
needsomefun.net,12,0,2,1
netalys.fr,12,0,1,1
newtownartscommission.org,12,0,6,1
nicolas-housset.fr,12,0,3,1
nimble.help,12,0,21,1
nmcrealestate.ca,12,0,2,1
nobsimreviews.com,12,0,1,1
nonprofitsdecoded.com,12,0,1,1
noobient.com,12,0,1,1
northiscale.com,12,0,33,1
northpatrol.com,12,0,1,1
notableink.com,12,0,1,1
notesstartup.com,12,0,2,1
nox.to,12,0,4,1
nuethic.com,12,0,1,1
nulzone.fr,12,0,1,1
nymynet.com,12,0,1,1
obasimvilla.com,12,0,1,1
oceancitymarketing.co.uk,12,0,2,1
officeconsumer.com,12,0,3,1
ohiogarageinteriors.com,12,0,1,1
oladejoelisha.com,12,0,1,1
olympusweb.com,12,0,2,1
ongoingnow.com,12,0,1,1
onyri-strategy.com,12,0,13,1
openpolitics.com,12,0,4,1
optmedialatam.com,12,0,1,1
ordinationhaas.at,12,0,1,1
ordinationkoenig.at,12,0,1,1
orduh.com,12,0,22,1
organicgrowth.biz,12,0,1,1
outlieragency.pt,12,0,1,1
outpol.com,12,0,1,1
overthetopmommy.com,12,0,1,1
ozbroadbandreview.com,12,0,1,1
p4pconsult.com,12,0,1,1
packagestore.com,12,0,1,1
panotbook.com,12,0,1,1
parity.charity,12,0,2,1
parkerparker.net,12,0,1,1
partnerdemand.com,12,0,1,1
partymarket.com.pl,12,0,4,1
path-finder.jp,12,0,1,1
paygrouplimited.com,12,0,2,1
peoplesearchpro.com,12,0,2,1
philippinenforum.net,12,0,3,1
philliproth.de,12,0,3,1
photolovegirl.com,12,0,1,1
pikselkraft.com,12,0,3,1
pillars-of-health.eu,12,0,285,1
pitch.link,12,0,1,1
pixel2pixeldesign.com,12,0,1,1
pixen.uk,12,0,2,1
pixevent.fr,12,0,3,1
plusroi.com,12,0,1,1
pngbuzz.com,12,0,1,1
pokerforum.ca,12,0,1,1
portabowlinc.com,12,0,1,1
positiondigital.de,12,0,1,1
postsnippets.com,12,0,1,1
postupcareers.com,12,0,2,1
pressedconf.org,12,0,2,1
primebeautylounge.com,12,0,6,1
primecut.co,12,0,1,1
proma-farben.de,12,0,2,1
propellantmediamed.com,12,0,1,1
protezownia.pl,12,0,2,1
pymesgodigital.com,12,0,1,1
qallix.com,12,0,1,1
quantumoptica.com,12,0,4,1
rabit.click,12,0,1,1
rachilli.com,12,0,2,1
ralf-peter-kleinert.de,12,0,1,1
rappelsnut.de,12,0,2,1
raullg.com,12,0,3,1
raymondgeorge.agency,12,0,1,1
realbasics.com,12,0,3,1
redfox.digital,12,0,2,1
redstapler.co,12,0,1,1
renouffitnessequipment.com.au,12,0,1,1
rentalrecon.com,12,0,2,1
repairshoprstatus.com,12,0,12,1
republicaweb.es,12,0,1,1
reviewcomunicacao.com.br,12,0,1,1
reviewnav.com,12,0,2,1
rg-strategie-creation.com,12,0,2,1
rhbinformatica.com.br,12,0,1,1
ri.gop,12,0,2,1
richardbarleyphotography.com,12,0,8,1
rileyjamescopy.com,12,0,18,1
ripirobo.com,12,0,1,1
risbl.com,12,0,16,1
robertjacobi.com,12,0,3,1
rocketwebdesigner.com,12,0,8,1
rwd.is,12,0,3,1
salvaeco.org,12,0,785,1
samui-infotech.com,12,0,1,1
sanoguera.es,12,0,2,1
sarahdoerfel.de,12,0,1,1
sarahlay.com,12,0,2,1
saurabhk.com,12,0,2,1
sawankr.com,12,0,1,1
saybrookcc.org,12,0,4,1
sayhello.ch,12,0,1,1
schriftsteller.de,12,0,1,1
schwarzweiss-webdesign.de,12,0,2,1
scrambledeggsinglese.it,12,0,1,1
sdva-digital.fr,12,0,1,1
se-abeaver.com,12,0,1,1
searchwarrant.ca,12,0,1,1
seo-hampshire.com,12,0,1,1
seodelnorte.com,12,0,1,1
seomafiaclub.com,12,0,1,1
seovillas.com,12,0,1,1
seqlpro.com,12,0,501,1
sgsmediasoft.com,12,0,2,1
shikiryu.com,12,0,55,1
silu-socialmedia.de,12,0,4,1
simonnystrom.com,12,0,2,1
simposio.info,12,0,8,1
site-spring.com,12,0,4,1
site.ca,12,0,1,1
sitespeedoptimization.pro,12,0,1,1
skillifysolutions.com,12,0,3,1
slbpipesolutions.com,12,0,3,1
smallenvelop.com,12,0,1,1
sonweb.net,12,0,1,1
southindianstore.com,12,0,3,1
spiritmeans.com,12,0,1,1
sporthorses.be,12,0,16,1
spring-spain.com,12,0,1,1
squaresocket.com,12,0,1,1
stackrundown.com,12,0,1,1
standardamericanweb.com,12,0,2,1
starlitdevs.com,12,0,2,1
startup-bootcamp.fr,12,0,2,1
stellarplatforms.com,12,0,9,1
stevepolito.design,12,0,1,1
stijlenvorm.nl,12,0,1,1
stlukessanlucas.org,12,0,2,1
studentsupporthub.com,12,0,1,1
successpixel.com,12,0,9,1
sujaypawar.com,12,0,1,1
sundae.so,12,0,1,1
sunvalleypoolsandspas.com,12,0,134,1
superpresell.top,12,0,1,1
support.si,12,0,1,1
survivezeal.com,12,0,1,1
swapbiswas.com,12,0,1,1
swebetech.com,12,0,1,1
swecofab.com,12,0,6,1
t3h.com.vn,12,0,46,1
tabdelta.com,12,0,1,1
tamaggo.com,12,0,11,1
tanda.digital,12,0,1,1
tati.digital,12,0,1,1
taxliencertificateschool.com,12,0,6,1
tcwiki.azurewebsites.net,12,0,1,1
techbuzz.com.pk,12,0,7,1
techbuzzonline.com,12,0,1,1
technetworks.ca,12,0,3,1
technewscast.io,12,0,1,1
techrbun.com,12,0,7,1
tetramarketing.io,12,0,22,1
thagencia.com,12,0,1,1
thaitrien.com,12,0,27,1
the-lba.org,12,0,2,1
thebarnatgrimmelfarms.com,12,0,6,1
thedigitalbrew.com.au,12,0,1,1
thehireups.com,12,0,1,1
thehumanizedinternet.org,12,0,1,1
theoddcoders.com,12,0,2,1
thesocialginger.com,12,0,2,1
thetrainerstrainingcompany.co.uk,12,0,1,1
thinkeverlong.com,12,0,2,1
thormiddleeast.com,12,0,2,1
thundermiracle.com,12,0,1,1
tinybluesky.com,12,0,2,1
tipwho.com,12,0,35,1
tnpsc.academy,12,0,38,1
toadmin.ru,12,0,16,1
todotech20.com,12,0,6,1
tokenbrice.xyz,12,0,4,1
tolumichael.com,12,0,2,1
tomhumbarger.wordpress.com,12,0,3,1
tommyapps.com,12,0,3,1
topdirector.ro,12,0,14,1
totheverge.com,12,0,1,1
toud.fr,12,0,4,1
touristpoint.in,12,0,2,1
tracefunnels.com,12,0,1,1
trainingmatchmaker.com,12,0,3,1
translationindubai.ae,12,0,1,1
truehost.ca,12,0,2,1
truenorthadvisory.us,12,0,1,1
tulsapetsmagazine.com,12,0,6,1
tumf.jp,12,0,1,1
umamisnack.ch,12,0,2,1
unsafe.sh,12,0,17,1
uprise.ro,12,0,5,1
usemunch.com,12,0,3,1
useonepage.com,12,0,15,1
uzunu.com,12,0,1,1
veel.nl,12,0,2,1
velozega.com,12,0,1,1
ventera.com,12,0,6,1
ventilationmegastore.co.uk,12,0,2,1
victorhugosolis.com,12,0,17,1
vidaliax.com,12,0,3,1
vincentbreton.fr,12,0,1,1
vison.ai,12,0,1,1
vivraestudio.com,12,0,1,1
voidcoders.com,12,0,7,1
voidseo.io,12,0,1,1
vsenasplav.ru,12,0,7,1
wallfield.de,12,0,10,1
warrenlainenaida.net,12,0,2,1
wasi0013.com,12,0,1,1
waterswine.com.au,12,0,2,1
web-du-leon.bzh,12,0,1,1
webamplo.com,12,0,1,1
webhostinglogic.com,12,0,4,1
webpaste.co.nz,12,0,1,1
webpigment.com,12,0,4,1
webservetechnology.com,12,0,1,1
website101podcast.com,12,0,1,1
websitesally.com,12,0,1,1
websitescrawl.com,12,0,8,1
websysgh.com,12,0,1,1
wepaflyer.com,12,0,2,1
werken20.nl,12,0,1,1
westernpi.com,12,0,3,1
wgentech.com,12,0,2,1
whereispillmythoughts.com,12,0,1,1
whitneytreeservice.com,12,0,1,1
whosarrested.com,12,0,3,1
wingsofwar.org,12,0,1,1
wisewebster.com,12,0,2,1
wlfa.org,12,0,3,1
wodbud.is,12,0,465,1
wokaweb.net,12,0,1,1
wooassist.com,12,0,7,1
woofy.pl,12,0,14,1
wp-kotisivut.com,12,0,9,1
wpbenchmark.io,12,0,11,1
wpcareerpages.com,12,0,1,1
wpcheckliste.de,12,0,1,1
wpconcierge.com,12,0,2,1
wpdingo.com,12,0,1,1
wpflex.jp,12,0,6,1
wpmeetupamsterdam.nl,12,0,9,1
wpoutcast.com,12,0,2,1
wpscout.io,12,0,29,1
wpsimplehacks.com,12,0,1,1
wpsupporthq.com,12,0,1,1
wptoronto.com,12,0,9,1
wrld.tech,12,0,1,1
www-wheon.com,12,0,1,1
xtendedview.com,12,0,2,1
xtrium.com,12,0,1,1
yandexwww.blogspot.com,12,0,2,1
yardbird.dk,12,0,1,1
zecommentaires.net,12,0,1,1
zimmersoftware.ch,12,0,5,1
zipsite.net,12,0,12,1
znbo.com,12,0,4,1
zobristinc.com,12,0,1,1
0x0d.de,11,0,2,1
8link.it,11,0,437,1
aaglassstudio.com,11,0,1,1
aapta.in,11,0,2,1
academia.edu.gt,11,0,6,1
actueellijn.nl,11,0,1,1
administrabrasil.com.br,11,0,1,1
adorganic.com,11,0,2,1
adrian.geek.nz,11,0,4,1
adventskalender.com,11,0,1,1
aeroidea.net,11,0,1,1
affguy.com,11,0,11,1
ahitechno.com,11,0,1,1
aidopt.eu,11,0,3,1
aja0.com,11,0,1,1
akistepinska.com,11,0,2,1
alikhallad.com,11,0,2,1
allesnurgecloud.com,11,0,7,1
alliedseals.com,11,0,2,1
allophysique.com,11,0,1,1
am-web.org,11,0,2,1
amanjacademy.com,11,0,5,1
americanhydroformers.com,11,0,1,1
amieducation.com,11,0,4,1
andrewford.co.nz,11,0,1,1
anudinikar.com,11,0,1,1
any-domains.com,11,0,1976,1
aquarianwebdesign.com,11,0,1,1
aquatime.dk,11,0,12,1
arazcloud.com,11,0,1,1
arduino-craft-corner.de,11,0,2,1
arduinokit.vn,11,0,3,1
artwayz.com,11,0,1,1
arwriterai.com,11,0,1,1
aryan.app,11,0,113,1
audeemirza.com,11,0,1,1
audioplace.pe,11,0,2,1
avada.co.kr,11,0,2,1
b360group.com,11,0,2,1
bachmanfurniture.com,11,0,6,1
backlink.co.in,11,0,2,1
baeind.com,11,0,12,1
barrys.fr,11,0,2,1
bartificer.net,11,0,1,1
batteryworld.com,11,0,4,1
baulphp.com,11,0,1,1
bayleshanks.com,11,0,2,1
bellezza.id,11,0,3,1
benditocoraje.mx,11,0,618,1
bergasushi.nu,11,0,2,1
berghconsulting.com,11,0,1,1
bestedgemedicalmarketing.com,11,0,2,1
betanet.net,11,0,13,1
beyond-the-phd.com,11,0,2,1
bijouaccesorios.com.ar,11,0,2,1
bike.es,11,0,3,1
biltmorelivestock.com,11,0,3,1
biocaremalta.com,11,0,2127,1
bixlabs.com,11,0,2,1
bklyncustomdesigns.com,11,0,1,1
blindemanwebsites.com,11,0,8,1
bloggingtry.com,11,0,1,1
blogit.vn,11,0,5,1
bloglibre.net,11,0,9,1
blogstellar.com,11,0,1,1
bokloftet.no,11,0,6,1
borisstepanovic.cz,11,0,29,1
boshkuo.com,11,0,1,1
boxster-cayman-911.com,11,0,2,1
brainweb.co.uk,11,0,2,1
brave2049.com,11,0,3,1
breakinlabs.com,11,0,3,1
brianlostudio.com,11,0,1,1
brueckenwirt.de,11,0,6,1
bsitsoftware.com,11,0,3,1
burkdigitalfactory.com,11,0,1,1
business.digital,11,0,1,1
buttonblock.com,11,0,2,1
buvettenicole.com,11,0,1,1
buzzvalve.com,11,0,1,1
byztopia.com,11,0,1,1
caboolturepfc.com.au,11,0,2,1
cadeb.me,11,0,8,1
cagataydemir.com.tr,11,0,1,1
callharrisservices.com,11,0,6,1
camerondigital.com,11,0,1,1
catkenya.co.ke,11,0,1,1
cencomex.cl,11,0,8,1
centredge.com,11,0,1,1
centsai.com.mx,11,0,1,1
chiara-und-marcia-fotografie.de,11,0,1,1
christian-st-pierre.com,11,0,2,1
cibersistemas.pt,11,0,1,1
citanusantara.id,11,0,1,1
cjcosmetic.or.kr,11,0,21,1
clarifybusiness.com,11,0,1,1
clausconrad.com,11,0,1,1
clickfocus.mx,11,0,3,1
cloudboom.de,11,0,1,1
cloudschool.ai,11,0,1,1
cn130.com,11,0,1,1
codeaddicts.io,11,0,3,1
codepixelz.com,11,0,3,1
codewithcoffee.com,11,0,1,1
cokeraccidentlawyers.com,11,0,2,1
coldwellbankerunited.ca,11,0,2,1
comfortel.co.nz,11,0,2,1
communics.nl,11,0,1,1
comparebestai.com,11,0,4,1
complexkeops.ro,11,0,4,1
compoundent.com,11,0,5,1
compraeixample.cat,11,0,2,1
conformance1.com,11,0,1,1
consigliperilweb.it,11,0,2,1
contadoressumma.com,11,0,1,1
convergingworks.com,11,0,1,1
coolslangs.com,11,0,1,1
corneliusconcepts.tech,11,0,1,1
corporatezen.com,11,0,1,1
corsi.online,11,0,3,1
coverletter.co,11,0,1,1
cravomarketing.com,11,0,1,1
crazythemes.com,11,0,5,1
creation-web-photo.fr,11,0,1,1
csharpdeveloper.wordpress.com,11,0,1,1
cubes.life,11,0,1,1
cutewriters.com,11,0,4,1
dabliope.com,11,0,71,1
darkviolet.ai,11,0,6,1
databasefaqs.com,11,0,1,1
datamarketai.com,11,0,3,1
dazzlebirds.com,11,0,2,1
ddpking.com,11,0,16,1
deafnews.it,11,0,7,1
dejadesktop.com,11,0,2,1
demolenbanden.nl,11,0,2,1
demolinks2.com,11,0,2,1
designparc.com,11,0,9,1
designwebstudio.ie,11,0,1,1
devtobecurious.fr,11,0,2,1
dezinezone.com,11,0,1,1
didgeroo.london,11,0,6,1
die-marienapotheke.at,11,0,1,1
digiconceptng.com,11,0,1,1
digitalbizware.com,11,0,1,1
digitalbluee.com,11,0,1,1
digitalbusinesstime.com,11,0,1,1
digitalmindsetco.com,11,0,1,1
digitalthoughtz.com,11,0,3,1
dirbear.com,11,0,3,1
direitofacil.com.br,11,0,1,1
discountdoorsandmore.com,11,0,2,1
dmv.realestate,11,0,1,1
doaff.net,11,0,4,1
dpoassociates.eu,11,0,3,1
dr-mair.at,11,0,1,1
drafterscorner.com,11,0,2,1
drogueriamacrofarma.com,11,0,3,1
dru.ro,11,0,54,1
duaaldigitaal.be,11,0,1,1
dxtalk.net,11,0,3,1
dygresje.info,11,0,1,1
dzdravje.si,11,0,1,1
eastcoastfabrics.com,11,0,2,1
easycloud.company,11,0,26,1
easypress.co.il,11,0,1,1
ebook.stream,11,0,2,1
ecomstrive.com,11,0,4,1
eddsellservices.com,11,0,3,1
edenhairenergy.com.au,11,0,2,1
editions-evenements-tendances.fr,11,0,4,1
efs-zrt.hu,11,0,1,1
eidicamping.fo,11,0,45,1
ellisoutdoor.com.au,11,0,4,1
elsitiodelprogramador.wordpress.com,11,0,1,1
em3design.it,11,0,4,1
emotionnetwork.eu,11,0,2,1
emphasis.la,11,0,6,1
encuentroculturadigital.cl,11,0,6,1
entrepreneurshipfacts.com,11,0,1,1
epd.com,11,0,2,1
ergoseo.com,11,0,1,1
ericrounds.com,11,0,1,1
erikasarti.com,11,0,2,1
etechblog.cz,11,0,20,1
evershinecpa.com,11,0,16,1
everyonesplayground.com,11,0,3,1
eveshamhistoricalsociety.org,11,0,48,1
ewebotwp.com,11,0,1,1
exitosites.com,11,0,1,1
extended.nl,11,0,1,1
facomunica.it,11,0,2,1
faithamaole.com,11,0,12,1
falconics.com,11,0,1,1
fdlrental.com,11,0,2,1
feelerfolg-webdesign.de,11,0,1,1
fgbuk.org,11,0,2,1
finanzasmania.com,11,0,2,1
findaffiliates.online,11,0,10,1
findit.co.in,11,0,19,1
fioriinteriordesign.com,11,0,6,1
fireflywebstudio.com,11,0,1,1
firehost.pl,11,0,4,1
firstbridgeconsulting.com,11,0,1,1
focusintoprofits.com,11,0,18,1
foforum.fr,11,0,1,1
footmark.com.tw,11,0,1,1
forgemarketinggroup.com,11,0,1,1
forumice.com,11,0,1,1
francescolastrucci.it,11,0,1,1
freeservices.dev,11,0,1,1
freshtypeink.com,11,0,1,1
fruitsdusavoir.org,11,0,1,1
fullcircledigital.ca,11,0,1,1
funaban.com,11,0,1,1
ganglaishare.com,11,0,1,1
gbhic.com,11,0,6,1
gemch.ac.in,11,0,1,1
genupdigital.com,11,0,7,1
getviews.ai,11,0,7,1
ggmoneyonline.com,11,0,1,1
gicp.es,11,0,1,1
globaliser.com,11,0,1,1
globeconcept.se,11,0,6,1
gnosisfornonprofits.com,11,0,1,1
godfengshui.com,11,0,12,1
googlw.co.il,11,0,14,1
grindstonedesign.com,11,0,1,1
grofbusiness.com,11,0,1,1
grupolatre.edu.pe,11,0,2,1
guitarexcellence.co.za,11,0,190,1
hammerandnailmarketing.com,11,0,1,1
hamseys.co.uk,11,0,2,1
handongcnm.com,11,0,1,1
happymind.or.kr,11,0,3,1
harlanddigital.com,11,0,1,1
harrismade.com,11,0,2,1
haut-laser-bietigheim.de,11,0,1,1
haut-laser-stuttgart.de,11,0,1,1
hchch.net,11,0,1,1
headsoft.net,11,0,5,1
heimkinofan.de,11,0,9,1
henrikandersen.dk,11,0,1,1
hexofy.com,11,0,1,1
hodjasblog.one,11,0,1,1
holisticzaza.com,11,0,1,1
hollywooddesignpro.com,11,0,6,1
honestecommerce.com,11,0,1,1
hosetechusa.com,11,0,2,1
hostingfoxy.com,11,0,2,1
hurricanes99.com,11,0,2,1
hygiene-alles-klar.de,11,0,1,1
ideagirlmedia.com,11,0,1,1
ideassem.com,11,0,4,1
ideihosting.com,11,0,1,1
idev.top,11,0,1,1
igorjovanovic.com,11,0,2,1
ihankotona.fi,11,0,2,1
ihrhautarzt.de,11,0,1,1
ijcnc.com,11,0,1,1
imune.bio,11,0,2,1
indexmachine.co,11,0,2,1
indianportal.in,11,0,2,1
individualobligation.com,11,0,20,1
ingresodigital.es,11,0,1,1
innersite.com.br,11,0,3,1
innov2e.it,11,0,7,1
innova.uno,11,0,1,1
integral.london,11,0,1,1
internationalcollege.in,11,0,1,1
investitalia.com,11,0,2,1
iotecdigital.com,11,0,6,1
ipsense.com,11,0,2,1
ismuniv.com,11,0,4,1
isotechindustries.com,11,0,9,1
it-wiki.com.ru,11,0,2,1
j22.nl,11,0,4,1
jacuzzicalgary.ca,11,0,7,1
jameslau.com,11,0,2,1
jepierre.com.br,11,0,1,1
jhrs.com,11,0,10,1
jiangsu.org.sg,11,0,1,1
jianzhanpress.com,11,0,1,1
joinwimzee.com,11,0,1,1
jomar.club,11,0,12,1
jorhna.com,11,0,2,1
josefnemec.cz,11,0,15,1
joyhealey.com,11,0,1,1
jshs.or.kr,11,0,8,1
julaine.ca,11,0,3,1
justviv.com,11,0,3,1
kadaxis.com,11,0,4,1
kasilofrvpark.com,11,0,6,1
katibatech.com,11,0,2,1
keithdream.tech,11,0,3,1
kenkarlo.com,11,0,1,1
kepsa.com,11,0,2,1
kerbco.com,11,0,1157,1
keshatot.org,11,0,1,1
kgix.net,11,0,3,1
khabareazad.com,11,0,1,1
kid-pro.com,11,0,16,1
kijero.com,11,0,1,1
kk-sun.co.jp,11,0,1,1
kkmesquite.com,11,0,273,1
klubexile.com,11,0,1,1
kmacims.com.ng,11,0,2,1
knaps.be,11,0,6,1
koeki.fr,11,0,1,1
kosher-traveling.co.il,11,0,30,1
kristinka-blazeka-blog.from.hr,11,0,1,1
krynsky.com,11,0,1,1
labarbaweb.com,11,0,2,1
laboite.nl,11,0,39,1
labra.com.br,11,0,2,1
landingspy.com,11,0,5,1
laprothesegenerale.fr,11,0,3,1
laredazione.eu,11,0,1,1
laserskinwellnesscenter.com,11,0,6,1
laverdadhidalgo.com,11,0,1,1
lawebverde.com,11,0,2,1
learndigitalentrepreneurship.com,11,0,1,1
learningforyouth.com,11,0,1,1
leon.com.tw,11,0,4,1
les4h.fr,11,0,1,1
lesdocs.fr,11,0,1,1
lesitevitrine.fr,11,0,1,1
lifepathwellness.com,11,0,3,1
lindsaykirsch.com,11,0,1,1
linkbase.eu,11,0,7,1
linkhut.nl,11,0,2,1
linkifyplugin.com,11,0,4,1
linux.livorno.it,11,0,33,1
lionvaplus.com,11,0,1,1
llizo.marketing,11,0,8,1
local.co.zw,11,0,1,1
localwebhub.com,11,0,1,1
location-dinard.com,11,0,1,1
loveyourjester.com,11,0,156,1
lowtone.nl,11,0,1,1
lucascobb.com,11,0,6,1
lugh-web.fr,11,0,3,1
luispolasek.com,11,0,3,1
maconeast.net,11,0,3,1
madriverweb.com,11,0,1,1
maerz-dv.de,11,0,1,1
maheshwaghmare.com,11,0,81,1
mahoneysbartx.com,11,0,2,1
makethatseachange.com,11,0,1,1
mangcoding.com,11,0,2,1
mantisdigital.co.nz,11,0,1,1
maoke.fr,11,0,1,1
markamuduru.com,11,0,2,1
market-tactics.com,11,0,1,1
marketingletter.com,11,0,1,1
marshallbatteries.co.nz,11,0,68,1
maverickelectricalservices.com,11,0,2,1
medset.co.uk,11,0,2,1
mentoredigitale.it,11,0,1,1
merchy.ma,11,0,1,1
michaelbommarito.com,11,0,1,1
miinfoproducto.com,11,0,27,1
mobileatom.net,11,0,33,1
mobkii.com,11,0,5,1
modernrecruiters.com,11,0,2,1
money-antenna.com,11,0,1,1
moneypathfpa.com,11,0,2,1
monoinfotech.com,11,0,2,1
montagsbuero.de,11,0,1,1
mooremarketing.xyz,11,0,6,1
motorline.cl,11,0,2,1
movetojapan.support,11,0,11,1
mrcomputerscience.com,11,0,1,1
mronn.com,11,0,2,1
mulberden.com,11,0,1,1
mundoprotegido.com,11,0,2,1
musemedspaaustin.com,11,0,3,1
mychampagne.se,11,0,2,1
mycleanpivot.com,11,0,1,1
myjuicebox.io,11,0,2,1
namileriblog.com,11,0,1,1
nas-heimserver.de,11,0,2,1
naturalborncoder.com,11,0,1,1
nec-itplatform.fr,11,0,2,1
ned-photographie.fr,11,0,2,1
nekoninja.io,11,0,1,1
nere.nu,11,0,23,1
nero-direkt.at,11,0,1,1
netcat.au,11,0,1,1
netcomp.com.au,11,0,1,1
netecitalia.com,11,0,1,1
netfactory.dk,11,0,5,1
netguardia.com,11,0,209,1
netologiste.com,11,0,2,1
nettelett.no,11,0,1,1
nguyenxuanbinhminh.com,11,0,1,1
nikiv.dev,11,0,2,1
nokor-web.com,11,0,1,1
nomag.world,11,0,1,1
noracheikh.com,11,0,4,1
norules-webdesign.de,11,0,4,1
notyouraverageamerican.es,11,0,1,1
novatise.com,11,0,1,1
novelaturca.com,11,0,1,1
npcrowd.com,11,0,1,1
oliveandashdesign.agency,11,0,1,1
opalrecall.com,11,0,1,1
orangecattle.com,11,0,1,1
ordinationdrriedl.at,11,0,1,1
oriolfarre.me,11,0,1,1
orionsgate.org,11,0,6,1
outerbelt.com,11,0,2,1
owo.si,11,0,1,1
oyama.tv,11,0,186,1
pam.net.vn,11,0,13,1
pam.vn,11,0,13,1
papeleriaselfenix.com,11,0,4,1
paragonalarms.com,11,0,6,1
pauliusmusteikis.com,11,0,1,1
pcisas.com,11,0,1,1
pe-primer.com,11,0,2,1
penasihathosting.com,11,0,3,1
peterstavrou.com,11,0,1,1
petlandcarmel.com,11,0,2,1
petlandcolumbusga.com,11,0,2,1
pineable.com,11,0,1,1
pinkrobot.studio,11,0,2,1
pishgamvira.com,11,0,1,1
playperformance.com,11,0,2,1
pluginthemebr.com,11,0,1,1
pohjolatimes.fi,11,0,1,1
pompesfunebres-thery-dassonville.fr,11,0,1,1
potionwebstudio.com,11,0,1,1
poweredbyloft.com,11,0,1,1
premiumhonlap.hu,11,0,2,1
premlall.com,11,0,1,1
prodoor.ca,11,0,6,1
professionallyintegrated.com,11,0,2,1
programaresunamierda.com,11,0,2,1
programstore.ir,11,0,1,1
progressive-data.com,11,0,1,1
prosperopedia.com,11,0,1,1
proventus.com.tr,11,0,2,1
qalbit.com,11,0,1,1
qastack.com.br,11,0,3,1
qualitypoint.com.do,11,0,2,1
quazic.com.au,11,0,1,1
quickregisterseo.com,11,0,189,1
r2s.edu.vn,11,0,1,1
radubalas.com,11,0,2,1
rapidezwriter.com,11,0,1,1
rappelsnut.blog,11,0,1,1
raqmedia.com,11,0,1,1
readyup.com,11,0,6,1
realizweb.com,11,0,1,1
receptivemedia.co.uk,11,0,2,1
recsyslab.github.io,11,0,1,1
redfactory.co,11,0,4,1
redreamality.com,11,0,4,1
rendezvousennewyork.com,11,0,1,1
renemorozowich.com,11,0,2,1
reportwire.org,11,0,6,1
resilience360advisory.com,11,0,1,1
responsivewebsitedesign.co.nz,11,0,1,1
restontechwiz.com,11,0,1,1
riccionediscohotel.it,11,0,2,1
rijnweb.nl,11,0,195,1
rlsbb.to,11,0,1,1
romaniahub.ro,11,0,1,1
routeasy.blog.br,11,0,1,1
rubee.co.kr,11,0,1,1
rubenlicera.org,11,0,1,1
s-tech.com.au,11,0,2,1
s-ter.nl,11,0,6,1
saasbattles.com,11,0,10,1
saask.fr,11,0,27,1
sakajournals.org,11,0,1,1
sandraturchi.com.br,11,0,1,1
sarah-kreilaus.de,11,0,1,1
satherleytransport.co.nz,11,0,1,1
sauldie.org,11,0,33,1
sberopedia.org,11,0,5,1
scallent.com,11,0,38,1
scandifix.com,11,0,1,1
scenelab.nl,11,0,25,1
sdetools.io,11,0,1,1
seadragon.digital,11,0,1,1
sealscoveshootingground.co.uk,11,0,30,1
search-drive.com,11,0,1,1
searchcentered.com,11,0,1,1
sebastienlett.com,11,0,1,1
secundaria21.com,11,0,4,1
seo-wordpress.it,11,0,1,1
seoarticletime.com,11,0,4,1
seodoc.fr,11,0,1,1
setechnota.com,11,0,1,1
sfndesign.ca,11,0,2,1
sharely.ai,11,0,1,1
shepherdsloft.com,11,0,1,1
sherpaaircraft.com,11,0,6,1
shinkosansho.co.jp,11,0,10,1
shly.link,11,0,3,1
shnoop.com,11,0,1,1
sidewalkbranding.co,11,0,1,1
sillycube.com,11,0,1,1
siteproducts.jp,11,0,1,1
sitereferencement.com,11,0,1,1
sitesao.com,11,0,2,1
siyaramseoservices.com,11,0,1,1
sjmpartners.com,11,0,12,1
slkade.lk,11,0,2,1
smartspate.com,11,0,1,1
sniff.so,11,0,3,1
socialbuzzhive.com,11,0,1,1
socialsparkmedia.com,11,0,3,1
software-folder.com,11,0,24,1
soimiicomertului.ro,11,0,1,1
solution-work.de,11,0,1,1
solutiontoolkit.com,11,0,172,1
soulcruzer.com,11,0,1,1
spectrummattersindeed.blogspot.com,11,0,1,1
spiritoftheaerodrome.com,11,0,1,1
sportellocertificati.it,11,0,4,1
sporthorses.de,11,0,2,1
srvsinghania.com,11,0,1,1
starx.ink,11,0,1,1
statut-services.fr,11,0,5,1
stefanocicchini.com,11,0,2,1
steptomedia.com,11,0,1,1
stibler.com,11,0,6,1
storytelling-jp.com,11,0,2,1
strapryte.com,11,0,2,1
stratum3d.no,11,0,2,1
studio4x.com.br,11,0,2,1
sugardesigngroup.com,11,0,1,1
sunpoolsandspas.com,11,0,1,1
supersalaris.nl,11,0,7,1
superseo.tips,11,0,1,1
supplementcity.com.au,11,0,2,1
svaren.nu,11,0,2,1
swifta.com,11,0,1,1
swipe.hr,11,0,6,1
swyftstudios.com,11,0,1,1
sykkelbutikkenivaagsbygd.no,11,0,2,1
syncrostatus.com,11,0,12,1
taec.nl,11,0,1,1
tammys.com.au,11,0,6,1
tarcgn.de,11,0,2,1
tarjiem.com,11,0,1,1
tarot-guide.de,11,0,1,1
tause.co,11,0,1,1
tazimi.dev,11,0,1,1
teachbit.ro,11,0,1,1
techaristo.com,11,0,1,1
techlusion.io,11,0,1,1
techno.bg,11,0,1,1
techvomit.net,11,0,1,1
tecupdate.com,11,0,23,1
tehnografi.com,11,0,97,1
teiee.net,11,0,1,1
teletrabajoynegocios.com,11,0,33,1
templatetester.com,11,0,6,1
terabyte.ae,11,0,2,1
terramedia.com.au,11,0,1,1
terrblog.com,11,0,2,1
thailand.gen.in,11,0,2,1
the-underground.online,11,0,1,1
theamazingtimes.com,11,0,1,1
thebestuknow.com,11,0,1,1
theblogbowl.in,11,0,3,1
thecbdgurus.com,11,0,2,1
theelitepractitioner.com,11,0,39,1
theghostreader.it,11,0,8,1
thehomebusinesschallenge.com,11,0,34,1
themeburn.com,11,0,4,1
themesupport.com,11,0,1,1
thenomadbrad.com,11,0,12,1
theoasisreporters.com,11,0,1,1
theventurein.co.uk,11,0,56,1
thinkoutsidethecubiclenow.com,11,0,19,1
thrivedigital.uk,11,0,2,1
thunderintherockies.com,11,0,6,1
tieneblog.net,11,0,2,1
tigerpink.co.uk,11,0,1,1
time2surf.nl,11,0,11,1
timnolte.com,11,0,8,1
timoneyachtsgroup.com,11,0,1,1
timreeves.de,11,0,3,1
titanwebstudios.com,11,0,1,1
toiletfinder.ch,11,0,1,1
tokyo-furnished.com,11,0,6,1
toptechytips.com,11,0,1,1
toptut.com,11,0,2,1
tosmediakit.com,11,0,1,1
tpsearchtool.com,11,0,240,1
trudigitalmarketing.com,11,0,1,1
truehost.co.in,11,0,12,1
turkeytravelguide.com,11,0,4,1
turnusysklep.com,11,0,18,1
tw-rl.com,11,0,14,1
twenty-one-talents.com,11,0,3,1
two17.co,11,0,1,1
uaethrive.com,11,0,2,1
uniqmedia.co.uk,11,0,1,1
usearticle.com,11,0,6,1
utbildning.ax,11,0,1,1
utensil.github.io,11,0,37,1
uzbox.com,11,0,6,1
v6proxies.com,11,0,1,1
vatoce.com,11,0,5,1
veecotech.com.sg,11,0,1,1
veememedia.com,11,0,4,1
veilingagenda.nl,11,0,4,1
velascommerce.com,11,0,2,1
venturetechsolutions.com,11,0,3342,1
vidasanaecuador.com,11,0,2,1
vinscars.com,11,0,3,1
vueltaymediabcn.com,11,0,1,1
walnutstlabs.com,11,0,10,1
wanda-techs.com,11,0,2,1
watchsumo.com,11,0,1,1
wattsbarlakeassociation.org,11,0,12,1
wave-lovers.com,11,0,2,1
wearedrybones.co.uk,11,0,2,1
web-cosmo.net,11,0,1,1
webandseo.net,11,0,4,1
webassistanceita.com,11,0,2,1
webbiz.tw,11,0,1,1
webby.net.au,11,0,7,1
webdispo.com,11,0,2,1
webflaredigital.com.au,11,0,2,1
webfume.com,11,0,5,1
webhostingwizard.com,11,0,6,1
webizen.org,11,0,1,1
webloft.no,11,0,1,1
webmasterview.com,11,0,1,1
webness.co.za,11,0,4,1
webnware.com,11,0,2,1
webouky.cz,11,0,1,1
webredone.com,11,0,1,1
webtronixdesigns.com,11,0,1,1
webworkz.nz,11,0,1,1
wedoiti.com,11,0,1,1
west-asheville.com,11,0,2,1
williamtheisen.com,11,0,1,1
willtan.com,11,0,4,1
windesheim.tech,11,0,2,1
windypierre.com,11,0,1,1
winstead-media.ai,11,0,1,1
wjonderhoud.nl,11,0,2,1
wootfi.com,11,0,6,1
worldcutter.com,11,0,72,1
wp-assistenza.it,11,0,3,1
wp-virtual.com,11,0,1,1
wp-wiz.com,11,0,6,1
wperfolg.de,11,0,1,1
wpfor.church,11,0,1,1
wpgiz.com,11,0,2,1
wpproductwriteup.com,11,0,1,1
wpvilaga.hu,11,0,1,1
wpvilla.com,11,0,1,1
wulogix.com,11,0,3,1
xponent.se,11,0,1,1
yakindowebdesigns.com,11,0,2,1
yeee.wang,11,0,1,1
yorkcs.com,11,0,1,1
yrgestion.fr,11,0,2,1
yukemuri-blog.com,11,0,4,1
zamuu.net,11,0,2,1
zeroday-podcast.de,11,0,2,1
1st-copywriting.com,10,0,1,1
1stchoicequalityhvac.com,10,0,6,1
24h-ipad-reparatur.de,10,0,3,1
24h-iphone-reparatur.de,10,0,3,1
2bonline.net,10,0,3,1
2wp.com.br,10,0,1,1
2xsales.com,10,0,9,1
3hundrd.com,10,0,4,1
3techagency.com,10,0,1,1
4m.uk,10,0,1,1
5starsautos.com,10,0,2,1
6ft6wine.com,10,0,9,1
89homes.com,10,0,51,1
aanderud.net,10,0,1,1
abigailregucera.com,10,0,1,1
acheterdesvues.fr,10,0,2,1
activops.fr,10,0,1,1
adelaweb.fr,10,0,1,1
adjust-u.com,10,0,6,1
adleaforlando.com,10,0,2,1
adventor.no,10,0,1,1
advertising-commissions.com,10,0,2,1
affordabledigitizing.com,10,0,2,1
agencia-redes-sociales.com,10,0,1,1
ahss.co.in,10,0,1,1
aidthestudent.com,10,0,2,1
aiensured.com,10,0,3,1
ajaimerojas.com.pe,10,0,12,1
akashjadhav.com,10,0,6,1
akmarketingseo.com,10,0,1,1
akullian.com,10,0,1,1
albertainternational.ca,10,0,9,1
aleksandardjekic.rs,10,0,6,1
alewa.eu,10,0,1,1
alexanderpeterhihler.com,10,0,70,1
alexomegapy.com,10,0,1,1
alltomwindows.se,10,0,4,1
already.dev,10,0,13,1
alvaromartinezmajado.com,10,0,1,1
amazingnewsletters.com,10,0,41,1
amisreservedesene.fr,10,0,1,1
anacapavision.com,10,0,6,1
angelrated.com,10,0,1,1
anjujewelry.com,10,0,4,1
antoniosinibaldi.com,10,0,8,1
aonangmedicalclinic.com,10,0,2,1
appletreepediatricdentistry.com,10,0,3,1
arabitec.com,10,0,4,1
arahoster.net,10,0,1,1
archive4ones.online,10,0,1,1
archtech.ae,10,0,1,1
artdepartment.com.ar,10,0,2,1
artforacause.net,10,0,1,1
artmission.org,10,0,6,1
arvomedia.fi,10,0,4,1
arzt-zollikon.ch,10,0,2,1
asav.nl,10,0,2,1
asiaghosts.com,10,0,1,1
atenelogistic.com,10,0,1,1
aurfi.com,10,0,2,1
automated-transactions.es,10,0,1,1
autonomtech.se,10,0,357,1
autorepairservice.org,10,0,531,1
avasta.ch,10,0,1,1
avendanodesign.com,10,0,3,1
axeltra.com,10,0,1,1
backed.by,10,0,2,1
bakkerijhabets.nl,10,0,2,1
ballitowebdesign.co.za,10,0,2,1
bandentaxi.nl,10,0,12,1
bbcc-learncode.com.tw,10,0,5,1
bdsmsexcontacten.nl,10,0,1,1
beanstalkr.com,10,0,30,1
beckettdentalcare.com,10,0,6,1
becktor.dk,10,0,2,1
beenacle.com,10,0,65,1
bemyaficionado.com,10,0,2,1
bennstroms.se,10,0,6,1
bernard-luc.com,10,0,3,1
bestearningsource.com,10,0,1,1
bestprint.vn,10,0,1,1
bicsom.co,10,0,1,1
bigdblankets.com,10,0,14,1
bitboss.it,10,0,1,1
biztechnosys.com,10,0,8,1
blacktape.io,10,0,1,1
blog.tw,10,0,3,1
blogdetecnologia.com.br,10,0,22,1
blogdlakonsumenta.pl,10,0,1,1
bloggingspark.com,10,0,1,1
blogopod.com,10,0,5,1
blogrovr.com,10,0,1,1
blqrew.it,10,0,2,1
blu7.it,10,0,1,1
blucactus.com.ve,10,0,1,1
blueprintmarketing.com,10,0,1,1
boisdesoeuvres-equitation.fr,10,0,4,1
boostgrowb.com,10,0,22,1
boredreading.com,10,0,4,1
brandandbutter.co,10,0,4,1
brauweilerblog.de,10,0,4,1
breakingsaas.com,10,0,1,1
brightsprout.co.uk,10,0,2,1
brisbanessecurityscreens.com.au,10,0,4,1
britpopnews.com,10,0,2,1
buildthatwebsite.com,10,0,2,1
businessupside.in,10,0,488,1
byk.im,10,0,3,1
bytescrum.com,10,0,1,1
bythescruff.com,10,0,1,1
cajadepixeles.mx,10,0,1,1
callr.tech,10,0,8,1
camping-larochelle.com,10,0,3,1
cantoncemetery.org,10,0,1,1
canun.pl,10,0,2,1
capital.gov.kw,10,0,51,1
capsexpress.com.br,10,0,2,1
captain-renov.com,10,0,1,1
carnivalsunjuice.fr,10,0,2,1
carolinehagan.co.uk,10,0,1,1
carre-notaires.fr,10,0,1,1
carrotjuice.com,10,0,2,1
catarina.dk,10,0,1,1
cecomart.com,10,0,2,1
celebrie.com,10,0,12,1
centralmonument.com,10,0,6,1
cheerway.tw,10,0,6,1
chensec.com,10,0,2,1
cherryhillwebdesign.com,10,0,1,1
chileinforma.cl,10,0,1,1
chrissilich.com,10,0,2,1
cineglams.com,10,0,1,1
classicstreamliners.com,10,0,2,1
classiperlo.altervista.org,10,0,5,1
cleaningservicespro.com,10,0,90,1
clearwaterfamilydentalcare.com,10,0,3,1
clloh.com,10,0,1,1
cloudwaysguide.com,10,0,2,1
clsb.net,10,0,1,1
coastalrehabcenter.com,10,0,3,1
codes-parrain.com,10,0,66,1
codibu.com,10,0,1,1
codico.io,10,0,6,1
codigo5.com.br,10,0,1,1
codingmaker.kr,10,0,12,1
coinvoice.cn,10,0,1,1
comick.art,10,0,2,1
comparateur-cpgi.fr,10,0,1,1
computeria.it,10,0,2,1
connectly.de,10,0,1,1
connectthedots.digital,10,0,1,1
construpedia.ai,10,0,3,1
contactdetails.co.za,10,0,1,1
controlmgt.ir,10,0,1,1
conversationswithlauren.com,10,0,1,1
cook72.com,10,0,2,1
copyelement.com,10,0,1,1
copywritingforyou.net,10,0,1,1
couchpirat.de,10,0,2,1
crachecode.net,10,0,1,1
craxpro.to,10,0,1,1
craze.cl,10,0,5,1
creare-sito-web-gratis.it,10,0,2,1
creativebyj.com,10,0,4,1
creativeexpressionsundefined.wordpress.com,10,0,1,1
crownstack.com,10,0,1,1
ctesolutions.com,10,0,3,1
cubeevo.com,10,0,1,1
cubevictoriei.ro,10,0,2,1
cuernosoft.com,10,0,12,1
cunninghamwebsolutions.com,10,0,4,1
cyclecelebration.com,10,0,12,1
cyla.fr,10,0,1,1
dabocosmetic.com,10,0,22,1
daft-web.fr,10,0,13,1
dagtech.com,10,0,1,1
dailyfactsandinformation.wordpress.com,10,0,43,1
daliltv.com,10,0,2,1
dancing-angels-live.de,10,0,38,1
dangutstein.blogspot.com,10,0,1,1
danieljj.no,10,0,1,1
danielmcclure.com,10,0,12,1
danishshakeel.me,10,0,11,1
datafeedwatch.pl,10,0,1,1
daucity.de,10,0,52,1
day-by-day-kim-wilde.com,10,0,3,1
dcbeauty.hr,10,0,3,1
deconet.eu,10,0,2,1
deepawaliseotips.com,10,0,2,1
dekamoredental.com,10,0,12,1
demandexperts.com,10,0,1,1
dentelledelune.fr,10,0,1,1
dessky.org,10,0,1,1
deuxatomes.fr,10,0,1,1
devbuildpro.com,10,0,2,1
develop4fun.it,10,0,40,1
devquarterly.com,10,0,4,1
dewebsitebouwers.com,10,0,7,1
dewitcomputers.nl,10,0,3,1
differentresonance.co.uk,10,0,1,1
digicommunicate.com,10,0,5,1
digital-school.online,10,0,3,1
digitalbang.gr,10,0,1,1
digitalcoursesindia.com,10,0,2,1
digitcreativ.fr,10,0,1,1
diodomedia.es,10,0,1,1
directdevops.blog,10,0,1,1
discountartsupplies.co.uk,10,0,1,1
disruptur.com,10,0,1,1
divrent.at,10,0,2,1
diybody.ca,10,0,18,1
diyprinting.shop,10,0,1,1
dnetmarketing.com,10,0,7,1
domador.net,10,0,27,1
doncastello.se,10,0,2,1
dovecanada.org,10,0,58,1
dr-medek.at,10,0,1,1
dr-vonbank.at,10,0,1,1
dragontech.us,10,0,1,1
dreamjtech.com,10,0,2,1
dreamupscalelounge.co,10,0,2,1
droefelein.com,10,0,3,1
dropnerblog.com,10,0,4,1
drsarthakkadakiaspine.com,10,0,1,1
duffbuilders.com,10,0,6,1
durchblick-lamo.de,10,0,4,1
dutchartist.nl,10,0,6,1
dutchreef.nl,10,0,8,1
duties.co.za,10,0,1,1
dwiattorneyfortbend.com,10,0,12,1
e-epos.com,10,0,1,1
e-ful.com,10,0,1,1
e-team.it,10,0,2,1
ebenezer.fo,10,0,2,1
eco-vue.com.au,10,0,54,1
ecommercenews.ro,10,0,1,1
eggheadmarketers.ca,10,0,2,1
elektrorollerforum.de,10,0,1,1
elementmarketingcompany.com,10,0,1,1
elementor-site.ir,10,0,1,1
elendilabs.com,10,0,1,1
elev8webstudio.com,10,0,2,1
elevarus.com,10,0,2,1
elgoog.de,10,0,1,1
embernovadigital.com,10,0,1,1
emmyschoice.nl,10,0,2,1
empirecairns.com.au,10,0,2,1
encoders.studio,10,0,2,1
energumene.com,10,0,1,1
enjoysystem.it,10,0,1,1
enlivy.dev,10,0,4,1
enosisoutsourcing.com,10,0,1,1
entnj.com,10,0,24,1
entrepreneurscruise.com,10,0,3,1
enzoexposito.it,10,0,4,1
erdos.com.br,10,0,2,1
ericherseyweb.com,10,0,1,1
euhost.co,10,0,3,1
eurocash-kindergeld.pl,10,0,1,1
evangelisch-digital.de,10,0,1,1
evanswebdev.com,10,0,3,1
evrmag.com,10,0,1,1
excellofficial.com,10,0,4,1
exception.site,10,0,2,1
exeterbarbershop.co.uk,10,0,1,1
extenclip.com,10,0,2,1
eyesplayer.com,10,0,6,1
eziro.com,10,0,2,1
f4vnn.com,10,0,5,1
fadagogo.com,10,0,2,1
faqs.tw,10,0,1,1
fashionline.com.au,10,0,186,1
femmeopen.com,10,0,2,1
fenninger.biz,10,0,8,1
fernsidestudio.com,10,0,4,1
fiapo.com.br,10,0,1,1
figeac-gite-compostelle.fr,10,0,6,1
filmhouse.co.il,10,0,1,1
finale-aide.fr,10,0,3,1
findinghomecare.net,10,0,1,1
findmyshift.nl,10,0,1,1
firstradicle.com,10,0,2,1
fluentech-group.com,10,0,4,1
foltzpottery.com,10,0,6,1
fonemaster.com.cy,10,0,12,1
foqus-fellbach.de,10,0,1,1
foreningspoolmalmo.se,10,0,1,1
formateur-numerique.com,10,0,1,1
fortunez.com,10,0,1,1
forumfm.pl,10,0,2,1
fotoklubbenkronborg.dk,10,0,2,1
fotostory.dk,10,0,1,1
fractalmax.agency,10,0,3,1
frammentidicodice.com,10,0,58,1
frauenaerztin-werni.at,10,0,1,1
fromthisday.digital,10,0,2,1
frontendfirewall.com,10,0,1,1
fsipanel.com,10,0,12,1
fushuma.com,10,0,24,1
fzolee.hu,10,0,2,1
gclforum.com.au,10,0,3,1
genuinetech.pk,10,0,3,1
gerikson.com,10,0,3,1
gesfine.fr,10,0,1,1
getecsa.com,10,0,3,1
giorgiamilani.design,10,0,1,1
givanildo.com.br,10,0,1,1
gkanev.com,10,0,3,1
gkglobaledu.com,10,0,1,1
gmsys.net,10,0,4,1
gnistbranding.dk,10,0,1,1
goculturecube.com,10,0,1,1
goldkindconsulting.com,10,0,1,1
goochelaar.nl,10,0,6,1
gproxy.net,10,0,4,1
grandesprojetos.com.br,10,0,2,1
greatsimple.com,10,0,2,1
gridlife.io,10,0,93,1
guestlyhomes.com,10,0,2,1
gwtcenter.com,10,0,1,1
hahasmile.com,10,0,1,1
hammadahmed.dev,10,0,1,1
handymanhero.es,10,0,12,1
hansa-flex.hu,10,0,10542,1
hansa-flex.si,10,0,11754,1
happycoding.agency,10,0,2,1
healxrlabs.co.za,10,0,3,1
heedeestudios.com,10,0,17,1
hesolite.com,10,0,6,1
highdy-pc.hatenablog.com,10,0,1,1
highjump.club,10,0,1,1
hightstownfire.org,10,0,46,1
hiredeveloper.dev,10,0,1,1
host.promo,10,0,1,1
hostblog.cn,10,0,3,1
hostingradar.io,10,0,1,1
hostingtavsiye.com.tr,10,0,2,1
hostwizly.com,10,0,3,1
howardlabs.co.uk,10,0,2,1
hrtechpro.in,10,0,2,1
huberpower.com,10,0,4,1
hudsonwebdevelopment.com,10,0,1,1
huis-aerts.be,10,0,2,1
hurayraiit.com,10,0,3,1
iboon.io,10,0,1,1
ichilv.com,10,0,1,1
icteducationtools.com,10,0,10,1
iemis.com.tw,10,0,6,1
ilovecompress.com,10,0,1,1
immogroom.com,10,0,2,1
impactdots.com,10,0,1,1
imsocial.nl,10,0,1,1
imymac.de,10,0,2,1
inboundmarketing.vn,10,0,1,1
indiachan.top,10,0,4,1
indiana-tempie.com,10,0,1,1
infinitydomainhosting.com,10,0,8,1
infototal.es,10,0,1,1
inneremedizin-hallein.at,10,0,1,1
inoiv.ch,10,0,2,1
inside.travel,10,0,12,1
inspiremelabs.com,10,0,3,1
intactonesolution.com,10,0,1,1
interestingfacts.co.za,10,0,1,1
invadeai.com,10,0,8,1
inventmedia.de,10,0,1,1
investman.fr,10,0,1,1
iocreative.com,10,0,1,1
ip2c.de,10,0,1,1
irocodesign.co.jp,10,0,2,1
isacjobs.com,10,0,6,1
ismelguerrero.com,10,0,1,1
it-kiso.com,10,0,25,1
it-ordbogen.dk,10,0,4,1
it-zeugs.de,10,0,2,1
itscoresolutions.co.in,10,0,1,1
itv4.de,10,0,1,1
iwagyu.com,10,0,2,1
jacht.digital,10,0,1,1
jakechampion.name,10,0,13,1
jameelattariacademy.com,10,0,2,1
japanfoodstyle.com,10,0,1,1
javierfelix.es,10,0,4,1
jeroenpeters.dev,10,0,2,1
jkvnl.com,10,0,3,1
johnpmorrissey.com,10,0,1,1
joinvrebnetwork.com,10,0,2,1
joliciel.org,10,0,1,1
jolidesignsolutions.com,10,0,1,1
joshuageorge.co.uk,10,0,2,1
jp-cornerstone.com,10,0,4,1
jsdiaries.com,10,0,1,1
juliettecalaf.com,10,0,6,1
jurnaldedigitalmarketing.com,10,0,2,1
justintimefurnace.com,10,0,9,1
k-bushi.com,10,0,2,1
kafaaacademy.com,10,0,1,1
kaizennetworks.es,10,0,1,1
kaledulaiskas.lt,10,0,2,1
kalijaga.co,10,0,1,1
kardiologos-tsiantis.gr,10,0,2,1
karinfriedli.com,10,0,2,1
kdcc.social,10,0,1,1
kimablog.org,10,0,1,1
kin29.info,10,0,5,1
kingofseo.in,10,0,2,1
kiwiremoto.com,10,0,1,1
kiyoshi.hatenablog.com,10,0,1,1
klassiskmobelsalg.dk,10,0,2,1
klein-pampau.de,10,0,4,1
klinikutamasehati.com,10,0,4,1
klubcahaya.com,10,0,71,1
knowledgebase-media.com,10,0,1,1
kochama.online,10,0,3,1
kolumbienforum.net,10,0,1,1
korikis.com,10,0,7,1
krcmic.com,10,0,5,1
kreatore.it,10,0,1,1
ksbforum.info,10,0,1,1
ktreis.or.kr,10,0,1,1
kuleuven-diepenbeek.github.io,10,0,1,1
kylerumble.com,10,0,1,1
la-pause-code.fr,10,0,4,1
labriunesp.org,10,0,1,1
lacliniquewp.com,10,0,4,1
lagepunkt.de,10,0,1,1
lakeminnetonkadistrict.org,10,0,1,1
lapattesurlobjectif.com,10,0,1,1
larger.io,10,0,15,1
lasmejoresvidentes.es,10,0,6,1
lavogliamatta.org,10,0,6,1
leadher.de,10,0,1,1
leadondesign.com.au,10,0,1,1
learndirectus.com,10,0,1,1
learnwebseo.com,10,0,3,1
leatheling.com,10,0,1,1
lecarreblanc-restaurant.fr,10,0,1,1
leder-felsberger.at,10,0,2,1
leedsdrainage.co.uk,10,0,12,1
legionary.com,10,0,4,1
lemon-mint.com,10,0,1,1
leomigdal.com,10,0,1,1
lescompagnonsdesinvestisseurs.fr,10,0,1,1
letwebs.com,10,0,1,1
leviathanencyclopedia.com,10,0,4,1
lifewithpal.com,10,0,1,1
linkaanmelden.nl,10,0,10,1
linksdirectory.in,10,0,2,1
lio-natural.com,10,0,2,1
livereedsvale.com,10,0,2,1
localmax.es,10,0,1,1
localrankninja.com,10,0,1,1
locationsallenantes.com,10,0,1,1
locusit.com,10,0,1,1
louise-bistrot.com,10,0,1,1
louisejenner.com,10,0,1,1
lraber.online,10,0,3,1
luckysautosports.com,10,0,38,1
lumeishere.com,10,0,1,1
lustvisions.com,10,0,1,1
mabconsultingph.com,10,0,4,1
magdalenagajewski.de,10,0,1,1
maid-x-change.com,10,0,2,1
makespacemarketing.co.uk,10,0,1,1
mambs.edu.mv,10,0,171,1
mamtech-raku.com,10,0,16,1
mariasquarra.de,10,0,1,1
mariliamattoso.com.br,10,0,4,1
markellismedia.uk,10,0,2,1
marketer.money,10,0,1,1
marketingmagnitude.com,10,0,1,1
marketingrelacji.com,10,0,1,1
marketwpthemes.com,10,0,6,1
maroquineriejourdan.be,10,0,1,1
martinhill.cz,10,0,1,1
masrur360.com,10,0,2,1
matthewpi.com,10,0,2,1
mcmahenvethospital.com,10,0,2,1
mediendesign-quer.com,10,0,5,1
medienvirus.de,10,0,1,1
medmobilityhomecare.com,10,0,2,1
merrymakery.com,10,0,1,1
meydeey.com,10,0,1,1
mijnweb.site,10,0,1,1
misplacas.es,10,0,3,1
misterdigital.es,10,0,1,1
mkcagency.com,10,0,2,1
mkimmobilien-owl.de,10,0,1,1
mmdesignweb.com,10,0,18,1
modernostrategies.com,10,0,4,1
mojamiska.pl,10,0,3,1
molham.me,10,0,1,1
morenogranite.com,10,0,6,1
morinmedia.ca,10,0,3,1
moteratera.hatenablog.jp,10,0,1,1
mrprint.com.hk,10,0,8,1
mukubeni.com,10,0,1,1
museologi.st,10,0,1,1
mwacademy.it,10,0,1,1
mycroband-plagio.fr,10,0,2,1
myfirstwebsite.com,10,0,1,1
myhalcyonfitness.com,10,0,2,1
myislanddesigns.com,10,0,7,1
nadertricks.com,10,0,1,1
nakibvps.com,10,0,2,1
naqrah.net,10,0,1,1
nations.fr,10,0,1,1
natomadaproducoes.com.br,10,0,1,1
naturalistboudoircabins.com,10,0,12,1
naukrivibhag.com,10,0,1,1
neomarkdigitalsolutions.com,10,0,4,1
nesvian.com,10,0,17,1
net-chimp.co.uk,10,0,3,1
netcomsn.com,10,0,1,1
netgaz.com.tr,10,0,2,1
networker.tw,10,0,148,1
neurologin-hess.at,10,0,1,1
new345.altervista.org,10,0,1,1
newimagegeorgia.com,10,0,6,1
newlifeofasheville.com,10,0,4,1
ngcolor.gr,10,0,24,1
nicherecruitment.co.uk,10,0,1,1
nicolecw.com,10,0,1,1
nikolaj-sarry.info,10,0,2,1
nocodewebsitebuilder.com,10,0,1,1
nogadata.nl,10,0,1,1
noroff.dev,10,0,6,1
northernlifttrucks.co.uk,10,0,6,1
novuswindows.ie,10,0,3,1
nswrlra.com,10,0,4,1
nuding-net.de,10,0,49,1
ocimagine.com,10,0,1,1
odwebdesign.net,10,0,10,1
onairium.com,10,0,2,1
oncalldentalfresno.com,10,0,6,1
onducart.es,10,0,12,1
onepercentseo.com,10,0,1,1
onepod.de,10,0,1,1
onlinevallalkozz.hu,10,0,1,1
onschoolbootcamp.edu.vn,10,0,1,1
opti.marketing,10,0,2,1
ouis-guesthouse.com,10,0,1,1
ourblogpost.com,10,0,2,1
ozarkmountainair.com,10,0,6,1
pagespeedy.de,10,0,1,1
pakgovtnaukri.pk,10,0,1,1
parapmassage.com.au,10,0,1,1
parlonstheatre.fr,10,0,3,1
pastel-software.work,10,0,1,1
pbxforums.com,10,0,1,1
pc-online.net,10,0,1,1
pcberza.rs,10,0,3,1
peakimpact.pro,10,0,1,1
pearmantrainnovations.co.uk,10,0,10,1
petlandfortwalton.com,10,0,6,1
petlandhilliard.com,10,0,2,1
phptutorialpoints.in,10,0,2,1
pipezonewholesale.com,10,0,3,1
pipi-stop.ch,10,0,2,1
pitchdeck.my,10,0,1,1
pixelatumente.com,10,0,1,1
planet-photography.com,10,0,8,1
planete-cartables.net,10,0,15,1
play-re-play.com,10,0,8,1
plugins.com.vn,10,0,5,1
plumbingsacramento.com,10,0,2,1
podcast24.mx,10,0,1,1
polecanehostingi.pl,10,0,3,1
polyurethanesnowplowblades.com,10,0,6,1
pongauer-jagdstube.at,10,0,1,1
portaldohost.com.br,10,0,1,1
portlandpeakseo.com,10,0,1,1
prabhakarkafle.com.np,10,0,1,1
pressbard.com,10,0,1,1
prevycontrol.com,10,0,95,1
pricing.one,10,0,2,1
primawomenshealth.com,10,0,1,1
promonix.com,10,0,18,1
propartricambi.com,10,0,10,1
prospectsolutions.ca,10,0,7,1
prouaekspert.ee,10,0,1,1
prowoodfinishes.com,10,0,2,1
pubmag.ru,10,0,1,1
puregolddental.com,10,0,6,1
pythonthree.com,10,0,36,1
qadrlabs.com,10,0,2,1
qipido.com,10,0,1,1
queenstownroad.com,10,0,1,1
quick-cart.net,10,0,3,1
quilthavenonmain.com,10,0,6,1
quincreativ.com,10,0,2,1
ramikar.com,10,0,1,1
rank365.de,10,0,1,1
rankiing.net,10,0,2,1
rasonix.com,10,0,1,1
readysetrunpoconos.com,10,0,66,1
realresultsmarketing.com,10,0,2,1
reconnectmanager.com,10,0,1,1
reductioncodepromo.fr,10,0,1,1
regulatortorchrepair.com,10,0,36,1
remotework.fyi,10,0,12,1
repairbull.com.au,10,0,6,1
reputationbydesign.com,10,0,3,1
restaurant-malerhaus.de,10,0,1,1
rhquivousveutdubien.com,10,0,1,1
riccir.altervista.org,10,0,4,1
riz.codes,10,0,1,1
rmdplay.nl,10,0,8,1
robbinslaw.com,10,0,2,1
robert.coffee,10,0,1,1
robrota.com,10,0,8,1
rocketthruster.com,10,0,1,1
rockmyresume.com,10,0,1,1
rockyviewdental.ca,10,0,6,1
rohundblutig.com,10,0,2,1
roni.hr,10,0,2,1
rooshvforum.network,10,0,1,1
roppongicesena.com,10,0,1,1
rosecityyachtclub.org,10,0,6,1
rosswaste.com,10,0,2,1
royeyal.com,10,0,1,1
rulemecenter.com,10,0,3,1
runforefoot.com,10,0,2,1
ryanhalbertofficial.com,10,0,1,1
safeprosafety.com,10,0,6,1
saizul.com,10,0,1,1
sakoudar.com,10,0,2,1
salomonacuna.com,10,0,2,1
samjufs.com,10,0,4,1
sanitarysolutions.com,10,0,3,1
santiagoapartments.cl,10,0,3,1
satoriku.com,10,0,1,1
savemaxx.ca,10,0,4,1
savingrite.com,10,0,1,1
savvytree.in,10,0,1,1
sbookscan.com,10,0,2,1
schlenter-simon.de,10,0,3,1
scoutify.com,10,0,1,1
scriptcerto.com.br,10,0,1,1
secretsofthepros.com,10,0,6,1
securityzone.vn,10,0,2,1
seedcase-project.org,10,0,4,1
seguridadenwordpress.com,10,0,36,1
selftawt.com,10,0,1,1
sell.io,10,0,3,1
semprewithlove.pl,10,0,2,1
seo.lv,10,0,1,1
seoads.ro,10,0,149,1
seolinkworld.com,10,0,3,1
seomaniak.ma,10,0,1,1
seorealestatewagon.com,10,0,5,1
sewingmachineworld.co.uk,10,0,2,1
sg-branding.com,10,0,1,1
shaiksaif.com,10,0,7,1
shakethatweight.com,10,0,1,1
sheerworkplacetraining.com.au,10,0,1,1
sheinkopmd.com,10,0,15,1
shinshin86.hateblo.jp,10,0,2,1
shipyardsupplyinc.com,10,0,6,1
shishabarslokal.com,10,0,4,1
sidhujetha.wordpress.com,10,0,6,1
signal-alpha.fr,10,0,1,1
simongondeck.com,10,0,5,1
simplysaru.com,10,0,2,1
sisgroup.lk,10,0,1,1
sistemas4s.com,10,0,1,1
sitegenius.in,10,0,1,1
sitespeedbot.com,10,0,1,1
sitestud.io,10,0,1,1
sitezinc.com,10,0,1,1
sizechartly.com,10,0,1,1
skyblueindia.com,10,0,6,1
skyetec.com,10,0,66,1
skyinclude.com,10,0,8,1
slicemypage.com,10,0,2,1
smart-iot.info,10,0,3,1
smartfreehosting.com,10,0,2,1
smartzeno.com,10,0,56,1
socialstar.com.br,10,0,1,1
soff.uz,10,0,1,1
softiblog.com,10,0,2,1
softwarehope.com,10,0,14,1
solutionsautogroup.com,10,0,2,1
soundx.co.nz,10,0,2,1
southafrica1seo.co.za,10,0,1,1
southcoastholidayaccommodation.com.au,10,0,2,1
southfamilydental.com,10,0,6,1
spartanindustrial.com,10,0,8,1
spiga.mx,10,0,4,1
squaredunion.com,10,0,1,1
stack-snacks.com,10,0,1,1
startumproject.com,10,0,2,1
startupmontereybay.com,10,0,54,1
staymeonline.com,10,0,3,1
stefaniemotiwal.de,10,0,1,1
stockholmmediafactory.se,10,0,1,1
storytellingmitdaten.com,10,0,1,1
strategiecreative.it,10,0,1,1
stratoweb.net,10,0,1,1
supawrite.com,10,0,4,1
suptribune.org,10,0,64,1
swellpulse.ai,10,0,1,1
taffercomputers.com,10,0,2,1
taherabdelhameed.com,10,0,1,1
targetlearning.com.au,10,0,2,1
taupecatstudios.com,10,0,1,1
techchilli.com,10,0,1,1
techleads.fyi,10,0,15,1
technicalistechnical.com,10,0,1,1
techno-ad.de,10,0,18,1
technolog.jp,10,0,1,1
techontheedge.com,10,0,12,1
techshop.tn,10,0,1,1
techtutorial.in,10,0,20,1
techyrick.com,10,0,1,1
tek2tech.com,10,0,1,1
teknikhajen.se,10,0,2,1
tenacityworks.com,10,0,2,1
testedeperformance.com,10,0,1,1
tgrip.com,10,0,72,1
thailand-247.com,10,0,59,1
thaitopseo.co.th,10,0,4,1
that.ee,10,0,6,1
thebalticinn.co.uk,10,0,1,1
thebloomproject.co.uk,10,0,2,1
thecodingbus.info,10,0,587,1
thediamondchannel.co.za,10,0,2,1
themosaurus.com,10,0,6,1
theoswalfurniture.com,10,0,2,1
thepipemedic.com,10,0,6,1
thetweedweasel.com,10,0,2,1
thewebtier.com,10,0,8,1
thewhiteowlventures.com,10,0,1,1
thongtinhocsinh.com,10,0,6,1
thrivebiz.de,10,0,1,1
tidyhosts.com,10,0,1,1
tm-savez.hr,10,0,1,1
tm1.dk,10,0,16,1
tobiasgabel.com,10,0,2,1
tociny.ai,10,0,1,1
tomherudek.com,10,0,1,1
tomorrowwebdesign.com,10,0,1,1
toomanymessages.com,10,0,1,1
topicmd.com,10,0,1,1
topresultsconsulting.com,10,0,2,1
torepapa.com,10,0,1,1
towardsbusiness.com,10,0,1,1
trabolda25.com,10,0,2,1
trapay.net,10,0,12,1
travelblondie.nl,10,0,7,1
trd-pressedienst.com,10,0,1,1
trendswithfriends.com,10,0,6,1
trforge.net,10,0,11,1
triggergrowth.com,10,0,4,1
triplejonline.nl,10,0,4,1
truehost.co.uk,10,0,2,1
truonghao.com,10,0,3,1
trutzbox.de,10,0,1,1
tryremote.com,10,0,3,1
tutositeweb.fr,10,0,3,1
tuurbo.ai,10,0,2,1
twofloor.studio,10,0,2,1
tyokaluvertailu.fi,10,0,8,1
type00k.com,10,0,1,1
u3aboxhill.com.au,10,0,3,1
ukcoldroomspares.co.uk,10,0,2,1
umtravesseiroparadois.com.br,10,0,2,1
uniquez.co,10,0,6,1
unsitoweb.it,10,0,11,1
utsubiology.com,10,0,1,1
vacuumtrucks.com.au,10,0,6,1
vaktin.is,10,0,3,1
vartan.gr,10,0,6,1
vebnox.com,10,0,1,1
vellut.com,10,0,2,1
verex-tactical.com,10,0,1,1
vergemarketing.agency,10,0,1,1
vermuteros.com,10,0,20,1
vertegrande.com,10,0,1,1
vertere-gs.com,10,0,6,1
vgskole.no,10,0,4,1
vickiebananas.com,10,0,1,1
vincent-vanneste.fr,10,0,2,1
virtual-office.jp,10,0,1,1
visaipaprasta.lt,10,0,2,1
visionbrief.com,10,0,1,1
vk123.me,10,0,1,1
voidsolutions.net,10,0,1,1
voozaa.app,10,0,4,1
votocatolico.org,10,0,30,1
vpszhijia.com,10,0,3,1
walkerdentalks.com,10,0,6,1
wapoid.de,10,0,1,1
watchthedot.com,10,0,1,1
wbsofts.com,10,0,1,1
we-work-remotely-staging.herokuapp.com,10,0,6,1
we.fit,10,0,2,1
wearecharette.com,10,0,1,1
wearenachos.com,10,0,2,1
web2media.sk,10,0,5,1
webaidin.com,10,0,1,1
webbuildingfirm.com,10,0,2,1
webcbz.com,10,0,1,1
webdesignsurrey.net,10,0,1,1
webkonsepter.no,10,0,15,1
weblean.fr,10,0,2,1
webman.se,10,0,939,1
webrecourse.com,10,0,1,1
websinsights.com,10,0,1,1
websitebuilder.com.tw,10,0,11,1
websitedesign.digital,10,0,3,1
websitegecko.com,10,0,1,1
webvitality.net,10,0,1,1
wecoprod.com,10,0,2,1
wepropagate.co,10,0,1,1
wheelerdigital.com,10,0,1,1
wherewelearn.com,10,0,1,1
whymatematica.com,10,0,25,1
wieczorek.com.br,10,0,5,1
wiegrefe.com,10,0,1,1
willwissen.net,10,0,1,1
witstechnologies.co.ke,10,0,2,1
wmmueller.com,10,0,6,1
wol.ro,10,0,4,1
woocamp.com,10,0,1,1
woocommercify.com,10,0,12,1
workfish.co.uk,10,0,1,1
wp-detector.com,10,0,1,1
wpacademy.pk,10,0,2,1
wploanmortgage.com,10,0,3,1
wpowered.com,10,0,148,1
wproom.de,10,0,1,1
wpventure.com,10,0,1,1
wundef.com,10,0,1,1
xnbeast.com,10,0,4,1
xpressstoresv.com,10,0,3,1
yodel.ir,10,0,1,1
yoshidaami.com,10,0,1,1
youritpodcasts.com,10,0,4,1
yuenfong5413.com,10,0,2,1
zenhosting.tn,10,0,1,1
zensearch.jobs,10,0,1,1
zerodelta.it,10,0,1,1
zexussolution.com,10,0,1,1
zhangwenbao.com,10,0,1,1
zoomonpictures.it,10,0,1,1
zumomarketing.com,10,0,1,1
028.co.jp,9,0,1,1
0forest.com,9,0,1,1
1001cuponesdedescuento.com.ar,9,0,10,1
16deza.com,9,0,1,1
1hr.website,9,0,2,1
21cto.com,9,0,4,1
21douze.fr,9,0,6,1
24hlive.it,9,0,1,1
36pixels.fr,9,0,1,1
6onadams.co.nz,9,0,1,1
9999k.com.tw,9,0,6,1
a10associates.com,9,0,2,1
aandrpartytentrentals.com,9,0,6,1
aaronwinston.com,9,0,1,1
absbs.org,9,0,8,1
absolutedigital.sg,9,0,1,1
abundantreturns.com,9,0,24,1
accountingwebsites.org,9,0,4,1
ace789.net,9,0,1,1
activatesecurity.com,9,0,34,1
addicted2.ro,9,0,1,1
adnetsreview.com,9,0,2,1
adsenseturkiye.com.tr,9,0,1,1
adventureswithjane.com,9,0,1,1
affiliatebro.io,9,0,1,1
affililist.com,9,0,2,1
afridirentacar.com.pk,9,0,2,1
afstjude.org,9,0,2,1
agence-beendiz.com,9,0,1,1
agenciawebsites.com,9,0,1,1
agentur-braun.de,9,0,1,1
agentur-wortlust.de,9,0,1,1
agroleon.com.ar,9,0,2,1
ahlamseo.com,9,0,1,1
aiahura.com,9,0,1,1
aire-medicalspa.com,9,0,18,1
aishuafei.com,9,0,2,1
aitor-medrano.github.io,9,0,3,1
ajshoes.se,9,0,1,1
akselera.tech,9,0,1,1
al-khwarizmi.com,9,0,1,1
alexandre-oliveira.com,9,0,1,1
allriteindustries.com,9,0,6,1
allsortswebdesigners.co.za,9,0,1,1
alltechabout.com,9,0,3,1
alluresalonprofessionals.com,9,0,6,1
almondtreervpark.com,9,0,3,1
altdatum.com,9,0,2,1
alvaradourology.com,9,0,3,1
amarload.com,9,0,1,1
amconslt.fr,9,0,1,1
andrassyekszer.hu,9,0,2,1
aniworld.ae,9,0,4,1
answermidwest.com,9,0,1,1
antlia.com.br,9,0,4,1
anveloper.com,9,0,2,1
apexdigital.com.au,9,0,1,1
apoliticus.com,9,0,1,1
arrobo.ec,9,0,26,1
art-school.ch,9,0,1,1
art-zen.fr,9,0,6,1
arteanalytics.com,9,0,2,1
articlebase.pk,9,0,6,1
aruyo.biz,9,0,1,1
ashokhall.com,9,0,17,1
asseptgel.com.br,9,0,1,1
astucessystemeio.com,9,0,3,1
atintermodal.com,9,0,6,1
atlaswebdesign.co.uk,9,0,1,1
atptextures.com,9,0,1,1
atypiclab.fr,9,0,1,1
audiologist.or.kr,9,0,18,1
audreynoakes.com,9,0,5,1
aurago.com.br,9,0,5,1
aus.fashion,9,0,3,1
avaly.io,9,0,5,1
avposgradounap.edu.pe,9,0,109,1
azcheck.de,9,0,2,1
azumivillahoian.com,9,0,1,1
backdigit.com,9,0,1,1
bahiyat.com,9,0,1,1
balero.us,9,0,3,1
banginatthebarn.com,9,0,2,1
baptistelhopitault.fr,9,0,1,1
bayareadentalspecialists.com,9,0,9,1
baysidevetcare.com,9,0,6,1
bcmc.no,9,0,1,1
bditcenter.com,9,0,4,1
beatstore.co,9,0,1,1
beckgold.com,9,0,2,1
bedrossianeyesmd.com,9,0,3,1
bekutoru.com,9,0,1,1
benwhistlerblue.com,9,0,2,1
berliner-rugby-club.de,9,0,4,1
beryldlg.com,9,0,1,1
bestatos.com,9,0,1,1
bestdentalnj.com,9,0,3,1
bestseocompanyadelaide.com.au,9,0,1,1
bh1promotions.co.uk,9,0,2,1
bigdaddysmokehouse.com,9,0,2,1
birchwoodrehabilitation.com,9,0,3,1
biteno.de,9,0,4,1
bitsi.in,9,0,1,1
bizedge.com.sg,9,0,1,1
biznisklub.rs,9,0,1,1
bizsquare.com.sg,9,0,1,1
blinkvitals.com,9,0,1,1
bloggingrocket.net,9,0,1,1
blucactus.it,9,0,7,1
blucactus.nl,9,0,1,1
bluemarketpro.com,9,0,1,1
bodegacasapina.com,9,0,1,1
bonaventuradibello.it,9,0,4,1
bonneville.nom.fr,9,0,4,1
boochi-engineer.net,9,0,1,1
boucherievitamines.com,9,0,3,1
bowmanheatingandair.com,9,0,6,1
bpcustomdev.com,9,0,14,1
bracesbyberry.com,9,0,2,1
brandtech.pe,9,0,4,1
brantford.city,9,0,1,1
brendanbeeken.com,9,0,7,1
brooklynseo.net,9,0,1,1
brookvilleanimalhospital.com,9,0,2,1
brown-watch.com,9,0,4,1
brushycreeksires.com,9,0,6,1
brwealthmgmt.com,9,0,6,1
bsmlegalmarketing.com,9,0,1,1
btool.cn,9,0,2,1
buho.la,9,0,2,1
buyflypages.com,9,0,1,1
cal-surety.com,9,0,8,1
caozhongzhifoundation.org,9,0,4,1
caremybusiness.com,9,0,1,1
carlsonwebdesign.com,9,0,1,1
casadoelementor.com.br,9,0,4,1
catalystweb.io,9,0,1,1
cawdvt.org,9,0,3,1
cdrfree.com,9,0,1,1
chambredesnotairesdelouest.fr,9,0,1,1
chamekichi.hatenadiary.jp,9,0,1,1
championsgaterealestate.com,9,0,32,1
channelbooster.de,9,0,2,1
checkdiedeal.nl,9,0,7,1
chepplier.com.br,9,0,2,1
chiilabo.jp,9,0,6,1
circlebbtrailers.com,9,0,2,1
clarksbarandrestaurant.com,9,0,12,1
classicseo.com,9,0,1,1
clementemoraleda.com,9,0,7,1
clickglobal.com.ar,9,0,3,1
club-hd.com,9,0,3,1
cmasd.co,9,0,1,1
coachingcrescance.com,9,0,1,1
coastalent.net,9,0,3,1
codebuddy.in,9,0,2,1
codigofacil.com.br,9,0,1,1
codingindia.co.in,9,0,2,1
collapse.cat,9,0,12,1
completewebgraphics.com,9,0,1,1
complexcasadevis.ro,9,0,1,1
comproautotuttelemarche.com,9,0,104,1
comunicareoggi.net,9,0,1,1
comunita.no,9,0,2,1
conectesite.com.br,9,0,1,1
connecticutmold.com,9,0,18,1
consultingpb.com,9,0,1,1
contractormarketingnetwork.com,9,0,1,1
converged.com,9,0,3,1
coordination-eau.fr,9,0,5,1
coplaco.com,9,0,1,1
corelap.be,9,0,6,1
corewavelabs.com,9,0,4,1
couponbunch.com,9,0,3,1
creativesparksolutions.com,9,0,1,1
creatorsnetwork.co,9,0,1,1
crifan.org,9,0,2,1
crispycoaching.de,9,0,1,1
crosemont.quebec,9,0,11,1
crosswayfoxvalley.com,9,0,6,1
cubeshopcr.com,9,0,8,1
curriculumprofessionale.com,9,0,1,1
customwebaudits.com,9,0,8,1
cvh.gov.np,9,0,40,1
cyberdjinn.co,9,0,1,1
cyberphinix.de,9,0,1,1
cyclehackers.com,9,0,2,1
cydeo.de,9,0,1,1
cydeztechnologies.com,9,0,2,1
dailygear.com,9,0,6,1
dandssecurity.net,9,0,3,1
danielnugroho.com,9,0,60,1
data-player.com,9,0,4,1
data00.co.kr,9,0,1,1
deboraboccia.it,9,0,10,1
deep-space.blue,9,0,1,1
def.co.th,9,0,2,1
defendaseudinheiro.com.br,9,0,2,1
deluxebeautylab.net.au,9,0,4,1
dengue.gov.bd,9,0,163,1
deniz.pk,9,0,17,1
denkforum.at,9,0,1,1
denna.se,9,0,3,1
denverwebdesignservices.com,9,0,14,1
depoldersjamaan.nl,9,0,1,1
derfabian.at,9,0,1,1
deutinger.com,9,0,1,1
dfgames.com.br,9,0,6,1
dhplumbing.com,9,0,6,1
diegocarrasco.com,9,0,2,1
digipop.co.jp,9,0,1,1
digirepo.in,9,0,1,1
digirestro.ai,9,0,1,1
digitalmarketing24.gr,9,0,1,1
digitalspace.net.co,9,0,3,1
digitalthriveai.com,9,0,2352,1
digoice.com,9,0,1,1
dikta.com.br,9,0,1,1
dlinxoutreach.com,9,0,2,1
dltech.forum,9,0,20,1
dmthought.com,9,0,1,1
dnbolt.com,9,0,18,1
dnscheck.pro,9,0,1,1
dnsdizhi.com,9,0,17,1
dralysstore.com,9,0,2,1
drberger.com,9,0,6,1
dreamabstract.com,9,0,2,1
dreamfoxdesign.com,9,0,5,1
drflourishing.hatenablog.com,9,0,1,1
drnimagens.com.br,9,0,1,1
drupalcms-lab.com,9,0,1,1
dryamroka.com,9,0,1,1
dsministries.com,9,0,2,1
duguesclin.notaires.fr,9,0,2,1
dunyafoundation.org.pk,9,0,6,1
dynagrace.com,9,0,6,1
dynastypharmacy.ca,9,0,25,1
e-commerceplanners.com,9,0,4,1
easyhaitun.com,9,0,1,1
eccoweb.it,9,0,1,1
echosdelaterre.earth,9,0,1,1
el3.no,9,0,2,1
elathar.com,9,0,1,1
elementorfa.ir,9,0,1,1
elitestaffingagency.co,9,0,1,1
elixircl.github.io,9,0,1,1
elixistechnology.com,9,0,4,1
em-ward.com,9,0,1,1
emanuelaibisco.it,9,0,5,1
emid.xyz,9,0,12,1
emploi-tunisie-travail.com,9,0,1,1
engigogo.com,9,0,1,1
entaleq-online.com,9,0,1,1
erafreelance.com,9,0,2,1
ercule.com,9,0,2,1
escondidotreeservice.net,9,0,1,1
esidehustles.com,9,0,1,1
espinosa-oviedo.com,9,0,1,1
eumro.co.uk,9,0,3,1
euracare.com.gh,9,0,3,1
evjaj.com,9,0,1,1
evodigital.se,9,0,1,1
exclusiveshortstays.co.uk,9,0,2,1
executrain-qro.com,9,0,1,1
expertowordpress.org,9,0,4,1
ez2.shop,9,0,1,1
farin.academy,9,0,1,1
fastgrow.pl,9,0,1,1
fazerparaaprender.am.gov.br,9,0,10,1
fbin.in,9,0,1,1
felipebelloni.com.br,9,0,2,1
fernandomartinez.mx,9,0,1,1
ferreteradelnorte.com.ar,9,0,1,1
festensjovere.dk,9,0,1158,1
fgroupindonesia.com,9,0,3,1
findalternatives.net,9,0,1,1
findfahim.com,9,0,1,1
findmyshift.it,9,0,1,1
findsaastools.com,9,0,1,1
finos.it,9,0,1,1
fintech.studio,9,0,1,1
fireflydigitalexpertise.com,9,0,12,1
firmenliste.info,9,0,1,1
firmforward.com,9,0,48,1
fixusjobs.com,9,0,85,1
flexsolutions.co.in,9,0,1,1
floorcare-usa.com,9,0,4,1
floridaprostate.com,9,0,6,1
frankandpollykids.ie,9,0,3,1
freefordevs.com,9,0,18,1
freespiritmi.com,9,0,6,1
fullclasificados.ec,9,0,1,1
fullydigital.it,9,0,1,1
furia.fi,9,0,1,1
furkansaglam.com,9,0,37,1
fusui-ldl.com,9,0,1,1
futuraoslo.no,9,0,3,1
fynd.bot,9,0,2,1
gagan93.me,9,0,1,1
gajed.com,9,0,4,1
garigaricode.com,9,0,2,1
gatooscuro.xyz,9,0,1,1
gazizoff.com,9,0,2,1
gbefunwa.com,9,0,1,1
gebruiksaanwijzingsite.nl,9,0,25,1
geekextremeusa.weebly.com,9,0,2,1
geeks-board.com,9,0,1,1
geeksterdigital.com,9,0,1,1
gehirnfasching.com,9,0,1,1
genevalakesanimalhospital.com,9,0,6,1
gestionenti.com,9,0,1,1
getprospectx.com,9,0,4,1
getyoursponsor.com,9,0,1,1
gforces.in,9,0,3,1
giorgioporcelli.it,9,0,2,1
giquello.fr,9,0,4,1
globalbusinessline.com,9,0,1,1
gm7.org,9,0,1,1
goldcoastssecurityscreens.com.au,9,0,3,1
golivedesign.com,9,0,1,1
goose.studio,9,0,40,1
gosling.cpa,9,0,6,1
gplrock.com,9,0,1,1
gptjs409.github.io,9,0,1,1
grafoplast.com,9,0,6,1
graycode.ie,9,0,1,1
grischun.shop,9,0,2,1
groacademy.app,9,0,3,1
grodingebatklubb.se,9,0,2,1
gruyere-creation.ch,9,0,22,1
gsoparisien.news,9,0,1,1
haarundmehr.com,9,0,2,1
hammerseo.de,9,0,1,1
hanemedi.co.kr,9,0,1,1
harshilbarot.com,9,0,14,1
hartfordwebdesign.com,9,0,1,1
hartiganoutdoors.com,9,0,2,1
healthcaretraining.com.cy,9,0,6,1
heyremote.io,9,0,4,1
heysales.ai,9,0,1,1
hiddenhat.press,9,0,1,1
hielosdelsur.cl,9,0,1,1
hireindianprogrammers.com,9,0,21,1
hm-fleur.co.jp,9,0,4,1
homesteadpi.com,9,0,2,1
honlapmagus.hu,9,0,1,1
hoshihara.co.jp,9,0,1,1
hospedagensdesite.com.br,9,0,1,1
hostandprotect.com,9,0,1,1
hostcopon.com,9,0,1,1
hostinga1.com,9,0,31,1
hostingguider.com,9,0,8,1
hostphobia.com,9,0,2,1
hostswp.com,9,0,11,1
hotel-plantades.com,9,0,2,1
howtojoinaffiliateprograms.com,9,0,2,1
hubertheitmann.de,9,0,2,1
humanizartexto.ai,9,0,1,1
humanrights.scot,9,0,26,1
iaagro.gr,9,0,5,1
ibergallartu.pro,9,0,1,1
ibrahimsharif.com,9,0,3,1
iconicbrows.it,9,0,47,1
iconicweb.co.uk,9,0,4,1
ictgo.vn,9,0,12,1
icylv5.azurewebsites.net,9,0,5,1
ideiasblah.com.br,9,0,1,1
ifago.nl,9,0,9,1
iine.biz,9,0,1,1
ilovepets.com,9,0,3,1
imdesigner.com.vn,9,0,2,1
impressionsdgtl.com,9,0,1,1
independent-yacht-charter.com,9,0,2,1
inetservices.com,9,0,2,1
infamestudio.com,9,0,3,1
infinitebebidas.com.br,9,0,2,1
info-heaven.ro,9,0,12,1
infusai.com,9,0,1,1
inkable.com.au,9,0,1,1
inkandolivemedia.com,9,0,1,1
inmycab.com,9,0,1,1
innotcs.org,9,0,12,1
innovationv.com,9,0,4,1
inspirewebsitedesign.com,9,0,2,1
internovations.com,9,0,2,1
intus.com.mx,9,0,1,1
iporto.com.br,9,0,1,1
iqmore.net,9,0,1,1
irisel.com,9,0,1,1
isilife.se,9,0,2,1
islandhomes.com,9,0,2,1
it-recruiting.ru,9,0,2,1
itnull.me,9,0,12,1
itzinya.org,9,0,6,1
jadsonempreendedor.com,9,0,1,1
jandpr.com,9,0,1,1
japprendslabi.fr,9,0,1,1
jayforde.com,9,0,1,1
jcpc.cc,9,0,1,1
jeeltechsoft.com,9,0,2,1
jinversor.co,9,0,1,1
jinyisland.kr,9,0,1,1
jitantech.com,9,0,2,1
jlmusic.tw,9,0,2,1
jobsland.co.uk,9,0,1,1
joinhorizons.cn,9,0,2,1
jonathanbjorkskog.se,9,0,1,1
josephashley0.weebly.com,9,0,44,1
jpc.tw,9,0,22,1
jug-zueri.ch,9,0,1,1
juliencrego.com,9,0,1,1
junhoyeo.github.io,9,0,1,1
jvcodes.com,9,0,2,1
jwell.boutique,9,0,4,1
jwwd.com.au,9,0,39,1
k5963k.hateblo.jp,9,0,6,1
kaceli.com,9,0,1,1
kallenmedia.com,9,0,9,1
katibatec.com,9,0,2,1
kazisa.com,9,0,1,1
kef-law.com,9,0,1,1
keiru.net,9,0,1,1
kenmei.app,9,0,1,1
kennedyviagens.com.br,9,0,1,1
key4web.it,9,0,2,1
kffca.com,9,0,1,1
khanefootball.com,9,0,1,1
kine-sante-sport.com,9,0,1,1
kkict.net,9,0,1,1
klovnin.net,9,0,1,1
kochise.com.es,9,0,1,1
koimaasenwaal.nl,9,0,5,1
komaricote.com,9,0,1,1
koreauniversityjobs.com,9,0,4,1
koureas.com,9,0,2,1
kreatives-webdesign.de,9,0,1,1
kreuzberg-rhoen.org,9,0,2,1
kubele.lv,9,0,12,1
kudoshu07.com,9,0,2,1
kujioblog.com,9,0,1,1
kurafuto.org,9,0,1,1
laayudadigital.com,9,0,1,1
labdeslangues.fr,9,0,1,1
lamphills.com,9,0,6,1
landskill.com,9,0,1,1
lapuaweb.com,9,0,1,1
lawebdigital.com,9,0,1,1
le15rvh.fr,9,0,2,1
lescahiersdunumerique.fr,9,0,2,1
levelupdigitalmarketing.com,9,0,1,1
levtech.ro,9,0,4,1
libreriareginacoeli.com,9,0,2,1
lichtos.co.jp,9,0,1,1
lidweb.it,9,0,6,1
lihiswed.com,9,0,1,1
linesof.com,9,0,1,1
linkneverdie.top,9,0,2,1
livingworthyministries.com,9,0,6,1
lmscrafter.com,9,0,3,1
localhost-digital.com,9,0,2,1
loft75.de,9,0,1,1
logitools.pt,9,0,1,1
lookbackmargin.blog,9,0,6,1
lopegonzalez.es,9,0,1,1
lorenzos-welt.com,9,0,1,1
losclouds.com,9,0,4,1
losprobiert.de,9,0,2,1
louiesflyscreens.com.au,9,0,6,1
lpgenerator.com,9,0,1,1
lucarte.com,9,0,10,1
luckydrawlots.com,9,0,2,1
lumaimpianti.it,9,0,47,1
lungenpraxis-silbernagel.at,9,0,1,1
luubinhan.github.io,9,0,1,1
luxury-motors.ch,9,0,8,1
lyqauditores.com,9,0,4,1
lzwjava.github.io,9,0,3,1
madindeutschland.org,9,0,1,1
mainchan.com,9,0,59,1
maisonbreuer.fr,9,0,6,1
majama-agri.com,9,0,2,1
makemyday-group.com,9,0,1,1
makeorbuy.nl,9,0,6,1
mambamedia.com,9,0,1,1
managed-wp.com,9,0,12,1
managedit.sg,9,0,1,1
management-accounting.biz,9,0,5,1
maravento.com,9,0,2,1
marcokeller.ch,9,0,2,1
marcosruiz.github.io,9,0,2,1
marinanikoliconline.com,9,0,2,1
marketing-boss.com,9,0,1,1
marketingaskar.com,9,0,1,1
marketingblog.biz,9,0,13,1
marketingdept.nl,9,0,1,1
marketingessencial.com.br,9,0,2,1
massmedia.com.hk,9,0,1,1
masterrooter.co,9,0,9,1
maternallegends.com,9,0,6,1
mattbusiness.com,9,0,2,1
maurodefalco.it,9,0,1,1
maxderbanchi.com,9,0,10,1
mayaloka.com,9,0,1,1
mcdortho.com,9,0,24,1
md.lu,9,0,1,1
mediabureaumeer.nl,9,0,1,1
mediafeed.co,9,0,1,1
medicallyfab.com,9,0,6,1
meghanchristine.com,9,0,8,1
melleprise.de,9,0,1,1
memora.solutions,9,0,1,1
mercadodecontas.com.br,9,0,35,1
metal-unicorn.com,9,0,3,1
metmuller.nl,9,0,1,1
meyerdealers.com,9,0,1,1
michaelaplatte.de,9,0,1,1
michaelheinbockel.de,9,0,1,1
mickeyweb.info,9,0,1,1
mirija-weber.ch,9,0,1,1
mirsaaeid.com,9,0,1,1
mizfa.com,9,0,8,1
mjphd.net,9,0,2,1
mmio.in,9,0,1,1
modernways.be,9,0,8,1
modernwebseo.com,9,0,77,1
modrecinternational.com,9,0,22,1
mohr-moebeldesign.at,9,0,1,1
molo9.com,9,0,1,1
momofr.net,9,0,19,1
monacodesign.it,9,0,7,1
monkish.com.au,9,0,1,1
monofactry.com,9,0,1,1
monopole.com.mt,9,0,15,1
moraruvlad.com,9,0,1,1
motelestreladovale.com.br,9,0,1,1
motkaml.com,9,0,1,1
mountharmonyfarm.com,9,0,4,1
mpca.solutions,9,0,2,1
mrcoffice.com,9,0,3,1
multimosaics.com,9,0,2,1
mundodanet.info,9,0,2,1
musikschule-glinde.de,9,0,4,1
mybusinessed.com,9,0,2,1
myeventplanner.com.mt,9,0,2,1
mygeschenkgutscheine.at,9,0,12,1
mykii.blog,9,0,1,1
myseotool.net,9,0,1,1
myway-digital.com,9,0,2,1
n-ag.de,9,0,3,1
naaktob.com,9,0,1,1
nachbarveterinaryhospital.com,9,0,2,1
nasadrar.com,9,0,2,1
natebal.com,9,0,1,1
nazenazeblog.com,9,0,1,1
ncwf.io,9,0,1,1
negleunivers.dk,9,0,2,1
negociostart.com,9,0,1,1
nejtil5g.dk,9,0,1,1
neostratakliniken.se,9,0,3,1
neptun.it,9,0,2,1
netztitanen.de,9,0,1,1
newearthinstitute.love,9,0,1,1
newscast.com.ua,9,0,1,1
nicklosseatonmedia.com,9,0,2,1
nicolas-mauhin.fr,9,0,1,1
nikiclarkmarketing.com,9,0,1,1
niomsolutions.es,9,0,2,1
nischenpresse.de,9,0,1,1
nitropack.dev,9,0,4,1
nkracademy.com,9,0,1,1
nodepositbonus.codes,9,0,2,1
nontechwp.com,9,0,1,1
northernsteelvic.com.au,9,0,1,1
northnashvilleah.com,9,0,6,1
northstarconcrete.ca,9,0,3,1
noxinc.com.br,9,0,2,1
nrwebdesign.nl,9,0,1,1
nsworld.kr,9,0,4,1
ntcde.com,9,0,3,1
nutechdigital.com,9,0,3,1
oboqo.com,9,0,1,1
oc-web-design.com,9,0,8,1
ochgij.be,9,0,1,1
odysseyweb.idv.tw,9,0,4,1
ohiohomeservices.net,9,0,6,1
ohioserves.org,9,0,2,1
oldpipesurf.com,9,0,32,1
oleksy.it,9,0,2,1
oluboba.com,9,0,4,1
omargamboa.com,9,0,1,1
onpoint.to,9,0,2,1
openaitx.github.io,9,0,19,1
openhabforum.de,9,0,1,1
openport.net,9,0,1,1
oplus.beauty,9,0,1,1
optimumfitnessclub.com,9,0,12,1
orangogpl.com,9,0,5,1
oratert.am,9,0,4,1
organizeyouronlinebiz.com,9,0,1,1
orsgo.com,9,0,3,1
osg.kr,9,0,1,1
outdoorstype.com.au,9,0,1,1
overinsider.com,9,0,1,1
overthemooncreative.co,9,0,6,1
pablo.space,9,0,2,1
pablocabral.com.br,9,0,1,1
pads.team,9,0,24,1
paisebana.com,9,0,1,1
pandacodeur.com,9,0,1,1
panicend.com,9,0,6,1
paperballad.com,9,0,1,1
paulserban.eu,9,0,2,1
pearmc.net,9,0,2,1
penghuhola.com.tw,9,0,5,1
performlabs.dev,9,0,1,1
personablemedia.com,9,0,1,1
petrnosek.cz,9,0,4,1
pfpmarketing.com,9,0,1,1
phind.nl,9,0,1,1
phpcodewizard.it,9,0,3,1
picassosmile.com,9,0,7,1
pixeladas.es,9,0,2,1
pixelmediahn.com,9,0,3,1
pixllabs.io,9,0,1,1
plantelin.notaires.fr,9,0,1,1
planu.be,9,0,1,1
ploot.ai,9,0,2,1
plutonia-blog.de,9,0,5,1
pmoha.org,9,0,25,1
podcast24.nz,9,0,1,1
podcast365.pl,9,0,1,1
portfolio-pronto.com,9,0,2,1
portifolioos-prontos.com,9,0,2,1
powermymac.com,9,0,1,1
powerpayperhead.com,9,0,2,1
premierme.net,9,0,6,1
presidiopm.com,9,0,6,1
prgrsv.dev,9,0,5,1
produkton.hu,9,0,1,1
proit.ee,9,0,1,1
projekteur.fr,9,0,1,1
projektid.co,9,0,1,1
promotiger.ru,9,0,1,1
propulslead.com,9,0,22,1
proteggimi.com,9,0,2,1
przewodnikporodo.pl,9,0,1,1
pttdigits.com,9,0,3,1
puiki.lt,9,0,1,1
pumpability.com.au,9,0,12,1
puntossolgas.com,9,0,2,1
puruliachhau.com,9,0,2,1
pzgleaner.com,9,0,1,1
qianxiaoyi.ca,9,0,8,1
qsolit.com,9,0,1,1
rachelbird.com.au,9,0,12,1
racketagency.com.au,9,0,2,1
radialcode.com,9,0,1,1
ragstoniches.com,9,0,1,1
raiarabic.com,9,0,1,1
raidersaxe.com,9,0,6,1
rainmaker-digital.com,9,0,4,1
ranktopai.com,9,0,6,1
ratiochristi.ca,9,0,2,1
raul-profesor.github.io,9,0,3,1
ravedfabrics.com,9,0,2,1
ravulacharan.com,9,0,1,1
rawandpeace.com.au,9,0,6,1
rcmedia.it,9,0,4,1
readingallowedsundays.com,9,0,4,1
realestateguide.com,9,0,8,1
realizer.ai,9,0,1,1
rebrandagency.co,9,0,2,1
rediport.com,9,0,6,1
remotearmy.io,9,0,11,1
renewmedicalaestheticsma.com,9,0,3,1
repithwin.com,9,0,3,1
requirements.co.za,9,0,1,1
researchprojecttopics.com,9,0,20,1
resortonthebay.com,9,0,28,1
retakebr.com.br,9,0,1,1
rhythmincdancestudios.com,9,0,6,1
rohaartsfotografie.de,9,0,2,1
royalhound.com.au,9,0,8,1
ruggedphones.co.nz,9,0,1,1
runcomputerrun.com,9,0,1,1
rymbasket.cl,9,0,1,1
ryotatake.hatenablog.com,9,0,1,1
saasproductreviews.wordpress.com,9,0,6,1
sabaweb.it,9,0,3,1
sabroadband.co.za,9,0,1,1
salesera.net,9,0,1,1
sandgategardens.com,9,0,3,1
sanpablomia.com,9,0,6,1
sarvamedical.lk,9,0,2,1
schlang.de,9,0,1,1
seagyndavis.com,9,0,5,1
searchsavvy.in,9,0,1,1
seguridadinformatica.com.co,9,0,1,1
seism0saurus.de,9,0,1,1
selfmadeweb.it,9,0,25,1
sellerbites.com,9,0,2,1
seoblog.org.ua,9,0,4,1
seogliders.in,9,0,1,1
seography.io,9,0,2,1
seogrowthengine.com,9,0,1,1
seoysocialmedia.com,9,0,1,1
serveurdown.com,9,0,1,1
servicealert.ai,9,0,1,1
serviceform.es,9,0,1,1
seti.com.br,9,0,1,1
sg-notaires.fr,9,0,1,1
shahremohtava.com,9,0,1,1
sheetsmemorial.com,9,0,6,1
sheridaninteriors.ca,9,0,6,1
shirabentley.com,9,0,3,1
shironeko.hateblo.jp,9,0,1,1
shootaviation.co.uk,9,0,4,1
shopanju.com,9,0,4,1
shopdriversedge.com,9,0,15,1
shotbox.pk,9,0,120,1
shoutmehindi.com,9,0,1,1
shugomatsuzawa.com,9,0,1,1
sigmative.com,9,0,3,1
signaturesignsandawards.com,9,0,6,1
simitech.in,9,0,1,1
sintonia-social.com,9,0,1,1
smithvillecanrc.ca,9,0,4,1
sndigitalhub.in,9,0,2,1
snefokk.com,9,0,2,1
socialbaddie.com,9,0,3,1
soft8ware.com,9,0,1,1
softoasis.net,9,0,5,1
solutionsalternatives.org,9,0,20,1
sostracteur.fr,9,0,1,1
sotaydoanhtri.com,9,0,1,1
southtown.org,9,0,1,1
spacelama.com,9,0,2,1
speedpriming.de,9,0,2,1
sporthorses.fr,9,0,8,1
srnica.si,9,0,2,1
ssu.edu.in,9,0,38,1
st9ph.fr,9,0,1,1
stainlesssteelbenchesmelbourne.com.au,9,0,3,1
stallopformulas.com,9,0,2,1
standardthemes.de,9,0,1,1
startupwise.com,9,0,1,1
stjosephchaldeanca.org,9,0,27,1
strateeg.ee,9,0,2,1
strategic-media-inc.com,9,0,3,1
stringtranslate.com,9,0,236,1
studioafproducoes.com.br,9,0,1,1
studioannajirina.nl,9,0,2,1
studyforus.com,9,0,2,1
studyinturkeye.com,9,0,1,1
stuudios.com,9,0,2,1
summerherb.co,9,0,2,1
sungjang.co.kr,9,0,5,1
sunlifetech.com,9,0,7,1
superbia.com.au,9,0,1,1
sushimidori.be,9,0,1,1
suzukablog.net,9,0,62,1
sweat-digital.com,9,0,2,1
swipenow.com,9,0,4,1
tabny.com,9,0,1,1
taboodigitalmarketing.com,9,0,1,1
taket.com.br,9,0,1,1
takhail.org,9,0,1,1
talentium.ph,9,0,2,1
tamnguyen.vn,9,0,1,1
tanoshiiotona.com,9,0,1,1
tapis-bouznah.fr,9,0,2,1
tarfandooni.com,9,0,1,1
tazimac.com,9,0,2,1
techitsolutions.ie,9,0,3,1
technodabbler.com,9,0,2,1
technopediasite.com,9,0,1,1
techtechmedia.com,9,0,1,1
tecnolitas.com,9,0,1,1
teeneeweb.com,9,0,2,1
teetaku.hu,9,0,2,1
teknocap.net,9,0,1,1
telosalpha.com,9,0,1,1
tenfoldconnectlive.com,9,0,3,1
teologia.plus,9,0,6,1
test-partner.nl,9,0,1,1
tg-vinaarks.com,9,0,1,1
thatmy.com,9,0,2,1
the-playbook.de,9,0,2,1
the-web-radar.com,9,0,1,1
the-world-of-ai.com,9,0,1,1
theblitz.club,9,0,5,1
thecodetime.com,9,0,1,1
theflylife.org,9,0,1,1
thefrontline.co.za,9,0,1,1
themauryasir.com,9,0,1,1
theoptimalplumber.com,9,0,5,1
thepolyblog.ca,9,0,1,1
thepracticeoftrust.com,9,0,1,1
thermomix-me.com,9,0,4,1
thesailmaster.si,9,0,4,1
thesupreetsinghshow.com,9,0,1,1
theyoungfirm.com,9,0,6,1
tictactoemarketing.com,9,0,1,1
tifoodservice.com,9,0,2,1
timogede.com,9,0,3,1
timtargett.com,9,0,1,1
timwir.de,9,0,1,1
tindercash.com,9,0,9,1
tobal.fr,9,0,1,1
tobati.fr,9,0,8,1
toimii.fi,9,0,1,1
tomleachroofing.net,9,0,12,1
tomoyan.net,9,0,1,1
tonersusa.com,9,0,10,1
toolswala.net,9,0,13,1
tooltrim.com,9,0,1,1
top-sponsoring-tunisie.com,9,0,1,1
topsite98.com,9,0,1,1
tosolini.info,9,0,1,1
traces.com,9,0,7,1
tradespeopleonline.com,9,0,1,1
traduccionesbogota.com,9,0,1,1
transmutableexplorations.com,9,0,3,1
treetrav.com,9,0,123,1
trendymommies.com,9,0,9,1
trickers.hk,9,0,8,1
trimbleexchange.com.au,9,0,3,1
trippy-sanfran.tistory.com,9,0,1,1
trreta.com,9,0,1,1
trynina.co,9,0,4,1
tttrails.com,9,0,6,1
turinigroup.com,9,0,30,1
turpoint.com,9,0,1,1
tutomena.com,9,0,1,1
tutostech.com,9,0,1,1
tw-buddha.net,9,0,1,1
twicethespice.com,9,0,132,1
twist-conseil.fr,9,0,1,1
uixa.agency,9,0,1,1
ultimatevisualcomposer.com,9,0,12,1
unicornllanidloes.co.uk,9,0,3,1
unityseo.co.uk,9,0,5,1
uniustec.com,9,0,37,1
updatednetworth.com,9,0,2,1
upscalepainting.com.au,9,0,2,1
utileapp.com,9,0,1,1
uuzi.net,9,0,2,1
uxweb.com.br,9,0,2,1
v-lab.one,9,0,31,1
v2websolutions.com,9,0,1,1
vacuumpumpoil.net,9,0,6,1
valonconsultinggroup.com,9,0,3,1
vdp-blanc-nez.com,9,0,2,1
vergaracarmona.es,9,0,110,1
veryleaks.is,9,0,3,1
viadigital.es,9,0,1,1
videoanimate.it,9,0,10,1
vietmis.com,9,0,29,1
vincoding.com,9,0,2,1
virginiacitizensarmory.com,9,0,2,1
vitarex.hu,9,0,4,1
voicesacademy.com,9,0,5,1
vornixhost.com,9,0,1,1
vprozone.in,9,0,1,1
vpuhlukhiv.com.ua,9,0,1,1
vserveecommerce.com,9,0,1,1
vvedrada.gov.ua,9,0,178,1
w-wie-wein.de,9,0,4,1
waggnpurrretreat.com,9,0,12,1
waimaomike.com,9,0,1,1
wayik.com,9,0,101,1
web-business-academy.com,9,0,2,1
web-napoli.it,9,0,1,1
web-studio-creation.fr,9,0,2,1
web3ogren.com,9,0,3,1
webagentur-friedrich.de,9,0,2,1
webdigital.info,9,0,1,1
webesia.com,9,0,2,1
webhostingpodcast.com,9,0,1,1
webion.gr,9,0,4,1
webjame.com,9,0,1,1
webkeurig.nl,9,0,2,1
weblog-deluxe.de,9,0,1,1
webmaster-aquitaine.fr,9,0,2,1
webpro.pk,9,0,2,1
website-malware-removal.com,9,0,1,1
websitecuatui.net,9,0,1,1
websitedesign.com.tr,9,0,1,1
webxcite.net,9,0,5,1
weebtoonxyz.com,9,0,1,1
wesamweb.com,9,0,2,1
westfamilydentistry.com,9,0,3,1
wgsslibrary.ca,9,0,2,1
whizz.ie,9,0,2,1
whywebsites.work,9,0,1,1
wildwooddigital.co.uk,9,0,1,1
wimborneminsterdarts.co.uk,9,0,2,1
windrockenterprises.com,9,0,6,1
wingleung.me,9,0,42,1
wmtech.io,9,0,2,1
woogostores.com,9,0,1,1
wordpress-guiden.dk,9,0,1,1
workfromhome.id,9,0,2,1
workfromhome.ng,9,0,1,1
worldoweb.co.uk,9,0,3,1
wp99.in,9,0,1,1
wpbuilders.co,9,0,6,1
wproom.ru,9,0,1,1
wptemamarket.com.tr,9,0,2,1
wptoolbear.com,9,0,72,1
wptricks.dk,9,0,5,1
wpx.si,9,0,3,1
wpyou.com,9,0,10,1
wpzen.fr,9,0,1,1
xerowp.com,9,0,13,1
xunpanziyou.com,9,0,1,1
yahotels.gr,9,0,4,1
yakakliker.org,9,0,1,1
yalantis.ua,9,0,1,1
yeahconcept.de,9,0,7,1
yeeraf.co.th,9,0,1,1
yeonsusilver.org,9,0,5,1
yerainabreu.com,9,0,1,1
your-best-partner.site,9,0,1,1
yourentrepreneurresources.com,9,0,1,1
yourstyleedit.com.au,9,0,1,1
zcopy.site,9,0,2,1
zfort.com.ua,9,0,5,1
zicoding.com,9,0,1,1
zsquarestudio.com,9,0,1,1
1001cuponesdedescuento.com.co,8,0,16,1
100woon.com,8,0,15,1
1worldsolutions.com,8,0,1,1
2te-chance.com,8,0,1,1
4gpackages.com,8,0,1,1
a1bodyconcierge.com,8,0,1,1
aare-webdesign.ch,8,0,2,1
ab-werkt.ro,8,0,60,1
abi.sakura.ne.jp,8,0,2,1
accountantfortitudevalley.com.au,8,0,1,1
accuratepestcontrol.ae,8,0,1,1
adagia.eu,8,0,12,1
adaide.co.id,8,0,3,1
advancedperiokaty.com,8,0,15,1
advertisingnews.com,8,0,1,1
advok.it,8,0,1,1
affjumbo.com,8,0,2,1
affordablewindowsystems.com,8,0,2,1
agenciagoldenmkt.com,8,0,4,1
agencyreplacement.com,8,0,17,1
agentur-fuer-digitale-medien.de,8,0,2,1
agentur-ibk.de,8,0,1,1
agenzia-stelledoro.it,8,0,1,1
agora0.github.io,8,0,2,1
agroinsursas.com,8,0,1,1
ai-seo.org,8,0,1,1
aik2.com,8,0,2,1
aimetaverse.cloud,8,0,3,1
aiseo.com.mx,8,0,2,1
aiskit.lt,8,0,1,1
aithietke.com,8,0,1,1
akdel.com,8,0,617,1
akipen.com,8,0,1,1
akshaydengra.com,8,0,3,1
albatrot.com,8,0,1,1
alberganodds.com,8,0,3,1
alchemi.ai,8,0,1,1
alemadcoffee.com,8,0,1,1
alestaweb.com,8,0,3,1
alicjalaura.com,8,0,1,1
aljazeera.blog,8,0,2,1
allaboutroofs.com,8,0,6,1
allambritishopensquash2017.com,8,0,2,1
alloq.digital,8,0,1,1
alltechltd.co.uk,8,0,1,1
alpana.co.in,8,0,2,1
alsaksakiyah.com,8,0,6,1
altgolddesu406.hatenablog.com,8,0,15,1
amministrazionesrl.it,8,0,2,1
anaislab.com,8,0,3,1
analogicmarketing.com,8,0,1,1
andalys.com,8,0,5,1
andreas-moor.de,8,0,1,1
andrew-rigby.co.uk,8,0,1,1
andrewazmi.com,8,0,2,1
andrewsclasses.com,8,0,1,1
anikaizi.si,8,0,1,1
anirudh.digital,8,0,1,1
antaud.fr,8,0,3,1
antikaotika.hu,8,0,10,1
antoine-moulard.com,8,0,1,1
antoinebonin.fr,8,0,1,1
anypost.ai,8,0,2,1
apexantiagingsolutions.com,8,0,207,1
apmc.or.kr,8,0,9,1
applecountrycorvetteclub.com,8,0,2,1
applicora.com,8,0,2,1
aprd.ir,8,0,1,1
apticconsulting.com,8,0,2,1
arabyrich.com,8,0,3,1
arboxy.com,8,0,2,1
archlinux.com.ru,8,0,1,1
argentinaexpats.org,8,0,8,1
argim.com.ar,8,0,5,1
arijuki.net,8,0,51,1
aroundtheweb.fr,8,0,2,1
arparquets.it,8,0,3,1
arthaus.mk,8,0,1,1
artyseo.fr,8,0,1,1
asbuiltroofing.com,8,0,9,1
ascendesigns.co.ke,8,0,2,1
audifonos.com.co,8,0,226,1
automotiveaccessoriesna.com,8,0,1,1
auxoclinic.com,8,0,546,1
avb-manufaktur.de,8,0,2,1
awesomecallstrading.com,8,0,2,1
awte.net,8,0,6,1
ayraconsultoria.com.br,8,0,1,1
ayurastroyoga.com,8,0,1,1
b2bsaasleads.com,8,0,1,1
balaarenacapital.com,8,0,2,1
balticdesign.uk,8,0,3,1
bamnorden.no,8,0,2,1
barajacoding.or.id,8,0,1,1
barefootfamilylaw.com,8,0,2,1
barrierdamcampground.com,8,0,6,1
bartolomeoalberico.it,8,0,1,1
bavarian-value.de,8,0,2,1
bayramkosedag.blogspot.com,8,0,5,1
bbent.com,8,0,3,1
bcf24.com,8,0,5,1
bcteam.fr,8,0,3,1
bd-concepts.fr,8,0,1,1
bdmedien.de,8,0,13,1
beautylinetools.com,8,0,1,1
beautypris.dk,8,0,2,1
becarservice.com,8,0,2,1
believintech.com,8,0,1,1
beloweb.be,8,0,17,1
benryan.com.au,8,0,1,1
bespokewebdesign.ca,8,0,1,1
bezpiecznyblog.pl,8,0,2,1
bhamdentist.com,8,0,3,1
bharatlogic.com,8,0,1,1
bibliognost.net,8,0,1,1
bienestarpolicia.gov.co,8,0,35,1
bignerd.io,8,0,1,1
bilarna.com,8,0,3,1
bill.pro,8,0,6,1
bimant.com,8,0,1,1
birdiedesign.nl,8,0,9,1
bitcoin-radionica.com,8,0,85,1
biztrip.com.br,8,0,2,1
blackmountainfulfillment.com,8,0,1,1
blackweek.pl,8,0,11,1
blancer.com,8,0,11,1
blankx.com,8,0,6,1
blikachterdeschermen.nl,8,0,1,1
blog-mi.com,8,0,1,1
blog123it.pl,8,0,1,1
blogdolimao.com.br,8,0,1,1
bloggerraaz.com,8,0,1,1
bloggertuesday.com,8,0,3,1
bloghispanodenegocios.com,8,0,1,1
blucactus.de,8,0,3,1
blue-emailing.com,8,0,1,1
bluekeys.org,8,0,1,1
bnsalem.com,8,0,5,1
bookandtechtips.com,8,0,1,1
boomerangair.net,8,0,4,1
bornogbaby.dk,8,0,4,1
bossdigital.tech,8,0,1,1
bradscollisioncenterinc.com,8,0,12,1
branchrcattle.com,8,0,9,1
branderlust.com,8,0,1,1
bricksfarsi.com,8,0,1,1
brightside.digital,8,0,1,1
brightsidemovinggroup.com,8,0,2,1
bronelgram.net,8,0,2,1
btsndrcledoux.fr,8,0,1,1
buddysbonz.com,8,0,6,1
bulbs.sg,8,0,6,1
bullide.com,8,0,1,1
buttons.nl,8,0,12,1
bvf.edu.pe,8,0,144,1
caid.ch,8,0,1,1
camelec.cl,8,0,1,1
camovetsjunk.com,8,0,2,1
canadianmonitor.net,8,0,1,1
canalonline.es,8,0,1,1
candgweddings.com,8,0,6,1
capeforgood.org,8,0,36,1
capital-dirigeants.com,8,0,2,1
capitalsoftware.com.ni,8,0,9,1
carder.pw,8,0,28,1
careersgyan.com,8,0,2,1
casapaiva.pt,8,0,2,1
cashmore.ng,8,0,1,1
catesfarms.com,8,0,6,1
caughtmyeye.cc,8,0,2,1
cecnortheast.org,8,0,4,1
cenchu.net,8,0,2,1
centrasecurity.co.uk,8,0,1386,1
cesamsrl.com,8,0,1,1
cestxtechsupport.com,8,0,3,1
cfgauss.edu.pe,8,0,38,1
championnutrition.net.nz,8,0,6,1
cheaperasp.net,8,0,2,1
chemwhat.com,8,0,14,1
christvictorychurch.com,8,0,42,1
chuyendev.com,8,0,1,1
cimages.me,8,0,2,1
cirby.ai,8,0,1,1
circolochigi.it,8,0,8,1
cis106.com,8,0,3,1
clickstartmarketing.co.uk,8,0,1,1
cloudwp.pro,8,0,1,1
codalin.ir,8,0,2,1
codetot.net,8,0,1,1
codtronic.com,8,0,1,1
coffee-web.ru,8,0,1,1
cofoundersbeta.com,8,0,1,1
comcriativa.com.br,8,0,1,1
commercialcoolingcenter.com,8,0,3,1
comohacerunapagina.es,8,0,3,1
comoki4.sakura.ne.jp,8,0,1,1
comparateur-tech.com,8,0,13,1
compareluxuryrentals.com,8,0,2,1
competitors.to,8,0,1,1
comunicaresocialmedia.it,8,0,1,1
connascent.com,8,0,2,1
consumeradvocateservices.org,8,0,5,1
contendr.co.id,8,0,2,1
core4completefitness.com,8,0,63,1
corevirtualsolutions.com,8,0,1,1
cosmonet.info,8,0,1,1
couponterra.com,8,0,2,1
cowsandmore.nl,8,0,12,1
cpbmechanical.com,8,0,12,1
creartelab.com,8,0,1,1
createyourstart.com,8,0,2,1
creativa.graphics,8,0,1,1
creativemarketing.ae,8,0,1,1
cricketlive.co.in,8,0,3,1
cromur.com,8,0,1,1
crossker.com,8,0,144,1
csgpakistan.com,8,0,1,1
cuaa.or.kr,8,0,2,1
cuisinespoirier.com,8,0,6,1
cultuurmarketinghub.nl,8,0,1,1
customwebforge.com,8,0,1,1
cuztomiseapp.com,8,0,1,1
cworks.id,8,0,2,1
cybersecmatters.com,8,0,1,1
cybersecurity-ninjas.com,8,0,2,1
cyberwelfare.it,8,0,4,1
cybesion.com,8,0,1,1
cypherhackz.net,8,0,3,1
daeuwordpress.com,8,0,1,1
dagensportal.dk,8,0,2,1
daiconfinidelmondo.it,8,0,2,1
dallasmediagroup.com,8,0,2,1
dam.org.es,8,0,19,1
danvester.dk,8,0,7,1
daon.me,8,0,5,1
daringcoco.com,8,0,1,1
datafragment.com,8,0,4,1
datayad.com,8,0,2,1
datuan.dev,8,0,4,1
davestipjar.com,8,0,1,1
davidkedode.com,8,0,1,1
davidkopp.de,8,0,4,1
dcseguridad.es,8,0,3,1
dealdigital.com,8,0,2,1
deazulturquesa.com,8,0,1,1
decodo.it,8,0,2,1
decorinnovations.ca,8,0,6,1
definingbeautymedspa.com,8,0,81,1
deinteres.es,8,0,16,1
delitierco.com,8,0,1,1
delta4.io,8,0,2,1
dentistinfortmyers.com,8,0,6,1
designbykiltz.com,8,0,1,1
designtalks.co.za,8,0,1,1
desiment.com,8,0,2,1
desistdaydream.github.io,8,0,1,1
devgurux.com,8,0,16,1
devshiltrade.mn,8,0,1,1
dewaggelmannetjes.nl,8,0,2,1
dfgames.com,8,0,6,1
dicloak.cn,8,0,1,1
diesternenbotschafterin.at,8,0,1,1
differentgravydigital.co.uk,8,0,1,1
digido.ma,8,0,1,1
digimorphosis.com,8,0,1,1
digitalheads.cl,8,0,1,1
digitalimpacts.in,8,0,1,1
digitalique.nl,8,0,5,1
digitallyup.com,8,0,4,1
digitalmediamarketing.com.pk,8,0,1,1
digitalmentetech.com,8,0,2,1
digitalredzone.com,8,0,1,1
digitalrocket.it,8,0,2,1
digitalsharecropper.com,8,0,1,1
digitalshiksha.com,8,0,3,1
digmodo.com,8,0,8,1
dikketitels.com,8,0,1,1
disposalmail.com,8,0,1,1
disques-durs-externes.fr,8,0,2,1
divainclusive.com,8,0,2,1
divinparfum.fr,8,0,3,1
divolova.com,8,0,3,1
divuitbcn.com,8,0,2,1
djkaizen.wordpress.com,8,0,1,1
dkharazi.github.io,8,0,1,1
dksg.jp,8,0,2,1
dmarkly.com,8,0,1,1
doodom.com,8,0,186,1
drizzledigital.com,8,0,2,1
drnoerby.com,8,0,1,1
dropoutdeveloper.in,8,0,2,1
dubaistandard.com,8,0,2,1
ducatospoleto.com,8,0,1,1
dxhero.io,8,0,4,1
e-kirjat.fi,8,0,28,1
easyheidong.com,8,0,1,1
easynomad.cn,8,0,1,1
ebay.org.tw,8,0,2,1
eboons.ch,8,0,9,1
echoflow.ca,8,0,3,1
ecliqs.com,8,0,4,1
ecommerceedu.com,8,0,12,1
ecomninja.net,8,0,2,1
ecomools.com,8,0,2,1
ecwork.jp,8,0,1,1
edirectory.com.br,8,0,12,1
eduardobcorrea.com.br,8,0,1,1
edugree.in,8,0,1,1
eeedotweb.com,8,0,56,1
efaida.tech,8,0,1,1
egytheme.com,8,0,1,1
elevatedaestheticsnc.com,8,0,105,1
elissandralisboa.com.br,8,0,1,1
elpasoprofessionalresumes.com,8,0,1,1
elshahbndr.com,8,0,1,1
embed.es,8,0,4,1
emblemedu.in,8,0,1,1
emmamd.com,8,0,6,1
encompasschiropractic.com,8,0,6,1
enjoycar.cl,8,0,1,1
enlaitenedtech.com.ng,8,0,1,1
ensegna.com,8,0,4,1
entlasvegas.com,8,0,6,1
eongroup.co.kr,8,0,1,1
epachul.com,8,0,16,1
epspumps.com,8,0,6,1
equipetrol.com.ec,8,0,8,1
erechnung-einfach-sicher.de,8,0,1,1
erfolgsquelle.net,8,0,2,1
erwinvanginkel.nl,8,0,1,1
esg-cfv.com,8,0,45,1
espacioads.com,8,0,2,1
espacioimpulsa.com,8,0,2,1
especialistasenadwords.com,8,0,2,1
espritweb.fr,8,0,1,1
essentecla.com,8,0,8,1
etechshout.com,8,0,1,1
eureka-moments-blog.com,8,0,1,1
evasiontropicale.travel,8,0,2,1
exampracticetests.com,8,0,2,1
excited-pixels.com,8,0,5,1
exora.ai,8,0,1,1
exploretothrive.com,8,0,1,1
falonilaw.com,8,0,3,1
famefuel.co,8,0,6,1
fasarms.com,8,0,46,1
fastestwebsite.net,8,0,3,1
fauchard.co.kr,8,0,21,1
favorim.net,8,0,1,1
federation-steame-academies.eu,8,0,2,1
federicoboccaccio.wordpress.com,8,0,1,1
fengshuiharmony.com.au,8,0,4,1
fergusnorth.ca,8,0,2,1
fidelityaction.it,8,0,2,1
fidgets-puzzles.fr,8,0,1,1
fight4justice.com,8,0,13,1
findaso.com,8,0,1,1
findmyshift.es,8,0,1,1
findmyshift.fr,8,0,1,1
firstgear.co.kr,8,0,1,1
fit21.ro,8,0,1,1
fitmagasinet.dk,8,0,11,1
fitup.lv,8,0,1,1
flamingus.com,8,0,1,1
flashify.ae,8,0,1,1
flavioweb.altervista.org,8,0,1,1
fleurdejour.fr,8,0,2,1
flipflipflip.com,8,0,1,1
flowerandshower.nl,8,0,21,1
flyerdigi.com,8,0,1,1
foldspacestudio.com,8,0,6,1
fotofreunde-much.de,8,0,2,1
fox-wp.com,8,0,1,1
foxblogging.com,8,0,4,1
foyrcmedspa.com,8,0,6,1
franzikoenig.de,8,0,3,1
fredamendola.com,8,0,1,1
freetoolr.com,8,0,1,1
freewindows.dk,8,0,1,1
freshnetllc.com,8,0,1,1
fresnostaffingagency.com,8,0,1,1
friluftsguide.dk,8,0,2,1
frontcave.pl,8,0,1,1
frontdeskreview.com,8,0,8,1
frontendtanfolyam.hu,8,0,1,1
frostsnurseries.co.uk,8,0,2,1
fsclub-friesland.nl,8,0,1,1
fussbodenheizungverlegen.de,8,0,2,1
futuristiccodingacademy.com,8,0,1,1
gadgetsfarms.com,8,0,1,1
galwaytradewindows.ie,8,0,33,1
gambas-es.org,8,0,14,1
ganadofeedandmore.com,8,0,6,1
gbubvi.com,8,0,750,1
gebaeudesicherer.ch,8,0,4,1
gebrjansen.com,8,0,1,1
geckogullywebsites.com,8,0,1,1
geistreich.digital,8,0,1,1
generateclicks.de,8,0,1,1
gestionesistemi.it,8,0,6,1
getfeedb.com,8,0,2,1
getfreeimebooks.com,8,0,1,1
getscrummage.com,8,0,2,1
gilbertosales.com.br,8,0,1,1
gillot55.free.fr,8,0,1,1
givealittlelouder.org,8,0,1,1
global-fiber-optics.com,8,0,1,1
globalenglish.edu.uy,8,0,14,1
globalsell.com,8,0,4,1
globdig.com,8,0,1,1
globials.com,8,0,1,1
gocloudspace.com,8,0,1,1
godaddy.pk,8,0,3,1
godlybible.com,8,0,111,1
godrank.com,8,0,1,1
gogonow.de,8,0,22,1
goldpigtech.com,8,0,25,1
goodi.fr,8,0,1,1
gordiustears.net,8,0,1,1
gplbaba.com,8,0,1,1
graphizm.fr,8,0,7,1
greatbritishlighting.co.uk,8,0,4,1
greedwheels.com,8,0,2,1
greenecology.it,8,0,1,1
gremoremarine.com,8,0,3,1
griekenlandboeken.nl,8,0,3,1
grimmelfarms.com,8,0,12,1
groovyvibe.com,8,0,56,1
growthpro.asia,8,0,1,1
gsmindustrial.cl,8,0,4,1
gtvuk.com,8,0,1,1
guardopinion.com,8,0,14,1
guenstige-lagerregale.de,8,0,3,1
gurcc.or.kr,8,0,9,1
guuibest.com,8,0,15,1
haiju.hatenablog.com,8,0,2,1
hajjency.com,8,0,34,1
hamnus.com,8,0,1,1
hapeco-inc.com,8,0,6,1
haratnaksa.com,8,0,1,1
harikiri.diskstation.me,8,0,16,1
hazam519.com,8,0,1,1
hbsoftweb.com,8,0,2,1
healthinpartnership.com,8,0,3,1
healthsafe.com,8,0,12,1
hearcaredirect.co.uk,8,0,1,1
hidroteknika.com,8,0,3,1
hilat.net,8,0,4,1
holisticrelocation.com,8,0,3,1
hometechinspect.com,8,0,6,1
hostinecumateje.cz,8,0,1,1
hosting10.ru,8,0,1,1
hostingteacher.com,8,0,9,1
hostspedia.com,8,0,8,1
hotelboyacaplaza.co,8,0,3,1
hranice-online.cz,8,0,4,1
hrsolutions.com.au,8,0,1,1
html-forum.de,8,0,1,1
htn20190109.hatenablog.com,8,0,1,1
hyview.com,8,0,12,1
iagenie.com,8,0,1,1
ibuiblog.com,8,0,4,1
icdkorea.org,8,0,13,1
iconnect-media.com,8,0,2,1
idcspy.org,8,0,7,1
idea-digital.de,8,0,2,1
ideaspot.com.au,8,0,2,1
idiads.com,8,0,3,1
idm.web.id,8,0,2,1
iecarmendecarupa.edu.co,8,0,1,1
iegri.com,8,0,1,1
igrowth.ch,8,0,3,1
ihabexpress.com,8,0,227,1
imagenmia.com,8,0,2,1
imgcreativo.net,8,0,1,1
iminlawyer.com,8,0,16,1
imotws.com,8,0,1,1
impactpages.de,8,0,1,1
inbrief.pt,8,0,2,1
indowhiz.com,8,0,3,1
industrialpartsandservice.com,8,0,1,1
infantools.com,8,0,1,1
infonautai.lt,8,0,1,1
infoneamt.ro,8,0,2,1
infopolicy.net,8,0,1,1
information-net.com,8,0,2,1
infoworld.media,8,0,4,1
innocentric.gr,8,0,2,1
innovationlabs.studio,8,0,1,1
insidecreative.no,8,0,1,1
instantelhydraulics.com,8,0,3,1
institut-berndt.de,8,0,1,1
integritypropertyinspectionsllc.com,8,0,6,1
internetier.com,8,0,5,1
interwebsa.com,8,0,1,1
inthealley.tw,8,0,10,1
intrepidgbl.com,8,0,1,1
invitato.dk,8,0,2,1
ip2whois.ru,8,0,1,1
iprinc.net,8,0,6,1
irenenorth.com,8,0,1,1
irfc.pt,8,0,2,1
ironwatchkustom.com,8,0,4,1
isic-mastercom.fr,8,0,1,1
isunntanning.co.uk,8,0,2,1
it-afi.com,8,0,6,1
itpl.fr,8,0,1,1
itseniorerna.se,8,0,1,1
itsjournal.com,8,0,2,1
itssimpleseo.com,8,0,2,1
itzonepakistan.com,8,0,1,1
ivfaithfellowship.org,8,0,24,1
izveide.id.lv,8,0,4,1
jablog.bio,8,0,2,1
jadirectives.com,8,0,24,1
jarisarja.fi,8,0,1,1
jassweb.com,8,0,1035,1
javieriglesias.marketing,8,0,1,1
jaygould.co.uk,8,0,1,1
jcb.com.my,8,0,1,1
jcenergysolutions.com,8,0,2,1
jdelgado.fr,8,0,1,1
jeasyapp.com,8,0,1,1
jeffsteinke.com,8,0,5,1
jenniferberube.com,8,0,1,1
jenniferwaters.net,8,0,4,1
jkvehicles.co.uk,8,0,6,1
jntukcertificate.edu.in,8,0,1,1
jobs-radar.com,8,0,8,1
joelladunn.com,8,0,2,1
joloveridge.co.uk,8,0,1,1
jonesroadrvpark.com,8,0,12,1
juanfra.me,8,0,2,1
jubilistos.com,8,0,189,1
justman.fr,8,0,4,1
juwon2020.com,8,0,14,1
kabasumbar.net,8,0,1,1
kalmoya.com,8,0,1,1
katameblog.com,8,0,1,1
katekowalsky.com,8,0,1,1
kcr-fm.org.au,8,0,18,1
keencomputer.com,8,0,3,1
keitertechnologies.com,8,0,2,1
keithgreer.dev,8,0,1,1
kekseundkollegen.de,8,0,3,1
kenneth-billekop.dk,8,0,1,1
kerja-remote.com,8,0,7,1
khabeerhosting.com,8,0,2,1
khatheme.com,8,0,1,1
khaweb.vn,8,0,1,1
kilikoi.de,8,0,2,1
kinextechnologies.com,8,0,2,1
king-media.nl,8,0,1,1
kingplastics.com,8,0,12,1
kingyo-blog.com,8,0,1,1
kit-web.fr,8,0,1,1
kitaadmin.com,8,0,5,1
kitaney-wordpress.blogspot.com,8,0,2,1
kj-id.com,8,0,6,1
klaaskramer.nl,8,0,8,1
klickfieber.de,8,0,1,1
kmr-gc.com,8,0,2,1
koke.link,8,0,1,1
kolorfirst.com,8,0,1,1
koneksi.group,8,0,1,1
kontradamerchants.com,8,0,5,1
koromo.io,8,0,1,1
krasenslavov.com,8,0,6,1
kriptokereso.com,8,0,1,1
kscinformatica.es,8,0,1,1
kubadzikowski.com,8,0,1,1
kulturmanagement-online.de,8,0,75,1
kup.com.tr,8,0,1,1
kupondi.com,8,0,54,1
kurtmckee.org,8,0,1,1
kwiko.io,8,0,8,1
kz-pe.com,8,0,2,1
lab58.hu,8,0,1,1
labuchifresaflores.com,8,0,3,1
lacenere.it,8,0,1,1
ladezeit-optimierung.com,8,0,2,1
lang-rs.de,8,0,1,1
lanimfa.cat,8,0,1,1
lansky.dk,8,0,1,1
lapinnegotiationservices.com,8,0,6,1
larablocks.com,8,0,1,1
larrynote.com,8,0,1,1
laserhqacademy.co.uk,8,0,6,1
lastscene.com,8,0,15,1
launchstudio.jp,8,0,2,1
lawncarepluswi.com,8,0,6,1
lbs.ca,8,0,12,1
leadsupply.nl,8,0,2,1
learnhubafrica.org,8,0,2,1
lewisglobalkarate.com,8,0,6,1
liamalexcolman.net,8,0,4,1
lidweb.net,8,0,3,1
lifepartner.be,8,0,1,1
lightingstores.com.kw,8,0,3,1
liliesfood.be,8,0,1,1
liliguinot.com,8,0,1,1
lindesvard.se,8,0,1,1
linkedgrow.ai,8,0,1,1
linkwebsite.nl,8,0,1,1
linvestisseur-malin.fr,8,0,11,1
liscrew.jp,8,0,1,1
littlebigtech.net,8,0,1,1
livenaturesedge.com,8,0,2,1
llow.it,8,0,2,1
load-testing-service.com,8,0,2,1
localluxurymedspa.com,8,0,90,1
locas.in,8,0,1,1
londragundem.net,8,0,1,1
loty.ai,8,0,2,1
loudscale.com,8,0,5,1
lpnprograms.net,8,0,4,1
luavis.me,8,0,2,1
lucatibaldo.com,8,0,1,1
lumost.net,8,0,1,1
luseo.at,8,0,1,1
luxmdmedspa.com,8,0,12,1
luxsite.vn,8,0,1,1
macbari.de,8,0,1,1
macocci7.net,8,0,1,1
macroter.com,8,0,4,1
madoverload.com,8,0,18,1
madrececilia.edu.ve,8,0,145,1
mairimanzil.com,8,0,1,1
majinoukari.com,8,0,1,1
majoli.io,8,0,42,1
makersweb.net,8,0,1,1
malaj.be,8,0,1,1
maple-road.ca,8,0,1,1
marc-dumont-avocat-vannes.fr,8,0,1,1
marineviewmedia.ca,8,0,1,1
mariusvt.com,8,0,1,1
mark3teros.com,8,0,3,1
markenture.com,8,0,2,1
marketer.ltd,8,0,1,1
markety.co.th,8,0,3,1
markkinointi.art,8,0,3,1
marqavs.com,8,0,1,1
massmedia.hk,8,0,1,1
masszazsparoknak.hu,8,0,2,1
masterscustompatches.com,8,0,1,1
mawadlab.com,8,0,8,1
may-notes.com,8,0,2,1
mayamushrooms.co.uk,8,0,3,1
mb923.net,8,0,1,1
mcinformactions.net,8,0,6,1
mckennaspharmachoice.ca,8,0,20,1
mechengjp.com,8,0,1,1
mediaalusta.fi,8,0,1,1
medzan.com.mx,8,0,2,1
meeroveronlinemarketing.nl,8,0,44,1
meissen.co.kr,8,0,2,1
meraki-fm.com,8,0,1,1
mercadeomagazine.com,8,0,2,1
merkmatrassen.com,8,0,42,1
metaltekendustri.com.tr,8,0,3,1
meusiteweb.com,8,0,1,1
michaelvanputten.com,8,0,1,1
mietwood.com,8,0,4,1
mikeydesigns.com,8,0,3,1
minilessons.org,8,0,1,1
minus.world,8,0,1,1
mirajadesign.com,8,0,3,1
missioon.ee,8,0,1,1
mistervape.no,8,0,32,1
misuenoskids.com,8,0,2,1
mlcconsulting.it,8,0,1,1
mmheatingandair.com,8,0,6,1
modu.digital,8,0,2,1
momentscapturedcny.com,8,0,2,1
monolithmarketing.com,8,0,1,1
mozcheck.jp,8,0,8,1
mrotools.net,8,0,24,1
mrsindiaandhrapradesh.com,8,0,1,1
mrspil.dk,8,0,3,1
mycus-tom.com,8,0,2,1
mydentalaesthetics.com,8,0,129,1
myepos.com,8,0,1,1
mygeschenkgutscheine.de,8,0,1,1
myhostinglive.com,8,0,4,1
myinternetquest.com,8,0,1,1
mysmartdigital.fr,8,0,1,1
myviptuto.com,8,0,6,1
nabl.nl,8,0,1,1
nabroward.com,8,0,1,1
nakib4tech.com,8,0,12,1
nataliaflorek.pl,8,0,11,1
nazenin5.com,8,0,3,1
nazrtk.com,8,0,1,1
nbcampgrounds.com,8,0,12,1
neo-medias.com,8,0,1,1
neoone.expert,8,0,2,1
nerdrush.com,8,0,2,1
net-formation.com,8,0,1,1
netamame.com,8,0,2,1
netflag.jp,8,0,1,1
netpatrol.it,8,0,1,1
netply.net,8,0,2,1
nettsmed.no,8,0,5,1
netzbuffet.de,8,0,1,1
nevero.nl,8,0,1,1
newcreationpreschool.com,8,0,1,1
newjerseymemories.com,8,0,1,1
newsarm.live,8,0,2,1
newsdaily.com.au,8,0,6,1
newsdrop.io,8,0,4,1
nextcommit.careers,8,0,2,1
nextsrl.com,8,0,90,1
nickthrolson.com,8,0,1,1
nigelkonstam.com,8,0,2,1
nipponmediahub.com,8,0,2,1
nippouseisakusyo.co.jp,8,0,3,1
no-code.llc,8,0,1,1
nobukoike.com,8,0,2,1
nouveaubusiness.fr,8,0,12,1
novahubagency.com,8,0,1,1
novalannetworks.com,8,0,1,1
nubia.si,8,0,2,1
nulled.my,8,0,1,1
nutswp.com,8,0,11,1
nvzs.com,8,0,7,1
objectif-affiliation.com,8,0,2,1
oceanproxy.com,8,0,1,1
oceanweb.io,8,0,3,1
octolooks.com,8,0,1,1
od-solution.com,8,0,2,1
odanah.com,8,0,1,1
offi.se,8,0,2,1
offive.co.jp,8,0,1,1
omegatec.net,8,0,4,1
omniaglobalcompany.com,8,0,2,1
oms-onlinemarketing.de,8,0,2,1
onewearfreedom.com,8,0,1,1
opozite.com,8,0,1,1
optometrymarketingservices.com,8,0,1,1
orangesoftbd.com,8,0,1,1
orcait.io,8,0,1,1
originalkazoocompany.com,8,0,3,1
outboundpharma.com,8,0,1,1
oxiliary.com,8,0,61,1
paintball-benidorm.com,8,0,1,1
paramountsmile.com,8,0,6,1
parklandsmiledental.com,8,0,6,1
pasokonpc.com,8,0,2,1
pcbparts.blogspot.com,8,0,1,1
pcsystembetreuer.de,8,0,27,1
pctips.jp,8,0,1,1
pdave.me,8,0,2,1
pedrobermudeztalavera.com,8,0,2,1
pegasusdigital.co.in,8,0,1,1
percengage.com,8,0,4,1
perfectpeoplesearch.com,8,0,1,1
peter-klar.de,8,0,1,1
petuniverse.dk,8,0,8,1
philao.com,8,0,1,1
phoenixonline.io,8,0,1,1
picoliblog.com,8,0,1,1
pingwings.ca,8,0,2,1
pixelcommercestudio.com,8,0,1,1
pixelperfect.hu,8,0,1,1
planetweb.ng,8,0,1,1
plataformadecomunicacio.com,8,0,4,1
plinkit.com.au,8,0,1,1
podcast24.pe,8,0,1,1
polelovers.store,8,0,4,1
polska-informacje.ovh,8,0,2,1
portaldrztutors.com.br,8,0,1,1
positivemindopenheart.com.au,8,0,2,1
post4vps.com,8,0,1,1
powerride-endurotours.com,8,0,36,1
pozycjonowanie.siedlce.pl,8,0,1,1
prathibhajewelleryhouse.com,8,0,54,1
pravinzende.co.in,8,0,1,1
prettywp.com,8,0,2,1
preverprova.it,8,0,10,1
primejournal.in,8,0,1,1
printemps.tokyo,8,0,1,1
pro925.com,8,0,2,1
productive.co.il,8,0,1,1
profissionalwp.dev.br,8,0,5,1
programmerweekly.com,8,0,1,1
programnotes.cn,8,0,4,1
promed.fr,8,0,1,1
promocode.network,8,0,69,1
property254.co.ke,8,0,6,1
proportio-divina.de,8,0,1,1
protoolgids.nl,8,0,19,1
psicostasis.com,8,0,1,1
puheterapiavalineet.com,8,0,4,1
puncli.com,8,0,6,1
punewebsitedesigns.com,8,0,3,1
puntacanaadventures.ca,8,0,2,1
puregpl.com,8,0,1,1
purelanding.page,8,0,2,1
purelust.dk,8,0,6,1
purereality.org,8,0,2798,1
q-web.ro,8,0,1,1
q2-software.nl,8,0,1,1
qe2computing.com,8,0,2,1
quandes.com,8,0,1,1
rabio.eu,8,0,2,1
rahulbhatnagar.com,8,0,1,1
ralfbachmann.de,8,0,2,1
ramberk.com,8,0,1,1
rapidhits.net,8,0,1,1
raskenettsider.no,8,0,1,1
ravedans.com,8,0,1,1
rdagency.fr,8,0,1,1
realizzazione-siti-monza.it,8,0,1,1
recklessmetals.com,8,0,2,1
recursoswebyseo.com,8,0,1,1
redactions.fr,8,0,2,1
redcodedevelopment.co.th,8,0,5,1
redstitchdigital.com,8,0,1,1
refill.swiss,8,0,4,1
refugio.at,8,0,1,1
rekha.co.id,8,0,1,1
remoteworldwide.net,8,0,2,1
rentabilitet.dk,8,0,1,1
replacementwindowslexington.com,8,0,2,1
retreattasmania.com.au,8,0,1,1
revealcheaters.com,8,0,8,1
rgproduction.be,8,0,5,1
rhcustomguitars.com,8,0,6,1
riccardovalle.it,8,0,1,1
riseinstitute.tech,8,0,1,1
ritteradvogados.com.br,8,0,10,1
road-bike.net,8,0,1,1
robertocapannelli.com,8,0,7,1
robertsky.com,8,0,2,1
robwotton.com,8,0,87,1
rocketpress.nl,8,0,1,1
roisense.com,8,0,1,1
roman-hug.ch,8,0,1,1
roman3d.com,8,0,114,1
roofling.com.au,8,0,3,1
route360.dev,8,0,3,1
rpgdigital.net,8,0,1,1
rufabau.com,8,0,1,1
runawayshea.com,8,0,1,1
saas-hikaku.com,8,0,1,1
safehandlingsolutions.com.au,8,0,2,1
sagrado.press,8,0,24,1
saitsamy.blogspot.com,8,0,1,1
salefa.st,8,0,6,1
samidy.com,8,0,1,1
sandboxtechnology.in,8,0,1,1
sandcsinging.com,8,0,1,1
santumweb.com,8,0,1,1
sargentstitle.com,8,0,6,1
sassy-blog.com,8,0,1,1
savannahsmilesdentist.com,8,0,6,1
saynete.com,8,0,2,1
scaleup.gr,8,0,1,1
scapessupply.com,8,0,21,1
schildersbedrijf-devries.nl,8,0,2,1
scope-sentry.top,8,0,2,1
scorerevive.com,8,0,1,1
searchhotels.in,8,0,2,1
searcydermatology.com,8,0,237,1
seasonalyoga.net,8,0,1,1
seethelightwindows.com,8,0,16,1
sekcija-on.net,8,0,2,1
sellbux.com,8,0,3,1
senseiolano.edu.pe,8,0,2,1
seoactionblog.com,8,0,1,1
seoashburn.com,8,0,20,1
seoelinks.com,8,0,368,1
seomentors.vn,8,0,4,1
seonegativo.com,8,0,9,1
seopartner.com.br,8,0,1,1
seoservices.com.bd,8,0,1,1
seotest.ch,8,0,200,1
sergeswin.com,8,0,6,1
sgtgfestival.com,8,0,3,1
share-ask.com,8,0,1,1
shin1sakamoto.com,8,0,1,1
shizoworld.de,8,0,2,1
shopifyexpertsindia.com,8,0,1,1
shopitek.com,8,0,3,1
silco.ee,8,0,15,1
silentmedia.co.uk,8,0,8,1
silvermaledetto.altervista.org,8,0,31,1
simedia.co.th,8,0,1,1
singletontechs.com,8,0,2,1
sitebeak.dk,8,0,18,1
sitebug.fr,8,0,2,1
sitemapdigital.com,8,0,1,1
siterockstar.com,8,0,1,1
sitestatsdb.com,8,0,1,1
sitioshispanos.blog,8,0,1,1
sitiwebform.com,8,0,9,1
sjwhite.co.kr,8,0,10,1
skyhightex.com,8,0,1,1
sleutelboek.eu,8,0,40,1
slnutrition.com,8,0,1,1
slurp-n-burp.com,8,0,2,1
slyderpumps.com,8,0,2,1
smartifymy.biz,8,0,16,1
smartpubtools.com,8,0,1,1
smiletactics.com,8,0,1,1
smitherscanrc.org,8,0,12,1
sneakerturkiye.com,8,0,3,1
socalbb.com,8,0,1,1
socialaforetag.nu,8,0,1,1
socialmediaduo.nl,8,0,3,1
sohayota.gov.bd,8,0,1,1
solvinghow.com,8,0,1,1
soulfulgirls.com,8,0,4,1
sourdoughbreadsupportgroup.com,8,0,277,1
southwestradiator.com,8,0,12,1
soutien-pneumologique.org,8,0,6,1
speedmarket.com.br,8,0,1,1
splashlaundrette.com.au,8,0,33,1
sporthorses.co.uk,8,0,34,1
spravtsev.pro,8,0,2,1
sproutmentor.com,8,0,4,1
spyingbee.com,8,0,12442,1
squadd.it,8,0,1,1
squaremarketing.ae,8,0,1,1
stack.tools,8,0,1,1
stackscan.com,8,0,2,1
startupcheckr.com,8,0,1,1
statkusengines.com,8,0,6,1
stcloud-online.com,8,0,1,1
steelmountainmarketing.com,8,0,1,1
stefanwalser.at,8,0,6,1
stelzlab.org,8,0,6,1
steptechglobal.com,8,0,3,1
stonegateparkdentistry.com,8,0,12,1
stoneskin.github.io,8,0,1,1
stop-af.com,8,0,306,1
storetoolskit.com,8,0,2,1
strategie-marketing.fr,8,0,1,1
studiowebness.net,8,0,5,1
stylersgroup.com,8,0,1,1
sugadogs.hateblo.jp,8,0,1,1
sundancespasoflindora.com,8,0,686,1
superangel.blog,8,0,1,1
supersavercoupon.com,8,0,2,1
supportcrm.com,8,0,2,1
surekha.co.in,8,0,2,1
sutilweb.eu,8,0,2,1
suurvali.com,8,0,2,1
suzuki.org.nz,8,0,12,1
suzzeong.tistory.com,8,0,1,1
svenwachsmuth.de,8,0,2,1
symphysismarketing.com,8,0,3,1
t-hazawa.hatenablog.com,8,0,1,1
tanbionica.cl,8,0,112,1
tararamachandra.com,8,0,3,1
teamworkevents.it,8,0,6,1
tebejowo.com,8,0,1,1
tech-in-japan.github.io,8,0,3,1
techaxiskenya.co.ke,8,0,2,1
techaxy.com,8,0,4,1
techjobsinghana.com,8,0,1,1
techmadar.com,8,0,1,1
technews365.org,8,0,1,1
technoflavours.com,8,0,1,1
techseoconsultant.com,8,0,1,1
techstarzone.com,8,0,5,1
tecnividrio.com.ec,8,0,3,1
tecnologiaqueinteressa.com,8,0,8,1
tee.education,8,0,3,1
tekbro.ng,8,0,10,1
tekos.net,8,0,1,1
tendenciascentrais.com.br,8,0,1,1
tenetsystems.net,8,0,3,1
texasbestproteins.com,8,0,6,1
texasyogacenter.com,8,0,6,1
thakurplasticsurgery.net,8,0,237,1
thaqafati.com,8,0,1,1
the338.hatenablog.com,8,0,1,1
thebloggingtime.com,8,0,1,1
thebrilliantfoundation.com,8,0,1,1
thebuildcollective.net,8,0,1,1
thecakepavilion.co.uk,8,0,6,1
theconsciencecollective.org,8,0,1,1
thehoteldepot.com,8,0,50,1
theimentor.com,8,0,1,1
themepluginbd.com,8,0,1,1
thepcworks.com,8,0,1,1
thepostflow.com,8,0,1,1
thepreparedexpat.com,8,0,2,1
theresourcelist.com,8,0,2,1
theretailatoz.com,8,0,2,1
thesaker.si,8,0,2,1
theseaitools.com,8,0,3,1
thewebdirectory.net,8,0,2,1
thomasbruneau.fr,8,0,1,1
thorre.mx,8,0,1,1
thriveconsult.org,8,0,4,1
thvadvogados.com.br,8,0,3,1
ti-fichtelgebirge.de,8,0,1,1
timsmagazines.com,8,0,4,1
tinjurewp.com,8,0,5,1
tirelire-ailee.fr,8,0,3,1
titaniumtechnologies.com,8,0,1,1
tmdatlanta.com,8,0,12,1
torihazi.hateblo.jp,8,0,1,1
torstennicolini.com,8,0,1,1
torybarber.com,8,0,1,1
totasoftware.com,8,0,1,1
touristpoints.in,8,0,2,1
tout-reparer.fr,8,0,22,1
towmastertrailerdealers.com,8,0,1,1
townvalues.com,8,0,1,1
trinityupc.org,8,0,2,1
trinityurcvisalia.org,8,0,6,1
truenorthtitle.com,8,0,6,1
trustandsafetyjobs.com,8,0,2,1
trustrating.ai,8,0,5,1
tthtlc.wordpress.com,8,0,1,1
tudatosanyavagyok.hu,8,0,2,1
tutoriart.com.br,8,0,1,1
tvcircus.com,8,0,1,1
tvkhd.tv,8,0,320,1
twelvemarketinginc.co.za,8,0,1,1
ultimaterectifier.com,8,0,6,1
unasensazioneperfetta.it,8,0,2,1
unearthedpenn.com,8,0,1,1
unixweb.org,8,0,1,1
uofa-cmput404.github.io,8,0,1,1
upcharleroi.be,8,0,14,1
urbanecho.co.uk,8,0,1,1
usability-now.com,8,0,1,1
usual.ie,8,0,1,1
uweb.vn,8,0,3,1
uxinpills.it,8,0,4,1
uxla.de,8,0,1,1
uxwebsolutions.co.uk,8,0,1,1
vasi.ro,8,0,1,1
vb-net.com,8,0,6,1
vde-suite.com,8,0,54,1
vectorlogos.net,8,0,6,1
veinandaestheticsoftucson.com,8,0,6,1
velprove.com,8,0,3,1
verbarium-boutique.com,8,0,1,1
verilink.com.tr,8,0,85,1
vertte.com,8,0,2,1
vfftech.vn,8,0,13,1
vibeseller.com,8,0,4,1
vibetoolstack.com,8,0,2,1
vibrantvitalwater.com,8,0,6,1
victorwinners.com,8,0,2,1
vietnamtutor.com,8,0,3,1
viewers.com,8,0,1,1
vilabranding.com,8,0,1,1
violationfunding.com,8,0,4,1
virtual-sr.com,8,0,1,1
virtualdebris.co.uk,8,0,1,1
visyu.de,8,0,2,1
vitroland.com,8,0,1,1
vivaesthetique.com,8,0,1,1
vivahfashion.co.uk,8,0,1,1
vizoy.fr,8,0,1,1
vnnergy.com,8,0,2,1
vojtechbruk.com,8,0,2,1
vojtechbruk.sk,8,0,2,1
vonwallace.com,8,0,10,1
vorgesternagency.com,8,0,3,1
vpnaware.com,8,0,1,1
vuub.net,8,0,1,1
warcontent.com,8,0,1,1
waterfixers.com,8,0,24,1
waytomilky.com,8,0,5,1
wccpa.org.za,8,0,10,1
wearethewriters.com,8,0,1,1
web-minister.com,8,0,1,1
web2view.nl,8,0,1,1
webaie.com,8,0,2,1
webbosswebsites.co.uk,8,0,1,1
webcataloger.com,8,0,2,1
webcrafter.nl,8,0,1,1
webdesign-koeln.info,8,0,3,1
webdesigncap.com,8,0,1,1
webfity.com,8,0,1,1
webfluence.de,8,0,5,1
webhubexperts.com,8,0,1,1
weblabagency.ch,8,0,1,1
weblb.net,8,0,4,1
webliance.com,8,0,3,1
weblinkus.com,8,0,1,1
webmarketingconsulting.com,8,0,6,1
webmaster.kitchen,8,0,1,1
webmasterautop.fr,8,0,2,1
webmazters.nl,8,0,5,1
webnetic.tech,8,0,1,1
webrto.com,8,0,2,1
websbarcelona.com,8,0,1,1
websitegruender.de,8,0,1,1
websitemaintenanceservices.co.nz,8,0,2,1
websitesolutions.net.au,8,0,1,1
websrentables.es,8,0,1,1
webtipstech.com,8,0,1,1
webtom.com.br,8,0,4,1
webwaystudios.com,8,0,7,1
webypress.fr,8,0,284,1
webzoe.com.br,8,0,1,1
weddingalterationsbrisbane.com.au,8,0,1,1
weekenderhouse.com,8,0,6,1
wehostafrica.com,8,0,54,1
welcome2wrbc.com,8,0,18,1
wesg.earth,8,0,1,1
white-space.work,8,0,2,1
wholebrand.agency,8,0,5,1
whyimoeat.blogspot.com,8,0,1,1
wildprairiesilver.com,8,0,6,1
williamlion.tw,8,0,4,1
winchestercomputertutor.co.uk,8,0,1,1
wishay.com,8,0,1,1
woohoosvcs.com,8,0,4,1
wooyupost.com,8,0,1,1
wordpress-doktor.com,8,0,221,1
wordpresskotisivutyritykselle.fi,8,0,2,1
workalia.site,8,0,1,1
workanywhere.pro,8,0,1,1
worldheritagebd.blogspot.com,8,0,38,1
wpcare.ai,8,0,6,1
wpeasy.cn,8,0,1,1
wpguru.tech,8,0,6,1
wpmaster.com.au,8,0,1,1
wpnova.io,8,0,1,1
wpsemcodigo.com.br,8,0,1,1
wpside.fr,8,0,1,1
wptroubleshoot.com,8,0,3,1
wpunderviser.dk,8,0,3,1
wpwellness.org,8,0,3,1
wpworld.com.br,8,0,1,1
wpworld.es,8,0,1,1
wstart.fr,8,0,2,1
wunderchef.se,8,0,2,1
wynges.com,8,0,2,1
xedulichdaklak.com,8,0,1,1
xensolar.com,8,0,1,1
xiweb.it,8,0,3,1
xmit.sh,8,0,1,1
yadavgaurav.com,8,0,2,1
yassinebentaleb.com,8,0,1,1
yayuyota.jp,8,0,1,1
yfs-soudan.com,8,0,1,1
ygi.ch,8,0,7,1
youmoneyhappiness.com,8,0,1,1
yourethicalmarketer.co.uk,8,0,3,1
yourplumbingandgas.co.uk,8,0,1,1
yuru-tech.com,8,0,1,1
zalvis.com,8,0,1,1
zarawest.me,8,0,1,1
zarphost.com.br,8,0,1,1
zbsdigital.com,8,0,1,1
zellprogram.com,8,0,29,1
zenithexhibits.com,8,0,2,1
zenzation-massagepraktijk.nl,8,0,1,1
zhaocs.info,8,0,1,1
zhcndoc.com,8,0,31,1
zimninja.com,8,0,1,1
zip358.com,8,0,1,1
zipo.vn,8,0,2,1
znaleckyportal.cz,8,0,9,1
znanieto.net,8,0,1,1
zootripper.jp,8,0,1,1
zubairashrafi.com,8,0,3,1
zuurstofvoorjeklanten.nl,8,0,1,1
zwaxu.com,8,0,31,1
zz.ac,8,0,1,1
1001cuponesdedescuento.com.mx,7,0,13,1
11tythemes.com,7,0,1,1
1927344728.github.io,7,0,1,1
1993toysengifts.nl,7,0,3,1
1formanet.com,7,0,5,1
1vpn.fr,7,0,3,1
205066.xyz,7,0,1,1
230890.com,7,0,1,1
24apotheke.ch,7,0,30,1
2ormore.org,7,0,3,1
3rservicosdigitais.com.br,7,0,1,1
46digital.com.au,7,0,2,1
4dlcd.com,7,0,6,1
4topiso.com,7,0,1,1
50minuteacademy.com,7,0,3,1
5wire.co.uk,7,0,1,1
7web.gr,7,0,1,1
8bit.media,7,0,68,1
911cybersecurity.com,7,0,7,1
a21comunicacao.com.br,7,0,2,1
a7x.net,7,0,1,1
aapathways.com,7,0,1,1
aaronscaffolding.com,7,0,3,1
aaroon.de,7,0,2,1
abkcolumbus.com,7,0,132,1
abrajdevelopments.com,7,0,6,1
academialumbreras.edu.pe,7,0,4,1
acalanesparentsclub.com,7,0,3,1
accountwise.co.nz,7,0,5,1
acemlna.com,7,0,167,1
acemlnb.com,7,0,8,1
acessar.net.br,7,0,1,1
achatavis.com,7,0,1,1
action-digitale.fr,7,0,1,1
activewebsitemanagement.com,7,0,1,1
adexo.fr,7,0,2,1
adityarizki.net,7,0,2,1
adkhana.com,7,0,1,1
adlabsmarketing.com,7,0,1,1
adnwebtech.com,7,0,1,1
adrews.org.in,7,0,6,1
adultseo.org,7,0,2,1
adumarketingpros.com,7,0,1,1
adwords-gestion-conseil.com,7,0,1,1
aestheticveritas.blog,7,0,1,1
affboosters.com,7,0,2,1
affgem.com,7,0,1,1
affiliateprogramfinder.com,7,0,3,1
affiliation-direct.net,7,0,7,1
affmojo.com,7,0,10,1
affranking.com,7,0,1,1
agenceaetp.com,7,0,2,1
agentedeviagem.com,7,0,7,1
agncmarketing.com.br,7,0,2,1
ai-promote.com,7,0,1,1
aiapply-blog.webflow.io,7,0,1,1
aibase.dev,7,0,2,1
aibuildermarketplace.com,7,0,3780,1
aicopy.org,7,0,1,1
aidealstoday.com,7,0,2,1
airyourvoice.com,7,0,1,1
aisoftwarelist.com,7,0,1,1
ajelplus.com,7,0,2,1
ajmassoc.com,7,0,1,1
alainnicolas.fr,7,0,3,1
albertoestrada.es,7,0,1,1
aldeclic.fr,7,0,1,1
alejandria.edu.uy,7,0,15,1
alejandroramos.net,7,0,1,1
alexeybychkov.by,7,0,2,1
alexmohr.racing,7,0,4,1
algoro.pt,7,0,1,1
allogi.me,7,0,1,1
almondrvpark.com,7,0,3,1
alphaweb.nl,7,0,1,1
alriyadh-city.com,7,0,1,1
alternativeincomemagazine.com,7,0,1,1
alvarogonzalezsotillo.github.io,7,0,2,1
ama-zumagroup.com,7,0,1,1
amanaggarwal.in,7,0,1,1
amari-agency.fr,7,0,4,1
amathe.in,7,0,1,1
amazonasdigital.com.co,7,0,1,1
ambulo.tv,7,0,4,1
ammyroth.com,7,0,1,1
amore.mx,7,0,1,1
amuzeshtak.com,7,0,1,1
analy.fr,7,0,1,1
ancot.cl,7,0,1,1
andginja.com,7,0,3,1
andres-dev.com,7,0,1,1
antibodyproduction.co.uk,7,0,6,1
antoinelounis.com,7,0,1,1
antonin.systems,7,0,2,1
aoirolabo.com,7,0,2,1
aonesol.com,7,0,1,1
apexsockets.com,7,0,2,1
aporia.info,7,0,1,1
app-quefome.com.br,7,0,5,1
applyblast.com,7,0,7,1
appsmanager.in,7,0,11,1
aptapace.com,7,0,1,1
arc2.co.uk,7,0,1,1
ardan.law,7,0,2,1
arenadoseduardoehijo.com.ar,7,0,2,1
arencos.com,7,0,18,1
arkadia.design,7,0,1,1
art-events.de,7,0,1,1
arteducation.kr,7,0,8,1
as-consult.io,7,0,4,1
ashwoodphotography.co.uk,7,0,1,1
askill.sh,7,0,3,1
asktech.support,7,0,1,1
astrian.moe,7,0,1,1
athome-essentials.com,7,0,2,1
atividadesextensionistas.com,7,0,1,1
atlas-solutions-informatiques.fr,7,0,1,1
atoz.tools,7,0,1,1
atozmarketing.eu,7,0,1,1
atw.ac.id,7,0,1,1
audiencecible.com,7,0,1,1
aurelius.net,7,0,1,1
auroragoldshop.com,7,0,2,1
autoextra.ro,7,0,2,1
automated-biz.com,7,0,4,1
autoseo.io,7,0,11,1
autovaletsystems.com,7,0,6,1
awesome-statuspages.com,7,0,1,1
awstip.com,7,0,4,1
axiolo.com,7,0,2,1
axnhost.com,7,0,2,1
azattorneys.com,7,0,6,1
azblog.it,7,0,1,1
azcreates.com,7,0,1,1
b2bcrossing.com,7,0,3,1
b2bsolutions.ca,7,0,3,1
b3i.fr,7,0,6,1
babyhome.dk,7,0,2,1
babytid.dk,7,0,4,1
bamdad.net,7,0,25,1
bandin.com,7,0,1,1
barenakedscam.com,7,0,4,1
barsektionen.dk,7,0,17,1
baycitizen.org,7,0,1,1
bbk-steuerberatung.at,7,0,1,1
becomingfi.fr,7,0,40,1
beehives.marketing,7,0,1,1
beele.co.uk,7,0,3,1
begien.com,7,0,5,1
bejaranoconsultant.com,7,0,9,1
bemainstream.com,7,0,2,1
benlacey.co.uk,7,0,1,1
bensherbsplace.com,7,0,6,1
beoka.com.my,7,0,3,1
beproductiveeveryday.com,7,0,3,1
bergjan-oettel.de,7,0,1,1
berjisan66.com,7,0,2,1
berley.co.uk,7,0,2,1
besthang.co.kr,7,0,6,1
besthosting.ge,7,0,68,1
bestpick.online,7,0,7,1
beststartup.us,7,0,2,1
bezpiecznafirma.com.pl,7,0,1,1
bigcedar.agency,7,0,1,1
bio-65.co.uk,7,0,2,1
bistarai.info,7,0,1,1
bitcoininsider.org,7,0,6,1
bizscoreai.com,7,0,2,1
blacksteelpress.com,7,0,1,1
blekenbleu.github.io,7,0,1,1
blendee.com,7,0,7494,1
blog2learn.com,7,0,4,1
bloggerchest.com,7,0,107,1
blogitright.com,7,0,151,1
blogsvila.com,7,0,133,1
blogvadi.com,7,0,1,1
blogzet.com,7,0,176,1
bloisassociados.com.br,7,0,1,1
blominko.com,7,0,3,1
bloxnews.net,7,0,1,1
blubirdmarketingservices.com,7,0,1,1
blue-web-agency.fr,7,0,1,1
bluemountainvelo.com,7,0,18,1
blumble.com,7,0,1,1
bnsalem.ae,7,0,3,1
bob.tw,7,0,3,1
bonaldi.net,7,0,110,1
boycheva.com,7,0,2,1
bpvips.com,7,0,1,1
brainworx.co.nz,7,0,1,1
brandlogoimages.com,7,0,2,1
brandsholder.com,7,0,1,1
brandsolution.pe,7,0,1,1
brandtonics.com,7,0,1,1
brill.co.za,7,0,29,1
brimley3.hatenablog.com,7,0,1,1
brookbuild.com,7,0,4,1
brothersmcserbia.com,7,0,6,1
brownecompany.com,7,0,1,1
brunofraga.com,7,0,3,1
buildingnichewebsites.com,7,0,4,1
buithucdong.com,7,0,4,1
businessaccelerator.com,7,0,54,1
businessguru.co,7,0,1,1
businessrocket.ai,7,0,1,1
bussola-pt.com,7,0,1,1
busybee.marketing,7,0,5,1
butlersbottle.com,7,0,1,1
bworldtools.com,7,0,1,1
byblossom.pl,7,0,1,1
byfaithmsm.com,7,0,7,1
cabriol.re,7,0,1,1
calliday.com,7,0,2,1
camaradesantacruzcabralia.ba.gov.br,7,0,361,1
canalizeprm.com.br,7,0,2,1
cantinhodoromeo.com.br,7,0,1,1
captainpragmatic.com,7,0,1,1
careercreators.consulting,7,0,1,1
carloalbertofranzon.com,7,0,1,1
cashmaker.org.uk,7,0,2,1
casin.fr,7,0,1,1
castlemodapks.com,7,0,1,1
catchpolestays.co.uk,7,0,2,1
catsurprised.com,7,0,1,1
cayo.io,7,0,2,1
cbarquitecto.com.ar,7,0,1,1
cci-nursing.com,7,0,6,1
cectechsupport.com,7,0,72,1
centredigital.org,7,0,1,1
centrefars.com,7,0,12,1
certifiedautorepair.us,7,0,2,1
cevenecare.com,7,0,6,1
changesofaiken.com,7,0,52,1
channel27.co.kr,7,0,19,1
checkblacklist.altervista.org,7,0,1,1
chiara8.link,7,0,1,1
chiubaca.com,7,0,5,1
chocolartwork.com,7,0,1,1
chooselifeexpress.com,7,0,1,1
christiandiazr.com,7,0,1,1
christinanicholson.com,7,0,1,1
christine-arnaud.com,7,0,2,1
chunortho.com,7,0,15,1
cibgraphics.com,7,0,1,1
cinewap.me,7,0,1,1
clead.ir,7,0,2,1
cleardoorseo.com,7,0,1,1
clemengermediasales.com.au,7,0,1,1
clickalpes.fr,7,0,3,1
clicshopping.org,7,0,1,1
cloud-follow.com,7,0,1,1
cloudnativejourney.in,7,0,2,1
cloudstudio.com.au,7,0,1,1
clyppertechnology.com,7,0,1,1
cnwindsorbrokers.com,7,0,63,1
cocofrappe.com,7,0,1,1
cocxnut.com,7,0,1,1
codeias.com,7,0,1,1
codersitalia.it,7,0,15,1
codeworxdevelopers.com,7,0,2,1
coldeja.com,7,0,1,1
colet.space,7,0,4,1
collectiveray.com,7,0,6,1
colomet.com.ar,7,0,6,1
comashal.com,7,0,2,1
comparefuturetech.com,7,0,1,1
compeforma.fr,7,0,1,1
competitionsrl.com,7,0,6,1
compuvate.com,7,0,1,1
conceptbranch.com,7,0,18,1
conceptclarity.ca,7,0,1,1
confianceclient.fr,7,0,1,1
confluencecoach.com,7,0,1,1
conquestdigitalsolutions.com,7,0,1,1
consciousvibes.com,7,0,2,1
contentmarketinglife.com,7,0,1,1
contextualpartnership.com,7,0,1,1
controldetierra.com,7,0,1,1
convertai.pl,7,0,1,1
cooperfields.co.uk,7,0,1,1
correobox.mx,7,0,1,1
cotexinsulation.co.uk,7,0,1,1
countonclean.com.au,7,0,3,1
coutinho.net,7,0,152,1
cowboytimes.com,7,0,6,1
craftweeks.com,7,0,2,1
create-it-myself.com,7,0,1,1
creationsitewebquebec.com,7,0,1,1
creative-web.work,7,0,1,1
creativearcade.design,7,0,1,1
creativesnext.com,7,0,2,1
creativity-capital.com,7,0,1,1
creativosweb.com.co,7,0,2,1
crediblecaptain.com,7,0,10,1
crm-pro.com.ar,7,0,1,1
crossaluminum.com,7,0,6,1
cruznaira.com,7,0,1,1
cttcedu.in,7,0,1,1
cubbay.com,7,0,1,1
cursosdafaculdade.com.br,7,0,1,1
customersuccesssnack.com,7,0,2,1
cyberandi.synology.me,7,0,1,1
cyberfights2.com,7,0,1,1
cyberyweb.fr,7,0,1,1
cykelpris.dk,7,0,2,1
d3m.pl,7,0,1,1
dacmosgroup.com,7,0,2,1
daeguhealth.kr,7,0,15,1
dailyrake.ca,7,0,1,1
dakidarts.com,7,0,1,1
damshustle.com,7,0,2,1
danhartsteinlaw.com,7,0,2,1
danuanalitica.com,7,0,2,1
darkboysmedia.com,7,0,1,1
darwinrecruitment.de,7,0,2,1
datauniverse.com.br,7,0,1,1
daydevelopers.com,7,0,1,1
daytoncommunityevents.com,7,0,69,1
dbgloyalty.com,7,0,75,1
dcollao.pages.dev,7,0,1,1
dcwebrevolution.com,7,0,3,1
deahora.net,7,0,1,1
dealsstacks.com,7,0,1,1
decap-group.com,7,0,2,1
dedigo.fr,7,0,1,1
depaninformatique.xyz,7,0,1,1
dermachacek.com,7,0,1,1
derwebfuchs.de,7,0,2,1
desainae.com,7,0,39,1
designmarketking.nl,7,0,2,1
designode.co.kr,7,0,7,1
deug7.free.fr,7,0,61,1
devblondie.com,7,0,1,1
devmeetsdevs.com,7,0,87,1
devscout.com,7,0,1,1
devstock.pl,7,0,2,1
devtop.io,7,0,1,1
dffloorcovering.com,7,0,12,1
dfstudiodesign.com,7,0,5,1
dgsac.com.pe,7,0,1,1
dhermavita.com.ar,7,0,297,1
dhiclinicpanama.com,7,0,1248,1
dhmtech.com,7,0,6,1
diaman.de,7,0,1,1
diariodirecto.net,7,0,2,1
diariomundo.es,7,0,1,1
diffyweb.com,7,0,1,1
digidati.art,7,0,2,1
digiedia.com,7,0,1,1
digilite.co,7,0,2,1
digit2sight.com,7,0,1,1
digita.org,7,0,19,1
digitalarcane.com,7,0,1,1
digitalbyserenity.com,7,0,4,1
digitaldebashreedutta.com,7,0,1,1
digitaldocks.de,7,0,1,1
digitalempire2.com,7,0,14,1
digitalintheround.com,7,0,1,1
digitalnomadventures.com,7,0,5,1
digitalready.fr,7,0,1,1
digitalusman.pk,7,0,2,1
digitalyeast.com,7,0,1,1
digitnomad.net,7,0,1,1
diiamo.cn,7,0,3,1
disletouthaut.fr,7,0,1,1
ditsolution.net,7,0,1,1
dkambio.com,7,0,1,1
doarpeinternet.com,7,0,1,1
docsopensource.github.io,7,0,8,1
docsref.com,7,0,2,1
documentacionhoy.com,7,0,4,1
dominikboessl.de,7,0,1,1
dongmaek.com,7,0,1,1
donutatwork.com,7,0,2,1
doodlepod.co.uk,7,0,1,1
douibweb.com,7,0,5,1
downrightnow.app,7,0,1,1
dreamlinesuites.com,7,0,2,1
dreamthere.cn,7,0,1,1
dreppasco.edu.pe,7,0,22,1
drfconaway.com,7,0,6,1
dropshipcorporation.com,7,0,1,1
drryanmitchell.com,7,0,3,1
dudepins.com,7,0,1,1
duspeech.com,7,0,1,1
dwvkorea.com,7,0,1,1
dyingtowrite.com,7,0,1,1
e-dschungel.de,7,0,1,1
e-sue.com,7,0,3,1
e-tisrl.com,7,0,2,1
e2e-test-quest.github.io,7,0,1,1
easyfeiji.com,7,0,1,1
easyskyline.com,7,0,1,1
easyxiaoheiniu.com,7,0,1,1
eclecticcowgirl.com,7,0,3,1
ecom-store.pro,7,0,1,1
ecomintegrators.com,7,0,1,1
ecosupplements.es,7,0,2,1
ecosupplements.pl,7,0,4,1
edu-websites.co.uk,7,0,1,1
eduhelpcentral.com,7,0,7,1
edutechpulse.com,7,0,3,1
edutecinfo.com,7,0,2,1
ees-engineering.de,7,0,2,1
egonsarvreviews.com,7,0,1,1
ekad-co.ir,7,0,1,1
elartedeadelgazaraprendiendoacomer.es,7,0,1,1
eldesarrolladordeapps.com,7,0,1,1
electronicshub.org,7,0,1,1
electrovigyan.com,7,0,2,1
elektronik-priser.dk,7,0,4,1
element-exe.fr,7,0,1,1
elevasidigital.com,7,0,1,1
elionip.com,7,0,29,1
eliteaffiliatehacks.com,7,0,15,1
elitemasterproperties.com,7,0,1,1
elizabethalarcon.com,7,0,2,1
ello-yello.com,7,0,1,1
elyssamcgregor.com,7,0,1,1
emilywritesllc.com,7,0,1,1
emonicsacademy.com,7,0,2,1
emplois-adjointe.ca,7,0,1,1
energyinbasilicata.com,7,0,1,1
enishiblog.org,7,0,1,1
eparadies.com,7,0,12,1
equipeats.fr,7,0,1,1
erickswebsdesign.com,7,0,1,1
erpqatar.net,7,0,2,1
esppop.com,7,0,455,1
estives.fr,7,0,1,1
estudiotachella.com,7,0,1,1
eunika.agency,7,0,1,1
evendedraadkwijt.nl,7,0,3,1
everestonlinemarketing.com,7,0,1,1
evolucionperu.com,7,0,2,1
evolve-medical.com,7,0,3,1
evolveddistribution.com,7,0,3,1
ewaldvorberg.de,7,0,2,1
exceladvisors.com.au,7,0,2,1
excelontheweb.com,7,0,1,1
expartagency.com,7,0,1,1
expatriateslife.com,7,0,4,1
experientialdesigngroup.com,7,0,22,1
expertbus.biz,7,0,1,1
ez.lol,7,0,2,1
f3nixtech.com,7,0,3,1
fabriziodeluca.net,7,0,1,1
facaimike.com,7,0,3,1
factually.co,7,0,38,1
fairweb.dk,7,0,1,1
faiseursdeboite.fr,7,0,1,1
fastcloud.sg,7,0,3,1
fastnextapp.com,7,0,1,1
fastqifei.com,7,0,2,1
fbrandhosting.com,7,0,1,1
featherlight-design.com,7,0,1,1
feedbackrules.com,7,0,1,1
feedglass.com,7,0,1,1
feelfree.in,7,0,2,1
feijn.nl,7,0,1,1
fenceworldar.com,7,0,12,1
fffhobbyshop.xii.jp,7,0,1,1
filemakerturk.com,7,0,13,1
findmyshift.de,7,0,1,1
findsponso.com,7,0,4,1
fitenvironment.fr,7,0,1,1
fivestargrass.nl,7,0,6,1
fkcenterkw.com,7,0,1,1
flexmlsmexico.com,7,0,4,1
flows.cv,7,0,1,1
fluenglish.com.br,7,0,1,1
fluid-27.hatenablog.com,7,0,1,1
fluyeporlaweb.com,7,0,1,1
fly-equity.com,7,0,1,1
foofoofoo.com,7,0,3,1
forfun.su,7,0,1,1
formulem.com,7,0,1,1
forsthaus-falkner.de,7,0,3,1
fourthcoastweb.com,7,0,2,1
frabusparts.com,7,0,22,1
fragonstudios.com,7,0,1,1
francescorotondo.it,7,0,2,1
francescorotondographics.it,7,0,2,1
fredwang.blogspot.com,7,0,2,1
freefromfinder.com,7,0,1,1
freelancecrew.nl,7,0,1,1
freelanceworkinginstitute.com,7,0,1,1
freepressmarketing.com,7,0,1,1
freetier.co,7,0,3,1
fresheggs.biz,7,0,2,1
freund-partner.com,7,0,1,1
friscomom.com,7,0,1,1
frog-song.hatenablog.com,7,0,1,1
frontendhero.dev,7,0,3,1
fruudoo.com,7,0,1,1
frvps.com,7,0,1,1
fspirits.com,7,0,5,1
fullstacklib.azurewebsites.net,7,0,1,1
fyndasmart.se,7,0,3,1
gabrielwebsolutions.com.au,7,0,6,1
gaelbillon.com,7,0,2,1
galatas.de,7,0,2,1
garcon-studios.ch,7,0,1,1
garyjohnson53.wordpress.com,7,0,1,1
gbe0.com,7,0,1,1
gcloud.com.co,7,0,1,1
gedix.info,7,0,1,1
gemmapeanut.com,7,0,2,1
geoscout.pro,7,0,5,1
getchem.com,7,0,6,1
getdyl.com,7,0,1,1
ghcinc.com,7,0,3,1
giffordproductions.com,7,0,6,1
gimtekno.com,7,0,1,1
gittrend.io,7,0,3,1
gizmeo.eu,7,0,151,1
gjsori.com,7,0,9,1
glassivy.com,7,0,1,1
globalgbc.com.mx,7,0,1,1
globaltechnologymagazine.com,7,0,1,1
glyphary.io,7,0,2,1
go2lean.nl,7,0,3,1
gofortrial.com,7,0,5,1
gohomeasap.com,7,0,1,1
goodrealizer.com,7,0,1,1
gopickhost.com,7,0,2,1
gowordpress.cc,7,0,11,1
gpl-love.com,7,0,3,1
gplcare.com,7,0,1,1
grandeur.media,7,0,4,1
graphl.tech,7,0,2,1
graslax.com,7,0,1,1
greenweb.world,7,0,4,1
griffithobs.org,7,0,12,1
gripventure.com,7,0,1,1
grisma.com.np,7,0,2,1
grooverise.com,7,0,5,1
grow.cheap,7,0,2,1
growsera.com,7,0,5,1
grupoapok.com,7,0,1,1
grupotons.com,7,0,6,1
gs-student.com,7,0,1,1
guayoyomarketing.com,7,0,1,1
gufosaggio.net,7,0,6,1
gulmohardigitech.com,7,0,1,1
gunbizpos.com,7,0,1,1
guyrcook.com,7,0,2,1
hadiatech.com,7,0,1,1
haktechs.com,7,0,1,1
halloblauw.nl,7,0,3,1
hannampark.com,7,0,7,1
harakasa.com,7,0,20,1
hartcoremedia.com,7,0,1,1
haruyanpapa.net,7,0,1,1
haweh.com,7,0,36,1
hawke-media-website-31ec1d59b641e756d0d.webflow.io,7,0,1,1
hax.tec.br,7,0,12,1
healthcloudsolutions.org,7,0,1,1
hectech.fr,7,0,2,1
hectorrobin.se,7,0,1,1
hellomybd.com,7,0,3,1
hellomyworld.net,7,0,1,1
helloweba.net,7,0,2,1
helprocure.com,7,0,2,1
helpsimply.com.sg,7,0,2,1
heningerdental.com,7,0,4,1
henningvongierke.com,7,0,10,1
hepcoconstruction.com,7,0,6,1
heppiezorg.com,7,0,2,1
hepsihesapla.com,7,0,30,1
heycmo.com,7,0,4,1
hh-pc.blogspot.com,7,0,1,1
hibikore.net,7,0,1,1
hilcodc.com,7,0,3,1
hilfe-tricks-tipps.de,7,0,1,1
hinditechblog.com,7,0,1,1
hirecollin.com,7,0,2,1
histoiredebambou.com,7,0,2,1
hitcubans.com,7,0,2,1
hjqatar.com,7,0,3,1
holistichealthblogger.com,7,0,1,1
homepage-anleitung.de,7,0,1,1
hommaforum.community,7,0,1,1
hoopesedwards.com,7,0,1,1
hoort.dev,7,0,1,1
hootspy.com,7,0,2,1
hospedac.com.br,7,0,12,1
hostedwp.com.au,7,0,1,1
hostingtjek.dk,7,0,1,1
hostnog.com,7,0,2,1
hosttech.net,7,0,19,1
houston-building-maintenance.com,7,0,15,1
hovietcan.com,7,0,1,1
howtodojo.com,7,0,1,1
hsfcardio.org,7,0,3,1
hsiang.cc,7,0,1,1
husaria-marketing.com,7,0,1,1
iblogo.com,7,0,42,1
ice-energies.fr,7,0,1,1
icelandconsulateghana.com,7,0,14,1
ict-partners.co.uk,7,0,2,1
id-com-services.fr,7,0,1,1
iestpaltohuallaga.edu.pe,7,0,57,1
ileofinancials.com,7,0,1,1
ilsandental.com,7,0,4,1
ilvwp.com,7,0,1,1
image-rx.com,7,0,79,1
inbocf.or.kr,7,0,3,1
incifit.fr,7,0,1,1
indiestack.ai,7,0,1,1
indoortimes.net,7,0,1,1
industrial-games.com,7,0,2,1
industrialassociates.com,7,0,6,1
infiniporn.com,7,0,1,1
infipereira.gov.co,7,0,190,1
info77548.wixsite.com,7,0,1,1
informatix.systems,7,0,1,1
infotechcampus.com,7,0,1,1
insidepro360.com,7,0,2,1
inspirationindex.app,7,0,16,1
intelligic.in,7,0,1,1
interiorscapesinc.com,7,0,87,1
interlan.ec,7,0,3,1
internet-marketeux.fr,7,0,4,1
internetpeople.net,7,0,1,1
intranetssl.net,7,0,14,1
inventrium.net,7,0,1,1
ipgeeks.com,7,0,1,1
ipubpro.com,7,0,3,1
irantbs.com,7,0,1,1
irishpony.com,7,0,109,1
iseeksimple.com,7,0,2,1
istec-bangangte.com,7,0,2,1
istockanalyst.click,7,0,2,1
it-trouble.help,7,0,12,1
italent.mx,7,0,7,1
itconnect.dev,7,0,1,1
iteachglobally.co.uk,7,0,108,1
itinfosys.uk,7,0,1,1
itsuki-jp.github.io,7,0,1,1
ivisitdoc.com,7,0,9,1
iwhale.com,7,0,9,1
izradawebsajta.org,7,0,8,1
jackgoogleseo.com,7,0,1,1
jagabond.com,7,0,2,1
jamiiforums.ke,7,0,1,1
janezsebenik.com,7,0,3,1
janhit.in,7,0,3,1
japaninsidernews.com,7,0,2,1
jasonandco.wordpress.com,7,0,16,1
javascript.org.ua,7,0,1,1
jcaldwellassociates.com,7,0,12,1
jeilbearing.co.kr,7,0,3,1
jenniferpeaslee.com,7,0,3,1
jessicajournals.com,7,0,2,1
jeweb.xyz,7,0,1,1
jigsawkraft.com,7,0,3,1
jimdepalma.com,7,0,1,1
jixun.uk,7,0,1,1
joaobotas.pt,7,0,1,1
jobless.dev,7,0,1,1
johnnydigital.com.br,7,0,1,1
johnsonstanleylimited.com,7,0,2,1
jomulog.com,7,0,2,1
jornaldomarketing.com.br,7,0,1,1
jpromano.com,7,0,1,1
jtkmanagement.com,7,0,6,1
junglacode.org,7,0,8,1
just-thoughts.com,7,0,27,1
jwatts.com,7,0,6,1
kaestro.github.io,7,0,1,1
kairayoo.com,7,0,1,1
kaito87.hatenablog.com,7,0,2,1
karobben.github.io,7,0,9,1
kasiakeenan.com,7,0,1,1
kaydianneblog.wordpress.com,7,0,1,1
kazuki.page,7,0,1,1
kefihub.co.uk,7,0,96,1
kehan.cc,7,0,1,1
keikomizuno.com,7,0,8,1
kentwebservices.uk,7,0,4,1
kevintsamo.com,7,0,8,1
key2blogging.com,7,0,1,1
kga-alt-karow.de,7,0,352,1
khalidoubelque.wordpress.com,7,0,1,1
khirkhalid.com,7,0,1,1
kiduma.co.il,7,0,1,1
killerstartups.com,7,0,4,1
kinkell.com,7,0,6,1
klantkompas.com,7,0,2,1
klantroef.com,7,0,1,1
klavisas.lt,7,0,2,1
klclick.com,7,0,1,1
knowledgecentreguy.uk,7,0,6,1
kompressor-kuehlboxen.de,7,0,2,1
kosodante.com,7,0,1,1
krabis.cz,7,0,3,1
kristinas-wortwelten.de,7,0,1,1
kulaa.or.kr,7,0,4,1
kyungmintec.com,7,0,5,1
lackyimpianti.com,7,0,9,1
lalupadigital.com,7,0,1,1
langchaincn.com,7,0,1,1
laomoss.com,7,0,1,1
laratech.jp,7,0,2,1
laravel-entwickler.de,7,0,20,1
lasa.vn,7,0,1,1
lastchancepart.com,7,0,396,1
laventanagris.com,7,0,1,1
lazyman.in,7,0,2,1
leapcontent.vn,7,0,2,1
learntechniquee.com,7,0,1,1
lekhok.me,7,0,1,1
lelabentrepreneur.com,7,0,18,1
lennydvo.com,7,0,4,1
leocarmo.dev,7,0,1,1
leonardomarioto.com,7,0,3,1
leonchan.xyz,7,0,1,1
lettersbywhit.com,7,0,1,1
libertaeazione.it,7,0,1,1
liboxx.com,7,0,2,1
lighthousecg.com,7,0,1,1
lillsjostrom.com,7,0,1,1
linkstest.com,7,0,5,1
linova-education.fr,7,0,1,1
linstructeur.com,7,0,1,1
linuxchina.net,7,0,2,1
linuxjoy.com,7,0,4,1
linxrepairwebsites.com,7,0,3,1
litecohospitality.com.au,7,0,2,1
livingquarters.club,7,0,2,1
livmore.co,7,0,3,1
lloydlawgroup.com,7,0,2,1
local-leads.ai,7,0,1,1
localmeet.io,7,0,1,1
logicabeans.com,7,0,1,1
logongas.es,7,0,1,1
londrinaseo.com.br,7,0,1,1
looiershuis.store,7,0,2,1
lovit.uk,7,0,1,1
luciddms.com,7,0,1,1
luhoster.com,7,0,2,1
lumeaseoppc.ro,7,0,344,1
luxdesignworks.com,7,0,1,1
lwpweb.com,7,0,1,1
lyjoomach.com,7,0,1,1
lynpadden.dk,7,0,2,1
macadesign.dk,7,0,2,1
maestrea.com,7,0,1,1
magnet88jp.hateblo.jp,7,0,2,1
mamerica.net,7,0,6,1
managedwpguide.com,7,0,20,1
manning.io,7,0,2,1
mantdesign.com,7,0,2,1
mantencionweb.cl,7,0,1,1
manzoumeh.ir,7,0,1,1
mapadapalavra.ba.gov.br,7,0,43,1
maplesyrupmarketing.ca,7,0,2,1
marcablanca.online,7,0,1,1
marialitarova.com,7,0,3,1
marieproseo.fr,7,0,1,1
marketingconvalores.es,7,0,1,1
marketingdigitalalicante.es,7,0,1,1
marketingtoolkit.org,7,0,2,1
marketliftup.com,7,0,4,1
marktecher.com,7,0,85,1
martikaiset.net,7,0,4,1
martinuvzivot.cz,7,0,1,1
masalacards.com,7,0,6,1
masanork.github.io,7,0,2,1
maspomer.com,7,0,4,1
masqueseguridad.info,7,0,1,1
masrawysat111.com,7,0,5,1
masterlamfoods.com,7,0,198,1
mateo08.fr,7,0,1,1
mathichen.hatenablog.com,7,0,1,1
matm.co.uk,7,0,2,1
mattedwardseo.com,7,0,1,1
mattstowingutah.com,7,0,36,1
mavericks-restaurant.com,7,0,2,1
maximgorin.com,7,0,1,1
maximizeeducacao.com.br,7,0,1,1
mazuripartnerzy.pl,7,0,1,1
mc.waw.pl,7,0,1,1
mcldentallab.com,7,0,3,1
md.lt,7,0,4,1
mdwcreative.it,7,0,3,1
mediarecoveryplugin.com,7,0,7,1
medicigolfisti.it,7,0,6,1
medienmarmela.de,7,0,1,1
medspaseosolutions.com,7,0,1,1
meilleur-serveur-dedie.fr,7,0,10,1
mejoratuscompetencias.com,7,0,1,1
mercaderesdigitales.com,7,0,2,1
metalni-vrati.net,7,0,3,1
metatrail.io,7,0,11,1
metaverseproject.nl,7,0,6,1
metricsmag.com,7,0,1,1
metronyx.co.uk,7,0,2,1
meukultura.com,7,0,1,1
meusiteagora.com.br,7,0,4,1
michelemincone.com,7,0,2,1
mikesdatabaseplace.com,7,0,1,1
mikit-tz.com,7,0,2,1
mind-blow.net,7,0,12,1
mindseed.cn,7,0,1,1
miraldscale.com,7,0,1,1
mirkolapi.com,7,0,8,1
mitchelldepalm.com,7,0,1,1
mitsgriffin.com,7,0,1,1
miwebmadrid.es,7,0,1,1
mjfrigaard.github.io,7,0,1,1
mkawlat26.com,7,0,1,1
mktlab.es,7,0,1,1
mmadeveloper.com,7,0,1,1
mobilegiant.net,7,0,1,1
modeunlaw.com,7,0,18,1
mohidul.com,7,0,1,1
moltoberlino.com,7,0,1,1
momstudio.co,7,0,1,1
monaghanmechanical.com,7,0,12,1
monetizaalmaximo.com,7,0,1,1
mongezz.com,7,0,4,1
monparrainage.com,7,0,1,1
moroccopreneur.com,7,0,1,1
mpeblog.com,7,0,4,1
mpeinture.ca,7,0,22,1
mrcl0wn.com,7,0,1,1
mrfitnesscience.com,7,0,1,1
mrhighsprey.com,7,0,8,1
mrtux.it,7,0,55,1
muthurwa.com,7,0,1,1
muzej-rogatec.si,7,0,1,1
mxp.digital,7,0,2,1
mydentalpracticeblog.com,7,0,8,1
myeventangels.com,7,0,3,1
mygrowthlog.com,7,0,1,1
myseo.ru,7,0,1,1
nabdtek.com,7,0,1,1
naksdomain.ph,7,0,5,1
nameless-one.net,7,0,1,1
nananggunawan.com,7,0,1,1
natashamusa.com,7,0,2,1
nationalnurserytraining.com,7,0,6,1
natives-digital.fr,7,0,2,1
naturural.es,7,0,2,1
nawebbrasil.com.br,7,0,56,1
nemove.ir,7,0,1,1
neobyteservices.fr,7,0,1,1
neouniv.com,7,0,4,1
netallcorrect.com,7,0,2,1
netbi.de,7,0,1,1
netilly.com,7,0,4,1
netzblick.news,7,0,1,1
nevomaster.com,7,0,3,1
newmarketing.mx,7,0,2,1
nexivstudio.com,7,0,2,1
nfica.org,7,0,1,1
ngpuifu.com.hk,7,0,68,1
nhatphuc.com,7,0,1,1
nicheinformer.com,7,0,2,1
nipponnewsdesk.com,7,0,1,1
nippontrenddaily.com,7,0,1,1
nisce.net,7,0,5,1
noe-site-internet.fr,7,0,3,1
nonprofitprice.com,7,0,6,1
noobunbox.net,7,0,7,1
norbertodognini.it,7,0,5,1
norcrossdigitalmarketing.com,7,0,1,1
northroyalton-dentist.com,7,0,6,1
notasweb.me,7,0,4,1
noticeblue.com,7,0,16,1
nowcyberdefense.com,7,0,1,1
nspaz.edu.pe,7,0,7,1
nuneatonfixings.co.uk,7,0,1,1
nyansapormedia.net,7,0,1,1
nyttomallt.se,7,0,1,1
nzfiw.co.nz,7,0,1,1
oblikovanje-spletnih-strani.si,7,0,1,1
office-aship.info,7,0,1,1
officinewordpress.it,7,0,6,1
ohvely22.com,7,0,2,1
okihiro-school.com,7,0,1,1
olixlab.com,7,0,3,1
omeedy.com,7,0,3,1
onbudgetservices.com,7,0,1,1
ondasdeelliott.es,7,0,1,1
oneapplefall.com,7,0,1,1
oneder.land,7,0,18,1
onemanarmy.in,7,0,3,1
onkelas.com,7,0,1,1
onlinetist.com,7,0,2,1
onlinksoft.com,7,0,151,1
opencartitalia.it,7,0,2,1
openchannels.fm,7,0,149,1
optimitylogics.com,7,0,2,1
optimizacijasajtacena.rs,7,0,1,1
ora-de-religie.ro,7,0,2,1
oreil.ly,7,0,1,1
originalvideoreviews.com,7,0,2,1
otomatix.tech,7,0,1,1
owocneinwestycje.pl,7,0,1,1
oxigen.cl,7,0,1,1
ozantok.net,7,0,126,1
ozzyczech.cz,7,0,2,1
pagematerialy.pl,7,0,1,1
panicblanket.com,7,0,1,1
pantopixsphere.com,7,0,4,1
paolodellaguzzo.com,7,0,1,1
paradoxproductions.org,7,0,1,1
paradyse-tactical.com,7,0,1,1
parkpressprinters.com,7,0,4,1
parkworthwp.co.uk,7,0,6,1
pedagogicotarapoto.edu.pe,7,0,7,1
perfair.de,7,0,2,1
pesticidereform.ca,7,0,4,1
phanmempos.com,7,0,4,1
phi-creative.com,7,0,1,1
phongmy.vn,7,0,1,1
photocube.fr,7,0,1,1
physioshopflagstaff.com,7,0,2,1
pifferistore.it,7,0,1,1
pilotstormteam.com,7,0,8,1
pinschermedia.se,7,0,1,1
pisi.africa,7,0,4,1
pixfeed.net,7,0,1,1
plant-wide.com,7,0,1,1
planx.pk,7,0,2,1
plataformasead.com,7,0,1,1
platformeconomyinsights.com,7,0,2,1
podcast365.ro,7,0,1,1
pogowasright.org,7,0,1,1
polo-web.com,7,0,33,1
poroskompas.id,7,0,1,1
porras.ch,7,0,1,1
poxse.com,7,0,3,1
pozi.pro,7,0,5,1
ppcjuice.com,7,0,1,1
ppcpartner.cz,7,0,1,1
ppmijeddah.com,7,0,2,1
ppwpchamber.com,7,0,8,1
praise237.com,7,0,11,1
precisiondigital-llc.com,7,0,1,1
prefr.co,7,0,1,1
premonio.com,7,0,1,1
pressless.io,7,0,1,1
prestigeandelite.com,7,0,6,1
prestofrescopizza.com,7,0,3,1
priority1computers.com,7,0,1,1
prodreaminvestor.com,7,0,1,1
profan.es,7,0,2,1
profillengkap.com,7,0,1,1
programbr.com,7,0,1,1
progrmdcapital.com,7,0,1,1
projetosufam.com.br,7,0,1,1
prolanceglobal.com,7,0,1,1
promcode.fr,7,0,1,1
providence-chiro.com,7,0,3,1
pryacht.com,7,0,2,1
ps-amc.com,7,0,2,1
pssp.app.br,7,0,1,1
puntobeauty.it,7,0,2,1
puripas.com,7,0,2,1
pvyempire.com,7,0,10,1
qlopedia.com,7,0,7,1
qlrr.fr,7,0,1,1
qqan.com,7,0,1,1
quangsilic.com,7,0,1,1
queenbeejackie.com,7,0,1,1
quentinra.dev,7,0,1,1
queondaus.com,7,0,2,1
querosite.com.br,7,0,3,1
raas.com,7,0,12,1
rabid.audio,7,0,2,1
ragusina.hr,7,0,1,1
raia.app,7,0,2,1
raidersfanteamshop.com,7,0,1,1
ramizwebdev.com,7,0,62,1
ramsat.net,7,0,1,1
rangcafe.vn,7,0,2,1
ranzlakaz.mu,7,0,3,1
rappelsnutblog.wordpress.com,7,0,1,1
rdly.ru,7,0,3,1
realizzazione-siti-milano.it,7,0,2,1
rebelxbrands.com,7,0,4,1
redninja.es,7,0,1,1
reelmotion.de,7,0,2,1
referencement-europeen.com,7,0,4,1
referencement-organique.fr,7,0,1,1
referralpartnersplus.com,7,0,2,1
reflag.net,7,0,1,1
reginafoo.blog,7,0,1,1
regionsneuro.com,7,0,1,1
relaunchberatung.de,7,0,1,1
relyvo.com,7,0,1,1
remoet.dev,7,0,2,1
remoteproductive.com,7,0,1,1
repuestosavl.cl,7,0,3,1
resch.cloud,7,0,1,1
resilience.sh,7,0,1,1
review42.com,7,0,17,1
revisatuweb.com,7,0,1,1
revistaecys.github.io,7,0,1,1
revontulet-bookshelf.work,7,0,1,1
revou.webflow.io,7,0,1,1
rhobalists.altervista.org,7,0,1,1
rianrietveld.com,7,0,4,1
riberahealthcare.org,7,0,204,1
richers.co,7,0,55,1
righthand.id,7,0,1,1
risingnippon.com,7,0,1,1
ritnerdigital.com,7,0,1,1
rkmthewebbuilder.com,7,0,88,1
roberthawthorne.com,7,0,2,1
robiestrony.co.uk,7,0,4,1
roman-andre.com,7,0,1,1
roofingwebagency.framer.website,7,0,1,1
runble1.com,7,0,1,1
runningdigital.com.br,7,0,1,1
ryanandleveson.com.au,7,0,222,1
rychlypocitac.sk,7,0,1,1
saasdata.vercel.app,7,0,1,1
sabinewenig.de,7,0,1,1
safety-drone.shop,7,0,2,1
saijo-web.com,7,0,1,1
sakusite.com,7,0,4,1
salveajulinha.com,7,0,2,1
sampahosting.com.br,7,0,1,1
samplesdl.me,7,0,139,1
samu.space,7,0,2,1
sanberlin.com,7,0,1,1
santaecommerce.com,7,0,3,1
santosguerra.com,7,0,2,1
sanvicentechicoloapan.net,7,0,1,1
sarpertekin.com,7,0,1,1
scalpsas.de,7,0,1,1
scholarlyo.com,7,0,4,1
schrek.fr,7,0,4,1
scrapinghub.ru,7,0,1,1
scriptstribe.com,7,0,526,1
seafoodholdhand.com,7,0,1,1
seancetenante.com,7,0,4,1
searchenginenews.wordpress.com,7,0,1,1
searchkit.cn,7,0,4,1
sebastian-hoehne.de,7,0,1,1
securewebcloud.com,7,0,1,1
securitycipher.com,7,0,1,1
sei-simple.com,7,0,6,1
sellvictoriarealestate.com,7,0,4,1
senangmarketplace.com,7,0,8,1
seniortechadvice.com,7,0,2,1
seo-ia.net,7,0,1,1
seo-news.fr,7,0,1,1
seo-raketten.dk,7,0,1,1
seoclub.ro,7,0,1,1
seopakistan.com,7,0,1,1
seoquito.com,7,0,1,1
seoservicesmadurai.com,7,0,1,1
seosmohub.com,7,0,2,1
seothailand.in.th,7,0,1,1
seoulplantdc.com,7,0,11,1
seqops.io,7,0,2,1
sermasivo.com,7,0,1,1
serrasimone.it,7,0,9,1
serviceawaits.com,7,0,1,1
servisaberlo.com,7,0,1,1
sfgrad.com,7,0,2,1
shamimsplugins.com,7,0,4,1
shih-chuan-shop.com,7,0,12,1
shiori-affi.com,7,0,1,1
shopera.lt,7,0,1,1
showcasemarketing.com,7,0,3,1
shuijingwanwq.com,7,0,5,1
silva.adv.br,7,0,8,1
simpletrends.hu,7,0,2,1
simplyharmonyfoods.com,7,0,87,1
simpplim.com,7,0,3,1
sinanaydemir.com.tr,7,0,2,1
sinergiaibero.net,7,0,1,1
sinosoft.co.ke,7,0,1,1
sinpe-pgm.com,7,0,1,1
sinrim.com,7,0,18,1
sizzlinslices.com.au,7,0,1,1
skillsgeniusacademy.com,7,0,1,1
skillsoon.com,7,0,1,1
skyforbes.com,7,0,33,1
skymooninfotech.com,7,0,2,1
slayva.com,7,0,2,1
smallbiztechnology.com,7,0,1,1
smalltips.net,7,0,2,1
smartechmolabs.com,7,0,1,1
smartestmedia.com,7,0,3,1
smartmakerweb.com,7,0,2,1
socialmediacalendar.co.uk,7,0,1,1
sociopathcommunity.com,7,0,1,1
sodevlog.com,7,0,4,1
softblog.tw,7,0,3,1
sogo-ona.com,7,0,1,1
sohamarketing.com,7,0,2,1
soixante-dix-huit.fr,7,0,4,1
soleitech.com,7,0,1,1
solutino.com,7,0,6,1
solutionsbasecamp.com,7,0,1,1
solvetechtoday.com,7,0,1,1
soninow.com,7,0,28,1
soon7.net,7,0,3,1
soulfreetravels.com,7,0,2,1
sourceforest.net,7,0,1,1
sourceitright.us,7,0,3,1
southernlanka.lk,7,0,1,1
southone.com,7,0,3,1
soxdigital.co.uk,7,0,1,1
spacser.blogspot.com,7,0,1,1
sparkjewellery.net,7,0,1,1
spiralcompute.co.nz,7,0,1,1
spreadshop.support,7,0,4,1
sprout-flowers.com,7,0,16,1
spu.rs,7,0,1,1
squareblogs.net,7,0,2,1
ssy7610.com,7,0,2,1
stackjobs.com,7,0,11,1
stackoptic.com,7,0,9,1
stacktribune.com,7,0,4,1
staphaus.com,7,0,1,1
starbugs.dev,7,0,1,1
stardust.blog,7,0,1,1
startupmandi.in,7,0,1,1
stephwritesstuff.co.uk,7,0,4,1
stiftelsenarken.no,7,0,6,1
stillmagicktipsandtricks.com,7,0,3,1
stimip.com,7,0,1,1
stocker-zaugg.ch,7,0,1,1
stoege.net,7,0,1,1
strandmovies.com,7,0,1,1
strojnadzor.lv,7,0,1,1
strongweb.net,7,0,2,1
studio-http.fr,7,0,1,1
suksawat.com,7,0,1,1
suletuxe.de,7,0,9,1
sunin.co.kr,7,0,1,1
supercab.in,7,0,1,1
suseman.com,7,0,1,1
swosh.com.au,7,0,3,1
sygte.gr,7,0,56,1
syncer.io,7,0,4,1
syselement.com,7,0,2,1
taekang.net,7,0,9,1
taido.net,7,0,6,1
taitai.com.br,7,0,1,1
takuto-n.github.io,7,0,1,1
talentcoinc.com,7,0,1,1
talk19media.com,7,0,1,1
talkinginfluence.com,7,0,12,1
tamarisk.it,7,0,1,1
tanggd.github.io,7,0,2,1
tanphucuong.vn,7,0,1,1
tarjetaschile.com,7,0,2,1
taurus-software.de,7,0,27,1
taynamsolution.vn,7,0,1,1
tbirdshockey.com,7,0,16,1
tdt.asia,7,0,1,1
teachbits.co.uk,7,0,13,1
tech-a-way.com,7,0,1,1
techcomms.co.uk,7,0,2,1
techgirlkb.guru,7,0,26,1
techitez.org,7,0,1,1
technikamagazin.hu,7,0,1,1
technosystems.uk,7,0,1,1
technoticsolutions.com,7,0,1,1
techreview.fr,7,0,2,1
techtrixsystem.sa,7,0,1,1
tecnofala.com,7,0,15,1
teknikservismugla.com,7,0,2,1
tekoa.ch,7,0,2,1
ten9itservices.com,7,0,1,1
terraco.com.tr,7,0,1,1
terrypomerantz.com,7,0,3,1
textes-optimises.com,7,0,1,1
tfkenn.dk,7,0,2,1
thanh-nguyen.fr,7,0,1,1
thareja.blog,7,0,2,1
theaffiliateslist.com,7,0,90,1
theashnow.com,7,0,1,1
thebootstrapthemes.com,7,0,3,1
thecfome.com,7,0,2,1
thecircularboard.com,7,0,1,1
thecreatorreport.com,7,0,1,1
thedentalengine.com,7,0,2,1
thedigischool.com,7,0,1,1
thedunedigital.co.uk,7,0,1,1
thefencegroup.com,7,0,8,1
theincomeinformer.com,7,0,1,1
thelawschooledge.com,7,0,30,1
thelevelups.com,7,0,1,1
themakitachronicles.com,7,0,39,1
themeskorner.com,7,0,2,1
themustardflower.co.za,7,0,1,1
theorangebear.com,7,0,1,1
thesmallbusinessblog.com,7,0,3,1
thetarotalk.com,7,0,1,1
theworkinparent.com,7,0,1,1
thinkbuyget.com,7,0,2,1
threa.net,7,0,2,1
thrivelance.com,7,0,8,1
thsra7.com,7,0,6,1
ti-amo-m.blog,7,0,1,1
tianwenwangluo.com,7,0,3,1
tinyblogging.com,7,0,704,1
tinypng.blog,7,0,1,1
tischgesellschaft.com,7,0,1,1
tkwlkj.com,7,0,62,1
tkzblog.com,7,0,9,1
toddpigram.com,7,0,2,1
tojpris.dk,7,0,9,1
tokyoaug.net,7,0,1,1
tolinware.net,7,0,1,1
tomato4u.com,7,0,7,1
ton-hebergement-gratuit.com,7,0,1,1
tonyjhan.com,7,0,1,1
toolsmeen.com,7,0,1,1
toolsnovintrend.ir,7,0,3,1
top-rencontre.fr,7,0,2,1
topgeartechnologies.com,7,0,1,1
topratedaisoftware.com,7,0,1,1
touwenommen.nl,7,0,2,1
towardsdev.com,7,0,1,1
tradegoldonline.com,7,0,6,1
traffic-global.com,7,0,11,1
tranches-de-marketing.com,7,0,10,1
tranvanloc.com,7,0,1,1
trezeideas.es,7,0,1,1
triangle-nia.com,7,0,1,1
trikl.ai,7,0,2,1
trimstray.github.io,7,0,2,1
tristarchemical.net,7,0,6,1
tropixory.com,7,0,1,1
truroofandexteriors.com,7,0,576,1
tsachitouring.com,7,0,1,1
ttti.cc,7,0,3,1
tuffyetibusiness.com,7,0,15,1
tulugarparacrear.com,7,0,2,1
turkipedia.com,7,0,2,1
turnpikecreek.com,7,0,6,1
turnquisturology.com,7,0,192,1
tutorialconsigliweb.altervista.org,7,0,1,1
tweakbuzz.com,7,0,1,1
tweakswp.com,7,0,4,1
twelve31.com,7,0,1,1
twomou.com,7,0,1,1
txepcorg.com,7,0,1,1
txrepublicanassembly.com,7,0,20,1
typespace.app,7,0,4,1
tyresonas.se,7,0,9,1
uame.edu.mx,7,0,156,1
ubtcall.com,7,0,288,1
ucheng.io,7,0,3,1
udorami.com,7,0,149,1
uebyou.pt,7,0,3,1
ultimateslots.com,7,0,1,1
umatechnology.org,7,0,12,1
umizo.net,7,0,2,1
univers-esu.com,7,0,1,1
universalassignment.com,7,0,1,1
unluckysystems.com,7,0,1,1
upcincorp.com,7,0,4,1
upexgalaxy.com,7,0,116,1
upperlevel.com,7,0,1,1
uprecruit.com,7,0,9,1
urologie-dijon.fr,7,0,1,1
utc-strassburg.at,7,0,1,1
v2catalog.com,7,0,1,1
vaplusvip.com,7,0,1,1
vbmarketing.it,7,0,8,1
vdiversify.com,7,0,24,1
vencasa-pvc.com,7,0,1,1
venga.de,7,0,1,1
ventsmagazine.com,7,0,3,1
verdiengeldopinternet.nl,7,0,1,1
verlua.com,7,0,1,1
versiondb.io,7,0,1,1
veselin.es,7,0,1,1
videopardrone.fr,7,0,3,1
viewpointinnovations.com,7,0,1,1
vigineo.fr,7,0,2,1
vir9.com,7,0,2,1
virenzedesign.com,7,0,3,1
viska.nu,7,0,4,1
viuu.fr,7,0,1,1
vlottenburgstables.co.za,7,0,12,1
voidslash.com,7,0,2,1
voyagerlemonde.com,7,0,1,1
vpswebhostingindia.in,7,0,7,1
w-storage.net,7,0,1,1
wacocarpetoutlet.com,7,0,9,1
wakefieldwebsites.com,7,0,13,1
wakerenter.com,7,0,2,1
wanghuiblog.com,7,0,17,1
warbyasa.com,7,0,1,1
watermeadguesthouse.co.uk,7,0,1,1
way2blogger.com,7,0,1,1
wayakna.com,7,0,2,1
web-forge.fr,7,0,2,1
web-graphica.bg,7,0,1,1
web22.dev,7,0,2,1
webbloggertips.com,7,0,1,1
webconsulting.es,7,0,1,1
webdesigner-halle.de,7,0,1,1
webdevbay.com,7,0,1,1
webflake.dev,7,0,6,1
webhostingcompare.com,7,0,1,1
webhostingtalk.ir,7,0,1,1
webies.my,7,0,2,1
webmastersidekick.com,7,0,2,1
webomindapps.ca,7,0,1,1
websafetyscore.com,7,0,1,1
websales.ie,7,0,1,1
webseoguy.ca,7,0,1,1
website-design-at-the-crest-of-the-hill.com,7,0,2,1
website-mallorca.com,7,0,3,1
websitecheck.at,7,0,3,1
websitedesignasia.com,7,0,1,1
websitefactory.jp,7,0,17,1
websitelatenmakeninbreda.nl,7,0,2,1
websiterating.com,7,0,4,1
websvent.com,7,0,1,1
webtomoblg.net,7,0,1,1
webuzzconex.com,7,0,4,1
westkueste.net,7,0,3,1
whelanwebdesign.com,7,0,1,1
wikibin.ir,7,0,4,1
willis-owen.co.uk,7,0,3,1
winhotel.space,7,0,3,1
wirelesslink.net,7,0,1,1
wischonline.de,7,0,2,1
wisdump.work,7,0,1,1
wisely-consulting.com,7,0,1,1
wnauts.com,7,0,1,1
wolfspyre.com,7,0,1,1
woocustomdev.com,7,0,3,1
woojong.co.kr,7,0,14,1
wordpress-freelance.com,7,0,4,1
wp-affiliate-theme.com,7,0,10,1
wp-agency.co.uk,7,0,2,1
wp-northeast.co.uk,7,0,7,1
wp42.de,7,0,1,1
wpacounseling.com,7,0,2,1
wpandseo.tw,7,0,3,1
wpcupidblog.com,7,0,2,1
wpdetective.io,7,0,3,1
wpdev.one,7,0,4,1
wpenchant.com,7,0,12,1
wpfieldwork.com,7,0,1,1
wpflames.com,7,0,1,1
wpgc.it,7,0,4,1
wpmaintenanceservice.com,7,0,5,1
wpmakers.cz,7,0,1,1
wproads.com,7,0,7,1
wpschool.com,7,0,20,1
wptr.net,7,0,3,1
wpwatchdog.de,7,0,1,1
writena.com,7,0,1,1
writtenbyjillianhenning.com,7,0,1,1
xavierthevenot.com,7,0,2,1
xenmint.com,7,0,8,1
xiaolikt.com,7,0,5893,1
xishansnow.github.io,7,0,1,1
xtnegocio.com.mx,7,0,5,1
yembadigital.com,7,0,1,1
yeniexpo.com,7,0,1,1
yi-yoga.fr,7,0,1,1
yomoblog.com,7,0,99,1
yorkshiredesign.co.uk,7,0,32,1
youandasthma.com,7,0,4,1
youitcare.pl,7,0,1,1
youryeghometeam.ca,7,0,2,1
youthinstructory.com,7,0,1,1
yuanjava.com,7,0,2,1
yucan.fr,7,0,1,1
yumichan-fx.jp,7,0,1,1
yusan009.com,7,0,1,1
zakmedios.com,7,0,1,1
zeidan.com.au,7,0,3,1
zeitimblick.info,7,0,1,1
zen9marketing.com,7,0,1,1
zhejianghke.com,7,0,1,1
zhwyland.ch,7,0,1,1
zihad.com.bd,7,0,1,1
zoeticresume.com,7,0,2,1
zserbytow.edu.pl,7,0,1,1
zulauf-online.de,7,0,38,1
1000ways.com.br,6,0,1,1
1001buonisconto.it,6,0,16,1
1001couponcodes.co.nz,6,0,13,1
1001cuponesdedescuento.cl,6,0,14,1
10sec.nl,6,0,10,1
10x-agency.com,6,0,1,1
10xdev.blog,6,0,1,1
11ty.cn,6,0,6,1
16.net.tr,6,0,1,1
1949.me,6,0,1,1
1bar.design,6,0,2,1
1hit.vn,6,0,1,1
1px.run,6,0,2,1
216ms.com,6,0,1,1
21tomaschk.bplaced.net,6,0,1,1
247newsagency.com,6,0,8,1
24daysindecember.net,6,0,7,1
24hoursworlds.com,6,0,6,1
2hm-logistics.com,6,0,2,1
2p2lcorporate.com,6,0,4,1
2xsas.com,6,0,1,1
360hub.club,6,0,1,1
38consumer.com,6,0,2,1
3mdd.com,6,0,1,1
3rdgenbruin.wordpress.com,6,0,2,1
47cyber.com,6,0,2,1
4bungi.jp,6,0,1,1
4pop.fr,6,0,3,1
50plusblogging.com,6,0,1,1
59bloggers.com,6,0,6,1
5minutesseo.com,6,0,5,1
5n2digital.com,6,0,2,1
99plugs.com,6,0,1,1
99techpost.com,6,0,2,1
9ic.net,6,0,1,1
a-zonesolutions.com,6,0,1,1
aadisplayus.com,6,0,3,1
aaestrategiasdigitais.com.br,6,0,1,1
aaniver.com,6,0,1,1
aanmelden-zoekmachines.info,6,0,1,1
aarambhathemes.com,6,0,1,1
abcnet.fi,6,0,1,1
aboutyoublog.com,6,0,1,1
accentra.in,6,0,1,1
accesswellnessla.com,6,0,3,1
acidblog.net,6,0,8,1
adbase.ltd,6,0,1,1
adclear.de,6,0,1,1
addvaluebusiness.com,6,0,1,1
adexo.ca,6,0,6,1
adketerameen.com,6,0,1,1
adorereview.com,6,0,2,1
adstargets.com,6,0,10,1
advantage-excavating.com,6,0,12,1
advisors-agency.ro,6,0,1,1
advoxa.fr,6,0,1,1
adweb-outremer.fr,6,0,1,1
adwinupvc.ae,6,0,1,1
adzep.com.br,6,0,3,1
aeeble.com,6,0,1,1
afdigitalnative.com,6,0,1,1
afewreads.com,6,0,3,1
affid.io,6,0,1,1
affiliatblogger.com,6,0,3,1
affiliatedachs.de,6,0,1,1
affiliateinfohub.com,6,0,17,1
affiliatepeek.com,6,0,1,1
affylist.com,6,0,2,1
afghanembassy.us,6,0,1,1
afuncompany123.online,6,0,1,1
ag-development.fr,6,0,2,1
ageeksblog.com,6,0,31,1
agenceotto.com,6,0,1,1
agenciaperfildigital.com.br,6,0,1,1
agenciaseguridad.cl,6,0,2,1
agile451.com,6,0,6,1
agricidaniel.com,6,0,1,1
agriturismomatine.com,6,0,1,1
ai-peptides.com,6,0,51,1
aicavo.com,6,0,9,1
aigptrecords.com,6,0,2,1
aiheadshotreviews.com,6,0,17,1
aikwit.com,6,0,1,1
aimlmarketplace.com,6,0,3,1
aioblogs.com,6,0,5,1
aiplusnet.com,6,0,2,1
aiscriptreader.com,6,0,1,1
aiseoroundtable.com,6,0,1,1
aistratagems.com,6,0,1,1
aitecnologias.com,6,0,1,1
aiyoufeng.com,6,0,1,1
ajicolor.hatenablog.jp,6,0,3,1
aki-hamano.blog,6,0,2,1
alaseoupe.com,6,0,6,1
alatheem.ae,6,0,8,1
alexkras.com,6,0,2,1
alextobias.com,6,0,2,1
alfanalabyad.com,6,0,2,1
alhisn.tech,6,0,8,1
alidropship.com.br,6,0,6,1
alitemiace.com,6,0,1,1
allafragor.com,6,0,2,1
allcouponcodes.net,6,0,7,1
allegro-informatique.fr,6,0,1,1
alliemunroe.com,6,0,6,1
allinblogger.com,6,0,2,1
allisonvilledentalcenter.com,6,0,6,1
allogenai.com,6,0,4,1
allreviews.in,6,0,2,1
alozoomdigital.com,6,0,1,1
alpha-lynx.com,6,0,1,1
alphaoptions.cat,6,0,1,1
alphawave.io,6,0,1,1
alphonsolabs.com,6,0,9,1
alpintechnik.at,6,0,3,1
alstonantony.com,6,0,2,1
alucobandalgerie.com,6,0,41,1
ames-pc.com,6,0,1,1
amtpartner.pl,6,0,32,1
an-carrent.com,6,0,1,1
anaklefilms.com,6,0,1,1
ananascode.it,6,0,1,1
andgowebsolutions.com,6,0,4,1
andrewgordon.me,6,0,2,1
andrezrv.com,6,0,1,1
animais.wiki,6,0,2,1
animalcontrolnj.wordpress.com,6,0,2,1
anorganizedspace.com,6,0,6,1
answerblogs.com,6,0,8,1
anthoncode.com,6,0,1,1
antissn.com,6,0,1,1
antoniodecarlo.it,6,0,2,1
antoniodini.it,6,0,1,1
anyvsany.com,6,0,16,1
apademar.org,6,0,2,1
aperoltech.com,6,0,1,1
apertia.cz,6,0,1,1
apexsafetypadding.co.uk,6,0,1,1
apisnetworks.com,6,0,1,1
appalachiacares.org,6,0,40,1
appliedartand.design,6,0,2,1
appsec.fyi,6,0,2,1
appuntidallarete.com,6,0,1380,1
appzero.com,6,0,12,1
aprendermarketing.es,6,0,5,1
aquant.io,6,0,24,1
araweb.sk,6,0,3,1
arb7almal.com,6,0,2,1
arcdigits.com,6,0,1,1
archynewsy.com,6,0,2,1
arijobs.com,6,0,1,1
armeniaforeignministry.com,6,0,1,1
armyofflyingmonkeys.com,6,0,69,1
arryn.ai,6,0,1,1
arsalanmasood.com,6,0,1,1
articlement.com,6,0,13,1
articlesblogger.com,6,0,175,1
artoflogic.com,6,0,1,1
arwebo.com,6,0,5,1
ashahada.com,6,0,5,1
ashteck.co.uk,6,0,1,1
asifhameed.com,6,0,3,1
askaaronlee.com,6,0,3,1
aspweb.ch,6,0,1,1
astrial.org,6,0,3,1
astrosoftware.com.mx,6,0,1,1
asyncworldwide.com,6,0,1,1
athletistic.com,6,0,10,1
atmheadquarters.com,6,0,6,1
atreshost.com,6,0,1,1
attardcowines.com,6,0,3,1
attention.to,6,0,1,1
attn.cc,6,0,75,1
attractionunlimited.us,6,0,1,1
aucafedesredacteurs.fr,6,0,4,1
audiobrevity.com,6,0,2,1
aulaperu.edu.pe,6,0,188,1
auntsandysskinks.com,6,0,2,1
aurastube.at,6,0,6,1
aurorawptheme.com,6,0,1,1
autismworks.online,6,0,1,1
autoalternativesllc.com,6,0,1,1
autoblogging.org,6,0,1,1
autommerce.com,6,0,1,1
auxodomain.com,6,0,1,1
avalnews.com,6,0,1,1
avasquezd.com,6,0,2,1
aveniretpatrimoine.com,6,0,5,1
averagejoeweekly.com,6,0,1,1
aw-software.com,6,0,1,1
awais.dev,6,0,1,1
awebcloud.app,6,0,10,1
axcessnews.com,6,0,1,1
axell-logistics.com,6,0,6,1
azdns.vn,6,0,3,1
azzablog.com,6,0,136,1
b2bsaas.online,6,0,2,1
baandeehomedesign.com,6,0,3,1
backdigit.net,6,0,1,1
backlink-building.com,6,0,1,1
baeckerei-bogner.at,6,0,1,1
baigetconsultors.com,6,0,1,1
barry.blog,6,0,1,1
bauc3m.com,6,0,1,1
bbeks.com.tr,6,0,2,1
bbkmarketing.com,6,0,2,1
bcnl.work,6,0,1,1
bdhtcareers.co.uk,6,0,1,1
beautyprofs-academy.com,6,0,3,1
beavertemplates.com,6,0,2,1
bechster.dk,6,0,1,1
beefed.ai,6,0,1,1
begenai.com,6,0,3,1
bekserver.com,6,0,4,1
belgacemfahmi.com,6,0,1,1
belsign.be,6,0,5,1
berlin-immobilien-verkaufen.de,6,0,1,1
bertrams-coordinating-complexity.com,6,0,1,1
best-affiliate-marketing-programs.com,6,0,3,1
best-digitalmarketing.co.uk,6,0,7,1
bestamericanwebsitedesigner.com,6,0,1,1
bestfree.co.uk,6,0,48,1
bestfree.nl,6,0,172,1
bestlantern.net,6,0,1,1
bestlinglong.com,6,0,1,1
bestpaidvpn.com,6,0,1,1
bestseomarketing.com,6,0,1,1
bestseovps.com,6,0,3,1
bestserviceinsider.com,6,0,1,1
besttech2earnonline.com,6,0,1,1
besttoolfinder.com,6,0,3,1
bestwangyou.com,6,0,1,1
bestwpware.com,6,0,2,1
bestxiashi.com,6,0,1,1
betterthansure.com,6,0,1,1
beyondfabric.eu,6,0,1,1
bfmedia.ro,6,0,1,1
bharatmavens.com,6,0,1,1
bigtimedaily.com,6,0,1,1
billionairecode.net,6,0,1,1
binatethoughts.com,6,0,3,1
biopowered.co.uk,6,0,2,1
bitcoinethereumnews.com,6,0,2,1
bitsfrombytes.com,6,0,1,1
biu.life,6,0,7,1
bizsheets.com,6,0,1,1
biztechscout.com,6,0,18,1
blacklab-blog.net,6,0,2,1
blasted.club,6,0,2,1
blazingblog.com,6,0,183,1
bleepblogs.com,6,0,40,1
bleutria.com,6,0,20,1
blockitlab.com,6,0,3,1
blocktecs.com,6,0,1,1
blog-eye.com,6,0,164,1
blog-ezine.com,6,0,4,1
blog-kids.com,6,0,7,1
blog-mall.com,6,0,3,1
blog2freedom.com,6,0,6,1
blog2news.com,6,0,166,1
blog5.net,6,0,149,1
blogaritma.com,6,0,9,1
blogars.com,6,0,143,1
blogchaat.com,6,0,10,1
blogdal.com,6,0,55,1
blogdanica.com,6,0,7,1
blogdeazar.com,6,0,5,1
blogdigy.com,6,0,159,1
blogdiloz.com,6,0,8,1
blogdomago.com,6,0,157,1
blogdosaga.com,6,0,179,1
blogerus.com,6,0,1,1
bloggazzo.com,6,0,3,1
blogging-techies.com,6,0,32,1
bloggingtriggers.com,6,0,4,1
bloggip.com,6,0,342,1
bloginwi.com,6,0,5,1
blognody.com,6,0,1,1
blogofoto.com,6,0,10,1
blogolenta.com,6,0,161,1
blogoscience.com,6,0,159,1
blogoxo.com,6,0,13,1
blogpayz.com,6,0,163,1
blogpixi.com,6,0,6,1
blogpostie.com,6,0,119,1
blogrelation.com,6,0,163,1
blogrenanda.com,6,0,183,1
blogs-service.com,6,0,486,1
blogs100.com,6,0,7,1
blogscribble.com,6,0,10,1
blogsmine.com,6,0,132,1
blogspark.ai,6,0,2,1
blogspothub.com,6,0,6,1
blogstival.com,6,0,2,1
blogsumer.com,6,0,8,1
blogsuperapp.com,6,0,1,1
blogtov.com,6,0,135,1
bloguerosa.com,6,0,179,1
blogunok.com,6,0,149,1
blogzag.com,6,0,2,1
blucactus.com.co,6,0,2,1
blucactus.com.pe,6,0,11,1
bluequiet.blogspot.com,6,0,1,1
bluxeblog.com,6,0,131,1
bnbsmartchain.com,6,0,1,1
boardgameslive.games,6,0,11,1
bobbevan.com,6,0,1,1
boernyblog.de,6,0,1,1
bonsai-lauragais.org,6,0,1,1
bookmarkbooth.com,6,0,1,1
boompow.ninja,6,0,1,1
boostrank.net,6,0,1,1
boostyourautomatic.business,6,0,35,1
borchardmenck.de,6,0,1,1
bordercrossingux.com,6,0,1,1
boroparkmedspa.com,6,0,3,1
bosssinglemama.com,6,0,1,1
botmau.vn,6,0,8,1
bountynews.it,6,0,1,1
boyblogguide.com,6,0,3,1
brandliftdigital.co.za,6,0,2,1
brandpex.com,6,0,1,1
brandquity.com,6,0,1,1
breaking.dog,6,0,6,1
brianleejackson.com,6,0,103,1
briannawu2018.com,6,0,2,1
brianschnurr.com,6,0,1,1
bridginggap.in,6,0,1,1
brightnexmarketing.com,6,0,1,1
brightweb.cloud,6,0,1,1
bristolwordpresspeople.org,6,0,2,1
bro.bd,6,0,2,1
brockcareerservices.com,6,0,3,1
brokeandchic.com,6,0,1,1
brokers.xxx,6,0,1,1
brsengineering.com,6,0,2,1
brune-mathelie.fr,6,0,1,1
btcbaike.com,6,0,1,1
bumchang.com,6,0,9,1
bunnyrealm.com,6,0,1,1
bupay.in,6,0,1,1
busiboom.com,6,0,1,1
business2news.com,6,0,1,1
businessexperiment.com.au,6,0,2,1
businessinconline.com,6,0,1,1
businessload.com,6,0,3,1
businesssoftwarepicks.com,6,0,3,1
businesstomark.com,6,0,1,1
businessyield.com,6,0,31,1
butler53pto.com,6,0,1,1
buyoutblog.com,6,0,5,1
bybeites.com,6,0,1,1
bybry.fr,6,0,1,1
bynext.com,6,0,2,1
byondseo.com,6,0,1,1
bytegain.com,6,0,3,1
c-sien.blog.jp,6,0,1,1
cac.edu.ge,6,0,2,1
calanjiyam.com,6,0,5,1
callandret.com,6,0,3,1
cameleonweb.fr,6,0,1,1
canbekcan.com,6,0,4,1
canopee.digital,6,0,1,1
cantothemes.com,6,0,2,1
carb.is,6,0,4,1
carettaportal.com,6,0,16,1
caribedigital.com.co,6,0,1,1
carloseduardo.net,6,0,3,1
carolcao.com,6,0,12,1
casatechreview.com,6,0,2,1
casawynwood.com,6,0,6,1
cashdrawer.com,6,0,12,1
casz.org,6,0,2,1
cc-sina.com,6,0,1,1
cellbots.com,6,0,1,1
certificate.quest,6,0,2,1
cesarguerra.mx,6,0,1,1
cesoentreprise.com,6,0,2,1
chaharfasl.ir,6,0,1,1
chalet-brunnhaeusl.at,6,0,1,1
chamberlainfa.com,6,0,7,1
champagnelifestyle.com.au,6,0,1,1
chanhi2000.github.io,6,0,3,1
charlottedowley.co.uk,6,0,2,1
charlottes-web.dev,6,0,2,1
chartsattack.com,6,0,2,1
chatsex.net,6,0,8,1
chatterchat.com,6,0,1,1
chattymango.com,6,0,1,1
chdh.me,6,0,9,1
checklistguro.com,6,0,1,1
chessrijeka.com,6,0,1,1
childrenshealthdefense.eu,6,0,1,1
chimohtava.ir,6,0,1,1
chiropracticdigitalbrochures.com,6,0,1,1
chothuephonghanoi.com.vn,6,0,1,1
chpbigrig.com,6,0,7,1
chris.com.ng,6,0,39,1
christthekingnaples.org,6,0,18,1
chungsme.co.kr,6,0,3,1
cibered.com,6,0,2,1
cinquepuntozero.it,6,0,4,1
citizenworks.org,6,0,6,1
citopendia.de,6,0,3,1
citronworks.com,6,0,1,1
cityofprescott.net,6,0,12,1
classicreader.com,6,0,135,1
clausecity.com,6,0,1,1
cleantechloops.com,6,0,1,1
cleanupmarketing.com,6,0,4,1
clearpathtech.net,6,0,4,1
clickaipro.com,6,0,1,1
clickbucks.xyz,6,0,4,1
cliqworx.nl,6,0,1,1
clntl.com,6,0,12,1
cloozi.com,6,0,3,1
cloud-tips.hatenablog.com,6,0,2,1
cloudhostreview.com,6,0,1,1
cloudsdeal.com,6,0,2,1
cloudys.al,6,0,2,1
cmdg.tech,6,0,1,1
cmofirst.com,6,0,3,1
cmspursuits.com,6,0,2,1
cocodance.ch,6,0,1,1
cocomdigital.com.co,6,0,160,1
coddinex.com,6,0,1,1
code-200.fr,6,0,1,1
code-boxx.com,6,0,1,1
code-en-ligne.fr,6,0,1,1
code4.au,6,0,1,1
codebullsteam.com,6,0,2,1
codedocs.org,6,0,3,1
codersagent.com,6,0,9,1
codeseekah.com,6,0,1,1
codesue.com,6,0,1,1
codingpuppet.com,6,0,1,1
cogedir.fr,6,0,2,1
coinworldstory.com,6,0,58,1
collectblogs.com,6,0,3,1
collegegirlsmarts.com,6,0,1,1
colorprinter.co,6,0,1,1
comallagency.com,6,0,3,1
comebackdesign.fr,6,0,3,1
cometoway.com,6,0,1,1
commucore.com,6,0,1,1
complaintinfo.com,6,0,20,1
comprenders.com,6,0,3,1
compucareperu.com,6,0,4,1
compworth.com,6,0,3,1
comunidadsantarosa.org,6,0,10,1
concorde.pro,6,0,1,1
conduid.com,6,0,3,1
connectionalthinktank.com,6,0,5,1
connoisseurmagazine.co.uk,6,0,2,1
consciously.us,6,0,225,1
consultingit.fr,6,0,32,1
content4demand.com,6,0,12,1
contentgardeningstudio.com,6,0,2,1
contentlabs.co.uk,6,0,2,1
convertkit-mail4.com,6,0,2,1
convertrank.com,6,0,90,1
coolwavespoolcare.com,6,0,12,1
copygoals.com,6,0,1,1
corerated.com,6,0,27,1
coresumo.com,6,0,2,1
corporate-innovation.co,6,0,4,1
couponswebdeal.com,6,0,1,1
couriertrackk.com,6,0,1,1
courseat.online,6,0,1,1
cpluz.com,6,0,4,1
crashtest-security.com,6,0,3,1
craxpro.cc,6,0,1,1
crazymoneyfacts.com,6,0,2,1
creacystudio.com,6,0,1,1
creatingchange.org,6,0,282,1
creativedigitalmedia.nl,6,0,4,1
creativefibro.uk,6,0,3,1
creawebsense.fr,6,0,1,1
criadix.com,6,0,4,1
crispycoaching.com,6,0,1,1
crossedgefab.com,6,0,4,1
crowdmob.com,6,0,2,1
crt-erleben.com,6,0,1,1
crucialconstructs.com,6,0,1,1
cryptobubbel.nl,6,0,1,1
crystalpleasurefairy.com,6,0,20,1
csblog.icu,6,0,1,1
csekitaut.com,6,0,3,1
ctrl-alt-news.com,6,0,1,1
cudigital.co.th,6,0,1,1
cult-f.net,6,0,2,1
curriculosvencedores.com.br,6,0,1,1
currimundifc.com,6,0,4,1
customifysites.com,6,0,1,1
cve.news,6,0,2,1
cybej.com,6,0,1,1
cyber-uk.com,6,0,3,1
cyber-wp.com,6,0,1,1
cybersecpods.com,6,0,2,1
cybersecurityforme.com,6,0,3,1
cybersecurityjobs.uk,6,0,2,1
cybervisuell.com,6,0,6,1
cybsec.com.ng,6,0,80,1
dadstrengthdaily.com,6,0,258,1
daftarvakil.ir,6,0,1,1
dailyexpose.co.uk,6,0,3,1
dailyhitblog.com,6,0,9,1
daneblogger.com,6,0,5,1
danielefabianishop.net,6,0,1,1
danielegilio.it,6,0,8,1
danielshaw.co.nz,6,0,2,1
dapelican.dev,6,0,1,1
dariovalentino.com,6,0,1,1
darrenfox.com,6,0,2,1
darylcecile.net,6,0,1,1
das-wissen.de,6,0,8,1
datascience.edu.pe,6,0,31,1
datronixtech.com,6,0,1,1
dbblog.net,6,0,2,1
dbx-look.pt,6,0,1,1
dean-communication.de,6,0,4,1
decorstyl.cz,6,0,20,1
delta-design-solutions.com,6,0,1,1
democraticunderground.net,6,0,8,1
demotix.com,6,0,4,1
denvermobilesauna.com,6,0,27,1
descoase.ro,6,0,2,1
designerscripte.net,6,0,1,1
designertoblog.com,6,0,151,1
designseo.net,6,0,54,1
desing.com.ua,6,0,1,1
desksgram.net,6,0,1,1
dev-error-db.com,6,0,1,1
developersforhire.com,6,0,2,1
developmentmi.com,6,0,14,1
devinlabs.com,6,0,3,1
devisgratuitsiteweb.com,6,0,2,1
devitm.com,6,0,1,1
devopsconnect.com,6,0,48,1
devopsiarz.pl,6,0,1,1
devshows.dev,6,0,7,1
dezignark.com,6,0,2,1
dezignit.co.za,6,0,1,1
dezignz.org,6,0,1,1
dg10.agency,6,0,1,1
dhorikoshi.com,6,0,1,1
dialnumber.in,6,0,1,1
die-reparatur-profis.de,6,0,3,1
dieauswanderer.net,6,0,1,1
digiblogbox.com,6,0,3,1
digihost-guide.com,6,0,1,1
digismo.com,6,0,1,1
digitaglobalgroup.com,6,0,14,1
digital-anchor.com,6,0,1,1
digital-marketing-social.it,6,0,1,1
digital49.com,6,0,4,1
digitalblizz.com,6,0,2,1
digitalcare.top,6,0,2,1
digitaldatahouse.com,6,0,9,1
digitaleasyllc.com,6,0,2,1
digitalgabbar.com,6,0,2,1
digitaljadhav.com,6,0,1,1
digitaljetty.com,6,0,1,1
digitalmarketingu.com,6,0,2,1
digitalnexustec.com,6,0,5,1
digitalrider.at,6,0,1,1
digitalswank.com,6,0,8,1
digitaltownplanning.net,6,0,1,1
digitalwebfinder.com,6,0,1,1
digitcomtech.net.ng,6,0,1,1
digitollblog.com,6,0,160,1
digitsbits.com,6,0,2,1
digivision.rs,6,0,1,1
dindiglobal.com,6,0,1,1
dineshsoftware.in,6,0,1,1
diolly.com,6,0,1,1
dipendrasah.com,6,0,7,1
diplomatikmedia.com,6,0,1,1
dipton-offshore.com,6,0,8,1
disclosurepolicy.org,6,0,12,1
disk-modellen.no,6,0,3,1
divassoftware.com,6,0,1,1
dizainoanalitika.lt,6,0,2,1
dm-blog.com,6,0,2,1
dnacreativeagency.it,6,0,1,1
dnafundvc.com,6,0,2,1
docsign.ca,6,0,2,1
doctormega.com,6,0,2,1
domaindexer.com,6,0,2,1
domartisan.com,6,0,3,1
domavest.com,6,0,2,1
domenig.de,6,0,1,1
donauweb.at,6,0,2,1
donmebel.blogspot.com,6,0,1,1
dorenima.com,6,0,17,1
dotplusplus.com,6,0,2,1
douglasgreen.com,6,0,2,1
dragonloretours.com,6,0,1,1
drgoncedental.com,6,0,6,1
drivetalent.co,6,0,5,1
droptweaks.com,6,0,5,1
dsiblogger.com,6,0,6,1
dtechsolutions.co.in,6,0,1,1
duboue.net,6,0,1,1
duduromeroa.com,6,0,1,1
duelstack.com,6,0,340,1
duli.online,6,0,3,1
dvnoweb.com,6,0,3,1
dwebsol.com,6,0,1,1
dwellerinkashiwa.net,6,0,20,1
dynamicleads.co.uk,6,0,2,1
dypto-crypto.com,6,0,1,1
earncomfy.com,6,0,1,1
earnmore.work,6,0,1,1
earth-base.org,6,0,4,1
easttexasdesign.com,6,0,1,1
easyjikuai.com,6,0,1,1
easytechwomen.com,6,0,1,1
easywpseoplugin.com,6,0,2,1
eb-elite.fr,6,0,1,1
eba-dmpcpazs.eu-central-1.elasticbeanstalk.com,6,0,8,1
ecombizzform.com,6,0,1,1
ecombusinesshub.com,6,0,1,1
ecommerce.spot,6,0,6,1
ecommerceonestop.com,6,0,1,1
economicblogs.org,6,0,1,1
edayetx.org,6,0,5,1
edgetalk.net,6,0,1,1
edmond-webmarketing.com,6,0,1,1
eduardopaulino.blog.br,6,0,1,1
educa3.com,6,0,1,1
educationalimpactblog.com,6,0,140,1
edukart.tech,6,0,1,1
edvdienstleistung.info,6,0,2,1
eedblog.com,6,0,146,1
eetechnologies.com.au,6,0,9,1
egpr.fr,6,0,1,1
eicreative.online,6,0,1,1
eileben.com,6,0,4,1
ejcl.org,6,0,1,1
ekan.kr,6,0,1,1
eklipsecreative.com,6,0,3,1
elbloglibre.com,6,0,13,1
electrogrowth.co.uk,6,0,2,1
elektroniknewz.se,6,0,3,1
elementor.ir,6,0,3,1
elementorpack.ir,6,0,1,1
elementorspro.com,6,0,3,1
elitesmileschastainpedo.com,6,0,6,1
elitewpress.com,6,0,1,1
eltrasfondo.es,6,0,1,1
elwell.biz,6,0,2,1
emailadigital.com,6,0,48,1
emailfinderonline.com,6,0,1,1
emailsherpa.net,6,0,2,1
emarketinghacks.com,6,0,13,1
emergingtechdaily.com,6,0,49,1
emlii.com,6,0,1,1
empirerealtytexas.com,6,0,2,1
empirewiki.com,6,0,1,1
empowerednations.org,6,0,3,1
endoh.co,6,0,1,1
energymgmt.us,6,0,1,1
enexti.com,6,0,1,1
enexti.com.ar,6,0,1,1
englii.com,6,0,9,1
enhanceindustries.com,6,0,1,1
enove.ir,6,0,2,1
entirely.media,6,0,2,1
entrepreneurthearts.com,6,0,1,1
enzominkoley.com,6,0,1,1
eqsam.com,6,0,2,1
erikcharlesconsulting.com,6,0,1,1
erodewebhosting.com,6,0,4,1
erotikas.dk,6,0,4,1
erpconsultors.com,6,0,1,1
erred.it,6,0,1,1
eschrade.com,6,0,4,1
esehospitalzonabananera.gov.co,6,0,38,1
eshikshya.org,6,0,4,1
eskaasansor.com,6,0,4,1
espanol.news,6,0,2,1
esteticzone.ro,6,0,2,1
estidafat.com,6,0,1,1
estudijoanpuig.com,6,0,7,1
esw-steuerberatung.at,6,0,1,1
etechpt.com,6,0,28,1
ethanhe.com,6,0,1,1
eudorogonzalez.com,6,0,1,1
euquerosabertudo.com,6,0,16,1
eurekster.com,6,0,4146,1
euroitsourcing.com,6,0,2,1
evi.mx,6,0,1,1
evidid.rs,6,0,3,1
evisionthemes.com,6,0,2,1
evolvingviews.com,6,0,1,1
ewerkzeug.info,6,0,5,1
expednz.com,6,0,1,1
expertify.dev,6,0,1,1
expertwebsitedesigns.com,6,0,1,1
explicit-knowledge.com,6,0,1,1
explorethepearl.com,6,0,1,1
extendingreach.com,6,0,2,1
eyetoeyenational.org,6,0,2,1
ezblogz.com,6,0,5,1
f5solucoes.com,6,0,1,1
fab1an.dev,6,0,1,1
fabianbroussoux.com,6,0,2,1
fabriziovanmarciano.com,6,0,2,1
facekungfu.com,6,0,1,1
fakrulislam.me,6,0,2,1
falconguides.com,6,0,9,1
famuse.co,6,0,3,1
fancythemes.com,6,0,2,1
fantasea-media.com,6,0,2,1
fantasktic.com,6,0,4,1
fare-blog.com,6,0,171,1
fashiondiscounts.uk,6,0,2,1
fastonlinellc.com,6,0,1,1
fastservers.com,6,0,12,1
fastweblaunch.com,6,0,2,1
faultserver.ru,6,0,4,1
faustinegarnier.fr,6,0,1,1
feastintheburg.com,6,0,2,1
feldmanleepllc.com,6,0,6,1
fergusonaction.com,6,0,1,1
ffeeii.com,6,0,3,1
fgchen.com,6,0,3,1
findelinks.de,6,0,6,1
findyourfont.com,6,0,2,1
finitisearch.com,6,0,7,1
fireblogz.com,6,0,5,1
firewire.nl,6,0,3,1
firexport.com,6,0,6,1
fischersara.ch,6,0,2,1
fitnell.com,6,0,174,1
fixmywp.website,6,0,1,1
flashsplash.org,6,0,1,1
flatinium.com,6,0,1,1
fleekhosting.net,6,0,1,1
flexsub.shop,6,0,4,1
flexwebhosting.blog,6,0,1,1
floschi.info,6,0,6,1
flowconsent.com,6,0,4,1
fone.tips,6,0,2,1
forbes40under40.com,6,0,1,1
foreignloveweb.com,6,0,1,1
fotoolog.com,6,0,5,1
foxbox.nl,6,0,1,1
fr.net.br,6,0,66,1
francescocarlucci.com,6,0,1,1
frattus.com,6,0,6,1
free-blogz.com,6,0,9,1
free-template.co,6,0,1,1
freebiebag.co.uk,6,0,2,1
freedominfluencer.com,6,0,2,1
freelancerstools.com,6,0,25,1
freelinkadvice.com,6,0,14,1
fremadd.dk,6,0,1,1
friendsofqaclibrary.org,6,0,62,1
froggycode.com,6,0,1,1
fromthesquare.org,6,0,978,1
fsaresh.com,6,0,2,1
fueramercadolibre.com,6,0,1,1
fukushima-diary.com,6,0,12,1
fulltimehomebusiness.com,6,0,3,1
futureagents.ai,6,0,15,1
fuzionproductions.com,6,0,12783,1
fw-re.jp,6,0,2,1
fxglobepartners.com,6,0,1,1
g-blog.net,6,0,1,1
g4shallow.co.uk,6,0,1,1
gaaorg.com,6,0,1,1
gabrielebarreca.it,6,0,1,1
gadgetwallah.com,6,0,1,1
galeon1.com,6,0,2,1
gampro.in.net,6,0,2,1
gaprecisionchiro.com,6,0,36,1
gardnerquadsquad.com,6,0,1,1
garthmortensen.com,6,0,1,1
gastberger.at,6,0,1,1
gate-tap.org,6,0,2,1
gavrieladvorahgerson.com,6,0,2,1
geeksnipe.com,6,0,1,1
geekvapor.com,6,0,3,1
geekzag.com,6,0,1,1
geini.de,6,0,12,1
generateplus.com,6,0,1,1
generatorresearch.com,6,0,1,1
germanic.news,6,0,1,1
getblogo.com,6,0,1,1
getblogs.net,6,0,1,1
getecomhelp.com,6,0,1,1
getmysites.com,6,0,1,1
getotterwise.com,6,0,1,1
getpremise.com,6,0,3,1
getvagas.com.br,6,0,2,1
getzwaan.com,6,0,1,1
ghendigital.com,6,0,1,1
giannimessina.it,6,0,4,1
gigaperu.com,6,0,1,1
giggleharbor.com,6,0,2,1
gillpawan.com,6,0,1,1
ginbits.com,6,0,2,1
gipps.tech,6,0,1,1
gitarrenratgeber.de,6,0,2,1
gitclab.com,6,0,1,1
gitsulgroup.com,6,0,2,1
glitchdata.com,6,0,2,1
globalremotehub.com,6,0,2,1
globalwordpress.com,6,0,1,1
gmitropapas.com,6,0,1,1
gmxwaterproofing.com,6,0,6,1
go-beyond.biz,6,0,34,1
gogettergroup.com,6,0,1,1
gokicker.net,6,0,1,1
gokigenlifeshift.com,6,0,1,1
goldhostingreview.com,6,0,15,1
goldkeysymbols.com,6,0,2,1
goldlabelshirts.com,6,0,2,1
goliat.biz,6,0,1,1
gonzcatdigital.com,6,0,1,1
goodpodcast.net,6,0,3,1
goodpower.se,6,0,1,1
goodwebhostingguide.com,6,0,1,1
goonlinewebdesign.ie,6,0,1,1
goonvilla.xyz,6,0,1,1
gopher-daily.com,6,0,2,1
goraisemore.com,6,0,3,1
gpedia.com,6,0,9,1
gr8.capital,6,0,2,1
grabhosts.net,6,0,2,1
grandts.com,6,0,1,1
greenstarcloud.io,6,0,1,1
gregory-ferreira.com,6,0,1,1
greyd.de,6,0,2,1
grietjegoedkoop.nl,6,0,2,1
grochtdreis.de,6,0,6,1
groetenuittienen.blog,6,0,1,1
growforum.org,6,0,8,1
growprogramming.com,6,0,1,1
gsk-bichl.de,6,0,2,1
guaiguailei.net,6,0,1,1
guialinux.com.br,6,0,1,1
guide-drupal.fr,6,0,1,1
guidecss.fr,6,0,1,1
guidelightinnovations.com,6,0,1,1
guneycansanli.github.io,6,0,1,1
guomuyu.com,6,0,1,1
gutundgesund.org,6,0,1,1
hablemosdeinformatica.com,6,0,1,1
hafidoussous.com,6,0,1,1
haiketools.com,6,0,21,1
haitech.io,6,0,1,1
halifax-capital.com,6,0,1,1
hammerhomegroup.com,6,0,9,1
hamruyesh.com,6,0,21,1
hanacrane.com,6,0,19,1
hanem.co.kr,6,0,7,1
hannari.dev,6,0,3,1
hansika.co.in,6,0,2,1
happyagency.ma,6,0,1,1
happydigital.us,6,0,1,1
happymedia.rs,6,0,1,1
harmjagerman.com,6,0,2,1
harmoniouschords.com,6,0,1,1
hashbyt.com,6,0,1,1
hashtaglabs.biz,6,0,1,1
hasster.com,6,0,1,1
hatenablog-parts.com,6,0,10,1
hatumou-kaizen.com,6,0,2,1
hayseedscreative.com,6,0,14,1
headmastermarketing.com,6,0,1,1
healthyskinbybreigha.com,6,0,69,1
heavenarticle.com,6,0,23,1
hebergementweb.info,6,0,1,1
hebergeur-comparatif.fr,6,0,7,1
heinz-otto.blogspot.com,6,0,1,1
helloadmin.com,6,0,1,1
helpcustomer.com.br,6,0,2,1
helpfulguides.org,6,0,1,1
henrisequeira.com,6,0,1,1
hepatoscope.com,6,0,3,1
heraldsheets.com,6,0,1,1
heritagegun.com,6,0,6,1
herocollector.com,6,0,1,1
heropressnetwork.com,6,0,2,1
hexamilesoft.com,6,0,1,1
heyreliable.ie,6,0,5,1
hhmx.de,6,0,1,1
hidden.com.au,6,0,1,1
hietoshi888.hatenablog.com,6,0,1,1
high.tools,6,0,2,1
highrisereads.com,6,0,2,1
higlabo.ai,6,0,2,1
hinterlandgazette.com,6,0,1,1
hipeople-main.webflow.io,6,0,1,1
hiroking.info,6,0,1,1
hiromatsu.hatenablog.com,6,0,1,1
hmaslam.com,6,0,2,1
hobbyfaqs.com,6,0,1,1
hoelee.com,6,0,4,1
holdersing.com,6,0,15,1
holdmywp.com,6,0,9,1
holocausto-doc.blogspot.com,6,0,1,1
home.social,6,0,3,1
homeofficewellness.com,6,0,1,1
homeprivacynetwork.com,6,0,1,1
honestapartments.co.uk,6,0,2,1
honeyb.ai,6,0,1,1
horovits.wordpress.com,6,0,3,1
horusmexico.com,6,0,1,1
hossain.dev,6,0,1,1
hostadviceninja.com,6,0,4,1
hostarmada.net,6,0,1,1
hostcatcher.com,6,0,1,1
hostdir.net,6,0,15,1
hostgrade.pl,6,0,1,1
hosting-rnk.com,6,0,1,1
hostingduty.com,6,0,2,1
hostingsatınal.com,6,0,1,1
hostingsift.com,6,0,36,1
hostjane.com,6,0,2,1
hotcursosonline.com,6,0,1,1
howtoclicks.com,6,0,150,1
howtohosting.guide,6,0,3,1
howtowp.com,6,0,7,1
hoyenperspectiva.com,6,0,2,1
hp-work.net,6,0,1,1
hqyman.cn,6,0,6,1
hr1.lt,6,0,1,1
htmlblog.net,6,0,1,1
http3.lol,6,0,5,1
huajaiit.com,6,0,1,1
huakun.tech,6,0,1,1
hubtechblog.com,6,0,1,1
huxxit.com,6,0,2,1
hwnerds.com,6,0,1,1
hyosunggh.com,6,0,1,1
i-seojin.co.kr,6,0,7,1
i4biz.com,6,0,1,1
iamreallife.com,6,0,7,1
ichi.pro,6,0,44,1
ictnn.ir,6,0,1,1
idblogz.com,6,0,169,1
idesignstudios.com,6,0,3,1
ieee-sensorsconference.org,6,0,12,1
iela.org.uk,6,0,2,1
ignitebright.com,6,0,2,1
ihsanland.com,6,0,1,1
iihglobal.de,6,0,2,1
iiidata.fr,6,0,1,1
ijaje.com,6,0,4,1
iki-iki.sakura.ne.jp,6,0,2,1
ikramul.com,6,0,2,1
ikreatethemes.com,6,0,1,1
il-trend.com,6,0,1,1
ilgiardino.wiki,6,0,2,1
illyaking.com,6,0,1,1
image-perth.org,6,0,1,1
imagewize.com,6,0,1,1
imagup.org,6,0,1,1
imblogs.net,6,0,6,1
imediti.com,6,0,1,1
imperfectcreative.com,6,0,1,1
inaden.org,6,0,1,1
indexiahq.com,6,0,1,1
indutru.com,6,0,1,1
infinityhostingweb.com,6,0,58,1
infinytia.com,6,0,1,1
infojoho.com,6,0,2,1
infomagazin.ch,6,0,23,1
infosec.pub,6,0,3,1
infosekolah.net,6,0,1,1
infosophia.eu,6,0,1,1
innobase-cowork.at,6,0,1,1
innocert.co.kr,6,0,1,1
innovatedefense.net,6,0,1,1
inoway46.hatenablog.com,6,0,2,1
insectsarefood.com,6,0,69,1
insidetrading.de,6,0,1,1
intar.edu.co,6,0,85,1
internet-is.com,6,0,1,1
internetcreativo.mx,6,0,1,1
interposthk.com,6,0,849,1
inuko.net,6,0,1,1
involution.at,6,0,1,1
ioslabunam.github.io,6,0,1,1
iparnet.fr,6,0,1,1
iplaywinner.squarespace.com,6,0,2,1
irosyadi.github.io,6,0,1,1
is-blog.com,6,0,5,1
isabelacharo.com,6,0,1,1
isana.dev,6,0,1,1
isoc.sn,6,0,2,1
istocks.club,6,0,4,1
itechstudio.sg,6,0,1,1
itgoldman.com,6,0,1,1
itmart24.com,6,0,7,1
itphobia.com,6,0,2,1
itsmyownway.com,6,0,1,1
ivasdesign.com,6,0,119,1
iweb.hk,6,0,21,1
izrablog.com,6,0,117,1
jacobhsu.github.io,6,0,1,1
jaiblogs.com,6,0,7,1
japanese-web-designer-corder-hnt.com,6,0,1,1
japanpopdaily.com,6,0,2,1
jasperwiki.com,6,0,1,1
jaycechant.info,6,0,1,1
jcalaw.ca,6,0,9,1
jeanbaptisteaudras.com,6,0,2,1
jeanweber.fr,6,0,2,1
jeeja.biz,6,0,1,1
jeffjsnider.com,6,0,2,1
jejuos.com,6,0,3,1
jeremynoronha.com,6,0,7,1
jessecunninghamseo.com,6,0,3,1
jetectech.com,6,0,2,1
jhilario.com,6,0,4,1
jieyibu.net,6,0,2,1
jiliblog.com,6,0,322,1
jimdepalma.net,6,0,1,1
jinsonvarghese.com,6,0,1,1
jlferrete.com,6,0,1,1
jmichaud.ca,6,0,2,1
job2reve.com,6,0,1,1
joe-brandes.de,6,0,4,1
joetek.ca,6,0,20,1
johanhermansson.se,6,0,1,1
johnscalla.com,6,0,3,1
johsocial.com,6,0,1,1
joinpivotnetwork.com,6,0,1,1
jollygoodthemes.com,6,0,2,1
jonoshebaglobal.com,6,0,5,1
joomlasaver.com,6,0,3,1
joqueoferta.com,6,0,1,1
josealvargonzalez.es,6,0,1,1
journalofcyberpolicy.com,6,0,2,1
joyofwp.com,6,0,16,1
jrealestate.ca,6,0,6,1
jrm4.com,6,0,2,1
julianstark.de,6,0,1,1
junikmedia.de,6,0,1,1
justanotherpanel.com.br,6,0,1,1
ka-blogs.com,6,0,5,1
kadouritsu.com,6,0,1,1
kaiquemitsuosilvayamamoto.com.br,6,0,2,1
kaivalyapowale.com,6,0,5,1
kajabimail.net,6,0,1,1
kakaopixel.com,6,0,1,1
kamyarsho.com,6,0,1,1
kanekta.com,6,0,6,1
karmatechnologies.co.uk,6,0,1,1
kauancarvacha.weebly.com,6,0,9749,1
kayvanpour.ir,6,0,1,1
kbikpower.com.au,6,0,6,1
keirseybooks.com,6,0,8,1
kemono.im,6,0,2,1
keoffers.co.ke,6,0,1,1
ketaki.co.in,6,0,2,1
keywordro.com,6,0,1,1
khadamatk.com,6,0,1,1
khmer168.com,6,0,1,1
kia.cc,6,0,62,1
kidixperformance.com,6,0,1,1
kifa.st,6,0,3,1
kimberlyhaniff.com,6,0,1,1
kinetabio.com,6,0,4,1
kingranks.com,6,0,17,1
kiravo.net,6,0,7,1
kirkiss.ky,6,0,6,1
kishan.co.za,6,0,1,1
kisskisso.com,6,0,1,1
kitbedrijf-denhaag.nl,6,0,51,1
kitchensinkwp.com,6,0,2,1
kiwibrowser.com,6,0,9,1
kmint.org,6,0,16,1
knightzone.studio,6,0,1,1
knoll.co,6,0,3,1
kodyhosting.pl,6,0,7,1
kokos.kz,6,0,2,1
kptree.net,6,0,1,1
kruizewebdesign.nl,6,0,1,1
ktwiki.com,6,0,1,1
kuestermann-media.de,6,0,1,1
kuri6005.sakura.ne.jp,6,0,4,1
kurita1.hatenadiary.com,6,0,2,1
la-vinoterie.fr,6,0,1,1
labaap.com,6,0,2,1
lacaverneseo.com,6,0,1,1
lachsdressur.de,6,0,1,1
ladderwp.com,6,0,24,1
lady-recepcyjne.pl,6,0,1,1
lafrtech.com,6,0,1,1
lancastereye.com,6,0,6,1
landstrasse.ch,6,0,2,1
langvault.com,6,0,1,1
larachat.co,6,0,2,1
larathunder.com,6,0,1,1
lasemanaphp.com,6,0,304,1
lateroundqb.com,6,0,3,1
latestnewsresource.com,6,0,1,1
latestonnet.com,6,0,1,1
laurieexcell.com,6,0,1,1
lavanderiaguizado.wixsite.com,6,0,48,1
lavitrineseo.com,6,0,1,1
law1006.com,6,0,2,1
leaderinternet.com,6,0,2,1
leadsnear.com,6,0,100,1
leadstosuccess.wordpress.com,6,0,1,1
learningtogo.ai,6,0,1,1
lecfcm.fr,6,0,2,1
lecodeestdanslepre.fr,6,0,1,1
lectures.com.ng,6,0,1,1
leebrosus.com,6,0,1,1
leehao.me,6,0,2,1
leesei.github.io,6,0,9,1
legresumes.com,6,0,6,1
leoloso.com,6,0,9,1
leonefinzi.com,6,0,1,1
leonh.space,6,0,1,1
leorthodontics.com,6,0,6,1
lepremiermiami.com,6,0,1,1
lerneprogrammieren.com,6,0,2,1
leroiduvpn.com,6,0,1,1
lerrihost.it,6,0,1,1
les-experts-referencement.fr,6,0,1,1
les-remises.com,6,0,1,1
lesetroits.com,6,0,2,1
lexpertlab.pl,6,0,2,1
liarsliarsliars.com,6,0,1,1
liberationdelacroissance.fr,6,0,2,1
libs.tech,6,0,3,1
lifebuzz.com,6,0,112401,1
lightningim.com,6,0,2,1
like-blogs.com,6,0,147,1
limito.net,6,0,1,1
limswiki.org,6,0,6,1
link4blogs.com,6,0,9,1
linkbuilder.com.br,6,0,3,1
linkedrise.com,6,0,3,1
linkingdirectory.com,6,0,3,1
linklamb.com,6,0,21,1
linkscrawl.com,6,0,3,1
linux-server-admin.com,6,0,4,1
linuxdork.com,6,0,2,1
linuxhaxor.net,6,0,8,1
linxsolutions.ai,6,0,1,1
lishengcian.com.tw,6,0,1,1
litrpgbook.com,6,0,1,1
littlespooncreamery.com,6,0,93,1
livebloggs.com,6,0,214,1
livelloundiciottavi.it,6,0,1,1
lll-ll.com,6,0,19,1
llmrank.fyi,6,0,1,1
llogic.cat,6,0,5,1
logikmemorial.ca,6,0,2,1
login-ed.com,6,0,65,1
look4blog.com,6,0,9,1
lossless.group,6,0,2,1
loudnoises.io,6,0,1,1
louna-danse.com,6,0,4,1
lovingindonesia.com,6,0,1,1
lraber.today,6,0,1,1
lucatangana.com,6,0,5,1
luckywhite.xyz,6,0,1,1
luft-geruch-reinigen.com,6,0,2,1
luminite.net.pe,6,0,135,1
luna.co.uk,6,0,1,1
lunarhub.co,6,0,1,1
lunatic-ai.com,6,0,1,1
lunnar.fo,6,0,4,1
lxadm.com,6,0,4,1
lyjia.us,6,0,67,1
m-a-c-egypt.com,6,0,3,1
m2l-usa.com,6,0,63,1
maanation.com,6,0,1,1
mabportugal.com,6,0,1,1
mac163.com,6,0,4,1
macrofix.com,6,0,1,1
madmanfilms.com.au,6,0,6,1
madmouseblog.com,6,0,199,1
magadanski.com,6,0,1,1
magellangin.es,6,0,1,1
magnificro.com,6,0,1,1
mahambatool.com,6,0,3,1
mailturismo.com,6,0,1,1
makarovalex.com,6,0,1,1
makewebsites.tw,6,0,1,1
malibuandco.com,6,0,24,1
manarydigital.com,6,0,2,1
maneshtimilsina.com,6,0,1,1
manninghammedicalcentre.com.au,6,0,1,1
maplescapes.com,6,0,1,1
marcusbattle.com,6,0,1,1
marjorierojas.com,6,0,2,1
markcreators.com,6,0,1,1
marketing-leap.com,6,0,1,1
marketing.ke,6,0,1,1
marketingcompany.ae,6,0,1,1
marketingsolution.com.au,6,0,28,1
marketingtechginsights.com,6,0,2,1
markhallander.dk,6,0,1,1
markmason.com,6,0,2,1
markobodiroza.com,6,0,1,1
marnon.se,6,0,1,1
marteu.com,6,0,2,1
mashupmd.com,6,0,1,1
masterbossitalia.com,6,0,1,1
mastersalesfunnels.com,6,0,1,1
matbannguyentam.com,6,0,1,1
matthewwoodward.co.uk,6,0,2,1
maven-web.com,6,0,2,1
maxedoutmovie.com,6,0,2,1
maxieewong.com,6,0,1,1
maximizar.com.co,6,0,1,1
maxpressy.com,6,0,1,1
mazaniwebs.com,6,0,1,1
mbbs.com,6,0,2,1
mbs-korea.com,6,0,18,1
mcisymposium.org,6,0,6,1
mcngmarketing.com,6,0,35,1
mdkblog.com,6,0,1,1
mdn.club.tw,6,0,3,1
mediamato.com,6,0,1,1
mediatech.report,6,0,2,1
medicalprices.co.uk,6,0,1,1
medienundinformatik.online,6,0,7,1
medium.pp.ua,6,0,1,1
megamini.media,6,0,1,1
mehdilaruelle.com,6,0,2,1
memesita.com,6,0,1,1
memext.wordpress.com,6,0,1,1
mentorsf.com,6,0,2,1
meshcah.net,6,0,3,1
mestmotor.se,6,0,24,1
mestresdowp.com.br,6,0,2,1
methean.pro,6,0,1,1
metroacutechiro.com,6,0,3,1
metrylo.com,6,0,1,1
mi1.top,6,0,1,1
michael-smirnov.ru,6,0,1,1
michaelbourne.ca,6,0,1,1
michaelkeane.art,6,0,6,1
michellelima.online,6,0,1,1
michelmetran.com.br,6,0,1,1
micro-keyword.hatenablog.com,6,0,1,1
microlinksite.com,6,0,9,1
microworks.co.kr,6,0,4,1
midia12.com.br,6,0,8,1
miguelcalvo.net,6,0,2,1
mikinev.com.br,6,0,1,1
miles4migrants.org,6,0,78,1
miliczki.sk,6,0,2,1
millionairclub.org,6,0,60,1
mindal.app,6,0,1,1
mindxmaster.com,6,0,2,1
miningoo.com,6,0,1,1
miniwebs.com.au,6,0,1,1
missioncom.co.kr,6,0,1,1
mmtechbpo.com,6,0,1,1
mmtm.io,6,0,3,1
modern-css.com,6,0,79,1
moderngentlemen.net,6,0,1,1
mohamedatif.com,6,0,1,1
momentumlistings.com,6,0,1,1
momtazserver.com,6,0,7,1
monaledge.com,6,0,1,1
mondowp.it,6,0,1,1
monelo.id,6,0,1,1
monetizebetter.com,6,0,3,1
monopole.mt,6,0,12,1
monstro.us,6,0,2,1
monxoops.fr,6,0,55,1
mooreoldsignsandantiques.com,6,0,3,1
moritzreitz.com,6,0,3,1
motochan.info,6,0,6,1
motyl-szary.com,6,0,1,1
mp-development.de,6,0,1,1
mp3newswire.net,6,0,1,1
mprstudio.com,6,0,2,1
msoworld.com,6,0,12,1
mtfacialsurgery.com,6,0,30,1
mtitunisie.com,6,0,8,1
multidisc.es,6,0,11,1
multifixarenab.se,6,0,2,1
multipop.org,6,0,26,1
murbach.info,6,0,1,1
musikgeil.dk,6,0,5,1
mxb-wiki.com,6,0,1,1
my-domain.com,6,0,3,1
my-lib.dev,6,0,5,1
myaicave.com,6,0,1,1
mybjjblog.com,6,0,37,1
mybuzzblog.com,6,0,132,1
mygrowthbox.com,6,0,2,1
mymonkeydo.com,6,0,4,1
myresourcefinderusa.com,6,0,2,1
mysearchintent.com,6,0,2,1
myselfcare.info,6,0,6,1
mysitesname.com,6,0,1,1
mytech.today,6,0,1,1
mythememarket.com,6,0,1,1
mywebmaster-israel.ovh,6,0,2,1
n2nsales.com,6,0,85950,1
nabzekar.com,6,0,1,1
nadinsoft.com,6,0,2,1
nadirsolutions.com,6,0,44,1
naeemnur.com,6,0,1,1
nakednews.top,6,0,1,1
nameradiance.com,6,0,1,1
namesgenerator.ai,6,0,2,1
namikawablog.com,6,0,1,1
naniwalife.com,6,0,1,1
nanomedicine.or.kr,6,0,4,1
napalmbeach.com,6,0,1,1
narga.net,6,0,1,1
nasbackup.de,6,0,1,1
nasniconsultants.com,6,0,9,1
nataliewiggins.design,6,0,1,1
nateatkinson.com,6,0,6,1
natural-wings.hateblo.jp,6,0,1,1
negociosoptimizados.com,6,0,4,1
neko-money.com,6,0,3,1
neonatlas.co.uk,6,0,1,1
netalert.net.au,6,0,1,1
netcleversolutions.com,6,0,1,1
netparadis.com,6,0,1,1
newbigblog.com,6,0,244,1
newearthfestival.com,6,0,12,1
newleafperformance.ca,6,0,3,1
newsbloger.com,6,0,2,1
newsbulletin247.com,6,0,421984,1
newswire.net,6,0,2,1
newsy-today.com,6,0,2,1
newsy.co,6,0,3,1
newsylist.com,6,0,1,1
newyorkseo.net,6,0,1,1
newzyatra.com,6,0,1,1
next-news.vercel.app,6,0,4,1
nextndt.com,6,0,1,1
nexuslawmarketing.com,6,0,2,1
nicepick.dev,6,0,3,1
nichepublisher.biz,6,0,2,1
nichewebmarketing.com,6,0,1,1
nickharrisdetectives.info,6,0,2,1
nicowebsite.com,6,0,1,1
nikopik.com,6,0,2,1
nimno.net,6,0,3,1
nipponese.news,6,0,2,1
nizarblog.com,6,0,9,1
noah-news.com,6,0,2,1
noblah.com.br,6,0,10,1
nocode-seo.com,6,0,2,1
nomadjobhunt.com,6,0,5,1
norsecorp.net,6,0,3,1
norskdomenenavn.no,6,0,2,1
norvasen.com,6,0,1,1
notesmatic.com,6,0,1,1
nothingnonsense.com,6,0,15,1
noticiasvaledoitajai.com.br,6,0,2,1
nouvelles-du-monde.com,6,0,1,1
novocsv.co.uk,6,0,2,1
novri.web.id,6,0,2,1
nowservicedesk.com,6,0,1,1
nowsupportpro.com,6,0,1,1
nswebarchitects.hr,6,0,1,1
nuevastecnologiasycosasdeesas.blogspot.com,6,0,1,1
nufw.org,6,0,6,1
nvestedequity.com,6,0,42,1
nwwebsites.co.uk,6,0,1,1
o2seo.com,6,0,1,1
ocalahomes.online,6,0,4,1
ocmn.nl,6,0,4,1
ofcontreras.com,6,0,1,1
ofertasong.com,6,0,6,1
offersafari.com,6,0,1,1
officialtop5review.com,6,0,3,1
officialwebsites.in,6,0,2,1
ohioins.net,6,0,1,1
oldmoondigital.com,6,0,2,1
oliphant.social,6,0,1,1
olitt.co.za,6,0,64,1
olive-international.com,6,0,1,1
oliviamattiazzo.dev,6,0,2,1
omar.tn,6,0,3,1
omnifyd.ai,6,0,2,1
omundodigital.blog.br,6,0,1,1
oncologynote.jp,6,0,2,1
one.net.in,6,0,3,1
oneklickseo.com,6,0,1,1
oneviewhub.com,6,0,2,1
onexiaobai.com,6,0,1,1
onlinecourseagency.com,6,0,2,1
onlinecoursereport.com,6,0,1,1
onlinedigital.reviews,6,0,12,1
onlinejobsacademy.com,6,0,1,1
onlinesalesguidetip.com,6,0,28,1
onlinetushar.com,6,0,2,1
onlyhealthydeals.com,6,0,1,1
onlysp.com,6,0,13665,1
ontargetresources.com,6,0,121,1
onurkurtic.ca,6,0,2,1
onzeblog.com,6,0,8,1
openacademie.com,6,0,1,1
opengraphmagic.com,6,0,1,1
opennet.dev,6,0,50,1
openr.co,6,0,2,1
opptrends.org,6,0,3,1
orchhalitfest.in,6,0,1,1
ordinaryintrovert.com,6,0,4,1
organicshealth.ro,6,0,1,1
originaljeanshop.gr,6,0,4,1
orlandowebdesigner.co,6,0,1,1
ortamarco.me,6,0,2,1
orthopedicurgentcarenj.com,6,0,21,1
orvit.design,6,0,11,1
osaboo.info,6,0,1,1
ourchildrensdentist.com,6,0,6,1
ourcodeblog.com,6,0,7,1
outcomelabs.com,6,0,5,1
outerplaces.com,6,0,1,1
outlying.works,6,0,1,1
outstandingstar.com,6,0,1,1
overjoyd.de,6,0,2,1
overnatic.us,6,0,9,1
owebplus.com,6,0,2,1
pablohorcajuelo.com,6,0,1,1
pacmax.org,6,0,1,1
pageandco.io,6,0,5,1
pagebuildersummit.com,6,0,2,1
pagestart.com,6,0,1,1
painelwp.com.br,6,0,218,1
pajevic.dk,6,0,8,1
pally.ch,6,0,1,1
palmpine.design,6,0,1,1
papkrast.com,6,0,1,1
para-ordenador.com,6,0,1,1
parimadtarkvarad.ee,6,0,25,1
parkjju.github.io,6,0,1,1
partnerskie-programmy.org,6,0,1,1
partygirlnj.com,6,0,12,1
passivebook.com,6,0,1,1
path.mba,6,0,2,1
pathdigitalservices.com,6,0,2,1
pattiring.com,6,0,2,1
peacefulgrowth.com,6,0,1,1
pedrobarqueroblog.es,6,0,1,1
pengzhanbo.cn,6,0,2,1
peplio.com,6,0,1,1
performwp.com,6,0,1,1
personal-clouds.org,6,0,2,1
petacrunch.com,6,0,3,1
peterjonour.wordpress.com,6,0,3,1
pgauto89.app,6,0,96,1
phoenixim.com,6,0,3,1
php8developer.com,6,0,559,1
phptraininggurgaon.in,6,0,1,1
pickhosting.co,6,0,1,1
pierantonioromano.com,6,0,4,1
pietraoven.co.il,6,0,1,1
pilidis.de,6,0,1,1
pineapplejuice.com,6,0,2,1
pingoru.io,6,0,59,1
pinkladyprizes.co.uk,6,0,48,1
piotrzientara.pl,6,0,9,1
pixeldima.com,6,0,3,1
pixelfic.com,6,0,4,1
pixelkraft.net,6,0,7,1
pixelschmiede.io,6,0,5,1
pixsmagic.com,6,0,1,1
playlivetrivia.com,6,0,3,1
plentyflow.de,6,0,1,1
pluginfind.com,6,0,18,1
pluginizer.com,6,0,6,1
pluginops.com,6,0,6,1
pluginsbrasil.com,6,0,1,1
pluginsuggest.com,6,0,1,1
plumbersinoceanside.com,6,0,4,1
plushcap.com,6,0,1,1
pmcaonline.org,6,0,1,1
pnwebservices.fr,6,0,3,1
podcast365.it,6,0,1,1
pointerremoteroles.com.au,6,0,1,1
polizeros.com,6,0,1,1
popularask.net,6,0,7,1
populartechworld.com,6,0,1,1
pork-chop.org,6,0,3,1
portaldios.com,6,0,2,1
portalslink.com,6,0,1,1
poseidondesign.co.uk,6,0,1,1
posgradount.edu.pe,6,0,13,1
post-blogs.com,6,0,153,1
powerhousehotrods.com,6,0,6,1
ppdigital.be,6,0,1,1
pr1sm.com,6,0,4,1
prashantwp.com,6,0,14,1
predictiveanalyticstoday.com,6,0,1,1
premieragent.co.ke,6,0,2,1
premiersol.co,6,0,1,1
premiumhostinghub.com,6,0,2,1
press24.am,6,0,2,1
presscompare.com,6,0,1,1
pressgodigital.com,6,0,1,1
pressreleasecc.com,6,0,2,1
presta.cafe,6,0,1,1
pricingrevealed.com,6,0,1,1
pridestaffbend.com,6,0,2,1
primeimpex.co.ug,6,0,2,1
print-avenue.fr,6,0,1,1
printcity.co.th,6,0,14,1
prizedpcs.com.au,6,0,5,1
pro-blockchain.com,6,0,1,1
pro-invest-consulting.de,6,0,1,1
proactivation.net,6,0,2,1
proactivenetworktech.com,6,0,2,1
proaffiliatepartners.com,6,0,10,1
proaffiliates.com,6,0,1,1
procomputer.biz,6,0,2,1
productgeek.com,6,0,2,1
programbox.ru,6,0,3,1
prohockeyhistory.com,6,0,2,1
projectcool.com,6,0,2,1
projectimmerse.com,6,0,1,1
projectpractical.com,6,0,1,1
prometheusbooks.com,6,0,249,1
propellantmediaeducation.com,6,0,1,1
propellantmediapolitics.com,6,0,1,1
properlypressed.ie,6,0,2,1
propfirmace.com,6,0,3,1
prosit-solutions.com,6,0,5,1
provatoo.net,6,0,1,1
proxylister.com,6,0,10,1
prudentdigital.com,6,0,1,1
prysmadigital.it,6,0,2,1
publishinstitute.org,6,0,2,1
pulsapi.com,6,0,2,1
punchy.design,6,0,1,1
pxe.gr,6,0,1,1
qiel.com,6,0,1,1
qnews.com.tw,6,0,1,1
qodsblog.com,6,0,252,1
qowap.com,6,0,6,1
qualibaie12.fr,6,0,1,1
quantab.de,6,0,1,1
queshunter.com,6,0,3,1
quickpro.co,6,0,1,1
rafaelalviarez.site,6,0,1,1
raindrop.page,6,0,30,1
rakeklappenmarketing.nl,6,0,1,1
rankzon.com,6,0,79,1
rapydapps.cloud,6,0,6,1
rashichakra.in,6,0,1,1
ratelivo.com,6,0,4,1
ratkayimola.hu,6,0,3,1
rbrl.com.ar,6,0,1,1
rcprofessionnelle.fr,6,0,1,1
rcs.is,6,0,1,1
real-estate-website.net,6,0,1,1
realistack.com,6,0,1,1
realwealthbusiness.com,6,0,4,1
recoverbh.com,6,0,3,1
recruitmentzilla.com,6,0,1,1
recurringrevenueconference.com,6,0,1,1
recursoswp.com,6,0,41,1
redbat.agency,6,0,2,1
redefineweb.com,6,0,42,1
redkiteseo.co.uk,6,0,7,1
redsun-iti.com.vn,6,0,1,1
redsunitservices.com,6,0,1,1
reemplaza.app,6,0,2,1
referencementmarseille.com,6,0,1,1
reina-no-blog.com,6,0,1,1
release-news.de,6,0,2,1
remitalis.lt,6,0,5,1
remotecareer.africa,6,0,1,1
remotejobs.lat,6,0,1093,1
repositorio-dam.com,6,0,1,1
repsmate.com,6,0,1,1
reputableimage.com,6,0,2,1
researchupon.com,6,0,516,1
resiliencecounselingandconsulting.com,6,0,30,1
restingtech.com,6,0,1,1
restnova.com,6,0,145,1
reveallongevity.com,6,0,3,1
revenueandprofit.net,6,0,2,1
review-blogger.com,6,0,4,1
reviewserver.vn,6,0,1,1
revopsroles.com,6,0,1,1
revyews.com,6,0,1,1
rexohub.com,6,0,1,1
rexoit.com,6,0,2,1
rickscloud.ai,6,0,1,1
rickscloud.com,6,0,1,1
rickywang.com,6,0,1,1
riovizual.com,6,0,9,1
risclens.com,6,0,1,1
risingway.com,6,0,1,1
rivoluzioni.ai,6,0,1,1
rmcfriends.com,6,0,1,1
rnkrocket.com,6,0,1,1
roachfiend.com,6,0,6,1
roastdev.com,6,0,29,1
robotninja.com,6,0,4,1
robustmagazine.com,6,0,1,1
rocheralexandre.com,6,0,1,1
rocketpowerwp.com,6,0,2,1
rocweb.nl,6,0,3,1
rodrigomilano.com.br,6,0,6,1
rolfvandenbrink.com,6,0,2,1
rolloutmoving.com,6,0,2,1
romaindelfosse.fr,6,0,2,1
roman-traveldesign.de,6,0,1,1
rongdhonu-mart.com,6,0,1,1
rootandleaf.io,6,0,1,1
ros.tw,6,0,4,1
rosemirfolhas.com.br,6,0,3,1
rotary9220.org,6,0,2,1
roulettecalculators.com,6,0,3,1
rovela.ai,6,0,2,1
rscreate.nl,6,0,1,1
rssmag.ir,6,0,4,1
rtgconstruction.com,6,0,6,1
rudeops.com,6,0,2,1
runandfunbelluno.it,6,0,50,1
rundevlog.com,6,0,1,1
rushmediaagency.com,6,0,1,1
rwpod.com,6,0,1,1
ryujiblog.net,6,0,2,1
s-carlett.com,6,0,1,1
saashed.com,6,0,2,1
saasmetrics.co,6,0,1,1
saasproduct.wixsite.com,6,0,3,1
sagartech.ae,6,0,2,1
sagebright.net,6,0,1,1
saikohayama.com,6,0,3,1
saizulamin.com,6,0,1,1
sakuratimes.tokyo,6,0,1,1
salmaniac.com,6,0,1,1
samayweb.com,6,0,1,1
sameness.co,6,0,2,1
sammenligner.dk,6,0,1,1
samplesdl-web.com,6,0,163,1
sanfanke.com,6,0,2,1
saoi.nl,6,0,3,1
sapyensdev.com,6,0,1,1
sarah-list.at,6,0,2,1
sarah-moyer.com,6,0,1,1
sbostondent.com,6,0,16,1
schapira.dev,6,0,140,1
schemaninja.com,6,0,6,1
schwarz1009.github.io,6,0,2,1
schwarzdach.at,6,0,1,1
sciberrasassociates.com,6,0,45,1
scopereads.info,6,0,1,1
scour.ing,6,0,16,1
scout.click,6,0,2,1
scraap.ai,6,0,6,1
scrivinor.com,6,0,18,1
sct-vienna.com,6,0,1,1
sdes.edu.np,6,0,48,1
searchboost.se,6,0,1,1
searchmarketingitalia.com,6,0,1,1
sebastianczech.com,6,0,1,1
sebastienmenard.net,6,0,1,1
secondlife-staging.com,6,0,1,1
securemoneyinsights.com,6,0,2,1
seethevision.com.au,6,0,1,1
seethroughweb.com,6,0,1,1
semtasks.com,6,0,1,1
sentinelpicks.com,6,0,2,1
senzaweb.it,6,0,1,1
seo-confiance.com,6,0,4,1
seo-head.de,6,0,1,1
seobetter.com,6,0,4,1
seodouga.info,6,0,1,1
seoengine.ai,6,0,2,1
seoflox.io,6,0,5,1
seong-ok.kr,6,0,2,1
seopromarketing.online,6,0,1,1
seostuff.it,6,0,48,1
seoulsamsung.net,6,0,22,1
seovishnu.com,6,0,3,1
seowriter360.com,6,0,27,1
septicsol.net,6,0,1,1
seriable.net,6,0,2,1
serp.cn,6,0,3,1
servermom.org,6,0,2,1
servicorp.com.br,6,0,1,1
servicosgratis.com.br,6,0,4,1
servipro.dev,6,0,1,1
sevinu.com.au,6,0,2,1
sexiezpiz.com,6,0,1,1
sfladvertising.com,6,0,1,1
sfuhost.com,6,0,2,1
sgsolutionsgroup.com,6,0,1,1
sh-trade.co.kr,6,0,8,1
sh0989.co.kr,6,0,12,1
shaplakanon.com,6,0,5,1
sharebyblog.com,6,0,128,1
sharpultrasound.co.nz,6,0,5,1
shiftwebsites.com,6,0,1,1
shinaplant.com,6,0,15,1
shinelightondepression.org,6,0,3,1
shjem.no,6,0,1,1
shonkr.com,6,0,1,1
shortkut.com,6,0,2,1
shotblogs.com,6,0,140,1
shouryoryx.wordpress.com,6,0,3,1
shubhamsasane.in,6,0,3,1
shubhangi.co.in,6,0,2,1
signin-link.com,6,0,21,1
simonbinderup.dk,6,0,2,1
simplefreethemes.com,6,0,3,1
simplesasquatch.com,6,0,4,1
sindicatoclicks.com,6,0,43,1
sinhalaguide.com,6,0,5,1
siriusdigital.us,6,0,1,1
sitemonki.com,6,0,2,1
siteprotect.fr,6,0,1,1
sitesecurely.com,6,0,2,1
sitetrio.com,6,0,1,1
sitwis.com,6,0,2,1
skinmodas.com.br,6,0,2,1
skyrocketwp.com,6,0,3,1
skywalk.ltd,6,0,1,1
slayne.fr,6,0,4,1
sloshspot.com,6,0,1,1
slviki.org,6,0,9,1
slzii.com,6,0,38,1
smartculture.uk,6,0,1,1
smartdirectorypro.com,6,0,1,1
smartithem.se,6,0,1,1
smartmarketingdepartment.com,6,0,542,1
smartmoneymamas.com,6,0,89,1
smartpassiveincomesuccess.com,6,0,2,1
smartstartbusinesssolutions.com,6,0,1,1
smartwavesco.com,6,0,1,1
smartweb.jp,6,0,6,1
smartwebhost.cloud,6,0,1,1
smblogsites.com,6,0,154,1
smileseo.co.uk,6,0,1,1
smithplasticsurgerysc.com,6,0,3,1
smlabtech.com,6,0,2,1
smoothbreeder.com,6,0,1,1
snack-blog.com,6,0,148,1
snackable.marketing,6,0,1,1
soan0516.com,6,0,14,1
socialdesire.com,6,0,1,1
socialpromo.de,6,0,1,1
socialsignalcounter.com,6,0,4,1
socialtrends.com.br,6,0,1,1
socialworkhelper.com,6,0,2,1
sociappeal.com,6,0,1,1
soeteman-elektra.nl,6,0,5,1
soewp.com,6,0,2,1
sofronomedia.com,6,0,1,1
soft2share.com,6,0,1,1
softplorer.com,6,0,91,1
softtechpayment.com,6,0,1,1
softwareadviser.ai,6,0,2,1
softykit.com,6,0,1,1
solangegarcesaguilar.com,6,0,1,1
solarmonkey.es,6,0,1,1
solidweb.fi,6,0,1,1
solobusinesstribe.de,6,0,2,1
solopack.pl,6,0,2,1
solsolutions.digital,6,0,2,1
solucionesie.com.mx,6,0,2,1
solverwp.com,6,0,1,1
somersetent.co.uk,6,0,8,1
somewhere.sk,6,0,3,1
sorourbros.com,6,0,1,1
souldraftlife.com,6,0,114,1
sovyn.com,6,0,1,1
soycarlosgonzalez.com,6,0,1,1
spacc.eu.org,6,0,1,1
sparkpulse.io,6,0,94,1
specificproduct.net,6,0,2,1
spicegrafix.se,6,0,1,1
spintheblog.com,6,0,2,1
spldelartois.fr,6,0,1,1
sport1.me,6,0,1,1
spyessentials.ai,6,0,1,1
squarewheelgroup.com,6,0,7,1
srtakpi.com,6,0,2,1
srworks.co,6,0,1,1
ssorc.tw,6,0,1,1
stackjobs.ai,6,0,2,1
stackwho.com,6,0,1,1
stagjobstoday.world,6,0,2,1
standard-reader.app,6,0,1,1
stangerup.net,6,0,1,1
starcourts.com,6,0,12,1
stark.nu,6,0,1,1
starkie.ai,6,0,1,1
starkrocket.com.br,6,0,13,1
starstack.eu,6,0,2,1
startmakingwebsites.com,6,0,1,1
startups.fm,6,0,10,1
staticwebsitehosting.org,6,0,2,1
station.software,6,0,1,1
statuscentral.io,6,0,1,1
statusoider.ru,6,0,1,1
stawi.de,6,0,1,1
step2.dev,6,0,4,1
stephenphillips.co.uk,6,0,5,1
sterblue.com,6,0,2,1
stevesuttoncoach.weebly.com,6,0,26,1
stjsgadgets-portal.com,6,0,1,1
stmarthas.co.uk,6,0,9,1
stockilluminati.com,6,0,2,1
stopmodreposts.org,6,0,2,1
strakture.com,6,0,1,1
strategynext.co.uk,6,0,1,1
streamlinegaragedoors.com,6,0,315,1
stromerzeuger-inverter.de,6,0,2,1
stspg.io,6,0,322,1
studio-floxi.com,6,0,1,1
studiohuxley.co.uk,6,0,1,1
stuff-creation.fr,6,0,1,1
stuffy.site,6,0,2,1
stylemywp.com,6,0,1,1
sua.ist,6,0,1,1
sub-processors.com,6,0,9,1
subhikh.com,6,0,1,1
subhub.net,6,0,1,1
submitmypressrelease.com,6,0,14,1
successfiber.com,6,0,1,1
suitejar.com,6,0,1,1
suncitymarketing.blog,6,0,3,1
supernova.blue,6,0,2,1
supportinclusionintech.com,6,0,5,1
surveillanceghana.com,6,0,1,1
svg.zone,6,0,1,1
svobodnyhlas.cz,6,0,3,1
sweepstakesinseattle.com,6,0,1,1
swiftupdates.ca,6,0,3,1
swzone.it,6,0,1,1
sydunco.com.au,6,0,3,1
synbus.ph,6,0,3,1
syncer.eu,6,0,2,1
syncwithconnex.com,6,0,6,1
synd.co,6,0,15,1
systemguiden.org,6,0,3,1
sz-webdesign.com,6,0,1,1
szeneputzen.de,6,0,37,1
taigacompany.com,6,0,1,1
takeatumble.com.au,6,0,1,1
takum.io,6,0,1,1
takuyatsuchida.com,6,0,1,1
tallinnovation.com,6,0,2,1
tamic.es,6,0,1,1
tannich.com,6,0,1,1
tao-space.top,6,0,1,1
taowebservices.com,6,0,1,1
target-info.com,6,0,1,1
targetaudience.co,6,0,2,1
targetblogs.com,6,0,128,1
tarunrawat.com,6,0,1,1
tavaservices.co.uk,6,0,1,1
tavsiye.org.tr,6,0,1,1
tccwz.com,6,0,10,1
tcdobrasil.com,6,0,10,1
teamv.no,6,0,1,1
tecadvocates.com,6,0,1,1
tech-exclusive.com,6,0,1,1
techaithreads.com,6,0,1,1
techandchildhood.com,6,0,1,1
techannouncer.com,6,0,1,1
techbar.ai,6,0,1,1
techbii.com,6,0,5,1
techbland.com,6,0,3,1
techblitz.ai,6,0,4,1
techbloat.com,6,0,1,1
techbytehub.com,6,0,3,1
techcyph.com,6,0,1,1
techdream.co.uk,6,0,1,1
techentires.com,6,0,1,1
techguru360.in,6,0,3,1
techie-show.com,6,0,1,1
techionblog.com,6,0,7,1
techland.dk,6,0,2,1
techlib.se,6,0,15,1
techmaish.com,6,0,4,1
techmechblog.com,6,0,1,1
techmetoday.com,6,0,3,1
techmodena.com,6,0,2,1
technely.com,6,0,1,1
technetbloggers.de,6,0,1,1
technologywebinfo.com,6,0,1,1
technonguide.com,6,0,2,1
techpatio.com,6,0,2,1
techqa.club,6,0,21,1
techsila.io,6,0,1,1
techstromy.com,6,0,1,1
techstrong.it,6,0,2,1
techtribune.net,6,0,5,1
techturismo.media,6,0,1,1
techuseful.com,6,0,1,1
techwench.com,6,0,1,1
techwriter.co,6,0,2,1
tecnoblog.org,6,0,4,1
telega.one,6,0,519,1
temcoair.com,6,0,501,1
templatation.com,6,0,7,1
th3star.uk,6,0,43,1
thavibes.ai,6,0,1,1
thawkdigital.com,6,0,1,1
the-digital-marketing-company.com,6,0,6,1
theaestheticbureau.com,6,0,1,1
theambiencenews.com,6,0,1,1
theanswerbank.co.uk,6,0,1,1
thearticon.com,6,0,3,1
theb2blabs.com,6,0,1,1
thebestintech.com,6,0,2,1
thebizhelper.com,6,0,10,1
theblackfriday.website,6,0,1,1
thebootstrapgenius.com,6,0,1,1
thebosslevelagency.com,6,0,6,1
thecivilistpapers.org,6,0,1,1
thecloudisserverless.com,6,0,1,1
thecoders.vn,6,0,2,1
theconversionmill.com,6,0,2,1
thecybermind.co,6,0,1,1
thedigitalmalik.com,6,0,3,1
theeventchronicle.com,6,0,1,1
thefunnelmarketingkit.com,6,0,1,1
thegoneapp.org,6,0,1,1
thegreencities.com,6,0,34,1
thegroomcollection.com,6,0,6,1
theinfluencerforum.com,6,0,1,1
theinstantsolutions.com,6,0,1,1
theisblog.com,6,0,8,1
theisozone.com,6,0,1,1
theivanhoesol.com,6,0,1,1
thelandingpagecourse.com,6,0,2,1
theleap.io,6,0,2,1
thelinuxcode.com,6,0,5,1
thelondonvirtualassistant.co.uk,6,0,1,1
theme-junkie.com,6,0,327,1
themeuniver.com,6,0,2,1
thenaturalspot.shop,6,0,1,1
thenerdsblog.com,6,0,660,1
theopaulsen.com,6,0,2,1
therealjerrylow.com,6,0,3,1
thesharif.dev,6,0,1,1
thesocialkit.com,6,0,9,1
thetechblog.io,6,0,6,1
thetundradrums.com,6,0,1,1
theturtleeffect.com,6,0,4,1
theventurer.com.hk,6,0,5,1
thewashingtonote.com,6,0,2,1
thewebsecret.com,6,0,1,1
thezeroed.com,6,0,1,1
third-news.com,6,0,9,1
thisiswhyibuilt.com,6,0,1,1
thomas-krakow.de,6,0,2,1
threatshub.org,6,0,3,1
three20properties.com,6,0,2,1
thrivegirly.com,6,0,1,1
thrivemate.com,6,0,1,1
tickertothesis.com,6,0,1,1
tigress.cc,6,0,1,1
timeblog.net,6,0,4,1
tkssharma.com,6,0,1,1
tldrnewsletter.com,6,0,15,1
tmsglobal.com.vn,6,0,6,1
toelementor.com,6,0,5,1
tokka-blog.com,6,0,123,1
tokyojoy.net,6,0,1,1
tolmiesystems.com.au,6,0,1,1
tomatomonari.com,6,0,1,1
tomfinley.com,6,0,1,1
tomshodgepodge.com,6,0,1,1
tool.news,6,0,3,1
toolradar.com,6,0,45,1
toolswitcher.com,6,0,4,1
top10hostweb.com,6,0,1,1
topacted.com,6,0,3,1
topapk.ru,6,0,1,1
toparticlesdirectory.com,6,0,4,1
topbilliondirectory.com,6,0,4,1
topbloghub.com,6,0,5,1
topdirectory.co.in,6,0,2,1
topdoma.in,6,0,3,1
topitguy.com,6,0,6,1
toplevelwebhost.com,6,0,8,1
topplistat.se,6,0,1,1
topsitessearch.com,6,0,1,1
toptohigh.com,6,0,5,1
total-blog.com,6,0,173,1
totalaccesshealth.co.uk,6,0,18,1
totaldumpingsolutions.com,6,0,1,1
totomaster.co,6,0,1,1
touch-dt.com,6,0,1,1
towardsdigiskills.com,6,0,1,1
trade-engineer.com,6,0,1,1
traf-partners.com,6,0,1,1
trafficsalad.org,6,0,1,1
trailblazer.fm,6,0,1,1
travaillerdechezsoi.com,6,0,1,1
travelgatesl.com,6,0,10,1
travelwithasanka.com,6,0,4,1
trendmeadow.com,6,0,1,1
trendvarta.info,6,0,2,1
trevorgensler.com,6,0,1,1
trgtkls.it,6,0,1,1
tribunablog.com,6,0,171,1
truepokeraffiliates.com,6,0,6,1
trull.org,6,0,6,1
trulywp.com,6,0,4,1
trustindex.com,6,0,4,1
trustrecruitmentservices.com,6,0,1,1
trysaasbattle.com,6,0,4,1
tsecurity.de,6,0,77,1
tsiarta.gr,6,0,1,1
ttblogs.com,6,0,182,1
tudoseo.com.br,6,0,1,1
tunnicliffe-hunt.com,6,0,2,1
tupresenciaenlared.com,6,0,1,1
turkeyburg.ca,6,0,1,1
turtlesharing.com,6,0,1,1
tussentijd.be,6,0,2,1
tvbv.cz,6,0,2,1
tweetfave.com,6,0,1,1
twistarticle.com,6,0,1,1
tx.me,6,0,486,1
typist.tech,6,0,4,1
ubytovanicerinek.cz,6,0,6,1
uc.design,6,0,2,1
udayanweb.com,6,0,1,1
udhee.com,6,0,5,1
uenda.pgw.jp,6,0,5,1
ultimatewpguide.com,6,0,1,1
unbilleteachattanooga.com,6,0,2,1
undercodetesting.com,6,0,1,1
unestgroup.com,6,0,1,1
unfs.edu.pe,6,0,103,1
uniquity.co,6,0,2,1
unitydiv.com,6,0,1,1
unitywebb.se,6,0,1,1
unraid-guides.com,6,0,5,1
updateland.com,6,0,3,1
uploading.com,6,0,1,1
uppervalleyweb.com,6,0,3,1
upward-impact.com,6,0,3,1
urbansplatter.uk,6,0,1,1
urlencode.de,6,0,3,1
urlys.com,6,0,12,1
uroborosac.com,6,0,2,1
usaker.com,6,0,25,1
usapostclick.com,6,0,4,1
usasportstvs.com,6,0,2,1
usbusinessnews.com,6,0,1,1
ustechsregister.com,6,0,1,1
utahpulce.com,6,0,1,1
utkukahraman.dev,6,0,4,1
uvitube.com,6,0,2,1
uxagencies.com,6,0,1,1
uyenwendy.com,6,0,1,1
uzblog.net,6,0,178,1
v1.run,6,0,1,1
vaerktojspris.dk,6,0,6,1
vailproperties.com,6,0,2329,1
valgugen.dk,6,0,2,1
valueye.co.kr,6,0,1,1
vanmarciano.co,6,0,1,1
vblogetin.com,6,0,493,1
veilsoffate.com,6,0,182,1
venuelabs.com,6,0,3,1
vermontrepublic.org,6,0,1,1
versloseo.lt,6,0,1,1
versuscenter.com,6,0,11,1
veryleaks.xyz,6,0,1,1
veteranstraining.ca,6,0,2,1
vettedtool.com,6,0,40,1
via-internet.de,6,0,23,1
viagemit.com,6,0,1,1
victoriafallstraveller.com,6,0,3,1
vidalcom.ca,6,0,1,1
villasimonicchi.com,6,0,1,1
virtualinfo.fr,6,0,1,1
virtualizare.net,6,0,143,1
virtualstacks.co.uk,6,0,1,1
virtualx.de,6,0,1,1
visionbb.org,6,0,18,1
visionnx.com,6,0,1,1
visualoak.com,6,0,1,1
vitadigital.io,6,0,2,1
vivihosting.com,6,0,4,1
vixen.consulting,6,0,1,1
vizibleseo.com,6,0,2,1
voicelawfirm.com,6,0,3,1
vpnonline.com,6,0,2,1
vslbooster.com,6,0,1,1
vssistant.com,6,0,1,1
vvspris.dk,6,0,6,1
vyaani.com,6,0,1,1
w3cybersolutions.com,6,0,1,1
wadialbadaitsolutions.ae,6,0,1,1
waferlabs.com,6,0,1,1
waggl.com,6,0,3,1
wakaran.net,6,0,1,1
walktowc.eu,6,0,5,1
waltmandesign.com,6,0,1,1
wannasherpa.com,6,0,4,1
warcry.com,6,0,11577,1
watchman.news,6,0,8,1
wauu-creative.com,6,0,1,1
waybackdownloaders.com,6,0,1,1
wayranks.com,6,0,24,1
wba.fr,6,0,6,1
wcblogs.com,6,0,3,1
wcboost.com,6,0,1,1
wcko.org,6,0,5,1
wcuganda.org,6,0,2,1
wcwkly.com,6,0,89,1
web-design-bremen.de,6,0,4,1
web-impact.nl,6,0,4,1
web3digital.ae,6,0,3,1
webbearsolutions.com,6,0,14,1
webbexperterna.se,6,0,1,1
webbuilders.es,6,0,1,1
webbuzzfeed.com,6,0,5,1
webcastlist.com,6,0,1,1
webdesign96.com,6,0,4,1
webdesignbooth.com,6,0,1,1
webdesignkennisbank.nl,6,0,4,1
webdevdesigner.com,6,0,1,1
webescalate.com,6,0,1,1
webfontsplugin.com,6,0,12,1
webheadcoder.com,6,0,9,1
webhelperpro.com,6,0,1,1
webhostguru.org,6,0,2,1
webhostingtech.nl,6,0,1,1
webhostingvoice.com,6,0,181,1
webinate.com.au,6,0,2,1
weblogco.com,6,0,558,1
weblyword.com,6,0,8,1
webmaster-paris.net,6,0,3,1
webmastered.com,6,0,7,1
webmastergezocht.nl,6,0,1,1
webmba.jp,6,0,1,1
webmobtuts.com,6,0,1,1
webranksite.com,6,0,14,1
webscountry.com,6,0,11,1
websitehostreview.com,6,0,2,1
websitehubs.com,6,0,4,1
websiteservice.co.za,6,0,1,1
websiteservices.io,6,0,2,1
websitetooltester.com,6,0,10,1
websproutconsulting.com,6,0,1,1
webtegrity.com,6,0,1,1
webthanglong.com,6,0,38,1
webtriiv.link,6,0,9,1
webyourself.eu,6,0,11,1
webzero.earth,6,0,1,1
wecodeexist.com,6,0,1,1
welearn.site,6,0,1,1
wenpai.org,6,0,51,1
werkstudenten-job.de,6,0,1,1
wfhwins.com,6,0,2,1
wfl.gg,6,0,8,1
whereby.us,6,0,1,1
widblog.com,6,0,10,1
wikicorrespondent.com,6,0,1,1
wikienlightenment.com,6,0,1,1
wikifordummies.com,6,0,1,1
wikimili.com,6,0,1,1
wikipublicist.com,6,0,1,1
wikizero.org,6,0,1,1
wildbos.com,6,0,2,1
wildfireconcepts.com,6,0,5,1
will-way-life.hatenablog.com,6,0,1,1
willacademy.it,6,0,66,1
wingman.actor,6,0,22,1
winstinahughes.com,6,0,1,1
winwithagency.com,6,0,1,1
wise-wolf.com,6,0,1,1
wishespot.com,6,0,177,1
wishfulthemes.com,6,0,2,1
wizzardsblog.com,6,0,5,1
wopus.org,6,0,1,1
wordely.com,6,0,1,1
wordfest.live,6,0,1,1
wordpress-develop.dev,6,0,1,1
wordpressdirect.co.uk,6,0,2,1
wordpressflow.hu,6,0,1,1
wordpressquickfix.com,6,0,2,1
workinsiders.com,6,0,1,1
workonpeak.org,6,0,3,1
workpublishing.com,6,0,1,1
worldconnection.nl,6,0,35,1
worldwideweb.vn,6,0,2,1
worthly.com,6,0,2,1
worthyourwebsite.com,6,0,12,1
wp-blogging.com,6,0,6,1
wp-pompey.org.uk,6,0,5,1
wp-tips.hatenablog.com,6,0,35,1
wp-wolf.com,6,0,2,1
wpactivethemes.com,6,0,4,1
wpaffiliates.com,6,0,4,1
wpagentur.xyz,6,0,1,1
wpallied.com,6,0,1,1
wpbackitup.com,6,0,1,1
wpbelgium.be,6,0,1,1
wpbern.ch,6,0,4,1
wpboosters.com,6,0,1,1
wpbrisko.com,6,0,1,1
wpcareer.net,6,0,1,1
wpcareerhub.com,6,0,13,1
wpchampion.com,6,0,3,1
wpcity.com,6,0,2,1
wpcubicle.com,6,0,4,1
wpdevs.com,6,0,1,1
wpdoze.com,6,0,5,1
wpdus.de,6,0,1,1
wpeditor.co.uk,6,0,15,1
wpessentials.org,6,0,2,1
wpfejleszto.com,6,0,1,1
wpforcessl.com,6,0,2,1
wpfunnel.net,6,0,5,1
wpinfo.show,6,0,2,1
wpknights.co,6,0,1,1
wpkolekto.com,6,0,5,1
wpmanage.io,6,0,4,1
wpmax.tw,6,0,1,1
wpmeetup-suedsauerland.de,6,0,1,1
wpministry.co,6,0,1,1
wpmonkey.co.il,6,0,1,1
wpmotif.com,6,0,1,1
wpnavin.com,6,0,2,1
wpneon.com,6,0,1,1
wpnews.io,6,0,4777,1
wpninjadevs.com,6,0,5,1
wpnomy.com,6,0,2,1
wponeapp.com,6,0,1,1
wpowls.co,6,0,34,1
wpplugins.tips,6,0,1,1
wppluginsatoz.com,6,0,22,1
wpquik.com,6,0,1,1
wpressblog.com,6,0,19,1
wpretter.de,6,0,2,1
wproom.com,6,0,1,1
wpsearch.ai,6,0,1,1
wpsimplified.in,6,0,2,1
wpsite.com,6,0,3,1
wpsites.ca,6,0,1,1
wpsuperstars.net,6,0,1,1
wpsurfer.com,6,0,6,1
wpwatercooler.com,6,0,38,1
wrestling-edge.com,6,0,6,1
wsieresults.com,6,0,1,1
wskpf.com,6,0,1,1
wsolutionshub.com,6,0,4,1
wssblogs.com,6,0,122,1
xidiancn.com,6,0,1,1
xlyy.net,6,0,6,1
xm.co.kr,6,0,18,1
xunga.org,6,0,1,1
xycost.com,6,0,3,1
xzblogs.com,6,0,5,1
yaoweibin.cn,6,0,9,1
yeswelcome.ma,6,0,1,1
yolo-marketing.com,6,0,1,1
yongyeontemple.org,6,0,1,1
youdontneedwp.com,6,0,3,1
yougrow.pro,6,0,2,1
youngdumbpodcast.com,6,0,1,1
younggogetter.com,6,0,2,1
youngpeopletoday.net,6,0,1,1
youronlinechoises.com,6,0,1,1
yourpaathshaala.in,6,0,1,1
yousher.com,6,0,1,1
youstickout.ma,6,0,2,1
yuheijotaki.com,6,0,1,1
yummiestfood.com,6,0,1,1
yummysoftware.com,6,0,1,1
yuuzaki2022.hatenablog.com,6,0,1,1
ywfirm.com,6,0,1,1
zacloud.net,6,0,1,1
zafuna.com,6,0,7,1
zdydh.com,6,0,15,1
zedkima.com,6,0,47,1
zeeklog.com,6,0,1,1
zeniwo.com,6,0,2,1
zerolimits.dev,6,0,4,1
ziblogs.com,6,0,4,1
ziligma.com,6,0,10,1
zizsoft.com,6,0,1,1
zlappo.com,6,0,1,1
zoip.ir,6,0,1,1
zooinajungle.com,6,0,1,1
руни.рф,6,0,3,1
т.website,6,0,13,1
100smartwork.com,5,0,2,1
10forward.ae,5,0,1,1
123zoeken.be,5,0,3,1
12shoesfor12lovers.com,5,0,1,1
1pt.nl,5,0,2,1
1xify.com,5,0,1,1
1xmarketing.com,5,0,4,1
2024breakfastclub.com,5,0,42,1
237tech.info,5,0,1,1
24hoursworld.com,5,0,15331,1
24webvertising.nl,5,0,4,1
28media.com,5,0,1,1
2refinish.com,5,0,1,1
33blog.com,5,0,1,1
33jsconcepts.com,5,0,1,1
400gun.com,5,0,1011,1
45committee.com,5,0,12,1
4uref.com,5,0,4,1
501words.net,5,0,2,1
72hoursites.com,5,0,1,1
76.digital,5,0,2,1
82mhz.net,5,0,2,1
84em.com,5,0,639,1
99bestsite.com,5,0,4,1
99ranks.com,5,0,1,1
9ch.net,5,0,2,1
a2zseoarticles.com,5,0,1,1
aaacreatives.com,5,0,1,1
aaadd.org,5,0,6,1
abanys-concept.ch,5,0,1,1
abouthostings.com,5,0,32,1
abrasifs.com,5,0,1,1
abrirarchivos.info,5,0,178,1
abrition.com,5,0,2,1
acacess.com,5,0,1,1
acceskenya.org,5,0,6,1
accesswellness.healthcare,5,0,3,1
achtung.app,5,0,2,1
adelfostro.com,5,0,1,1
administrata.net,5,0,1,1
adriansz.pl,5,0,2,1
adultstudent.com,5,0,3,1
adzbusiness.com,5,0,1,1
aetheronlab.com,5,0,1,1
affdude.com,5,0,2,1
affiliatecms.com,5,0,1,1
affreborn.com,5,0,3,1
affsyn.com,5,0,1,1
afilimart.com,5,0,1,1
afrizap.com,5,0,22,1
afterdrink.com,5,0,3,1
aga-decarlo.com,5,0,4,1
agelesspa.com,5,0,6,1
agence-wordpress-paris.fr,5,0,3,1
agencybacklinks.com,5,0,9,1
aiautotool.com,5,0,2,1
aicontentdojo.com,5,0,1,1
aihelpsukraine.cc,5,0,1,1
aimactgrow.com,5,0,3,1
aimojo.pro,5,0,1,1
aiowork.com,5,0,10,1
aiupnow.com,5,0,1,1
albarqenergy.com,5,0,4,1
alearesearch.io,5,0,1,1
alexandremagno.net,5,0,1,1
alicenavilleyoga.com,5,0,1,1
alifymedia.com,5,0,1,1
alisaleem252.com,5,0,2,1
alive.blue,5,0,6,1
aljunaid.co,5,0,1,1
all-in-protect.at,5,0,2,1
all4wordpress.com,5,0,7,1
alliess.co.il,5,0,1,1
allnumeric.fr,5,0,1,1
alternative-spaces.com,5,0,1,1
alvarodelarocha.com,5,0,1,1
am1260therock.com,5,0,18,1
ambanjafilms.co.uk,5,0,6,1
amdigitalke.com,5,0,4,1
amimako.com,5,0,1,1
amirhameed.com,5,0,1,1
ampopmusic.com,5,0,6,1
anata.digital,5,0,1,1
andisheonline.com,5,0,1,1
andreaheilrath.github.io,5,0,1,1
andreassobing.de,5,0,1,1
andreazoellner.com,5,0,2,1
androidmobiles.com,5,0,2,1
andysylvester.com,5,0,3,1
angelicoweb.com,5,0,1,1
angristan.xyz,5,0,2,1
aninodesign.com,5,0,1,1
annonseraonline.nu,5,0,2,1
anphira.com,5,0,65,1
antsy.health,5,0,27,1
anythinggraphic.net,5,0,1,1
apexsleepmedicine.com,5,0,33,1
apollositiweb.com,5,0,2,1
appbuilderworld.com,5,0,5,1
appfire.fr,5,0,1,1
appsforwork.co,5,0,2,1
appturedigitalmedia.com,5,0,6,1
aquariumsphere.com,5,0,6,1
archysport.com,5,0,7,1
ardentsupport.com,5,0,84,1
arenteiro.com,5,0,1,1
arhandsandvoices.org,5,0,12,1
arseneault.ca,5,0,1,1
artcreative.me,5,0,1,1
artgrouplist.com,5,0,15,1
artifex-web.at,5,0,8,1
artwebdev.com,5,0,2,1
arucy.com,5,0,492,1
aschen.tech,5,0,38,1
ashadigitary.com,5,0,1,1
ashleymann.me,5,0,2,1
ashokkuikel.com,5,0,1,1
askcdp.com,5,0,1,1
askdev.ru,5,0,15,1
aspirefs.ca,5,0,27,1
asrafmasum.com,5,0,2,1
assiateck.com,5,0,2,1
assuagehosting.com,5,0,1,1
astraelementorusers.com,5,0,102,1
astrokjoseph.com,5,0,2,1
atlantagirlsschool.org,5,0,57,1
atomnews.in,5,0,1,1
atrent.co.kr,5,0,2,1
atriomail.com,5,0,13,1
attentiontrust.org,5,0,1,1
attractionimages.ca,5,0,78,1
aukfoods.com.pk,5,0,3,1
auroraservers.xyz,5,0,2,1
aurumevent.com,5,0,1,1
austinginder.com,5,0,1,1
australianwebdirectory.info,5,0,3,1
auth0-blog.vercel.app,5,0,1,1
autoconocimientonoaya.com,5,0,1,1
autoinfra.cn,5,0,2,1
autopilotmarketing.io,5,0,1,1
autopris.dk,5,0,2,1
av2.top,5,0,5,1
awesome-devops.xyz,5,0,2,1
awpha.com.br,5,0,18,1
awsdba.cloud,5,0,14,1
axelkra.us,5,0,1,1
axtov.com,5,0,1,1
b2bposse.com,5,0,1,1
backlinkplaatsen.nl,5,0,3,1
backlinktime.com,5,0,2,1
backupreview.com,5,0,3,1
badak3ikar.com,5,0,1,1
balbol.com,5,0,2,1
barbaraling.com,5,0,87,1
barcodebrandconsulting.com,5,0,1,1
bassmediagroup.co.uk,5,0,3,1
bavarian-lions.com,5,0,2,1
beachchairmarketing.ca,5,0,3,1
beginnertuts.com,5,0,1,1
bemepro.ch,5,0,2,1
ben-seo.com,5,0,1,1
bermancosmeticsurgery.com,5,0,1062,1
best-ux-agency.com,5,0,1,1
best-webhosting.org,5,0,1,1
bestand.info,5,0,110,1
bestarticleworld.com,5,0,1,1
bestcontenthosting.com,5,0,1,1
bestdirectorysite.com,5,0,3,1
bestfreehosting.uk,5,0,3,1
besthostingforwebsites.com,5,0,2,1
bestlimao.com,5,0,1,1
bestref.net,5,0,3,1
betteridgeslaw.com,5,0,47,1
betterregwatch.eu,5,0,1,1
bicyclemark.gitlab.io,5,0,1,1
big-green-gathering.com,5,0,6,1
bigboycancode.com,5,0,1,1
bilalarticles.com,5,0,1,1
billlentis.com,5,0,1,1
binarynewsnetwork.com,5,0,1,1
bingapis.com,5,0,65,1
bioforcehrv.com,5,0,60,1
bipam.net,5,0,2,1
bitfumes.com,5,0,1,1
bitsbytesoft.com,5,0,2,1
biz-server.pro,5,0,1,1
bizgrows.com,5,0,2,1
blackjack2.nl,5,0,1,1
blankstreetstudio.com,5,0,1,1
blarneystonefarmsva.com,5,0,3,1
blgsmth.tips,5,0,13,1
block.cc,5,0,2,1
blockaccessibilitychecks.com,5,0,2,1
blockcast.cc,5,0,2,1
blogcd.com,5,0,3,1
blogdeyoly.com,5,0,1,1
bloggdesk.com,5,0,2,1
bloggeroundup.com,5,0,4,1
bloggersonly.com,5,0,135,1
bloggingforests.com,5,0,1,1
bloggingfoundation.com,5,0,71,1
bloggingshethrives.com,5,0,1,1
blogjunkie.net,5,0,2,1
blogprocess.com,5,0,6,1
blogron.com,5,0,1,1
blogsandnews.com,5,0,1,1
bludotmedia.com,5,0,1,1
bluebox-design.ch,5,0,1,1
bluewavesdigital.com,5,0,2,1
bluoo.digital,5,0,1,1
blyty.co.uk,5,0,4,1
bnbamplify.com,5,0,3,1
bocivus.com,5,0,1,1
bonfire.cafe,5,0,22,1
booboone.com,5,0,1,1
bookaerialarts.com,5,0,6,1
bookmarkpressure.com,5,0,2,1
boombop.co.uk,5,0,1,1
bosa.org.ua,5,0,1,1
botblocker.top,5,0,5,1
bowerhousebooks.com,5,0,3,1
brandexperts.ai,5,0,1,1
brandfuge.com,5,0,1,1
brandvidual.com,5,0,1,1
branect.net,5,0,4,1
brawebbhotell.se,5,0,11,1
brazgoval.com,5,0,1,1
breakfastco.xyz,5,0,1,1
breakthroughresumes.com,5,0,1,1
bricktowntom.com,5,0,7,1
brightcommerce.io,5,0,1,1
brightoak.com,5,0,30,1
brilhomeu.com.br,5,0,1,1
broadweb.com.au,5,0,1,1
bsqua.re,5,0,30,1
buddybeds.com,5,0,1,1
buhalbu.com,5,0,1,1
buildwebcoach.com,5,0,2,1
bunatimes.com,5,0,472242,1
businessnewses.com,5,0,1,1
businessnone.com,5,0,1,1
businesspress.es,5,0,1,1
businesstalk.news,5,0,2,1
buyerseller.xyz,5,0,1,1
buzzcapture.nl,5,0,3,1
bytefeed.ai,5,0,2,1
bytevarsity.net,5,0,2,1
caasocio.com,5,0,1,1
cabalinspections.com,5,0,6,1
caffin.net,5,0,15,1
cainiaoxueyuan.com,5,0,8,1
calendarapptica.cloud,5,0,3,1
canadacourses.ca,5,0,2,1
cannetwork.org,5,0,3,1
canongate.com,5,0,6,1
captivateclick.com,5,0,48,1
carewayslinks.blogspot.com,5,0,2,1
carewithmefoundation.com,5,0,15,1
carsandparts.com,5,0,216,1
catasys.com,5,0,75,1
cbinsight.com,5,0,618,1
ccdiscovery.com,5,0,1,1
cchk.info,5,0,1,1
ccrvc.ca,5,0,93,1
celebhoo.com,5,0,3,1
celebrity-exchange.com,5,0,6,1
celebritypro.com,5,0,11,1
centous.com,5,0,1,1
cerealentrepreneur.academy,5,0,1,1
certsimples.com.br,5,0,6,1
cetd.ro,5,0,1,1
cfshelp.info,5,0,1,1
chargeexplained.com,5,0,1,1
checkerboardnightmare.com,5,0,6,1
chimen.to,5,0,1,1
chl.so,5,0,5,1
chotto.news,5,0,3,1
chrisonealdesign.com,5,0,2,1
christinamcondreay.com,5,0,321,1
cics101.com,5,0,7,1
cimusa.org,5,0,3,1
circleboxblog.com,5,0,1,1
clementdazin.fr,5,0,2,1
clever-gooddeal.com,5,0,8,1
clica.site,5,0,20,1
clickadlink.com,5,0,1,1
clickcreative.net.au,5,0,3,1
clicktohigh.com,5,0,1,1
clioweb.dev,5,0,15,1
clooudi.com,5,0,2,1
cloudcops.com,5,0,1,1
cloudhostrank.com,5,0,30,1
cloudsmallbusinessservice.com,5,0,1,1
cnfe.eu,5,0,1,1
cnxwebdesign.com,5,0,3,1
cocona105.info,5,0,1,1
codango.com,5,0,1,1
codapacks.io,5,0,36,1
code011.com,5,0,1,1
codegenes.net,5,0,1,1
codeical.com,5,0,1,1
codercto.com,5,0,12,1
coderex.co,5,0,2,1
coderman.ru,5,0,7,1
codinginterviewcourses.com,5,0,1,1
coimbatorewebhosting.com,5,0,2,1
coinvoice.net,5,0,2,1
collabrance.com,5,0,372,1
collegelearners.org,5,0,1,1
com.s3-website.eu-north-1.amazonaws.com,5,0,1,1
commondenominator.email,5,0,1,1
communityentranceu.wixsite.com,5,0,1,1
companymagazine.org,5,0,1,1
compassanimal.com,5,0,2,1
computer-pdf.com,5,0,1,1
concejomunicipaldechinu.gov.co,5,0,1645,1
condorito.fr,5,0,1,1
consultantweb.net,5,0,2,1
contemporarymediagrp.com,5,0,6,1
contentclerks.co,5,0,1,1
contentforce.net,5,0,1,1
contentyze.com,5,0,2,1
coolhole.net,5,0,1,1
coopermcgregor.com,5,0,20,1
coordonne.es,5,0,2,1
coppercocktavern.com,5,0,6,1
cornerstonefra.com,5,0,28,1
corporatebloggingtips.com,5,0,4,1
corporaterain.com,5,0,1,1
correomasivocolombia.com,5,0,1,1
courserevisited.com,5,0,1,1
covenco.co.uk,5,0,2,1
cpureport.com,5,0,1,1
cr8vstacks.com,5,0,1,1
craigbeckta.com,5,0,1,1
craylor.co,5,0,1,1
craylor.link,5,0,1,1
crazypeople.online,5,0,6,1
crazyspeedtech.com,5,0,2,1
creativedesignblog.com,5,0,2,1
creativepassenger.com,5,0,3,1
creativesalahu.com,5,0,2,1
creativesgrabcoffee.com,5,0,4,1
creatorboom.com,5,0,2,1
cristianthous.com,5,0,5,1
crossimpactcoaching.com,5,0,2,1
crowdfundur.com,5,0,2,1
crushingcode.co,5,0,2,1
cryptonewsbytes.com,5,0,1,1
csfactor.com,5,0,4,1
cstu.io,5,0,1,1
curatora.io,5,0,1,1
curioelectro.com,5,0,6,1
cursosdeidiomasonline.com,5,0,3,1
customercounts.com,5,0,2,1
cyber-reports.com,5,0,1,1
cybernomadtv.com,5,0,4,1
cyberspulse.com,5,0,1,1
d-fsl.org,5,0,2,1
dafontfree.info,5,0,2117,1
dailyiowanepi.com,5,0,1,1
dailyresearchnews.com,5,0,3,1
danbilabs.com,5,0,2,1
daniel-klose.com,5,0,1,1
danielpataki.com,5,0,4,1
dansealsforcongress.com,5,0,1,1
dantechnologies.org,5,0,1,1
darkedge.world,5,0,1,1
darwinsdata.com,5,0,1,1
datacurso.com,5,0,4,1
datadataboom.com,5,0,2,1
datafornix.com,5,0,9,1
dateinsuficiente.ro,5,0,1,1
davidherrerasanchez.com,5,0,2,1
davidowitzassociates.com,5,0,6,1
dayofdifference.org.au,5,0,4,1
daztech.co,5,0,1,1
db2101.com,5,0,5,1
dbridgesolutions.com,5,0,2,1
dbscyber.com,5,0,8,1
ddimagazine.com,5,0,6,1
dealiacs.com,5,0,1,1
debug.school,5,0,2,1
decodedigitalmarket.com,5,0,1,1
dedicatedhost247.com,5,0,2,1
deep-web-solutions.com,5,0,2,1
deepfox.com,5,0,2,1
definir-tech.com,5,0,25,1
demamarketing.com,5,0,2,1
demandtech.org,5,0,1,1
derrick.dk,5,0,1,1
desa.com.my,5,0,4,1
designtavern.com,5,0,1,1
desilusion.com,5,0,1,1
detale.ca,5,0,13,1
devappsolution.com,5,0,12,1
devasking.com,5,0,1,1
devexus.net,5,0,1,1
devicedaily.com,5,0,21,1
devkinsta.com,5,0,1176,1
diananichols.com,5,0,3,1
diariotecnologia.es,5,0,1,1
dieidee.eu,5,0,45,1
digg2.com,5,0,2,1
diginewbie.com,5,0,3,1
digitalchuck.com,5,0,2,1
digitaldigest.au,5,0,2,1
digitalgabonews.com,5,0,6,1
digitalsignagehub.org,5,0,1,1
digitaltemplatemarket.com,5,0,1,1
digitaltopical.com,5,0,2,1
digitara.pk,5,0,1,1
directmedsupply.com,5,0,4,1
directorycell.com,5,0,1,1
directoryoflink.com,5,0,3,1
discoverwebtools.com,5,0,1,1
divi-themes.com,5,0,15,1
divrender.com,5,0,1,1
divydovy.com,5,0,1,1
dlsserve.com,5,0,2,1
dmfulfillment.ca,5,0,190,1
dnsgurus.com,5,0,40,1
doacweb.com,5,0,2,1
docarnettefoundation.org,5,0,25,1
doctormarketingmd.com,5,0,2,1
dodcott.org,5,0,5,1
dodgeballmarketing.com,5,0,1,1
doestarian.com,5,0,1,1
dokandemo.com,5,0,1,1
dom-s.org,5,0,51,1
domain.news,5,0,1,1
dotdesh.com,5,0,12,1
dotnek.com,5,0,1,1
dotthemes.com,5,0,1,1
dreamingsunday.com,5,0,1,1
dricapital.com,5,0,6,1
dridainfotec.com,5,0,6,1
dropshippinghelps.com,5,0,13,1
dropshippingsuppliershub.com,5,0,1,1
drunkenux.com,5,0,5,1
dtbweb.nl,5,0,5,1
duchennexchange.org,5,0,1,1
dudie-agency.fr,5,0,1,1
eagleionline.com,5,0,1,1
eapoe.info,5,0,2,1
earthasylum.com,5,0,51,1
earthpressnews.com,5,0,1,1
echf.org.uk,5,0,225,1
ecole-populaire-internet.com,5,0,1,1
ecommercemanager.co,5,0,3,1
ecosupplements.cz,5,0,2,1
edge360creative.com,5,0,1,1
educarehubchannel.com,5,0,1,1
eflatinc.com,5,0,2,1
eictbd.com,5,0,1,1
elandtools.com,5,0,1,1
elarranque.org,5,0,5,1
electric.com.au,5,0,15,1
elegantauthority.com,5,0,9,1
eletseminario.org,5,0,1,1
eliotzigmundjazz.com,5,0,1,1
emeraldcreativegroup.com,5,0,1,1
enamix.com,5,0,3,1
encloudment.com,5,0,7,1
encycloreader.org,5,0,7,1
engagedorgs.com,5,0,1,1
engramium.com,5,0,1,1
enlacepermanente.es,5,0,39,1
enmedia.eu,5,0,2,1
enrollbookmarks.com,5,0,1,1
envicio.com,5,0,1,1
epicsite.xyz,5,0,2,1
eqlife.com.au,5,0,33651,1
era-solutions.com,5,0,1,1
ericmelillo.com,5,0,2,1
errorcodespro.com,5,0,1,1
espantapitas.com,5,0,1,1
essexwinterseries.com,5,0,18,1
etoppc.com,5,0,22,1
eugeneronin.com,5,0,1,1
eulis.es,5,0,8,1
euronov.com,5,0,1,1
evbn.org,5,0,2,1
excelinservice.com,5,0,6,1
exndev.com,5,0,2,1
exvar.com,5,0,1,1
eyjar.net,5,0,2,1
f5.pm,5,0,31,1
fairgrinds.com,5,0,5,1
famigliamosca.com,5,0,2,1
fanagalo.nl,5,0,4,1
fangwallet.org,5,0,51216,1
farolverde.org.br,5,0,1,1
fastoq.com,5,0,13,1
fasttwitchapp.com,5,0,1,1
faucre.com,5,0,1,1
feddit.dk,5,0,15,1
ferienwohnung-augsburgland.de,5,0,3,1
fewdaily.com,5,0,3,1
fidelitycreative.com,5,0,1,1
fightclub1947.com,5,0,111,1
fikiri.net,5,0,44,1
fikson.com,5,0,1,1
filterfilmogtv.no,5,0,4,1
finalscope.com,5,0,1,1
finance.wiki,5,0,2,1
findbestwebhosting.com,5,0,13,1
findpostoffice.org,5,0,12,1
findsite.eu,5,0,2,1
firaallreviews.com,5,0,2,1
fireav.com,5,0,22,1
firstrain.com,5,0,4,1
fixmypagespeed.com,5,0,136,1
flash-jet.com,5,0,1,1
flaxit.dk,5,0,6,1
floridaasthmacoalition.com,5,0,45,1
fluentdx.com,5,0,1,1
focusppc.com,5,0,3,1
fontaxis.com,5,0,1,1
forbes-news.com,5,0,1,1
forex.pm,5,0,1,1
formulainternet.com,5,0,1,1
forthelawyers.co,5,0,1,1
forwardladies.com,5,0,243,1
forzadigitalconsulting.com,5,0,6,1
founderactivity.com,5,0,1,1
founders.marketing,5,0,1,1
founderweekly.com,5,0,1,1
franckscandolera.com,5,0,3,1
francoisbrucker.github.io,5,0,4,1
franklyflawless.org,5,0,1,1
fredmehry.com,5,0,1,1
free-mail.co.za,5,0,1,1
freedomaware.com,5,0,3,1
fresh-catalog.com,5,0,13,1
freshrules.agency,5,0,7,1
fridermedia.com,5,0,1,1
frikilatino.com,5,0,4,1
frontenddev.org,5,0,1,1
frontresearch.com,5,0,2,1
fudwaca.com,5,0,6,1
functionalmeddoc.com,5,0,1,1
fusionmindlabs.com,5,0,1,1
future45.com,5,0,3,1
futurestatemedia.com,5,0,4,1
futuretec.com.br,5,0,1,1
g4designhouse.com,5,0,4,1
gadgetbond.com,5,0,4,1
gadiros.com,5,0,4,1
galencallender.com,5,0,6,1
gambio-server.net,5,0,3,1
gameplaying.info,5,0,3,1
gamerslatam.info,5,0,1,1
gamerz.one,5,0,1,1
gangtokchronicle.in,5,0,1,1
ganttman.com,5,0,1,1
garridodiaz.com,5,0,1,1
gbcodies.com,5,0,1,1
geda.ly,5,0,1,1
geekontheroad.com,5,0,1,1
geintegreerdevisserij.nl,5,0,1,1
genaialliance.com,5,0,2,1
gendermedjournal.com,5,0,6,1
genesis-aka.net,5,0,4,1
getauru.com,5,0,1,1
getecube.com,5,0,1,1
getlisting.org,5,0,1,1
getonepager.com,5,0,1,1
getonfleek.com,5,0,126,1
getsolved.org,5,0,1,1
ggsuptime.com,5,0,1,1
ggyess.com,5,0,1,1
gicv.org,5,0,1,1
gigbic.com,5,0,3,1
giggetter.com,5,0,2,1
gillytech.com,5,0,2,1
glennga.be,5,0,4,1
globalseoarticles.com,5,0,1,1
globalseodirectory.com,5,0,1,1
globepainter.com,5,0,3,1
globu.nl,5,0,1,1
gloriamacdonald.com,5,0,1,1
glossique.com,5,0,1,1
goedison.com,5,0,1,1
gogorapid.com,5,0,1,1
goldenoakwebdesign.com,5,0,1,1
gomiryo.com,5,0,1,1
goodlawseo.com,5,0,2,1
goodmoneysense.com,5,0,1,1
gopathtomillions.com,5,0,1,1
goremotejob.com,5,0,5,1
gorilladevops.com,5,0,7,1
gostart.biz,5,0,2,1
gostica.com,5,0,9,1
gothlin.se,5,0,6,1
gplboss.com,5,0,1,1
gravitywell.xyz,5,0,2,1
graylingsociety.org,5,0,1,1
greasyguide.com,5,0,10,1
greattraveladvisor.com,5,0,1,1
greenphillyblog.com,5,0,2,1
greenvillechorale.com,5,0,324,1
gridsix.com,5,0,1,1
grimalc.com,5,0,1,1
grok-pedia.com,5,0,22,1
growthstrategies101.com,5,0,1,1
growwithba.com,5,0,4,1
guibib.com,5,0,5,1
guidedsuccessacademy.com,5,0,1,1
guidopercu.dev,5,0,1,1
gurusoftware.com,5,0,1,1
gustavocaetano.com.br,5,0,1,1
h2l2.io,5,0,2,1
hackernewsbrasil.com.br,5,0,1,1
hackguard.com,5,0,1,1
hackr.de,5,0,5,1
hakeema.com,5,0,2,1
haksthehax.com,5,0,1,1
hamburg19.com,5,0,2,1
hanhtranglaptrinh.net,5,0,12,1
hannammall.com,5,0,7,1
harmonyevans.com,5,0,1,1
hasbullahmarwan.com,5,0,2,1
hashtag.net.au,5,0,6,1
hashtaggulu.org,5,0,1,1
haslaws.com,5,0,3,1
healthypetcorner.com,5,0,6,1
heartvet.com,5,0,90,1
hebergeurweb.net,5,0,1,1
helbak.com,5,0,27,1
helixware.tv,5,0,3,1
hellowebmasters.com,5,0,1,1
helpmecore.com,5,0,12,1
helterskelterstudios.com,5,0,1,1
hemingwayhuskies.org,5,0,4,1
hervelenost.com,5,0,1,1
hgrantdesigns.com,5,0,1,1
hgtactical.net,5,0,7,1
hiboox.org,5,0,1,1
hide-biz.com,5,0,1,1
hirecheapwriters.com,5,0,1,1
hireotter.com,5,0,1,1
hireyatin.com,5,0,3,1
hiroshi-sawai.com,5,0,2,1
hkwp.me,5,0,46,1
hnhub.dev,5,0,4,1
honeybower.com,5,0,4,1
hop.online,5,0,4,1
hopiant.com,5,0,1,1
hostedium.com,5,0,1,1
hostexecutive.com,5,0,5,1
hosthub1.com,5,0,1,1
hostingdiscover.com,5,0,1,1
hostingpeek.com,5,0,1,1
hostingreviewsco.com,5,0,37,1
hostlogic.ie,5,0,1,1
hostscoop.com,5,0,1,1
hostseolinks.com,5,0,1,1
hotelclassbusiness.com,5,0,1,1
housecursos.com,5,0,1,1
housefreedomfund.com,5,0,558,1
houseofwendu.com,5,0,1,1
housingandshelter.com,5,0,2,1
housingprototypes.org,5,0,1,1
houstonstevenson.com,5,0,3,1
hrbrmstr.dev,5,0,1,1
hth.guide,5,0,99,1
hubbry.com,5,0,29,1
hubsadda.com,5,0,1,1
hubsite365.com,5,0,3,1
hungrytoheal.com,5,0,3,1
hustlebooks.com,5,0,4,1
hybratech.com,5,0,1,1
hyperlinks.fun,5,0,10,1
ibusinessangel.com,5,0,1,1
iconvert.pro,5,0,2,1
icypixels.com,5,0,3,1
ideolift.com,5,0,1,1
iekxini.edu.gr,5,0,2,1
igbogavle.org,5,0,1,1
ignitionlabs.com,5,0,1,1
iheartwordpress.org,5,0,4,1
ilait-reseller.com,5,0,7,1
ilnegoziologgia.it,5,0,3,1
ilovefree.com,5,0,10,1
imagequotables.com,5,0,9,1
imaginarytrout.com,5,0,3,1
impressions.agency,5,0,2,1
impressivemagazine.com,5,0,1,1
imtips.co,5,0,1,1
imtqy.com,5,0,63,1
inamatrix.xyz,5,0,2,1
indiafdiwatch.org,5,0,4,1
ineedmarketer.com,5,0,1,1
infiwebs.com,5,0,2,1
infixdigital.com,5,0,2,1
influenctor.com,5,0,1,1
infoceptor.com,5,0,3,1
informationphysicsinstitute.org,5,0,1,1
ingeniohosting.org,5,0,48,1
inklifes.com,5,0,1,1
innerwheelindia.org,5,0,75,1
innovaton.cl,5,0,34,1
inovaticus.com,5,0,1,1
inpulseglobal.com,5,0,1,1
inspired-evolution.com,5,0,1,1
instadesign.co.uk,5,0,1,1
instawp.co,5,0,1,1
interedgemarketing.com,5,0,1,1
interiortrends.dk,5,0,2,1
internations.net,5,0,1,1
iplocationblock.com,5,0,1,1
ipv4depot.com,5,0,1,1
irbox.it,5,0,20,1
is-php-dead.ovh,5,0,2,1
issnl.us,5,0,18,1
istorytime.com,5,0,2,1
itadminguide.com,5,0,2042,1
ithinkj.com,5,0,2,1
itswptom.com,5,0,1,1
ittechhem.se,5,0,1,1
iwadjp.com,5,0,51,1
iwannabeablogger.com,5,0,1,1
jalastereo.com,5,0,1,1
jamesckemp.com,5,0,2,1
jamesleedesign.co.uk,5,0,1,1
jarviscodinghub.com,5,0,3,1
jcfrog.com,5,0,6,1
jealouscomputers.com,5,0,12,1
jebbidan.wixstudio.com,5,0,3,1
jekeshkumar.com,5,0,6,1
jessbudd.com,5,0,1,1
jesskenn.com,5,0,1,1
jetpackmarketing.com,5,0,2,1
jillreneefeeler.com,5,0,1,1
jimmorey.com,5,0,2,1
jimproctor.us,5,0,1,1
jinshunguoji168.com,5,0,4,1
jiyuta.com,5,0,1,1
jj8938.com,5,0,18,1
jkellyfaceart.com,5,0,1,1
joaquinramonherrera.com,5,0,14,1
job.rocks,5,0,2,1
jobscollider.com,5,0,1,1
joeymatterhorn.com,5,0,1,1
johnoverall.com,5,0,9,1
joindeluxe.com,5,0,9,1
jomres-extras.com,5,0,3,1
jonathanjernigan.com,5,0,1,1
joncphillips.com,5,0,1,1
joomladesigns.co.uk,5,0,2,1
joomlers.uk,5,0,2,1
jorianw.com,5,0,4,1
jornalon.com,5,0,2,1
josephmuciraexclusives.com,5,0,34,1
jouwnav.nl,5,0,7,1
joyeriacrystal.com,5,0,3,1
joymonscode.blogspot.com,5,0,1,1
joypixel.com,5,0,3,1
jspm-packages.deno.dev,5,0,1,1
juli.com.co,5,0,1,1
juliaborbolla.com,5,0,21,1
julieanderson.org,5,0,9,1
julienc.me,5,0,2,1
jungnamfood.co.kr,5,0,3,1
justanothertechlead.com,5,0,1,1
justenough.com,5,0,159,1
jwedholmdesign.ca,5,0,1,1
kagay-an.com,5,0,2,1
kaksimedia.com,5,0,2,1
kamagrabax.com,5,0,1,1
karnatakamail.com,5,0,2,1
kbkcommunications.com,5,0,3,1
kejyun.com,5,0,4,1
kendallwoods.com,5,0,6,1
kevinslifer.com,5,0,1,1
khancreations.com,5,0,2,1
kiaraweb.com,5,0,1,1
kidsbenefitsrally.nl,5,0,6,1
kidsnewsnyc.com,5,0,2268,1
kikyujin.hatenablog.com,5,0,1,1
kmarsden.com,5,0,25,1
knows.nl,5,0,2,1
kolakube.com,5,0,1,1
komiyamma.net,5,0,2,1
koreantech.org,5,0,39,1
krisroadruck.com,5,0,1,1
ksaccounting.com,5,0,3,1
kss118.ru,5,0,1,1
kubuntu-fr.org,5,0,1,1
kwell.net,5,0,7,1
labdrbellour.com,5,0,1,1
laconsultadigital.com,5,0,1,1
lacriminaldefensepartners.com,5,0,315,1
lagastronometouch.fr,5,0,1,1
laiyagushi.com,5,0,22,1
lapatrieguitars.com,5,0,6,1
laptrinhx.com,5,0,1,1
larsburkhardt.de,5,0,1,1
lastartups.com,5,0,3,1
latamvc.co,5,0,1,1
launchpress.com,5,0,13,1
lauriebird.net,5,0,2,1
ldmstudio.com,5,0,2,1
leadershipgirl.com,5,0,1,1
leconceptmarketing.com,5,0,4,1
leilaniwells.com,5,0,1,1
lemmings.world,5,0,2,1
lemonadestudio.co.il,5,0,1,1
lemonyblog.com,5,0,1,1
lemy.lol,5,0,4,1
les-productifs-intelligents.fr,5,0,1,1
lesix.agency,5,0,1,1
lethuyvy.com,5,0,2,1
letswebsitebuild.com,5,0,8,1
letterhead.com,5,0,6,1
leucocitos.org,5,0,3,1
level7techgroup.com,5,0,1,1
levineschool.org,5,0,6,1
liangdabiao.com,5,0,41,1
liftoffsoftware.com,5,0,2,1
lightlysalted.agency,5,0,9,1
likeminds.fun,5,0,1,1
likoma.com,5,0,2,1
limosyn.com,5,0,1,1
lincolnwebs.com,5,0,1,1
linea21.com,5,0,4,1
linkanews.com,5,0,1,1
linkman.be,5,0,18,1
linkodirectory.com,5,0,1,1
linkoptics.com,5,0,12,1
linksforce.com.au,5,0,1,1
linksnaar.nl,5,0,7,1
linksnewses.com,5,0,1,1
linuxinlaws.eu,5,0,2,1
listmavericks.com,5,0,1,1
logicsdesign.com,5,0,1,1
logingit.com,5,0,7,1
logodesigndiscussion.com,5,0,2,1
loopabowl.com,5,0,1,1
loopwp.com,5,0,199,1
lopezvito.com,5,0,1,1
lowbackpain.com,5,0,108,1
lpacwp.com,5,0,1,1
luansouza.com,5,0,1,1
luissalamanca.info,5,0,2,1
lukinteractive.pl,5,0,1,1
lyon-bleu.fr,5,0,2636,1
mackerelmedia.co.uk,5,0,4,1
mackiestdon.com,5,0,2,1
maconraine.com,5,0,1,1
maedahbatool.com,5,0,4,1
magazin.org.il,5,0,1,1
magentoparty.com,5,0,1,1
magic-shortcut.com,5,0,1,1
mailorderprograms.net,5,0,2,1
mainstagenews.app,5,0,1,1
maintenance-wp.com,5,0,2,1
maitediez.com,5,0,1,1
majalah.app,5,0,1,1
majorleaguemommy.com,5,0,1,1
makerthrive.com,5,0,4,1
makethingsnew.com,5,0,1,1
malbardesign.com,5,0,1,1
mampsupportforum.com,5,0,1,1
mandarinian.news,5,0,3,1
mandloys.com,5,0,1,1
manojmanduva.com,5,0,5,1
mansoorx.com,5,0,2,1
manualdeidentidad.com,5,0,1,1
marc-kresin.com,5,0,2,1
marcforrest.com,5,0,8,1
marchoftheelephants.co.uk,5,0,399,1
marcomireles.com,5,0,1,1
marigoldbars.com,5,0,2,1
markaicode.com,5,0,1,1
marketing-wizard.biz,5,0,4,1
marketinghub.today,5,0,6,1
marketinghubdaily.com,5,0,1,1
marketingkzoo.com,5,0,1,1
marketingproafiliado.com.br,5,0,5,1
marketresearchforecast.com,5,0,7,1
markjgsmith.com,5,0,5,1
marmits.com,5,0,6,1
marymckendry.com,5,0,2,1
masterdistillers.net,5,0,2,1
masterqna.com,5,0,1,1
maternityadvocates.com,5,0,7,1
math-mont.xyz,5,0,2,1
maticarrera.com,5,0,1,1
matteodefilippis.com,5,0,2,1
maxxtaxglobal.com,5,0,4,1
mbastack.org,5,0,3,1
mcon.events,5,0,186,1
md-luxe.com,5,0,3,1
mdsite.deno.dev,5,0,1,1
meble-grel.pl,5,0,1,1
meditationrocks.us,5,0,1,1
meetscale.com,5,0,6,1
megaincomestream.com,5,0,1,1
melanom.net,5,0,2,1
mellaah.nl,5,0,10,1
memberhost.io,5,0,3,1
mensinverandering.com,5,0,4,1
mensis.ro,5,0,5,1
mesheble.com,5,0,10,1
metinbilir.com,5,0,2,1
mezitek.com,5,0,1,1
mgtblog.com,5,0,1,1
michielvaneerd.nl,5,0,1,1
microlaw.com,5,0,12,1
midnightdreamsreborns.com,5,0,1,1
mikhael.love,5,0,4,1
mintlo.com,5,0,3,1
mirapeds.ca,5,0,1,1
miraspaces.com,5,0,1,1
mirmgate.com.au,5,0,4,1
misturatech.com.br,5,0,2,1
miword.com,5,0,1,1
mixdexhq.com,5,0,4,1
mixwebup.com,5,0,1,1
miyabimarketing.com,5,0,1,1
ml1.co.uk,5,0,1,1
mobibike.eu,5,0,1,1
modharbour.app,5,0,1,1
mohanmekap.com,5,0,2,1
molinarealestateservices.com,5,0,33,1
monbaba.fr,5,0,5,1
monetize.info,5,0,1,1
moneyfromsidehustle.com,5,0,1,1
moneymakersandsavers.com,5,0,1,1
monsitetranquille.fr,5,0,2,1
monsterwp.com,5,0,1,1
montaguekorea.com,5,0,3,1
moonthemes.com,5,0,2,1
moonvine.io,5,0,5,1
moresupport.com,5,0,1,1
morgantaylormarketing.com,5,0,1,1
mosaicsyria.org,5,0,2,1
movingcompanyforum.com,5,0,1,1
mowxml.org,5,0,4,1
mrsharknegocio.com.br,5,0,1,1
mte90.tech,5,0,4,1
multiact.net,5,0,1,1
multiranks.com,5,0,1,1
multivendorshoppingcarts.com,5,0,1,1
mumcfos.com.au,5,0,4,1
murze.be,5,0,1,1
musacanminaz.com,5,0,1,1
musicandthespokenword.com,5,0,2,1
mwi-consulting.de,5,0,1,1
my-digital-journey.com,5,0,1,1
my-place.social,5,0,3,1
my2mcoach.net,5,0,1,1
myadspost.com,5,0,1,1
mybizconnector.com,5,0,1,1
myblogsystem.com,5,0,1,1
myfaqbase.com,5,0,3,1
mylandingpages.co,5,0,7,1
mymagic.page,5,0,1,1
myobdev.com,5,0,2,1
myriadmobile.com,5,0,27,1
mytripmasters.com,5,0,3,1
n0bsagency.com,5,0,2,1
naijatechnews.com,5,0,1,1
najeya.com,5,0,1,1
namelyliberty.com,5,0,1,1
namenfinden.de,5,0,1,1
navinrao.com,5,0,1,1
ncinc.com,5,0,27,1
neoxea.com,5,0,1,1
neoxion.net,5,0,1,1
nerdynaut.com,5,0,1,1
nerverush.com,5,0,2,1
netglu.com,5,0,12,1
networkworldnews.com,5,0,1,1
netzender.com,5,0,10,1
newcolonist.com,5,0,6,1
newdirectory.org,5,0,3,1
newearth.media,5,0,132,1
newmediametrics.net,5,0,2,1
newmomsnewbabies.com,5,0,18,1
news-usa.today,5,0,1,1
newsatw.com,5,0,2,1
newscredit.org,5,0,1,1
newsdirectory3.com,5,0,4,1
newzchain.com,5,0,1,1
next-edge-demo.netlify.app,5,0,1,1
nextlevelinbound.com,5,0,1,1
nguyenminhhung.com,5,0,1,1
nickolabs.com,5,0,2,1
nicksgo.com,5,0,1,1
night07.com,5,0,1,1
nightovvl.com,5,0,1,1
nikanwp.com,5,0,1,1
nikuscs.com,5,0,1,1
nileflores.com,5,0,3,1
niloblog.com,5,0,14,1
niuqi360.com,5,0,8,1
njduidefender.org,5,0,114,1
njpandaplus.com,5,0,1,1
nkyseo.com,5,0,1,1
nlopchantamang.com,5,0,1,1
nmvv.nl,5,0,2,1
nocinit.com,5,0,1,1
norrist.gitlab.io,5,0,1,1
notasdeseo.com,5,0,1,1
nownet.me,5,0,1,1
nplworldpoker.com,5,0,1,1
nproxy.org,5,0,11,1
nscaphila.org,5,0,9,1
nsitestatus.com,5,0,12,1
numuvegan.com,5,0,24,1
nusagates.com,5,0,1,1
nuxt.space,5,0,7,1
nvvolunteerconnect.org,5,0,6,1
obiaks.com,5,0,35,1
oceangroveresort.com,5,0,6,1
offhourhustle.com,5,0,1,1
ofoghweb.com,5,0,2,1
ograbvane.com,5,0,1,1
olpclearningclub.org,5,0,2,1
omahameca.com,5,0,2,1
omahpsd.com,5,0,2,1
omegaweb.com,5,0,1,1
omnitos.com,5,0,2,1
onaplatterofgold.com,5,0,6,1
onedifference.org,5,0,2,1
oneseocompany.com,5,0,40,1
onesupport.dk,5,0,3,1
onlinebusinessblog.co.uk,5,0,1,1
onlinebusinessesacademy.com,5,0,1,1
onlinefreecourse.com,5,0,100,1
onlinejao.in,5,0,1,1
onlinelike.com,5,0,1,1
onlinemarketingtools.pro,5,0,1,1
onlinenewsbuzz.com,5,0,1,1
onpage.rocks,5,0,1,1
onramp.dev,5,0,3,1
onseigenplekje.nl,5,0,3,1
onthemovecanada.com,5,0,1,1
onyxonlinelearning.com,5,0,51,1
opendataplayground.com,5,0,9,1
opendocspublishing.com,5,0,3,1
opennet.me,5,0,50,1
opensudo.org,5,0,2,1
orbitadigitale.com,5,0,2,1
orenoirubasyo.blogspot.com,5,0,1,1
origin-digital.com,5,0,12,1
oshareya.com,5,0,2,1
osmii.com,5,0,1,1
oszar.com,5,0,504,1
ousadias.net,5,0,3,1
outa-morzine.com,5,0,1,1
outsideadventureexpo.com,5,0,3,1
outsidetheboxmom.com,5,0,1,1
overmentality.com,5,0,1,1
oxin-centres.co.uk,5,0,6,1
oxygis.eu,5,0,1,1
pacificcloudit.com,5,0,9,1
paczkowscy.pl,5,0,1,1
paginavinder.nl,5,0,3,1
palada.net,5,0,4,1
paradyse-solutions.com,5,0,1,1
paragonwp.com,5,0,1,1
paristribune.info,5,0,1,1
parlournews.com,5,0,2,1
pasichllp.com,5,0,661,1
passivewp.com,5,0,1,1
pasyanthi.com,5,0,3,1
patch.pm,5,0,1,1
patchworks.co.uk,5,0,21,1
pd-electric.com,5,0,6,1
peklo.studio,5,0,1,1
pembrokestrategy.com,5,0,1,1
pendragonconsultingllc.com,5,0,1,1
penponder.com,5,0,1,1
pensacolavoice.net,5,0,2,1
perrysun.com,5,0,2,1
peterjameswebdesign.com,5,0,2,1
petrusan.es,5,0,3,1
pgb-124.com,5,0,1,1
phpugly.com,5,0,5,1
phpxs.com,5,0,4,1
picasi.com,5,0,10,1
pickupwp.com,5,0,31,1
pierre-delaunay.fr,5,0,1,1
pipesector.com,5,0,1,1
pirdu.com,5,0,11,1
pix-me.fr,5,0,1,1
pixelpress.co,5,0,3,1
pixenjoy.com,5,0,2,1
pixmd.co.kr,5,0,7,1
pkgstats.com,5,0,4,1
plasticdreams.org,5,0,2,1
plataformahenko.com,5,0,28,1
platodata.io,5,0,14,1
plnt.co.uk,5,0,2,1
ploing.de,5,0,1,1
plrofthemonth.club,5,0,2,1
pmmjetpack.com,5,0,1,1
poll-plugin.com,5,0,1,1
polydoge.com,5,0,2244,1
poradnia.eu,5,0,3,1
portalemprende.com,5,0,5,1
poshtask.com,5,0,66,1
postonseo.com,5,0,1,1
posveteposvojom.com,5,0,1,1
poweredbygnulinux.com,5,0,12,1
poweringcanton.com,5,0,1,1
ppcinfo.com,5,0,38,1
ppcmarketingconsultant.com,5,0,1,1
practicalproducts.com.au,5,0,18,1
premiumpetware.co.nz,5,0,3,1
presale-vancouver.ca,5,0,2,1
primereview.org,5,0,8,1
primoit.ru,5,0,1,1
proapkdown.com,5,0,2,1
probeaver.com,5,0,1,1
prodsens.live,5,0,20,1
productivitybrowser.com,5,0,1,1
professionalhackers.in,5,0,1,1
profitableads.com,5,0,3,1
profitpress.com,5,0,2,1
proglib.tech,5,0,1,1
programesecure.com,5,0,1,1
projectcostestimator.com,5,0,51,1
projectdmc.org,5,0,25,1
prolinksdirectory.com,5,0,1,1
proseoai.com,5,0,9,1
proseolinksdirectory.com,5,0,1,1
prositehelp.com,5,0,2,1
prospacapital.com,5,0,1,1
protectmy.site,5,0,1,1
proxyenv.com,5,0,12,1
ps4daily.com,5,0,3867,1
psycelium.org,5,0,2,1
pureextractscorp.com,5,0,3,1
pwa.ist,5,0,9,1
qastack.cn,5,0,2,1
qastack.id,5,0,3,1
qastack.mx,5,0,3,1
qastack.ru,5,0,3,1
qawithexperts.com,5,0,2,1
qiniu1314.com,5,0,1,1
qreativeuniverse.com,5,0,1,1
qualityeducationandjobs.com,5,0,2,1
qualitystocks.com,5,0,8,1
quantaintelligence.ai,5,0,4,1
rachaelearl.com,5,0,1,1
rafaelfunchal.com.br,5,0,7,1
railheaddesign.com,5,0,6,1
rainforestmedspa.net,5,0,6,1
raleighcitymuseum.org,5,0,1,1
rankdirectorysite.com,5,0,1,1
rankerdirectory.com,5,0,1,1
rankingserve.com,5,0,1,1
rankingtour.com,5,0,1,1
rankmagnate.com,5,0,2,1
ranksarticle.com,5,0,1,1
ranksdirectory.com,5,0,7,1
ranzware.com,5,0,1,1
ravware.com,5,0,8,1
rayneix.com,5,0,1,1
rcruz.es,5,0,9,1
reactiv.top,5,0,2,1
readyship.co,5,0,4,1
rebranded.io,5,0,2,1
recepcja.ai,5,0,2,1
reckonsoft.org,5,0,1,1
recursosdiario.com,5,0,1,1
recutax.com.br,5,0,1,1
redditfavorites.com,5,0,1,1
redefinedcreative.com,5,0,4,1
reelprime.com,5,0,1,1
relationshipfitnesssummit.com,5,0,2,1
releasealert.dev,5,0,7,1
relevantcards.com,5,0,2,1
remk.us,5,0,1,1
remotefirstjobs.com,5,0,9,1
removewcfeatures.com,5,0,2,1
remyjacobs.nl,5,0,1,1
resellerclub.tv,5,0,1,1
reshetar.dev,5,0,1,1
reshyne.com,5,0,1,1
resourcelab.fr,5,0,1,1
responsibleaifoundation.com,5,0,1,1
resultsdigital.io,5,0,1,1
resumegeni.com,5,0,45,1
retailmediadayscee.com,5,0,3,1
reverent.media,5,0,27,1
reviewbolt.com,5,0,1,1
revtseo.com,5,0,1,1
rewriteguide.com,5,0,1,1
reyndeer.com,5,0,1,1
rhabits.io,5,0,1,1
ricardonewbold.com,5,0,3,1
richard-devine.com,5,0,1,1
richniches.com,5,0,14,1
ride-share.com,5,0,1,1
rldrake.com,5,0,6,1
rmag.eu,5,0,2,1
rmendes.net,5,0,2,1
rockymountainelkfoundation.org,5,0,23346,1
rodemn.com,5,0,1,1
ronaldmcdonaldrally.nl,5,0,6,1
ronaldo.com,5,0,2544,1
ronanlepriol.com,5,0,1,1
rootarticle.com,5,0,1,1
rspress.dev,5,0,4,1
rtlcopymemory.com,5,0,1,1
russellmcwhae.ca,5,0,1,1
rxdtheme.com,5,0,1,1
ryu.app,5,0,1,1
s4ec.jp,5,0,1,1
saasbery.com,5,0,1,1
sadeceticaret.co,5,0,1,1
saeeddeveloper.com,5,0,1,1
salarygraph.co.uk,5,0,1,1
salesfunnelsexpert.com,5,0,1,1
salmanravoof.com,5,0,13,1
salon-luxe.fr,5,0,1,1
saltlakequinceanera.com,5,0,1,1
samkent.com,5,0,5,1
sample-resignation-letters.com,5,0,2,1
sangkon.com,5,0,3,1
sarbd.com,5,0,2,1
saucyglossie.com,5,0,609,1
savepearlharbor.com,5,0,65,1
savetheweb.org,5,0,1,1
sayasoft.fr,5,0,34,1
sbecker.net,5,0,4,1
sbt-human.com,5,0,2,1
sbyme.com,5,0,4,1
scalpsas.pl,5,0,2,1
sceneone.nl,5,0,10,1
schaffensrausch-jetzt.de,5,0,1,1
scien.cx,5,0,96,1
sdf-kh.org,5,0,1,1
se2code.com,5,0,1,1
seaglassexperience.com,5,0,57,1
searchnewsinc.com,5,0,1,1
searchreplaceblocks.com,5,0,7,1
secinfinity.net,5,0,18,1
sectionsanywhere.com,5,0,1,1
seebylooking.wordpress.com,5,0,2,1
sekwencja.com,5,0,6,1
selectawebs.com,5,0,1,1
sellwithmarketing.com,5,0,2,1
semanticjuice.com,5,0,61,1
sendonomics.com,5,0,1,1
seo-agency-new-york.com,5,0,2,1
seo-anomaly-innovation.online,5,0,12,1
seo-anomaly-sphere.online,5,0,11,1
seo-anomaly-technical.online,5,0,11,1
seo-daily.com,5,0,80,1
seo-guider.com,5,0,1,1
seo-trench.com,5,0,2,1
seodirectorysite.com,5,0,5,1
seohostking.com,5,0,1,1
seomafiya.com,5,0,1,1
seonewyork.com,5,0,1,1
seoperform.net,5,0,1,1
seopowa.com,5,0,7,1
seoprobox.click,5,0,1,1
seoseattle.com,5,0,1,1
seotanq.com,5,0,1,1
seotech2.com,5,0,2,1
seothemes.net,5,0,1,1
seovisibility.co,5,0,1,1
seowave.org,5,0,1441,1
serbga.ru,5,0,1,1
seswatertech.com,5,0,6,1
shahabshaheen.com,5,0,1,1
shalev.agency,5,0,1,1
shanahanstrategy.com,5,0,1,1
share2bgreen.com,5,0,1,1
sharecovid19story.com,5,0,35,1
sharedauthority.com,5,0,31,1
sharpstarts.com,5,0,1,1
shawnryder.com,5,0,4,1
shebegan.com,5,0,1,1
sheltie-garage.xyz,5,0,1,1
sherpashareblog.com,5,0,2,1
shiftcademy.com,5,0,5,1
shinyoctopus.studio,5,0,7,1
shopcast.fm,5,0,1,1
shubhamdavey.com,5,0,49,1
siddatwork.com,5,0,4,1
sieye.co.kr,5,0,2,1
simplesellerprotection.com,5,0,2,1
simplitty.com,5,0,1,1
simplygaurav.com,5,0,15,1
single-haushaltskosten.de,5,0,1,1
site-steward.com,5,0,3,1
sitebillion.com,5,0,1,1
sitepact.com,5,0,3,1
sitesavvy.com,5,0,2,1
sitiowebcr.com,5,0,1,1
skhor.de,5,0,2,1
skillup.com.cn,5,0,1,1
skyfleet.blue,5,0,3,1
skyje.com,5,0,1,1
slotsnotongamstop.uk,5,0,6,1
sm.co.kr,5,0,208,1
sm2m.ca,5,0,6,1
smaakreclame.nl,5,0,2,1
smallbusinessmarketingstudio.com,5,0,1,1
smartentrepreneurblog.com,5,0,1,1
smarttripai.com,5,0,1,1
smartworks.at,5,0,1,1
smbx.me,5,0,4,1
smgcreativos.com,5,0,1,1
smileblossom.com,5,0,24,1
smilerestoration.com,5,0,6,1
smp-web.com,5,0,1,1
snapthemes.io,5,0,1,1
sneloverzicht.nl,5,0,1,1
snsproglobal.com,5,0,1,1
socaltk.com,5,0,1,1
socializedpr.com,5,0,8,1
sociallocker.org,5,0,1,1
socialpostflow.com,5,0,3,1
softoolstore.de,5,0,1,1
softopark.com,5,0,4,1
softranks.com,5,0,3,1
softtechhub.us,5,0,1,1
sohosummit.com,5,0,1,1
solbasetech.com,5,0,2,1
solidweb.no,5,0,2,1
solopreneurinstitute.com,5,0,2,1
solutionsinsider.com,5,0,1198,1
sphere-studio.wixstudio.com,5,0,1,1
spiritdrivers.com,5,0,2,1
sponsr.is,5,0,16,1
sportfritid.dk,5,0,7,1
sportspac12.com,5,0,14,1
sproutedweb.com,5,0,1,1
ssitestatus.com,5,0,4,1
sslzen.com,5,0,2,1
ssslighthousecreative.com,5,0,1,1
staceyboardman.com,5,0,2,1
stackfox.co,5,0,2,1
stackpicker.io,5,0,1,1
starsarticle.com,5,0,1,1
startdigitaal.nl,5,0,4,1
starterleague.com,5,0,2,1
startupvortex.com,5,0,1,1
stashvine.com,5,0,2,1
statsteachr.org,5,0,6,1
steven-kuhn.com,5,0,2,1
stickyheadereffects.com,5,0,1,1
sting.net,5,0,1,1
stitchandstory.us,5,0,12,1
stjohntradewindsnews.com,5,0,796,1
storefrog.com,5,0,1,1
storyfair.net,5,0,38624,1
storytellingco.com,5,0,1,1
strategynext.com.au,5,0,1,1
straza.com.co,5,0,3,1
streakk-online.com,5,0,1,1
stred.tech,5,0,12,1
struqtio.com,5,0,1,1
stsci.org,5,0,1,1
stu404.com,5,0,1,1
studiobasalt.com,5,0,3,1
studiobulk.com,5,0,12,1
studiolunabodysculpting.com,5,0,1,1
sucredesign.fr,5,0,2,1
sukhothaibudgetguesthouse.com,5,0,3,1
supernaturale.com,5,0,6,1
superphage.org,5,0,1,1
supersoniclandscaping.com,5,0,1,1
surbma.com,5,0,1,1
surbma.hu,5,0,1,1
surelutions.com,5,0,17,1
suzannescacca.com,5,0,2,1
suzushinblog.com,5,0,1,1
sylvaincharbit.com,5,0,2,1
takanory.net,5,0,1,1
taketakemovie.com,5,0,1,1
taksutech.com,5,0,1,1
talcotransport.com.au,5,0,1,1
talentdharma.com,5,0,1,1
tambaltech.com,5,0,2,1
tammarketing.nl,5,0,1,1
targettrend.com,5,0,143,1
tas2580.net,5,0,1,1
tchelete.com,5,0,1,1
tealbluedigital.com,5,0,2,1
teamcloudsource.com,5,0,1,1
tecdisol.com,5,0,5,1
tech-lib.eu,5,0,2,1
tech2etc.com,5,0,1,1
tech2geek.net,5,0,2,1
techbuzzer.org,5,0,1,1
techbuzzinfo.com,5,0,1,1
techcrawlr.com,5,0,1,1
techgeekers.com,5,0,1,1
techghuri.com,5,0,3,1
techicz.com,5,0,1,1
techieblogging.com,5,0,9,1
techlectual.com,5,0,1,1
techlon.co.kr,5,0,8,1
techmasai.com,5,0,1,1
technewsmail.com,5,0,2,1
technicalseoservice.com,5,0,1,1
technifyy.com,5,0,2,1
techninjapro.com,5,0,1,1
technodivers.com,5,0,1,1
techpawa.com,5,0,4,1
techsurvivors.net,5,0,2,1
techtegrity.com,5,0,3,1
techtimesweb.com,5,0,1,1
techtrendspro.com,5,0,2,1
techweep.com,5,0,1,1
techwhereabouts.com,5,0,1,1
techyice.com,5,0,1,1
tecnovedosos.com,5,0,2,1
tectank.pt,5,0,1,1
tekniksmart.se,5,0,1,1
telebookmarks.com,5,0,1,1
tempux.net,5,0,7,1
teresaharlow.com,5,0,339,1
tfgmedia.com,5,0,2,1
thebellamygroup.com,5,0,19,1
thebloggingbuddha.com,5,0,3,1
thebulletin.net.au,5,0,2,1
thechrispflum.com,5,0,1,1
theconsciousvibe.com,5,0,1,1
thecorporatecon.com,5,0,4,1
thecrimsonreport.com,5,0,1,1
thecustomersuccessproject.com,5,0,1,1
thedailynotes.com,5,0,1,1
thedailytechfeed.com,5,0,1,1
thedefendopsdiaries.com,5,0,2,1
thedigitalgene.co.uk,5,0,1,1
thedigitalinsider.com,5,0,2,1
thednkoffice.com,5,0,2,1
thedroolitzer.com,5,0,3,1
thefirstdispatch.com,5,0,1,1
thegenius.co,5,0,16,1
thehangline.com,5,0,1,1
thehealthnews24.com,5,0,1,1
thehostinginstitute.com,5,0,8,1
thelakeresort.com,5,0,462,1
thelemmy.club,5,0,8,1
themapchick.com,5,0,1,1
themejunkie.net,5,0,2,1
themepaste.com,5,0,1,1
themesplan.com,5,0,9,1
themorninglead.com,5,0,1,1
thenewsfire.com,5,0,3,1
thenewspublicist.com,5,0,1,1
thenextgentechinsider.com,5,0,33,1
theoklahomatimes.com,5,0,1,1
theopinionblog.com,5,0,1,1
thequerypost.com,5,0,1,1
thesagemillennial.com,5,0,1,1
thetaskforcegala.org,5,0,3,1
thethompsonmarketing.com,5,0,1,1
thetotalreport.com,5,0,1,1
thewaterooms.org,5,0,48,1
thewebhosting.co,5,0,2,1
theweboasis.com,5,0,1,1
thexceed.com,5,0,1,1
thinkthyme.com,5,0,234,1
thisweekinai.news,5,0,1,1
thoth.dk,5,0,1,1
thoughtsparkagency.com,5,0,1,1
threesixfive.co.uk,5,0,1,1
tianheg.co,5,0,1,1
tidewaterwebsites.com,5,0,7,1
tim-narr.com,5,0,1,1
time.news,5,0,2,1
timeclock.ai,5,0,1,1
timopaul.biz,5,0,1,1
tipstrick.ro,5,0,23,1
tkmedia.co.il,5,0,3,1
toad.city,5,0,1,1
tomboliniassociati.com,5,0,2,1
tomkinoutreach.org,5,0,14,1
tonypepe.com,5,0,1,1
top-websites-directory.pages.dev,5,0,1,1
topblogmania.com,5,0,4,1
topher.how,5,0,8,1
toplinksdirectory.com,5,0,1,1
topnews.com,5,0,1,1
topteam.jp,5,0,1,1
toptechguides.com,5,0,2,1
topworldnewstoday.com,5,0,1,1
torro.link,5,0,3,1
tracor.co.kr,5,0,5,1
tractorsinfo.com,5,0,2,1
tradesouthwest.com,5,0,2,1
travelspock.com,5,0,1,1
travisfont.com,5,0,2,1
trendradar.org,5,0,1,1
trendzzzone.com,5,0,1,1
tretiak.dev,5,0,1,1
tricksmachine.com,5,0,1,1
trinitywebagency.com,5,0,1,1
troychaplin.ca,5,0,13,1
trustviral.com,5,0,15,1
trysiteprice.com,5,0,1,1
ttdyy.net,5,0,4,1
ttfb.fr,5,0,1,1
tugragravur.com,5,0,3,1
tuitmarketing.com,5,0,24,1
turbineseusite.com.br,5,0,1,1
turkeyroostbrahmans.com,5,0,6,1
twobluetoucans.co.uk,5,0,3,1
twofifty.nl,5,0,2,1
ubuntumanual.org,5,0,1,1
ucampnh.com,5,0,18,1
uicpayworld.com,5,0,3,1
ultimatemembership.pro,5,0,4,1
ultratechsolution.com,5,0,4,1
unanswered.io,5,0,25,1
unblockresults.com,5,0,1,1
uncensoredhosting.com,5,0,4,1
underscore.radio.fm,5,0,1,1
unik-web.com,5,0,1,1
unitymedianews.com,5,0,2,1
unsubbed.co,5,0,2,1
updeveloper.com.br,5,0,2,1
upgradesrl.com,5,0,6,1
uplinksummit.com,5,0,1,1
uptimecard.com,5,0,3,1
urls-shortener.eu,5,0,16,1
usabusiness.co.in,5,0,4,1
use-ssl.com,5,0,3,1
utechdigital.com,5,0,6,1
v6--astro-docs-2.netlify.app,5,0,3,1
valkann.vercel.app,5,0,1,1
valorsyndic.ma,5,0,2,1
vanisedainese.com.br,5,0,1,1
vbwebconsultant.com,5,0,1,1
velelinkjes.nl,5,0,5,1
velocenetwork.com,5,0,12,1
velvetbluemusic.com,5,0,6,1
veniceswap.com,5,0,219,1
venusdawn.co.ls,5,0,30,1
venussystems.de,5,0,1,1
vewnet.com,5,0,1,1
vincentstout.com,5,0,5,1
vinext.workers.dev,5,0,1,1
virtualjobguru.com,5,0,1,1
visitebarbados.com,5,0,40,1
vitejs.cn,5,0,2,1
vnito.org,5,0,2,1
voiceone.fr,5,0,2,1
volasoftware.com,5,0,1,1
voteyourvision.org,5,0,3209,1
vpaultech.com,5,0,1,1
vpn-expert.info,5,0,5,1
vpsdealshub.com,5,0,2,1
vumo.se,5,0,1,1
w3make.com,5,0,1,1
wadiweb.com,5,0,1,1
wallogit.com,5,0,3,1
watanabe3ti.com,5,0,1,1
waybackrebuilder.com,5,0,1,1
wayne-enterprises.biz,5,0,1,1
wayseodirectory.com,5,0,1,1
wayseolinks.com,5,0,1,1
wealthartisan.com,5,0,1,1
wealthtribune.com,5,0,8,1
wearethelist.com,5,0,1,1
web-3.es,5,0,21,1
web-design-solutions-unleashed.com,5,0,210,1
web92.fr,5,0,2,1
webatla.com,5,0,1,1
webdesign-kaernten.net,5,0,3,1
webevo.app,5,0,1,1
webexstudio.com,5,0,5,1
webhosters.com,5,0,2,1
webhostingcouponguru.com,5,0,1,1
webhostingday.com,5,0,1,1
webhubsites.com,5,0,3,1
webifyprojects.com,5,0,10,1
weblane.co.uk,5,0,1,1
webmandesign.github.io,5,0,35,1
webminter.com,5,0,2,1
webpanda.co.za,5,0,1,1
webprogids.nl,5,0,2,1
webpuran.in,5,0,3,1
websentials.nl,5,0,1,1
webseodirectory.com,5,0,1,1
website-industries.com,5,0,81,1
website.care,5,0,3,1
websiteguidelines.com,5,0,2,1
websites.freemyip.com,5,0,29,1
websitesnewses.com,5,0,1,1
websitestoolz.com,5,0,2,1
websolution.se,5,0,1,1
webtaste.it,5,0,1,1
webtechspark.com,5,0,1,1
webtelligo.com,5,0,1,1
webthunder.io,5,0,89,1
webtimes.uk,5,0,2,1
webverge.io,5,0,1,1
webversatility.com,5,0,1,1
webworxlabs.com,5,0,2,1
wedeliverwebdesign.com,5,0,1,1
wedsatcoming.com,5,0,1,1
weirdnerve.com,5,0,1,1
welcometothescene.com,5,0,1,1
wellbeingjunction.com,5,0,1,1
werockyourworld.com,5,0,1,1
westadamshomes.com,5,0,1,1
whaleal.io,5,0,12,1
whatanydigital.com,5,0,1,1
whateverthing.com,5,0,1,1
whatsfun.app,5,0,3,1
whatsnewinpublishing.co.uk,5,0,1,1
whatstheprocessfor.com,5,0,1,1
whichlogin.com,5,0,2,1
whisk-dev.com,5,0,3,1
whitewolffit.com,5,0,6,1
whitneyandassociates.uk,5,0,2,1
wiki.li,5,0,1,1
wikiland.org,5,0,12,1
wildspiritdevelopment.com,5,0,1,1
wine-merchants.com.mt,5,0,9,1
winners-project.org,5,0,2,1
winstonwolf.dev,5,0,1,1
wisamnobani.com,5,0,1,1
wise4dev.ca,5,0,2,1
wisesmallbusiness.com,5,0,2,1
wixdigitalstudio.com,5,0,1,1
wizworxx.com,5,0,1,1
wolfcode.net,5,0,2,1
wonen-inside.nl,5,0,6,1
woofocus.com,5,0,2,1
woosellservices.com,5,0,3,1
wordpressoptimization.com,5,0,40,1
wordpresszapocetnike.net,5,0,1,1
workgou.com,5,0,2,1
workinmypajamas.com,5,0,1,1
world-today-journal.com,5,0,6,1
worldlinksites.com,5,0,1,1
worldmapz.com,5,0,1,1
worldmovingbolivia.com,5,0,2,1
worldpettour.com,5,0,1,1
worldtech24.com,5,0,1,1
worldwideranks.com,5,0,3,1
wowendowment.org,5,0,3,1
wp-coder.net,5,0,34,1
wp1.site,5,0,3,1
wpali.com,5,0,4,1
wpappointify.com,5,0,1,1
wpazleen.com,5,0,1,1
wpbazaar.in,5,0,2,1
wpblogging360.com,5,0,2,1
wpcoursetools.com,5,0,1,1
wpdigest.io,5,0,4,1
wpdraft.com,5,0,8,1
wpensure.fi,5,0,1,1
wpepro.net,5,0,2,1
wpfixexperts.com,5,0,1,1
wpfullcare.com,5,0,1,1
wpghost.com,5,0,3,1
wpglobalsupport.com,5,0,12,1
wphacks4u.com,5,0,1,1
wpherc.com,5,0,3,1
wphow.co,5,0,7,1
wpiko.com,5,0,3,1
wpjack.com,5,0,1,1
wpm.so,5,0,26,1
wpobzor.ru,5,0,1,1
wppilot.net,5,0,1,1
wprelay.com,5,0,2,1
wpunderdog.com,5,0,1,1
wpuserpublish.com,5,0,1,1
wpwinners.com,5,0,1,1
wpxss.com,5,0,3,1
wpzen.it,5,0,11,1
writingforhumansandrobots.com,5,0,1,1
wuilt.site,5,0,1,1
x-seo.fr,5,0,1,1
xaicode.com,5,0,1,1
xoviet.org,5,0,3,1
xplorersoffun.com,5,0,3,1
xplorion.com,5,0,1,1
yarrowcafela.com,5,0,1,1
yellii.com,5,0,4,1
yesbookmarks.com,5,0,1,1
ymlp207.net,5,0,3,1
yogidemy.com,5,0,1,1
youmoula.com,5,0,1,1
yplatform.vn,5,0,2,1
ysaparkcity.org,5,0,3,1
ytso.com,5,0,23,1
yumayus.com,5,0,1,1
yume.video,5,0,2,1
zadhidpowell.com,5,0,1,1
zaetric.com,5,0,90,1
zaka.us,5,0,63,1
zakqari.com,5,0,2,1
zangerdigital.com,5,0,1,1
zdnetinside.com,5,0,18,1
zenbridge.com.au,5,0,1,1
zenthree.com,5,0,1,1
zeroearners.com,5,0,1,1
zest-aeroparts.co.kr,5,0,11,1
zoekeensop.nl,5,0,4,1
zoomblog.org,5,0,1,1
zvm101.com,5,0,7,1
קידוםבגוגל.co.il,5,0,1,1
ホームページ作成東京.com,5,0,4,1
골드시티.net,5,0,23,1
100i.net,4,0,1,1
10techdesign.com,4,0,1,1
1485827954.workers.dev,4,0,28,1
16by9.net,4,0,2,1
18-217-23-157.cprapid.com,4,0,1,1
195news.com,4,0,4,1
1wl.agency,4,0,2,1
24img.com,4,0,1,1
24newsbreaker.com,4,0,126492,1
2kd.ninja,4,0,1,1
3bees.digital,4,0,1,1
40plusfinance.com,4,0,3,1
465-media.com,4,0,4,1
60fps.in,4,0,1,1
7sixty.com,4,0,1,1
8thns.com,4,0,30,1
99w.im,4,0,2,1
aachocolates.com,4,0,2,1
abdullahki.com,4,0,1,1
abysinthe.biz.id,4,0,18,1
adamcwatson.com,4,0,4,1
adamglang.com,4,0,4,1
adammargherio.com,4,0,7,1
adampodlesh.com,4,0,2,1
adams-partners.com,4,0,5,1
addnewskills.com,4,0,1,1
addurl.pro,4,0,3,1
adminvista.com,4,0,9,1
adyouri.com,4,0,1,1
aecollective.earth,4,0,1,1
affiliatemarketer.today,4,0,1,1
agencygrowthpod.com,4,0,2,1
agencytsunami.com,4,0,1,1
agentartifact.com,4,0,12,1
agrinoseeds.com,4,0,1,1
agriturismologiascurnoto.it,4,0,2,1
ai-videoupscale.com,4,0,1,1
aichem.org,4,0,1,1
aicodingeducator.com,4,0,1,1
aifsy.com,4,0,4,1
aiiscrazy.com,4,0,1,1
aiseojournal.net,4,0,1,1
akashaweb.com,4,0,52,1
akretio.be,4,0,1,1
akustiks.net,4,0,6,1
alannaandcompany.com,4,0,2,1
alcinder.com,4,0,25,1
alcuinclub.org.uk,4,0,6,1
alexandrecomtois.com,4,0,1,1
alexmercedcoder.dev,4,0,1,1
alfageneration.org,4,0,1,1
aligow.com,4,0,4,1
allinallspace.com,4,0,12,1
almalaja.com,4,0,17,1
alms.education,4,0,5,1
alphascript.com.au,4,0,1,1
alternativeentrepreneur.com,4,0,1,1
altwow.com,4,0,3,1
alwaha.ly,4,0,2,1
amandamiotto.github.io,4,0,1,1
amarketplaceofideas.com,4,0,12,1
americanhandcraftedshow.com,4,0,171,1
americanwindowsandsidingtx.com,4,0,144,1
anbewley.com,4,0,12,1
angelique-damour.com,4,0,2,1
anjana.co.in,4,0,3,1
anturteifi.org.uk,4,0,6,1
aonetheme.com,4,0,8,1
apitransform.com,4,0,6,1
aprendegutenberg.com,4,0,1,1
aprendeinformaticas.com,4,0,2,1
araixuniversity.com,4,0,1,1
arc-workshop.org,4,0,4,1
archetic.pl,4,0,2,1
archivovictorjara.org,4,0,6,1
arditegia.com,4,0,1,1
artcasso.com,4,0,1,1
artistsunitedwww.org,4,0,1,1
ascendedpath.com,4,0,6,1
asixco.ch,4,0,1,1
askingforgood.com,4,0,1,1
askoptima.com,4,0,4,1
atmost.nl,4,0,1,1
atrium-chorus.notion.site,4,0,1,1
attorgan.com,4,0,2,1
attowp.com,4,0,3,1
augustinianrecollects.org,4,0,6,1
australiandir.com,4,0,3,1
auto-vin.blogspot.com,4,0,1,1
av4.asia,4,0,1,1
av4.best,4,0,1,1
aviabelt.de,4,0,6,1
avisobroking.com.au,4,0,2,1
avnfans.com,4,0,19,1
awakeanddreaming.org,4,0,8,1
awnews.org,4,0,2,1
awra1.com,4,0,1,1
ayomidelalemi.com,4,0,1,1
azfcf.org,4,0,12,1
azicar.com,4,0,1,1
azumiism.com,4,0,2,1
azureweb.co.uk,4,0,1,1
backintimetoday.com,4,0,2,1
backlinks.tools,4,0,1,1
backlinkseo.com,4,0,1,1
bandfps.com,4,0,1,1
barcelonadesignweek.es,4,0,20,1
baytechcompanies.com,4,0,1,1
bazardiscounts.com,4,0,1,1
bcet-consulting.com,4,0,3,1
beamwirelessinc.com,4,0,81,1
beeldbedrijf.nl,4,0,1,1
beginnersblog.org,4,0,1,1
behalfessay9.pythonanywhere.com,4,0,1,1
benjamindorey.fr,4,0,1,1
beprothemes.com,4,0,1,1
best-web-hosting.org,4,0,1,1
bestcherish.com,4,0,2,1
bestcryptobookies.xyz,4,0,2,1
bestdevtools.io,4,0,18,1
besteseoblog.nl,4,0,4,1
bestewebhost.nl,4,0,1,1
besthostingcoupons.net,4,0,27,1
bestoflaravel.com,4,0,328,1
bestofphp.com,4,0,1,1
bestwebhostingproviders.net,4,0,1,1
bethgsanders.com,4,0,4,1
beyondprison.us,4,0,18,1
bhs-links-alpha.online,4,0,5,1
bhs-links-jump.online,4,0,5,1
bhs-links-poseidon.site,4,0,11,1
bhs-links-power.online,4,0,5,1
bhs-links-tools.online,4,0,5,1
bhs-links-trail.online,4,0,5,1
bibekdhakal.com,4,0,3,1
bigjarnews.com,4,0,1,1
bitsellx.com,4,0,1,1
bitwolf.org,4,0,3,1
bizwhiznetwork.com,4,0,7,1
blocknote.de,4,0,1,1
blogcounter.com,4,0,1,1
blogforweb.com,4,0,2,1
blogjunta.com,4,0,1,1
blogotariat.com,4,0,18,1
blogs-baidu.blogspot.com,4,0,1,1
blogs-gmail.blogspot.com,4,0,1,1
blogs-seznam.blogspot.com,4,0,1,1
blogs-windows.blogspot.com,4,0,1,1
blogs-yahoo.blogspot.com,4,0,1,1
blogtop10.com,4,0,3,1
blr.design,4,0,1,1
bobsplay.com.br,4,0,2,1
bodorweb.eu,4,0,1,1
boochi.ru,4,0,2,1
booksbykmcvere.com,4,0,1,1
boostupblogging.com,4,0,1,1
borislavkiprin.com,4,0,1,1
bostonchron.com,4,0,1,1
botdigit.com,4,0,4,1
bpxl.ca,4,0,1,1
breakingpoint.ro,4,0,37,1
brilliantassignment.co.uk,4,0,3,1
broadcasts.com,4,0,2,1
build2be.com,4,0,2,1
builditforme.ai,4,0,1,1
buntya.com,4,0,2,1
burnpileavl.com,4,0,6,1
burstcreatives.com,4,0,4,1
business-style.ro,4,0,1,1
busytape.com,4,0,2,1
butlervause.com,4,0,6,1
bve.vc,4,0,1,1
bvipowerboatrental.com,4,0,1,1
bybodigital.com,4,0,1,1
byc1999.com,4,0,3,1
byteyo.com,4,0,13,1
c48.uk,4,0,1,1
cafeserre.com,4,0,6,1
cakm.fr,4,0,1,1
californiacubs.com,4,0,2,1
canadianpharmacyonlinebestnorx.com,4,0,2,1
candeavor.com,4,0,1,1
capital-news.in,4,0,2,1
carrosenusa.com,4,0,1,1
cashcache.co,4,0,1,1
caswellcooke.com,4,0,6,1
cbbenefits.co.uk,4,0,39,1
ccstartup.com,4,0,1,1
ccwu.cc,4,0,14,1
cdlightsboss.com,4,0,54,1
celebnest.com,4,0,1,1
celevenus.co.jp,4,0,1,1
celsomiragaia.wordpress.com,4,0,1,1
cermin-dunia.github.io,4,0,39,1
cfood.org,4,0,1,1
champlinenterprises.com,4,0,3,1
chatonic.net,4,0,1,1
cheaphostings.org,4,0,15,1
cheetaho.com,4,0,1,1
chicmags.com,4,0,1,1
childrightscoalitionasia.org,4,0,6,1
chped.com,4,0,24,1
chronicleslive.com,4,0,7,1
chuaphuochue.com,4,0,2,1
ciberpro.es,4,0,1,1
ckweb.cl,4,0,1,1
cleverkite.com,4,0,9,1
cleversequence.com,4,0,2,1
cloudhosting.tv,4,0,5,1
cloudydatablog.net,4,0,8,1
clubi.cc,4,0,1,1
cnmirror.me,4,0,48,1
coastsidemedia.com,4,0,3,1
coccoc-blog.blogspot.com,4,0,1,1
code84.com,4,0,1,1
codeandcoffeeshow.dev,4,0,2,1
codetengu.com,4,0,6,1
coin-labs.com,4,0,2,1
coingenius.news,4,0,3,1
coinsnews.com,4,0,18,1
colasdn.top,4,0,27,1
colasdn.workers.dev,4,0,2,1
collegeandseminary.com,4,0,54,1
colorbase.vercel.app,4,0,1,1
colorcode.events,4,0,2,1
combatteam.com,4,0,42,1
comedygala.net.au,4,0,18,1
commitcloud.net,4,0,1,1
communick.news,4,0,6,1
communitycarrot.org,4,0,42,1
communityinter.net,4,0,1,1
comovivirdelcuento.com,4,0,1,1
comparable-companies.com,4,0,1,1
completewithus.com,4,0,2,1
computervisionsummit.com,4,0,2,1
concentricdigital.com.au,4,0,4,1
conikal.com,4,0,1,1
contentgarden.org,4,0,1,1
contenttoolkit.co,4,0,2,1
coopfermesvalhalla.com,4,0,6,1
coraandkrist.com,4,0,1,1
coralnodes.com,4,0,7,1
corporacioncsb.com,4,0,3,1
cpabishojit.com,4,0,1,1
creatingdigital.de,4,0,1,1
creativewritting.com,4,0,1,1
crewlett.com,4,0,4,1
criptobr.net,4,0,1,1
crosslang.ru,4,0,2,1
cryptocurrency-nieuws.nl,4,0,1,1
cryptoext.com,4,0,1,1
cryptomarketingbiz.com,4,0,4,1
cubiclenomore.com,4,0,1,1
cusi.fr,4,0,2,1
cuts.site,4,0,1,1
cybercletch.com,4,0,1,1
cyberinfoblog.com,4,0,1,1
cyberworldtechnologies.co.in,4,0,1,1
dagadumedia.com,4,0,1,1
dailybasis.com,4,0,8,1
dailybestarticles.com,4,0,1,1
dailynerd.com.br,4,0,1,1
dailypaidonline.com,4,0,1,1
dailytimespro.com,4,0,1,1
daliofoundation.org,4,0,12,1
danaoberson.com,4,0,6,1
dataenthusiast.ca,4,0,1,1
dataformathub.com,4,0,1,1
davidryanweb.com,4,0,6,1
dcoutesnjacob.com,4,0,3,1
dcphotoguide.com,4,0,27,1
deakialli.com,4,0,24,1
debatesideias.com.br,4,0,2,1
deckerkitchen.com,4,0,78,1
decodist.com,4,0,1,1
deeptechdiscovery.com,4,0,1,1
deploypete.com,4,0,1,1
derektmckinney.com,4,0,1,1
designandbuild.gr,4,0,5,1
designboyo.com,4,0,2,1
designingchoice.net,4,0,2,1
designmunk.com,4,0,1,1
designsbykenny.com,4,0,1,1
designthenew.com,4,0,1,1
devbio.me,4,0,1,1
developry.com,4,0,23,1
devmaverick.com,4,0,1,1
dianjin123.com,4,0,13,1
dianshangdulizhan.com,4,0,10,1
digibharata.com,4,0,2,1
digipixel.com.ar,4,0,1,1
digiroom.co.uk,4,0,8,1
digitalgrowthtools.com,4,0,1,1
digitalmediarising.org,4,0,2,1
digitalpackglobal.com,4,0,1,1
digitalwebverse.com,4,0,1,1
directory4websites.com,4,0,3,1
diseñowebbarcelona.biz,4,0,1,1
ditss.nl,4,0,11,1
dizzed.com,4,0,1,1
dloa.net,4,0,4,1
domainlawpodcast.com,4,0,2,1
domainui.com,4,0,2,1
dorsetrigs.org.uk,4,0,2,1
dotiqo.com,4,0,12,1
dotpim.com,4,0,6,1
double-video.blogspot.com,4,0,1,1
dprall.net,4,0,1,1
dprconference.com,4,0,1,1
drbrustortho.com,4,0,153,1
drivingclassics.com,4,0,57,1
dsitestatus.com,4,0,4,1
dsnylu.com,4,0,2,1
dsquad.co.in,4,0,11,1
dutytoamericanews.com,4,0,2,1
dziudek.pl,4,0,1,1
eagernomad.com,4,0,2,1
earnpace.com,4,0,1,1
easyaspie.co,4,0,5,1
eazzyone.com,4,0,2,1
ecommediatech.com,4,0,1,1
ecommerceplatforms.com,4,0,1,1
ecomsellershq.com,4,0,3066,1
economiamx.blogspot.com,4,0,2,1
eddievo.co,4,0,1,1
educationforgirls.org,4,0,2,1
edusref.org,4,0,1,1
eightynine.dev,4,0,1,1
electrichydra.com,4,0,1,1
elg-insider.webflow.io,4,0,1,1
eliana.lol,4,0,1,1
eliottdupuy.com,4,0,4,1
ella-jacobs3759.firebaseapp.com,4,0,3,1
elsiup.blogspot.com,4,0,1,1
email-planetcoaster.com,4,0,45,1
emailing-factory.fr,4,0,1,1
emilymayinteriors.co.uk,4,0,132,1
endahurtskids.com,4,0,1,1
engeniusphones.com,4,0,2,1
enzashorts.blogspot.com,4,0,1,1
eoptimize.com,4,0,1,1
esa.org.uk,4,0,195,1
esmspice.com,4,0,2,1
esportopedia.com,4,0,184340,1
esprittriathlon.com,4,0,231,1
etechspider.com,4,0,1,1
etirmini.com.pl,4,0,1,1
etrendystock.com,4,0,3,1
europatentbox.com,4,0,1,1
everymilecommerce.com,4,0,3,1
evsoup.com,4,0,6,1
executec.com,4,0,54,1
executorsresource.com,4,0,6,1
eyeopeningtruth.com,4,0,1,1
ezcom-fr.com,4,0,1,1
f12media.com,4,0,1,1
faceserumsdirect.com,4,0,2,1
famousfolk.com,4,0,6,1
fc2av.com,4,0,30,1
fduty.com,4,0,7,1
femcanic.com,4,0,6,1
fes.wiki,4,0,7,1
figwestchester.com,4,0,2,1
filterhn.com,4,0,6,1
flamepix.com,4,0,1,1
flarecompare.com,4,0,22,1
fldtrace.com,4,0,3,1
floodgateproductions.com,4,0,6,1
for-beauty.net,4,0,2,1
formativedigital.com,4,0,1,1
forpes.ru,4,0,137,1
fotosub.org,4,0,1,1
fourcasters.com,4,0,2,1
frankherr.com,4,0,2,1
freelanceadvisor.org,4,0,1,1
freelancing-geek.blogspot.com,4,0,2,1
freihandlabor.com,4,0,6,1
freshkit.co.uk,4,0,12,1
freshviewpartners.com,4,0,3,1
friday-go.icu,4,0,1,1
frocentric.io,4,0,3306,1
fromcorporatetocareerfreedom.com,4,0,1,1
full-skills.com,4,0,3,1
fundme-website.blogspot.com,4,0,2,1
fusepress.co,4,0,1,1
g00gleweb.web.app,4,0,202,1
ga4wp.com,4,0,2,1
gadget-faqs.com,4,0,1,1
gadgetonus.com,4,0,395405,1
gamerz-forum.com,4,0,3,1
gamesics.com,4,0,1,1
gangbuksilver.or.kr,4,0,2,1
garyschanbacher.com,4,0,6,1
gcsummit.com.au,4,0,3,1
gec2013.com,4,0,3,1
geeksunite.net,4,0,14,1
genesis.studio,4,0,1,1
georgiacomo.org,4,0,1,1
getease.io,4,0,3,1
getfound.ie,4,0,1,1
getgraphene.io,4,0,45,1
getsyme.com,4,0,1,1
giniconceptdesign.com,4,0,1,1
gizory.com,4,0,1,1
glerner.com,4,0,1,1
global-rank.pages.dev,4,0,28,1
global-ranks.pages.dev,4,0,29,1
globalproseo.com,4,0,1,1
godowebdesign.com,4,0,1,1
goldliontech.com,4,0,1,1
goldontheweb.com,4,0,1,1
google-chrome.vip,4,0,2,1
goreviewrite.com,4,0,1,1
gormspizza.dk,4,0,2,1
gramah.com.br,4,0,6,1
greenbusinessonly.com,4,0,1,1
gregtech.eu,4,0,4,1
grokoverflow.com,4,0,1,1
groyourwealth.com,4,0,2,1
grys.it,4,0,1,1
gs-studio.com,4,0,12,1
gsxr-forum.pl,4,0,1,1
gtarafdar.com,4,0,2,1
guffiz.com,4,0,1,1
guidefolks.com,4,0,5,1
guidingcode.com,4,0,1,1
guihangmyuccanada.com,4,0,1,1
gurgaon-samachar.com,4,0,2,1
hackerposse.com,4,0,6,1
hackerpublicradio.com,4,0,2,1
hamethyst-communication.com,4,0,2,1
handmade.marketing,4,0,3,1
hanmerholistichealing.com,4,0,2,1
hard-news.com,4,0,1,1
hazeways.com,4,0,2,1
hdoi360.re,4,0,1,1
healthtrekker.net,4,0,1,1
hebagh.com,4,0,2,1
helphub.me,4,0,1,1
heyneuron.com,4,0,1,1
hollyedesign.com,4,0,2,1
homecareinstitute.com,4,0,6,1
honeynet.org.my,4,0,3,1
horje.com,4,0,7,1
hostf4.com,4,0,1,1
hostingdiscounts.org,4,0,2,1
hostinginfo.online,4,0,6,1
hotel.lv,4,0,24,1
hotels-restaurants.lv,4,0,3,1
hotfri.com,4,0,8,1
htmlstaff.org,4,0,1,1
huesagency.com,4,0,5,1
hugestepup.com,4,0,2,1
hungrydiner.com.au,4,0,24,1
hvgllc.com,4,0,27,1
i-kos.kr,4,0,5,1
iacquireexpert.com,4,0,1,1
iassistblog.org,4,0,1,1
iblogging.de,4,0,2,1
icopy.site,4,0,6,1
idfs.ai,4,0,1,1
imagetou.com,4,0,69,1
imamuddinwp.com,4,0,2,1
imgforge.com,4,0,116,1
impactcircle.network,4,0,2,1
imperfectconcepts.com,4,0,2,1
imphalnewsflash.in,4,0,1,1
income.tube,4,0,2,1
indeheiligestede.nl,4,0,2,1
indexc.blogspot.com,4,0,35,1
indoorzy.com,4,0,1,1
influencernewsmagazine.com,4,0,1,1
infoblogz.com,4,0,1,1
informacionyarte.com,4,0,2,1
informaticazone.com,4,0,2,1
informaticoenrivas.com,4,0,1,1
infraredforhealth.com,4,0,1,1
insightmarketreports.com,4,0,3,1
instantbundle.com,4,0,10,1
interafrica.co.kr,4,0,26,1
internethilfe.de,4,0,1,1
internetmarketinghub.com,4,0,1,1
invoguesolutions.com,4,0,1,1
iqquran.org,4,0,2,1
iqscript.com,4,0,6,1
irosyadi.netlify.app,4,0,1,1
isoc.bh,4,0,19,1
isoc.mk,4,0,1,1
isochawaii.org,4,0,3,1
iteduinfo.com,4,0,2,1
itexamanswers.co.uk,4,0,1,1
ithemesky.com,4,0,1,1
itindex.net,4,0,1,1
itsabet.com,4,0,3,1
iwaki-suzuran.com,4,0,4,1
iwooify.com,4,0,185,1
jacksonkr.com,4,0,2,1
jaknatoo.blogspot.com,4,0,1,1
jamesevers.co.uk,4,0,1,1
jamesreviewoto99.wixsite.com,4,0,1,1
jammuandkashmirheadlines.in,4,0,1,1
jamstackers.com,4,0,1,1
jdlcgarcia.es,4,0,1,1
jdswebdesign.com,4,0,2,1
jenniferdawn.ca,4,0,1,1
jensenheavyduty.com,4,0,2,1
jerukrasa-2d33d.web.app,4,0,25,1
jiangdiankj.com,4,0,1,1
jiriilbak.com,4,0,1,1
jl-k.com,4,0,17,1
jmjwebpro.com,4,0,2,1
joaomagfreitas.link,4,0,2,1
jobspundit.com,4,0,1,1
joewarnimont.com,4,0,4,1
joewoods.dev,4,0,1,1
johnbolyard.com,4,0,3,1
johneengle.com,4,0,4,1
jonascleveland.com,4,0,8,1
joseph-dickson.com,4,0,54,1
jtube.top,4,0,13,1
juku4.top,4,0,1,1
juliemorgan.org,4,0,6,1
justcompany.com,4,0,4,1
justhyre.com,4,0,1,1
justice4gemmel.com,4,0,1,1
justithosting.com,4,0,3,1
kai.im,4,0,2,1
kaiccapital.com,4,0,3,1
kalapa.agency,4,0,1,1
kanger.dev,4,0,1,1
kapitaali.codeberg.page,4,0,1,1
kapsys.io,4,0,8,1
karentisdell.com,4,0,1,1
katopia.com,4,0,2,1
kerala-daily.in,4,0,2,1
kerihosting.com,4,0,2,1
kevinkonrad.com,4,0,1,1
kiosksocial.com,4,0,2,1
kiuly.com,4,0,4,1
klausgesprochen.de,4,0,8,1
knight-sac-media.com,4,0,1,1
knowledgelib.io,4,0,3,1
ko-te.com,4,0,1,1
kode-krunch.com,4,0,1,1
koloseum.rs,4,0,1,1
kooklove.co.kr,4,0,152,1
korndev.com,4,0,1,1
krupananda.com,4,0,2,1
ktfc.co.kr,4,0,1,1
kubevirtual.com,4,0,6,1
kunaldawn.com,4,0,2,1
kurtmakeweb.com,4,0,5,1
la-web-fabrik.fr,4,0,6,1
ladybirdtalent.com,4,0,1,1
lagence.ch,4,0,1,1
laguiaseo.com,4,0,1,1
lancebryantphotography.com,4,0,4,1
langria.com,4,0,1194,1
lareferencewp.com,4,0,1,1
larsvilhuber.github.io,4,0,1,1
lastfree.space,4,0,918,1
lawrenceburg-in.com,4,0,51,1
lcvm.nl,4,0,4,1
learnsth.icu,4,0,4,1
ledetailwp.com,4,0,3,1
ledgerlabs.io,4,0,18,1
legendsoffaith.org,4,0,6,1
lejournallenord.com,4,0,234,1
lesjums-elles.com,4,0,2,1
lesoufflebreton.bzh,4,0,1,1
less-code.com,4,0,5,1
libinneed.workers.dev,4,0,30,1
limone-web.fr,4,0,2,1
linkinfo.nl,4,0,1,1
linkthema.nl,4,0,4,1
linkzworld.com,4,0,4,1
linuxbash.sh,4,0,4,1
lipsumai.com,4,0,1,1
list.show,4,0,2,1
littlepearlboise.com,4,0,36,1
livewar.com,4,0,4,1
liveworkanywhere.com,4,0,3,1
lmcjl.com,4,0,1,1
lmlewisconsulting.com,4,0,1,1
logicaldaily.net,4,0,1,1
loli.garden,4,0,32,1
loligames.net,4,0,4,1
looglebiz.com,4,0,4,1
loomi.ai,4,0,12,1
los-enlaces.blogspot.com,4,0,3,1
losriosdealice.com,4,0,1,1
loxotipu.ch,4,0,1,1
lqc.fr,4,0,1,1
lsah.net,4,0,6,1
ludhiananewsmagazine.in,4,0,2,1
ludovicarnal.com,4,0,1,1
ludovicmeyer.com,4,0,8,1
ludwig-you.fr,4,0,1,1
lug-vs.org,4,0,6,1
madcashcentral.com,4,0,2,1
madebytoast.com,4,0,3,1
madhyapradeshonlinejournal.net,4,0,2,1
madinspain.org,4,0,3105,1
madurai-news.in,4,0,2,1
magiscriptor.com,4,0,3,1
mahimahi.jpn.com,4,0,2,1
mainpg88.com,4,0,1,1
maivdigital.com,4,0,3,1
makerstack.co,4,0,2,1
makestaticsite.sh,4,0,1,1
malaga-cars.com,4,0,1,1
mamastalkmoney.com,4,0,12,1
mangleandwringer.co.uk,4,0,33,1
manojkumar.online,4,0,1,1
mantaw.com,4,0,10,1
mantelajaibdua.web.app,4,0,1,1
mantenizer.com,4,0,1,1
manuelmas.es,4,0,1,1
march.ai,4,0,471,1
marcmcdougall.com,4,0,1,1
marcog.xyz,4,0,1,1
mare-nostrum.co.uk,4,0,3,1
marilynmckenna.com,4,0,12,1
marine-recruitment.com,4,0,21,1
marionasbarcelona.com,4,0,2,1
marketdatapoint.com,4,0,1,1
marketingdirect.lu,4,0,1,1
marketingdraft.com,4,0,1,1
marketingnewsbox.com,4,0,3,1
marketingseodirectory.com,4,0,1,1
marketingwithkerri.com,4,0,1,1
marketplussolutions.com,4,0,1,1
marketresearchexplore.com,4,0,1,1
markwaters.info,4,0,1,1
marsbit.cc,4,0,1,1
marsdd.ca,4,0,3,1
mashoid.co,4,0,2,1
massivestory.com,4,0,1,1
mattisnotwp.com,4,0,2,1
mcbooks.com,4,0,18,1
mediacom.bf,4,0,1,1
mediaintegration.ca,4,0,2,1
mediamanagersclub.org,4,0,142,1
medri.org,4,0,1,1
meerutreporter.com,4,0,2,1
mejorsoftware.info,4,0,130,1
memekrapet.com,4,0,357,1
mentionly.com,4,0,6,1
meow.click,4,0,2,1
meshworld.in,4,0,2,1
mestransporteurs.fr,4,0,1,1
mfemy.com,4,0,18,1
micakoliber.web.app,4,0,8,1
michaelcostin.com,4,0,1,1
mickythompson.com,4,0,1,1
microphonebasics.com,4,0,1,1
microtechgen.com,4,0,1,1
mighty-little-websites.com,4,0,7,1
mikepaim.com,4,0,2,1
milennium-global.net,4,0,6,1
minimoo.eu,4,0,2,1
miriamgoldman.ca,4,0,1,1
miserves.org,4,0,3,1
missionguardian.com,4,0,12,1
miu.com.hr,4,0,1,1
mixedmediamarketing.co.nz,4,0,2,1
miyug.com,4,0,5,1
miziro.ru,4,0,5,1
mm-ais.com,4,0,1,1
mockalounge.co.uk,4,0,6,1
modernblogging.net,4,0,1,1
mon-site-artisan.net,4,0,2,1
monkeypuzzle.co,4,0,1,1
montecristobookshop.com,4,0,2,1
mony.live,4,0,2,1
monyet.cc,4,0,5,1
moscowtimes.top,4,0,4,1
mowgli.digital,4,0,2,1
mrtechi.com,4,0,1,1
mrwebcapitalist.com,4,0,117,1
mtfolder.com,4,0,3,1
mtwda.org,4,0,1,1
muchmoresocial.co.uk,4,0,2,1
multipz.com,4,0,4,1
municor.co.za,4,0,1,1
muplugins.com,4,0,1,1
muriel-carrillo.fr,4,0,1,1
mutewind.com,4,0,1,1
my-career-education.com,4,0,1,1
mybreadmoney.com,4,0,1,1
mycoachsue.com,4,0,3,1
mydefence.us,4,0,6,1
mykinsta.com,4,0,6,1
mynextself.com,4,0,2,1
myrestraining.com,4,0,1,1
myshoebazar.com,4,0,1,1
nadosi.com,4,0,3,1
nanocorp.app,4,0,1,1
nd2a.com,4,0,117,1
nefic.org,4,0,20,1
nekkodigital.com,4,0,1,1
neosama-consulting.com,4,0,5,1
netns.co.kr,4,0,1,1
netsparksolutions.com,4,0,1,1
network-guides.com,4,0,1,1
neuresourcegroup.com.au,4,0,48,1
newcroplive.com,4,0,1,1
newdirectory.in,4,0,3,1
newearthhaven.com,4,0,66,1
newleashcp.org,4,0,1,1
newmexico.news,4,0,4,1
newsspring.media,4,0,1,1
nexioe.com,4,0,14,1
nexuwp.com,4,0,2,1
nice-letterform.com,4,0,46,1
nichebloggingtips.com,4,0,1,1
nishuang.net,4,0,1,1
nixhive.com,4,0,1,1
nnscript.de,4,0,18,1
noagencycube.com,4,0,30,1
noelcabral.com,4,0,3,1
nogeven.nl,4,0,3,1
nonprofitsa.com,4,0,1,1
noratr.app,4,0,5,1
northafricaunited.com,4,0,1,1
northpointweb.com,4,0,3,1
notelseit.com,4,0,1,1
novinmarketing.com,4,0,1,1
nqou.net,4,0,1,1
nsrc.io,4,0,1,1
nucleusmarketing.org,4,0,2,1
numate.fr,4,0,4,1
nylonstrapon.com,4,0,2,1
nytimesnewstoday.com,4,0,1,1
oilprofit.de,4,0,1,1
oknius.com,4,0,1,1
olivierbigras.com,4,0,1,1
olubunmimabel.com,4,0,1,1
onlyfuns.win,4,0,58,1
onlystans.me,4,0,1,1
onviqa.com,4,0,1,1
oomphcloud.com,4,0,1,1
openthegate.org,4,0,3,1
operationsilentdeer.com,4,0,33,1
opinionatedseo.com,4,0,1,1
optimizelink.com,4,0,3,1
orceuro2023.com,4,0,123,1
orditux.org,4,0,1,1
orourkeforphilly.com,4,0,1,1
othonmataragas.com,4,0,1,1
ottercreativestudio.com,4,0,4,1
ourbodiesourselvestoday.org,4,0,14,1
overfit.cn,4,0,1,1
owb.net,4,0,96,1
owoliving.com,4,0,1307,1
oxoca.com,4,0,41,1
p3ter.fr,4,0,2,1
pachim.sh,4,0,1,1
pagebuildertemplates.com,4,0,1,1
pageonewebmarketing.com,4,0,1,1
pagerankplay.blogspot.com,4,0,1,1
palomoasoft.com,4,0,1,1
palu.digital,4,0,4,1
panarab.org,4,0,22,1
parmigiani.cn,4,0,2,1
parttimeworkfromhomejobs.com,4,0,16,1
paulocarvajal.com,4,0,1,1
paydayloans10ukhw.com,4,0,2,1
payperclickecademy.com,4,0,1,1
peakzebra.com,4,0,1,1
pelhamplus.com,4,0,1,1
pennappsfellows.com,4,0,1,1
perditum.com,4,0,4,1
perfectwpsetup.com,4,0,1,1
pesaroweb.it,4,0,1,1
phagetherapygeorgia.eu,4,0,12,1
phil-o-web.com,4,0,1,1
phoenixim.ddns.net,4,0,2,1
phperz.com,4,0,2,1
phpsrbija.github.io,4,0,3,1
picapo.net,4,0,1,1
pitterpatterofbabyfeet.com,4,0,1,1
pixylabs.com,4,0,3,1
planetdryers.co.uk,4,0,12,1
plastisol.com.co,4,0,3,1
platoblockchain.net,4,0,1,1
platodata.ai,4,0,2,1
play-store-indir.vercel.app,4,0,3380,1
pluginforthat.com,4,0,10,1
plumbingmedic.net,4,0,24,1
pnb.gov.sl,4,0,101,1
pnwvw.com,4,0,5,1
poddarna.se,4,0,1,1
podulminciunilor.ro,4,0,1,1
poolpomarketing.com,4,0,1,1
portfolioboss.com,4,0,10,1
portlandlandscapepros.com,4,0,2,1
postingpoint.com,4,0,2,1
postvanuatu.com,4,0,1,1
powerupgeorgia.com,4,0,9,1
pramodjodhani.com,4,0,1,1
prestwickcountryclub.net,4,0,1,1
primariasabiertas.com,4,0,5,1
printandwebdesigner.com,4,0,3,1
probloggerincome.com,4,0,3,1
proitzen.com,4,0,12,1
proplayersports.com,4,0,3,1
propulser.business,4,0,303,1
proseoarticles.com,4,0,1,1
prufcreative.com,4,0,1,1
psds2wp.com,4,0,2,1
publicwire.com,4,0,2,1
pulseaugur.com,4,0,1,1
putschyourself.org,4,0,2,1
pwika.com,4,0,1,1
python-cnrs.netlify.app,4,0,2,1
qartworks.co.uk,4,0,1,1
qastack.com.de,4,0,3,1
qastack.info.tr,4,0,3,1
qastack.jp,4,0,3,1
qeeebo.com,4,0,8,1
qlweb.fr,4,0,1,1
quadrants.co,4,0,1,1
qualitystocks.net,4,0,3,1
quantawebdesign.com,4,0,2,1
questo.media,4,0,3,1
quilamukanda.com,4,0,5,1
quitcommuting.com,4,0,1,1
quuantum.com,4,0,1,1
r2url.com,4,0,1,1
rabota.dev,4,0,1,1
rajamuhammadali.com,4,0,1,1
rajavanya.com,4,0,1,1
rambler-blogs.blogspot.com,4,0,1,1
rankdigger.com,4,0,1,1
rankitglobally.com,4,0,1,1
rasanegaar.com,4,0,2,1
ready.pro,4,0,50,1
realtimeleadgenlocalseo.blogspot.com,4,0,1,1
realtimeleadgensyndication.weebly.com,4,0,5,1
receivinghelpdesk.com,4,0,2,1
recomind.net,4,0,2,1
reddit-blogs.blogspot.com,4,0,1,1
redemaiscondominios.com.br,4,0,1,1
redspiralhand.com,4,0,1,1
regap.no,4,0,8,1
removevirus.org,4,0,2,1
reneeshupe.com,4,0,1,1
reporterdoor.com,4,0,1,1
reqme.co,4,0,1,1
reviewbridge.com,4,0,1,1
reviewxehoi.com,4,0,24,1
reyrrodriguez.com,4,0,2,1
rightblogtips.com,4,0,3,1
rightwebhost.com,4,0,3,1
robtowner.com,4,0,13,1
rochodecosatu.web.app,4,0,11,1
rochodecosebelas.web.app,4,0,17,1
rogerwilliamsmedia.com,4,0,41,1
rokida.com,4,0,2,1
rollatsantamonica.com,4,0,3,1
romans.design,4,0,1,1
rootofpi.com,4,0,1,1
rrzcms.com,4,0,4,1
rss2.com,4,0,2,1
rubedo-project.org,4,0,1,1
ryongross.com,4,0,1,1
saasstarterkit.app,4,0,1,1
sakerlatam.blog,4,0,1,1
salad-recipe.net,4,0,1,1
salesforcereader.com,4,0,2,1
samikshaharmony.com,4,0,2,1
sante-senegal.com,4,0,2,1
sapangelbs.com,4,0,3,1
sashatalkstech.com,4,0,1,1
savecode.net,4,0,18,1
sbee.link,4,0,3,1
scalater.com,4,0,4,1
scottmcateer.wordpress.com,4,0,4,1
searchinsightsacademy.com,4,0,1,1
sebastianpremici.com,4,0,1,1
seceurity.place,4,0,2,1
securitpress.io,4,0,19,1
seemysite.us,4,0,27,1
selfmade.today,4,0,1,1
selipaputuz.blogspot.com,4,0,11,1
sell-saas-demo.com,4,0,1,1
semrush.pw,4,0,1,1
seo-anomaly-algorithm.online,4,0,14,1
seo-anomaly-analytics.online,4,0,11,1
seo-anomaly-apogee.online,4,0,10,1
seo-anomaly-arrow.online,4,0,10,1
seo-anomaly-audit.online,4,0,11,1
seo-anomaly-beacon.online,4,0,10,1
seo-anomaly-blueprint.online,4,0,9,1
seo-anomaly-canvas.online,4,0,8,1
seo-anomaly-catalyst.online,4,0,10,1
seo-anomaly-concept.online,4,0,9,1
seo-anomaly-cool.online,4,0,9,1
seo-anomaly-delta.online,4,0,12,1
seo-anomaly-digital.online,4,0,11,1
seo-anomaly-dynamic.online,4,0,9,1
seo-anomaly-energy.online,4,0,10,1
seo-anomaly-engine.online,4,0,11,1
seo-anomaly-evolution.online,4,0,8,1
seo-anomaly-expert.online,4,0,12,1
seo-anomaly-focus.online,4,0,10,1
seo-anomaly-forge.online,4,0,8,1
seo-anomaly-foundry.online,4,0,10,1
seo-anomaly-gamma.online,4,0,14,1
seo-anomaly-genesis.online,4,0,5,1
seo-anomaly-growth.online,4,0,12,1
seo-anomaly-guru.online,4,0,14,1
seo-anomaly-hub.online,4,0,11,1
seo-anomaly-incubator.online,4,0,11,1
seo-anomaly-insight.online,4,0,11,1
seo-anomaly-jump.online,4,0,10,1
seo-anomaly-launch.online,4,0,10,1
seo-anomaly-leap.online,4,0,11,1
seo-anomaly-marketing.online,4,0,11,1
seo-anomaly-mastery.online,4,0,10,1
seo-anomaly-metrics.online,4,0,10,1
seo-anomaly-mission.online,4,0,9,1
seo-anomaly-mobile.online,4,0,9,1
seo-anomaly-nexus.online,4,0,10,1
seo-anomaly-onpage.online,4,0,11,1
seo-anomaly-optimization.online,4,0,10,1
seo-anomaly-orbit.online,4,0,12,1
seo-anomaly-path.online,4,0,9,1
seo-anomaly-peak.online,4,0,10,1
seo-anomaly-pinnacle.online,4,0,9,1
seo-anomaly-prime.online,4,0,11,1
seo-anomaly-pro.online,4,0,11,1
seo-anomaly-pulse.online,4,0,11,1
seo-anomaly-quest.online,4,0,9,1
seo-anomaly-ranking.online,4,0,10,1
seo-anomaly-realm.online,4,0,11,1
seo-anomaly-scenario.online,4,0,9,1
seo-anomaly-shift.online,4,0,10,1
seo-anomaly-spark.online,4,0,11,1
seo-anomaly-sprint.online,4,0,11,1
seo-anomaly-strategy.online,4,0,10,1
seo-anomaly-studio.online,4,0,13,1
seo-anomaly-summit.online,4,0,8,1
seo-anomaly-surge.online,4,0,12,1
seo-anomaly-synergy.online,4,0,11,1
seo-anomaly-traffic.online,4,0,12,1
seo-anomaly-trail.online,4,0,10,1
seo-anomaly-turbo.online,4,0,7,1
seo-anomaly-vantage.online,4,0,10,1
seo-anomaly-visibility.online,4,0,11,1
seo-anomaly-vision.online,4,0,10,1
seo-anomaly-voice.online,4,0,11,1
seo-anomaly-vortex.online,4,0,10,1
seo-anomaly-voyage.online,4,0,9,1
seo-anomaly-wave.online,4,0,10,1
seo-anomaly-wizard.online,4,0,12,1
seo-lpo.net,4,0,8,1
seobasics.net,4,0,1,1
seofastwork.com,4,0,3,1
seohubdirectory.com,4,0,1,1
seonio.com,4,0,3,1
seoparawp.com,4,0,2,1
seorankserp.com,4,0,1,1
seorepairkit.com,4,0,1,1
seosoul.ca,4,0,3,1
seowmx.com,4,0,35,1
seraph.agency,4,0,2,1
serioustechie.com,4,0,1,1
settingserver.com,4,0,1,1
sfcharityfashionshow.com,4,0,1,1
shaeba.net,4,0,1,1
shaida.com,4,0,4,1
shape.works,4,0,7,1
shawnpgreene.com,4,0,2,1
shifteq.com,4,0,1,1
shirouto.top,4,0,2,1
shkim04.github.io,4,0,2,1
shopdiyv.org,4,0,10,1
sidehustlepodcast.co,4,0,1,1
silversands-villas.com,4,0,30,1
simdoms.xyz,4,0,1,1
simonnet.me,4,0,3,1
simplefactsonline.com,4,0,1,1
simpleobd.com,4,0,2,1
sinoecare.com,4,0,1,1
sirrona.com,4,0,1,1
sitearchitects.io,4,0,1,1
sitescrawl.com,4,0,2,1
siteseer.io,4,0,1,1
sitesnewses.com,4,0,1,1
sitespot.co,4,0,1,1
siteworthchecker.net,4,0,1,1
sitieassistenza.it,4,0,97,1
sketchite.com,4,0,25,1
skidefondraquette.com,4,0,2,1
skin-laser-imaging.org,4,0,2,1
skylinkseo.site,4,0,22,1
slowbeer.com.au,4,0,9,1
sm4lg.com,4,0,42,1
smartcabsnorwich.co.uk,4,0,3,1
smartergovernmentwa.org,4,0,174,1
smartkids101.com,4,0,186,1
smartupworld.com,4,0,2,1
smartwebdirectory.com,4,0,1,1
sms4mail.com,4,0,4,1
snapiy.com,4,0,6,1
snyper.net,4,0,1,1
soatechnology.net,4,0,1,1
sobydesign.com,4,0,17,1
socialpresence.co,4,0,27,1
softstartbti.co.za,4,0,4,1
software-online-review.com,4,0,2,1
sogou-blog.blogspot.com,4,0,1,1
soinside.com,4,0,7,1
solarus360.com,4,0,1,1
solutionfall.com,4,0,2,1
somethingintheweb.fr,4,0,4,1
sopriza.com,4,0,2,1
sparkrmarketing.com,4,0,2,1
speakymagazine.com,4,0,1,1
spiralytics.com.ph,4,0,1,1
spmsoalan.com,4,0,23,1
sqlflash.ai,4,0,3,1
squarechilli.co.uk,4,0,1,1
srcmini05.com,4,0,1,1
stablegeeksstaffing.com,4,0,2,1
stack-spy.com,4,0,2,1
stackru.com,4,0,1,1
stacksee.com,4,0,5,1
stacktco.com,4,0,3,1
stagingcloud.co,4,0,39,1
stagingwebsite.space,4,0,2,1
stars-online.nl,4,0,5,1
startblaster.nl,4,0,6,1
startcorner.nl,4,0,1,1
startmeister.nl,4,0,3,1
startupwebsolutions.com.au,4,0,14,1
stayontrak.com,4,0,6,1
steamworks.io,4,0,1,1
stepoutmedia.co,4,0,1,1
stepsautismtreehouse.org.au,4,0,6,1
stinalee.se,4,0,807,1
stockstreetnews.com,4,0,1,1
stoked.fi,4,0,3,1
stoppayingrenttennessee.com,4,0,5,1
strategicmarketingworld.com,4,0,2,1
stripoemail.com,4,0,4,1
studiotwg.com,4,0,16,1
stylishdesign.me,4,0,1,1
sudovanilla.org,4,0,3,1
suggestron.com,4,0,3,1
suicideactionmontreal.qc.ca,4,0,6,1
sullivanprogressplaza.com,4,0,1,1
sundialsoftware.co.uk,4,0,1,1
sunsss.com,4,0,1,1
supereffectivewebsites.com,4,0,9,1
superwork.co,4,0,1,1
supportivy.com,4,0,1,1
svenska-casino.co,4,0,24,1
svija.com,4,0,1,1
swacash.com,4,0,2,1
sync.win,4,0,2,1
synergi.fo,4,0,1,1
tadke.com,4,0,2,1
talentswebsolutions.com,4,0,2,1
talkcitee.com,4,0,1,1
talks.co.uk,4,0,2,1
talktobusiness.com,4,0,1,1
tanie-pozycjonowanie.eu,4,0,3,1
targetiv.com,4,0,1,1
tasmaniasnorthwest.com.au,4,0,99,1
tech-champion.com,4,0,33,1
tech-trend.work,4,0,1,1
techdays.org,4,0,1,1
techdentro.com,4,0,1,1
techdomainsystems.com,4,0,1,1
techieclouds.com,4,0,1,1
techkee.com,4,0,1,1
techknowligence.com,4,0,1,1
techlist.ai,4,0,5,1
technetdeals.com,4,0,2,1
technewsbase.com,4,0,2,1
technologyjournalmag.com,4,0,1,1
techstormy.com,4,0,1,1
techtricknews.com,4,0,1,1
techywar.com,4,0,15,1
terminapp.com,4,0,1,1
terribly-happy.com,4,0,20,1
tfm.tf,4,0,1,1
thatswp.com,4,0,3,1
the-dollars.com,4,0,1,1
theartycraftyplace.co.uk,4,0,30,1
thebigfreezefestival.com.au,4,0,14,1
thebingnews.com,4,0,1,1
theblogpilot.com,4,0,4,1
thebrandastute.com,4,0,1,1
thecinematravelers.com,4,0,3,1
thecomputerbasics.com,4,0,2,1
thedigitalboy.com,4,0,1,1
thedigitalmosaic.com,4,0,18,1
thefulcrum.dev,4,0,8,1
thejam.dev,4,0,1,1
thelastemail.com,4,0,1,1
themarketer.info,4,0,3,1
themingwork.netlify.app,4,0,3,1
themorninghub.com,4,0,1,1
thenerdstack.com,4,0,2,1
therabbiwhogotrichonsunday.com,4,0,1,1
thercc.com.au,4,0,6,1
thetoolreport.com,4,0,111,1
theukea.com,4,0,18,1
thewearify.com,4,0,3,1
thinkingaboutliving.com,4,0,1,1
throwingsnowballs.nl,4,0,5,1
tiga.digital,4,0,2,1
time.com.ng,4,0,160,1
time.i.ng,4,0,80,1
tipsbilk.net,4,0,17,1
tits2.top,4,0,2,1
tits4.top,4,0,1,1
tiyicn.workers.dev,4,0,18,1
todaymyindia.com,4,0,1,1
tokonoma-sydney.com,4,0,3,1
toolkitforelementor.com,4,0,2,1
topnotchinv.com,4,0,1,1
tourismart.gr,4,0,1,1
tourismusnews.com,4,0,2,1
toushi-gamble-ranking.com,4,0,332,1
tradingquant.com.br,4,0,3,1
trailmixcreative.com,4,0,1,1
trampweb.it,4,0,3,1
travelin-maldives.com,4,0,1,1
trevorwinchell.com,4,0,3,1
tripta.social,4,0,1,1
trustdom.com,4,0,4,1
tub4us.top,4,0,6,1
turbofish.hatenablog.com,4,0,1,1
turnonweb.com,4,0,1,1
tute.io,4,0,7,1
twine-dfc2cc.webflow.io,4,0,3,1
typeerror.org,4,0,2,1
unatype.com,4,0,1,1
unikmultimedia.com,4,0,114,1
unrivaled.ca,4,0,1,1
updatejakarta.com,4,0,9,1
upgradeyourphp.com,4,0,1,1
upln.fr,4,0,3,1
ural-polymer.ru,4,0,1,1
urlsinfo.com,4,0,2,1
usersuper.ru,4,0,2,1
usmanjatoi.com,4,0,6,1
ustechportal.com,4,0,2,1
utterimperfection.wordpress.com,4,0,1,1
vadivudaiamman.org,4,0,3,1
valtrex10.com,4,0,6,1
vamoswebdesign.co.uk,4,0,1,1
vantagepartners.net,4,0,36,1
vastkustensbf.se,4,0,6,1
vcore.au,4,0,2,1
vectorweb.co.uk,4,0,2,1
veritern.com,4,0,1,1
victorags.com,4,0,1,1
vidus6.com,4,0,27,1
vincentgoh.com,4,0,3,1
visitfortunecity.com,4,0,12,1
votreguide.fr,4,0,1,1
voxdigital.ro,4,0,3,1
vp3.ca,4,0,6,1
vqubetech.com,4,0,1,1
vsitestatus.com,4,0,3,1
w3tutorials.net,4,0,3,1
walletmanual.com,4,0,1,1
wallofmonitors.com,4,0,1,1
wallstore.se,4,0,2,1
wallyvianna3.wordpress.com,4,0,3,1
waratahfibres.com.au,4,0,6,1
warotaw.com,4,0,2,1
wasteyouthgems.com,4,0,1,1
waternowalliance.org,4,0,30,1
waywiser.life,4,0,738,1
wcikorea.co.kr,4,0,1,1
web-dev-qa-db-ja.com,4,0,1,1
webalts.com,4,0,30,1
webanditnews.com,4,0,2,1
webbedmarketing.com,4,0,6,1
webbys.pages.dev,4,0,10,1
webcivics.org,4,0,1,1
webcrazies.com,4,0,2,1
webdaksh.com,4,0,5,1
webdesigntrainer.com,4,0,2,1
webdevdigest.com,4,0,4,1
webfield.agency,4,0,1,1
webgoz.com,4,0,5,1
webhostingtoplist.com,4,0,20,1
webhostwinner.com,4,0,4,1
weblaunchchecklist.com,4,0,1,1
weblinks.rs,4,0,1,1
webmasterautop.com,4,0,1,1
webnetworktech.com,4,0,2,1
webnuz.com,4,0,43,1
weboobiz.com,4,0,4,1
webpagescientist.com,4,0,1,1
webranksdirectory.com,4,0,3,1
website-design-agency.ai,4,0,1,1
websitedesigner.business,4,0,2,1
websitesdesigns.nl,4,0,8,1
websitesuccessacademy.com,4,0,2,1
websitesynergy.com,4,0,2,1
websiteworth.info,4,0,1,1
webtechnologies.netlify.app,4,0,3,1
webwhim.co.uk,4,0,2,1
weekvanduurzaamheid.nl,4,0,14,1
weig-bft.com,4,0,4,1
wesleysmits.com,4,0,1,1
whennotesfly.com,4,0,2,1
whereinoslo.com,4,0,1,1
whitecloudfarm.org,4,0,1,1
whitesalmonwebdesign.com,4,0,2,1
whoknew.io,4,0,1,1
wielen-bandenhuis.nl,4,0,6,1
wigoal.com,4,0,32,1
windsorbrokers.com.bz,4,0,441,1
winhotel.at,4,0,1,1
winstonwolfsolutions.com,4,0,1,1
wohok-solutions.com,4,0,18,1
wolfgangherfurtner.com,4,0,4,1
woodywoodweb.com,4,0,1,1
wordpressowka.pl,4,0,3,1
wordpresssupport.org,4,0,1,1
wordsearchmaker.net,4,0,3,1
workerrenter.pro,4,0,1,1
workingmomspiration.com,4,0,2,1
worldintrend.com,4,0,1,1
worldofwp.com,4,0,77,1
worldpresscartoon.net,4,0,1,1
wowlinks.site,4,0,3,1
wp-apidae.io,4,0,2,1
wp-deals.com,4,0,2,1
wp-graphql-gutenberg.netlify.app,4,0,1,1
wp-plugins-directory.com,4,0,13,1
wp-polylai.com,4,0,1,1
wp-wolfs.com,4,0,1,1
wp.co.ke,4,0,3,1
wpaiwriter.com,4,0,2,1
wparchives.com,4,0,2,1
wpbloggertips.com,4,0,1,1
wpbuzz.com,4,0,1,1
wpcacheon.io,4,0,1,1
wpfame.com,4,0,1,1
wpfixall.com,4,0,23629,1
wpforgood.com,4,0,17,1
wpfreelance.berlin,4,0,5,1
wpgang.codes,4,0,7,1
wpgeared.com,4,0,2,1
wplister.com,4,0,27,1
wpmarks.com,4,0,2,1
wpnostress.com,4,0,1,1
wpnotch.com,4,0,2,1
wpradar.com,4,0,3,1
wpseats.io,4,0,1,1
wpspeedexpert.com,4,0,35,1
wptegal.com,4,0,1,1
wpthemedetector.co,4,0,3,1
wptopics.com,4,0,35,1
wsicybersmart.com,4,0,4,1
xampp.netlify.app,4,0,3,1
xeara.com,4,0,1,1
xirmo.com,4,0,1,1
xquissive.com,4,0,1,1
xtrhorsepower.com,4,0,4,1
xujun.org,4,0,1,1
xx.kg,4,0,1,1
yardhero.ca,4,0,54,1
yellotab.se,4,0,3,1
yelpad.com,4,0,8,1
yexhub.com,4,0,6,1
yezdrive.net,4,0,1,1
yjmusic.co.kr,4,0,1,1
ylutag.com,4,0,7,1
yongnam.com.sg,4,0,1,1
you-tube.top,4,0,1,1
yourotherbrothers.com,4,0,2,1
yourwebteam.io,4,0,1,1
ypddf.org,4,0,2,1
yuppup.shop,4,0,27,1
zachsthoughts.com,4,0,1,1
zakirahmadshah.com,4,0,1,1
zapresume.io,4,0,1,1
zellor.com,4,0,2,1
zemtrix.com,4,0,2,1
zerozr99.workers.dev,4,0,24,1
ziptet.com,4,0,1,1
zipzyx.com,4,0,12,1
zlio.net,4,0,1,1
zlutag.com,4,0,4,1
zomatt.com,4,0,8,1
zoo4.top,4,0,1,1
zopply.com,4,0,1,1
zorinroman.ru,4,0,1,1
zvirec.com,4,0,1,1
zycloud.tk,4,0,21,1
zzoman.com,4,0,2,1
домен.срб,4,0,1,1
чп.укр,4,0,1,1
1stcallglasscare.com,3,0,8,1
208-digital.de,3,0,2,1
3akhtemon.com,3,0,1,1
3vision-group.com,3,0,1,1
832008.xyz,3,0,10,1
a-reserva.org,3,0,1,1
acceleratio.net,3,0,120,1
accentio.com,3,0,2,1
accessconsciousness.ladesk.com,3,0,1,1
actusenews.com,3,0,2,1
actvolunteercenter.org,3,0,18,1
ad-dictions.co.za,3,0,10,1
adamadovestidopreto.com,3,0,3,1
adamdekroon.com,3,0,3,1
adammannauthor.com,3,0,4,1
adamnuckelssound.com,3,0,4,1
adams-jamesauthors.com,3,0,3,1
adamshamsudeen.com,3,0,4,1
adamweitzman.com,3,0,1,1
adannasteinacker.com,3,0,3,1
adilshehzad.com,3,0,1,1
admodito.com,3,0,1,1
adoptics.com,3,0,1,1
adrianvideoimage.blogspot.com,3,0,1,1
adsandventures.com,3,0,1,1
adsl-france.org,3,0,4,1
advantagedental.com.au,3,0,1,1
aeslatam.org,3,0,24,1
affiliateshaven.com,3,0,2,1
affiliatestrat.com,3,0,2,1
affiliatesuccesses.com,3,0,1,1
agence-tellit.com,3,0,2,1
agentviewdigital.com,3,0,1,1
aigosearch.com,3,0,10,1
air-max-2015.net,3,0,3,1
aisforaffiliate.com,3,0,4,1
aizack.net,3,0,1,1
alexandermichaelson.com,3,0,6,1
alexbarker.co,3,0,18,1
alexoloughlin.org,3,0,3,1
allshorevirtualstaffing.com,3,0,1,1
alphatechfinance.com,3,0,1,1
altemusikseoul.com,3,0,18,1
alternativein.com,3,0,4,1
am2studio.com,3,0,1,1
ambulance-bethelem.com,3,0,2,1
ancastercrc.org,3,0,6,1
andersenalumni.us,3,0,1,1
ani4.top,3,0,1,1
anomaly-seo-westwood.online,3,0,8,1
antiviruse-shop.ru,3,0,2,1
anydomains.uk,3,0,2456,1
apecsolutions.com,3,0,1,1
appledew.co.uk,3,0,2,1
applyleads.com,3,0,2,1
arashjavadi.com,3,0,4,1
archworks.co,3,0,2,1
armenia24.live,3,0,6,1
art-ur.net,3,0,1,1
artcreavie.fr,3,0,2,1
arthurkaplan.co.za,3,0,183,1
articulosweb.net,3,0,1,1
artikinfotech.com,3,0,1,1
artistsunderthesun.co.za,3,0,1,1
artsianspa.com,3,0,2,1
asaradco.com,3,0,4,1
asavvyweb.com,3,0,1,1
asharirfan.com,3,0,1,1
asimebrahimi.com,3,0,24,1
asorange.fr,3,0,4,1
associazioneagricoltorivalleverzasca.ch,3,0,2,1
astrawaveseo.com,3,0,60,1
atan.kg,3,0,6,1
athanasiadis.me,3,0,1,1
atomiccdrom.com,3,0,5,1
atomicpx.com,3,0,1,1
atoz.pw,3,0,3,1
attorneyastor.com,3,0,222,1
authorityroadmap.com,3,0,2,1
authorpreneurblueprint.com,3,0,1,1
awacycle.com,3,0,3,1
azithromycina.net,3,0,1,1
babymonitor101.com,3,0,2,1
backlink.asia,3,0,2,1
backlink.business,3,0,3,1
backlink.solutions,3,0,2,1
backlinks.click,3,0,2,1
backlinks.cyou,3,0,2,1
backlinks.sbs,3,0,4,1
bakbak.in,3,0,3,1
bandssteel.co.uk,3,0,225,1
baro79.com,3,0,1,1
bc-cn.net,3,0,1,1
beardesign.me,3,0,2,1
bekahgiaco.com,3,0,4,1
bencent.cc,3,0,44,1
benchmarkedm.cn,3,0,1,1
bencurtisentertainment.com,3,0,3,1
beragampengetahuan.com,3,0,2,1
beritapagi.id,3,0,1,1
besafe.in,3,0,3,1
bestcalendarprintable.com,3,0,1,1
bestiptvinfoguide.com,3,0,1,1
bestlinehosting.com,3,0,37,1
bestweddingdirectory.com,3,0,3,1
bgonlinekazino.com,3,0,3,1
binghamtonherald.com,3,0,1,1
bingonearme.net,3,0,2,1
biotechimplant.ru,3,0,4,1
bizknowindia.in,3,0,1,1
biztaskplus.com,3,0,1,1
bloggingask.com,3,0,1,1
blogospedia.com,3,0,1,1
blogtweaks.com,3,0,1,1
blogueiroconvidado.com,3,0,2,1
bloomreach.fr,3,0,6,1
bluesix.com.au,3,0,1,1
bmmetal.co.kr,3,0,6,1
bolchhanepal.com,3,0,1,1
boldplayers.com,3,0,4,1
booksofall.com,3,0,26,1
boostplanner.com,3,0,1,1
brain-start.tech,3,0,3,1
brasa.art.br,3,0,1,1
brianmanon.com,3,0,2,1
brightleaf.giving,3,0,2,1
broadchannel.org,3,0,2,1
brussels-sothebysrealty.com,3,0,5,1
bsal.com.np,3,0,4,1
buddydevelopers.com,3,0,5,1
buildingbettersoftware.io,3,0,1,1
businessbrokersrated.com,3,0,1,1
businesstoolvault.com,3,0,1,1
businesswebstrategies.com,3,0,1,1
buzzymoment.com,3,0,2,1
cadredevie-veyrieres.org,3,0,1,1
cafezog.com,3,0,20,1
campings-insolites.fr,3,0,6,1
candescentgroup.com,3,0,1,1
candidcollective.com,3,0,1,1
candidcreative.ca,3,0,2,1
cantabile-studio.com,3,0,1,1
capetownthing.co.za,3,0,1,1
carolsegura.com,3,0,1,1
caseyrb.com,3,0,2,1
cchdailynews.com,3,0,2,1
changdaegagu.com,3,0,9,1
chereeschaller.my.id,3,0,1,1
cheremushkin.me,3,0,2,1
chichue.com,3,0,1,1
ciaonihon.com,3,0,1,1
cirruslab.com,3,0,1,1
clienvy.io,3,0,3,1
cloakwire.com,3,0,12,1
cloudprwire.us,3,0,1,1
cm-en-transition.fr,3,0,4,1
cntofu.com,3,0,2,1
codedsignal.com,3,0,2,1
codflux.com,3,0,1,1
colorsignal.co,3,0,1,1
computery.de,3,0,1,1
comsapik.fr,3,0,1,1
constitutiondecave.com,3,0,2,1
consultingbootcamp.co,3,0,2,1
consultorseo.us,3,0,2,1
contactoproyectos.com,3,0,3,1
coolgales.com,3,0,120,1
corujasabia.com,3,0,150,1
cosicova.org,3,0,4,1
cosmo-edge.com,3,0,1,1
covax.ru,3,0,1,1
covid19jobs.io,3,0,3,1
coweso.com,3,0,1,1
cricketinfo.co.in,3,0,2,1
crossway-church.com,3,0,2,1
cryptoinsight.ae,3,0,1,1
css-maintenables.fr,3,0,2,1
ctbuh.net,3,0,3,1
cyberdailyreport.com,3,0,2,1
cybertechwebdesign.com,3,0,1,1
daewonfg.com,3,0,63,1
daisye.pages.dev,3,0,21,1
danielmashkov.com,3,0,2,1
daolink.mom,3,0,32,1
dcwponlinedeals.com,3,0,1,1
deepcapturethemovie.com,3,0,17,1
deepspring.org,3,0,6,1
defense.ai,3,0,6,1
demolinksphp8.com,3,0,1,1
designatude.com,3,0,1,1
designerkreis.de,3,0,2,1
designeverything.xyz,3,0,1,1
designxplorer.co,3,0,3,1
devonadoption.org.uk,3,0,6,1
dgvill.com,3,0,5,1
digigenhub.com,3,0,2,1
digital360.biz,3,0,6,1
digitalmatters.me,3,0,4,1
digitalsearchhero.com,3,0,1,1
digitaltrek.ca,3,0,1,1
dipoutsourcewebdesign.com,3,0,2,1
disabilitiesinmedia.com,3,0,1,1
disciplines.ng,3,0,1,1
distritobeta.com,3,0,1,1
divbracket.com,3,0,42211,1
dmol.dk,3,0,18,1
dmtbeautyspot.com,3,0,3,1
dobrapozycja.pl,3,0,1,1
dodwellsolutions.com,3,0,1,1
doindigital.com,3,0,6,1
domainrapor.com,3,0,1,1
doohyoung.com,3,0,27,1
downstairspeople.org,3,0,39,1
driversclubonline.co.uk,3,0,2,1
drivingtesthelp.ca,3,0,2,1
ds.notaires.fr,3,0,1,1
dwaynegravesonline.com,3,0,1,1
easyaspiedesign.com,3,0,5,1
easyphpwebsites.com,3,0,3,1
echopointglobal.com,3,0,1,1
educatedemonstratesell.com,3,0,1,1
efco.com.tw,3,0,3,1
effectsteak33.pythonanywhere.com,3,0,1,1
elblogderobertocuadros.blogspot.com,3,0,2,1
eldizque.com,3,0,3825,1
ellenblogs.com,3,0,1,1
elmundodeals.com,3,0,4,1
emailsearch.webflow.io,3,0,1,1
emeraldpenguin.com,3,0,2,1
emoryeve.my.id,3,0,1,1
enoumen.com,3,0,48,1
enszfarms.org,3,0,2,1
eondimeserver.co.uk,3,0,1,1
ergocreative.agency,3,0,1,1
esad.edu.br,3,0,3192,1
estelarueda.com,3,0,15,1
eturkey.net,3,0,3,1
eulisesavila.com,3,0,82,1
everydaynext.com,3,0,2,1
example.no,3,0,1,1
exampledirectory.com,3,0,1,1
extraordinaryinfo.com,3,0,5,1
f1tym1.com,3,0,9,1
fabbrica42.it,3,0,5,1
falconstack.com,3,0,4,1
fastcredit24.com,3,0,1,1
fatihnayebi.com,3,0,30,1
faultbook.com,3,0,6,1
fazal.site,3,0,1,1
felipevelzani.com,3,0,7,1
figma2wp.com,3,0,1268,1
filememo.info,3,0,333,1
find-your-support.com,3,0,115,1
findhost.me,3,0,15,1
findingfinish5.pythonanywhere.com,3,0,2,1
findsupportinfo.com,3,0,115,1
fishreward32.pythonanywhere.com,3,0,9,1
fishsupplyguide.com,3,0,1,1
fittestoftheupstate.com,3,0,6,1
fixingbee.com,3,0,1,1
fixitphill.com,3,0,4,1
flexwebdev.co.uk,3,0,1,1
florence-chatelot.fr,3,0,1,1
flowactivo.org,3,0,2,1
flutterworks.com,3,0,2,1
foggydewpub.com,3,0,1,1
foodtrekker.com,3,0,2,1
fortressdb.com,3,0,2,1
frangodofred.com.br,3,0,1,1
freepoc.de,3,0,2,1
frontersupport.com,3,0,3,1
fullstackfeed.com,3,0,10,1
furlanirealestate.com,3,0,3,1
fusioncreations.co.uk,3,0,4,1
galaxynote-2.com,3,0,3,1
gardenoid.com,3,0,1,1
garv.de,3,0,1,1
geezertek.us,3,0,1,1
george75.gitlab.io,3,0,4,1
gestaltraeume.de,3,0,1,1
giantplusmw.com,3,0,60,1
gifts.com.au,3,0,423,1
gitftp-deploy.com,3,0,1,1
gitmemories.com,3,0,16,1
glasp.ai,3,0,1,1
glittertextlive.com,3,0,2,1
global-websites.pages.dev,3,0,2,1
globallinkmedia.com,3,0,1,1
globalresearchsyndicate.com,3,0,1,1
globalsystemsshop.com,3,0,2,1
glspodcast.com,3,0,1,1
gomakebig.com,3,0,1,1
gomiamiseocompany.com,3,0,1,1
googlexy.com,3,0,1,1
govoov.com,3,0,2,1
gpr.co.il,3,0,1,1
gratislibrary.com,3,0,1,1
greatbiglake.com,3,0,1,1
greatsenioryears.com,3,0,1,1
greatsonmedia.com,3,0,1,1
groundedgroup.com,3,0,2,1
growdirectbookings.com,3,0,1,1
growthinvests.com,3,0,2,1
gsnawards.com,3,0,2,1
gtmetrix.nl,3,0,50,1
gusaicenter.com,3,0,1,1
gusaihussain.com,3,0,1,1
gylab.com,3,0,27,1
haah.kr,3,0,14,1
hanabath.com,3,0,12,1
handte.de,3,0,2,1
hanjindnb.com,3,0,9,1
hbk7.co.kr,3,0,7,1
healthroutedaily.co,3,0,44,1
heavyeyes.net,3,0,1,1
hellomasum.com,3,0,1,1
heyheathercampbell.com,3,0,2,1
hfwljyjg.com,3,0,2,1
hiel.co.kr,3,0,12,1
hiretutoronline.com,3,0,1,1
hirstandhirst.co.uk,3,0,1,1
holons-news.com,3,0,1,1
homesteadathamilton.com,3,0,33,1
homeupgradepros.com,3,0,2,1
hormigoneracavalsa.com.ar,3,0,1,1
hosting.estate,3,0,5,1
hostnats.com,3,0,30,1
how2.work,3,0,1,1
hrichnetworks.com,3,0,1,1
humansinspace.org,3,0,5,1
hypervac.co.kr,3,0,6,1
ibite.be,3,0,6,1
idaliadilillo.my.id,3,0,1,1
ideasinsider.com,3,0,1,1
ignacionavarroh.com,3,0,1,1
igorshevchenko.ru,3,0,4,1
illuminati.mp,3,0,3,1
impacto.net.pe,3,0,2,1
imre.education,3,0,2,1
inflexionanalytics.com,3,0,4,1
infodots.in,3,0,1,1
infos-techno.com,3,0,1,1
ingersollwp.com,3,0,4,1
inisystems.ru,3,0,2,1
injected.website,3,0,1,1
innerpathfamilycounseling.com,3,0,2,1
innolope.com,3,0,5,1
insiktsmagasinet.se,3,0,1,1
intensity.one,3,0,2,1
internationalmalayaly.com,3,0,1,1
invest-hub.com,3,0,2,1
inwebmastro.com,3,0,2,1
iranwebsazan.org,3,0,29,1
isoc-aragon.org,3,0,2,1
itbecomesyou.com,3,0,6,1
itqna.net,3,0,20,1
iwebcrafter.com,3,0,1,1
jameslee.my,3,0,2,1
jasonmoss.org,3,0,1,1
javier-ceballos-jimenez.info,3,0,6,1
javiersam.uy,3,0,2,1
jedgar.co,3,0,34,1
jeffcoocctax.com,3,0,12,1
jenoir.com,3,0,1,1
jeremylais.my.id,3,0,1,1
jeremyrossmiller.com,3,0,1,1
jessemacdonaldmade.com,3,0,1,1
jimgaliano.com,3,0,1,1
jmbic.or.kr,3,0,1,1
jmedia.wiki,3,0,12,1
jmsport.co.kr,3,0,24,1
jmtstory.com,3,0,11,1
jnjbat.com,3,0,7,1
jonnywp.com,3,0,1,1
journalatelier.net,3,0,1,1
jpatrickfulton.dev,3,0,1,1
jsjazzyboutique.com,3,0,1,1
juniorbarringer.my.id,3,0,1,1
jyothisjoy.com,3,0,2,1
jyproto.co.kr,3,0,1,1
kaitphotography.com.au,3,0,687,1
kapti.or.kr,3,0,2,1
karendyer.net,3,0,1,1
karenkleinman.net,3,0,1,1
keelernadler.com,3,0,9,1
keletdent.hu,3,0,7,1
kenzorun.com,3,0,16,1
kickstartremote.com,3,0,2,1
kittenkamala.com,3,0,6,1
knowworld365.com,3,0,6,1
kocermedia.com,3,0,1,1
koeln-sued-offen.de,3,0,1,1
kompsekret.ru,3,0,1,1
koreabearingcompany.com,3,0,1,1
krugermagazine.com,3,0,6,1
kucancer.org,3,0,21,1
kylevandeusen.com,3,0,2,1
laarborcare.com,3,0,6,1
lagnalu.com,3,0,1,1
landandleasesouthwest.com.au,3,0,3,1
lapano.com,3,0,1,1
lavie-ephrat.co.il,3,0,3,1
le-webmarketing.net,3,0,4,1
leadsqueezers.io,3,0,1,1
leadwd.com,3,0,1,1
leansearch.mu,3,0,3,1
lebazzar-demadous.site,3,0,1,1
leontinetoppi.my.id,3,0,1,1
lfr-asia.com,3,0,3,1
libertyautoloan.com,3,0,3,1
libertypensions.com,3,0,2,1
lidiaalinaartstuff.blogspot.com,3,0,8,1
liftbodyfocus.vip,3,0,36,1
lineaceramicasrl.com,3,0,1,1
link-your.site,3,0,7,1
linkkicks.blogspot.com,3,0,1,1
linkus.in,3,0,2,1
lir.im,3,0,39,1
liveseo.com,3,0,9,1
livewebsites.net,3,0,2,1
livois.com,3,0,1,1
lixwe.com,3,0,1,1
llja.org,3,0,2,1
localhosts.ru,3,0,4,1
localseoresources.com,3,0,6,1
logicblog.info,3,0,20,1
loginmanual.com,3,0,86,1
lonestarcontentmarketing.com,3,0,1,1
lrecycles.org,3,0,6,1
luminosagency.com,3,0,1,1
madeatdawn.com,3,0,1,1
magicoders.com,3,0,1,1
mamboserver.link,3,0,1,1
managerwopalach.pl,3,0,2,1
maniainc.com,3,0,3,1
marinemanagement.org,3,0,2,1
marketingexperts.click,3,0,23,1
marketingimpactonline.com,3,0,2,1
marketingneversleeps.io,3,0,2,1
marketsignalreports.com,3,0,1,1
marketyourbiz.agency,3,0,3,1
masonbeshear.my.id,3,0,1,1
master-diseño.com,3,0,2,1
matthughesphoto.com,3,0,651,1
maxijournal.com,3,0,1,1
mayagrafix.com,3,0,1,1
mazech.com,3,0,1,1
mbxzb.com,3,0,2,1
mebenedetto.com,3,0,3,1
melismadigital.com,3,0,1,1
menshairstylesx.com,3,0,1,1
merientinfotech.com,3,0,1,1
meroveerecords.com,3,0,2,1
metrocityindiamagazine.com,3,0,1,1
midnight480.com,3,0,1,1
million.pro,3,0,2,1
mnrdsgn.com,3,0,2,1
momsall.com,3,0,1,1
monyomonyo.net,3,0,5,1
moosk.co,3,0,1,1
mostlyteches.com,3,0,1,1
motionsickness.net,3,0,2,1
motorclickweb.com,3,0,1,1
movietimescinema.blogspot.com,3,0,1,1
mrbdev.com,3,0,1,1
mwasecs.org,3,0,2,1
mydefensiblespace.net,3,0,1,1
mymoneymentorplus.com,3,0,1,1
mynextadvice.com.au,3,0,156,1
mypodcastdata.com,3,0,42,1
mythoughtpartner.com,3,0,7,1
naiad.pages.dev,3,0,3,1
neihedaren.com,3,0,1,1
neilsonmarketing.org,3,0,1,1
neko-neko.sg,3,0,1388,1
neoshare.net,3,0,1,1
nerdynonprofit.com,3,0,2,1
nettools.guru,3,0,1,1
new.net.in,3,0,3,1
newnanotech.uk,3,0,2,1
newscenter24.com,3,0,1,1
nfluxdigital.com,3,0,1,1
