Keyword,Intents,Volume,Keyword Difficulty,CPC,Competition Density,kloudbean.com,wpvip.com,kloudbean.com (pages),wpvip.com (pages),Results
cipher decoder,Commercial,9900,62,0.00,0.33,16,0,https://www.kloudbean.com/caesar-cipher-encoder-decoder/,,117
wordpress.com,Navigational,9900,97,3.38,0.43,0,39,,https://wpvip.com/,0
hex to ascii,Informational,6600,24,0.00,0.33,11,0,https://www.kloudbean.com/hex-to-ascii-converter/,,99
caesar cryptography decoder,Informational,5400,58,0.00,0.33,16,0,https://www.kloudbean.com/caesar-cipher-encoder-decoder/,,119
caesar shift decrypter,"Commercial, Informational",5400,48,0.00,0.33,26,0,https://www.kloudbean.com/caesar-cipher-encoder-decoder/,,121
cesarean cipher decoder,Informational,5400,47,0.00,0.33,19,0,https://www.kloudbean.com/caesar-cipher-encoder-decoder/,,121
error establishing a database connection,Informational,5400,31,0.53,0.07,20,0,https://www.kloudbean.com/how-to-resolve-the-error-establishing-a-database-connection-issue-in-wordpress-with-kloudbean-hosting/,,37
parsely,Navigational,4400,54,0.93,0.48,0,7,,https://docs.wpvip.com/parse-ly/parsely-features/,112
shift cipher decoder,Informational,4400,36,0.00,0.33,22,0,https://www.kloudbean.com/caesar-cipher-encoder-decoder/,,116
505 error,Informational,3600,17,0.00,0.33,16,0,https://www.kloudbean.com/how-to-fix-error-505/,,108
americaneagle.com,Navigational,3600,60,0.37,1.00,0,29,,https://wpvip.com/partners/service-partners/americaneagle-com/,29000000
ciphertext decoder,Commercial,3600,65,0.00,0.33,8,0,https://www.kloudbean.com/caesar-cipher-encoder-decoder/,,122
vipplugin,Informational,3600,28,0.00,0.33,0,8,,https://docs.wpvip.com/vip-go-mu-plugins/,67
website migration,Informational,3600,41,13.11,0.12,0,8,,https://wpvip.com/glossary/website-migration/,109
413 error,Informational,2900,26,0.00,0.33,50,0,https://www.kloudbean.com/how-to-fix-the-413-request-entity-too-large-error-in-wordpress-the-7-easiest-ways/,,114
regex generator,Informational,2900,46,8.96,0.01,46,0,https://www.kloudbean.com/regex-pattern-generator/,,115
192.168.1.256,Commercial,2400,14,0.00,0.33,28,0,https://www.kloudbean.com/regex-for-ip-address-validation/,,3840
caesar cipher encoder,"Commercial, Informational",2400,59,0.00,0.33,16,0,https://www.kloudbean.com/caesar-cipher-encoder-decoder/,,117
certificate decoder,"Commercial, Informational",2400,31,8.62,0.03,30,0,https://www.kloudbean.com/ssl-certificate-decoder/,,92
cloudconvert svg to png,Transactional,2400,58,0.00,0.33,36,0,https://www.kloudbean.com/svg-to-png-converter/,,95
css grid generator,Informational,2400,35,6.66,0.33,13,0,https://www.kloudbean.com/css-grid-generator/,,104
decryption,Informational,2400,30,3.53,0.33,18,0,https://www.kloudbean.com/encryption-decryption-tool/,,135
json to json schema,Informational,2400,40,4.69,0.33,17,0,https://www.kloudbean.com/json-schema-generator/,,83
regex creator,Commercial,2400,47,8.96,0.01,47,0,https://www.kloudbean.com/regex-pattern-generator/,,96
rgb color in hex,"Informational, Transactional",2400,71,3.46,0.01,45,0,https://www.kloudbean.com/rgb-to-hex-converter/,,111
splash screen,Informational,2400,37,2.08,0.01,30,0,https://www.kloudbean.com/splash-screen-generator/,,133
upcloud,"Informational, Transactional",2400,47,6.99,0.37,32,0,https://www.kloudbean.com/upcloud-managed-cloud-hosting/,,105
wordpress 6.7 release news,Informational,2400,28,0.00,0.00,0,8,,https://wpvip.com/blog/wordpress-6-7/,129
caesar cipher translator,Informational,1900,34,0.00,0.33,14,0,https://www.kloudbean.com/caesar-cipher-encoder-decoder/,,109
caesar cypher decoder,Commercial,1900,62,0.00,0.33,19,0,https://www.kloudbean.com/caesar-cipher-encoder-decoder/,,117
enterprise hub,"Informational, Navigational",1900,28,10.43,0.01,0,19,,https://wpvip.com/resource/enterprise-content-hub/,0
error 413,Informational,1900,26,0.00,0.33,47,0,https://www.kloudbean.com/how-to-fix-the-413-request-entity-too-large-error-in-wordpress-the-7-easiest-ways/,,118
generate css grid,Commercial,1900,42,6.66,0.33,20,0,https://www.kloudbean.com/css-grid-generator/,,111
hexadecimal to ascii,Informational,1900,32,0.00,0.33,11,0,https://www.kloudbean.com/hex-to-ascii-converter/,,106
jodi swift salesforce admin group,Informational,1900,18,0.00,0.00,0,94,,https://wpvip.com/,76800
log format,Informational,1900,30,3.01,0.33,64,0,https://www.kloudbean.com/log-format-standardizer/,,152
maintenance plugin config,Informational,1900,16,0.00,0.00,0,35,,https://docs.wpvip.com/plugins/automattic-plugins/maintenance-mode/,105
network calculator,Informational,1900,67,2.66,0.01,15,0,https://www.kloudbean.com/network-subnet-calculator/,,19
wordpress robots.txt,Informational,1900,38,2.53,0.33,0,1,,https://docs.wpvip.com/security-controls/robots-txt/,102
wordpress updates,Informational,1900,48,4.87,0.10,0,32,,https://docs.wpvip.com/wordpress-on-vip/wordpress-upgrades/,104
2fa vip,Navigational,1600,32,3.61,0.03,0,6,,https://docs.wpvip.com/security-controls/wordpress/enforce-2fa/,0
538 election,Informational,1600,63,0.00,0.00,0,30,,https://wpvip.com/case-studies/fivethirtyeight-election-night/,5550000
caesar cipher solver,Informational,1600,44,0.00,0.33,23,0,https://www.kloudbean.com/caesar-cipher-encoder-decoder/,,117
cipher shift decoder,Informational,1600,35,0.00,0.33,23,0,https://www.kloudbean.com/caesar-cipher-encoder-decoder/,,183
cloudconvert gif to mp4,"Navigational, Transactional",1600,75,0.00,0.33,31,0,https://www.kloudbean.com/gif-to-mp4-converter/,,89
content-security-policy,Informational,1600,71,5.96,0.08,0,27,,https://wpvip.com/blog/content-security-policy-guide/,132
error establishing a database connection wordpress,Informational,1600,25,0.00,0.00,40,0,https://www.kloudbean.com/how-to-resolve-the-error-establishing-a-database-connection-issue-in-wordpress-with-kloudbean-hosting/,,124
hercampus.com,Navigational,1600,52,0.00,0.33,0,28,,https://wpvip.com/case-studies/her-campus-media/,1640000
hex to rgba,Informational,1600,61,5.61,0.01,26,0,https://www.kloudbean.com/hex-to-rgb-rgba-converter/,,89
https://wordpress.com,Navigational,1600,100,3.05,0.41,0,27,,https://wpvip.com/,526000000
memcache memcached,Informational,1600,48,9.22,0.02,0,15,,https://wpvip.com/blog/switching-from-memcache-to-memcached-extension/,103
rate limit test,Informational,1600,30,5.07,0.38,69,0,https://www.kloudbean.com/api-rate-limiting-calculator/,,129
upcloud cloud,"Informational, Transactional",1600,26,6.99,0.37,23,0,https://www.kloudbean.com/upcloud-managed-cloud-hosting/,,106
wpweb,Commercial,1600,15,5.79,0.01,0,52,,https://wpvip.com/,139
.vip domain,Commercial,1300,18,4.47,0.20,0,8,,https://docs.wpvip.com/domains/primary-domain/,91
code of emoji,Informational,1300,80,0.00,0.33,42,0,https://www.kloudbean.com/emoji-picker-with-html-codes/,,125
enterprise cms,Informational,1300,39,20.51,0.12,0,27,,https://wpvip.com/blog/enterprise-cms/,92
flexbox generator,Commercial,1300,41,1.22,0.03,9,0,https://www.kloudbean.com/flexbox-generator/,,83
hex to ascii converter,Informational,1300,29,11.73,0.01,12,0,https://www.kloudbean.com/hex-to-ascii-converter/,,102
online decrypter,Informational,1300,60,2.74,0.03,35,0,https://www.kloudbean.com/encryption-decryption-tool/,,105
openwebui.,Informational,1300,44,6.46,0.02,34,0,https://support.kloudbean.com/docs/ai-tools/openwebui/,,126
r g b to hex,Informational,1300,34,3.46,0.01,36,0,https://www.kloudbean.com/rgb-to-hex-converter/,,97
rbg to hex,Informational,1300,42,3.46,0.01,36,0,https://www.kloudbean.com/rgb-to-hex-converter/,,93
sailthru,Navigational,1300,33,11.27,0.06,0,13,,https://wpvip.com/partner/sailthru/,103
ssl decoder,"Commercial, Informational",1300,32,10.34,0.04,30,0,https://www.kloudbean.com/ssl-certificate-decoder/,,93
uixpress,Navigational,1300,9,0.00,0.33,0,37,,https://wpvip.com/,133
wordpress 6.7 release candidate news,Informational,1300,27,0.00,0.00,0,15,,https://wpvip.com/blog/wordpress-6-7/,106
wordpress multisite,Informational,1300,45,19.07,0.30,0,8,,https://wpvip.com/blog/wordpress-multisite/,104
wordpress robots txt,Informational,1300,38,1.11,0.33,0,1,,https://docs.wpvip.com/security-controls/robots-txt/,1460000
americaneagle.com inc,Navigational,1000,52,2.49,0.05,0,18,,https://wpvip.com/partners/service-partners/americaneagle-com/,169
caesar code translator,Informational,1000,43,0.00,0.33,22,0,https://www.kloudbean.com/caesar-cipher-encoder-decoder/,,105
current wordpress version,Informational,1000,42,8.31,0.03,0,8,,https://docs.wpvip.com/wordpress-on-vip/wordpress-upgrades/,103
cve 2025-55183,Informational,1000,38,0.00,0.33,0,72,,https://customerhub.wpvip.com/lobby/2025/12/11/security-update-additional-next-js-react-server-components-vulnerabilities-cve-2025-55183-cve-2025-55184-cve-2025-67779/,135
determine statistical significance calculator,Informational,1000,37,3.81,0.02,50,0,https://www.kloudbean.com/statistical-significance-calculator/,,109
google cloud hosting,Informational,1000,67,17.24,0.17,31,0,https://www.kloudbean.com/google-managed-cloud-hosting/,,133
html table generator,Commercial,1000,37,4.99,0.03,28,0,https://www.kloudbean.com/html-table-generator/,,116
meta data viewer,Informational,1000,57,0.59,0.33,53,0,https://www.kloudbean.com/exif-data-viewer/,,91
open web ui.,Informational,1000,26,6.82,0.01,67,0,https://support.kloudbean.com/docs/ai-tools/openwebui/,,99
pbkdf2,Informational,1000,46,0.00,0.33,20,0,https://www.kloudbean.com/pbkdf2-hash-generator/,,114
php error reporting,Informational,1000,40,0.00,0.00,0,8,,https://docs.wpvip.com/wordpress-on-vip/php/error-reporting/,134
rgb in hex,Informational,1000,44,3.46,0.01,31,0,https://www.kloudbean.com/rgb-to-hex-converter/,,100
robots.txt wordpress,Informational,1000,34,2.53,0.33,0,1,,https://docs.wpvip.com/security-controls/robots-txt/,79
splash screens,Informational,1000,38,2.08,0.01,48,0,https://www.kloudbean.com/splash-screen-generator/,,196
vip.com,"Commercial, Informational",1000,59,1.03,0.01,0,15,,https://dashboard.wpvip.com/,2060000000
web vitals,Informational,1000,67,5.23,0.23,0,20,,https://wpvip.com/glossary/core-web-vitals/,137
wordpress vip,Navigational,1000,28,28.09,0.51,0,1,,https://wpvip.com/,0
yoast seo premium gettheme vip,Transactional,1000,51,0.00,0.33,0,11,,https://wpvip.com/partner/yoast/,517
6.7/2,Informational,880,17,0.00,0.33,0,10,,https://customerhub.wpvip.com/lobby/2025/02/11/wordpress-6-7-2-maintenance-release/,0
barcode free,Informational,880,54,1.40,0.06,54,0,https://www.kloudbean.com/free-barcode-generator-tool/,,132
caesar code decoder,Informational,880,28,0.00,0.33,23,0,https://www.kloudbean.com/caesar-cipher-encoder-decoder/,,123
cesar cipher decoder,Informational,880,30,0.00,0.33,21,0,https://www.kloudbean.com/caesar-cipher-encoder-decoder/,,121
content intelligence,Informational,880,24,12.53,0.14,0,25,,https://wpvip.com/blog/content-intelligence-enterprise-cms-guide/,136
content marketing kpis,Informational,880,31,11.34,0.06,0,26,,https://wpvip.com/blog/content-marketing-kpis/,134
conversor hexadecimal a ascii,Informational,880,26,0.00,0.33,14,0,https://www.kloudbean.com/hex-to-ascii-converter/,,101
csr generator,Commercial,880,38,5.97,0.09,17,0,https://www.kloudbean.com/csr-certificate-signing-request-generator/,,124
css flex generator,Informational,880,40,1.35,0.03,10,0,https://www.kloudbean.com/flexbox-generator/,,86
css flexbox generator,Informational,880,40,1.35,0.03,7,0,https://www.kloudbean.com/flexbox-generator/,,79
decipher caesar cipher,Informational,880,50,0.00,0.33,24,0,https://www.kloudbean.com/caesar-cipher-encoder-decoder/,,118
decipherer tool,Informational,880,66,0.00,0.33,53,0,https://www.kloudbean.com/encryption-decryption-tool/,,168
guid uuid generator,Informational,880,34,4.61,0.33,16,0,https://www.kloudbean.com/uuid-guid-generator/,,93
gutenberg wordpress,Informational,880,59,2.44,0.21,0,3,,https://wpvip.com/wordpress-gutenberg/,109
hexadecimal rgba,Informational,880,56,5.61,0.01,31,0,https://www.kloudbean.com/hex-to-rgb-rgba-converter/,,98
hybrid cms,Informational,880,13,0.00,0.33,0,14,,https://wpvip.com/blog/headless-vs-hybrid-cms-architecture-comparison/,158
javascript validator,Informational,880,45,3.11,0.08,23,0,https://www.kloudbean.com/javascript-formatter-and-validator/,,92
seo website migration checklist,Informational,880,32,2.27,0.01,0,68,,https://wpvip.com/blog/seo-checklist-for-website-migration/,114
wordpress 6.7 release date news,Informational,880,28,0.00,0.00,0,7,,https://wpvip.com/blog/wordpress-6-7/,111
wordpress training,Informational,880,75,2.64,0.29,0,13,,https://learn.wpvip.com/,132
wordpress vulnerability today,Informational,880,40,0.00,0.00,0,53,,https://wpvip.com/vulnerability-management/,14100000
xmlrpc.php,Informational,880,36,2.89,0.02,0,38,,https://docs.wpvip.com/security-controls/wordpress/xml-rpc/,139
aeo in seo,Informational,720,48,8.09,0.26,0,15,,https://wpvip.com/blog/aeo-vs-seo-answer-engine-optimization/,135
calculator subnetting,Informational,720,59,2.81,0.33,32,0,https://www.kloudbean.com/network-subnet-calculator/,,126
certificate reader,Informational,720,33,9.25,0.03,28,0,https://www.kloudbean.com/ssl-certificate-decoder/,,92
cipher encoder,Informational,720,60,0.00,0.33,14,0,https://www.kloudbean.com/caesar-cipher-encoder-decoder/,,184
enterprise content management strategy,Informational,720,24,0.00,0.33,0,10,,https://wpvip.com/blog/enterprise-content-management-strategy/,135
enterprise wordpress hosting,Informational,720,29,23.74,0.20,0,3,,https://wpvip.com/wordpress-platform/,164
figma to wordpress,Informational,720,48,6.07,0.25,0,24,,https://wpvip.com/blog/figma-to-wordpress/,106
flex generator,Commercial,720,32,1.22,0.03,12,0,https://www.kloudbean.com/flexbox-generator/,,170
hex translator to ascii,Informational,720,22,10.89,0.33,10,0,https://www.kloudbean.com/hex-to-ascii-converter/,,97
html for tables generator,Informational,720,43,4.15,0.02,21,0,https://www.kloudbean.com/html-table-generator/,,117
html table builder,Informational,720,25,4.15,0.02,21,0,https://www.kloudbean.com/html-table-generator/,,114
json to c#,Informational,720,36,0.00,0.01,20,0,https://www.kloudbean.com/json-to-c-class-converter/,,113
make icon app,Informational,720,55,2.21,0.14,21,0,https://www.kloudbean.com/app-icon-generator/,,133
migration web,Informational,720,36,12.14,0.08,0,7,,https://wpvip.com/glossary/website-migration/,131
network calculation,Informational,720,60,2.30,0.01,36,0,https://www.kloudbean.com/network-subnet-calculator/,,121
seo site migration checklist,Informational,720,23,2.27,0.01,0,66,,https://wpvip.com/blog/seo-checklist-for-website-migration/,117
svg optimizer,Commercial,720,49,0.00,0.33,15,0,https://www.kloudbean.com/svg-optimizer/,,99
tool to draw entity relationship diagram,Informational,720,38,4.48,0.40,69,0,https://www.kloudbean.com/entity-relationship-diagram-generator/,,164
translate hexadecimal to ascii,Informational,720,20,10.89,0.33,12,0,https://www.kloudbean.com/hex-to-ascii-converter/,,102
verify password strength catswhocode,Informational,720,43,0.83,0.02,45,0,https://www.kloudbean.com/password-strength-checker/,,429
vip88.world -,Informational,720,46,0.00,0.00,0,49,,https://wpvip.com/,2580000000
web-vitals,Informational,720,79,5.62,0.23,0,53,,https://wpvip.com/glossary/core-web-vitals/,133
webhook test,Informational,720,26,5.03,0.08,48,0,https://www.kloudbean.com/webhook-tester/,,121
what is a pim,Informational,720,37,3.42,0.07,0,66,,https://wpvip.com/blog/pim-benefits-and-use-cases/,127
what is enterprise content management,Informational,720,49,7.28,0.01,0,38,,https://wpvip.com/blog/enterprise-content-management-strategy/,193
what is ttl in dns,Informational,720,26,1.54,0.03,0,13,,https://docs.wpvip.com/domains/check-dns-record-time-to-live/,16
wordpress 6.7 release news today,Informational,720,14,0.00,0.00,0,10,,https://wpvip.com/blog/wordpress-6-7/,131
wordpress management,Informational,720,23,12.04,0.26,0,2,,https://wpvip.com/wordpress-management/,113
wordpress rest api,"Informational, Navigational",720,45,4.33,0.04,0,8,,https://wpvip.com/glossary/wordpress-rest-api-for-the-enterprise/,105
wp-content/uploads,Informational,720,15,23.35,0.01,0,4,,https://docs.wpvip.com/vip-file-system/media-uploads/,122
xml-rpc,Informational,720,56,1.48,0.01,0,28,,https://docs.wpvip.com/security-controls/wordpress/xml-rpc/,136
big red dog marketing webinars,Informational,590,5,0.00,0.00,0,10,,https://wpvip.com/event/media-is-the-new-marketing-webinar/,755000
caesar decoder,Informational,590,48,0.00,0.33,26,0,https://www.kloudbean.com/caesar-cipher-encoder-decoder/,,113
caesar shift cipher decoder,Informational,590,53,0.00,0.33,23,0,https://www.kloudbean.com/caesar-cipher-encoder-decoder/,,120
change hex to ascii,Informational,590,33,11.73,0.01,14,0,https://www.kloudbean.com/hex-to-ascii-converter/,,99
cipher detector,Informational,590,35,0.00,0.33,52,0,https://www.kloudbean.com/caesar-cipher-encoder-decoder/,,172
company website analysis for software focus,Commercial,590,21,0.00,0.00,0,6,,https://wpvip.com/blog/web-analytics-software-tools/,94
connatix,Informational,590,29,20.82,0.26,0,23,,https://wpvip.com/partner/connatix/,98
content architecture,Informational,590,33,0.00,0.01,0,20,,https://wpvip.com/blog/content-architecture-cms-best-practices/,131
convert rgb to hexadecimal color,Informational,590,46,0.00,0.33,49,0,https://www.kloudbean.com/rgb-to-hex-converter/,,131
core web,Informational,590,67,0.00,0.01,0,16,,https://wpvip.com/glossary/core-web-vitals/,121
date formatter in javascript,Informational,590,70,0.00,0.33,34,0,https://www.kloudbean.com/javascript-date-formatter/,,61
decryptor,Informational,590,48,1.92,0.04,69,0,https://www.kloudbean.com/encryption-decryption-tool/,,134
digitalriver,Informational,590,52,5.20,0.02,0,30,,https://wpvip.com/blog/six-questions-with-digital-river/,106
dns ttl,Informational,590,36,1.68,0.03,0,5,,https://docs.wpvip.com/domains/check-dns-record-time-to-live/,114
google cloud hosting services,Informational,590,61,10.11,0.19,27,0,https://www.kloudbean.com/google-managed-cloud-hosting/,,108
headless content management system,Informational,590,75,16.13,0.15,0,43,,https://wpvip.com/glossary/headless-content-management-systems/,154
hexadecimal to ascii converter,Informational,590,40,10.89,0.33,11,0,https://www.kloudbean.com/hex-to-ascii-converter/,,95
mobile responsiveness testing online,Informational,590,61,0.00,0.00,34,0,https://www.kloudbean.com/responsive-design-checker/,,65
most recent wordpress version,Informational,590,45,11.74,0.02,0,12,,https://customerhub.wpvip.com/platform-release-schedule/,106
nelio a/b testing,"Informational, Transactional",590,21,15.38,0.47,0,13,,https://wpvip.com/partner/nelio-software/,108
personalized content,Informational,590,36,5.16,0.02,0,12,,https://wpvip.com/blog/content-personalization/,131
placeholder generator,Commercial,590,12,0.00,0.33,18,0,https://www.kloudbean.com/image-placeholder-generator/,,79
random guid,Informational,590,30,0.00,0.33,36,0,https://www.kloudbean.com/uuid-guid-generator/,,99
redirect loops,Informational,590,27,0.00,0.33,0,14,,https://learn.wpvip.com/lesson/redirect-loops-and-unexplained-redirects/,126
rgb to hex colour code,Informational,590,66,0.00,0.33,48,0,https://www.kloudbean.com/rgb-to-hex-converter/,,134
rgb to hexadecimal color code,Informational,590,52,0.00,0.33,35,0,https://www.kloudbean.com/rgb-to-hex-converter/,,99
seo vs aeo,Commercial,590,27,2.06,0.19,0,20,,https://wpvip.com/blog/aeo-vs-seo-answer-engine-optimization/,128
splashscreen,Informational,590,61,2.08,0.01,46,0,https://www.kloudbean.com/splash-screen-generator/,,133
ssl certificate decode,Informational,590,32,8.62,0.03,22,0,https://www.kloudbean.com/ssl-certificate-decoder/,,89
ssl certificate decoder,Informational,590,28,9.13,0.04,29,0,https://www.kloudbean.com/ssl-certificate-decoder/,,92
svg code to png,Commercial,590,34,3.61,0.01,15,0,https://www.kloudbean.com/svg-to-png-converter/,,109
tag suggestions,Informational,590,27,0.00,0.33,0,29,,https://wpvip.com/blog/5-tagging-best-practices-content-strategy/,124
totp generator,Informational,590,44,4.45,0.06,14,0,https://www.kloudbean.com/totp-generator/,,91
unicode decode,Informational,590,48,0.00,0.33,16,0,https://www.kloudbean.com/unicode-encoder-decoder/,,102
webfont generator,Commercial,590,40,2.49,0.03,34,0,https://www.kloudbean.com/webfont-generator/,,101
what is a splash screen,Informational,590,39,0.00,0.33,71,0,https://www.kloudbean.com/splash-screen-generator/,,172
what is a wp2 password,Informational,590,12,0.04,0.01,0,91,,https://docs.wpvip.com/security-controls/wordpress/enforce-2fa/,164
what is aeo insight company,Informational,590,20,0.00,0.00,0,36,,https://wpvip.com/blog/answer-engine-optimization-strategies/,136
wordpress agencies,Informational,590,20,29.91,0.12,0,1,,https://wpvip.com/partners/agency-partners/,154
wordpress api,"Informational, Navigational",590,42,4.30,0.05,0,6,,https://docs.wpvip.com/wordpress-on-vip/wordpress-rest-api/,119
wordpress gutenberg,Informational,590,54,1.63,0.25,0,15,,https://wpvip.com/glossary/wordpress-gutenberg-block-editor/,108
wordpress robots,Informational,590,31,0.00,0.33,0,1,,https://docs.wpvip.com/security-controls/robots-txt/,106
am i responsive,Commercial,480,51,4.76,0.09,43,0,https://www.kloudbean.com/responsive-design-checker/,,115
b2b content marketing funnel,Informational,480,28,0.00,0.33,0,20,,https://wpvip.com/resource/content-marketing-funnel-guide/,135
bcrypt generator,Commercial,480,29,0.00,0.33,6,0,https://www.kloudbean.com/bcrypt-hash-generator/,,85
bcrypt hash,Informational,480,60,0.00,0.33,11,0,https://www.kloudbean.com/bcrypt-hash-generator/,,127
cache-control header,Informational,480,34,0.00,0.33,0,29,,https://docs.wpvip.com/caching/page-cache/customize-behavior/cache-control-headers/,113
caesar cipher generator,Informational,480,37,0.00,0.33,22,0,https://www.kloudbean.com/caesar-cipher-encoder-decoder/,,135
caesar shift translator,Informational,480,35,0.00,0.33,21,0,https://www.kloudbean.com/caesar-cipher-encoder-decoder/,,110
calculate statistical significance,Informational,480,45,4.56,0.02,51,0,https://www.kloudbean.com/statistical-significance-calculator/,,128
certificate decode,Informational,480,27,8.53,0.04,21,0,https://www.kloudbean.com/ssl-certificate-decoder/,,91
cipher decoder online,Informational,480,59,0.00,0.33,51,0,https://www.kloudbean.com/encryption-decryption-tool/,,104
convert hexadecimal to ascii,Informational,480,29,11.73,0.01,14,0,https://www.kloudbean.com/hex-to-ascii-converter/,,105
css grid creator,Informational,480,25,6.66,0.33,19,0,https://www.kloudbean.com/css-grid-generator/,,107
database importer,Informational,480,48,5.37,0.23,0,4,,https://docs.wpvip.com/databases/import/,138
dncc,Navigational,480,46,21.49,0.14,0,4,,https://wpvip.com/case-studies/how-the-2020-dncc-pivoted-to-100-digital-with-wordpress-vip/,620000
encrypter,Informational,480,49,1.44,0.10,62,0,https://www.kloudbean.com/encryption-decryption-tool/,,138
enterprise content marketing,Informational,480,18,0.00,0.01,0,28,,https://wpvip.com/blog/enterprise-content-management-strategy/,131
enterprise wordpress development,"Commercial, Informational",480,6,12.33,0.10,0,7,,https://wpvip.com/wordpress-platform/,125
entity relation diagram maker,Informational,480,32,3.42,0.47,36,0,https://www.kloudbean.com/entity-relationship-diagram-generator/,,127
flex layout generator,Informational,480,44,1.22,0.03,7,0,https://www.kloudbean.com/flexbox-generator/,,91
forticlient fortinet compliance certifications fips fedramp,Informational,480,22,0.00,0.00,0,51,,https://wpvip.com/blog/wordpress-vip-is-fedramp-authorized/,367
generate jwt token,Informational,480,29,6.39,0.05,31,0,https://www.kloudbean.com/jwt-token-generator/,,119
gitlab self hosted,"Informational, Transactional",480,52,6.65,0.06,47,0,https://www.kloudbean.com/gitlab-self-hosted/,,105
grid css generator,Commercial,480,33,6.66,0.33,21,0,https://www.kloudbean.com/css-grid-generator/,,103
how to calculate statistical significance,Informational,480,43,2.48,0.01,59,0,https://www.kloudbean.com/statistical-significance-calculator/,,159
how to modify/adjust roles and permissions in wordpress,Informational,480,8,0.00,0.00,0,15,,https://docs.wpvip.com/wordpress-on-vip/customize-user-roles/,132
html to jsx,Informational,480,32,0.00,0.02,19,0,https://www.kloudbean.com/html-to-jsx-converter/,,101
html5 table generator,Informational,480,36,4.99,0.03,24,0,https://www.kloudbean.com/html-table-generator/,,97
http://wordpress.com,Navigational,480,100,3.38,0.43,0,11,,https://wpvip.com/,0
https://icoconvert.com,Informational,480,44,0.30,0.13,84,0,https://www.kloudbean.com/favicon-ico-converter/,,19900
implement subdirectory structure website architecture,Informational,480,16,0.00,0.00,0,79,,https://docs.wpvip.com/wordpress-on-vip/multisites/subdomains-subdirectories/,180
inurl:wp-content/backup-db/,Informational,480,16,0.00,0.33,0,15,,https://docs.wpvip.com/databases/backups/,156
ip address regex,Informational,480,31,0.00,0.33,25,0,https://www.kloudbean.com/regex-for-ip-address-validation/,,112
json to csharp,Informational,480,24,0.00,0.01,18,0,https://www.kloudbean.com/json-to-c-class-converter/,,109
jwt generator,Informational,480,39,9.60,0.02,18,0,https://www.kloudbean.com/jwt-token-generator/,,94
jwt token generator,Informational,480,44,5.02,0.04,26,0,https://www.kloudbean.com/jwt-token-generator/,,119
lone rock point,Navigational,480,16,0.00,0.01,0,11,,https://wpvip.com/partner/lone-rock-point/,106
miro vs mural,Commercial,480,24,2.95,0.17,32,0,https://www.kloudbean.com/why-agencies-choose-one-over-the-other-miro-vs-mural/,,115
parse ly,Informational,480,41,4.75,0.27,0,6,,https://wpvip.com/blog/parsely-sage-ai-editorial-intelligence/,113
parse.ly,Informational,480,50,4.75,0.27,0,10,,https://learn.wpvip.com/course/getting-started-with-parse-ly/,31500000
pim product information management,"Commercial, Informational",480,40,18.04,0.41,0,58,,https://wpvip.com/blog/pim-benefits-and-use-cases/,130
random guid generator,Informational,480,24,0.00,0.33,22,0,https://www.kloudbean.com/uuid-guid-generator/,,83
recurrent ventures,Navigational,480,33,0.00,0.33,0,8,,https://wpvip.com/case-studies/recurrent-ventures/,108
roman cipher decoder,Informational,480,33,0.00,0.33,19,0,https://www.kloudbean.com/caesar-cipher-encoder-decoder/,,109
savage ventures,"Informational, Navigational",480,21,0.00,0.33,0,6,,https://wpvip.com/case-studies/savage-ventures-wordpress-vip/,107
sql validator,Informational,480,27,2.64,0.08,43,0,https://www.kloudbean.com/sql-formatter-and-validator/,,99
strategyless,Informational,480,37,6.02,0.33,0,26,,https://wpvip.com/blog/less-is-more-content-strategy/,125000
test webhook,Informational,480,22,5.03,0.08,56,0,https://www.kloudbean.com/webhook-tester/,,126
unicode decoder,Informational,480,37,0.00,0.33,4,0,https://www.kloudbean.com/unicode-encoder-decoder/,,76
web migration,Informational,480,40,13.11,0.12,0,5,,https://wpvip.com/glossary/website-migration/,128
webvitals,Informational,480,85,5.62,0.23,0,19,,https://wpvip.com/glossary/core-web-vitals/,131
what is a redirect loop,Informational,480,23,0.00,0.33,0,14,,https://learn.wpvip.com/lesson/redirect-loops-and-unexplained-redirects/,149
what is redirect loop,Informational,480,22,0.00,0.33,0,15,,https://learn.wpvip.com/lesson/redirect-loops-and-unexplained-redirects/,125
what is site migration,Informational,480,35,0.00,0.01,0,8,,https://wpvip.com/glossary/website-migration/,129
what is website migration,Informational,480,20,0.00,0.01,0,2,,https://wpvip.com/glossary/website-migration/,125
white splash screen,Informational,480,30,0.00,0.33,45,0,https://www.kloudbean.com/splash-screen-generator/,,131
wordpress 6.7 release candidate october 2025,Informational,480,12,0.00,0.00,0,12,,https://wpvip.com/blog/wordpress-6-7/,19600
wordpress enterprise agency,Informational,480,20,27.43,0.28,0,22,,https://wpvip.com/,157
wordpress headless,Informational,480,29,11.46,0.23,0,3,,https://wpvip.com/headless-wordpress/,105
wordpress multisite vs drupal multisite comparison pros cons,Commercial,480,20,0.00,0.00,0,4,,https://wpvip.com/blog/wordpress-multisite/,50
wordpress versions,"Informational, Navigational",480,52,12.96,0.04,0,11,,https://docs.wpvip.com/wordpress-on-vip/wordpress-upgrades/,107
wordpress vip business plan pricing 2026,Navigational,480,-1,0.00,0.00,0,1,,https://wpvip.com/pricing/,19800000
wp business web,Navigational,480,32,5.87,0.03,0,33,,https://wpvip.com/,78
wp robots.txt,Informational,480,42,1.11,0.33,0,2,,https://docs.wpvip.com/security-controls/robots-txt/,126
wp-json/wp/v2/users,Informational,480,40,0.00,0.33,0,7,,https://docs.wpvip.com/wordpress-on-vip/wordpress-rest-api/,102
xmlrpc,Informational,480,59,2.04,0.01,0,28,,https://docs.wpvip.com/security-controls/wordpress/xml-rpc/,127
aeo prompt,Informational,390,20,0.00,0.00,0,39,,https://wpvip.com/blog/answer-engine-optimization-strategies/,134
analytic tools,"Commercial, Informational",390,45,14.66,0.23,0,11,,https://wpvip.com/blog/web-analytics-software-tools/,131
answer engine optimization aeo,Informational,390,56,12.74,0.22,0,9,,https://wpvip.com/blog/answer-engine-optimization-strategies/,135
answer engine optimization aeo definition,Informational,390,44,0.00,0.00,0,44,,https://wpvip.com/blog/answer-engine-optimization-strategies/,195
benefits of open source software,Informational,390,37,0.00,0.33,0,15,,https://wpvip.com/blog/how-open-source-software-benefits-businesses/,144
cache control,Informational,390,50,0.00,0.33,0,10,,https://docs.wpvip.com/caching/page-cache/customize-behavior/cache-control-headers/,117
caesar cipher encode,Informational,390,36,0.00,0.33,20,0,https://www.kloudbean.com/caesar-cipher-encoder-decoder/,,116
caesar shift cipher translator,Informational,390,33,0.00,0.33,18,0,https://www.kloudbean.com/caesar-cipher-encoder-decoder/,,111
caesar shift encoder,Informational,390,56,0.00,0.33,24,0,https://www.kloudbean.com/caesar-cipher-encoder-decoder/,,185
calculating ip range,Informational,390,60,0.01,0.01,33,0,https://www.kloudbean.com/network-subnet-calculator/,,115
content marketing for business,Informational,390,60,0.00,0.02,0,9,,https://wpvip.com/resource/content-marketing-strategy-guide/,122
create jwt token,Informational,390,33,6.39,0.05,40,0,https://www.kloudbean.com/jwt-token-generator/,,129
decrypt online,Informational,390,42,1.99,0.02,24,0,https://www.kloudbean.com/encryption-decryption-tool/,,94
decrypt text,Informational,390,33,0.00,0.33,51,0,https://www.kloudbean.com/encryption-decryption-tool/,,112
deepmantic/wp-admin,Informational,390,45,0.00,0.00,0,6,,https://wpvip.com/,55700
default robots.txt,Informational,390,70,0.00,0.06,0,5,,https://docs.wpvip.com/security-controls/robots-txt/,137
digital analytics platforms,"Commercial, Informational",390,45,14.68,0.02,0,25,,https://wpvip.com/blog/web-analytics-software-tools/,135
dxp platform,Informational,390,36,22.14,0.14,0,40,,https://wpvip.com/glossary/digital-experience-platform/,168
e-commerce product tagging best practices,Commercial,390,8,0.00,0.00,0,38,,https://wpvip.com/blog/5-tagging-best-practices-content-strategy/,132
encrypt password,Informational,390,50,2.40,0.10,63,0,https://www.kloudbean.com/encryption-decryption-tool/,,130
enterprise wordpress,Informational,390,22,27.43,0.28,0,2,,https://wpvip.com/,107
european accessibility act 2025,Informational,390,37,1.37,0.11,0,54,,https://wpvip.com/blog/eu-accessibility-act-2025/,130
feedback to client sample odesk,Informational,390,24,0.00,0.33,0,65,,https://customerhub.wpvip.com/lobby/2009/01/12/odesk-wordpress-most-in-demand/,26000
flex css generator,Informational,390,39,1.35,0.03,8,0,https://www.kloudbean.com/flexbox-generator/,,82
generate an api key,Informational,390,26,3.48,0.17,44,0,https://www.kloudbean.com/api-key-generator/,,118
gitignore template,Informational,390,55,0.00,0.33,38,0,https://www.kloudbean.com/gitignore-generator/,,129
graphql formatter,Informational,390,3,5.50,0.04,6,0,https://www.kloudbean.com/graphql-formatter-and-validator/,,33
happy cog,Navigational,390,23,6.45,0.06,0,10,,https://wpvip.com/2021/10/29/six-questions-with-happy-cog/?utm_source=twitter&utm_medium=social&utm_campaign=partner_blog&utm_content=Oktopost-Twitter,108
hex to ascii text converter,Informational,390,27,11.73,0.01,14,0,https://www.kloudbean.com/hex-to-ascii-converter/,,101
hexcode to ascii,Informational,390,44,0.00,0.33,13,0,https://www.kloudbean.com/hex-to-ascii-converter/,,104
how to generate an api key,Informational,390,38,3.17,0.21,98,0,https://www.kloudbean.com/api-key-generator/,,161
https //wordpress.com,Navigational,390,98,3.05,0.41,0,24,,https://wpvip.com/,515000000
https www kryterion com login,"Navigational, Transactional",390,41,0.00,0.10,0,34,,https://learn.wpvip.com/certification/help/,148
https://www.wordpress.com,Navigational,390,100,9.04,0.04,0,30,,https://wpvip.com/,500000000
import database,Informational,390,50,5.37,0.23,0,6,,https://docs.wpvip.com/databases/import/,133
ip regex,Informational,390,32,0.00,0.33,25,0,https://www.kloudbean.com/regex-for-ip-address-validation/,,135
is wordpress multisite one theme or multiple,Informational,390,10,0.00,0.00,0,10,,https://wpvip.com/glossary/wordpress-multisite/,153
json to c# class,Informational,390,15,0.00,0.01,20,0,https://www.kloudbean.com/json-to-c-class-converter/,,111
json to struct,Informational,390,21,1.29,0.03,30,0,https://www.kloudbean.com/json-to-go-struct-converter/,,100
managed mysql database,Informational,390,54,3.44,0.01,28,0,https://www.kloudbean.com/managed-databases-mysql/,,106
omnichannel personalization technology architecture best practices,Commercial,390,17,0.00,0.00,0,79,,https://wpvip.com/blog/omnichannel-content-management/,2830000
onesignal news,"Navigational, Transactional",390,40,0.00,0.33,0,12,,https://wpvip.com/blog/six-questions-with-onesignal-on-using-push-notifications-to-keep-customers-engaged/,1860000
online decryptor,Informational,390,40,1.74,0.03,15,0,https://www.kloudbean.com/encryption-decryption-tool/,,97
optimize svg,Informational,390,50,0.00,0.33,16,0,https://www.kloudbean.com/svg-optimizer/,,92
php validator,Informational,390,45,3.24,0.02,38,0,https://www.kloudbean.com/php-formatter-and-validator/,,95
pim product,Informational,390,41,10.14,0.38,0,53,,https://wpvip.com/blog/pim-benefits-and-use-cases/,133
reativ,Navigational,390,14,0.00,0.33,0,28,,https://wpvip.com/partner/reaktiv/,143
regular expression generate,Informational,390,51,8.96,0.01,54,0,https://www.kloudbean.com/regex-pattern-generator/,,125
rgb in hex code,Informational,390,40,0.00,0.33,44,0,https://www.kloudbean.com/rgb-to-hex-converter/,,108
self hosted wordpress,Informational,390,15,7.83,0.38,0,13,,https://wpvip.com/blog/self-hosted-wordpress/,122
shift cipher solver,Informational,390,37,0.00,0.33,22,0,https://www.kloudbean.com/caesar-cipher-encoder-decoder/,,106
significance calculator,"Commercial, Informational",390,47,0.00,0.01,50,0,https://www.kloudbean.com/statistical-significance-calculator/,,101
sql explain,Informational,390,31,2.58,0.07,0,25,,https://learn.wpvip.com/lesson/using-explain-to-analyze-sql-queries/,125
stat testing calculator,Informational,390,38,1.49,0.02,47,0,https://www.kloudbean.com/statistical-significance-calculator/,,132
supabase self host,Navigational,390,53,4.76,0.06,9,0,https://www.kloudbean.com/supabase-self-hosted/,,92
twitter validator card,Informational,390,25,0.00,0.33,38,0,https://www.kloudbean.com/twitter-card-generator/,,94
web analyzer tools,Informational,390,41,10.15,0.07,0,24,,https://wpvip.com/blog/web-analytics-software-tools/,445
what is a digital experience platform,Informational,390,38,16.00,0.02,0,57,,https://wpvip.com/glossary/digital-experience-platform/,169
what is a dxp,Informational,390,30,16.83,0.13,0,55,,https://wpvip.com/glossary/digital-experience-platform/,109
what is dxp,Informational,390,31,17.99,0.29,0,35,,https://wpvip.com/glossary/digital-experience-platform/,105
wordpress 6.7 release date news september 2025,Informational,390,18,0.00,0.00,0,5,,https://customerhub.wpvip.com/lobby/2025/08/05/wordpress-6-7-3-maintenance-release-with-backported-versions/,343000
wordpress 6.7 release news november 2025,Informational,390,29,0.00,0.00,0,5,,https://wpvip.com/blog/wordpress-6-7/,524000
wordpress certification,"Commercial, Informational",390,18,2.86,0.30,0,1,,https://learn.wpvip.com/certification/,104
wordpress company,Informational,390,97,17.55,0.18,0,11,,https://wpvip.com/,104
wordpress enterprise,Informational,390,35,27.43,0.28,0,1,,https://wpvip.com/,104
wordpress plugin directory,Informational,390,77,2.45,0.16,0,8,,https://docs.wpvip.com/wordpress-skeleton/plugins-directory/,105
wordpress version,Informational,390,30,9.34,0.04,0,17,,https://docs.wpvip.com/wordpress-on-vip/wordpress-upgrades/,102
wp content uploads,Informational,390,20,23.35,0.01,0,5,,https://docs.wpvip.com/vip-file-system/media-uploads/,125
wp json,Informational,390,40,0.00,0.33,0,8,,https://docs.wpvip.com/wordpress-on-vip/wordpress-rest-api/,133
xml rpc,Informational,390,54,2.04,0.01,0,29,,https://docs.wpvip.com/security-controls/wordpress/xml-rpc/,120
xmlrpc xmlrpc,Informational,390,53,1.48,0.01,0,19,,https://docs.wpvip.com/security-controls/wordpress/xml-rpc/,130
2fa.vip,Navigational,320,50,3.61,0.03,0,5,,https://docs.wpvip.com/security-controls/wordpress/enforce-2fa/,0
amazon lightsail web hosting,Navigational,320,36,0.00,0.33,30,0,https://www.kloudbean.com/lightsail-hosting/,,127
american eagle web design,Navigational,320,50,8.51,0.36,0,11,,https://wpvip.com/partner/americaneagle-com/,119
analytics tool,Commercial,320,48,14.77,0.35,0,33,,https://wpvip.com/blog/web-analytics-software-tools/,130
api documentation generator,Informational,320,66,11.85,0.19,35,0,https://www.kloudbean.com/rest-api-documentation-generator/,,124
apikey generator,Commercial,320,30,3.48,0.17,50,0,https://www.kloudbean.com/api-authentication-generator/,,109
app for color palettes,Informational,320,90,1.15,0.09,47,0,https://www.kloudbean.com/mobile-app-color-scheme-generator/,,166
apps vip,Informational,320,25,0.00,0.33,0,7,,https://docs.wpvip.com/vip-cli/commands/app/list/,136
caching control,Informational,320,49,0.00,0.33,0,26,,https://docs.wpvip.com/caching/page-cache/customize-behavior/cache-control-headers/,134
ceaser cipher decoder,"Commercial, Informational",320,57,0.00,0.33,17,0,https://www.kloudbean.com/caesar-cipher-encoder-decoder/,,116
certificate request generator,Informational,320,36,6.45,0.06,15,0,https://www.kloudbean.com/csr-certificate-signing-request-generator/,,106
certificate viewer,Informational,320,46,4.36,0.02,63,0,https://www.kloudbean.com/ssl-certificate-decoder/,,109
ciper decoder,Informational,320,57,1.20,0.33,18,0,https://www.kloudbean.com/caesar-cipher-encoder-decoder/,,118
cloud platform calculator,Commercial,320,64,5.98,0.02,46,0,https://www.kloudbean.com/cloud-cost-calculator/,,128
cloud pricing,Navigational,320,64,5.79,0.09,52,0,https://www.kloudbean.com/cloud-cost-calculator/,,123
container vulnerability scanner,Informational,320,26,46.02,0.23,64,0,https://www.kloudbean.com/container-security-scanner/,,121
convert hex to ascii,Informational,320,27,0.00,0.33,15,0,https://www.kloudbean.com/hex-to-ascii-converter/,,99
curl show response headers,Informational,320,18,0.00,0.33,0,13,,https://docs.wpvip.com/caching/page-cache/http-headers/retrieve-headers/,105
decode certificate,Informational,320,27,0.00,0.02,32,0,https://www.kloudbean.com/ssl-certificate-decoder/,,96
decrypt password,Informational,320,18,0.00,0.01,56,0,https://www.kloudbean.com/encryption-decryption-tool/,,113
dectwl,Informational,320,9,6.32,0.30,33,0,https://www.kloudbean.com/encryption-decryption-tool/,,106
enterprise headless cms,Informational,320,22,20.61,0.02,0,18,,https://wpvip.com/blog/headless-cms-for-enterprise/,151
font webfont,Commercial,320,75,1.43,0.03,45,0,https://www.kloudbean.com/webfont-generator/,,122
free cdn wordpress,Informational,320,25,6.99,0.30,0,56,,https://wpvip.com/blog/wordpress-cdn/,118
generate jwt,Informational,320,37,9.60,0.02,27,0,https://www.kloudbean.com/jwt-token-generator/,,122
gitignore templates,Informational,320,71,0.00,0.33,32,0,https://www.kloudbean.com/gitignore-generator/,,129
guid generate,Informational,320,20,8.22,0.33,35,0,https://www.kloudbean.com/uuid-guid-generator/,,95
hex to ascii string converter,Informational,320,20,10.89,0.33,14,0,https://www.kloudbean.com/hex-to-ascii-converter/,,114
how can i find my wordpress user id number,Informational,320,16,0.00,0.00,0,24,,https://docs.wpvip.com/manage-user-access/wordpress/,150
how to calculate subnet mask of ip address,Informational,320,55,0.00,0.33,59,0,https://www.kloudbean.com/network-subnet-calculator/,,154
how to find ip range from subnet,Informational,320,44,0.00,0.33,55,0,https://www.kloudbean.com/network-subnet-calculator/,,153
how to search only .gov websites,Informational,320,10,0.00,0.33,0,42,,https://wpvip.com/blog/search-architecture-government-website/,25900000
html table creator,Informational,320,37,4.15,0.02,22,0,https://www.kloudbean.com/html-table-generator/,,118
https://wordpress.com/,Navigational,320,100,3.05,0.41,0,22,,https://wpvip.com/,0
ip regular expression,Informational,320,30,0.00,0.33,23,0,https://www.kloudbean.com/regex-for-ip-address-validation/,,107
is kff a reliable source,Informational,320,36,0.00,0.33,0,18,,https://wpvip.com/case-studies/kff/,176
javascript date time formatting,Informational,320,63,0.00,0.00,41,0,https://www.kloudbean.com/javascript-date-formatter/,,128
managed mysql,Informational,320,44,5.42,0.27,29,0,https://www.kloudbean.com/managed-databases-mysql/,,110
managed postgresql,Informational,320,53,10.63,0.36,23,0,https://www.kloudbean.com/managed-databases-postgresql/,,103
multisite for seo,Informational,320,22,0.00,0.00,0,45,,https://wpvip.com/blog/wordpress-multisite/,139
multisite wordpress,Informational,320,39,19.07,0.30,0,6,,https://wpvip.com/blog/wordpress-multisite/,105
okdo,Informational,320,28,0.43,0.02,0,12,,https://wpvip.com/case-studies/launching-a-global-ecommerce-platform-for-okdo/,106
omnichannel cms,Informational,320,15,0.00,0.33,0,4,,https://wpvip.com/blog/omnichannel-content-management/,156
omnichannel content management,Informational,320,17,0.00,0.01,0,13,,https://wpvip.com/blog/omnichannel-content-management/,134
onecognizant cognizant com,Navigational,320,16,0.00,0.33,0,80,,https://wpvip.com/partner/cognizant-digital-experience/,12100
password decoder,Informational,320,17,1.13,0.02,32,0,https://www.kloudbean.com/encryption-decryption-tool/,,108
pem decoder,Commercial,320,33,0.00,0.02,23,0,https://www.kloudbean.com/ssl-certificate-decoder/,,140
placeholder image generator,Informational,320,37,0.00,0.01,14,0,https://www.kloudbean.com/image-placeholder-generator/,,91
pre prod,Informational,320,28,9.85,0.01,0,34,,https://customerhub.wpvip.com/lobby/2018/04/24/speeding-up-deployments-with-preprods,109
rest api wordpress,"Informational, Navigational",320,51,6.42,0.04,0,2,,https://learn.wpvip.com/course/mastering-the-wordpress-rest-api/,127
rgba to color,Informational,320,45,0.00,0.33,32,0,https://www.kloudbean.com/hex-to-rgb-rgba-converter/,,156
scss to css,Informational,320,31,0.00,0.33,22,0,https://www.kloudbean.com/scss-to-css-converter/,,114
self host wordpress,Informational,320,18,7.83,0.38,0,9,,https://wpvip.com/blog/self-hosted-wordpress/,123
sitecore vs wordpress,Commercial,320,4,13.51,0.09,0,3,,https://wpvip.com/resource/sitecore-vs-wordpress-vip/,122
ssh-keygen -t rsa,Informational,320,7,0.00,0.33,76,0,https://www.kloudbean.com/ssh-key-generator/,,238000
statistical relevance calculator,Informational,320,34,4.56,0.02,43,0,https://www.kloudbean.com/statistical-significance-calculator/,,128
supabase self-host vs cloud,"Commercial, Informational",320,18,0.00,0.03,12,0,https://www.kloudbean.com/supabase-self-hosted/,,123
svg compression,Commercial,320,39,1.95,0.01,43,0,https://www.kloudbean.com/svg-optimizer/,,98
tebra cms to wordpress migration developer expert,Informational,320,4,0.00,0.00,0,12,,https://wpvip.com/resources/ebooks/website-migration-guide-wordpress-vip/,1170
view exif data,Informational,320,50,0.00,0.33,47,0,https://www.kloudbean.com/exif-data-viewer/,,121
vip plugin,Informational,320,28,0.00,0.33,0,3,,https://docs.wpvip.com/plugins/,84
vipplugin com,"Informational, Transactional",320,22,0.00,0.33,0,11,,https://docs.wpvip.com/plugins/,55
web analytics platforms,Commercial,320,32,21.35,0.08,0,7,,https://wpvip.com/blog/web-analytics-software-tools/,129
web analytics software,Informational,320,62,13.11,0.03,0,15,,https://wpvip.com/blog/web-analytics-software-tools/,126
website analytics software,Commercial,320,52,13.11,0.03,0,13,,https://wpvip.com/blog/web-analytics-software-tools/,125
what does pim stand for,Informational,320,30,0.00,0.01,0,82,,https://wpvip.com/glossary/product-information-management/,159
what is a composable dxp,Informational,320,21,14.53,0.03,0,38,,https://wpvip.com/glossary/digital-experience-platform/,163
what is answer engine optimization aeo vs seo,"Commercial, Informational",320,36,0.00,0.00,0,9,,https://wpvip.com/blog/aeo-vs-seo-answer-engine-optimization/,199
what is core web vitals,Informational,320,72,1.67,0.06,0,63,,https://wpvip.com/glossary/core-web-vitals/,202
what is product information management,Informational,320,37,3.42,0.07,0,74,,https://wpvip.com/blog/pim-benefits-and-use-cases/,187
word press org,Navigational,320,46,7.97,0.43,0,78,,https://wpvip.com/blog/wordpress-org-vs-wordpress-com-vs-wordpress-vip-whats-the-difference/,0
word press.com,Navigational,320,100,3.38,0.43,0,35,,https://wpvip.com/,0
wordpress 2fa,Informational,320,54,2.82,0.11,0,4,,https://docs.wpvip.com/security-controls/wordpress/enforce-2fa/,101
wordpress 6.7 release candidate november 2025,Informational,320,16,0.00,0.00,0,14,,https://wpvip.com/blog/wordpress-6-7/,106
wordpress 6.7 release november 2025,Informational,320,27,0.00,0.00,0,38,,https://customerhub.wpvip.com/platform-release-schedule/,109
wordpress 6.7.2,Informational,320,12,0.00,0.07,0,4,,https://customerhub.wpvip.com/lobby/2025/02/11/wordpress-6-7-2-maintenance-release/,55500
wordpress accessibility,Informational,320,36,3.81,0.50,0,16,,https://wpvip.com/blog/wordpress-accessibility/,106
wordpress cron job,Commercial,320,22,2.61,0.03,0,6,,https://docs.wpvip.com/wordpress-on-vip/cron-control/,101
wordpress headless cms,Informational,320,26,6.99,0.11,0,3,,https://wpvip.com/headless-wordpress/,132
wordpress two factor authentication,Informational,320,48,2.89,0.09,0,7,,https://docs.wpvip.com/security-controls/wordpress/enforce-2fa/,100
wordpress 图像中间一条线,Informational,320,9,0.00,0.00,0,3,,https://docs.wpvip.com/vip-file-system/image-files/intermediate-images/,1290000
wp rest api,"Informational, Navigational",320,52,6.42,0.04,0,3,,https://docs.wpvip.com/wordpress-on-vip/wordpress-rest-api/,131
wp robots txt,Informational,320,27,1.11,0.33,0,2,,https://docs.wpvip.com/security-controls/robots-txt/,125
wsod,"Informational, Transactional",320,23,0.00,0.33,0,4,,https://learn.wpvip.com/lesson/white-screen-of-death-wsod/,99
9:16 ratio calculator,Informational,260,33,0.00,0.33,75,0,https://www.kloudbean.com/image-aspect-ratio-calculator/,,277000
advantages of open source software,Informational,260,46,0.00,0.33,0,13,,https://wpvip.com/blog/how-open-source-software-benefits-businesses/,148
aes decrypt online,Informational,260,36,1.62,0.03,31,0,https://www.kloudbean.com/encryption-decryption-tool/,,85
agile cms,Informational,260,14,0.00,0.07,0,5,,https://wpvip.com/resource/what-you-need-to-know-about-agile-cms/,133
amazon splash screen,"Informational, Transactional",260,31,0.00,0.33,16,0,https://www.kloudbean.com/splash-screen-generator/,,86
analytics tool for website,Commercial,260,67,12.29,0.11,0,24,,https://wpvip.com/blog/web-analytics-software-tools/,133
answer engine optimization vs traditional seo,Commercial,260,44,0.00,0.00,0,42,,https://wpvip.com/blog/aeo-vs-seo-answer-engine-optimization/,203
app store icon generator,Informational,260,60,3.61,0.04,22,0,https://www.kloudbean.com/app-icon-generator/,,129
b2b buying committee,Informational,260,19,0.00,0.01,0,4,,https://wpvip.com/blog/b2b-buying-committee-content-strategy/,133
bcrypt decoder,Informational,260,19,0.00,0.33,38,0,https://www.kloudbean.com/bcrypt-hash-generator/,,90
best web analytics tools,Commercial,260,29,15.72,0.40,0,5,,https://wpvip.com/blog/web-analytics-software-tools/,50
caesar cipher decrypt,Informational,260,21,0.00,0.33,23,0,https://www.kloudbean.com/caesar-cipher-encoder-decoder/,,116
caesar cypher encoder,Informational,260,59,0.00,0.33,17,0,https://www.kloudbean.com/caesar-cipher-encoder-decoder/,,117
caesar shift cipher encoder,Informational,260,30,0.00,0.33,20,0,https://www.kloudbean.com/caesar-cipher-encoder-decoder/,,116
calculate training precision recall machine learning,"Commercial, Informational",260,63,0.00,0.00,70,0,https://www.kloudbean.com/model-evaluation-metrics-calculator/,,187
ceaser cipher translator,Informational,260,38,0.00,0.33,16,0,https://www.kloudbean.com/caesar-cipher-encoder-decoder/,,100
cipher caesar decoder,Informational,260,30,0.00,0.33,18,0,https://www.kloudbean.com/caesar-cipher-encoder-decoder/,,122
cloud calculator,Commercial,260,55,6.57,0.13,36,0,https://www.kloudbean.com/cloud-cost-calculator/,,124
cloudevents,Informational,260,36,5.69,0.01,52,0,https://www.kloudbean.com/cloudevents-generator/,,108
cms personalization,Informational,260,17,0.00,0.02,0,9,,https://wpvip.com/blog/enterprise-cms-personalization-architecture/,101
content marketing business,Informational,260,61,11.44,0.07,0,6,,https://wpvip.com/resource/content-marketing-strategy-guide/,120
create a design matrix online,Informational,260,24,0.00,0.00,17,0,https://www.kloudbean.com/decision-matrix-generator/,,171
csr generate,Informational,260,41,5.97,0.09,37,0,https://www.kloudbean.com/csr-certificate-signing-request-generator/,,133
decode unicode,Informational,260,40,0.00,0.33,14,0,https://www.kloudbean.com/unicode-encoder-decoder/,,92
decripter,Informational,260,37,1.55,0.02,69,0,https://www.kloudbean.com/encryption-decryption-tool/,,116
decrypt with public key,Informational,260,32,0.00,0.33,29,0,https://www.kloudbean.com/public-key-encryption-decryption-demo/,,128
decrypter online,Informational,260,33,1.99,0.02,23,0,https://www.kloudbean.com/encryption-decryption-tool/,,100
digital analytics tools,Commercial,260,41,15.93,0.07,0,34,,https://wpvip.com/blog/web-analytics-software-tools/,131
encryption tools,"Commercial, Informational",260,49,3.73,0.28,31,0,https://www.kloudbean.com/encryption-decryption-tool/,,118
enterprise cms platforms,Commercial,260,23,33.04,0.35,0,25,,https://wpvip.com/blog/10-best-enterprise-content-management-systems/,127
favicon creation,"Informational, Transactional",260,49,2.34,0.20,49,0,https://www.kloudbean.com/favicon-generator/,,122
font webkit generator,Commercial,260,52,2.99,0.02,39,0,https://www.kloudbean.com/webfont-generator/,,121
format php,Informational,260,40,9.79,0.01,39,0,https://www.kloudbean.com/php-formatter-and-validator/,,126
forrester b2b summit,Navigational,260,21,5.00,0.21,0,9,,https://wpvip.com/events/forrester-b2b-summit-2026/,0
free bar code,Informational,260,53,1.40,0.06,64,0,https://www.kloudbean.com/free-barcode-generator-tool/,,135
generate json schema,Informational,260,47,4.06,0.04,22,0,https://www.kloudbean.com/json-schema-generator/,,95
gitlab hosting,"Informational, Transactional",260,62,8.00,0.23,30,0,https://www.kloudbean.com/gitlab-self-hosted/,,133
google splash screen,Navigational,260,48,0.00,0.33,29,0,https://www.kloudbean.com/splash-screen-generator/,,147
grid generator css,Commercial,260,34,6.55,0.33,24,0,https://www.kloudbean.com/css-grid-generator/,,101
headless wordpress hosting,Informational,260,35,17.33,0.09,0,5,,https://wpvip.com/headless-wordpress/,145
hex to ascii calculator,Informational,260,27,11.73,0.01,14,0,https://www.kloudbean.com/hex-to-ascii-converter/,,97
how to purge cache wordpress,Informational,260,23,1.40,0.07,0,29,,https://docs.wpvip.com/caching/page-cache/purging/purge-tools/,129
how to sell a website,Informational,260,32,5.18,0.49,54,0,https://pages.kloudbean.com/how-to-sell-a-website-7-steps-to-make-fast-sale/,,168
hybrid headless cms,Informational,260,18,0.00,0.33,0,10,,https://wpvip.com/glossary/hybrid-cms/,161
json to pojo,Informational,260,19,0.00,0.33,6,0,https://www.kloudbean.com/json-to-pojo-converter/,,109
jsx to html converter,Informational,260,9,5.13,0.20,2,0,https://www.kloudbean.com/jsx-to-html-converter/,,93
leenode,Navigational,260,62,5.44,0.31,22,0,https://www.kloudbean.com/linode-hosting/,,99
meaning of referral source,Informational,260,4,0.00,0.33,0,49,,https://learn.wpvip.com/lesson/how-to-identify-referral-sources/,125
multisite,Informational,260,37,19.28,0.04,0,8,,https://wpvip.com/blog/wordpress-multisite/,131
multisite management,Informational,260,12,9.81,0.08,0,8,,https://wpvip.com/blog/inside-wordpress-vips-multisite-management/,120
omnichannel content delivery,Informational,260,19,0.00,0.33,0,7,,https://wpvip.com/blog/omnichannel-content-management/,136
online analytics tools,"Commercial, Informational",260,53,14.68,0.07,0,12,,https://wpvip.com/blog/web-analytics-software-tools/,129
password regex,Informational,260,25,0.00,0.33,35,0,https://www.kloudbean.com/regex-for-password-validation/,,114
pim definition,Informational,260,28,2.77,0.04,0,88,,https://wpvip.com/glossary/product-information-management/,130
placeholder image url,Informational,260,54,0.00,0.33,14,0,https://www.kloudbean.com/image-placeholder-generator/,,98
policy generator aws,Informational,260,38,7.58,0.16,27,0,https://www.kloudbean.com/aws-iam-policy-generator/,,102
regular expression for ip address,Informational,260,23,0.00,0.33,38,0,https://www.kloudbean.com/regex-for-ip-address-validation/,,99
responsive checker,Commercial,260,48,2.80,0.07,13,0,https://www.kloudbean.com/responsive-design-checker/,,109
rgb a hex,Informational,260,29,2.25,0.01,28,0,https://www.kloudbean.com/rgb-to-hex-converter/,,115
rgb to hex code converter,Informational,260,52,0.00,0.33,27,0,https://www.kloudbean.com/rgb-to-hex-converter/,,88
rgb to hex color code,Informational,260,41,0.00,0.33,39,0,https://www.kloudbean.com/rgb-to-hex-converter/,,106
rgb to hexcode,Informational,260,50,0.00,0.33,38,0,https://www.kloudbean.com/rgb-to-hex-converter/,,91
sample splash screen,Informational,260,27,4.72,0.01,34,0,https://www.kloudbean.com/splash-screen-generator/,,130
scalable authoring,Informational,260,6,0.00,0.33,0,46,,https://wpvip.com/blog/wordpress-scalability/,2830000
self hosted gitlab,"Informational, Transactional",260,32,7.43,0.04,42,0,https://www.kloudbean.com/gitlab-self-hosted/,,104
shift cypher decoder,Informational,260,47,0.00,0.33,26,0,https://www.kloudbean.com/caesar-cipher-encoder-decoder/,,181
software web analytics,Informational,260,54,13.11,0.03,0,19,,https://wpvip.com/blog/web-analytics-software-tools/,131
static content,Informational,260,33,0.00,0.33,0,29,,https://docs.wpvip.com/node-js/serve-static-content/,128
statistically significant calculator,Commercial,260,36,3.81,0.02,51,0,https://www.kloudbean.com/statistical-significance-calculator/,,110
supabase self hosted,Navigational,260,54,4.76,0.06,8,0,https://www.kloudbean.com/supabase-self-hosted/,,94
text decrypter where i dont know the seceret key,Informational,260,20,0.00,0.00,21,0,https://www.kloudbean.com/encryption-decryption-tool/,,92200000
training wordpress,Transactional,260,72,2.53,0.38,0,12,,https://learn.wpvip.com/,138
twitter tweet card,Informational,260,30,0.00,0.33,54,0,https://www.kloudbean.com/twitter-card-generator/,,107
vip domain,Informational,260,17,4.25,0.21,0,5,,https://docs.wpvip.com/domains/map-a-domain/,111
web analytics websites,Informational,260,50,7.76,0.40,0,13,,https://wpvip.com/blog/web-analytics-software-tools/,135
web font conversion,Commercial,260,50,0.00,0.01,21,0,https://www.kloudbean.com/webfont-generator/,,101
web font generator,Informational,260,61,0.00,0.33,37,0,https://www.kloudbean.com/webfont-generator/,,122
website analytics programs,Informational,260,40,13.11,0.09,0,13,,https://wpvip.com/blog/web-analytics-software-tools/,126
website analytics services,Informational,260,100,12.20,0.02,0,18,,https://wpvip.com/blog/web-analytics-software-tools/,131
website responsive checker,Commercial,260,50,3.68,0.41,12,0,https://www.kloudbean.com/responsive-design-checker/,,121
what does migrating a website mean,Informational,260,21,0.00,0.02,0,16,,https://wpvip.com/glossary/website-migration/,167
what is a site migration,Informational,260,46,0.00,0.01,0,11,,https://wpvip.com/glossary/website-migration/,184
what is answer engine optimization aeo,Informational,260,42,2.38,0.07,0,47,,https://wpvip.com/blog/answer-engine-optimization-strategies/,178
what is pim data,Informational,260,31,5.04,0.08,0,62,,https://wpvip.com/blog/pim-benefits-and-use-cases/,129
what is pim product information management,Informational,260,35,5.04,0.08,0,55,,https://wpvip.com/blog/pim-benefits-and-use-cases/,166
what is time to live in dns,Informational,260,48,2.59,0.02,0,20,,https://docs.wpvip.com/domains/check-dns-record-time-to-live/,162
wordpress 6.7 release candidate september 2025,Informational,260,20,0.00,0.00,0,5,,https://customerhub.wpvip.com/lobby/2025/08/05/wordpress-6-7-3-maintenance-release-with-backported-versions/,128
wordpress 6.7 release date,Informational,260,35,0.00,0.33,0,11,,https://wpvip.com/blog/wordpress-6-7/,107
wordpress 6.7 release date october 2025,Informational,260,28,0.00,0.00,0,9,,https://customerhub.wpvip.com/platform-release-schedule/,110
wordpress 6.8 1,Commercial,260,10,0.00,0.01,0,25,,https://customerhub.wpvip.com/lobby/2025/04/30/wordpress-6-8-1-maintenance-release/,105
wordpress cdn,Informational,260,28,8.83,0.22,0,6,,https://wpvip.com/blog/wordpress-cdn/,110000
wordpress courses,Informational,260,68,2.82,0.30,0,16,,https://learn.wpvip.com/,103
wordpress integrations,Informational,260,17,13.10,0.22,0,9,,https://wpvip.com/wordpress-ecosystem/,100
wordpress localization,Informational,260,13,3.89,0.03,0,16,,https://wpvip.com/resource/wordpress-localization/,108
wordpress mfa,Informational,260,49,2.89,0.09,0,6,,https://docs.wpvip.com/security-controls/wordpress/enforce-2fa/,106
wordpress outsourcing experts,Informational,260,-1,0.00,0.33,0,64,,https://wpvip.com/partners/service-partners/,2240000
wordpress self hosting,Informational,260,22,7.83,0.38,0,9,,https://wpvip.com/blog/self-hosted-wordpress/,150
wordpress vip partners,"Informational, Navigational",260,19,36.34,0.24,0,1,,https://wpvip.com/partners/,145
wordpress wp content uploads,Informational,260,24,4.51,0.01,0,5,,https://docs.wpvip.com/vip-file-system/media-uploads/,109
wp-json,Informational,260,38,0.00,0.33,0,8,,https://docs.wpvip.com/wordpress-on-vip/wordpress-rest-api/,129
wpcustom.co,Informational,260,0,0.00,0.00,0,55,,https://docs.wpvip.com/vip-cli/wp-cli-with-vip-cli/write-custom-wp-cli-commands/,423000
$ ssh-keygen -t rsa -c,Informational,210,5,0.52,0.01,63,0,https://www.kloudbean.com/ssh-key-generator/,,147000
2 step authentication wordpress,"Informational, Transactional",210,46,2.89,0.09,0,5,,https://docs.wpvip.com/security-controls/wordpress/enforce-2fa/,108
2fa for wordpress,Informational,210,45,2.89,0.09,0,3,,https://docs.wpvip.com/security-controls/wordpress/enforce-2fa/,124
6.8/3,Informational,210,32,0.00,0.33,0,32,,https://customerhub.wpvip.com/lobby/2025/09/30/wordpress-6-8-3-security-release/,0
aeo ai engine optimization,Informational,210,54,11.10,0.56,0,73,,https://wpvip.com/blog/answer-engine-optimization-strategies/,131
aeo tools content optimization,Informational,210,35,0.00,0.00,0,42,,https://wpvip.com/blog/answer-engine-optimization-strategies/,152
ai content management system,Informational,210,29,10.62,0.12,0,45,,https://wpvip.com/blog/ai-cms/,149
app color palette,Informational,210,72,3.33,0.05,14,0,https://www.kloudbean.com/mobile-app-color-scheme-generator/,,68
ascii converter hex,Informational,210,50,0.00,0.33,24,0,https://www.kloudbean.com/hex-to-ascii-converter/,,100
barcode creator free,Commercial,210,50,1.29,0.02,51,0,https://www.kloudbean.com/free-barcode-generator-tool/,,124
bcrypt hashing,Informational,210,47,0.00,0.01,15,0,https://www.kloudbean.com/bcrypt-hash-generator/,,125
bootstrap grid generator,Informational,210,48,0.00,0.33,49,0,https://www.kloudbean.com/css-grid-generator/,,126
build html table,Informational,210,51,3.94,0.03,25,0,https://www.kloudbean.com/html-table-generator/,,117
c formatter,Commercial,210,40,0.00,0.33,16,0,https://www.kloudbean.com/c-formatter-and-validator/,,112
ciphertext encoder,Informational,210,58,0.00,0.33,11,0,https://www.kloudbean.com/caesar-cipher-encoder-decoder/,,124
cloud digitalocean,Navigational,210,82,6.36,0.20,33,0,https://www.kloudbean.com/digital-ocean-managed-cloud-hosting/,,105
cloudinary svg to png,Informational,210,27,0.00,0.00,9,0,https://www.kloudbean.com/svg-to-png-converter/,,98
cms software examples,Commercial,210,39,3.41,0.15,0,58,,https://wpvip.com/blog/10-best-enterprise-content-management-systems/?itm_source=parsely-api,126
content analytics tools,"Commercial, Informational",210,46,10.41,0.05,0,16,,https://wpvip.com/blog/web-analytics-software-tools/,128
content security policy csp,Informational,210,64,6.86,0.11,0,15,,https://wpvip.com/blog/content-security-policy-guide/,134
content strategy website blog posts product descriptions educational resources,Informational,210,24,0.00,0.00,0,19,,https://wpvip.com/blog/8-types-of-content-marketing/,135
convert from hex to ascii,Informational,210,27,0.00,0.01,14,0,https://www.kloudbean.com/hex-to-ascii-converter/,,127
css animation generator,Informational,210,34,4.52,0.03,9,0,https://www.kloudbean.com/css-animation-generator/,,111
css to scss,Commercial,210,24,0.00,0.33,11,0,https://www.kloudbean.com/css-to-scss-converter/,,87
cssgridgenerator,Informational,210,41,0.00,0.33,17,0,https://www.kloudbean.com/css-grid-generator/,,109
curl show headers,Informational,210,20,0.00,0.33,0,23,,https://docs.wpvip.com/caching/page-cache/http-headers/retrieve-headers/,106
current ada standards for accessible design 2026,Informational,210,45,0.00,0.00,0,90,,https://wpvip.com/blog/ada-website-accessibility-deadline-2026/,174
cve-2025-67779.,Informational,210,40,0.00,0.09,0,26,,https://customerhub.wpvip.com/lobby/2025/12/11/security-update-additional-next-js-react-server-components-vulnerabilities-cve-2025-55183-cve-2025-55184-cve-2025-67779/,110
decode cert,Informational,210,29,0.00,0.02,36,0,https://www.kloudbean.com/ssl-certificate-decoder/,,89
decode pem,"Commercial, Informational",210,33,0.00,0.02,30,0,https://www.kloudbean.com/ssl-certificate-decoder/,,91
decode shift cipher,Informational,210,39,0.00,0.33,24,0,https://www.kloudbean.com/caesar-cipher-encoder-decoder/,,119
decoder cipher,Informational,210,60,0.00,0.33,12,0,https://www.kloudbean.com/caesar-cipher-encoder-decoder/,,188
decrypt any code,Informational,210,53,0.00,0.33,19,0,https://www.kloudbean.com/encryption-decryption-tool/,,129
decrypt message,Informational,210,19,0.00,0.33,44,0,https://www.kloudbean.com/encryption-decryption-tool/,,120
descrybe,Informational,210,15,8.55,0.33,76,0,https://www.kloudbean.com/encryption-decryption-tool/,,106
digital ocean cloud,Navigational,210,66,6.36,0.20,20,0,https://www.kloudbean.com/digital-ocean-managed-cloud-hosting/,,0
digital omnichannel experience,Informational,210,35,0.00,0.33,0,27,,https://wpvip.com/blog/omnichannel-digital-experiences-cms-composable/,140
digital publishing news,Informational,210,40,0.00,0.00,0,45,,https://wpvip.com/blog/digital-publishing-trends-media-guide/,64
disney data analytics conference,Navigational,210,22,0.87,0.28,0,23,,https://wpvip.com/event/ddac24/,102
dns time to live,Informational,210,43,2.61,0.01,0,18,,https://docs.wpvip.com/domains/check-dns-record-time-to-live/,127
draw entity relationship diagram online,Informational,210,41,3.01,0.19,64,0,https://www.kloudbean.com/entity-relationship-diagram-generator/,,167
dxp meaning,Informational,210,25,0.00,0.03,0,62,,https://wpvip.com/glossary/digital-experience-platform/,125
dxp software,Informational,210,51,18.83,0.05,0,48,,https://wpvip.com/glossary/digital-experience-platform/,127
dyndns ttl,Informational,210,29,2.61,0.01,0,33,,https://docs.wpvip.com/domains/check-dns-record-time-to-live/,102
encrypt and decrypt text,Informational,210,27,0.00,0.33,47,0,https://www.kloudbean.com/encryption-decryption-tool/,,124
encrypt decrypt online,Commercial,210,31,2.78,0.16,7,0,https://www.kloudbean.com/encryption-decryption-tool/,,93
encrypt key,Informational,210,36,4.93,0.07,26,0,https://www.kloudbean.com/encryption-decryption-tool/,,136
encrypt online,Informational,210,37,2.78,0.16,12,0,https://www.kloudbean.com/encryption-decryption-tool/,,108
error generator,Informational,210,12,0.00,0.00,26,0,https://www.kloudbean.com/api-error-code-generator/,,108
f1 score calculator,Informational,210,14,0.00,0.33,34,0,https://www.kloudbean.com/model-evaluation-metrics-calculator/,,117
forrester b2b summit 2026,Navigational,210,24,4.93,0.23,0,13,,https://wpvip.com/event/forrester-b2b-summit-2026/,106
fully managed elasticsearch,Informational,210,36,0.00,0.07,32,0,https://www.kloudbean.com/managed-databases-elasticsearch/,,140
get tech taking too much to update dns record,Informational,210,22,0.00,0.00,0,53,,https://docs.wpvip.com/domains/check-dns-record-time-to-live/,152
github checks,Informational,210,21,5.20,0.03,0,20,,https://docs.wpvip.com/code-deployment/github-repository/required-status-checks/,109
gitignore sample,Informational,210,47,0.00,0.33,50,0,https://www.kloudbean.com/gitignore-generator/,,128
gutenberg editor,Informational,210,65,1.53,0.24,0,5,,https://wpvip.com/wordpress-gutenberg/,133
headless cms explained,Informational,210,38,5.89,0.13,0,25,,https://wpvip.com/resource/headless-cms-guide/,110
headless cms vs wordpress,Commercial,210,5,3.43,0.08,0,28,,https://wpvip.com/blog/headless-vs-hybrid-wordpress/,132
hex to asci,Informational,210,27,0.00,0.33,12,0,https://www.kloudbean.com/hex-to-ascii-converter/,,99
how to access wordpress admin,Informational,210,35,0.28,0.11,0,24,,https://docs.wpvip.com/manage-user-access/wordpress/,162
how to calculate subnet from ip address,Informational,210,41,0.00,0.33,37,0,https://www.kloudbean.com/network-subnet-calculator/,,175
how to create the table in html,Informational,210,47,0.00,0.01,61,0,https://www.kloudbean.com/html-table-generator/,,146
how to display from salesforce to wordpress,Informational,210,21,0.00,0.00,0,16,,https://wpvip.com/wordpress-vip-for-salesforce/,138
how to find the subnet of an ip address,Informational,210,39,0.00,0.33,81,0,https://www.kloudbean.com/network-subnet-calculator/,,168
how to purge cache in wordpress,Informational,210,30,1.16,0.07,0,53,,https://docs.wpvip.com/caching/page-cache/purging/purge-tools/,133
json to class c,Informational,210,14,0.00,0.00,17,0,https://www.kloudbean.com/json-to-c-class-converter/,,112
json to go struct,Informational,210,27,0.00,0.01,27,0,https://www.kloudbean.com/json-to-go-struct-converter/,,105
json to java pojo,Informational,210,22,0.00,0.33,19,0,https://www.kloudbean.com/json-to-pojo-converter/,,108
jwt validation,Informational,210,55,4.87,0.02,59,0,https://www.kloudbean.com/jwt-decoder-validator/,,133
jwt verify,Informational,210,50,2.85,0.02,62,0,https://www.kloudbean.com/jwt-decoder-validator/,,124
latest wordpress version april 2026,Informational,210,15,0.00,0.00,0,16,,https://customerhub.wpvip.com/platform-release-schedule/,139
list web,Informational,210,58,5.22,0.19,46,0,https://www.kloudbean.com/html-list-generator/,,131
logging format,Informational,210,29,0.00,0.33,64,0,https://www.kloudbean.com/log-format-standardizer/,,134
node environment variables,Informational,210,38,0.00,0.33,0,36,,https://docs.wpvip.com/node-js/environment-variables/,129
node.js 20 end of life date,Informational,210,25,0.00,0.00,0,9,,https://customerhub.wpvip.com/lobby/2026/01/29/end-of-life-for-node-js-v20/,100
omnichannel content,Informational,210,21,0.00,0.01,0,20,,https://wpvip.com/blog/omnichannel-content-management/,134
parse ly login,"Navigational, Transactional",210,31,0.00,0.01,0,15,,https://docs.wpvip.com/parse-ly/parsely-features/,96
password decrypt,Informational,210,7,0.00,0.01,62,0,https://www.kloudbean.com/encryption-decryption-tool/,,116
pim database,Informational,210,30,10.14,0.38,0,51,,https://wpvip.com/glossary/product-information-management/,130
process.env.node_env,Informational,210,29,0.00,0.33,0,36,,https://docs.wpvip.com/node-js/environment-variables/,137
regex for ip address,Informational,210,34,0.00,0.33,23,0,https://www.kloudbean.com/regex-for-ip-address-validation/,,110
regex ip address,Informational,210,34,0.00,0.33,27,0,https://www.kloudbean.com/regex-for-ip-address-validation/,,111
rest wordpress,Informational,210,34,4.33,0.04,0,2,,https://learn.wpvip.com/course/mastering-the-wordpress-rest-api/,129
robots.txt for wordpress,Informational,210,31,2.53,0.33,0,2,,https://docs.wpvip.com/security-controls/robots-txt/,122
sale web,Informational,210,36,3.40,0.28,29,0,https://pages.kloudbean.com/how-to-sell-a-website-7-steps-to-make-fast-sale/,,123
scalable wordpress hosting,Informational,210,22,0.00,0.02,0,14,,https://wpvip.com/blog/wordpress-scalability/,156
security headers check,Commercial,210,48,4.83,0.31,16,0,https://www.kloudbean.com/http-security-headers-analyzer/,,90
self host gitlab,Informational,210,37,9.97,0.05,40,0,https://www.kloudbean.com/gitlab-self-hosted/,,107
self host supabase,Navigational,210,56,9.53,0.08,8,0,https://www.kloudbean.com/supabase-self-hosted/,,107
self hosting on wordpress,Informational,210,20,7.23,0.38,0,12,,https://wpvip.com/blog/self-hosted-wordpress/,126
seo migration website checklist glorvix.com,Commercial,210,20,0.00,0.00,0,40,,https://wpvip.com/blog/seo-checklist-for-website-migration/,3070
shadow generator,"Commercial, Informational",210,32,0.00,0.02,14,0,https://www.kloudbean.com/box-shadow-generator/,,94
simple splash screen,Informational,210,32,0.00,0.33,43,0,https://www.kloudbean.com/splash-screen-generator/,,129
snippet generator jenkins,Informational,210,6,0.00,0.33,25,0,https://www.kloudbean.com/jenkins-pipeline-generator/,,123
splash screeb,Informational,210,33,6.18,0.01,50,0,https://www.kloudbean.com/splash-screen-generator/,,132
stale while revalidate,Informational,210,40,0.00,0.33,0,35,,https://docs.wpvip.com/caching/page-cache/http-headers/stale-responses/,114
strong password checker catswhocode,Informational,210,33,0.83,0.02,39,0,https://www.kloudbean.com/password-strength-checker/,,518
supabase self host ui,Informational,210,50,0.00,0.00,11,0,https://www.kloudbean.com/supabase-self-hosted/,,108
text decrypter,Informational,210,32,1.44,0.03,30,0,https://www.kloudbean.com/encryption-decryption-tool/,,105
time to live dns,Informational,210,52,1.68,0.03,0,8,,https://docs.wpvip.com/domains/check-dns-record-time-to-live/,39
ttl dns,Informational,210,37,0.00,0.01,0,15,,https://docs.wpvip.com/domains/check-dns-record-time-to-live/,117
unencrypter,Informational,210,27,0.00,0.33,18,0,https://www.kloudbean.com/encryption-decryption-tool/,,432
uuid guid generator,Informational,210,21,8.22,0.33,16,0,https://www.kloudbean.com/uuid-guid-generator/,,96
vip website,Informational,210,61,2.39,0.02,0,8,,https://wpvip.com/,107
vultr hosting,Navigational,210,59,6.10,0.45,25,0,https://www.kloudbean.com/vultr-hosting/,,114
web page analytics tools,Informational,210,41,12.29,0.11,0,13,,https://wpvip.com/blog/web-analytics-software-tools/,135
what does ttl mean in dns,Informational,210,28,2.39,0.03,0,18,,https://docs.wpvip.com/domains/check-dns-record-time-to-live/,146
what is her campus,Informational,210,41,0.00,0.33,0,8,,https://wpvip.com/case-studies/her-campus-media/,628000000
what is wordpress multisite,Informational,210,40,1.82,0.10,0,5,,https://wpvip.com/blog/wordpress-multisite/,106
where does google get its information,"Informational, Transactional",210,58,0.00,0.33,0,52,,https://wpvip.com/blog/google-traffic-referral-sources/,147
word press.org,Navigational,210,54,7.97,0.43,0,44,,https://wpvip.com/blog/wordpress-org-vs-wordpress-com-vs-wordpress-vip-whats-the-difference/,0
wordpress 2 step authentication,Informational,210,53,2.89,0.09,0,6,,https://docs.wpvip.com/security-controls/wordpress/enforce-2fa/,105
wordpress 6.7 release date november 2025,Informational,210,19,0.00,0.00,0,8,,https://wpvip.com/blog/wordpress-6-7/,111
wordpress 6.7 release date september 2025,Informational,210,19,0.00,0.00,0,8,,https://customerhub.wpvip.com/platform-release-schedule/,109
wordpress 6.7.1,Informational,210,17,0.00,0.07,0,23,,https://wpvip.com/blog/wordpress-6-7/,109
wordpress [vc_row] what is this code called,Informational,210,7,0.00,0.00,0,75,,https://docs.wpvip.com/vip-cli/advanced-usage/,150
wordpress block editor custom functionality limitations,Informational,210,29,0.00,0.00,0,21,,https://wpvip.com/blog/using-a-design-system-with-wordpress-block-types-styles/,134
wordpress classes,"Informational, Transactional",210,68,2.96,0.42,0,19,,https://learn.wpvip.com/,103
wordpress core web vitals,Informational,210,16,0.00,0.33,0,4,,https://wpvip.com/glossary/core-web-vitals/,98
wordpress customer service telephone number,Navigational,210,45,5.23,0.42,0,25,,https://wpvip.com/contact/,108
wordpress double authentication,Informational,210,41,2.89,0.09,0,6,,https://docs.wpvip.com/security-controls/wordpress/enforce-2fa/,105
wordpress hardening guide official documentation,Informational,210,14,0.00,0.00,0,37,,https://docs.wpvip.com/,116
wordpress multisite development,Informational,210,23,0.00,0.05,0,3,,https://wpvip.com/blog/wordpress-multisite/,105
wordpress plugin_dir_path __file__ documentation,Informational,210,-1,0.00,0.00,0,14,,https://docs.wpvip.com/wordpress-skeleton/plugins-directory/,115
wordpress private files,Informational,210,17,0.00,0.33,0,17,,https://docs.wpvip.com/security-controls/access-controlled-files/,107
wordpress self hosted site,Informational,210,22,7.83,0.38,0,16,,https://wpvip.com/blog/self-hosted-wordpress/,102
wordpress session timeout plugin,Informational,210,35,0.00,0.00,0,16,,https://docs.wpvip.com/security-controls/wordpress/session-time/,104
wordpress two step authentication,Informational,210,50,2.82,0.11,0,5,,https://docs.wpvip.com/security-controls/wordpress/enforce-2fa/,105
wordpress vip self-hosted servers on-premises,Informational,210,24,0.00,0.00,0,1,,https://wpvip.com/blog/self-hosted-wordpress/,4310000
workwithus.vip email hosting provider,Informational,210,47,0.00,0.00,0,2,,https://docs.wpvip.com/wordpress-on-vip/email/,590000000
wp multisite,Informational,210,35,19.07,0.30,0,6,,https://wpvip.com/blog/wordpress-multisite/,131
wp vip,Navigational,210,31,25.61,0.45,0,1,,https://wpvip.com/,111
wp-cron.php,Informational,210,39,0.00,0.02,0,23,,https://docs.wpvip.com/wordpress-on-vip/cron-control/,132
www.wordpress.com,Navigational,210,100,6.70,0.31,0,29,,https://wpvip.com/,0
xp-vip,Informational,210,11,0.00,0.33,0,8,,https://wpvip.com/,111000000
505 errors,Informational,170,21,0.00,0.33,16,0,https://www.kloudbean.com/how-to-fix-error-505/,,107
activity: decrypt an encrypted message,"Informational, Transactional",170,12,0.00,0.06,39,0,https://www.kloudbean.com/encryption-decryption-tool/,,192
american eagle website design,Navigational,170,47,8.51,0.36,0,15,,https://wpvip.com/partner/americaneagle-com/,107
apis wordpress,Informational,170,50,4.30,0.05,0,4,,https://docs.wpvip.com/wordpress-on-vip/wordpress-rest-api/,89
app splash screen,Informational,170,27,5.99,0.03,36,0,https://www.kloudbean.com/splash-screen-generator/,,160
aspect ratio calculator for images,Informational,170,38,0.00,0.33,21,0,https://www.kloudbean.com/image-aspect-ratio-calculator/,,120
bcrypt hash generator,Informational,170,27,0.00,0.33,4,0,https://www.kloudbean.com/bcrypt-hash-generator/,,93
best cms for enterprise,Commercial,170,27,24.88,0.05,0,28,,https://wpvip.com/blog/10-best-enterprise-content-management-systems/,146
best enterprise cms,Commercial,170,26,24.88,0.05,0,21,,https://wpvip.com/blog/10-best-enterprise-content-management-systems/?itm_source=parsely-api,151
bionicwp,Navigational,170,28,7.36,0.27,0,45,,https://wpvip.com/,145
border radius generator,Informational,170,23,0.00,0.33,23,0,https://www.kloudbean.com/border-radius-generator/,,95
cache control max age,Informational,170,51,0.00,0.33,0,24,,https://docs.wpvip.com/caching/page-cache/customize-behavior/cache-control-headers/,106
caesar cypher translator,Informational,170,38,0.00,0.33,11,0,https://www.kloudbean.com/caesar-cipher-encoder-decoder/,,124
calculating statistical significance,Informational,170,42,0.00,0.33,52,0,https://www.kloudbean.com/statistical-significance-calculator/,,130
ceaser cipher encoder,"Commercial, Informational",170,55,0.00,0.33,13,0,https://www.kloudbean.com/caesar-cipher-encoder-decoder/,,117
check the responsive of website on all sizes,Informational,170,32,0.00,0.00,26,0,https://www.kloudbean.com/responsive-design-checker/,,151
cloud ocean,Navigational,170,36,3.69,0.19,24,0,https://www.kloudbean.com/digital-ocean-managed-cloud-hosting/,,126
cloud.digitalocean,Navigational,170,78,6.36,0.20,33,0,https://www.kloudbean.com/digital-ocean-managed-cloud-hosting/,,105
code encryptor,Informational,170,40,1.66,0.14,49,0,https://www.kloudbean.com/encryption-decryption-tool/,,125
commit message,Informational,170,43,0.00,0.33,0,16,,https://docs.wpvip.com/guidebooks/developer-best-practices/create-a-good-commit-message/,134
content management system architecture,Informational,170,28,0.00,0.05,0,8,,https://wpvip.com/blog/content-architecture-cms-best-practices/,20
content marketing budget,Informational,170,26,0.00,0.33,0,5,,https://wpvip.com/resource/content-marketing-budget/,132
content tagging,Informational,170,14,0.00,0.33,0,11,,https://wpvip.com/blog/5-tagging-best-practices-content-strategy/,132
control cache,Informational,170,36,0.00,0.33,0,8,,https://docs.wpvip.com/caching/page-cache/customize-behavior/cache-control-headers/,114
convert alpha to hex,Informational,170,50,0.00,0.33,34,0,https://www.kloudbean.com/hex-to-rgb-rgba-converter/,,94
core web vitals wordpress,Informational,170,26,0.00,0.02,0,4,,https://wpvip.com/glossary/core-web-vitals/,117
create a html table,Informational,170,56,0.00,0.01,26,0,https://www.kloudbean.com/html-table-generator/,,104
create a json schema,Informational,170,49,5.22,0.04,36,0,https://www.kloudbean.com/json-schema-generator/,,120
cryptography tools,Informational,170,30,3.90,0.11,57,0,https://www.kloudbean.com/encryption-decryption-tool/,,124
current wordpress version march 2026,Informational,170,18,0.00,0.00,0,11,,https://customerhub.wpvip.com/platform-release-schedule/,150
decode caesar cipher,Informational,170,46,0.00,0.33,25,0,https://www.kloudbean.com/caesar-cipher-encoder-decoder/,,118
decoding certificate,Informational,170,31,0.00,0.02,29,0,https://www.kloudbean.com/ssl-certificate-decoder/,,94
decrypt ssl certificate,Informational,170,29,9.13,0.04,38,0,https://www.kloudbean.com/ssl-certificate-decoder/,,94
decrypt this message,Informational,170,43,0.00,0.33,28,0,https://www.kloudbean.com/encryption-decryption-tool/,,111
decrypt this text,Informational,170,30,0.00,0.33,29,0,https://www.kloudbean.com/encryption-decryption-tool/,,109
dns what is ttl,Informational,170,40,2.61,0.01,0,16,,https://docs.wpvip.com/domains/check-dns-record-time-to-live/,117
does vipsecurity.bg have a blog,Informational,170,0,0.00,0.00,0,79,,https://docs.wpvip.com/security/,500000
does wiplus.com.co have a blog,Informational,170,25,0.00,0.00,0,47,,https://wpvip.com/blog/,3360000
encrypt caesar cipher,"Commercial, Informational",170,40,0.00,0.33,32,0,https://www.kloudbean.com/caesar-cipher-encoder-decoder/,,114
encrypt the text,Informational,170,23,0.00,0.33,44,0,https://www.kloudbean.com/encryption-decryption-tool/,,113
enterprise content management architecture,Informational,170,25,0.00,0.33,0,47,,https://wpvip.com/blog/enterprise-content-management-strategy/,136
enterprise content management definition,Informational,170,50,13.50,0.01,0,35,,https://wpvip.com/blog/enterprise-content-management/,134
enterprise managed wordpress hosting,Informational,170,47,0.00,0.08,0,95,,https://wpvip.com/blog/best-wordpress-hosting/,148
enterprise product information management,Informational,170,36,0.00,0.33,0,51,,https://wpvip.com/blog/pim-benefits-and-use-cases/,136
enterprise web cms,Informational,170,27,0.00,0.03,0,17,,https://wpvip.com/blog/enterprise-cms/,128
enterprise web content management,Informational,170,45,0.00,0.02,0,15,,https://wpvip.com/blog/enterprise-content-management/,133
enterprise wordpress experts,Informational,170,21,0.00,0.33,0,7,,https://wpvip.com/,132
entity relationship online,Informational,170,39,3.01,0.19,42,0,https://www.kloudbean.com/entity-relationship-diagram-generator/,,130
error code 505,Informational,170,23,0.00,0.00,23,0,https://www.kloudbean.com/how-to-fix-error-505/,,127
file decrypter,Informational,170,25,2.29,0.05,78,0,https://www.kloudbean.com/encryption-decryption-tool/,,131
file decryptor,Informational,170,22,1.98,0.10,87,0,https://www.kloudbean.com/encryption-decryption-tool/,,136
file protection wordpress multisite,Informational,170,15,0.00,0.00,0,14,,https://wpvip.com/blog/wordpress-multisite/,506000
fivethirtyeight election,Informational,170,51,0.00,0.00,0,25,,https://wpvip.com/case-studies/fivethirtyeight-election-night/,287000
forms of content marketing,Informational,170,59,0.00,0.33,0,21,,https://wpvip.com/blog/8-types-of-content-marketing/,133
free statistical significance calculator,Informational,170,28,0.00,0.02,27,0,https://www.kloudbean.com/statistical-significance-calculator/,,102
generator shadow,Informational,170,44,0.00,0.02,26,0,https://www.kloudbean.com/text-shadow-generator/,,98
generator triangle,Informational,170,33,0.00,0.33,18,0,https://www.kloudbean.com/css-triangle-generator/,,170
gitlab self host,Informational,170,36,6.65,0.06,46,0,https://www.kloudbean.com/gitlab-self-hosted/,,106
graphql resolver,Informational,170,34,6.99,0.03,46,0,https://www.kloudbean.com/graphql-resolver-generator/,,107
grid system generator,Commercial,170,27,2.54,0.02,26,0,https://www.kloudbean.com/css-grid-generator/,,112
gutenberg for wordpress,Navigational,170,69,1.69,0.16,0,4,,https://wpvip.com/wordpress-gutenberg/,107
hex converter ascii,Informational,170,38,11.73,0.01,18,0,https://www.kloudbean.com/hex-to-ascii-converter/,,99
how do you make a filter,Informational,170,6,0.00,0.33,53,0,https://www.kloudbean.com/image-filter-generator/,,194
how to calculate aspect ratio of an image,Informational,170,44,0.00,0.33,17,0,https://www.kloudbean.com/image-aspect-ratio-calculator/,,139
http cache-control no-cache definition,Informational,170,50,0.00,0.00,0,22,,https://docs.wpvip.com/caching/page-cache/customize-behavior/cache-control-headers/,121
image size ratio calculator,Informational,170,26,0.00,0.33,21,0,https://www.kloudbean.com/image-aspect-ratio-calculator/,,99
json to golang struct,Informational,170,23,0.00,0.02,28,0,https://www.kloudbean.com/json-to-go-struct-converter/,,107
json to pojo java,"Commercial, Informational",170,30,0.00,0.33,14,0,https://www.kloudbean.com/json-to-pojo-converter/,,115
json to pojo online converter,Commercial,170,21,0.00,0.33,14,0,https://www.kloudbean.com/json-to-pojo-converter/,,89
mfa platform,Informational,170,39,15.52,0.02,0,52,,https://wpvip.com/glossary/what-is-multi-factor-authentication-mfa/,199
mfa wordpress,Informational,170,48,2.82,0.11,0,7,,https://docs.wpvip.com/security-controls/wordpress/enforce-2fa/,122
migration seo checklist,Informational,170,17,0.00,0.33,0,45,,https://wpvip.com/blog/seo-checklist-for-website-migration/,112
multi site website,Informational,170,29,9.66,0.01,0,5,,https://wpvip.com/blog/wordpress-multisite/,127
new media marketing,Informational,170,45,0.00,0.03,0,39,,https://wpvip.com/event/media-is-the-new-marketing-webinar/,136
newsroom wp,Informational,170,24,0.72,0.01,0,6,,https://wpvip.com/newsroom/,131
node 20 eol,Informational,170,35,5.33,0.24,0,14,,https://customerhub.wpvip.com/lobby/2026/01/29/end-of-life-for-node-js-v20/,93
onesignal create notification api fields ttl silent_push big_picture deep_link,"Informational, Navigational",170,17,0.00,0.00,0,50,,https://wpvip.com/blog/six-questions-with-onesignal-on-using-push-notifications-to-keep-customers-engaged/,308
onesignal sms features,"Informational, Navigational",170,14,0.00,0.33,0,19,,https://wpvip.com/blog/six-questions-with-onesignal-on-using-push-notifications-to-keep-customers-engaged/,104
online decrypt aes,Informational,170,38,1.62,0.03,43,0,https://www.kloudbean.com/encryption-decryption-tool/,,87
open webui tools,Informational,170,20,0.00,0.33,34,0,https://support.kloudbean.com/docs/ai-tools/openwebui/,,98
open webui.,Informational,170,47,5.73,0.01,55,0,https://support.kloudbean.com/docs/ai-tools/openwebui/,,96
personalized content marketing,Informational,170,34,0.00,0.33,0,10,,https://wpvip.com/blog/content-personalization/,131
phpcs,Informational,170,43,5.14,0.09,0,8,,https://docs.wpvip.com/php_codesniffer/,126
please enter the commit message for your changes. lines starting,Informational,170,20,0.00,0.33,0,48,,https://docs.wpvip.com/guidebooks/developer-best-practices/create-a-good-commit-message/,139
product information management pim,"Commercial, Informational",170,39,10.14,0.38,0,50,,https://wpvip.com/blog/pim-benefits-and-use-cases/,137
product information manager,Informational,170,39,10.14,0.38,0,48,,https://wpvip.com/blog/pim-benefits-and-use-cases/,128
python cloud hosting,Informational,170,40,5.62,0.16,31,0,https://www.kloudbean.com/python-hosting/,,127
python validator,Informational,170,19,3.88,0.08,24,0,https://www.kloudbean.com/python-formatter-and-validator/,,108
regex pattern generator,Commercial,170,51,0.00,0.03,33,0,https://www.kloudbean.com/regex-pattern-generator/,,120
regular expression for password,Informational,170,24,0.00,0.33,13,0,https://www.kloudbean.com/regex-for-password-validation/,,119
responsive site checker,Informational,170,43,2.80,0.07,9,0,https://www.kloudbean.com/responsive-design-checker/,,122
responsive web checker,Commercial,170,48,2.80,0.07,16,0,https://www.kloudbean.com/responsive-design-checker/,,111
responsive website checker,Commercial,170,59,2.80,0.07,11,0,https://www.kloudbean.com/responsive-design-checker/,,118
rgb to hexa,Informational,170,32,3.46,0.01,38,0,https://www.kloudbean.com/rgb-to-hex-converter/,,95
rgb to hexadecimal color converter,Informational,170,50,0.00,0.33,38,0,https://www.kloudbean.com/rgb-to-hex-converter/,,123
salesforce wordpress,Informational,170,31,17.92,0.03,0,6,,https://wpvip.com/wordpress-vip-for-salesforce/,105
sample gitignore file,Informational,170,67,0.07,0.01,42,0,https://www.kloudbean.com/gitignore-generator/,,131
scalability pro,Informational,170,2,0.00,0.13,0,15,,https://wpvip.com/blog/wordpress-scalability/,96
script injection,Informational,170,33,0.00,0.33,0,15,,https://wpvip.com/blog/injection-vulnerabilities/,136
self hosted supabase,"Informational, Navigational",170,58,9.53,0.08,7,0,https://www.kloudbean.com/supabase-self-hosted/,,106
significance test calculator,"Commercial, Informational",170,34,0.00,0.01,50,0,https://www.kloudbean.com/statistical-significance-calculator/,,118
soap request,Informational,170,26,0.00,0.33,50,0,https://www.kloudbean.com/soap-request-generator/,,134
ssh-keygen -t ed25519,Informational,170,3,0.00,0.33,76,0,https://www.kloudbean.com/ssh-key-generator/,,43800
table html creator,Informational,170,23,4.15,0.02,31,0,https://www.kloudbean.com/html-table-generator/,,112
table html generator,Informational,170,24,4.15,0.02,30,0,https://www.kloudbean.com/html-table-generator/,,113
tool encryption,Informational,170,51,3.73,0.28,24,0,https://www.kloudbean.com/encryption-decryption-tool/,,130
top web analytics tools,Commercial,170,29,22.68,0.31,0,5,,https://wpvip.com/blog/web-analytics-software-tools/,120
traffic source referral,Informational,170,40,24.68,0.03,0,10,,https://wpvip.com/blog/google-traffic-referral-sources/,131
ttl in dns,Informational,170,27,2.61,0.01,0,6,,https://docs.wpvip.com/domains/check-dns-record-time-to-live/,121
vip code,Informational,170,62,6.86,0.01,0,3,,https://docs.wpvip.com/vip-code-analysis-bot/,91
vip mail,Informational,170,21,0.52,0.09,0,16,,https://docs.wpvip.com/wordpress-on-vip/email/,118
viplogs,Navigational,170,18,0.00,0.33,0,5,,https://customerhub.wpvip.com/lobby/2022/01/07/runtime-logs/,137
vippluggin,"Informational, Transactional",170,7,0.00,0.33,0,14,,https://docs.wpvip.com/plugins/installing-plugins/,75
web information architecture,Informational,170,57,4.27,0.15,0,21,,https://wpvip.com/blog/website-information-architecture/,133
what does it mean to migrate from a website,Informational,170,17,0.00,0.00,0,7,,https://wpvip.com/glossary/website-migration/,166
what is a hybrid cms,Informational,170,17,0.00,0.03,0,9,,https://wpvip.com/glossary/hybrid-cms/,182
what is content personalization,Informational,170,41,0.00,0.02,0,4,,https://wpvip.com/glossary/what-is-content-personalization/,129
what is current wordpress version,Informational,170,31,7.44,0.02,0,11,,https://docs.wpvip.com/wordpress-on-vip/wordpress-upgrades/,141
what is dns ttl,Informational,170,32,2.59,0.02,0,18,,https://docs.wpvip.com/domains/check-dns-record-time-to-live/,121
what is headless wordpress,Informational,170,27,1.66,0.18,0,3,,https://wpvip.com/headless-wordpress/,127
what is the company name for vipsecurity.bg,Informational,170,11,0.00,0.00,0,42,,https://wpvip.com/security/,328000
what is the current version of wordpress,Informational,170,41,7.44,0.02,0,11,,https://docs.wpvip.com/wordpress-on-vip/wordpress-upgrades/,20
wordpress 2 factor authentication,"Commercial, Informational",170,45,2.89,0.09,0,6,,https://docs.wpvip.com/security-controls/wordpress/enforce-2fa/,106
wordpress 6.5 new plugin capabilities,Informational,170,3,0.00,0.00,0,42,,https://wpvip.com/blog/wordpress-6-5/,91
wordpress 6.7 release candidate december 2025,Informational,170,18,0.00,0.00,0,54,,https://customerhub.wpvip.com/platform-release-schedule/,19700
wordpress 6.7 release date december 2025 news,Informational,170,15,0.00,0.00,0,41,,https://customerhub.wpvip.com/platform-release-schedule/,427000
wordpress 6.7 release date news october 2025,Informational,170,12,0.00,0.00,0,8,,https://wpvip.com/blog/wordpress-6-7/,611000
wordpress 6.7 release date october 2025 news,Informational,170,10,0.00,0.00,0,10,,https://wpvip.com/blog/wordpress-6-7/,255000
wordpress 6.7 release news october 2025,Informational,170,14,0.00,0.00,0,10,,https://wpvip.com/blog/wordpress-6-7/,610000
wordpress 6.7.2 update review 2025,Commercial,170,8,0.00,0.00,0,15,,https://customerhub.wpvip.com/lobby/2025/02/11/wordpress-6-7-2-maintenance-release/,11900
wordpress 6.8.3,Informational,170,17,0.00,0.01,0,10,,https://customerhub.wpvip.com/lobby/2025/09/30/wordpress-6-8-3-security-release/,103
wordpress and rest api,"Informational, Navigational",170,45,6.42,0.04,0,6,,https://docs.wpvip.com/wordpress-on-vip/wordpress-rest-api/,46
wordpress caching,Informational,170,37,3.67,0.13,0,12,,https://wpvip.com/blog/caching/,52
wordpress documentation,Navigational,170,70,3.50,0.11,0,6,,https://docs.wpvip.com/,108
wordpress for enterprise,Informational,170,19,27.43,0.28,0,1,,https://wpvip.com/,93
wordpress gutenberg editor,Informational,170,51,1.52,0.18,0,4,,https://wpvip.com/wordpress-gutenberg/,149
wordpress headless theme,Informational,170,-1,0.00,0.03,0,5,,https://wpvip.com/headless-wordpress/,106
wordpress logs,Informational,170,20,0.77,0.03,0,10,,https://docs.wpvip.com/logs/,104
wordpress multi factor authentication,Informational,170,48,2.82,0.11,0,6,,https://docs.wpvip.com/security-controls/wordpress/enforce-2fa/,103
wordpress multisite hosting,Informational,170,15,52.06,0.15,0,14,,https://wpvip.com/glossary/wordpress-multisite/,125
wordpress personalization,Informational,170,20,0.00,0.34,0,1,,https://wpvip.com/resources/ebooks/achieve-personalization-with-enterprise-wordpress/,108
wordpress sql injection,Informational,170,10,0.00,0.01,0,7,,https://wpvip.com/blog/injection-vulnerabilities/,125
wordpress sso,Commercial,170,15,16.76,0.18,0,5,,https://docs.wpvip.com/security-controls/wordpress/sso/,108
wordpress theme for directory site,Informational,170,42,2.99,0.25,0,12,,https://docs.wpvip.com/wordpress-skeleton/themes-directory/,141
wordpress two factor,Informational,170,30,2.89,0.09,0,4,,https://docs.wpvip.com/security-controls/wordpress/enforce-2fa/,124
wordpress vip business plan pricing 2025,Informational,170,15,0.00,0.00,0,1,,https://wpvip.com/pricing/,95
wordpress vip pricing,Transactional,170,26,25.44,0.45,0,1,,https://wpvip.com/pricing/,107
wordpress.ocm,Navigational,170,100,3.38,0.43,0,34,,https://wpvip.com/,0
wp cdn cache,Informational,170,20,0.00,0.00,0,5,,https://wpvip.com/blog/caching/,134
wp enterprises,Informational,170,17,0.00,0.08,0,5,,https://wpvip.com/,104
wp maintenance mode plugin,Informational,170,30,0.00,0.01,0,13,,https://docs.wpvip.com/plugins/automattic-plugins/maintenance-mode/,127
wp remote,Navigational,170,11,0.00,0.02,0,35,,https://wpvip.com/,167
wp rest,Navigational,170,38,6.42,0.04,0,2,,https://docs.wpvip.com/wordpress-on-vip/wordpress-rest-api/,192
wpeni,Navigational,170,56,2.43,0.33,0,3,,https://wpvip.com/,2540
wpvip,Navigational,170,31,21.25,0.40,0,1,,https://wpvip.com/,150
yoast.com,Navigational,170,70,3.57,0.33,0,54,,https://wpvip.com/partner/yoast/,3240000
#strategyless.com,Informational,140,25,0.00,0.33,0,18,,https://wpvip.com/blog/less-is-more-content-strategy/,296000
14400 ttl,Informational,140,21,0.00,0.01,0,4,,https://docs.wpvip.com/domains/check-dns-record-time-to-live/,107
14400 ttl in hours,Informational,140,29,0.00,0.33,0,2,,https://docs.wpvip.com/domains/check-dns-record-time-to-live/,94
2 factor authentication for wordpress,Informational,140,54,2.82,0.11,0,6,,https://docs.wpvip.com/security-controls/wordpress/enforce-2fa/,137
2 factor authentication wordpress,Informational,140,23,2.89,0.09,0,6,,https://docs.wpvip.com/security-controls/wordpress/enforce-2fa/,107
admin suspend user multiple platform login verification process,"Informational, Transactional",140,20,0.00,0.00,0,26,,https://docs.wpvip.com/security-controls/wordpress/enforce-2fa/,183000000
adr document,Informational,140,53,0.00,0.33,48,0,https://www.kloudbean.com/architecture-decision-record-adr-template/,,129
aeo content structure for b2b saas platforms,Informational,140,5,0.00,0.00,0,38,,https://wpvip.com/blog/answer-engine-optimization-strategies/,185
aeo in marketing,Informational,140,51,5.52,0.53,0,65,,https://wpvip.com/blog/answer-engine-optimization-strategies/,132
american eagle web developers,Navigational,140,51,8.51,0.36,0,5,,https://wpvip.com/partner/americaneagle-com/,0
api-key generator,Commercial,140,32,3.48,0.17,24,0,https://www.kloudbean.com/api-key-generator/,,109
aprimos,Informational,140,49,10.38,0.29,0,15,,https://wpvip.com/partner/aprimo/,186000
athena aeo answer engine optimization,"Commercial, Informational",140,37,0.00,0.00,0,43,,https://wpvip.com/blog/answer-engine-optimization-strategies/,204
benefits of open source,Informational,140,23,0.00,0.33,0,19,,https://wpvip.com/blog/how-open-source-software-benefits-businesses/,128
best enterprise cloud content management usability,Commercial,140,14,0.00,0.00,0,55,,https://wpvip.com/blog/10-best-enterprise-content-management-systems/,134
best laravel hosting,Commercial,140,41,10.47,0.13,40,0,https://www.kloudbean.com/laravel-hosting/,,148
broadbean pricing,Transactional,140,7,0.00,0.40,48,0,https://www.kloudbean.com/pricing/,,688000
buying committee,Informational,140,24,0.00,0.02,0,6,,https://wpvip.com/blog/b2b-buying-committee-content-strategy/,137
cache control no cache,Informational,140,47,0.00,0.33,0,25,,https://docs.wpvip.com/caching/page-cache/customize-behavior/cache-control-headers/,114
cache stampede,Informational,140,40,0.00,0.33,0,24,,https://wpvip.com/blog/wordpress-caching/,114
cache-control: no-store,Informational,140,50,0.00,0.33,0,29,,https://docs.wpvip.com/caching/page-cache/customize-behavior/cache-control-headers/,87
caesar decrypt,Informational,140,29,0.00,0.33,26,0,https://www.kloudbean.com/caesar-cipher-encoder-decoder/,,122
certificate signing request generator,Informational,140,17,5.97,0.09,10,0,https://www.kloudbean.com/csr-certificate-signing-request-generator/,,116
cesar cypher decoder,Informational,140,27,0.00,0.33,20,0,https://www.kloudbean.com/caesar-cipher-encoder-decoder/,,120
cipher encode,Informational,140,69,0.00,0.33,18,0,https://www.kloudbean.com/caesar-cipher-encoder-decoder/,,32
cloud cost estimator,Commercial,140,49,7.63,0.11,43,0,https://www.kloudbean.com/cloud-cost-calculator/,,131
cloudinary wordpress,Informational,140,35,0.00,0.33,0,6,,https://wpvip.com/partner/cloudinary/,104
common logging format,Informational,140,27,0.00,0.33,37,0,https://www.kloudbean.com/log-format-standardizer/,,109
content management software companies,"Commercial, Informational",140,45,8.99,0.01,0,42,,https://wpvip.com/blog/10-best-enterprise-content-management-systems/?itm_source=parsely-api,133
content marketing for business growth,Informational,140,30,0.00,0.01,0,1,,https://wpvip.com/resource/content-marketing-strategy-guide/,155
content taxonomy,Informational,140,41,0.00,0.01,0,14,,https://wpvip.com/blog/content-taxonomy-setup/,133
core web vital,Informational,140,72,4.80,0.09,0,17,,https://wpvip.com/glossary/core-web-vitals/,128
count the words on a website,Informational,140,34,0.21,0.08,0,32,,https://wpvip.com/blog/ideal-word-count/,161
css arrow generator,Informational,140,8,0.00,0.33,29,0,https://www.kloudbean.com/css-triangle-generator/,,87
cypher coder,Commercial,140,64,0.00,0.33,27,0,https://www.kloudbean.com/caesar-cipher-encoder-decoder/,,136
decode hex to ascii,Informational,140,24,0.00,0.01,11,0,https://www.kloudbean.com/hex-to-ascii-converter/,,97
decode password,Informational,140,15,1.13,0.02,65,0,https://www.kloudbean.com/encryption-decryption-tool/,,106
decode ssl,Informational,140,27,10.34,0.04,36,0,https://www.kloudbean.com/ssl-certificate-decoder/,,94
decode x509 certificate,Informational,140,10,0.00,0.02,43,0,https://www.kloudbean.com/ssl-certificate-decoder/,,85
decoder caesar cipher,Informational,140,28,0.00,0.33,25,0,https://www.kloudbean.com/caesar-cipher-encoder-decoder/,,123
decrypt key,Informational,140,30,2.53,0.01,14,0,https://www.kloudbean.com/encryption-decryption-tool/,,125
decrypt password online,Informational,140,9,0.00,0.01,12,0,https://www.kloudbean.com/encryption-decryption-tool/,,100
decrypt the text,Informational,140,30,0.00,0.33,33,0,https://www.kloudbean.com/encryption-decryption-tool/,,114
decrypt tool,Informational,140,45,1.47,0.03,23,0,https://www.kloudbean.com/encryption-decryption-tool/,,112
decryption software,Informational,140,35,2.40,0.09,16,0,https://www.kloudbean.com/encryption-decryption-tool/,,137
decryption tool,Informational,140,48,1.47,0.03,18,0,https://www.kloudbean.com/encryption-decryption-tool/,,125
digital river company,"Commercial, Informational",140,35,6.85,0.01,0,28,,https://wpvip.com/blog/six-questions-with-digital-river/,109
dni in morse code,Informational,140,47,0.00,0.33,25,0,https://www.kloudbean.com/morse-code-translator/,,98500
documentation adr,Informational,140,50,0.00,0.01,52,0,https://www.kloudbean.com/architecture-decision-record-adr-template/,,126
elasticpress,Navigational,140,24,4.66,0.04,0,30,,https://docs.wpvip.com/wordpress-on-vip/search-options/elasticsearch/,122
encryption decoder,Informational,140,60,0.00,0.01,28,0,https://www.kloudbean.com/encryption-decryption-tool/,,131
encryption decryption,Informational,140,35,2.83,0.05,12,0,https://www.kloudbean.com/encryption-decryption-tool/,,130
encryption online,Informational,140,40,2.03,0.10,15,0,https://www.kloudbean.com/encryption-decryption-tool/,,97
encryption to text,Informational,140,29,1.68,0.01,34,0,https://www.kloudbean.com/encryption-decryption-tool/,,114
encryption with key,Informational,140,47,3.72,0.03,13,0,https://www.kloudbean.com/encryption-decryption-tool/,,138
enterprise cms platform,"Commercial, Informational",140,21,33.04,0.35,0,26,,https://wpvip.com/blog/10-best-enterprise-content-management-systems/,99
enterprise content management system definition,Informational,140,48,13.50,0.01,0,48,,https://wpvip.com/glossary/enterprise-content-management-systems/,134
enterprise digital,Informational,140,36,8.24,0.10,0,10,,https://wpvip.com/blog/enterprise-digital-transformation/,113
enterprise localization,Informational,140,22,18.62,0.06,0,5,,https://wpvip.com/blog/enterprise-localization-content/,117
enterprise wordpress support,Informational,140,15,23.74,0.20,0,1,,https://wpvip.com/wordpress-vip-enterprise-support/,108
exe to html converter,Informational,140,23,0.00,0.33,53,0,https://www.kloudbean.com/jsx-to-html-converter/,,104
exif meta,Informational,140,68,0.24,0.01,62,0,https://www.kloudbean.com/exif-data-viewer/,,128
filter generator,Informational,140,36,0.00,0.01,4,0,https://www.kloudbean.com/image-filter-generator/,,92
font face generator,Informational,140,50,0.00,0.33,62,0,https://www.kloudbean.com/webfont-generator/,,115
full page cache,Informational,140,21,0.00,0.33,0,10,,https://docs.wpvip.com/caching/page-cache/,131
generator border radius,Informational,140,25,0.00,0.33,25,0,https://www.kloudbean.com/border-radius-generator/,,106
get more traffic from llms,Informational,140,4,0.00,0.00,0,9,,https://wpvip.com/blog/llm-referral-traffic-conversions/,180
google search central descriptive urls best practices 2026,Commercial,140,32,0.00,0.00,0,98,,https://wpvip.com/blog/ada-website-accessibility-deadline-2026/,164
gutenberg editor wordpress,Informational,140,31,1.52,0.18,0,4,,https://wpvip.com/wordpress-gutenberg/,131
headless cms implementation,Informational,140,31,0.00,0.33,0,9,,https://wpvip.com/resource/headless-cms-guide/,131
headless content management systems,Informational,140,54,16.13,0.15,0,32,,https://wpvip.com/glossary/headless-content-management-systems/,158
hercampus media,Navigational,140,45,10.71,0.02,0,7,,https://wpvip.com/case-studies/her-campus-media/,110
hex in ascii,Informational,140,53,0.00,0.33,18,0,https://www.kloudbean.com/hex-to-ascii-converter/,,110
hex rgba,Informational,140,48,0.00,0.33,20,0,https://www.kloudbean.com/hex-to-rgb-rgba-converter/,,102
how to calculate ip subnet,Informational,140,57,0.00,0.33,54,0,https://www.kloudbean.com/network-subnet-calculator/,,156
how to check exif data,Informational,140,52,0.00,0.33,83,0,https://www.kloudbean.com/exif-data-viewer/,,168
how to edit robots.txt in wordpress,Informational,140,35,0.00,0.03,0,3,,https://docs.wpvip.com/security-controls/robots-txt/,106
how to find subnet from ip address,Informational,140,64,0.00,0.33,60,0,https://www.kloudbean.com/network-subnet-calculator/,,179
how to get to wordpress admin,Informational,140,23,0.67,0.10,0,23,,https://docs.wpvip.com/manage-user-access/wordpress/,174
how to validate input in c,Informational,140,22,0.00,0.33,22,0,https://www.kloudbean.com/c-formatter-and-validator/,,115
html to jsx converter,Informational,140,11,0.00,0.02,16,0,https://www.kloudbean.com/jsx-to-html-converter/,,92
http response header,Informational,140,64,0.00,0.33,0,23,,https://docs.wpvip.com/caching/page-cache/http-headers/,131
http response headers,Informational,140,66,0.00,0.33,0,33,,https://docs.wpvip.com/caching/page-cache/http-headers/,130
http vary,Informational,140,32,0.00,0.33,0,17,,https://docs.wpvip.com/caching/page-cache/customize-behavior/vary-http-response-header/,105
ip restriction,Informational,140,19,5.32,0.01,0,14,,https://docs.wpvip.com/security-controls/ip-restrictions/,122
jetpack ai,Informational,140,31,5.62,0.19,0,5,,https://wpvip.com/jetpack-ai/,107
json c# class,Informational,140,21,0.00,0.01,28,0,https://www.kloudbean.com/json-to-c-class-converter/,,113
json to class in c#,Informational,140,12,0.00,0.01,34,0,https://www.kloudbean.com/json-to-c-class-converter/,,109
json to pojo in java,Informational,140,22,0.00,0.33,17,0,https://www.kloudbean.com/json-to-pojo-converter/,,109
json web token generator,Informational,140,40,7.93,0.02,32,0,https://www.kloudbean.com/jwt-token-generator/,,120
latest version of wp,Informational,140,35,8.31,0.03,0,6,,https://docs.wpvip.com/wordpress-on-vip/wordpress-upgrades/,123
latest wordpress version march 2026,Informational,140,22,0.00,0.00,0,9,,https://customerhub.wpvip.com/platform-release-schedule/,155
mavlers,Navigational,140,30,5.96,0.22,0,22,,https://wpvip.com/partner/mavlers/,111
mindgrub technologies,Informational,140,19,1.02,0.10,0,19,,https://wpvip.com/partner/mindgrub/,109
mssql validator,Informational,140,19,2.64,0.08,43,0,https://www.kloudbean.com/sql-formatter-and-validator/,,101
multi site,Informational,140,30,9.66,0.01,0,9,,https://wpvip.com/blog/wordpress-multisite/,132
multiprem,Informational,140,24,0.00,0.33,0,76,,https://wpvip.com/glossary/wordpress-multisite/,5640
online encryption,Commercial,140,37,2.78,0.16,17,0,https://www.kloudbean.com/encryption-decryption-tool/,,123
online regex generator,Commercial,140,50,0.00,0.04,56,0,https://www.kloudbean.com/regex-pattern-generator/,,110
origin server,Informational,140,28,0.00,0.01,0,26,,https://docs.wpvip.com/infrastructure/origin-servers/,104
password decryption,Informational,140,18,0.00,0.01,54,0,https://www.kloudbean.com/encryption-decryption-tool/,,119
password hash generator,Informational,140,41,0.00,0.01,33,0,https://www.kloudbean.com/hash-generator/,,108
password to hash,Informational,140,41,3.03,0.33,21,0,https://www.kloudbean.com/bcrypt-hash-generator/,,130
pim stands for,Informational,140,27,0.00,0.03,0,57,,https://wpvip.com/blog/pim-benefits-and-use-cases/,130
plugin uri wordpress,Informational,140,19,0.00,0.00,0,14,,https://docs.wpvip.com/wordpress-skeleton/plugins-directory/,106
prevent unauthorized access to media files in wordpress,Informational,140,9,0.00,0.00,0,41,,https://docs.wpvip.com/security-controls/access-controlled-files/,136
product information management market,Informational,140,43,0.00,0.33,0,78,,https://wpvip.com/blog/pim-benefits-and-use-cases/,137
product information management pim software,"Commercial, Informational",140,35,20.31,0.01,0,52,,https://wpvip.com/blog/pim-benefits-and-use-cases/,161
pros of open source,Informational,140,35,0.00,0.33,0,17,,https://wpvip.com/blog/how-open-source-software-benefits-businesses/,126
query monitor,Navigational,140,29,10.81,0.13,0,7,,https://docs.wpvip.com/performance/query-monitor/,187
regex to string,Informational,140,60,0.00,0.33,13,0,https://www.kloudbean.com/regex-to-string-converter/,,109
regular expression to string,Informational,140,65,0.00,0.33,20,0,https://www.kloudbean.com/regex-to-string-converter/,,120
request soap,Informational,140,36,0.00,0.01,10,0,https://www.kloudbean.com/soap-request-generator/,,131
rest api -d,Informational,140,31,2.87,0.02,0,35,,https://wpvip.com/glossary/wordpress-rest-api-for-the-enterprise/,163000000
rgba to rgb,Informational,140,56,0.00,0.33,14,0,https://www.kloudbean.com/hex-to-rgb-rgba-converter/,,83
rgn to hex,Informational,140,35,0.35,0.01,39,0,https://www.kloudbean.com/rgb-to-hex-converter/,,92
robot.txt wordpress,Informational,140,31,1.11,0.33,0,1,,https://docs.wpvip.com/security-controls/robots-txt/,120
robots txt wordpress,Informational,140,28,1.11,0.33,0,1,,https://docs.wpvip.com/security-controls/robots-txt/,125
scalable wordpress,Informational,140,18,0.00,0.02,0,7,,https://wpvip.com/blog/wordpress-scalability/,122
schema migration tools,"Commercial, Informational",140,37,7.29,0.03,57,0,https://www.kloudbean.com/database-migration-script-generator/,,132
scss to css converter,Commercial,140,19,0.00,0.33,11,0,https://www.kloudbean.com/scss-to-css-converter/,,89
self hosted wordpress website,Informational,140,22,7.23,0.38,0,9,,https://wpvip.com/blog/self-hosted-wordpress/,125
seo tagging best practices,Commercial,140,47,0.00,0.06,0,16,,https://wpvip.com/blog/5-tagging-best-practices-content-strategy/,125
stat significance calculator,Informational,140,39,4.56,0.02,48,0,https://www.kloudbean.com/statistical-significance-calculator/,,122
strategy tagging,"Commercial, Informational",140,11,0.00,0.00,0,18,,https://wpvip.com/blog/5-tagging-best-practices-content-strategy/,105
strategyless com,Informational,140,31,0.00,0.33,0,36,,https://wpvip.com/blog/less-is-more-content-strategy/,316000
strategyless. com,Informational,140,10,0.00,0.33,0,22,,https://wpvip.com/blog/less-is-more-content-strategy/,186000
subnet calculater,Commercial,140,60,2.81,0.33,32,0,https://www.kloudbean.com/network-subnet-calculator/,,122
supabase selfhost,Navigational,140,57,4.76,0.06,10,0,https://www.kloudbean.com/supabase-self-hosted/,,105
tagging keywords,Informational,140,8,4.13,0.01,0,31,,https://wpvip.com/blog/5-tagging-best-practices-content-strategy/,129
text shadow generator,Informational,140,16,0.00,0.01,19,0,https://www.kloudbean.com/text-shadow-generator/,,111
text to cipher,Informational,140,61,0.00,0.33,24,0,https://www.kloudbean.com/caesar-cipher-encoder-decoder/,,123
top enterprise cloud content management platforms,Commercial,140,42,0.00,0.00,0,43,,https://wpvip.com/blog/10-best-enterprise-content-management-systems/,178
ttl meaning dns,Informational,140,28,0.00,0.33,0,17,,https://docs.wpvip.com/domains/check-dns-record-time-to-live/,122
two factor wordpress,Commercial,140,31,2.82,0.11,0,6,,https://docs.wpvip.com/security-controls/wordpress/enforce-2fa/,127
two step authentication wordpress,Informational,140,48,2.82,0.11,0,5,,https://docs.wpvip.com/security-controls/wordpress/enforce-2fa/,104
types of content for content marketing,Informational,140,23,5.14,0.04,0,24,,https://wpvip.com/blog/8-types-of-content-marketing/,171
vary header,Informational,140,37,0.00,0.33,0,26,,https://docs.wpvip.com/caching/page-cache/customize-behavior/vary-http-response-header/,109
vip support,Informational,140,9,0.00,0.01,0,8,,https://customerhub.wpvip.com/lobby/2025/07/24/faster-answers-smarter-support-introducing-the-vip-support-ai-agent/,107
vultr cloud hosting,Navigational,140,67,11.97,0.32,20,0,https://www.kloudbean.com/vultr-hosting/,,125
vultr web hosting,"Informational, Transactional",140,51,7.71,0.50,32,0,https://www.kloudbean.com/vultr-hosting/,,113
web tracking tools,Commercial,140,38,14.35,0.09,0,27,,https://wpvip.com/blog/web-analytics-software-tools/,131
webfont convert,Informational,140,35,0.00,0.00,27,0,https://www.kloudbean.com/webfont-generator/,,101
what are the core web vitals,Informational,140,69,3.21,0.13,0,62,,https://wpvip.com/glossary/core-web-vitals/,199
what does 700 words look like,Informational,140,14,0.00,0.33,0,56,,https://wpvip.com/blog/ideal-word-count/,156
what is bbc america,Informational,140,54,0.00,0.33,0,77,,https://wpvip.com/blog/bbc-america-wordpress/,3250
what is digital experience platform,Informational,140,38,13.03,0.15,0,57,,https://wpvip.com/glossary/digital-experience-platform/,179
what is enterprise ecommerce,Informational,140,18,0.00,0.33,0,8,,https://wpvip.com/blog/enterprise-ecommerce/,104
what is latest version of wordpress,Informational,140,38,7.44,0.02,0,13,,https://docs.wpvip.com/wordpress-on-vip/wordpress-upgrades/,137
whats a mfa,Informational,140,58,0.00,0.02,0,85,,https://wpvip.com/glossary/what-is-multi-factor-authentication-mfa/,137
whats website migration,Informational,140,25,0.00,0.00,0,3,,https://wpvip.com/glossary/website-migration/,130
wordpress 6.7 release october 2025,Informational,140,19,0.00,0.00,0,4,,https://customerhub.wpvip.com/lobby/2025/08/05/wordpress-6-7-3-maintenance-release-with-backported-versions/,786000
wordpress enterprise hosting,Informational,140,61,55.11,0.14,0,4,,https://wpvip.com/,125
wordpress longterm feasibility scalability,Informational,140,14,0.00,0.00,0,2,,https://wpvip.com/blog/wordpress-scalability/,71000
wordpress partner,Informational,140,14,30.01,0.20,0,1,,https://wpvip.com/partners/agency-partners/,108
wordpress premium,"Informational, Transactional",140,31,4.97,0.50,0,16,,https://wpvip.com/,105
wordpress releases,"Navigational, Transactional",140,51,0.00,0.01,0,5,,https://customerhub.wpvip.com/platform-release-schedule/,104
wordpress rest,"Informational, Navigational",140,36,4.33,0.04,0,4,,https://docs.wpvip.com/wordpress-on-vip/wordpress-rest-api/,106
wordpress robot.txt,Informational,140,33,1.11,0.33,0,1,,https://docs.wpvip.com/security-controls/robots-txt/,0
wordpress scan for vulnerabilities,Commercial,140,46,6.10,0.29,0,39,,https://wpvip.com/vulnerability-management/,131
wordpress security update september 2025,Informational,140,15,0.00,0.00,0,27,,https://customerhub.wpvip.com/platform-release-schedule/,111
wordpress training class,Informational,140,59,0.00,0.03,0,16,,https://learn.wpvip.com/,106
wordpress version 6.9,Informational,140,19,0.00,0.33,0,16,,https://customerhub.wpvip.com/lobby/2025/12/03/now-available-wordpress-6-9/,98
wordpress vip agency,Navigational,140,16,0.00,0.09,0,1,,https://wpvip.com/partners/agency-partners/,132
wordpress.coom,Navigational,140,99,3.38,0.43,0,41,,https://wpvip.com/blog/wordpress-org-vs-wordpress-com-vs-wordpress-vip-whats-the-difference/,0
wordpressit.com,Navigational,140,96,3.38,0.43,0,11,,https://wpvip.com/,499000000
worpres,Navigational,140,95,2.95,0.41,0,18,,https://wpvip.com/future-of-the-web-2026/,0
wp cron,Informational,140,22,0.00,0.02,0,12,,https://docs.wpvip.com/wordpress-on-vip/cron-control/,128
wp logs,Informational,140,27,6.46,0.04,0,17,,https://docs.wpvip.com/logs/,191
wp_schedule_event documentation,Informational,140,8,0.00,0.00,0,19,,https://docs.wpvip.com/wordpress-on-vip/cron-control/,113
wpchill cashback,Informational,140,0,0.00,0.00,0,21,,https://wpvip.com/,515
wpgraphql,Navigational,140,58,0.00,0.01,0,13,,https://wpvip.com/blog/wp-graphql-pros-and-cons-wordpress/,0
xwp,Navigational,140,37,10.46,0.03,0,10,,https://wpvip.com/partner/xwp/,0
.exe to html,"Commercial, Informational",110,24,0.00,0.33,54,0,https://www.kloudbean.com/jsx-to-html-converter/,,106
505 not found,Informational,110,26,0.00,0.33,33,0,https://www.kloudbean.com/how-to-fix-error-505/,,100
a dns ttl determines what,Informational,110,34,0.00,0.33,0,33,,https://docs.wpvip.com/domains/check-dns-record-time-to-live/,148
ada compliance april 2026,Informational,110,43,2.36,0.25,0,68,,https://wpvip.com/blog/ada-website-accessibility-deadline-2026/,118
ada compliance deadline april 24 2026,Informational,110,40,2.29,0.09,0,65,,https://wpvip.com/blog/ada-website-accessibility-deadline-2026/,112
adr documenten,Informational,110,32,0.00,0.01,42,0,https://www.kloudbean.com/architecture-decision-record-adr-template/,,137
adr format,Informational,110,49,0.00,0.33,47,0,https://www.kloudbean.com/architecture-decision-record-adr-template/,,133
advantages of open software,Informational,110,29,0.00,0.33,0,16,,https://wpvip.com/blog/how-open-source-software-benefits-businesses/,125
advantages open source software,Informational,110,29,0.00,0.33,0,12,,https://wpvip.com/blog/how-open-source-software-benefits-businesses/,126
advantages to open source software,Informational,110,43,0.00,0.33,0,15,,https://wpvip.com/blog/how-open-source-software-benefits-businesses/,150
aeo ai search optimization,Informational,110,42,12.62,0.04,0,25,,https://wpvip.com/blog/aeo-vs-seo-answer-engine-optimization/,133
aeo optimized page,"Commercial, Informational",110,35,0.00,0.00,0,20,,https://wpvip.com/blog/answer-engine-optimization-strategies/,138
aeo stands for in seo,Informational,110,50,0.68,0.07,0,62,,https://wpvip.com/blog/aeo-vs-seo-answer-engine-optimization/,192
analytical websites,Informational,110,50,6.27,0.16,0,23,,https://wpvip.com/blog/web-analytics-software-tools/,134
api token generator,Informational,110,25,4.79,0.23,6,0,https://www.kloudbean.com/api-key-authentication-generator/,,99
app color schemes,Informational,110,79,2.63,0.06,33,0,https://www.kloudbean.com/mobile-app-color-scheme-generator/,,158
aquanor wp-json exhibitors,"Informational, Transactional",110,11,0.00,0.00,0,64,,https://wpvip.com/event/wordpress-vip-innovation-showcase/,1410
barcode generator freeware,Informational,110,39,1.30,0.06,59,0,https://www.kloudbean.com/free-barcode-generator-tool/,,136
bcrypt password generator,Informational,110,30,0.00,0.33,6,0,https://www.kloudbean.com/bcrypt-hash-generator/,,89
benefits of an open source software,Informational,110,43,0.00,0.01,0,26,,https://wpvip.com/blog/how-open-source-software-benefits-businesses/,146
best cdn for wordpress,Commercial,110,26,7.85,0.36,0,12,,https://wpvip.com/blog/wordpress-cdn/,127
best enterprise content management,Commercial,110,34,32.29,0.05,0,31,,https://wpvip.com/blog/10-best-enterprise-content-management-systems/,125
best site analytics tools,Commercial,110,33,23.64,0.15,0,7,,https://wpvip.com/blog/web-analytics-software-tools/,130
best web analytics tools 2017,Commercial,110,32,0.00,0.33,0,2,,https://wpvip.com/blog/web-analytics-software-tools/,689000000
best website analytics,Commercial,110,34,13.04,0.24,0,12,,https://wpvip.com/blog/web-analytics-software-tools/,129
best wordpress plugins for agencies,Commercial,110,6,0.00,0.00,0,26,,https://wpvip.com/partners/agency-partners/,186
botbe vip,Informational,110,33,0.00,0.00,0,6,,https://docs.wpvip.com/vip-code-analysis-bot/,65000
breach.vip,Informational,110,22,0.00,0.33,0,25,,https://wpvip.com/security/,6290000
buying committee analysis,Informational,110,17,0.00,0.00,0,9,,https://wpvip.com/blog/b2b-buying-committee-content-strategy/,124
cache control no store no cache,Informational,110,46,0.00,0.33,0,27,,https://docs.wpvip.com/caching/page-cache/customize-behavior/cache-control-headers/,110
caesar cipher decoder online,Informational,110,48,0.00,0.33,27,0,https://www.kloudbean.com/caesar-cipher-encoder-decoder/,,101
caesar code decipher,Informational,110,35,0.00,0.33,24,0,https://www.kloudbean.com/caesar-cipher-encoder-decoder/,,120
caesars cipher decoder,"Commercial, Informational",110,54,0.00,0.33,17,0,https://www.kloudbean.com/caesar-cipher-encoder-decoder/,,117
cdn for wordpress website,"Commercial, Informational",110,25,5.78,0.17,0,13,,https://wpvip.com/blog/wordpress-cdn/,130
cdn wordpress,Informational,110,25,5.78,0.17,0,4,,https://wpvip.com/blog/wordpress-cdn/,129
ceasar cipher decoder,Informational,110,54,0.00,0.33,16,0,https://www.kloudbean.com/caesar-cipher-encoder-decoder/,,118
ceasar cypher decoder,Informational,110,56,0.00,0.33,23,0,https://www.kloudbean.com/caesar-cipher-encoder-decoder/,,117
ceaser shift decoder,"Commercial, Informational",110,55,0.00,0.33,29,0,https://www.kloudbean.com/caesar-cipher-encoder-decoder/,,180
cesar cipher encoder,Informational,110,45,0.00,0.33,16,0,https://www.kloudbean.com/caesar-cipher-encoder-decoder/,,120
check responsiveness,Informational,110,44,0.00,0.01,25,0,https://www.kloudbean.com/responsive-design-checker/,,64
classifai,Informational,110,29,0.00,0.05,0,3,,https://wpvip.com/partner/classifai/,40
cloudflare wordpress cdn,Informational,110,48,5.99,0.04,0,15,,https://wpvip.com/blog/wordpress-cdn/,107
code for emoticons,Informational,110,75,0.00,0.33,40,0,https://www.kloudbean.com/emoji-picker-with-html-codes/,,125
commit messages,Informational,110,40,0.00,0.33,0,11,,https://docs.wpvip.com/guidebooks/developer-best-practices/create-a-good-commit-message/,133
commit msg,Informational,110,41,0.00,0.33,0,33,,https://docs.wpvip.com/guidebooks/developer-best-practices/create-a-good-commit-message/,133
content governance guardrails,Informational,110,18,0.00,0.00,0,55,,https://wpvip.com/future-of-the-web-2026/ai-content-governance/,25600000
content marketing formats,Informational,110,36,7.46,0.50,0,19,,https://wpvip.com/blog/8-types-of-content-marketing/,134
content marketing types,Informational,110,35,5.14,0.04,0,19,,https://wpvip.com/blog/8-types-of-content-marketing/,124
convert hex into ascii,Informational,110,28,0.00,0.01,11,0,https://www.kloudbean.com/hex-to-ascii-converter/,,103
convert json to c# class,Informational,110,19,0.00,0.02,32,0,https://www.kloudbean.com/json-to-c-class-converter/,,115
convert rgba to rgb,Informational,110,38,0.00,0.33,15,0,https://www.kloudbean.com/hex-to-rgb-rgba-converter/,,85
converting hex to ascii,Informational,110,45,0.00,0.01,14,0,https://www.kloudbean.com/hex-to-ascii-converter/,,108
core web vitals definition,Informational,110,62,0.00,0.33,0,47,,https://wpvip.com/glossary/core-web-vitals/,132
create placeholder image,Informational,110,21,0.00,0.01,20,0,https://www.kloudbean.com/image-placeholder-generator/,,107
create web font,Informational,110,58,2.49,0.03,39,0,https://www.kloudbean.com/webfont-generator/,,123
cryptography converter,Navigational,110,49,1.65,0.06,32,0,https://www.kloudbean.com/encryption-decryption-tool/,,106
cryptography decode,Informational,110,32,0.00,0.33,40,0,https://www.kloudbean.com/encryption-decryption-tool/,,137
cryptology tools,Informational,110,52,4.07,0.09,44,0,https://www.kloudbean.com/encryption-decryption-tool/,,183
css animation builder,Informational,110,15,4.20,0.02,9,0,https://www.kloudbean.com/css-animation-generator/,,103
css animation maker,Informational,110,25,4.20,0.02,11,0,https://www.kloudbean.com/css-animation-generator/,,102
css to sass,Informational,110,37,0.00,0.01,24,0,https://www.kloudbean.com/css-to-scss-converter/,,119
curl get headers,Informational,110,15,0.00,0.33,0,23,,https://docs.wpvip.com/caching/page-cache/http-headers/retrieve-headers/,106
dcode caesar cipher,"Navigational, Transactional",110,32,0.00,0.33,33,0,https://www.kloudbean.com/caesar-cipher-encoder-decoder/,,94
decoding caesar cipher,Informational,110,35,0.00,0.33,21,0,https://www.kloudbean.com/caesar-cipher-encoder-decoder/,,114
decrypt any text,Informational,110,35,0.00,0.33,25,0,https://www.kloudbean.com/encryption-decryption-tool/,,118
decryption online,Commercial,110,28,2.11,0.03,10,0,https://www.kloudbean.com/encryption-decryption-tool/,,103
decryption website,Commercial,110,53,0.00,0.01,12,0,https://www.kloudbean.com/encryption-decryption-tool/,,102
decryptor tool,Informational,110,52,1.47,0.03,43,0,https://www.kloudbean.com/encryption-decryption-tool/,,131
definition enterprise content management,Informational,110,35,0.00,0.01,0,50,,https://wpvip.com/blog/enterprise-content-management/,131
difference between seo and aeo answer engine optimization,Informational,110,16,0.00,0.00,0,13,,https://wpvip.com/blog/aeo-vs-seo-answer-engine-optimization/,1050000
digital experience platform definition,Informational,110,29,0.00,0.33,0,41,,https://wpvip.com/glossary/digital-experience-platform/,114
digital experience platform dxp,Informational,110,44,23.10,0.05,0,45,,https://wpvip.com/glossary/digital-experience-platform/,131
digital experience platform features,Informational,110,31,0.00,0.33,0,44,,https://wpvip.com/glossary/digital-experience-platform/,127
digital experience platform services,"Commercial, Informational",110,34,0.00,0.07,0,49,,https://wpvip.com/glossary/digital-experience-platform/,130
dkjjfmgjfaocajfochhenbkmmbnpjlkl,Informational,110,54,0.00,0.33,34,0,https://www.kloudbean.com/encryption-decryption-tool/,,335
dxp architecture,Informational,110,4,17.63,0.12,0,31,,https://wpvip.com/glossary/digital-experience-platform/,120
dxp technology,Informational,110,39,16.02,0.06,0,36,,https://wpvip.com/glossary/digital-experience-platform/,106
edit robots.txt wordpress,Informational,110,32,0.00,0.08,0,5,,https://docs.wpvip.com/security-controls/robots-txt/,115
encrypt and decrypt,Informational,110,41,0.00,0.01,11,0,https://www.kloudbean.com/encryption-decryption-tool/,,129
encrypt code,Informational,110,43,3.31,0.02,36,0,https://www.kloudbean.com/encryption-decryption-tool/,,123
enterprise cloud content management top usability,Commercial,110,16,0.00,0.00,0,48,,https://wpvip.com/blog/10-best-enterprise-content-management-systems/,175
enterprise cms development,Informational,110,20,0.00,0.09,0,18,,https://wpvip.com/blog/enterprise-cms/,133
enterprise cms solutions,"Commercial, Informational",110,24,50.11,0.09,0,35,,https://wpvip.com/blog/10-best-enterprise-content-management-systems/,95
enterprise cms systems,"Commercial, Informational",110,24,54.42,0.24,0,24,,https://wpvip.com/blog/10-best-enterprise-content-management-systems/,126
enterprise content management roadmap,Informational,110,25,0.00,0.33,0,18,,https://wpvip.com/blog/enterprise-content-management-strategy/,133
enterprise web content management systems,"Commercial, Informational",110,45,0.00,0.02,0,33,,https://wpvip.com/blog/10-best-enterprise-content-management-systems/,131
figma to divi,Informational,110,24,7.35,0.26,0,57,,https://wpvip.com/blog/figma-to-wordpress/,106
filter maker,Navigational,110,39,3.49,0.05,56,0,https://www.kloudbean.com/image-filter-generator/,,162
find photo metadata,Informational,110,44,0.00,0.33,71,0,https://www.kloudbean.com/exif-data-viewer/,,119
find subnet mask for ip address,Informational,110,59,0.00,0.01,69,0,https://www.kloudbean.com/network-subnet-calculator/,,177
flexbox online,Informational,110,64,1.96,0.06,26,0,https://www.kloudbean.com/flexbox-generator/,,112
flexbox playground,Informational,110,20,0.00,0.01,22,0,https://www.kloudbean.com/flexbox-playground/,,4870000
gdpr and wordpress,Informational,110,20,7.26,0.03,0,14,,https://wpvip.com/vip-and-the-gdpr/,139
generate csr online,Informational,110,24,6.26,0.07,71,0,https://www.kloudbean.com/csr-certificate-signing-request-generator/,,108
generate password hash,Informational,110,46,0.00,0.02,12,0,https://www.kloudbean.com/bcrypt-hash-generator/,,128
generate random api key,Informational,110,18,0.00,0.02,28,0,https://www.kloudbean.com/api-key-generator/,,82
git connect,Informational,110,41,9.41,0.02,44,0,https://support.kloudbean.com/docs/application-management/connecting-git/,,108
gitlab self hosting,Informational,110,28,8.49,0.08,33,0,https://www.kloudbean.com/gitlab-self-hosted/,,127
gitlab self managed,Informational,110,34,7.76,0.09,41,0,https://www.kloudbean.com/gitlab-self-hosted/,,107
grid layout generator,Informational,110,35,5.43,0.04,24,0,https://www.kloudbean.com/css-grid-generator/,,110
happycog,Navigational,110,38,6.45,0.06,0,11,,https://wpvip.com/partner/happy-cog/,0
hard paywall implementation challenges media subscription models,Informational,110,9,0.00,0.00,0,53,,https://wpvip.com/blog/subscription-models-media-growth/,165
header image placeholder,Informational,110,16,0.00,0.33,71,0,https://www.kloudbean.com/image-placeholder-generator/,,119
headless cms wordpress,Informational,110,27,8.48,0.16,0,2,,https://wpvip.com/headless-wordpress/,181
headless wordpress development,Informational,110,11,0.00,0.04,0,3,,https://wpvip.com/resource/headless-cms-guide/,126
headless wordpress website company,Informational,110,13,0.00,0.33,0,36,,https://wpvip.com/headless-wordpress/,134
hex convert to ascii,Informational,110,26,0.00,0.33,11,0,https://www.kloudbean.com/hex-to-ascii-converter/,,100
hex to ascci,Informational,110,26,7.97,0.33,7,0,https://www.kloudbean.com/hex-to-ascii-converter/,,103
hex to rgba converter,Informational,110,56,0.00,0.01,17,0,https://www.kloudbean.com/hex-to-rgb-rgba-converter/,,80
hexa to ascii,Informational,110,33,7.97,0.33,14,0,https://www.kloudbean.com/hex-to-ascii-converter/,,103
hexadecimal converter to ascii,Informational,110,42,0.00,0.01,13,0,https://www.kloudbean.com/hex-to-ascii-converter/,,102
how do you access wordpress admin,Informational,110,24,0.28,0.11,0,17,,https://docs.wpvip.com/manage-user-access/wordpress/,20
how to access admin in wordpress,Informational,110,40,0.28,0.11,0,14,,https://docs.wpvip.com/manage-user-access/wordpress/,149
how to find subnet for ip address,Informational,110,67,0.00,0.33,66,0,https://www.kloudbean.com/network-subnet-calculator/,,161
how to find subnet of ip address,Informational,110,65,0.00,0.33,61,0,https://www.kloudbean.com/network-subnet-calculator/,,171
how to generate jwt token,Informational,110,43,5.58,0.11,50,0,https://www.kloudbean.com/jwt-token-generator/,,152
how to make table with html,Informational,110,51,0.00,0.33,63,0,https://www.kloudbean.com/html-table-generator/,,150
how to optimize for aeo,Informational,110,20,6.01,0.31,0,13,,https://wpvip.com/blog/answer-engine-optimization-strategies/,181
html table editor,Informational,110,37,0.00,0.01,29,0,https://www.kloudbean.com/html-table-generator/,,143
html to table,Informational,110,32,6.23,0.33,54,0,https://www.kloudbean.com/html-table-generator/,,117
http 505,Informational,110,22,0.00,0.33,18,0,https://www.kloudbean.com/how-to-fix-error-505/,,99
http cache-control no-cache meaning,Informational,110,54,0.00,0.00,0,23,,https://docs.wpvip.com/caching/page-cache/customize-behavior/cache-control-headers/,108
https://onecognizant.cognizant.com,Commercial,110,18,0.00,0.33,0,88,,https://wpvip.com/partner/cognizant-digital-experience/,12800
image ratio finder,Informational,110,18,0.00,0.01,17,0,https://www.kloudbean.com/image-aspect-ratio-calculator/,,90
imagecolorpicker.com,"Navigational, Transactional",110,66,1.30,0.01,67,0,https://www.kloudbean.com/image-color-picker-tool/,,4530000
implementing hard paywall challenges media subscription model,Informational,110,2,0.00,0.00,0,75,,https://wpvip.com/blog/subscription-models-media-growth/,166
internet analytics tools,Informational,110,-1,12.29,0.11,0,6,,https://wpvip.com/blog/web-analytics-software-tools/,127
ip address restrictions,Informational,110,7,0.00,0.33,0,10,,https://docs.wpvip.com/security-controls/ip-restrictions/,131
java json to pojo,Informational,110,25,0.00,0.01,18,0,https://www.kloudbean.com/json-to-pojo-converter/,,113
javascript format date time,Informational,110,50,0.00,0.33,42,0,https://www.kloudbean.com/javascript-date-formatter/,,130
json schema builder,Informational,110,39,4.84,0.05,34,0,https://www.kloudbean.com/json-schema-generator/,,113
json2csharp,Navigational,110,22,0.00,0.01,33,0,https://www.kloudbean.com/json-to-c-class-converter/,,94
jwt.verify,Informational,110,52,2.85,0.02,62,0,https://www.kloudbean.com/jwt-decoder-validator/,,125
keyword meta tag best practices,Commercial,110,37,0.00,0.33,0,28,,https://wpvip.com/blog/5-tagging-best-practices-content-strategy/,171
kloudbean,"Navigational, Transactional",110,25,0.00,0.00,1,0,https://www.kloudbean.com/,,115
linode hosting,"Commercial, Navigational",110,50,8.50,0.41,14,0,https://www.kloudbean.com/linode-hosting/,,0
loading splash,Informational,110,24,0.00,0.33,49,0,https://www.kloudbean.com/splash-screen-generator/,,132
make your own icon app,Informational,110,41,0.99,0.04,55,0,https://www.kloudbean.com/app-icon-generator/,,167
managed elasticsearch,Informational,110,32,6.57,0.25,27,0,https://www.kloudbean.com/managed-databases-elasticsearch/,,137
mariadb hosting,Informational,110,16,5.25,0.12,16,0,https://www.kloudbean.com/managed-databases-mariadb/,,159
message decrypter,Informational,110,55,0.00,0.33,37,0,https://www.kloudbean.com/encryption-decryption-tool/,,108
meta query,Informational,110,35,0.00,0.33,0,8,,https://docs.wpvip.com/databases/optimize-queries/querying-on-meta_value/,109
metadata lookup,Informational,110,66,0.00,0.33,61,0,https://www.kloudbean.com/exif-data-viewer/,,121
migrate website,"Commercial, Informational",110,42,13.11,0.12,0,9,,https://wpvip.com/glossary/website-migration/,110
mime type of file,Informational,110,59,0.00,0.33,49,0,https://www.kloudbean.com/mime-types-lookup/,,112
moz how many words should my blog post be,Informational,110,19,0.00,0.00,0,15,,https://wpvip.com/blog/ideal-word-count/,38500000
mso content marketing strategy practice operations growth independence,Informational,110,0,0.00,0.00,0,55,,https://wpvip.com/blog/less-is-more-content-strategy/,148000
mu plugins,Informational,110,39,0.00,0.33,0,4,,https://docs.wpvip.com/vip-go-mu-plugins/,102
nullib,Informational,110,15,1.64,0.01,28,0,https://www.kloudbean.com/composer-responsive-multi-purpose-high-performance-wordpress-theme-nulled/,,17000
object cache,Informational,110,29,1.97,0.08,0,8,,https://docs.wpvip.com/caching/object-cache/,120
onesignal push notification api data model segments campaigns,Informational,110,6,0.00,0.00,0,19,,https://wpvip.com/blog/six-questions-with-onesignal-on-using-push-notifications-to-keep-customers-engaged/,108
open source software advantages,Informational,110,26,0.00,0.33,0,38,,https://wpvip.com/blog/how-open-source-software-benefits-businesses/,127
open webui docs,Navigational,110,44,0.00,0.33,31,0,https://support.kloudbean.com/docs/ai-tools/openwebui/,,104
openssl certificate decoder,Informational,110,25,0.00,0.01,28,0,https://www.kloudbean.com/ssl-certificate-decoder/,,34
parsley analytics,Navigational,110,26,4.72,0.34,0,4,,https://wpvip.com/blog/parsely-sage-ai-editorial-intelligence/,106
password decryptor,Informational,110,22,0.00,0.33,65,0,https://www.kloudbean.com/encryption-decryption-tool/,,113
pbkdf,Informational,110,46,0.00,0.33,46,0,https://www.kloudbean.com/pbkdf2-hash-generator/,,97
permission matrix,Informational,110,10,0.00,0.01,27,0,https://www.kloudbean.com/permission-matrix-generator/,,119
personal information management,Informational,110,24,3.99,0.02,0,76,,https://wpvip.com/blog/pim-benefits-and-use-cases/,137
php 8.2 eol,Informational,110,16,3.95,0.09,0,51,,https://customerhub.wpvip.com/lobby/2024/12/17/planning-your-2025-php-8-2-update/,107
php linter,Informational,110,28,4.52,0.08,0,8,,https://docs.wpvip.com/wordpress-on-vip/php/versions/php-linting-scans/,116
pim technology,Informational,110,40,10.21,0.19,0,46,,https://wpvip.com/blog/pim-benefits-and-use-cases/,131
pimis,Informational,110,5,0.00,0.33,0,46,,https://wpvip.com/glossary/product-information-management/,120
pojo json,Informational,110,29,0.00,0.01,20,0,https://www.kloudbean.com/json-to-pojo-converter/,,96
pojo to json,Informational,110,25,0.00,0.33,22,0,https://www.kloudbean.com/json-to-pojo-converter/,,121
pojo to json in java,Informational,110,20,0.00,0.33,11,0,https://www.kloudbean.com/json-to-pojo-converter/,,107
product pim,Informational,110,39,7.86,0.32,0,53,,https://wpvip.com/blog/pim-benefits-and-use-cases/,130
python hosting services,Informational,110,48,7.27,0.20,51,0,https://www.kloudbean.com/python-hosting/,,122
random api key generator,Informational,110,17,0.00,0.02,21,0,https://www.kloudbean.com/api-key-generator/,,81
real time editing,Informational,110,24,6.09,0.02,0,9,,https://customerhub.wpvip.com/lobby/2026/01/07/collaborative-editing-is-here-real-time-collaboration-and-notes/,117
regex for ip,Informational,110,18,0.00,0.33,24,0,https://www.kloudbean.com/regex-for-ip-address-validation/,,104
response header,Informational,110,62,0.00,0.33,0,38,,https://docs.wpvip.com/caching/page-cache/http-headers/,133
responsive design checker,"Commercial, Informational",110,40,2.70,0.20,7,0,https://www.kloudbean.com/responsive-design-checker/,,112
responsive testing,Informational,110,53,3.98,0.12,45,0,https://www.kloudbean.com/responsive-design-checker/,,125
responsive web design checker,Commercial,110,51,2.80,0.07,11,0,https://www.kloudbean.com/responsive-design-checker/,,112
rgb to hez,Informational,110,29,0.35,0.01,41,0,https://www.kloudbean.com/rgb-to-hex-converter/,,97
rgb to rgba,Informational,110,56,0.00,0.01,22,0,https://www.kloudbean.com/hex-to-rgb-rgba-converter/,,106
rgb to rgba converter,Informational,110,40,0.00,0.33,12,0,https://www.kloudbean.com/hex-to-rgb-rgba-converter/,,98
robots.txt in wordpress,Informational,110,32,1.11,0.33,0,1,,https://docs.wpvip.com/security-controls/robots-txt/,126
robots.txt wp,Informational,110,30,1.11,0.33,0,2,,https://docs.wpvip.com/security-controls/robots-txt/,128
rtcamp,Navigational,110,34,47.37,0.06,0,9,,https://wpvip.com/partner/rtcamp/,133
rugged barcode generator,Informational,110,52,0.00,0.33,70,0,https://www.kloudbean.com/free-barcode-generator-tool/,,333000
self hosting supabase,Informational,110,55,9.53,0.08,17,0,https://www.kloudbean.com/supabase-self-hosted/,,135
seo information architecture,Informational,110,9,0.00,0.33,0,59,,https://wpvip.com/blog/website-information-architecture/,137
significant difference calculator,"Commercial, Informational",110,38,0.00,0.33,46,0,https://www.kloudbean.com/statistical-significance-calculator/,,106
splah screen,Informational,110,35,2.08,0.01,36,0,https://www.kloudbean.com/splash-screen-generator/,,132
splash page app,Informational,110,26,3.23,0.03,48,0,https://www.kloudbean.com/splash-screen-generator/,,163
splash screen image,Informational,110,23,0.00,0.33,33,0,https://www.kloudbean.com/splash-screen-generator/,,136
ssl shopper cert decoder,Navigational,110,50,0.00,0.02,37,0,https://www.kloudbean.com/ssl-certificate-decoder/,,95
stale-while-revalidate,Informational,110,41,0.00,0.33,0,33,,https://docs.wpvip.com/caching/page-cache/http-headers/stale-responses/,113
standard log format,Informational,110,30,0.00,0.33,51,0,https://www.kloudbean.com/log-format-standardizer/,,130
statistical significance test calculator,Informational,110,43,0.00,0.01,59,0,https://www.kloudbean.com/statistical-significance-calculator/,,124
statistically significant test calculator,Informational,110,37,0.00,0.01,59,0,https://www.kloudbean.com/statistical-significance-calculator/,,113
subnetting mask calculation,Informational,110,58,0.00,0.33,53,0,https://www.kloudbean.com/network-subnet-calculator/,,100
tabelle generator,Informational,110,47,1.69,0.04,33,0,https://www.kloudbean.com/html-table-generator/,,112
tag content,Informational,110,21,0.00,0.33,0,4,,https://wpvip.com/blog/5-tagging-best-practices-content-strategy/,126
test cors,Informational,110,33,1.68,0.04,16,0,https://www.kloudbean.com/cors-tester/,,104
test for significance calculator,Informational,110,43,0.00,0.01,48,0,https://www.kloudbean.com/statistical-significance-calculator/,,127
test of statistical significance calculator,Informational,110,37,0.00,0.01,46,0,https://www.kloudbean.com/statistical-significance-calculator/,,125
test websocket online,Informational,110,24,3.16,0.08,19,0,https://www.kloudbean.com/websocket-tester/,,94
tls certificate same key new cert requirements,Informational,110,14,0.00,0.00,0,47,,https://docs.wpvip.com/tls/custom-cert/requirements/,137
top 10 web analytics tools,Commercial,110,25,0.00,0.03,0,5,,https://wpvip.com/blog/web-analytics-software-tools/,141
top 10 web analytics tools 2024,"Commercial, Informational",110,20,0.00,0.00,0,4,,https://wpvip.com/blog/web-analytics-software-tools/,146
top content management software,Commercial,110,45,9.31,0.27,0,39,,https://wpvip.com/blog/10-best-enterprise-content-management-systems/?itm_source=parsely-api,152
uploads folder,Informational,110,14,3.21,0.27,0,18,,https://docs.wpvip.com/vip-file-system/modify-uploads-directory/,129
validate jwt token,Informational,110,50,0.00,0.03,58,0,https://www.kloudbean.com/jwt-decoder-validator/,,125
vip domain name,Commercial,110,4,4.47,0.20,0,14,,https://docs.wpvip.com/domains/convenience-domains/,109
web analytic,"Commercial, Informational",110,48,9.31,0.15,0,15,,https://wpvip.com/blog/web-analytics-software-tools/,129
web analytic tools,Informational,110,83,9.84,0.05,0,8,,https://wpvip.com/blog/web-analytics-software-tools/,126
website responsive test,Informational,110,44,3.16,0.13,32,0,https://www.kloudbean.com/responsive-design-checker/,,200000000
websocket king,Informational,110,11,0.00,0.02,22,0,https://www.kloudbean.com/websocket-tester/,,103
what is a product information management system,Informational,110,38,6.11,0.08,0,67,,https://wpvip.com/blog/pim-benefits-and-use-cases/,174
what is content architecture,Informational,110,24,0.00,0.33,0,20,,https://wpvip.com/blog/content-architecture-cms-best-practices/,131
what is current version of wordpress,Informational,110,31,7.44,0.02,0,17,,https://docs.wpvip.com/wordpress-on-vip/wordpress-upgrades/,131
what is enterprise cms,Informational,110,23,21.63,0.05,0,20,,https://wpvip.com/blog/enterprise-content-management-strategy/,105
what is intelligent content management,Informational,110,20,0.00,0.00,0,40,,https://wpvip.com/blog/content-intelligence-enterprise-cms-guide/,173
what is latest wordpress version,Informational,110,28,7.44,0.02,0,10,,https://docs.wpvip.com/wordpress-on-vip/wordpress-upgrades/,133
what is onesignal,"Informational, Navigational",110,22,0.00,0.01,0,22,,https://wpvip.com/blog/six-questions-with-onesignal-on-using-push-notifications-to-keep-customers-engaged/,101
what is parsely com,Informational,110,27,0.02,0.03,0,6,,https://docs.wpvip.com/parse-ly/parsely-features/,109
what is ttl dns,Informational,110,25,2.59,0.02,0,12,,https://docs.wpvip.com/domains/check-dns-record-time-to-live/,117
what is wordpress vip,"Informational, Navigational",110,13,10.48,0.22,0,1,,https://wpvip.com/,20
why content marketing plus seo 39 celsius,Informational,110,18,0.00,0.00,0,30,,https://wpvip.com/resource/how-to-do-better-content-marketing/,4950000
why wp,Informational,110,36,3.14,0.06,0,45,,https://wpvip.com/,127
word press .com,Navigational,110,100,3.05,0.41,0,35,,https://wpvip.com/,0
wordpress 6.7 rc news,Informational,110,21,0.00,0.00,0,13,,https://wpvip.com/blog/wordpress-6-7/,113
wordpress 6.7 release candidate news october 2025,Informational,110,19,0.00,0.00,0,4,,https://customerhub.wpvip.com/lobby-category/software-updates/wordpress/page/2/,21000
wordpress 6.7 release date news november 2025,Informational,110,13,0.00,0.00,0,7,,https://wpvip.com/blog/wordpress-6-7/,109
wordpress 6.7 release date news today,Informational,110,8,0.00,0.00,0,5,,https://wpvip.com/blog/wordpress-6-7/,111
wordpress 6.7 release date september 2025 news,Informational,110,12,0.00,0.00,0,8,,https://wpvip.com/blog/wordpress-6-7/,293000
wordpress 6.7 release november 2025 news,Informational,110,21,0.00,0.00,0,9,,https://wpvip.com/blog/wordpress-6-7/,114
wordpress 7.0 release date,Informational,110,14,17.30,0.02,0,24,,https://customerhub.wpvip.com/lobby/2026/04/06/wordpress-7-0-release-postponed/,94
wordpress 7.0 release date 2026,Informational,110,16,0.00,0.00,0,12,,https://customerhub.wpvip.com/lobby/2026/04/23/wordpress-7-0-new-release-timeline/,97
wordpress and cdn,Informational,110,29,5.78,0.17,0,9,,https://wpvip.com/blog/wordpress-cdn/,130
wordpress and gdpr,Informational,110,23,7.26,0.03,0,12,,https://wpvip.com/vip-and-the-gdpr/,134
wordpress as a headless cms,Informational,110,32,8.48,0.16,0,3,,https://wpvip.com/resource/headless-cms-guide/,126
wordpress as headless cms,Informational,110,31,8.48,0.16,0,2,,https://wpvip.com/resource/headless-cms-guide/,109
wordpress cron,Informational,110,38,0.00,0.02,0,14,,https://docs.wpvip.com/wordpress-on-vip/cron-control/,102
wordpress development course,Commercial,110,57,3.09,0.06,0,15,,https://learn.wpvip.com/,20
wordpress digital experience platform,Informational,110,27,0.00,0.03,0,1,,https://wpvip.com/glossary/digital-experience-platform/,106
wordpress elasticsearch,Informational,110,25,8.07,0.15,0,10,,https://docs.wpvip.com/wordpress-on-vip/search-options/elasticsearch/,110
wordpress erp,Commercial,110,19,7.02,0.30,0,34,,https://wpvip.com/,150
wordpress integration,Informational,110,28,6.51,0.11,0,17,,https://wpvip.com/wordpress-ecosystem/,101
wordpress object cache,Informational,110,23,0.00,0.01,0,2,,https://docs.wpvip.com/caching/object-cache/,102
wordpress online training,Commercial,110,67,2.57,0.18,0,18,,https://learn.wpvip.com/,115
wordpress partners,Informational,110,24,28.91,0.36,0,1,,https://wpvip.com/partners/agency-partners/,177000000
wordpress personalisation,Informational,110,14,0.00,0.34,0,2,,https://wpvip.com/resource/how-to-achieve-personalization-with-enterprise-wordpress/,106
wordpress plugin vulnerability classification system,Informational,110,12,0.00,0.00,0,20,,https://wpvip.com/vulnerability-management/,2170000
wordpress premium hosting,"Informational, Transactional",110,93,48.78,0.01,0,66,,https://wpvip.com/blog/best-wordpress-hosting/,124
wordpress recommended php version 2026,Informational,110,11,0.00,0.00,0,26,,https://customerhub.wpvip.com/lobby/2026/01/21/planning-your-2026-php-8-3-update/,172
wordpress responsive images,Informational,110,23,0.00,0.02,0,1,,https://docs.wpvip.com/vip-file-system/image-files/responsive-images/,106
wordpress single login,"Navigational, Transactional",110,12,13.56,0.12,0,2,,https://docs.wpvip.com/security-controls/wordpress/sso/,111
wordpress sla,Informational,110,18,0.00,0.33,0,1,,https://wpvip.com/platform-sla/,100
wordpress theme directory,"Navigational, Transactional",110,50,2.08,0.18,0,3,,https://docs.wpvip.com/wordpress-skeleton/themes-directory/,107
wordpress vs sitecore,Commercial,110,3,13.51,0.33,0,3,,https://wpvip.com/resource/sitecore-vs-wordpress-vip/,130
wordpress web vitals,Informational,110,15,0.00,0.33,0,4,,https://wpvip.com/glossary/core-web-vitals/,122
wordpress website personalization,Informational,110,18,0.00,0.33,0,2,,https://wpvip.com/resource/how-to-achieve-personalization-with-enterprise-wordpress/,111
wordpress wp_schedule_event documentation,Informational,110,17,0.00,0.00,0,17,,https://docs.wpvip.com/wordpress-on-vip/cron-control/,109
wordpress xmlrpc,Informational,110,32,8.54,0.04,0,24,,https://docs.wpvip.com/security-controls/wordpress/xml-rpc/,104
wordpress.ciom,Navigational,110,100,3.05,0.41,0,35,,https://wpvip.com/,603000000
wordpress.cokm,Navigational,110,100,3.05,0.41,0,33,,https://wpvip.com/,603000000
worpress.com,Navigational,110,100,3.05,0.41,0,33,,https://wpvip.com/,603000000
wp business,"Commercial, Informational",110,57,7.00,0.14,0,14,,https://wpvip.com/,131
wp content uploads wordpress,Informational,110,19,23.35,0.01,0,5,,https://docs.wpvip.com/vip-file-system/media-uploads/,105
wp engine vs wordpress,"Commercial, Informational",110,34,24.06,0.22,0,6,,https://wpvip.com/resource/wp-engine-vs-wordpress-vip/,127
wp graphql,Navigational,110,53,0.00,0.01,0,17,,https://wpvip.com/blog/wp-graphql-pros-and-cons-wordpress/,112
wp search and replace,Informational,110,22,4.57,0.02,0,4,,https://docs.wpvip.com/vip-cli/wp-cli-with-vip-cli/search-replace/,129
wp search replace,Informational,110,19,4.57,0.02,0,3,,https://docs.wpvip.com/vip-cli/wp-cli-with-vip-cli/search-replace/,131
wp services,Informational,110,15,3.88,0.13,0,13,,https://wpvip.com/,148
wpcom,Informational,110,29,7.14,0.13,0,46,,https://wpvip.com/,274000
xmlrp,Informational,110,42,1.48,0.01,0,9,,https://docs.wpvip.com/security-controls/wordpress/xml-rpc/,131
you discovered a premium feature,Informational,110,23,0.00,0.33,0,62,,https://customerhub.wpvip.com/lobby/2026/05/22/new-features-application-overview-redesign-and-feature-discovery-page/,143
40q,Informational,90,19,0.00,0.33,0,5,,https://wpvip.com/partner/40q/,504000
9:16 calculator,Informational,90,60,0.00,0.33,76,0,https://www.kloudbean.com/image-aspect-ratio-calculator/,,94
adr documentation,Informational,90,50,0.00,0.01,46,0,https://www.kloudbean.com/architecture-decision-record-adr-template/,,129
advantages of an open source software,Informational,90,29,0.00,0.33,0,14,,https://wpvip.com/blog/how-open-source-software-benefits-businesses/,147
aeo and ai,Informational,90,30,0.00,0.00,0,31,,https://wpvip.com/blog/aeo-vs-seo-answer-engine-optimization/,134
aeo answer engine optimization definition,Informational,90,47,0.00,0.00,0,34,,https://wpvip.com/blog/answer-engine-optimization-strategies/,133
aeo in terms of seo,Informational,90,49,0.00,0.00,0,13,,https://wpvip.com/blog/aeo-vs-seo-answer-engine-optimization/,187
aeo optimisation,Informational,90,50,6.71,0.27,0,40,,https://wpvip.com/blog/answer-engine-optimization-strategies/,131
al jazeera smart film phone number,Informational,90,37,0.00,0.00,0,14,,https://wpvip.com/case-studies/al-jazeera-headless-wordpress/,654000
american eagle agency,Navigational,90,50,5.19,0.11,0,5,,https://wpvip.com/partner/americaneagle-com/,129
american eagle web,Navigational,90,60,0.14,0.84,0,13,,https://wpvip.com/partner/americaneagle-com/,100
answer engine optimization vs seo differences and best practices,"Commercial, Informational",90,16,0.00,0.00,0,25,,https://wpvip.com/blog/aeo-vs-seo-answer-engine-optimization/,206
api keygen,Informational,90,34,3.54,0.14,51,0,https://www.kloudbean.com/api-key-generator/,,130
api wordpress,Informational,90,34,4.30,0.05,0,8,,https://docs.wpvip.com/wordpress-on-vip/wordpress-rest-api/,120
automattic wordpress,Navigational,90,64,4.86,0.11,0,12,,https://wpvip.com/automattic-products/,108
available life dashboard website domains 2026,"Commercial, Informational",90,46,0.00,0.00,0,91,,https://wpvip.com/blog/ada-website-accessibility-deadline-2026/,189
aws iam policy generator,Informational,90,38,5.31,0.17,26,0,https://www.kloudbean.com/aws-iam-policy-generator/,,106
bcrypt encoder,Informational,90,64,0.00,0.33,14,0,https://www.kloudbean.com/bcrypt-hash-generator/,,88
benefits of headless wordpress,Informational,90,19,0.00,0.01,0,13,,https://wpvip.com/blog/headless-wordpress-tradeoffs/,132
best cms for government,Commercial,90,1,0.00,0.33,0,48,,https://wpvip.com/blog/10-best-enterprise-content-management-systems/,148
best enterprise content management systems,Commercial,90,34,32.29,0.05,0,72,,https://wpvip.com/blog/10-best-enterprise-content-management-systems/,196
beste enterprise content management software 2025,Commercial,90,38,0.00,0.00,0,48,,https://wpvip.com/blog/10-best-enterprise-content-management-systems/,168
c program formatter,Commercial,90,34,0.00,0.33,24,0,https://www.kloudbean.com/c-formatter-and-validator/,,98
cache control headers,Informational,90,44,0.00,0.01,0,27,,https://docs.wpvip.com/caching/page-cache/customize-behavior/cache-control-headers/,121
cache control private,Informational,90,45,0.00,0.33,0,27,,https://docs.wpvip.com/caching/page-cache/customize-behavior/cache-control-headers/,112
caching content,Informational,90,59,0.00,0.33,0,16,,https://wpvip.com/blog/caching/,127
caesar code decrypter,Informational,90,47,0.00,0.33,24,0,https://www.kloudbean.com/caesar-cipher-encoder-decoder/,,110
caesar cypher solver,Informational,90,28,0.00,0.33,21,0,https://www.kloudbean.com/caesar-cipher-encoder-decoder/,,120
caesar decryption,Informational,90,37,0.00,0.33,26,0,https://www.kloudbean.com/caesar-cipher-encoder-decoder/,,116
caesar encoder,Informational,90,58,0.00,0.33,19,0,https://www.kloudbean.com/caesar-cipher-encoder-decoder/,,181
caesar encryption tool,Informational,90,53,0.00,0.33,17,0,https://www.kloudbean.com/caesar-cipher-encoder-decoder/,,116
california government funding for managed wordpress hosting,Informational,90,10,0.00,0.00,0,1,,https://wpvip.com/case-studies/public-sector-ca/,918000
cdn for wordpress,"Commercial, Informational",90,22,8.83,0.22,0,14,,https://wpvip.com/blog/wordpress-cdn/,128
cdn for wordpress free,"Commercial, Informational",90,28,6.99,0.30,0,41,,https://wpvip.com/blog/wordpress-cdn/,126
ceasar cipher solver,Informational,90,29,0.00,0.33,23,0,https://www.kloudbean.com/caesar-cipher-encoder-decoder/,,119
ceaser decoder,Informational,90,67,0.00,0.33,23,0,https://www.kloudbean.com/caesar-cipher-encoder-decoder/,,120
certificate decoder online,Informational,90,30,0.00,0.02,40,0,https://www.kloudbean.com/ssl-certificate-decoder/,,92
check responsiveness of website,"Commercial, Informational",90,49,3.29,0.17,14,0,https://www.kloudbean.com/responsive-design-checker/,,123
ciphey,Informational,90,28,0.00,0.33,52,0,https://www.kloudbean.com/encryption-decryption-tool/,,103
cloud computing calculator,Commercial,90,67,4.53,0.05,48,0,https://www.kloudbean.com/cloud-cost-calculator/,,130
cloud hosting calculator,"Commercial, Informational",90,75,4.53,0.05,38,0,https://www.kloudbean.com/cloud-cost-calculator/,,127
cloud hosting cost calculator,Commercial,90,60,6.87,0.15,31,0,https://www.kloudbean.com/cloud-cost-calculator/,,122
cloudocean,Navigational,90,22,5.69,0.17,13,0,https://www.kloudbean.com/digital-ocean-managed-cloud-hosting/,,122
code encryption,Informational,90,41,2.72,0.03,68,0,https://www.kloudbean.com/encryption-decryption-tool/,,133
color rgb to hex,Informational,90,53,0.00,0.33,33,0,https://www.kloudbean.com/rgb-to-hex-converter/,,90
companies paying for open source software reasons,Informational,90,35,0.00,0.00,0,11,,https://wpvip.com/blog/how-open-source-software-benefits-businesses/,133
connatix company official website,Informational,90,14,0.00,0.00,0,19,,https://wpvip.com/partner/connatix/,113
connatix.com,Informational,90,25,23.12,0.14,0,68,,https://wpvip.com/partner/connatix/,1450000
container security scanning tool,Commercial,90,20,0.00,0.00,61,0,https://www.kloudbean.com/container-security-scanner/,,130
content marketing strategy goals,Informational,90,42,0.00,0.33,0,57,,https://wpvip.com/blog/content-marketing-goals/,139
content performance kpis,Informational,90,24,0.00,0.00,0,3,,https://wpvip.com/blog/content-marketing-kpis/,129
content security policy best practices,Commercial,90,36,6.80,0.14,0,13,,https://wpvip.com/blog/content-security-policy-guide/,131
content security policy configuration best practices,Commercial,90,26,0.00,0.00,0,21,,https://wpvip.com/blog/content-security-policy-guide/,130
convert favicon,Informational,90,51,3.86,0.05,23,0,https://www.kloudbean.com/favicon-ico-converter/,,115
convert relational database to nosql,Informational,90,16,0.00,0.33,36,0,https://www.kloudbean.com/sql-to-nosql-query-converter/,,154
convert rgb to rgba,Informational,90,12,0.00,0.33,18,0,https://www.kloudbean.com/hex-to-rgb-rgba-converter/,,93
convert scss to css,Informational,90,18,0.00,0.01,16,0,https://www.kloudbean.com/scss-to-css-converter/,,90
convertir hex a ascii,Informational,90,30,0.00,0.01,14,0,https://www.kloudbean.com/hex-to-ascii-converter/,,109
core web vitals types,Informational,90,56,0.00,0.33,0,54,,https://wpvip.com/glossary/core-web-vitals/,133
core web vitals webinar,Informational,90,2,0.00,0.33,0,13,,https://wpvip.com/event/webinar-core-web-vitals/,536000
coreweb vitals,Informational,90,70,3.58,0.13,0,45,,https://wpvip.com/glossary/core-web-vitals/,134
cors tester,Informational,90,21,0.00,0.01,11,0,https://www.kloudbean.com/cors-tester/,,140
cron wordpress,Informational,90,25,0.00,0.02,0,6,,https://docs.wpvip.com/wordpress-on-vip/cron-control/,125
css grid builder,Informational,90,38,0.00,0.01,20,0,https://www.kloudbean.com/css-grid-generator/,,108
css grid layout generator,Informational,90,23,0.00,0.01,22,0,https://www.kloudbean.com/css-grid-generator/,,108
css sprite sheet,Informational,90,40,0.00,0.33,38,0,https://www.kloudbean.com/css-sprite-generator/,,117
css table builder,Informational,90,50,0.00,0.02,27,0,https://www.kloudbean.com/html-table-generator/,,47
css table generator,Informational,90,31,0.00,0.02,27,0,https://www.kloudbean.com/html-table-generator/,,99
css triangle generator,Informational,90,11,0.00,0.33,12,0,https://www.kloudbean.com/css-triangle-generator/,,98
curl get header,Informational,90,12,0.00,0.33,0,27,,https://docs.wpvip.com/caching/page-cache/http-headers/retrieve-headers/,122
curl get response headers,Informational,90,13,0.00,0.33,0,12,,https://docs.wpvip.com/caching/page-cache/http-headers/retrieve-headers/,107
current wcag version march 2026,Informational,90,36,0.00,0.00,0,76,,https://wpvip.com/blog/ada-website-accessibility-deadline-2026/,174
cve-2025-67779,Informational,90,30,0.00,0.09,0,21,,https://customerhub.wpvip.com/lobby/2025/12/11/security-update-additional-next-js-react-server-components-vulnerabilities-cve-2025-55183-cve-2025-55184-cve-2025-67779/,113
cypher decode,Informational,90,56,0.00,0.33,15,0,https://www.kloudbean.com/caesar-cipher-encoder-decoder/,,123
db normalizer,Informational,90,16,2.46,0.04,34,0,https://www.kloudbean.com/database-normalization-helper/,,126
decode ciphertext online,Commercial,90,55,0.00,0.33,29,0,https://www.kloudbean.com/encryption-decryption-tool/,,105
decode encrypted,Informational,90,49,0.00,0.01,20,0,https://www.kloudbean.com/encryption-decryption-tool/,,132
decode key,Informational,90,29,0.00,0.37,36,0,https://www.kloudbean.com/encryption-decryption-tool/,,113
decode ssl certificate,Informational,90,25,9.13,0.04,31,0,https://www.kloudbean.com/ssl-certificate-decoder/,,96
decode ssl certificate openssl,Informational,90,35,0.00,0.01,48,0,https://www.kloudbean.com/ssl-certificate-decoder/,,85
decrip,Informational,90,18,2.09,0.33,53,0,https://www.kloudbean.com/encryption-decryption-tool/,,139
decrypt example,Informational,90,27,0.00,0.33,53,0,https://www.kloudbean.com/encryption-decryption-tool/,,133
decrypt file online free,Informational,90,10,1.05,0.11,54,0,https://www.kloudbean.com/encryption-decryption-tool/,,106
decrypt ssl cert,Informational,90,27,8.53,0.04,46,0,https://www.kloudbean.com/ssl-certificate-decoder/,,114
decrypt x509 certificate,Informational,90,16,0.00,0.02,42,0,https://www.kloudbean.com/ssl-certificate-decoder/,,89
default robots txt,Informational,90,60,0.00,0.02,0,5,,https://docs.wpvip.com/security-controls/robots-txt/,135
define composability,Informational,90,24,0.00,0.33,0,35,,https://customerhub.wpvip.com/lobby/2024/06/07/what-is-composability-why-it-matters/,119
digital analytics tool,Informational,90,36,14.51,0.06,0,27,,https://wpvip.com/blog/web-analytics-software-tools/,128
digital experience platform examples,Informational,90,38,7.08,0.23,0,25,,https://wpvip.com/glossary/digital-experience-platform/,103
dns ttl meaning,Informational,90,26,0.00,0.03,0,46,,https://docs.wpvip.com/domains/check-dns-record-time-to-live/,115
document adr,Informational,90,56,0.00,0.00,40,0,https://www.kloudbean.com/architecture-decision-record-adr-template/,,133
does nasa use drupal,Informational,90,22,0.00,0.00,0,30,,https://wpvip.com/case-studies/nasa-web-modernization-wordpress/,105
dxp definition,Informational,90,30,0.00,0.33,0,56,,https://wpvip.com/glossary/digital-experience-platform/,125
dxp platforms,"Commercial, Informational",90,31,16.95,0.33,0,23,,https://wpvip.com/glossary/digital-experience-platform/,163
dxp solution,Informational,90,27,12.71,0.15,0,18,,https://wpvip.com/glossary/digital-experience-platform/,106
encrypt to decrypt,Informational,90,20,2.83,0.05,18,0,https://www.kloudbean.com/encryption-decryption-tool/,,128
encryption to decryption,Informational,90,27,3.41,0.08,7,0,https://www.kloudbean.com/encryption-decryption-tool/,,121
encryption translator,Informational,90,49,0.00,0.02,28,0,https://www.kloudbean.com/encryption-decryption-tool/,,84
encryption website,Informational,90,79,3.94,0.20,17,0,https://www.kloudbean.com/encryption-decryption-tool/,,423000000
enterprise content management platforms,Commercial,90,51,24.13,0.05,0,26,,https://wpvip.com/blog/10-best-enterprise-content-management-systems/,132
enterprise content management strategies,Informational,90,26,14.24,0.04,0,15,,https://wpvip.com/blog/enterprise-content-management-strategy/,138
enterprise content management systeme,Informational,90,44,17.76,0.11,0,21,,https://wpvip.com/glossary/enterprise-content-management-systems/,128
enterprise digitalization,Informational,90,30,8.24,0.10,0,14,,https://wpvip.com/blog/enterprise-digital-transformation/,129
enterprise level cms,Informational,90,18,19.41,0.25,0,11,,https://wpvip.com/blog/enterprise-cms/,146
environment variables node js,Informational,90,36,0.00,0.33,0,22,,https://docs.wpvip.com/node-js/environment-variables/,105
evaluate the martech company wordpress,Informational,90,20,0.00,0.00,0,7,,https://wpvip.com/resource/martech-trends/,70600
evaluate the martech company wordpress on marketing automation,Informational,90,18,0.00,0.00,0,2,,https://wpvip.com/resource/martech-trends/,610000
example company website analysis for software services,Informational,90,8,0.00,0.00,0,61,,https://wpvip.com/blog/web-analytics-software-tools/,182
expressionengine vs wordpress,Commercial,90,11,0.00,0.02,0,45,,https://wpvip.com/resource/wp-engine-vs-wordpress-vip/,115
find ip range,Informational,90,55,0.00,0.01,54,0,https://www.kloudbean.com/network-subnet-calculator/,,124
find metadata of image,Informational,90,41,0.00,0.01,67,0,https://www.kloudbean.com/exif-data-viewer/,,115
flexboxlabs,Navigational,90,16,0.00,0.03,30,0,https://www.kloudbean.com/flexbox-generator/,,143
from sql to nosql,Informational,90,26,0.00,0.33,25,0,https://www.kloudbean.com/sql-to-nosql-query-converter/,,104
führende enterprise content-management-systeme 2025,Commercial,90,28,0.00,0.00,0,49,,https://wpvip.com/blog/10-best-enterprise-content-management-systems/,193000
generate css table,Informational,90,33,0.00,0.33,28,0,https://www.kloudbean.com/html-table-generator/,,121
get header curl,Transactional,90,9,0.00,0.33,0,21,,https://docs.wpvip.com/caching/page-cache/http-headers/retrieve-headers/,42
git connection,Informational,90,45,9.41,0.02,34,0,https://support.kloudbean.com/docs/application-management/connecting-git/,,106
gitlab self-managed,Informational,90,36,7.76,0.09,44,0,https://www.kloudbean.com/gitlab-self-hosted/,,105
golang json to struct,Informational,90,34,0.00,0.33,27,0,https://www.kloudbean.com/json-to-go-struct-converter/,,107
google cloud managed hosting,Transactional,90,55,0.00,0.33,8,0,https://www.kloudbean.com/google-managed-cloud-hosting/,,135
gutenberg block editor,Informational,90,46,1.56,0.25,0,6,,https://wpvip.com/wordpress-gutenberg/,125
gutenberg.com,Navigational,90,53,1.75,0.01,0,84,,https://wpvip.com/wordpress-gutenberg/,31400000
headless cms diagram,Informational,90,31,0.00,0.07,0,10,,https://wpvip.com/resource/headless-cms-guide/,129
headless wordpress agency,Informational,90,11,0.00,0.33,0,33,,https://wpvip.com/headless-wordpress/,150
headless wordpress development services,Informational,90,4,0.00,0.19,0,46,,https://wpvip.com/headless-wordpress/,134
headless wordpress website agency,Informational,90,3,0.00,0.33,0,44,,https://wpvip.com/headless-wordpress/,157
hire buddypress developers,Informational,90,5,0.00,0.02,0,20,,https://wpvip.com/blog/hire-wordpress-developer/,169
hosting vultr,Navigational,90,52,6.10,0.45,25,0,https://www.kloudbean.com/vultr-hosting/,,125
how decrypt,Informational,90,28,0.00,0.01,31,0,https://www.kloudbean.com/encryption-decryption-tool/,,129
how do i access wordpress admin,Informational,90,31,0.67,0.10,0,6,,https://docs.wpvip.com/manage-user-access/wordpress/,159
how google ai mode change google seo ecosystem,Informational,90,7,0.00,0.00,82,0,https://www.kloudbean.com/googles-ai-mode-is-revolutionizing-seo-what-this-means-for-your-digital-strategy/,,141
how to check metadata of a picture,Informational,90,31,0.00,0.33,72,0,https://www.kloudbean.com/exif-data-viewer/,,136
how to decode a caesar cipher,Informational,90,34,0.00,0.33,28,0,https://www.kloudbean.com/caesar-cipher-encoder-decoder/,,139
how to decode caesar cipher,Informational,90,34,0.00,0.33,38,0,https://www.kloudbean.com/caesar-cipher-encoder-decoder/,,136
how to find fully qualified domain name,Informational,90,32,0.00,0.01,0,45,,https://docs.wpvip.com/domains/fqdn/,156
how to find the subnet,Informational,90,32,0.00,0.33,75,0,https://www.kloudbean.com/network-subnet-calculator/,,167
how to know if a site is wordpress,Informational,90,13,0.00,0.02,0,66,,https://docs.wpvip.com/launch-a-site/testing-your-site/,154
how to scale wordpress,Informational,90,21,0.00,0.01,0,5,,https://wpvip.com/blog/wordpress-scalability/,125
how to see if a site is wordpress,Informational,90,17,0.00,0.02,0,46,,https://docs.wpvip.com/launch-a-site/testing-your-site/,137
how to sell web,Informational,90,33,4.43,0.33,44,0,https://pages.kloudbean.com/how-to-sell-a-website-7-steps-to-make-fast-sale/,,110
how to sell website,Informational,90,30,5.18,0.49,21,0,https://pages.kloudbean.com/how-to-sell-a-website-7-steps-to-make-fast-sale/,,122
how to use content marketing to grow your business,Informational,90,28,0.00,0.33,0,5,,https://wpvip.com/resource/content-marketing-strategy-guide/,0
http cache headers,Informational,90,48,0.00,0.33,0,18,,https://docs.wpvip.com/caching/page-cache/customize-behavior/cache-control-headers/,117
http header cache control,Informational,90,48,0.00,0.33,0,31,,https://docs.wpvip.com/caching/page-cache/customize-behavior/cache-control-headers/,113
http://www.wordpress.com,Navigational,90,100,9.04,0.04,0,20,,https://wpvip.com/,499000000
image metadata view,"Commercial, Informational",90,61,1.10,0.33,60,0,https://www.kloudbean.com/exif-data-viewer/,,116
image placeholder generator,Commercial,90,25,2.06,0.01,17,0,https://www.kloudbean.com/image-placeholder-generator/,,88
indexed though blocked by robots.txt wordpress,Informational,90,16,0.00,0.33,0,40,,https://docs.wpvip.com/security-controls/robots-txt/,173
information architecture vs sitemap,"Commercial, Informational",90,26,0.00,0.02,0,60,,https://wpvip.com/blog/website-information-architecture/,133
invite members,"Informational, Transactional",90,29,10.25,0.06,0,52,,https://docs.wpvip.com/manage-user-access/vip-dashboard/invite-new-users/,126
ip address restriction,Informational,90,7,5.32,0.01,0,12,,https://docs.wpvip.com/security-controls/ip-restrictions/,130
ipv4 regex,Informational,90,19,0.00,0.33,31,0,https://www.kloudbean.com/regex-for-ip-address-validation/,,97
is polyphone safe,Informational,90,18,0.00,0.33,0,55,,https://wpvip.com/blog/polyfill-io-malware/,13400
javascript optimization and security,Informational,90,21,9.39,0.13,0,35,,https://docs.wpvip.com/security/javascript-security-recommendations/,6510
javascript to html converter,Informational,90,3,0.00,0.02,28,0,https://www.kloudbean.com/jsx-to-html-converter/,,105
jetpack.com,Navigational,90,68,2.85,0.11,0,69,,https://docs.wpvip.com/wordpress-on-vip/jetpack/,0
js to html converter,Informational,90,13,0.00,0.02,23,0,https://www.kloudbean.com/jsx-to-html-converter/,,109
json to java object online,Commercial,90,27,0.00,0.02,31,0,https://www.kloudbean.com/json-to-pojo-converter/,,91
json to pojo online,Commercial,90,11,0.00,0.02,24,0,https://www.kloudbean.com/json-to-pojo-converter/,,84
jsonwebtoken validate,Informational,90,36,0.00,0.01,50,0,https://www.kloudbean.com/jwt-decoder-validator/,,125
jwt signature verification,Informational,90,30,0.00,0.05,59,0,https://www.kloudbean.com/jwt-decoder-validator/,,129
jwt token validation,Informational,90,49,0.00,0.02,61,0,https://www.kloudbean.com/jwt-decoder-validator/,,131
jwt token validator,Navigational,90,45,0.00,0.02,21,0,https://www.kloudbean.com/jwt-decoder-validator/,,90
jwt validate,Informational,90,52,0.00,0.01,44,0,https://www.kloudbean.com/jwt-decoder-validator/,,125
kryterion support,Navigational,90,34,0.00,0.02,0,9,,https://learn.wpvip.com/certification/help/,0
leading pim solutions for managing product data,"Commercial, Informational",90,31,0.00,0.00,0,52,,https://wpvip.com/blog/pim-benefits-and-use-cases/,195
logo splash screen,Informational,90,25,0.00,0.33,25,0,https://www.kloudbean.com/splash-screen-generator/,,131
major components,Informational,90,29,0.00,0.33,0,9,,https://learn.wpvip.com/lesson/what-are-the-major-components-involved/,106
markdown validator,Informational,90,36,0.00,0.01,4,0,https://www.kloudbean.com/markdown-formatter-and-validator/,,94
meeting agenda creator,Informational,90,29,3.49,0.43,19,0,https://www.kloudbean.com/meeting-agenda-template/,,19
metadata exif viewer,Informational,90,66,0.00,0.33,59,0,https://www.kloudbean.com/exif-data-viewer/,,125
mfa full form,Informational,90,72,0.00,0.01,0,77,,https://wpvip.com/glossary/what-is-multi-factor-authentication-mfa/,135
migrate a website,Informational,90,37,13.11,0.12,0,9,,https://wpvip.com/glossary/website-migration/,106
most secure cms,Informational,90,13,0.00,0.33,0,35,,https://wpvip.com/blog/10-best-enterprise-content-management-systems/,145
multidots,Navigational,90,48,32.06,0.11,0,3,,https://wpvip.com/partner/multidots/,105
multisite seo,"Commercial, Informational",90,23,0.00,0.33,0,21,,https://wpvip.com/glossary/wordpress-multisite/,121
network vip,Informational,90,18,0.00,0.33,0,18,,https://learn.wpvip.com/lesson/vip-dashboard-network-sites/,143
no cache header,Informational,90,50,0.00,0.33,0,28,,https://docs.wpvip.com/caching/page-cache/customize-behavior/cache-control-headers/,126
npm dependencies,Informational,90,44,0.00,0.33,0,30,,https://docs.wpvip.com/node-js/manage-dependencies/,109
npm install dependency,Informational,90,40,0.00,0.33,0,15,,https://docs.wpvip.com/node-js/manage-dependencies/,104
object caching,Informational,90,20,1.97,0.08,0,4,,https://docs.wpvip.com/caching/object-cache/,131
ocean cloud hosting,Navigational,90,47,3.69,0.19,9,0,https://www.kloudbean.com/digital-ocean-managed-cloud-hosting/,,0
online certificate decoder,Informational,90,30,0.00,0.03,37,0,https://www.kloudbean.com/ssl-certificate-decoder/,,94
online csr generator,Informational,90,33,4.28,0.07,37,0,https://www.kloudbean.com/csr-certificate-signing-request-generator/,,101
online hex to ascii converter,Informational,90,25,0.00,0.33,14,0,https://www.kloudbean.com/hex-to-ascii-converter/,,121
online ssl certificate viewer,Informational,90,48,0.00,0.03,50,0,https://www.kloudbean.com/ssl-certificate-decoder/,,111
online web analytics tools,Informational,90,31,0.00,0.33,0,13,,https://wpvip.com/blog/web-analytics-software-tools/,129
open source benefits,Informational,90,32,0.00,0.33,0,18,,https://wpvip.com/blog/how-open-source-software-benefits-businesses/,127
open source software benefits,Informational,90,31,0.00,0.33,0,13,,https://wpvip.com/blog/how-open-source-software-benefits-businesses/,124
openssl cert decoder,Informational,90,27,0.00,0.01,29,0,https://www.kloudbean.com/ssl-certificate-decoder/,,91
page responsive test,Commercial,90,44,3.16,0.13,40,0,https://www.kloudbean.com/responsive-design-checker/,,120
personalization content marketing,Informational,90,29,0.00,0.01,0,11,,https://wpvip.com/blog/content-personalization/,129
php 8.2.10 release date,Informational,90,24,0.00,0.00,0,42,,https://customerhub.wpvip.com/lobby/2024/03/25/php-8-2-update-timeline/,147
php error_reporting,Informational,90,45,6.38,0.09,0,16,,https://docs.wpvip.com/wordpress-on-vip/php/error-reporting/,114
php logging,Informational,90,30,0.00,0.01,0,45,,https://learn.wpvip.com/lesson/php-logs-errors-warnings-and-notices/,112
php logs,Informational,90,40,0.00,0.01,0,15,,https://learn.wpvip.com/lesson/php-logs-errors-warnings-and-notices/,121
pim marketing,Informational,90,23,7.55,0.24,0,57,,https://wpvip.com/blog/pim-benefits-and-use-cases/,129
pim system meaning,Informational,90,40,0.00,0.06,0,70,,https://wpvip.com/glossary/product-information-management/,135
pim use cases,Informational,90,12,0.00,0.33,0,5,,https://wpvip.com/blog/pim-benefits-and-use-cases/,135
placeholder image api,Commercial,90,37,0.00,0.33,30,0,https://www.kloudbean.com/image-placeholder-generator/,,110
placeholder image creator,Informational,90,27,0.00,0.01,16,0,https://www.kloudbean.com/image-placeholder-generator/,,88
polyfill.io,Informational,90,24,0.00,0.01,0,20,,https://wpvip.com/blog/polyfill-io-malware/,4070000
prescient security fedramp compliance,Informational,90,0,0.00,0.00,0,50,,https://wpvip.com/blog/wordpress-vip-is-fedramp-authorized/,105
pros of open source software,Informational,90,39,0.00,0.33,0,34,,https://wpvip.com/blog/how-open-source-software-benefits-businesses/,161
pwa manifest generator,Informational,90,39,0.00,0.08,16,0,https://www.kloudbean.com/pwa-manifest-generator/,,98
query analyzer,Informational,90,17,8.15,0.19,47,0,https://www.kloudbean.com/db-query-performance-analyzer/,,132
react wordpress,Informational,90,27,6.20,0.05,0,26,,https://wpvip.com/blog/wordpress-react/,107
regex pattern builder,Informational,90,62,0.00,0.02,40,0,https://www.kloudbean.com/regex-pattern-generator/,,114
regex visualization,Commercial,90,70,0.00,0.33,70,0,https://www.kloudbean.com/regex-explainer/,,148
response headers,Informational,90,55,0.00,0.33,0,27,,https://docs.wpvip.com/caching/page-cache/http-headers/,125
responsive images for wordpress,Informational,90,19,0.00,0.01,0,1,,https://docs.wpvip.com/vip-file-system/image-files/responsive-images/,130
responsive online,Commercial,90,62,0.00,0.71,24,0,https://www.kloudbean.com/responsive-design-checker/,,129
responsive test,Informational,90,50,3.98,0.12,27,0,https://www.kloudbean.com/responsive-design-checker/,,119
rest api documentation tool,Commercial,90,24,17.17,0.20,34,0,https://www.kloudbean.com/rest-api-documentation-generator/,,132
rgb to hec,Informational,90,32,3.46,0.01,37,0,https://www.kloudbean.com/rgb-to-hex-converter/,,94
rgba to rgb converter,Informational,90,47,0.00,0.33,15,0,https://www.kloudbean.com/hex-to-rgb-rgba-converter/,,81
robot.txt for wordpress,"Commercial, Informational",90,32,1.11,0.33,0,1,,https://docs.wpvip.com/security-controls/robots-txt/,128
robots txt generator for wordpress,Informational,90,36,0.00,0.33,0,41,,https://docs.wpvip.com/security-controls/robots-txt/,116
sailthry,Navigational,90,14,11.27,0.06,0,12,,https://wpvip.com/partner/sailthru/,106
salesforce and wordpress,Informational,90,32,10.09,0.03,0,9,,https://wpvip.com/wordpress-vip-for-salesforce/,106
self hosting wordpress,Informational,90,18,7.83,0.38,0,11,,https://wpvip.com/blog/self-hosted-wordpress/,145
significance testing calculator,Informational,90,35,0.00,0.01,54,0,https://www.kloudbean.com/statistical-significance-calculator/,,103
single sign on for wordpress,Informational,90,20,13.56,0.12,0,3,,https://docs.wpvip.com/security-controls/wordpress/sso/,122
sitecore to wordpress migration,Informational,90,0,7.35,0.29,0,33,,https://wpvip.com/resource/sitecore-vs-wordpress-vip/,107
sophio,Navigational,90,23,0.00,0.02,0,46,,https://wpvip.com/partner/sophi/,103
splash screen demo,Informational,90,26,0.00,0.33,46,0,https://www.kloudbean.com/splash-screen-generator/,,107
splash screen generator,Informational,90,16,2.45,0.06,21,0,https://www.kloudbean.com/splash-screen-generator/,,110
splash_screen,Informational,90,35,6.18,0.01,47,0,https://www.kloudbean.com/splash-screen-generator/,,134
statistical difference calculator,"Commercial, Informational",90,34,0.00,0.33,47,0,https://www.kloudbean.com/statistical-significance-calculator/,,127
statistically significant difference calculator,Informational,90,40,0.00,0.33,46,0,https://www.kloudbean.com/statistical-significance-calculator/,,102
svg path to png,Informational,90,28,0.00,0.02,33,0,https://www.kloudbean.com/svg-to-png-converter/,,123
svgtopng.com,Commercial,90,52,1.36,0.03,84,0,https://www.kloudbean.com/svg-to-png-converter/,,2970000
swift code formatter,Informational,90,22,0.00,0.01,23,0,https://www.kloudbean.com/swift-formatter-and-validator/,,122
tagging strategy,Informational,90,23,0.00,0.33,0,18,,https://wpvip.com/blog/5-tagging-best-practices-content-strategy/,129
test responsive page,Informational,90,36,3.29,0.17,52,0,https://www.kloudbean.com/responsive-design-checker/,,126
testewp,Informational,90,13,5.81,0.26,0,26,,https://docs.wpvip.com/launch-a-site/testing-your-site/,8020
top cms systems,Commercial,90,44,9.31,0.27,0,49,,https://wpvip.com/blog/10-best-enterprise-content-management-systems/?itm_source=parsely-api,189
topic vip,Informational,90,26,0.00,0.33,0,7,,https://docs.wpvip.com/,253000000
triangle css generator,Informational,90,11,0.00,0.01,10,0,https://www.kloudbean.com/css-triangle-generator/,,104
twitter card for website,Informational,90,9,0.00,0.33,27,0,https://www.kloudbean.com/twitter-card-generator/,,105
two factor authentication wordpress,Informational,90,41,2.89,0.09,0,6,,https://docs.wpvip.com/security-controls/wordpress/enforce-2fa/,120
user analytics tools,"Commercial, Informational",90,43,18.10,0.21,0,33,,https://wpvip.com/blog/web-analytics-software-tools/,134
validator format,Informational,90,76,0.00,0.01,24,0,https://www.kloudbean.com/c-formatter-and-validator/,,99
verify a domain,Informational,90,50,3.36,0.28,0,28,,https://docs.wpvip.com/domains/verification/,129
vip address,Informational,90,25,5.79,0.17,0,40,,https://docs.wpvip.com/infrastructure/edge-servers/target-a-location/,127
vip dev,Informational,90,14,0.00,0.02,0,1,,https://docs.wpvip.com/vip-cli/commands/dev-env/,100
vip log in,"Navigational, Transactional",90,13,5.72,0.01,0,7,,https://docs.wpvip.com/vip-dashboard/vip-dashboard-log-in/,108
vip plugin com,Informational,90,17,0.00,0.33,0,3,,https://docs.wpvip.com/plugins/,67
vip web,Navigational,90,34,2.39,0.02,0,2,,https://wpvip.com/,105
web analytics tools free,"Commercial, Informational",90,61,9.99,0.07,0,19,,https://wpvip.com/blog/web-analytics-software-tools/,125
webdevstudios,Navigational,90,46,6.35,0.09,0,9,,https://wpvip.com/partner/webdevstudios/,172
website governance,Informational,90,21,8.71,0.03,0,65,,https://wpvip.com/blog/accessibility-governance-large-organizations/,115
what does aeo content look like,Informational,90,23,0.00,0.00,0,59,,https://wpvip.com/blog/answer-engine-optimization-strategies/,203
what is a headless wordpress setup and its benefits,Informational,90,20,0.00,0.00,0,11,,https://wpvip.com/blog/headless-vs-hybrid-wordpress/,150
what is a splash screen on an app,Informational,90,35,0.00,0.33,73,0,https://www.kloudbean.com/splash-screen-generator/,,186
what is a website migration,Informational,90,32,0.00,0.01,0,4,,https://wpvip.com/glossary/website-migration/,157
what is aeo in seo,Informational,90,53,2.28,0.25,0,16,,https://wpvip.com/blog/aeo-vs-seo-answer-engine-optimization/,206
what is aeo seo,Informational,90,47,2.42,0.20,0,14,,https://wpvip.com/blog/aeo-vs-seo-answer-engine-optimization/,136
what is site tagging,Informational,90,9,0.77,0.06,0,16,,https://wpvip.com/blog/5-tagging-best-practices-content-strategy/,122
what is wordpress integration,Informational,90,35,0.00,0.33,0,13,,https://wpvip.com/wordpress-ecosystem/,102
when you check a responsive person,Informational,90,15,0.00,0.33,83,0,https://www.kloudbean.com/responsive-design-checker/,,218
woocommerce enterprise,Transactional,90,30,0.00,0.20,0,12,,https://wpvip.com/enterprise-commerce/,103
wordpress 6.6.2 security release news,Informational,90,5,0.00,0.00,0,37,,https://customerhub.wpvip.com/lobby/2024/09/10/wordpress-6-6-2-maintenance-release/,27500
wordpress 6.6.2 security release september 2025,Informational,90,10,0.00,0.00,0,17,,https://customerhub.wpvip.com/platform-release-schedule/,3460
wordpress 6.7 release candidate news today,Informational,90,14,0.00,0.00,0,13,,https://wpvip.com/blog/wordpress-6-7/,108
wordpress 6.7 release candidate today,Informational,90,28,0.00,0.00,0,13,,https://wpvip.com/blog/wordpress-6-7/,106
wordpress 6.7 release date november 2025 news,Informational,90,15,0.00,0.00,0,7,,https://wpvip.com/blog/wordpress-6-7/,107
wordpress 6.7 release notes,Informational,90,20,0.00,0.00,0,11,,https://wpvip.com/blog/wordpress-6-7/,106
wordpress 6.7 release notes november 2025,Informational,90,8,0.00,0.00,0,6,,https://customerhub.wpvip.com/lobby/2025/08/05/wordpress-6-7-3-maintenance-release-with-backported-versions/,262000
wordpress 6.7 release october 2025 news,Informational,90,27,0.00,0.00,0,8,,https://customerhub.wpvip.com/lobby/2025/08/05/wordpress-6-7-3-maintenance-release-with-backported-versions/,463000
wordpress and salesforce integration,Informational,90,26,10.29,0.12,0,11,,https://wpvip.com/wordpress-vip-for-salesforce/,106
wordpress api key,Informational,90,21,8.58,0.05,0,53,,https://docs.wpvip.com/wordpress-on-vip/wordpress-rest-api/,103
wordpress block ip,Informational,90,20,1.48,0.08,0,6,,https://docs.wpvip.com/security-controls/ip-restrictions/,108
wordpress classes online,Commercial,90,68,2.57,0.18,0,28,,https://learn.wpvip.com/,105
wordpress company virginia,"Commercial, Informational",90,6,0.00,0.33,0,62,,https://wpvip.com/,117
wordpress composer,Informational,90,39,0.00,0.04,0,21,,https://docs.wpvip.com/code-deployment/github-repository/composer/,130
wordpress developer course,Informational,90,64,3.02,0.17,0,8,,https://learn.wpvip.com/,121
wordpress digital asset management,Informational,90,9,22.12,0.33,0,1,,https://wpvip.com/glossary/digital-asset-management/,124
wordpress enterprise development,Informational,90,6,0.00,0.33,0,4,,https://wpvip.com/wordpress-platform/,104
wordpress enterprise development agency,Informational,90,12,13.29,0.10,0,16,,https://wpvip.com/,157
wordpress json api,Navigational,90,36,0.00,0.01,0,3,,https://docs.wpvip.com/wordpress-on-vip/wordpress-rest-api/,108
wordpress learning course,"Informational, Transactional",90,72,3.15,0.02,0,12,,https://learn.wpvip.com/,114
wordpress multisite developer,Informational,90,18,0.00,0.33,0,77,,https://wpvip.com/blog/wordpress-multisite/,108
wordpress multisite domain mapping,Informational,90,20,0.00,0.04,0,49,,https://docs.wpvip.com/domains/multiple-domains/,108
wordpress multisite examples,Informational,90,19,0.00,0.10,0,7,,https://wpvip.com/blog/wordpress-multisite/,107
wordpress online course,Commercial,90,67,2.36,0.21,0,19,,https://learn.wpvip.com/,115
wordpress plugins directory,"Informational, Navigational",90,51,2.45,0.16,0,6,,https://docs.wpvip.com/wordpress-skeleton/plugins-directory/,109
wordpress scalability,Informational,90,21,7.09,0.11,0,5,,https://wpvip.com/blog/wordpress-scalability/,102
wordpress search function,Informational,90,21,2.12,0.15,0,11,,https://docs.wpvip.com/wordpress-on-vip/search-options/wordpress-search/,104
wordpress search query optimization techniques,Informational,90,23,0.00,0.00,0,5,,https://docs.wpvip.com/databases/optimize-queries/optimize-core-queries-at-scale/,131
wordpress secure file access,Informational,90,4,0.00,0.00,0,24,,https://docs.wpvip.com/security-controls/access-controlled-files/,105
wordpress secure hosting,Informational,90,60,20.18,0.10,0,26,,https://wpvip.com/blog/secure-wordpress-hosting/,115
wordpress single sign on,Informational,90,15,24.42,0.07,0,5,,https://docs.wpvip.com/security-controls/wordpress/sso/,106
wordpress test site,Informational,90,60,4.55,0.12,0,8,,https://docs.wpvip.com/launch-a-site/testing-your-site/,106
wordpress vip agency partners,Informational,90,16,0.00,0.24,0,1,,https://wpvip.com/partners/agency-partners/,106
wordpress vip business plan pricing 2024,Navigational,90,25,0.00,0.00,0,1,,https://wpvip.com/resource/wp-engine-vs-wordpress-vip/,100
wordpress vs wpengine,"Commercial, Informational",90,34,0.00,0.06,0,22,,https://wpvip.com/resource/wp-engine-vs-wordpress-vip/,127
wordpress with react,Informational,90,29,7.83,0.03,0,19,,https://wpvip.com/blog/wordpress-react/,109
wordpress wp-cron documentation,Informational,90,13,0.00,0.00,0,2,,https://docs.wpvip.com/wordpress-on-vip/cron-control/,109
wordpressvip,Navigational,90,33,25.61,0.45,0,1,,https://wpvip.com/,159
wordspress.com,Navigational,90,100,3.38,0.43,0,22,,https://wpvip.com/blog/wordpress-org-vs-wordpress-com-vs-wordpress-vip-whats-the-difference/,0
wp cli commands,Informational,90,24,2.84,0.05,0,27,,https://docs.wpvip.com/vip-cli/wp-cli-with-vip-cli/wp-cli-commands-on-vip/,100
wp company,Informational,90,22,16.94,0.16,0,43,,https://wpvip.com/,135
wp cron job,Commercial,90,33,0.00,0.02,0,5,,https://docs.wpvip.com/wordpress-on-vip/cron-control/,127
wp crontrol,Navigational,90,19,0.00,0.04,0,9,,https://docs.wpvip.com/wordpress-on-vip/cron-control/,191
wp extra file types,Informational,90,13,0.00,0.02,0,53,,https://docs.wpvip.com/vip-file-system/import-media-files/,123
wp plugin directory,Commercial,90,75,2.45,0.16,0,7,,https://docs.wpvip.com/wordpress-skeleton/plugins-directory/,128
wp software,Informational,90,100,3.95,0.34,0,10,,https://wpvip.com/,128
wp xmlrpc,Informational,90,33,8.54,0.04,0,15,,https://docs.wpvip.com/security-controls/wordpress/xml-rpc/,130
wp_remote_post,Informational,90,16,0.00,0.01,0,18,,https://docs.wpvip.com/databases/optimize-queries/retrieving-remote-data/,108
wpengine redirects,Navigational,90,26,0.00,0.02,0,40,,https://docs.wpvip.com/redirects/,106
wpmedia,Commercial,90,14,6.25,0.07,0,64,,https://wpvip.com/,131
16 bit to hexadecimal,Informational,70,58,0.00,0.33,54,0,https://www.kloudbean.com/binary-to-hex-converter/,,118
4:5 ratio calculator,Informational,70,48,0.00,0.33,88,0,https://www.kloudbean.com/image-aspect-ratio-calculator/,,10400000
action scheduler,Navigational,70,23,0.00,0.33,0,6,,https://docs.wpvip.com/wordpress-on-vip/action-scheduler/,107
ada website compliance april 2026,Informational,70,47,3.01,0.40,0,62,,https://wpvip.com/blog/ada-website-accessibility-deadline-2026/,114
add_query_arg,Informational,70,2,0.00,0.01,0,2,,https://docs.wpvip.com/security/encode-values-add-query-arg/,106
adr doc,Informational,70,53,0.00,0.33,45,0,https://www.kloudbean.com/architecture-decision-record-adr-template/,,130
aeo meaning in seo,Informational,70,49,2.51,0.17,0,17,,https://wpvip.com/blog/aeo-vs-seo-answer-engine-optimization/,133
al jazeera developer docs tutorial,Informational,70,13,0.00,0.00,0,13,,https://wpvip.com/case-studies/al-jazeera-headless-wordpress/,9060000
al jazeera rss all.xml,Informational,70,11,0.00,0.00,0,32,,https://wpvip.com/case-studies/al-jazeera-headless-wordpress/,139
american eagle developers,Navigational,70,38,0.00,0.07,0,10,,https://wpvip.com/partner/americaneagle-com/,108
animation css generator,Informational,70,33,4.52,0.03,9,0,https://www.kloudbean.com/css-animation-generator/,,109
app palette,Informational,70,64,0.95,0.03,62,0,https://www.kloudbean.com/mobile-app-color-scheme-generator/,,195
apply the shadow effect to the selected text,Informational,70,21,0.00,0.33,62,0,https://www.kloudbean.com/text-shadow-generator/,,199
april 2026 accessibility deadline,"Commercial, Informational",70,35,2.28,0.15,0,69,,https://wpvip.com/blog/ada-website-accessibility-deadline-2026/,114
aquanor wp-json exhibitor,Informational,70,4,0.00,0.00,0,97,,https://wpvip.com/event/wordpress-vip-innovation-showcase/,461
atlas headless wordpress,Informational,70,8,0.00,0.33,0,25,,https://wpvip.com/headless-wordpress/,126
atlas headless wp,Informational,70,10,0.00,0.33,0,43,,https://wpvip.com/headless-wordpress/,194
bcrypt decode,Informational,70,21,0.00,0.33,44,0,https://www.kloudbean.com/bcrypt-hash-generator/,,191000
bcrypt password hashing,Informational,70,42,0.00,0.33,32,0,https://www.kloudbean.com/bcrypt-hash-generator/,,161
benefits of pim,Informational,70,13,0.00,0.01,0,5,,https://wpvip.com/blog/pim-benefits-and-use-cases/,137
best cms for enterprise-level b2b companies 2025,Commercial,70,11,0.00,0.00,0,38,,https://wpvip.com/blog/10-best-enterprise-content-management-systems/,169
best content management platform for government agencies,Commercial,70,8,0.00,0.00,0,37,,https://wpvip.com/blog/10-best-enterprise-content-management-systems/,199
best content management system for enterprise,Commercial,70,27,0.00,0.40,0,36,,https://wpvip.com/blog/10-best-enterprise-content-management-systems/,173
best enterprise cms platforms,Commercial,70,17,46.88,0.17,0,16,,https://wpvip.com/blog/10-best-enterprise-content-management-systems/,124
best enterprise content management systems 2026,Commercial,70,25,0.00,0.00,0,27,,https://wpvip.com/blog/10-best-enterprise-content-management-systems/,182
best free website analytics tools,Commercial,70,35,7.02,0.27,0,19,,https://wpvip.com/blog/web-analytics-software-tools/,154
best practices for optimizing blog post for aeo,"Commercial, Informational",70,25,0.00,0.00,0,77,,https://wpvip.com/blog/answer-engine-optimization-strategies/,170
best real time web analytics,Commercial,70,25,0.00,0.33,0,5,,https://wpvip.com/blog/web-analytics-software-tools/,203
better robots txt,Navigational,70,71,0.00,0.33,0,19,,https://docs.wpvip.com/security-controls/robots-txt/,133
bits to hex,Informational,70,29,0.00,0.33,39,0,https://www.kloudbean.com/binary-to-hex-converter/,,118
blog word count,Informational,70,68,0.00,0.07,0,3,,https://wpvip.com/blog/ideal-word-count/,123
bluefish ai answer engine optimization features,Informational,70,17,0.00,0.00,0,78,,https://wpvip.com/blog/answer-engine-optimization-strategies/,14700
brand-new plugin capabilities introduced in wordpress 6.5,Informational,70,0,0.00,0.00,0,11,,https://wpvip.com/blog/wordpress-6-5/,170
build headless cms,Informational,70,37,0.00,0.71,0,6,,https://wpvip.com/resource/headless-cms-guide/,133
cache control max age 0,Informational,70,45,0.00,0.33,0,24,,https://docs.wpvip.com/caching/page-cache/customize-behavior/cache-control-headers/,109
cache headers,Informational,70,50,0.00,0.01,0,28,,https://docs.wpvip.com/caching/page-cache/customize-behavior/cache-control-headers/,172
cache http header,Informational,70,50,0.00,0.33,0,28,,https://docs.wpvip.com/caching/page-cache/customize-behavior/cache-control-headers/,113
caesar cipher decoding,Informational,70,28,0.00,0.33,25,0,https://www.kloudbean.com/caesar-cipher-encoder-decoder/,,118
caesar cipher tool,Informational,70,34,0.00,0.33,18,0,https://www.kloudbean.com/caesar-cipher-encoder-decoder/,,114
ceaser cipher solver,Informational,70,56,0.00,0.33,23,0,https://www.kloudbean.com/caesar-cipher-encoder-decoder/,,119
ceaser cypher decoder,Informational,70,64,0.00,0.33,20,0,https://www.kloudbean.com/caesar-cipher-encoder-decoder/,,122
change rgba to hex,Informational,70,51,0.00,0.33,32,0,https://www.kloudbean.com/hex-to-rgb-rgba-converter/,,92
check responsive design,Informational,70,36,2.80,0.07,12,0,https://www.kloudbean.com/responsive-design-checker/,,125
check subnet mask for ip,Informational,70,51,0.00,0.01,96,0,https://www.kloudbean.com/network-subnet-calculator/,,181
choosing a dxp,Informational,70,2,0.00,0.33,0,46,,https://wpvip.com/blog/wordpress-digital-experience-platform/,112
ciphertext decryption,Informational,70,32,0.00,0.33,36,0,https://www.kloudbean.com/encryption-decryption-tool/,,136
cloud load balancer pricing,Transactional,70,39,0.00,0.02,44,0,https://www.kloudbean.com/cloud-cost-calculator/,,115
cname ttl,Informational,70,18,0.00,0.01,0,7,,https://docs.wpvip.com/domains/check-dns-record-time-to-live/,116
color code rgb to hex,Informational,70,47,0.00,0.01,51,0,https://www.kloudbean.com/rgb-to-hex-converter/,,130
colour conversion rgb to hex,Commercial,70,36,0.00,0.33,38,0,https://www.kloudbean.com/rgb-to-hex-converter/,,123
composability definition,Informational,70,20,0.00,0.33,0,41,,https://customerhub.wpvip.com/lobby/2024/06/07/what-is-composability-why-it-matters/,115
connatix.com what is it,Informational,70,8,10.84,0.05,0,36,,https://wpvip.com/partner/connatix/,108
content creation speed,Informational,70,16,0.00,0.00,0,10,,https://wpvip.com/blog/accelerating-your-content-creation-process/,137
content marketing and blogging,Informational,70,40,8.12,0.04,0,9,,https://wpvip.com/blog/8-types-of-content-marketing/,152
content marketing types moz,Informational,70,41,0.00,0.00,0,13,,https://wpvip.com/blog/8-types-of-content-marketing/,106
content-security-policy-report-only,Informational,70,19,6.41,0.08,0,82,,https://wpvip.com/blog/content-security-policy-guide/,178
convert hex to rgba,Informational,70,50,0.00,0.33,14,0,https://www.kloudbean.com/hex-to-rgb-rgba-converter/,,93
convert json object to c# class,Informational,70,17,0.00,0.01,46,0,https://www.kloudbean.com/json-to-c-class-converter/,,112
convert json to c,Informational,70,24,0.00,0.10,25,0,https://www.kloudbean.com/json-to-c-class-converter/,,109
convert json to class c#,Informational,70,14,0.00,0.02,33,0,https://www.kloudbean.com/json-to-c-class-converter/,,112
convert pojo to json in java,Informational,70,24,0.00,0.33,35,0,https://www.kloudbean.com/json-to-pojo-converter/,,111
convert rgba to hexadecimal,Informational,70,47,0.00,0.33,26,0,https://www.kloudbean.com/hex-to-rgb-rgba-converter/,,94
convert to regular expression,Informational,70,73,0.00,0.02,20,0,https://www.kloudbean.com/regex-to-string-converter/,,124
converting hexadecimal to ascii,Informational,70,54,0.00,0.33,16,0,https://www.kloudbean.com/hex-to-ascii-converter/,,104
core web vitals monitoring,Informational,70,45,14.44,0.08,0,50,,https://wpvip.com/glossary/core-web-vitals/,133
create a table in html,Informational,70,49,3.94,0.03,46,0,https://www.kloudbean.com/html-table-generator/,,141
create bucket,Informational,70,36,6.34,0.04,51,0,https://support.kloudbean.com/docs/s3-object-storage/creating-new-bucket/,,183
create csr online,Commercial,70,35,4.28,0.07,45,0,https://www.kloudbean.com/csr-certificate-signing-request-generator/,,127
creating json schema,Informational,70,39,5.20,0.07,38,0,https://www.kloudbean.com/json-schema-generator/,,119
crt decoder,Informational,70,26,0.00,0.01,41,0,https://www.kloudbean.com/ssl-certificate-decoder/,,149
csp generator,Informational,70,23,5.29,0.09,22,0,https://www.kloudbean.com/csp-generator/,,54
csr certificate generator,"Commercial, Informational",70,39,6.45,0.06,20,0,https://www.kloudbean.com/csr-certificate-signing-request-generator/,,130
csr generation tool,Informational,70,23,7.34,0.12,16,0,https://www.kloudbean.com/csr-certificate-signing-request-generator/,,111
csr generator online,Commercial,70,33,4.28,0.07,36,0,https://www.kloudbean.com/csr-certificate-signing-request-generator/,,97
css table maker,Informational,70,44,0.00,0.02,29,0,https://www.kloudbean.com/html-table-generator/,,105
curl print headers,Informational,70,17,0.00,0.33,0,20,,https://docs.wpvip.com/caching/page-cache/http-headers/retrieve-headers/,114
curl response headers,Informational,70,14,0.00,0.33,0,15,,https://docs.wpvip.com/caching/page-cache/http-headers/retrieve-headers/,108
curl return headers,Informational,70,16,0.00,0.33,0,15,,https://docs.wpvip.com/caching/page-cache/http-headers/retrieve-headers/,107
cyper decoder,Commercial,70,59,1.20,0.33,24,0,https://www.kloudbean.com/caesar-cipher-encoder-decoder/,,117
damprip,Informational,70,-1,0.24,1.00,0,63,,https://wpvip.com/glossary/digital-asset-management/,801
data normalization tools,Informational,70,5,8.96,0.07,11,0,https://www.kloudbean.com/database-normalization-helper/,,125
database import,Informational,70,30,5.37,0.23,0,2,,https://docs.wpvip.com/databases/import/,128
database normalization tool,Informational,70,9,8.96,0.07,10,0,https://www.kloudbean.com/database-normalization-helper/,,127
de crypter,Informational,70,44,1.55,0.02,55,0,https://www.kloudbean.com/encryption-decryption-tool/,,108
decode certificate pem,Informational,70,27,0.00,0.02,23,0,https://www.kloudbean.com/ssl-certificate-decoder/,,93
decode pem certificate,Informational,70,23,0.00,0.02,38,0,https://www.kloudbean.com/ssl-certificate-decoder/,,88
decoder ssl,Informational,70,32,10.34,0.04,28,0,https://www.kloudbean.com/ssl-certificate-decoder/,,96
decoupled wordpress hosting architecture,Informational,70,4,0.00,0.00,0,1,,https://wpvip.com/resource/decoupled-wordpress/,142
decrypt a file,Informational,70,23,1.72,0.10,73,0,https://www.kloudbean.com/encryption-decryption-tool/,,122
decrypt a message,Informational,70,36,0.00,0.33,32,0,https://www.kloudbean.com/encryption-decryption-tool/,,112
decrypt application,Informational,70,27,0.00,0.01,45,0,https://www.kloudbean.com/encryption-decryption-tool/,,166
decrypt the password,Informational,70,14,0.00,0.01,64,0,https://www.kloudbean.com/encryption-decryption-tool/,,105
decrypt tool online,Commercial,70,35,1.99,0.02,6,0,https://www.kloudbean.com/encryption-decryption-tool/,,20
decrypt web,Informational,70,28,0.00,0.01,28,0,https://www.kloudbean.com/encryption-decryption-tool/,,124
decrypting website,Commercial,70,36,0.00,0.01,15,0,https://www.kloudbean.com/encryption-decryption-tool/,,102
decryption app,Informational,70,19,0.00,0.01,36,0,https://www.kloudbean.com/encryption-decryption-tool/,,158
decryption tools,Informational,70,51,0.00,0.02,22,0,https://www.kloudbean.com/encryption-decryption-tool/,,124
determine ip range from subnet mask,Informational,70,68,0.00,0.01,61,0,https://www.kloudbean.com/network-subnet-calculator/,,179
determine subnet mask from ip,Informational,70,47,0.00,0.01,61,0,https://www.kloudbean.com/network-subnet-calculator/,,178
devglan text encryption,"Navigational, Transactional",70,47,0.00,0.01,26,0,https://www.kloudbean.com/encryption-decryption-tool/,,95
difference between seo and aeo,Informational,70,29,1.71,0.27,0,47,,https://wpvip.com/blog/aeo-vs-seo-answer-engine-optimization/,170
disney data conference,"Informational, Navigational",70,26,0.94,0.23,0,23,,https://wpvip.com/event/ddac24/,123
disseminating response policy to the void anomalies,Informational,70,21,0.00,0.33,0,16,,https://docs.wpvip.com/performance/insights-metrics/anomalies/,189
dns record ttl,Informational,70,28,0.00,0.33,0,6,,https://docs.wpvip.com/domains/check-dns-record-time-to-live/,111
do cloud,Navigational,70,45,0.00,0.03,39,0,https://www.kloudbean.com/digital-ocean-managed-cloud-hosting/,,171
docker compose generator,Informational,70,20,0.00,0.04,15,0,https://www.kloudbean.com/docker-compose-generator/,,102
dxp agency,Informational,70,30,0.00,0.33,0,19,,https://wpvip.com/glossary/digital-experience-platform/,128
dxp ecommerce,Informational,70,4,0.00,0.11,0,51,,https://wpvip.com/glossary/digital-experience-platform/,111
elasticsearch query builder,Informational,70,26,0.00,0.01,19,0,https://www.kloudbean.com/elasticsearch-query-builder/,,116
encrypted to decrypt software,Informational,70,44,2.40,0.09,31,0,https://www.kloudbean.com/encryption-decryption-tool/,,139
encryption decoder online,Informational,70,36,1.79,0.12,9,0,https://www.kloudbean.com/encryption-decryption-tool/,,97
encryption site,Commercial,70,64,3.94,0.20,17,0,https://www.kloudbean.com/encryption-decryption-tool/,,118
english to caesar cipher,Informational,70,42,0.00,0.33,37,0,https://www.kloudbean.com/caesar-cipher-encoder-decoder/,,124
enterprise content governance,Informational,70,22,0.00,0.33,0,21,,https://wpvip.com/blog/enterprise-content-management-strategy/,141
enterprise content management system comparison,Commercial,70,18,0.00,0.33,0,25,,https://wpvip.com/blog/10-best-enterprise-content-management-systems/,138
enterprise level wordpress,Informational,70,22,0.00,0.33,0,3,,https://wpvip.com/wordpress-platform/,57
enterprise video cms with full compliance support,Informational,70,11,0.00,0.00,0,46,,https://wpvip.com/blog/10-best-enterprise-content-management-systems/,185
enterprise wordpress solutions,Informational,70,16,27.43,0.28,0,2,,https://wpvip.com/,123
evaluate the martech company wordpress on creative design tools,Informational,70,9,0.00,0.00,0,11,,https://wpvip.com/resource/martech-trends/,694000
evaluate the martech company wordpress on digital and programmatic advertising,Informational,70,7,0.00,0.00,0,14,,https://wpvip.com/resource/martech-trends/,204000
evaluate the martech company wordpress on graphic design tools,"Commercial, Informational",70,5,0.00,0.00,0,6,,https://wpvip.com/resource/martech-trends/,1270000
exif data checker,Informational,70,63,0.00,0.33,66,0,https://www.kloudbean.com/exif-data-viewer/,,124
exif location viewer,Informational,70,53,0.00,0.33,42,0,https://www.kloudbean.com/exif-data-viewer/,,121
expression engine vs wordpress,Commercial,70,12,0.00,0.02,0,30,,https://wpvip.com/resource/wp-engine-vs-wordpress-vip/,117
fedramp for saas providers,Informational,70,23,0.00,0.00,0,54,,https://wpvip.com/blog/wordpress-vip-is-fedramp-authorized/,110
find subnet ip address,Informational,70,62,0.00,0.33,42,0,https://www.kloudbean.com/network-subnet-calculator/,,118
flexbox layout generator,Informational,70,42,0.00,0.06,9,0,https://www.kloudbean.com/flexbox-generator/,,91
format graphql query,Informational,70,5,3.29,0.08,16,0,https://www.kloudbean.com/graphql-formatter-and-validator/,,105
forrester 2026,Informational,70,62,2.30,1.00,0,14,,https://wpvip.com/events/forrester-b2b-summit-2026/,130
forrester conference,Navigational,70,50,4.20,0.30,0,23,,https://wpvip.com/event/forrester-b2b-summit-2026/,106
free generator barcode,Commercial,70,57,1.29,0.02,60,0,https://www.kloudbean.com/free-barcode-generator-tool/,,129
generate app store icons,"Commercial, Informational",70,51,3.61,0.04,26,0,https://www.kloudbean.com/app-icon-generator/,,103
generate table html,Informational,70,48,4.15,0.02,26,0,https://www.kloudbean.com/html-table-generator/,,116
get response headers curl,Informational,70,16,0.00,0.33,0,15,,https://docs.wpvip.com/caching/page-cache/http-headers/retrieve-headers/,108
gitlab on premise,"Navigational, Transactional",70,60,5.70,0.08,36,0,https://www.kloudbean.com/gitlab-self-hosted/,,105
gitlab self-hosted pricing,Transactional,70,36,0.00,0.02,28,0,https://www.kloudbean.com/gitlab-self-hosted/,,104
gitlab selfhost,Informational,70,56,8.49,0.08,29,0,https://www.kloudbean.com/gitlab-self-hosted/,,105
google search central title tag best practices,Informational,70,56,0.00,0.00,0,76,,https://wpvip.com/blog/5-tagging-best-practices-content-strategy/,188
graphql visualizer,Informational,70,18,3.13,0.08,10,0,https://www.kloudbean.com/graphql-schema-visualizer/,,128
growth content marketing,Informational,70,20,0.00,0.33,0,2,,https://wpvip.com/resource/content-marketing-strategy-guide/,129
gutenberg plugin,Navigational,70,15,1.88,0.18,0,26,,https://wpvip.com/wordpress-gutenberg/,105
header modification,Informational,70,47,0.00,0.17,0,35,,https://docs.wpvip.com/caching/page-cache/http-headers/add-edit-or-remove/,117
header vary,Informational,70,33,0.00,0.33,0,19,,https://docs.wpvip.com/caching/page-cache/customize-behavior/vary-http-response-header/,106
headless cms architecture diagram,Informational,70,35,10.64,0.06,0,10,,https://wpvip.com/resource/headless-cms-guide/,129
headless cms security,"Commercial, Informational",70,10,0.00,0.33,0,15,,https://wpvip.com/blog/10-headless-cms-architecture-myths/,134
headline testing,Informational,70,55,3.06,0.10,0,14,,https://wpvip.com/headline-testing/,123
hex converter to ascii,Informational,70,25,0.00,0.33,11,0,https://www.kloudbean.com/hex-to-ascii-converter/,,95
hex string to ascii,Informational,70,31,0.00,0.33,20,0,https://www.kloudbean.com/hex-to-ascii-converter/,,99
hex to ascii code,Informational,70,50,0.00,0.33,16,0,https://www.kloudbean.com/hex-to-ascii-converter/,,109
hex to rgba color converter,Informational,70,46,0.00,0.33,23,0,https://www.kloudbean.com/hex-to-rgb-rgba-converter/,,90
hex to rgba conversion,Informational,70,47,0.00,0.33,17,0,https://www.kloudbean.com/hex-to-rgb-rgba-converter/,,91
hexstring to ascii,Informational,70,27,0.00,0.00,14,0,https://www.kloudbean.com/hex-to-ascii-converter/,,107
hextoascii,Informational,70,45,7.97,0.33,15,0,https://www.kloudbean.com/hex-to-ascii-converter/,,102
hosted mariadb,Informational,70,41,5.25,0.12,22,0,https://www.kloudbean.com/managed-databases-mariadb/,,134
how do you sell a website,Informational,70,23,5.18,0.49,53,0,https://pages.kloudbean.com/how-to-sell-a-website-7-steps-to-make-fast-sale/,,189
how headless cms works,Informational,70,41,0.00,0.03,0,22,,https://wpvip.com/resource/headless-cms-guide/,129
how is a theme developed,Informational,70,21,0.00,0.33,0,82,,https://learn.wpvip.com/lesson/theme-development-structure/,177
how many words should a blog post be for seo,Informational,70,33,0.64,0.17,0,16,,https://wpvip.com/blog/ideal-word-count/,170
how many words should be in a blog post,Informational,70,3,1.29,0.16,0,16,,https://wpvip.com/blog/ideal-word-count/,46
how many words should blog post be,Informational,70,29,1.29,0.16,0,15,,https://wpvip.com/blog/ideal-word-count/,153
how scalable is wordpress,Informational,70,17,0.00,0.01,0,8,,https://wpvip.com/blog/wordpress-scalability/,135
how to calculate ip,Informational,70,62,0.00,0.33,42,0,https://www.kloudbean.com/network-subnet-calculator/,,115
how to calculate ip address,Informational,70,-1,0.00,0.33,50,0,https://www.kloudbean.com/network-subnet-calculator/,,171
how to calculate the ip address,Informational,70,70,0.00,0.33,49,0,https://www.kloudbean.com/network-subnet-calculator/,,171
how to determine subnet mask from ip address,Informational,70,46,0.00,0.33,84,0,https://www.kloudbean.com/network-subnet-calculator/,,169
how to find your brand voice,Informational,70,38,5.02,0.46,0,9,,https://wpvip.com/resource/how-to-find-your-brand-voice/,158
how to install wp plugins,Informational,70,30,1.91,0.16,0,24,,https://docs.wpvip.com/plugins/installing-plugins/,152
how to login to sftp server,"Informational, Transactional",70,23,8.70,0.15,89,0,https://support.kloudbean.com/docs/server-management/connecting-ssh-sftp/,,184
how to tell if site is wordpress,Informational,70,19,0.00,0.02,0,64,,https://docs.wpvip.com/launch-a-site/testing-your-site/,152
how to use a headless cms,Informational,70,35,0.00,0.79,0,8,,https://wpvip.com/resource/headless-cms-guide/,149
how to use headless cms,Informational,70,26,0.00,0.02,0,5,,https://wpvip.com/resource/headless-cms-guide/,153
how to validate jwt token,Informational,70,31,0.00,0.01,73,0,https://www.kloudbean.com/jwt-decoder-validator/,,149
html tables generator,Informational,70,34,4.99,0.03,28,0,https://www.kloudbean.com/html-table-generator/,,116
http headers for caching,Informational,70,48,0.00,0.33,0,19,,https://docs.wpvip.com/caching/page-cache/customize-behavior/cache-control-headers/,129
http request maker,"Commercial, Informational",70,17,0.00,0.33,21,0,https://www.kloudbean.com/http-request-builder/,,99
http vary header,"Commercial, Informational",70,32,0.00,0.33,0,23,,https://docs.wpvip.com/caching/page-cache/customize-behavior/vary-http-response-header/,110
hybrid headless,"Commercial, Informational",70,9,0.00,0.57,0,15,,https://wpvip.com/glossary/hybrid-cms/,192
information architecture website,Informational,70,53,6.12,0.10,0,29,,https://wpvip.com/blog/website-information-architecture/,131
inurl:wp-json,Informational,70,0,0.00,0.14,0,17,,https://docs.wpvip.com/wordpress-on-vip/wordpress-rest-api/,122
inurl:wpjson,Informational,70,16,0.00,0.33,0,18,,https://docs.wpvip.com/wordpress-on-vip/wordpress-rest-api/,123
ip address regular expression,Informational,70,20,0.00,0.33,26,0,https://www.kloudbean.com/regex-for-ip-address-validation/,,80
ip address validator,Informational,70,13,0.00,0.02,10,0,https://www.kloudbean.com/regex-for-ip-address-validation/,,91
ip restrictions,Informational,70,23,5.32,0.01,0,7,,https://docs.wpvip.com/security-controls/ip-restrictions/,121
ipv6 regular expression,Informational,70,8,0.00,0.33,22,0,https://www.kloudbean.com/regex-for-ip-address-validation/,,103
is wordpress scalable,Informational,70,16,0.00,0.06,0,12,,https://wpvip.com/blog/wordpress-scalability/,134
java convert pojo to json,Informational,70,24,0.00,0.01,23,0,https://www.kloudbean.com/json-to-pojo-converter/,,111
java object from json online,Commercial,70,26,0.00,0.02,24,0,https://www.kloudbean.com/json-to-pojo-converter/,,153
java pojo to json converter online,Informational,70,11,0.00,0.33,31,0,https://www.kloudbean.com/json-to-pojo-converter/,,93
jetpack ai assistant wordpress,"Informational, Navigational",70,30,0.00,0.19,0,3,,https://wpvip.com/jetpack-ai/,100
json api wp,Informational,70,34,0.00,0.01,0,16,,https://docs.wpvip.com/wordpress-on-vip/wordpress-rest-api/,138
json schema creator,Informational,70,48,5.20,0.07,26,0,https://www.kloudbean.com/json-schema-generator/,,106
json to c# converter,Informational,70,19,0.00,0.02,22,0,https://www.kloudbean.com/json-to-c-class-converter/,,106
json to class,Informational,70,25,0.00,0.03,31,0,https://www.kloudbean.com/json-to-c-class-converter/,,116
json to java pojo online,Commercial,70,23,0.00,0.02,17,0,https://www.kloudbean.com/json-to-pojo-converter/,,98
jsx to html,Informational,70,12,6.75,0.10,2,0,https://www.kloudbean.com/jsx-to-html-converter/,,98
jwt token validate,Informational,70,45,0.00,0.02,48,0,https://www.kloudbean.com/jwt-decoder-validator/,,63
karmadharma,Navigational,70,34,0.97,0.01,0,5,,https://wpvip.com/partner/karmadharma/,119
kloudboard,Navigational,70,74,0.00,0.33,29,0,https://www.kloudbean.com/,,114
kryterion login,"Navigational, Transactional",70,32,0.00,0.33,0,14,,https://learn.wpvip.com/certification/help/,108
kryterion online support,Navigational,70,24,0.00,0.02,0,6,,https://learn.wpvip.com/certification/help/,147
kryteriononline support,Navigational,70,27,0.00,0.02,0,7,,https://learn.wpvip.com/certification/help/,144
latest wordpress version february 2026,Informational,70,22,0.00,0.00,0,15,,https://customerhub.wpvip.com/platform-release-schedule/,145
login vip,"Navigational, Transactional",70,17,5.72,0.01,0,11,,https://docs.wpvip.com/vip-dashboard/vip-dashboard-log-in/,107
magento 2 robots.txt,Informational,70,6,0.00,0.03,0,47,,https://docs.wpvip.com/security-controls/robots-txt/,106
managed elasticsearch service,Informational,70,43,0.00,0.33,40,0,https://www.kloudbean.com/managed-databases-elasticsearch/,,134
max age 0 cache control,Informational,70,31,0.00,0.33,0,22,,https://docs.wpvip.com/caching/page-cache/customize-behavior/cache-control-headers/,106
memcached for php,Informational,70,43,0.00,0.33,0,40,,https://wpvip.com/blog/switching-from-memcache-to-memcached-extension/,106
migration of website,Informational,70,38,12.14,0.08,0,5,,https://wpvip.com/glossary/website-migration/,125
mime type of a file,Informational,70,53,0.00,0.33,67,0,https://www.kloudbean.com/mime-types-lookup/,,126
mobile responsive design testing,Informational,70,41,2.76,0.25,53,0,https://www.kloudbean.com/responsive-design-checker/,,151
most efficient pim system for product database management,Commercial,70,32,0.00,0.00,0,95,,https://wpvip.com/blog/pim-benefits-and-use-cases/,197
most secure wordpress hosting service,Informational,70,51,0.00,0.02,0,29,,https://wpvip.com/blog/secure-wordpress-hosting/,157
mu-plugins,Informational,70,38,0.00,0.33,0,16,,https://learn.wpvip.com/lesson/wordpress-must-use-plugins-mu-plugins/,103
multi sites,Informational,70,11,0.00,0.01,0,16,,https://wpvip.com/glossary/wordpress-multisite/,135
multidots solutions,Navigational,70,31,11.08,0.09,0,5,,https://wpvip.com/partner/multidots/,107
my viewport,Informational,70,17,0.00,0.33,49,0,https://www.kloudbean.com/mobile-viewport-tester/,,102
netowrk calculator,Informational,70,57,2.66,0.01,30,0,https://www.kloudbean.com/network-subnet-calculator/,,130
node 20 end of life,Informational,70,40,5.78,0.25,0,18,,https://customerhub.wpvip.com/lobby/2026/01/29/end-of-life-for-node-js-v20/,94
node process environment,Informational,70,32,0.00,0.33,0,29,,https://docs.wpvip.com/node-js/environment-variables/,134
oauth2 url generator,Informational,70,35,2.87,0.23,19,0,https://www.kloudbean.com/oauth-2-0-token-generator/,,118
omnichannel content creation,Informational,70,21,0.00,0.33,0,14,,https://wpvip.com/blog/omnichannel-content-management/,125
omnichannel content-management,Informational,70,15,15.09,0.05,0,5,,https://wpvip.com/blog/omnichannel-content-management/,135
omnichannel digitalization,Informational,70,30,7.85,0.09,0,21,,https://wpvip.com/blog/omnichannel-digital-experiences-cms-composable/,2120000
online ansible,Informational,70,18,0.00,0.03,23,0,https://www.kloudbean.com/ansible-playbook-generator/,,107
online decrypt,Informational,70,34,2.11,0.03,19,0,https://www.kloudbean.com/encryption-decryption-tool/,,104
online encrypt,Commercial,70,33,2.03,0.10,19,0,https://www.kloudbean.com/encryption-decryption-tool/,,96
online encryption and decryption,Informational,70,26,1.79,0.12,6,0,https://www.kloudbean.com/encryption-decryption-tool/,,122
online encryption tool,Commercial,70,32,3.45,0.19,12,0,https://www.kloudbean.com/encryption-decryption-tool/,,119
online json to java object,Commercial,70,25,0.00,0.01,38,0,https://www.kloudbean.com/json-to-pojo-converter/,,122
online regular expression generator,Informational,70,50,0.00,0.03,51,0,https://www.kloudbean.com/regex-pattern-generator/,,110
online websocket test,Informational,70,24,3.16,0.08,18,0,https://www.kloudbean.com/websocket-tester/,,93
open source advantages,Informational,70,25,0.00,0.33,0,27,,https://wpvip.com/blog/how-open-source-software-benefits-businesses/,123
opensource dxp,Informational,70,13,0.00,0.14,0,24,,https://wpvip.com/glossary/digital-experience-platform/,126
optimizing ecommerce website,Informational,70,29,21.99,0.04,55,0,https://www.kloudbean.com/everything-you-need-to-know-about-ecommerce-optimisation/,,135
parsely inc,Navigational,70,59,3.81,0.28,0,14,,https://wpvip.com/blog/parsely-acquisition-wordpress-vip/,106
password decoder online,Informational,70,31,0.00,0.33,36,0,https://www.kloudbean.com/encryption-decryption-tool/,,100
pem cert decoder,Informational,70,31,0.00,0.02,24,0,https://www.kloudbean.com/ssl-certificate-decoder/,,90
pem certificate decoder,Commercial,70,23,0.00,0.01,25,0,https://www.kloudbean.com/ssl-certificate-decoder/,,87
personalization wordpress,Informational,70,21,0.00,0.02,0,2,,https://wpvip.com/resource/how-to-achieve-personalization-with-enterprise-wordpress/,114
php error_reporting all,Informational,70,41,4.95,0.09,0,23,,https://docs.wpvip.com/wordpress-on-vip/php/error-reporting/,123
php lint,Informational,70,30,5.04,0.12,0,7,,https://docs.wpvip.com/wordpress-on-vip/php/versions/php-linting-scans/,112
pim examples,Informational,70,16,3.36,0.19,0,7,,https://wpvip.com/blog/pim-benefits-and-use-cases/,124
pim software news,Informational,70,8,0.00,0.00,0,36,,https://wpvip.com/blog/pim-benefits-and-use-cases/,144
placeholderimage,Informational,70,36,5.87,0.33,31,0,https://www.kloudbean.com/image-placeholder-generator/,,96
platforms that integrate with wordpress plugins,Informational,70,10,0.00,0.00,0,2,,https://wpvip.com/wordpress-ecosystem/,160
plugin location wordpress,Informational,70,30,0.00,0.33,0,4,,https://docs.wpvip.com/wordpress-skeleton/plugins-directory/,102
plus vip,Informational,70,10,0.00,0.01,0,20,,https://wpvip.com/,105
pojo to json converter,Informational,70,18,0.00,0.01,23,0,https://www.kloudbean.com/json-to-pojo-converter/,,120
primary reason that corporations use open source software,Informational,70,17,0.00,0.00,0,7,,https://wpvip.com/blog/how-open-source-software-benefits-businesses/,141
product information management implementation,Informational,70,16,0.00,0.33,0,61,,https://wpvip.com/blog/pim-benefits-and-use-cases/,135
program decrypt,Informational,70,14,3.36,0.05,38,0,https://www.kloudbean.com/encryption-decryption-tool/,,138
query builder elasticsearch,Informational,70,21,4.85,0.02,15,0,https://www.kloudbean.com/elasticsearch-query-builder/,,45
query monitor plugin,Informational,70,29,0.00,0.03,0,9,,https://docs.wpvip.com/performance/query-monitor/,115
regexp generator,Informational,70,46,8.63,0.02,44,0,https://www.kloudbean.com/regex-pattern-generator/,,124
register block,"Navigational, Transactional",70,29,0.49,0.19,0,16,,https://wpvip.com/blog/block-json-server-side-registration/,117
regular expression ipv4,Informational,70,23,0.00,0.33,23,0,https://www.kloudbean.com/regex-for-ip-address-validation/,,109
regular expression pattern generator,Informational,70,53,0.00,0.03,28,0,https://www.kloudbean.com/regex-pattern-generator/,,105
required check,Informational,70,23,0.00,0.33,0,11,,https://docs.wpvip.com/code-deployment/github-repository/required-status-checks/,108
responsive check,Commercial,70,36,3.09,0.06,37,0,https://www.kloudbean.com/responsive-design-checker/,,121
responsive design test,Informational,70,44,3.98,0.12,38,0,https://www.kloudbean.com/responsive-design-checker/,,120
responsive design test tool,Informational,70,48,3.35,0.06,52,0,https://www.kloudbean.com/responsive-design-checker/,,123
responsive page test,Commercial,70,44,3.16,0.13,38,0,https://www.kloudbean.com/responsive-design-checker/,,119
responsive tester,Informational,70,53,3.98,0.12,33,0,https://www.kloudbean.com/responsive-design-checker/,,122
responsive testing tools,Informational,70,43,3.35,0.06,55,0,https://www.kloudbean.com/responsive-design-checker/,,127
responsive web design testing tool,Informational,70,50,3.35,0.06,41,0,https://www.kloudbean.com/responsive-design-checker/,,121
rgba to hex conversion,Informational,70,49,0.00,0.33,28,0,https://www.kloudbean.com/hex-to-rgb-rgba-converter/,,87
roadmap for gizmodo,Informational,70,28,0.00,0.00,0,3,,https://customerhub.wpvip.com/lobby/2008/03/06/gizmodo-liveblog-of-apples-iphone-roadmap-event/,82700
role based access control matrix template,Informational,70,13,0.00,0.33,52,0,https://www.kloudbean.com/permission-matrix-generator/,,112
scalable+wordpress+hosting,Informational,70,19,0.00,0.03,0,16,,https://wpvip.com/blog/wordpress-scalability/,152
scss to css convert,Informational,70,20,0.00,0.01,14,0,https://www.kloudbean.com/scss-to-css-converter/,,98
secure enterprise content management for public sector agencies,Informational,70,5,0.00,0.00,0,20,,https://wpvip.com/blog/enterprise-content-management-strategy/,202
serve static assets with an efficient cache policy,Informational,70,16,0.00,0.33,0,44,,https://docs.wpvip.com/caching/static-asset-caching/,127
server sizing,Informational,70,17,6.41,0.75,12,0,https://www.kloudbean.com/server-sizing-calculator/,,136
service account token creator,Informational,70,19,0.00,0.01,44,0,https://www.kloudbean.com/gcp-service-account-generator/,,97
shadow font generator,Informational,70,9,0.00,0.01,16,0,https://www.kloudbean.com/text-shadow-generator/,,103
sitecore wordpress migration,Informational,70,1,0.00,0.00,0,31,,https://wpvip.com/resource/sitecore-vs-wordpress-vip/,106
soap requests,Informational,70,32,0.00,0.01,35,0,https://www.kloudbean.com/soap-request-generator/,,132
splash scren,Informational,70,35,2.08,0.01,27,0,https://www.kloudbean.com/splash-screen-generator/,,134
splash-screen,Informational,70,35,2.08,0.01,40,0,https://www.kloudbean.com/splash-screen-generator/,,133
sql connection string builder,Informational,70,9,0.00,0.33,17,0,https://www.kloudbean.com/database-connection-string-builder/,,121
sql injection wordpress,Informational,70,15,0.00,0.01,0,5,,https://wpvip.com/blog/injection-vulnerabilities/,120
ssh keygen -t,Informational,70,7,1.14,0.01,81,0,https://www.kloudbean.com/ssh-key-generator/,,5070000
ssl shopper certificate decoder,Navigational,70,56,0.00,0.01,36,0,https://www.kloudbean.com/ssl-certificate-decoder/,,90
sslshopper certificate decoder,"Navigational, Transactional",70,57,0.00,0.01,23,0,https://www.kloudbean.com/ssl-certificate-decoder/,,88
stripxss,Informational,70,10,0.00,0.00,0,27,,https://docs.wpvip.com/security/javascript-security-recommendations/,605
subnet of ip address,Informational,70,71,1.11,0.01,57,0,https://www.kloudbean.com/network-subnet-calculator/,,115
table builder html,Informational,70,47,4.15,0.02,33,0,https://www.kloudbean.com/html-table-generator/,,115
table creator css,Informational,70,33,0.00,0.02,29,0,https://www.kloudbean.com/html-table-generator/,,124
table maker css,Informational,70,33,0.00,0.02,27,0,https://www.kloudbean.com/html-table-generator/,,116
table to html,Informational,70,46,0.00,0.33,41,0,https://www.kloudbean.com/html-table-generator/,,111
tag important,Informational,70,34,0.00,0.01,0,28,,https://wpvip.com/blog/5-tagging-best-practices-content-strategy/,124
tag strategy,Informational,70,53,5.08,0.03,0,25,,https://wpvip.com/blog/5-tagging-best-practices-content-strategy/,134
tags tips,Informational,70,17,0.00,0.33,0,20,,https://wpvip.com/blog/5-tagging-best-practices-content-strategy/,117
text shadow maker,Informational,70,15,0.00,0.01,16,0,https://www.kloudbean.com/text-shadow-generator/,,123
the constant company llc vultr,"Informational, Navigational",70,43,0.00,0.10,62,0,https://www.kloudbean.com/vultr-hosting/,,145
token validation,Informational,70,28,0.00,0.04,63,0,https://www.kloudbean.com/jwt-decoder-validator/,,134
top digital media services with subscription flexibility,Informational,70,7,0.00,0.86,0,5,,https://wpvip.com/blog/subscription-models-media-growth/,202
top web analytics,Commercial,70,30,16.95,0.09,0,1,,https://wpvip.com/blog/web-analytics-software-tools/,132
top web analytics tools 2024,"Commercial, Informational",70,24,0.00,0.00,0,13,,https://wpvip.com/blog/web-analytics-software-tools/,149
top website analytics tools 2024,"Commercial, Informational",70,18,0.00,0.00,0,21,,https://wpvip.com/blog/web-analytics-software-tools/,142
triangle generator css,Informational,70,14,0.00,0.01,11,0,https://www.kloudbean.com/css-triangle-generator/,,104
ttl domain,Informational,70,34,0.00,0.02,0,5,,https://docs.wpvip.com/domains/check-dns-record-time-to-live/,109
unicode encode,Informational,70,36,0.00,0.33,14,0,https://www.kloudbean.com/unicode-encoder-decoder/,,54
unicode encoder,Informational,70,30,0.00,0.33,5,0,https://www.kloudbean.com/unicode-encoder-decoder/,,106
upload database,Informational,70,20,6.87,0.11,0,20,,https://docs.wpvip.com/databases/import/,128
validate jwt,Informational,70,38,0.00,0.01,65,0,https://www.kloudbean.com/jwt-decoder-validator/,,128
validation for ip address,Informational,70,21,0.00,0.01,14,0,https://www.kloudbean.com/regex-for-ip-address-validation/,,111
verify jwt,Informational,70,48,0.00,0.03,56,0,https://www.kloudbean.com/jwt-decoder-validator/,,120
wc logger,Informational,70,10,0.00,0.33,0,22,,https://docs.wpvip.com/plugins/woocommerce/woocommerce-debug-logging/,1520000
wcag 2.2 news 2026,Informational,70,36,0.00,0.00,0,61,,https://wpvip.com/blog/ada-website-accessibility-deadline-2026/,130
wcag news 2026,Informational,70,19,0.00,0.00,0,71,,https://wpvip.com/blog/ada-website-accessibility-deadline-2026/,106
wcima wordpress,Informational,70,8,0.00,0.33,0,7,,https://wpvip.com/resource/content-matters-2023-report-strategy-and-execution/,327
web analytics database,Informational,70,100,15.15,0.04,0,55,,https://wpvip.com/blog/web-analytics-software-tools/,132
web dev studios,Navigational,70,46,7.24,0.19,0,14,,https://wpvip.com/partner/webdevstudios/,136
web font converter,Informational,70,50,0.00,0.33,34,0,https://www.kloudbean.com/webfont-generator/,,100
web hook test,Informational,70,20,5.03,0.08,53,0,https://www.kloudbean.com/webhook-tester/,,121
web page responsive test,Informational,70,52,3.29,0.17,41,0,https://www.kloudbean.com/responsive-design-checker/,,128
web site migration,Informational,70,33,12.14,0.08,0,6,,https://wpvip.com/glossary/website-migration/,123
web. vip,Navigational,70,46,2.39,0.02,0,3,,https://wpvip.com/,93
website analytics comparison,Commercial,70,28,12.06,0.03,0,5,,https://wpvip.com/blog/web-analytics-software-tools/,133
website analytics solutions,Informational,70,38,0.00,0.01,0,25,,https://wpvip.com/blog/web-analytics-software-tools/,137
website migration definition,Informational,70,9,0.00,0.00,0,42,,https://wpvip.com/glossary/website-migration/,226000000
website statistics tool,"Commercial, Informational",70,38,0.00,0.33,0,22,,https://wpvip.com/blog/web-analytics-software-tools/,133
what does dxp stand for,Informational,70,27,0.00,0.01,0,56,,https://wpvip.com/glossary/digital-experience-platform/,152
what is aeo answer engine optimization,Informational,70,48,1.60,0.05,0,46,,https://wpvip.com/blog/answer-engine-optimization-strategies/,184
what is an app splash screen,Informational,70,31,0.00,0.33,71,0,https://www.kloudbean.com/splash-screen-generator/,,169
what is api rate limit,Informational,70,31,0.00,0.02,71,0,https://www.kloudbean.com/api-rate-limiting-calculator/,,175
what is content marketing funnel,Informational,70,34,0.00,0.04,0,23,,https://wpvip.com/resource/content-marketing-funnel-guide/,158
what is multisite in wordpress,Informational,70,38,1.82,0.07,0,5,,https://wpvip.com/blog/wordpress-multisite/,148
what is multisite wordpress,Informational,70,37,1.82,0.07,0,7,,https://wpvip.com/blog/wordpress-multisite/,103
what is my subnet ip address,Informational,70,58,0.00,0.33,72,0,https://www.kloudbean.com/network-subnet-calculator/,,168
what is object cache,Informational,70,29,0.00,0.03,0,2,,https://docs.wpvip.com/caching/object-cache/,121
what is referral source,Informational,70,3,0.00,0.33,0,34,,https://learn.wpvip.com/lesson/how-to-identify-referral-sources/,133
what is the best product analytics platform for web services,Commercial,70,28,0.00,0.03,0,25,,https://wpvip.com/blog/web-analytics-software-tools/,160
what is the meaning of pim,Informational,70,39,0.00,0.02,0,96,,https://wpvip.com/glossary/product-information-management/,165
what is the splash screen,Informational,70,36,0.00,0.33,64,0,https://www.kloudbean.com/splash-screen-generator/,,167
what is web analytics tools,Informational,70,46,0.00,0.01,0,22,,https://wpvip.com/blog/web-analytics-software-tools/,766000000
what version of wordpress do i have,Informational,70,24,0.00,0.33,0,57,,https://docs.wpvip.com/wordpress-on-vip/wordpress-upgrades/,151
what's a mfa,Informational,70,49,2.36,0.04,0,73,,https://wpvip.com/glossary/what-is-multi-factor-authentication-mfa/,133
when dealing with performance evaluations pim has what meaning,Informational,70,7,0.00,0.33,0,44,,https://wpvip.com/blog/pim-benefits-and-use-cases/,183
when did wordpress come out,Informational,70,48,0.00,0.33,0,46,,https://customerhub.wpvip.com/platform-release-schedule/,176
withvip,Informational,70,13,0.00,0.33,0,4,,https://docs.wpvip.com/code-deployment/custom-deployment/with-vip-cli/,5760000
word count comparison pre post suggestion,"Commercial, Informational",70,10,0.00,0.00,0,6,,https://wpvip.com/blog/ideal-word-count/,424000000
word count on a website,Informational,70,38,0.21,0.08,0,28,,https://wpvip.com/blog/ideal-word-count/,150
wordpres vip,Navigational,70,26,28.09,0.51,0,1,,https://wpvip.com/,0
wordpress 6.5 brand-new plugin capabilities introduced,Informational,70,6,0.00,0.00,0,16,,https://wpvip.com/blog/wordpress-6-5/,138
wordpress 6.6 release date,Informational,70,37,0.00,0.33,0,27,,https://customerhub.wpvip.com/platform-release-schedule/,100
wordpress 6.7 news,Informational,70,26,0.00,0.00,0,10,,https://wpvip.com/blog/wordpress-6-7/,122
wordpress 6.7 release date 2025,Informational,70,28,0.00,0.00,0,19,,https://customerhub.wpvip.com/platform-release-schedule/,106
wordpress 6.7 release news december 2025,Informational,70,17,0.00,0.00,0,12,,https://wpvip.com/blog/wordpress-6-7/,504000
wordpress 6.7 release news september 2025,Informational,70,25,0.00,0.00,0,3,,https://customerhub.wpvip.com/lobby/2025/08/05/wordpress-6-7-3-maintenance-release-with-backported-versions/,345000
wordpress 6.7 release september 2025,Informational,70,13,0.00,0.00,0,3,,https://customerhub.wpvip.com/lobby/2025/08/05/wordpress-6-7-3-maintenance-release-with-backported-versions/,579000
wordpress 6.7 released,Informational,70,20,0.00,0.00,0,7,,https://wpvip.com/blog/wordpress-6-7/,108
wordpress 6.7 released november 2025,Informational,70,4,0.00,0.00,0,8,,https://wpvip.com/blog/wordpress-6-7/,140
wordpress 6.7.1 security release december 2025,Informational,70,17,0.00,0.00,0,20,,https://docs.wpvip.com/wordpress-on-vip/wordpress-upgrades/,8650
wordpress 6.8 2 release date,Informational,70,16,0.00,0.33,0,17,,https://customerhub.wpvip.com/lobby/2025/07/15/wordpress-6-8-2-maintenance-release/,106
wordpress 6.9.4,Informational,70,-1,11.12,0.03,0,12,,https://customerhub.wpvip.com/lobby/2026/03/11/wordpress-6-9-4-security-release/,95
wordpress 7 release date,Informational,70,15,0.00,0.01,0,26,,https://customerhub.wpvip.com/lobby/2026/04/06/wordpress-7-0-release-postponed/,97
wordpress architecture,Informational,70,24,0.00,0.06,0,11,,https://wpvip.com/infrastructure/,125
wordpress audit,Commercial,70,32,0.00,0.43,0,12,,https://docs.wpvip.com/logs/audit-log/,100
wordpress automattic,Navigational,70,75,5.90,0.14,0,12,,https://wpvip.com/automattic-products/,107
wordpress case study,Informational,70,10,0.00,0.00,0,1,,https://wpvip.com/case-studies/,77
wordpress category organization topical map pillar content strategy,Informational,70,5,0.00,0.00,0,22,,https://wpvip.com/blog/content-taxonomy-setup/,62000
wordpress category structure topical map pillar content strategy,Informational,70,3,0.00,0.00,0,48,,https://wpvip.com/blog/content-taxonomy-setup/,75300
wordpress content directory,Informational,70,24,0.00,0.03,0,15,,https://docs.wpvip.com/wordpress-skeleton/plugins-directory/,102
wordpress content personalization,Informational,70,15,0.00,0.10,0,1,,https://wpvip.com/resource/how-to-achieve-personalization-with-enterprise-wordpress/,105
wordpress cron jobs,Commercial,70,23,2.61,0.03,0,4,,https://docs.wpvip.com/wordpress-on-vip/cron-control/,99
wordpress dam,Informational,70,11,0.00,0.15,0,1,,https://wpvip.com/glossary/digital-asset-management/,105
wordpress developer classes,Commercial,70,62,1.49,0.02,0,5,,https://learn.wpvip.com/,125
wordpress development best practices,Commercial,70,20,0.00,0.33,0,31,,https://docs.wpvip.com/guidebooks/developer-best-practices/,128
wordpress enterprise cms,Informational,70,14,0.00,0.33,0,1,,https://wpvip.com/,126
wordpress enterprise solution,Informational,70,35,0.00,0.33,0,2,,https://wpvip.com/,95
wordpress enterprise support,Informational,70,10,0.00,0.33,0,1,,https://wpvip.com/wordpress-vip-enterprise-support/,102
wordpress erp system,Informational,70,17,7.02,0.30,0,33,,https://wpvip.com/,147
wordpress flush_rewrite_rules documentation,Informational,70,24,0.00,0.00,0,32,,https://wpvip.com/blog/new-plugin-rewrite-rules-inspector/,117
wordpress hosting enterprise,Informational,70,37,23.74,0.20,0,3,,https://wpvip.com/wordpress-platform/,129
wordpress hosting for enterprise,Informational,70,69,0.00,0.11,0,58,,https://wpvip.com/blog/best-wordpress-hosting/,126
wordpress hosting with soc 2 certification,Informational,70,9,0.00,0.00,0,2,,https://wpvip.com/blog/soc2-type1-attestation/,178
wordpress hosting with soc2 compliance,Informational,70,4,0.00,0.00,0,6,,https://wpvip.com/blog/soc2-type1-attestation/,164
wordpress json,Informational,70,36,0.00,0.01,0,23,,https://docs.wpvip.com/wordpress-on-vip/wordpress-rest-api/,108
wordpress latest version 2026,Informational,70,26,0.00,0.00,0,13,,https://customerhub.wpvip.com/platform-release-schedule/,101
wordpress martech company,Informational,70,22,0.00,0.00,0,5,,https://wpvip.com/resource/martech-trends/,293000
wordpress multisite plugin,Informational,70,31,4.96,0.06,0,14,,https://wpvip.com/blog/wordpress-multisite/,102
wordpress multisite seo,Informational,70,20,0.00,0.08,0,28,,https://wpvip.com/blog/wordpress-multisite/,103
wordpress phildelphia,Informational,70,0,0.00,0.00,0,54,,https://wpvip.com/event/wordpress-vip-philly-networking-and-happy-hour/,105
wordpress post revisions,Informational,70,35,0.00,0.33,0,7,,https://docs.wpvip.com/wordpress-on-vip/post-revisions/,107
wordpress query monitor,Navigational,70,34,0.00,0.02,0,6,,https://docs.wpvip.com/performance/query-monitor/,127
wordpress release news,Informational,70,25,0.00,0.00,0,51,,https://customerhub.wpvip.com/platform-release-schedule/,258
wordpress robots.txt example,Informational,70,26,0.00,0.03,0,2,,https://docs.wpvip.com/security-controls/robots-txt/,122
wordpress robots.txt location,Informational,70,26,0.00,0.04,0,2,,https://docs.wpvip.com/security-controls/robots-txt/,106
wordpress salesforce,Informational,70,29,17.92,0.03,0,14,,https://wpvip.com/wordpress-vip-for-salesforce/,106
wordpress scaling,Informational,70,26,0.00,0.06,0,8,,https://wpvip.com/auto-scaling/,109
wordpress scam,Informational,70,2,0.00,0.01,0,25,,https://docs.wpvip.com/security/phishing/,132
wordpress to grav migration steps,Informational,70,-1,0.00,0.00,0,46,,https://docs.wpvip.com/guidebooks/prepare-for-launch/migrate-content/,783000
wordpress training courses,Transactional,70,70,2.56,0.12,0,14,,https://learn.wpvip.com/,103
wordpress update december 2025,Informational,70,30,0.00,0.00,0,17,,https://customerhub.wpvip.com/platform-release-schedule/,110
wordpress updates december 2025,Informational,70,25,0.00,0.00,0,14,,https://customerhub.wpvip.com/platform-release-schedule/,108
wordpress vs headless cms,Commercial,70,19,0.00,0.33,0,10,,https://wpvip.com/blog/headless-wordpress-tradeoffs/,130
wordpress wordpress integration,Informational,70,18,0.00,0.33,0,17,,https://wpvip.com/wordpress-ecosystem/,104
wordpress workflow,Informational,70,20,5.05,0.11,0,12,,https://wpvip.com/blog/wordpress-workflow-automation/,51
wordpress wp json,Informational,70,28,0.00,0.01,0,16,,https://docs.wpvip.com/wordpress-on-vip/wordpress-rest-api/,107
wordpress wp-json api,Informational,70,29,0.00,0.01,0,5,,https://docs.wpvip.com/wordpress-on-vip/wordpress-rest-api/,107
wordpress.ccom,Navigational,70,100,3.05,0.41,0,41,,https://wpvip.com/,606000000
wordpress.cpm,Navigational,70,100,3.05,0.41,0,37,,https://wpvip.com/,0
wp 2fa,Informational,70,33,1.76,0.06,0,16,,https://docs.wpvip.com/security-controls/wordpress/enforce-2fa/,130
wp api json,Informational,70,29,0.00,0.01,0,13,,https://docs.wpvip.com/wordpress-on-vip/wordpress-rest-api/,122
wp cli search replace,Informational,70,12,0.00,0.01,0,4,,https://docs.wpvip.com/vip-cli/wp-cli-with-vip-cli/search-replace/,107
wp coding standards,Navigational,70,33,0.00,0.02,0,21,,https://docs.wpvip.com/php_codesniffer/,105
wp engine agency partner program,Navigational,70,29,80.21,0.11,0,24,,https://wpvip.com/partners/service-partners/,107
wp engine cron jobs,Commercial,70,16,0.00,0.33,0,27,,https://docs.wpvip.com/wordpress-on-vip/cron-control/,104
wp engine impact on wordpress hosting industry,Informational,70,0,0.00,0.00,0,12,,https://wpvip.com/resource/wp-engine-vs-wordpress-vip/,121
wp enterprise,Commercial,70,18,0.00,0.08,0,1,,https://wpvip.com/,105
wp includes rest api,Informational,70,12,0.00,0.04,0,34,,https://docs.wpvip.com/wordpress-on-vip/wordpress-rest-api/,106
wp json api,"Informational, Navigational",70,38,0.00,0.01,0,2,,https://docs.wpvip.com/wordpress-on-vip/wordpress-rest-api/,135
wp multisite plugin,Informational,70,22,2.62,0.04,0,14,,https://wpvip.com/blog/wordpress-multisite/,127
wp post revisions,Informational,70,24,0.00,0.33,0,2,,https://docs.wpvip.com/wordpress-on-vip/post-revisions/,127
wp tangerine,Informational,70,13,11.01,0.54,0,38,,https://wpvip.com/,162
wp training courses,Informational,70,68,2.56,0.12,0,5,,https://learn.wpvip.com/,128
wp-cron,Informational,70,34,3.62,0.03,0,10,,https://docs.wpvip.com/wordpress-on-vip/cron-control/,128
wp.com,Informational,70,100,4.86,0.09,0,69,,https://wpvip.com/,5330000000
wp_remote_get,Informational,70,6,0.00,0.33,0,16,,https://docs.wpvip.com/databases/optimize-queries/retrieving-remote-data/,103
wpmit. com,Informational,70,73,0.00,0.33,0,1,,https://wpvip.com/,105
www wjs cc,Informational,70,16,2.71,0.11,0,36,,https://wpvip.com/blog/the-wall-street-journal-wordpress/,97
www.wp,Commercial,70,99,0.00,0.33,0,50,,https://wpvip.com/,4810000000
you've discovered a premium feature,Informational,70,22,0.00,0.33,0,49,,https://customerhub.wpvip.com/lobby/2026/05/22/new-features-application-overview-redesign-and-feature-discovery-page/,145
.gitignore templates,Informational,50,56,0.00,0.33,25,0,https://www.kloudbean.com/gitignore-generator/,,125
2025 eaa compliance,Informational,50,14,0.00,0.00,0,71,,https://wpvip.com/blog/eu-accessibility-act-2025/,142
45 press,Informational,50,22,0.00,0.01,0,7,,https://wpvip.com/partner/45press/,169
6.7.2,Informational,50,10,0.00,0.33,0,3,,https://customerhub.wpvip.com/lobby/2025/02/11/wordpress-6-7-2-maintenance-release/,1980000
6.8.3,Informational,50,25,0.00,0.33,0,43,,https://customerhub.wpvip.com/lobby/2025/09/30/wordpress-6-8-3-security-release/,171
8 pieces of content for marketing,Informational,50,13,0.00,0.00,0,1,,https://wpvip.com/blog/8-types-of-content-marketing/,198
a record ttl,Informational,50,31,0.00,0.02,0,11,,https://docs.wpvip.com/domains/check-dns-record-time-to-live/,119
accessibility requirements april 2026,Informational,50,-1,2.29,0.18,0,72,,https://wpvip.com/blog/ada-website-accessibility-deadline-2026/,115
accessibility wordpress,Informational,50,33,3.01,0.50,0,20,,https://wpvip.com/blog/wordpress-accessibility/,125
action_scheduler_run_queue,Informational,50,5,0.00,0.04,0,2,,https://docs.wpvip.com/wordpress-on-vip/action-scheduler/,110
advantages of open source,Informational,50,29,0.00,0.33,0,14,,https://wpvip.com/blog/how-open-source-software-benefits-businesses/,123
aeo for saas companies,Informational,50,13,0.00,0.00,0,49,,https://wpvip.com/blog/answer-engine-optimization-strategies/,132
aeo optimizer,"Commercial, Informational",50,51,11.05,0.47,0,39,,https://wpvip.com/blog/answer-engine-optimization-strategies/,133
aeo vs featured snippets,Commercial,50,5,0.00,0.00,0,50,,https://wpvip.com/blog/aeo-vs-seo-answer-engine-optimization/,139
aes decrypt tool,Informational,50,31,0.00,0.03,31,0,https://www.kloudbean.com/encryption-decryption-tool/,,87
ahrefs answer engine optimization aeo,"Informational, Navigational",50,48,0.00,0.00,0,51,,https://wpvip.com/blog/answer-engine-optimization-strategies/,182
ai for search engine optimization aeo,Informational,50,32,0.00,0.00,0,23,,https://wpvip.com/blog/aeo-vs-seo-answer-engine-optimization/,161
ai is killing the web,Informational,50,46,0.00,0.04,0,21,,https://wpvip.com/blog/ai-is-killing-web-traffic/,161
american eagle ad agency,Informational,50,16,0.00,0.13,0,9,,https://wpvip.com/partner/americaneagle-com/,108
american eagle advertising agency,Navigational,50,44,7.75,0.15,0,10,,https://wpvip.com/partner/americaneagle-com/,158
analytical web,Informational,50,60,5.49,0.30,0,54,,https://wpvip.com/blog/web-analytics-software-tools/,134
answer engine optimization aeo services,Informational,50,38,19.77,0.05,0,18,,https://wpvip.com/blog/answer-engine-optimization-strategies/,181
answer engine optimization aeo vs seo,Commercial,50,25,0.00,0.00,0,7,,https://wpvip.com/blog/aeo-vs-seo-answer-engine-optimization/,186
answer engine optimization aeo vs seo unterschiede,"Commercial, Informational",50,10,0.00,0.00,0,2,,https://wpvip.com/blog/aeo-vs-seo-answer-engine-optimization/,176
answer engine optimization pricing plans,Transactional,50,32,0.00,0.00,0,27,,https://wpvip.com/blog/answer-engine-optimization-strategies/,212
api access tokens generator,Informational,50,12,5.13,0.69,58,0,https://www.kloudbean.com/api-authentication-generator/,,109
api formatter,Commercial,50,73,4.33,0.05,28,0,https://www.kloudbean.com/api-response-formatter/,,101
app color scheme,Informational,50,82,2.63,0.06,40,0,https://www.kloudbean.com/mobile-app-color-scheme-generator/,,160
app color scheme generator,Informational,50,84,0.00,0.02,18,0,https://www.kloudbean.com/mobile-app-color-scheme-generator/,,139
app startup screen,Informational,50,25,0.00,0.33,39,0,https://www.kloudbean.com/splash-screen-generator/,,132
bearer token generate,Commercial,50,16,0.00,0.03,11,0,https://www.kloudbean.com/api-key-authentication-generator/,,113
benefits of a pim solution,Informational,50,13,0.00,0.33,0,47,,https://wpvip.com/blog/pim-benefits-and-use-cases/,183
benefits of headless cms architecture,Informational,50,20,0.00,0.00,0,17,,https://wpvip.com/blog/headless-vs-hybrid-cms-architecture-comparison/,166
benefits of using open source software,Informational,50,34,0.00,0.33,0,20,,https://wpvip.com/blog/how-open-source-software-benefits-businesses/,152
benefits of website personalization 2025 or 2026,Informational,50,22,0.00,0.00,0,69,,https://wpvip.com/blog/website-roi-why-websites-matter-2026/,498000000
benefits of wp upgrader for wordpress sites,Informational,50,0,0.00,0.00,0,12,,https://wpvip.com/blog/reasons-love-wordpress-gutenberg-editor/,167
best answer engine optimization solutions for enterprise software companies,Commercial,50,17,0.00,0.00,0,41,,https://wpvip.com/blog/answer-engine-optimization-strategies/,167
best cms hosting for small business 2026,"Commercial, Informational",50,9,0.00,0.00,0,46,,https://wpvip.com/blog/10-best-enterprise-content-management-systems/,159
best cmss for enterprise capabilities and cost-effectiveness 2025,Commercial,50,10,0.00,0.00,0,20,,https://wpvip.com/blog/10-best-enterprise-content-management-systems/,221000
best content management platform for financial services,Commercial,50,14,0.00,0.00,0,37,,https://wpvip.com/blog/10-best-enterprise-content-management-systems/?itm_source=parsely-api,211
best content management solutions for saas platforms,Commercial,50,25,0.00,0.00,0,58,,https://wpvip.com/blog/10-best-enterprise-content-management-systems/,192
best content management system cms for government agencies 2025 2026,Commercial,50,28,0.00,0.00,0,4,,https://wpvip.com/blog/10-best-enterprise-content-management-systems/,33
best content management systems 2026 comparison,Commercial,50,15,0.00,0.00,0,23,,https://wpvip.com/blog/10-best-enterprise-content-management-systems/,115
best digital media template subscriptions,Commercial,50,10,0.00,0.33,0,21,,https://wpvip.com/blog/subscription-models-media-growth/,166
best enterprise content management systems 2025,Commercial,50,26,0.00,0.00,0,51,,https://wpvip.com/blog/10-best-enterprise-content-management-systems/,180
best enterprise systems for creative content governance,Commercial,50,9,0.00,0.00,0,16,,https://wpvip.com/blog/enterprise-content-management-strategy/,213
best free barcode generator,Commercial,50,49,1.53,0.23,53,0,https://www.kloudbean.com/free-barcode-generator-tool/,,129
best headless cms for enterprise,Commercial,50,10,0.00,0.00,0,54,,https://wpvip.com/blog/headless-cms-for-enterprise/,185
best product analytics platforms for web services 2025,Commercial,50,41,0.00,0.00,0,8,,https://wpvip.com/blog/web-analytics-software-tools/,509000000
best site analytics,Commercial,50,32,16.95,0.09,0,7,,https://wpvip.com/blog/web-analytics-software-tools/,134
best splash screen animation android,Informational,50,19,0.00,0.33,41,0,https://www.kloudbean.com/splash-screen-generator/,,151
block ip address wordpress,Informational,50,19,1.48,0.08,0,10,,https://docs.wpvip.com/security-controls/ip-restrictions/,108
blog kpis,Informational,50,29,0.00,0.01,0,16,,https://wpvip.com/blog/content-marketing-kpis/,157
branding wordpress,Informational,50,13,6.91,0.33,0,2,,https://wpvip.com/brand-guidelines/,110
broadbean cost,Informational,50,20,0.00,0.71,52,0,https://www.kloudbean.com/pricing/,,2230000
brute force decode online,Commercial,50,50,0.00,0.33,43,0,https://www.kloudbean.com/caesar-cipher-encoder-decoder/,,103
c code formatter,Informational,50,37,0.00,0.02,29,0,https://www.kloudbean.com/c-formatter-and-validator/,,104
c++ code formatter,Informational,50,31,0.00,0.02,26,0,https://www.kloudbean.com/c-plus-plus-formatter-and-validator/,,103
caching marketing,Informational,50,11,0.00,0.00,0,22,,https://wpvip.com/blog/caching/,134
caesar cipher decryption,Informational,50,41,0.00,0.33,12,0,https://www.kloudbean.com/caesar-cipher-encoder-decoder/,,113
caesar decode,Informational,50,45,0.00,0.33,20,0,https://www.kloudbean.com/caesar-cipher-encoder-decoder/,,120
calculate significance level,Informational,50,40,0.00,0.33,57,0,https://www.kloudbean.com/statistical-significance-calculator/,,127
calculate statistically significant,Informational,50,18,3.81,0.02,57,0,https://www.kloudbean.com/statistical-significance-calculator/,,127
calculator subnetting cisco,Informational,50,37,0.00,0.01,43,0,https://www.kloudbean.com/network-subnet-calculator/,,116
campaign content tagging,Informational,50,15,0.00,0.00,0,28,,https://wpvip.com/blog/5-tagging-best-practices-content-strategy/,126
can end to end encryption be decrypted,Informational,50,34,0.00,0.33,63,0,https://www.kloudbean.com/encryption-decryption-tool/,,171
cert reader,Informational,50,25,0.00,0.02,52,0,https://www.kloudbean.com/ssl-certificate-decoder/,,94
cipher text decoder,Informational,50,54,0.00,0.33,11,0,https://www.kloudbean.com/caesar-cipher-encoder-decoder/,,111
ciphers encoder,Informational,50,61,0.00,0.33,14,0,https://www.kloudbean.com/caesar-cipher-encoder-decoder/,,183
ciphertext decrypt,Informational,50,55,0.00,0.33,34,0,https://www.kloudbean.com/encryption-decryption-tool/,,132
cms for omnichannel marketing,Informational,50,14,0.00,0.33,0,7,,https://wpvip.com/blog/omnichannel-content-management/,159
cms platforms examples,Informational,50,27,2.58,0.24,0,57,,https://wpvip.com/blog/10-best-enterprise-content-management-systems/?itm_source=parsely-api,127
code emojis,Informational,50,84,0.00,0.33,38,0,https://www.kloudbean.com/emoji-picker-with-html-codes/,,125
color scheme app,Informational,50,61,2.63,0.06,26,0,https://www.kloudbean.com/mobile-app-color-scheme-generator/,,164
commit messages best practices,Commercial,50,28,0.00,0.01,0,23,,https://docs.wpvip.com/guidebooks/developer-best-practices/create-a-good-commit-message/,133
connect cmo leadership summit,"Informational, Transactional",50,4,3.27,0.25,0,5,,https://wpvip.com/event/cmo-leadership-summit-october-25/,110
content customization,Informational,50,28,0.00,0.08,0,6,,https://wpvip.com/glossary/what-is-content-personalization/,131
content generation speed,Informational,50,14,0.00,0.00,0,12,,https://wpvip.com/blog/accelerating-your-content-creation-process/,134
content infrastructure,Informational,50,13,0.00,0.33,0,7,,https://wpvip.com/blog/agent-ready-content-infrastructure/,134
content intelligence software,Informational,50,7,0.00,0.33,0,14,,https://wpvip.com/blog/content-intelligence-enterprise-cms-guide/,137
content marketing best practices for investment managers,Commercial,50,6,0.00,0.00,0,36,,https://wpvip.com/resource/content-marketing-strategy-guide/,175
content marketing strategies for investment managers,Informational,50,4,0.00,0.00,0,23,,https://wpvip.com/resource/content-marketing-strategy-guide/,172
content tagging examples,Informational,50,22,0.00,0.33,0,4,,https://wpvip.com/blog/5-tagging-best-practices-content-strategy/,136
content tags,Informational,50,15,0.00,0.33,0,8,,https://wpvip.com/blog/5-tagging-best-practices-content-strategy/,134
convert from hex to rgba,Informational,50,42,0.00,0.01,7,0,https://www.kloudbean.com/hex-to-rgb-rgba-converter/,,111
convert hex ascii,Informational,50,31,0.00,0.01,13,0,https://www.kloudbean.com/hex-to-ascii-converter/,,108
convert java pojo to json,Informational,50,21,0.00,0.01,37,0,https://www.kloudbean.com/json-to-pojo-converter/,,108
convert json c#,Informational,50,30,0.00,0.01,34,0,https://www.kloudbean.com/json-to-c-class-converter/,,125
convert json to c#,Informational,50,25,0.00,0.01,31,0,https://www.kloudbean.com/json-to-c-class-converter/,,108
convert json to csharp,Informational,50,22,0.00,0.01,22,0,https://www.kloudbean.com/json-to-c-class-converter/,,108
convert json to java object online,Informational,50,26,0.00,0.33,26,0,https://www.kloudbean.com/json-to-pojo-converter/,,111
convert json to pojo online,Commercial,50,20,0.00,0.33,17,0,https://www.kloudbean.com/json-to-pojo-converter/,,104
convert jsx to html,Informational,50,6,9.60,0.08,3,0,https://www.kloudbean.com/jsx-to-html-converter/,,97
convert pojo to json online,Informational,50,17,0.00,0.02,30,0,https://www.kloudbean.com/json-to-pojo-converter/,,136
convert webfont,Informational,50,49,0.00,0.01,21,0,https://www.kloudbean.com/webfont-generator/,,106
converting scss to css,Informational,50,19,0.00,0.01,20,0,https://www.kloudbean.com/scss-to-css-converter/,,101
convertir hexadecimal a ascii,Informational,50,-1,10.89,0.33,15,0,https://www.kloudbean.com/hex-to-ascii-converter/,,102
core web vitals for dentists,Informational,50,8,0.00,0.00,0,46,,https://wpvip.com/glossary/core-web-vitals/,538000
cost of website downtime,Informational,50,24,0.00,0.33,0,3,,https://wpvip.com/blog/website-downtime-cost/,141
create a bucket,Informational,50,38,6.34,0.04,38,0,https://support.kloudbean.com/docs/s3-object-storage/creating-new-bucket/,,183
create favicon for website,"Informational, Transactional",50,44,1.97,0.29,43,0,https://www.kloudbean.com/favicon-generator/,,112
create html table online,Informational,50,49,0.00,0.03,25,0,https://www.kloudbean.com/html-table-generator/,,109
cron job wordpress,"Commercial, Informational",50,18,0.00,0.02,0,3,,https://docs.wpvip.com/wordpress-on-vip/cron-control/,98
css animation creator,Informational,50,23,4.20,0.02,9,0,https://www.kloudbean.com/css-animation-generator/,,106
css-grid generator,Commercial,50,29,6.55,0.33,13,0,https://www.kloudbean.com/css-grid-generator/,,113
curl print response headers,Informational,50,9,0.00,0.33,0,10,,https://docs.wpvip.com/caching/page-cache/http-headers/retrieve-headers/,111
current wcag version 2026,Informational,50,67,0.00,0.00,0,72,,https://wpvip.com/blog/ada-website-accessibility-deadline-2026/,138
current wordpress version 2025,Informational,50,-1,0.00,0.00,0,7,,https://customerhub.wpvip.com/platform-release-schedule/,103
customized content,Informational,50,23,1.03,0.05,0,10,,https://wpvip.com/blog/content-personalization/,129
decode certificate online,Informational,50,29,0.00,0.03,42,0,https://www.kloudbean.com/ssl-certificate-decoder/,,95
decoder password online,Informational,50,40,0.00,0.33,68,0,https://www.kloudbean.com/encryption-decryption-tool/,,106
decoding password online,Informational,50,34,0.00,0.33,19,0,https://www.kloudbean.com/encryption-decryption-tool/,,104
decoding tools,Informational,50,61,0.00,0.10,58,0,https://www.kloudbean.com/encryption-decryption-tool/,,168
decrpter,Informational,50,32,2.21,0.02,72,0,https://www.kloudbean.com/encryption-decryption-tool/,,122
decrpyt,Navigational,50,63,3.53,0.33,48,0,https://www.kloudbean.com/encryption-decryption-tool/,,139
decrypt it,Informational,50,40,0.00,0.33,56,0,https://www.kloudbean.com/encryption-decryption-tool/,,113
decrypt string,Informational,50,13,0.00,0.33,29,0,https://www.kloudbean.com/encryption-decryption-tool/,,125
decrypter tool,Informational,50,49,1.47,0.03,36,0,https://www.kloudbean.com/encryption-decryption-tool/,,117
decrypting ciphertext,Informational,50,38,0.00,0.33,23,0,https://www.kloudbean.com/encryption-decryption-tool/,,134
decryption application,Informational,50,28,0.00,0.02,37,0,https://www.kloudbean.com/encryption-decryption-tool/,,164
delphi smart linking option,Informational,50,4,0.00,0.00,0,3,,https://docs.wpvip.com/parse-ly/parsely-features/smart-linking/,9480000
developing a content taxonomy,Informational,50,-1,0.00,0.33,0,14,,https://wpvip.com/blog/content-taxonomy-setup/,132
difference between answer engine optimization aeo and traditional seo,Informational,50,11,0.00,0.00,0,27,,https://wpvip.com/blog/aeo-vs-seo-answer-engine-optimization/,182
digital asset management wordpress,Informational,50,8,55.12,0.29,0,1,,https://wpvip.com/glossary/digital-asset-management/,123
digital experience platform benefits,Informational,50,23,0.00,0.33,0,50,,https://wpvip.com/glossary/digital-experience-platform/,124
dns forward vs reverse lookup,"Commercial, Informational",50,24,0.00,0.33,0,34,,https://wpvip.com/blog/dns-reverse-proxy/,125
dns ttl record,Informational,50,29,0.00,0.33,0,7,,https://docs.wpvip.com/domains/check-dns-record-time-to-live/,108
dns ttl value,"Commercial, Informational",50,30,0.00,0.07,0,16,,https://docs.wpvip.com/domains/check-dns-record-time-to-live/,113
docker compose maker,Informational,50,40,0.00,0.02,20,0,https://www.kloudbean.com/docker-compose-generator/,,96
domain name ttl,Informational,50,32,0.00,0.02,0,7,,https://docs.wpvip.com/domains/check-dns-record-time-to-live/,127
drupal dxp,Informational,50,14,0.00,0.18,0,27,,https://wpvip.com/glossary/digital-experience-platform/,106
dxp components,Informational,50,11,0.00,0.33,0,17,,https://wpvip.com/glossary/digital-experience-platform/,106
dxp implementation agency,Informational,50,2,0.00,0.00,0,28,,https://wpvip.com/glossary/digital-experience-platform/,139
dxp marketing features,Informational,50,9,0.00,0.33,0,45,,https://wpvip.com/glossary/digital-experience-platform/,113
dxp migration,Informational,50,2,0.00,0.00,0,36,,https://wpvip.com/glossary/digital-experience-platform/,106
dxp stack,Informational,50,8,7.10,0.30,0,34,,https://wpvip.com/glossary/digital-experience-platform/,104
ecm roadmap,Informational,50,7,0.00,0.33,0,51,,https://wpvip.com/blog/enterprise-content-management-strategy/,123
elastic search wordpress,Informational,50,24,8.07,0.15,0,5,,https://docs.wpvip.com/wordpress-on-vip/search-options/elasticsearch/,108
encrypt and decrypt online,Commercial,50,32,2.97,0.15,10,0,https://www.kloudbean.com/encryption-decryption-tool/,,99
encrypt text online,Commercial,50,38,0.00,0.02,22,0,https://www.kloudbean.com/encryption-decryption-tool/,,99
encrypt tool,Informational,50,48,4.02,0.23,15,0,https://www.kloudbean.com/encryption-decryption-tool/,,121
encrypter decrypter,"Commercial, Informational",50,34,3.44,0.05,40,0,https://www.kloudbean.com/encryption-decryption-tool/,,135
encryptgen,Informational,50,35,0.00,0.33,86,0,https://www.kloudbean.com/encryption-decryption-tool/,,608
encryption decryption equipment,Informational,50,16,0.00,0.06,44,0,https://www.kloudbean.com/encryption-decryption-tool/,,112
encryption detector,Informational,50,34,0.00,0.33,15,0,https://www.kloudbean.com/encryption-decryption-tool/,,173
enterprise cms software,"Commercial, Informational",50,31,0.00,0.12,0,25,,https://wpvip.com/blog/10-best-enterprise-content-management-systems/,131
enterprise content management best practices,Commercial,50,22,0.00,0.17,0,16,,https://wpvip.com/blog/enterprise-content-management-strategy/,125
enterprise content management guide,Informational,50,41,0.00,0.00,0,16,,https://wpvip.com/blog/enterprise-content-management-strategy/,132
enterprise content management products,Informational,50,42,0.00,0.06,0,67,,https://wpvip.com/blog/10-best-enterprise-content-management-systems/,136
enterprise content management solution providers,Informational,50,32,0.00,0.33,0,43,,https://wpvip.com/blog/10-best-enterprise-content-management-systems/,137
enterprise content management systems used by fortune 500 companies,"Commercial, Informational",50,23,0.00,0.00,0,35,,https://wpvip.com/blog/10-best-enterprise-content-management-systems/,60100000
enterprise web platforms,Commercial,50,21,0.00,0.07,0,24,,https://wpvip.com/blog/10-best-enterprise-content-management-systems/,103
enterprise website content management,"Commercial, Informational",50,29,0.00,0.02,0,21,,https://wpvip.com/blog/enterprise-content-management/,104
enterprise website platform,Commercial,50,20,0.00,0.10,0,19,,https://wpvip.com/blog/10-best-enterprise-content-management-systems/,107
enterprise website platforms,Commercial,50,18,0.00,0.07,0,14,,https://wpvip.com/blog/10-best-enterprise-content-management-systems/,100
enterprise woocommerce,"Informational, Transactional",50,33,0.00,0.20,0,8,,https://wpvip.com/enterprise-commerce/,99
enterprise wordpress design,Informational,50,8,0.00,0.00,0,12,,https://wpvip.com/,135
enterprise wordpress developer,Informational,50,7,0.00,0.00,0,4,,https://learn.wpvip.com/,125
enterprise wordpress developers,Informational,50,16,0.00,0.00,0,71,,https://learn.wpvip.com/,59600000
european accessibility act applies from 28 june 2025 official,Informational,50,32,0.00,0.00,0,80,,https://wpvip.com/blog/eu-accessibility-act-2025/,36
evaluate the digital publishing company wordpress on digital magazine,Informational,50,13,0.00,0.00,0,5,,https://wpvip.com/blog/digital-publishing-trends-media-guide/,199
evaluate the digital publishing company wordpress on seo for publishers,Informational,50,3,0.00,0.00,0,9,,https://wpvip.com/case-studies/defining-the-digital-publishing-playbook-across-brands-pmc/,960000
evaluate the prompt expansion company eploy on headless cms,Informational,50,0,0.00,0.00,0,23,,https://wpvip.com/blog/why-hybrid-cms-beats-headless/,163000
explain analyze sql,Informational,50,30,0.00,0.01,0,26,,https://learn.wpvip.com/lesson/using-explain-to-analyze-sql-queries/,116
export wordpress db,Informational,50,24,0.00,0.01,0,10,,https://docs.wpvip.com/databases/export-a-file-for-migration/,108
fancy border radius,Informational,50,22,0.00,0.33,36,0,https://www.kloudbean.com/border-radius-generator/,,111
fedramp certification companies,"Informational, Navigational",50,32,0.00,0.00,0,18,,https://wpvip.com/blog/wordpress-vip-is-fedramp-authorized/,106
fedramp certification platform,Informational,50,37,0.00,0.00,0,14,,https://wpvip.com/blog/wordpress-vip-is-fedramp-authorized/,112
fedramp certified cloud providers,Navigational,50,41,18.32,0.25,0,12,,https://wpvip.com/blog/wordpress-vip-is-fedramp-authorized/,106
fedramp certified vendors,Informational,50,45,10.09,0.22,0,15,,https://wpvip.com/blog/wordpress-vip-is-fedramp-authorized/,0
fedramp hosting,Informational,50,31,22.96,0.53,0,7,,https://wpvip.com/blog/wordpress-vip-is-fedramp-authorized/,132
fieldmanager,Navigational,50,6,12.06,0.02,0,14,,https://wpvip.com/partner/fieldmanager/,123
figma and wordpress,"Informational, Transactional",50,49,5.94,0.23,0,34,,https://wpvip.com/blog/figma-to-wordpress/,109
figma design to wordpress,Informational,50,36,0.00,0.17,0,34,,https://wpvip.com/blog/figma-to-wordpress/,109
figma to wp,Informational,50,48,6.98,0.25,0,44,,https://wpvip.com/blog/figma-to-wordpress/,168
figma wordpress,Informational,50,55,5.03,0.23,0,23,,https://wpvip.com/blog/figma-to-wordpress/,109
file decrypt online,Informational,50,8,0.00,0.02,66,0,https://www.kloudbean.com/encryption-decryption-tool/,,106
file transformation service,Informational,50,0,0.00,0.00,0,28,,https://docs.wpvip.com/vip-file-system/image-files/transformations/,718000000
file vip,Informational,50,4,0.00,0.33,0,63,,https://docs.wpvip.com/changelog/infrastructure/vip-file-system-performance-improvements/,103
find and replace in wordpress,Informational,50,25,1.46,0.07,0,23,,https://docs.wpvip.com/vip-cli/wp-cli-with-vip-cli/search-replace/,125
font converter webfont,Commercial,50,44,0.00,0.01,34,0,https://www.kloudbean.com/webfont-generator/,,105
font shadow generator,Informational,50,15,0.00,0.33,14,0,https://www.kloudbean.com/text-shadow-generator/,,101
fonts converter for web,Informational,50,53,0.00,0.33,34,0,https://www.kloudbean.com/webfont-generator/,,131
forrester b2b summit 2025,Navigational,50,23,0.00,0.07,0,21,,https://wpvip.com/event/forrester-b2b-summit-2026/,109
freebarcodegenerator,Informational,50,56,1.29,0.02,52,0,https://www.kloudbean.com/free-barcode-generator-tool/,,130
generate api token,Informational,50,30,3.18,0.14,67,0,https://www.kloudbean.com/api-authentication-generator/,,134
generate json from pojo,Informational,50,18,0.00,0.33,21,0,https://www.kloudbean.com/json-to-pojo-converter/,,104
generate jwt token online,Informational,50,32,0.00,0.33,28,0,https://www.kloudbean.com/jwt-token-generator/,,96
generate pojo from json,Informational,50,16,0.00,0.33,15,0,https://www.kloudbean.com/json-to-pojo-converter/,,115
generate regular expression,Informational,50,52,8.63,0.02,49,0,https://www.kloudbean.com/regex-pattern-generator/,,126
generate ssh key online,Informational,50,18,0.00,0.33,51,0,https://www.kloudbean.com/ssh-key-generator/,,100
generator api key,Commercial,50,36,3.48,0.17,22,0,https://www.kloudbean.com/api-key-generator/,,111
geographic redundancy,Informational,50,17,0.00,0.01,0,6,,https://docs.wpvip.com/infrastructure/disaster-recovery/geographical-redundancy/,132
geographically redundant,Informational,50,19,0.00,0.33,0,25,,https://docs.wpvip.com/infrastructure/disaster-recovery/geographical-redundancy/,122
github cloudspace,Navigational,50,50,9.28,0.02,0,17,,https://customerhub.wpvip.com/lobby/2024/02/05/cloud-development-environment-with-github-codespaces/,103
github pr checks,Informational,50,33,0.00,0.01,0,16,,https://docs.wpvip.com/code-deployment/github-repository/required-status-checks/,107
github pull request checks,Informational,50,26,0.00,0.01,0,13,,https://docs.wpvip.com/code-deployment/github-repository/required-status-checks/,105
gitlab hosted,"Informational, Transactional",50,53,8.00,0.23,38,0,https://www.kloudbean.com/gitlab-self-hosted/,,107
google analytics vs webmaster tools,Informational,50,12,0.00,0.00,0,61,,https://wpvip.com/blog/web-analytics-software-tools/,132
graphql beautifier,Commercial,50,12,0.00,0.04,13,0,https://www.kloudbean.com/graphql-formatter-and-validator/,,78
gutenberg wordpress editor,Informational,50,57,1.52,0.18,0,3,,https://wpvip.com/wordpress-gutenberg/,130
gutenburg wordpress,Informational,50,63,2.34,0.17,0,7,,https://wpvip.com/wordpress-gutenberg/,108
guttenberg wordpress,Informational,50,56,2.44,0.21,0,4,,https://wpvip.com/wordpress-gutenberg/,107
hashpassword,Informational,50,37,3.03,0.33,30,0,https://www.kloudbean.com/bcrypt-hash-generator/,,131
he to ascii,Informational,50,37,7.97,0.33,15,0,https://www.kloudbean.com/hex-to-ascii-converter/,,104
headless cms tutorial,Informational,50,31,0.00,0.02,0,3,,https://wpvip.com/resource/headless-cms-guide/,105
headless enterprise,Informational,50,6,0.00,0.18,0,17,,https://wpvip.com/blog/headless-cms-for-enterprise/,129
headless hosting,Informational,50,37,0.00,0.06,0,18,,https://wpvip.com/headless-wordpress/,155
headless vs hybrid cms,Commercial,50,14,20.20,0.64,0,10,,https://wpvip.com/glossary/hybrid-cms/,127
headless wordpress cms,Informational,50,37,10.41,0.16,0,2,,https://wpvip.com/resource/headless-cms-guide/,35
headless wordpress design agency,Informational,50,2,0.00,0.33,0,63,,https://wpvip.com/headless-wordpress/,153
headless wordpress examples,Informational,50,17,2.29,0.20,0,9,,https://wpvip.com/resource/headless-cms-guide/,121
headless wordpress hosting services,Informational,50,11,0.00,0.00,0,7,,https://wpvip.com/headless-wordpress/,130
headless wordpress hosting with cdn,Informational,50,11,0.00,0.00,0,16,,https://wpvip.com/headless-wordpress/,147
headless wordpress security,Informational,50,13,0.00,0.33,0,5,,https://wpvip.com/blog/headless-wordpress-tradeoffs/,133
headless wordpress theme,Informational,50,23,0.00,0.05,0,5,,https://wpvip.com/headless-wordpress/,129
headless wordpress vue,Informational,50,16,0.00,0.04,0,45,,https://wpvip.com/headless-wordpress/,127
headless wp,Informational,50,26,14.04,0.27,0,2,,https://wpvip.com/headless-wordpress/,180
hex code to rgba,Informational,50,41,0.00,0.33,21,0,https://www.kloudbean.com/hex-to-rgb-rgba-converter/,,93
hex to acii,Informational,50,19,0.00,0.33,11,0,https://www.kloudbean.com/hex-to-ascii-converter/,,101
hex to aski,Informational,50,-1,0.00,0.33,14,0,https://www.kloudbean.com/hex-to-ascii-converter/,,99
host entry,Informational,50,63,0.00,0.02,34,0,https://www.kloudbean.com/hosts-file-entry-generator/,,117
host gitlab,Informational,50,58,8.00,0.23,39,0,https://www.kloudbean.com/gitlab-self-hosted/,,89
hosting headless wordpress,Informational,50,32,0.00,0.33,0,4,,https://wpvip.com/headless-wordpress/,145
how do enterprises justify ai-driven cms investments to executive leadership,Informational,50,5,0.00,0.00,0,32,,https://wpvip.com/blog/ai-cms/,4890000
how many words in a blog post,Informational,50,35,0.00,0.15,0,12,,https://wpvip.com/blog/ideal-word-count/,146
how to build a headless cms,Informational,50,20,0.00,0.13,0,5,,https://wpvip.com/resource/headless-cms-guide/,140
how to choose a headless cms for enterprise-level digital experiences,Informational,50,0,0.00,0.00,0,7,,https://wpvip.com/blog/headless-cms-for-enterprise/,174
how to convert hex to ascii,Informational,50,24,0.00,0.33,24,0,https://www.kloudbean.com/hex-to-ascii-converter/,,153
how to do content marketing on a budget,Informational,50,30,0.00,0.33,0,1,,https://wpvip.com/resource/content-marketing-budget/,142
how to find the wordpress version,Informational,50,18,0.00,0.33,0,83,,https://docs.wpvip.com/wordpress-on-vip/wordpress-upgrades/,158
how to get custom content,Informational,50,22,0.00,0.33,0,52,,https://wpvip.com/blog/content-personalization/,184
how to login as admin in wordpress,Transactional,50,36,0.71,0.09,0,22,,https://docs.wpvip.com/manage-user-access/wordpress/,107
how to migrate sitecore site to wordpress,Informational,50,0,0.00,0.00,0,33,,https://wpvip.com/resource/sitecore-vs-wordpress-vip/,167
how to verify domain,Informational,50,34,3.21,0.41,0,31,,https://docs.wpvip.com/domains/verification/,106
how well does wordpress scale,Informational,50,26,0.00,0.00,0,9,,https://wpvip.com/blog/wordpress-scalability/,155
hsts implementation,Informational,50,48,0.00,0.33,0,45,,https://docs.wpvip.com/tls/enable-hsts/,128
html list generator,Informational,50,10,0.00,0.33,5,0,https://www.kloudbean.com/html-list-generator/,,118
html table builder online,Informational,50,29,0.00,0.03,27,0,https://www.kloudbean.com/html-table-generator/,,108
http cache control,Informational,50,47,0.00,0.01,0,22,,https://docs.wpvip.com/caching/page-cache/customize-behavior/cache-control-headers/,114
http response header cache control,Informational,50,43,0.00,0.33,0,27,,https://docs.wpvip.com/caching/page-cache/customize-behavior/cache-control-headers/,115
http_response_header,Informational,50,14,0.00,0.33,0,15,,https://docs.wpvip.com/caching/page-cache/http-headers/,103
iis set cache control header,Informational,50,7,0.00,0.33,0,42,,https://docs.wpvip.com/caching/page-cache/customize-behavior/cache-control-headers/,107
indexed though blocked by robots txt wordpress,Informational,50,14,0.00,0.33,0,33,,https://docs.wpvip.com/security-controls/robots-txt/,179
input validation and sanitization,Informational,50,28,0.00,0.02,0,15,,https://wpvip.com/blog/validation-vs-sanitization/,129
ip restrict,Informational,50,19,0.00,0.33,0,9,,https://docs.wpvip.com/security-controls/ip-restrictions/,131
is answer engine optimization worth it,Informational,50,26,0.00,0.00,0,34,,https://wpvip.com/blog/aeo-vs-seo-answer-engine-optimization/,176
is fid still a core web vital 2025,Informational,50,26,0.00,0.00,0,33,,https://wpvip.com/glossary/core-web-vitals/,157
is wordpress a headless cms,Informational,50,23,0.00,0.07,0,3,,https://wpvip.com/headless-wordpress/,146
is wordpress com a scam,Informational,50,14,0.00,0.01,0,39,,https://docs.wpvip.com/security/phishing/,127
jasypt decrypt online,Informational,50,7,0.00,0.02,39,0,https://www.kloudbean.com/encryption-decryption-tool/,,101
java convert json to pojo,Informational,50,25,0.00,0.01,20,0,https://www.kloudbean.com/json-to-pojo-converter/,,99
javascript timestamp format,Informational,50,58,0.00,0.33,28,0,https://www.kloudbean.com/javascript-date-formatter/,,109
jetpack ai assistant,Navigational,50,16,6.28,0.18,0,4,,https://wpvip.com/jetpack-ai/,87
jetpack updates,Informational,50,8,0.00,0.00,0,3,,https://docs.wpvip.com/wordpress-on-vip/jetpack/version-updates/,109
journeys.com videodelivery.net embed,Informational,50,10,0.00,0.00,0,63,,https://wpvip.com/partner/connatix/,2120000
jpmchase.com blog personalization or sms or cdp or esp,Informational,50,21,0.00,0.00,0,44,,https://wpvip.com/blog/content-personalization/,681
json c# converter,Informational,50,24,0.00,0.01,29,0,https://www.kloudbean.com/json-to-c-class-converter/,,110
json convert to c#,Informational,50,29,0.00,0.00,25,0,https://www.kloudbean.com/json-to-c-class-converter/,,108
json object to java object conversion,Informational,50,16,0.00,0.33,39,0,https://www.kloudbean.com/json-to-pojo-converter/,,127
json pojo generator,Informational,50,35,0.00,0.33,19,0,https://www.kloudbean.com/json-to-pojo-converter/,,102
json schema generator online,Commercial,50,53,4.36,0.10,31,0,https://www.kloudbean.com/json-schema-generator/,,82
json to c sharp,Informational,50,21,0.00,0.01,27,0,https://www.kloudbean.com/json-to-c-class-converter/,,108
json to c# convert,Informational,50,27,0.00,0.02,30,0,https://www.kloudbean.com/json-to-c-class-converter/,,114
json to csharp converter,Informational,50,22,0.00,0.01,22,0,https://www.kloudbean.com/json-to-c-class-converter/,,111
json to java pojo generator,Commercial,50,20,0.00,0.33,17,0,https://www.kloudbean.com/json-to-pojo-converter/,,105
json to pojo converter online,Commercial,50,15,0.00,0.02,20,0,https://www.kloudbean.com/json-to-pojo-converter/,,90
json to schema generator,Commercial,50,35,4.06,0.04,22,0,https://www.kloudbean.com/json-schema-generator/,,84
jwt token verify,Informational,50,55,0.00,0.03,52,0,https://www.kloudbean.com/jwt-decoder-validator/,,119
key considerations for omnichannel content management and distribution,Informational,50,-1,0.00,0.00,0,8,,https://wpvip.com/blog/omnichannel-content-management/,206
kloudgin login,"Navigational, Transactional",50,27,0.00,0.33,19,0,https://console.kloudbean.com/,,107
latest wordpress version december 2025,Informational,50,20,0.00,0.00,0,22,,https://customerhub.wpvip.com/platform-release-schedule/,151
leading content management systems for enterprises,Commercial,50,32,0.00,0.02,0,38,,https://wpvip.com/blog/10-best-enterprise-content-management-systems/?itm_source=parsely-api,207
leading enterprise vr content management systems with sso and analytics,Informational,50,1,0.00,0.00,0,8,,https://wpvip.com/blog/10-best-enterprise-content-management-systems/,65900
link webmaster tools to analytics,Informational,50,32,0.00,0.33,0,81,,https://wpvip.com/blog/web-analytics-software-tools/,185
linode email hosting,"Commercial, Informational",50,5,0.00,0.43,20,0,https://www.kloudbean.com/linode-hosting/,,120
localhost 505,Informational,50,20,0.00,0.33,26,0,https://www.kloudbean.com/how-to-fix-error-505/,,389000
loinode,Navigational,50,49,5.44,0.31,35,0,https://www.kloudbean.com/linode-hosting/,,0
magento 2 demo nexcess,Informational,50,9,0.00,0.00,57,0,https://www.kloudbean.com/kloudbean-vs-nexcess/,,1770
make html table,Informational,50,58,0.00,0.33,27,0,https://www.kloudbean.com/html-table-generator/,,105
markdown syntax checker,"Informational, Transactional",50,60,0.00,0.33,6,0,https://www.kloudbean.com/markdown-formatter-and-validator/,,120
markdown validation,"Informational, Transactional",50,5,0.00,0.33,4,0,https://www.kloudbean.com/markdown-formatter-and-validator/,,100
maximizecache.shop,Informational,50,15,0.00,0.33,0,23,,https://docs.wpvip.com/caching/page-cache/purging/,48100
measure web vitals,Informational,50,37,0.00,0.05,0,23,,https://wpvip.com/glossary/core-web-vitals/,135
migrate from sitecore to wordpress,Informational,50,0,0.00,0.33,0,22,,https://wpvip.com/resource/sitecore-vs-wordpress-vip/,170
migrate site from sitecore to wordpress,Informational,50,0,0.00,0.00,0,33,,https://wpvip.com/resource/sitecore-vs-wordpress-vip/,162
migrate sitecore site to wordpress,Informational,50,0,0.00,0.00,0,31,,https://wpvip.com/resource/sitecore-vs-wordpress-vip/,164
mindgrub careers,Commercial,50,12,0.00,0.01,0,25,,https://wpvip.com/partner/mindgrub/,2530
mobile responsive test,Commercial,50,45,3.11,0.25,50,0,https://www.kloudbean.com/responsive-design-checker/,,130
most popular subscription models for digital publishers 2025,Informational,50,27,0.00,0.00,0,3,,https://wpvip.com/blog/subscription-models-media-growth/,166
most recent product information management pim tool,Informational,50,-1,0.00,0.00,0,56,,https://wpvip.com/blog/pim-benefits-and-use-cases/,169
most secure content management platform for regulated industries,Informational,50,9,0.00,0.00,0,4,,https://wpvip.com/blog/10-best-enterprise-content-management-systems/,203
moz landing page objections,Informational,50,38,0.00,0.33,0,90,,https://wpvip.com/resource/how-to-do-better-content-marketing/,25100
multi site wordpress,Informational,50,50,19.07,0.30,0,6,,https://wpvip.com/blog/wordpress-multisite/,39
multi site wordpress seo,Informational,50,14,0.00,0.00,0,28,,https://wpvip.com/blog/wordpress-multisite/,135
multi-site,Informational,50,29,9.66,0.01,0,12,,https://wpvip.com/blog/wordpress-multisite/,134
multilingualpress,Navigational,50,35,4.77,0.23,0,9,,https://wpvip.com/partner/multilingualpress/,0
multisite website development,Informational,50,6,0.00,0.00,0,20,,https://wpvip.com/glossary/wordpress-multisite/,138
multisite wordpress hosting,Informational,50,20,20.01,0.14,0,12,,https://wpvip.com/glossary/wordpress-multisite/,148
mural vs whiteboard,"Commercial, Informational",50,17,0.00,0.33,51,0,https://www.kloudbean.com/why-agencies-choose-one-over-the-other-miro-vs-mural/,,177
mysql managed services,Informational,50,22,0.00,0.25,49,0,https://www.kloudbean.com/managed-databases-mysql/,,113
new relic wp engine,Informational,50,25,0.00,0.19,0,12,,https://docs.wpvip.com/performance/new-relic/,104
node 20 end of support,Informational,50,40,0.00,0.19,0,16,,https://customerhub.wpvip.com/lobby/2026/01/29/end-of-life-for-node-js-v20/,91
node.js 20 lts end of life date,Informational,50,28,0.00,0.00,0,23,,https://customerhub.wpvip.com/lobby/2026/01/29/end-of-life-for-node-js-v20/,44
omni channel content management,Informational,50,21,0.00,0.01,0,15,,https://wpvip.com/blog/omnichannel-content-management/,130
omnichannel architecture,Informational,50,9,5.26,0.31,0,3,,https://wpvip.com/blog/omnichannel-content-management/,135
onetrust wordpress plugin,"Informational, Transactional",50,17,16.91,0.20,0,4,,https://wpvip.com/partner/onetrust-preferencechoice/,54
online aes decrypt tool,Informational,50,30,0.00,0.33,25,0,https://www.kloudbean.com/encryption-decryption-tool/,,86
online caesar cipher decoder,Informational,50,25,0.00,0.33,33,0,https://www.kloudbean.com/caesar-cipher-encoder-decoder/,,102
online cert decoder,Informational,50,24,0.00,0.03,44,0,https://www.kloudbean.com/ssl-certificate-decoder/,,98
online cors,Informational,50,43,11.72,0.21,28,0,https://www.kloudbean.com/cors-tester/,,112
online decryption,Informational,50,22,1.99,0.02,5,0,https://www.kloudbean.com/encryption-decryption-tool/,,103
online dehasher,Informational,50,62,1.48,0.10,30,0,https://www.kloudbean.com/encryption-decryption-tool/,,105
online html table generator,Informational,50,29,0.00,0.03,23,0,https://www.kloudbean.com/html-table-generator/,,103
open graph meta tags generator,Commercial,50,40,0.00,0.03,10,0,https://www.kloudbean.com/open-graph-tags-generator/,,103
optimisation ecommerce,Informational,50,20,13.91,0.03,47,0,https://www.kloudbean.com/everything-you-need-to-know-about-ecommerce-optimisation/,,140
outsource wordpress support for my digital marketing agency.,Informational,50,7,0.00,0.00,0,94,,https://wpvip.com/partners/agency-partners/,207
parse.ly login,"Navigational, Transactional",50,34,0.00,0.33,0,6,,https://docs.wpvip.com/parse-ly/parsely-features/,106
pass decrypter,Informational,50,13,0.00,0.07,65,0,https://www.kloudbean.com/encryption-decryption-tool/,,110
percentage of websites using wordpress 2025 or 2026,Informational,50,43,0.00,0.00,0,50,,https://wpvip.com/blog/website-roi-why-websites-matter-2026/,149
pim product information management system,Informational,50,35,16.78,0.04,0,48,,https://wpvip.com/blog/pim-benefits-and-use-cases/,135
pimcore vs wordpress,"Commercial, Informational",50,5,0.00,0.00,0,31,,https://wpvip.com/resource/sitecore-vs-wordpress-vip/,111
please enter the commit message for your changes,Informational,50,15,0.00,0.33,0,71,,https://docs.wpvip.com/guidebooks/developer-best-practices/create-a-good-commit-message/,158
product information management definition,Informational,50,33,0.00,0.03,0,76,,https://wpvip.com/glossary/product-information-management/,134
product information management features,Informational,50,24,0.00,0.33,0,32,,https://wpvip.com/blog/pim-benefits-and-use-cases/,133
product information management pim system,Informational,50,34,22.44,0.03,0,56,,https://wpvip.com/blog/pim-benefits-and-use-cases/,159
product information managment,"Commercial, Informational",50,38,10.14,0.38,0,46,,https://wpvip.com/blog/pim-benefits-and-use-cases/,133
professional wordpress design and development,Informational,50,15,7.76,0.09,0,21,,https://learn.wpvip.com/certification/,164
professional wordpress development,Informational,50,51,0.00,0.03,0,6,,https://learn.wpvip.com/certification/,125
purge from cache,Informational,50,18,0.63,0.03,0,14,,https://docs.wpvip.com/caching/page-cache/purging/purge-tools/,134
raterlearningsite.wpcomstaging.com customer service phone number,Informational,50,-1,0.00,0.00,0,5,,https://learn.wpvip.com/contact/,380
react to html,Informational,50,-1,3.71,0.03,30,0,https://www.kloudbean.com/jsx-to-html-converter/,,129
react to html converter,Informational,50,19,0.00,0.33,16,0,https://www.kloudbean.com/jsx-to-html-converter/,,121
reaktiv,Navigational,50,18,0.00,0.33,0,6,,https://wpvip.com/partner/reaktiv/,111
real-time editing,Informational,50,40,6.09,0.02,0,6,,https://customerhub.wpvip.com/lobby/2026/01/07/collaborative-editing-is-here-real-time-collaboration-and-notes/,124
regex ip,Informational,50,31,0.00,0.33,19,0,https://www.kloudbean.com/regex-for-ip-address-validation/,,135
responsive design testing,Informational,50,41,3.67,0.10,56,0,https://www.kloudbean.com/responsive-design-checker/,,128
responsive design tool,Commercial,50,48,4.57,0.01,50,0,https://www.kloudbean.com/responsive-design-checker/,,60
responsive site testing tool,Informational,50,47,3.35,0.06,45,0,https://www.kloudbean.com/responsive-design-checker/,,122
responsive test tool,Commercial,50,47,4.77,0.16,41,0,https://www.kloudbean.com/responsive-design-checker/,,121
responsive web test,Commercial,50,50,3.29,0.17,44,0,https://www.kloudbean.com/responsive-design-checker/,,118
responsive web tool,Commercial,50,49,4.57,0.01,47,0,https://www.kloudbean.com/responsive-design-checker/,,124
responsive website testing tool,Commercial,50,43,4.77,0.16,49,0,https://www.kloudbean.com/responsive-design-checker/,,123
responsive website tool,Commercial,50,49,4.57,0.01,37,0,https://www.kloudbean.com/responsive-design-checker/,,124
rest api documentation generator,"Commercial, Informational",50,29,17.17,0.20,19,0,https://www.kloudbean.com/rest-api-documentation-generator/,,125
rest api generator,Informational,50,24,3.34,0.21,30,0,https://www.kloudbean.com/rest-api-endpoint-generator/,,127
rgb t hex,Informational,50,-1,3.46,0.01,37,0,https://www.kloudbean.com/rgb-to-hex-converter/,,103
rgb to hex codes,Informational,50,46,0.00,0.33,37,0,https://www.kloudbean.com/rgb-to-hex-converter/,,94
rgb to hex conversion,"Informational, Transactional",50,43,0.00,0.33,32,0,https://www.kloudbean.com/rgb-to-hex-converter/,,96
rgb to hexadecimal code,Informational,50,-1,0.00,0.01,36,0,https://www.kloudbean.com/rgb-to-hex-converter/,,96
saas cms platforms with cloud hosting and business integrations,Informational,50,10,0.00,0.00,0,46,,https://wpvip.com/solutions/saas-cms/,165
saas dam,Informational,50,7,28.89,0.71,0,58,,https://wpvip.com/glossary/digital-asset-management/,135
salesforce vs wordpress,Commercial,50,6,0.00,0.33,0,6,,https://wpvip.com/wordpress-vip-for-salesforce/,95
sanitization verification,Informational,50,14,0.00,0.33,0,11,,https://wpvip.com/blog/validation-vs-sanitization/,139
sanitize_text_field,Informational,50,17,0.00,0.33,0,5,,https://docs.wpvip.com/security/validating-sanitizing-and-escaping/,105
scalable hosting solutions for wordpress,Informational,50,18,0.00,0.00,0,23,,https://wpvip.com/blog/wordpress-scalability/,146
scalable+wp+hosting,Informational,50,21,0.00,0.03,0,16,,https://wpvip.com/blog/wordpress-scalability/,150
scaling wordpress,Informational,50,22,0.00,0.06,0,11,,https://wpvip.com/blog/wordpress-scalability/,105
schema generator json,Commercial,50,51,4.06,0.04,19,0,https://www.kloudbean.com/json-schema-generator/,,97
schema json generator,Informational,50,44,5.22,0.04,22,0,https://www.kloudbean.com/json-schema-generator/,,90
scss css converter,Informational,50,20,0.00,0.01,16,0,https://www.kloudbean.com/css-to-scss-converter/,,88
security headers checker,Commercial,50,41,4.88,0.26,17,0,https://www.kloudbean.com/http-security-headers-analyzer/,,91
self-hosted wordpress,Informational,50,18,7.83,0.38,0,11,,https://wpvip.com/blog/self-hosted-wordpress/,124
server origin,Informational,50,19,0.00,0.33,0,28,,https://docs.wpvip.com/infrastructure/origin-servers/,125
shadow text generator,Informational,50,10,0.00,0.01,6,0,https://www.kloudbean.com/text-shadow-generator/,,117
shift cipher decoder online,Informational,50,30,0.00,0.33,33,0,https://www.kloudbean.com/caesar-cipher-encoder-decoder/,,99
sidecar proxy,Informational,50,65,0.00,0.01,61,0,https://www.kloudbean.com/service-mesh-sidecar-configuration/,,116
sitecore 9 vs sitecore 8,"Commercial, Informational",50,0,0.00,0.33,0,29,,https://wpvip.com/resource/sitecore-vs-wordpress-vip/,127
sitecore migration to wordpress,Informational,50,0,0.00,0.00,0,30,,https://wpvip.com/resource/sitecore-vs-wordpress-vip/,113
sitecore to wordpress migration service,Informational,50,0,0.00,0.00,0,54,,https://wpvip.com/resource/sitecore-vs-wordpress-vip/,147
sitecore to wordpress migration services,Informational,50,0,0.00,0.00,0,54,,https://wpvip.com/resource/sitecore-vs-wordpress-vip/,145
sitecore to wordpress site migration,Informational,50,0,0.00,0.00,0,53,,https://wpvip.com/resource/sitecore-vs-wordpress-vip/,148
sitemap vs information architecture,"Commercial, Informational",50,25,0.00,0.01,0,72,,https://wpvip.com/blog/website-information-architecture/,131
sohpi,Informational,50,22,0.00,0.04,0,36,,https://wpvip.com/partner/sophi/,16000
sophi ai,Informational,50,11,1.34,0.01,0,6,,https://wpvip.com/partner/sophi/,127
sophii,Informational,50,34,0.00,0.33,0,26,,https://wpvip.com/partner/sophi/,113
splashscreen generator,Informational,50,21,5.49,0.14,19,0,https://www.kloudbean.com/splash-screen-generator/,,109
srgb to hex,Commercial,50,30,3.46,0.01,47,0,https://www.kloudbean.com/rgb-to-hex-converter/,,104
ssh-keygen -t rsa -b 4096,Informational,50,4,0.00,0.33,37,0,https://www.kloudbean.com/ssh-key-generator/,,13300
sso for wordpress,Informational,50,14,16.76,0.18,0,3,,https://docs.wpvip.com/security-controls/wordpress/sso/,5900000
subscription media news,"Commercial, Informational",50,32,0.00,0.00,0,14,,https://wpvip.com/blog/subscription-models-media-growth/,1640
symmetric key decryption,Informational,50,40,2.54,0.33,26,0,https://www.kloudbean.com/encryption-decryption-tool/,,136
tagging tips,Informational,50,13,0.00,0.33,0,19,,https://wpvip.com/blog/5-tagging-best-practices-content-strategy/,123
tagging web,Informational,50,48,3.31,0.03,0,22,,https://wpvip.com/blog/5-tagging-best-practices-content-strategy/,130
taxonomy content strategy,Informational,50,18,0.00,0.21,0,11,,https://wpvip.com/blog/content-taxonomy-setup/,128
test responsive website,Informational,50,39,3.16,0.13,33,0,https://www.kloudbean.com/responsive-design-checker/,,122
text to caesar cipher,Informational,50,39,0.00,0.33,28,0,https://www.kloudbean.com/caesar-cipher-encoder-decoder/,,122
the european accessibility act 2025,Informational,50,33,0.00,0.33,0,77,,https://wpvip.com/blog/eu-accessibility-act-2025/,147
top content management,Commercial,50,36,13.78,0.29,0,33,,https://wpvip.com/blog/10-best-enterprise-content-management-systems/?itm_source=parsely-api,127
top enterprise content management systems,"Commercial, Informational",50,35,18.74,0.27,0,69,,https://wpvip.com/blog/10-best-enterprise-content-management-systems/,198
ttl 14400,Informational,50,16,0.00,0.01,0,3,,https://docs.wpvip.com/domains/check-dns-record-time-to-live/,102
ttl cname,Informational,50,20,0.00,0.33,0,4,,https://docs.wpvip.com/domains/check-dns-record-time-to-live/,125
ttl for cname,Informational,50,19,0.00,0.33,0,3,,https://docs.wpvip.com/domains/check-dns-record-time-to-live/,101
ttl in cname,Informational,50,13,0.00,0.01,0,4,,https://docs.wpvip.com/domains/check-dns-record-time-to-live/,97
two factor authentication for wordpress,Informational,50,28,2.82,0.11,0,5,,https://docs.wpvip.com/security-controls/wordpress/enforce-2fa/,146
using wordpress for enterprise content management,Informational,50,16,0.00,0.33,0,1,,https://wpvip.com/blog/enterprise-content-management/,148
validator sql,Informational,50,24,2.55,0.09,31,0,https://www.kloudbean.com/sql-formatter-and-validator/,,95
vary header http,Informational,50,34,0.00,0.33,0,22,,https://docs.wpvip.com/caching/page-cache/customize-behavior/vary-http-response-header/,107
vip domain meaning,Informational,50,5,0.00,0.04,0,14,,https://docs.wpvip.com/domains/convenience-domains/,77
vip file,Informational,50,7,0.00,0.33,0,1,,https://docs.wpvip.com/vip-file-system/,100
vip veterans,Navigational,50,19,2.33,0.30,0,15,,https://wpvip.com/partner/veterans-co/,0
vip wordpress,"Informational, Navigational",50,22,28.09,0.51,0,1,,https://wpvip.com/,108
vue.js headless wordpress,Informational,50,24,0.00,0.33,0,57,,https://wpvip.com/headless-wordpress/,112
wcag 3.0 current status january 2026,Informational,50,-1,0.00,0.00,0,76,,https://wpvip.com/blog/ada-website-accessibility-deadline-2026/,146
wcag news january 2026,Informational,50,12,0.00,0.00,0,73,,https://wpvip.com/blog/ada-website-accessibility-deadline-2026/,159
web analytic software,Informational,50,33,9.29,0.10,0,8,,https://wpvip.com/blog/web-analytics-software-tools/,128
web analytics solution,Informational,50,58,0.00,0.01,0,12,,https://wpvip.com/blog/web-analytics-software-tools/,137
web analytics tools comparison,Commercial,50,27,0.00,0.33,0,5,,https://wpvip.com/blog/web-analytics-software-tools/,125
web cms enterprise,Commercial,50,43,0.00,0.33,0,18,,https://wpvip.com/blog/enterprise-cms/,105
web page tagging,Informational,50,4,0.42,0.44,0,29,,https://wpvip.com/blog/5-tagging-best-practices-content-strategy/,132
web vitals score,Informational,50,43,0.00,0.04,0,27,,https://wpvip.com/glossary/core-web-vitals/,134
webhooks testing,Informational,50,21,5.03,0.08,62,0,https://www.kloudbean.com/webhook-tester/,,125
website tagging strategy,"Commercial, Informational",50,17,0.00,0.19,0,7,,https://wpvip.com/blog/5-tagging-best-practices-content-strategy/,133
website url tagging requirements best practices,Commercial,50,29,0.00,0.00,0,3,,https://wpvip.com/blog/5-tagging-best-practices-content-strategy/,131
what are digital experience platforms,Informational,50,35,0.00,0.04,0,78,,https://wpvip.com/blog/wordpress-digital-experience-platform/,162
what are the benefits of information management,Informational,50,12,0.00,0.33,0,39,,https://wpvip.com/blog/pim-benefits-and-use-cases/,159
what are the tools helpful for managed wordpress enterprise hosting,Informational,50,12,0.00,0.00,0,12,,https://wpvip.com/blog/best-wordpress-hosting/,180
what are web analytics tools,Informational,50,36,0.00,0.01,0,30,,https://wpvip.com/blog/web-analytics-software-tools/,173
what are website migration services,Informational,50,12,0.00,0.00,0,12,,https://wpvip.com/glossary/website-migration/,171
what is a content security policy,Informational,50,44,2.59,0.07,0,22,,https://wpvip.com/blog/content-security-policy-guide/,168
what is a headless wordpress site,Informational,50,26,0.15,0.14,0,3,,https://wpvip.com/resource/headless-cms-guide/,148
what is a wordpress multisite,Informational,50,31,1.82,0.07,0,5,,https://wpvip.com/blog/wordpress-multisite/,146
what is aeo for ai and websites,Informational,50,28,0.00,0.00,0,10,,https://wpvip.com/blog/answer-engine-optimization-strategies/,226
what is an api rate limit,Informational,50,32,0.00,0.02,64,0,https://www.kloudbean.com/api-rate-limiting-calculator/,,177
what is an enterprise content management system,Informational,50,41,14.70,0.05,0,40,,https://wpvip.com/blog/enterprise-content-management-strategy/,177
what is content intelligence,Informational,50,13,7.63,0.12,0,20,,https://wpvip.com/blog/content-intelligence-enterprise-cms-guide/,135
what is digital river,Informational,50,23,0.00,0.01,0,28,,https://wpvip.com/blog/six-questions-with-digital-river/,109
what is gutenberg wordpress,Informational,50,15,0.00,0.07,0,4,,https://wpvip.com/wordpress-gutenberg/,129
what is her campus media,Informational,50,31,0.00,0.33,0,13,,https://wpvip.com/case-studies/her-campus-media/,144
what is hybrid headless dxp,Informational,50,14,0.00,0.00,0,20,,https://wpvip.com/blog/headless-vs-hybrid-cms-architecture-comparison/,200
what is mfa opt in,Informational,50,29,0.00,0.14,0,87,,https://wpvip.com/glossary/what-is-multi-factor-authentication-mfa/,18700000
what is onesignal com,Navigational,50,33,0.00,0.33,0,17,,https://wpvip.com/blog/six-questions-with-onesignal-on-using-push-notifications-to-keep-customers-engaged/,101
what is persistent object cache in wordpress,Informational,50,11,0.00,0.00,0,6,,https://docs.wpvip.com/caching/object-cache/,123
what is personalized content,Informational,50,25,0.00,0.02,0,6,,https://wpvip.com/glossary/what-is-content-personalization/,134
what is pim software used for,Informational,50,31,0.00,0.33,0,61,,https://wpvip.com/blog/pim-benefits-and-use-cases/,172
what is the difference between wordpress and wp engine,Informational,50,11,0.00,0.33,0,4,,https://wpvip.com/resource/wp-engine-vs-wordpress-vip/,121
what is wp multisite,Informational,50,34,1.82,0.10,0,5,,https://wpvip.com/blog/wordpress-multisite/,12200000
white rabbit web design,"Informational, Navigational",50,14,0.00,0.16,0,36,,https://wpvip.com/partner-announcements/white-rabbit-group-vip-silver-agency-partner/,113
why do you need a pim tool,Informational,50,26,0.00,0.33,0,62,,https://wpvip.com/blog/pim-benefits-and-use-cases/,175
woocommerce logs,Informational,50,20,0.00,0.01,0,37,,https://docs.wpvip.com/plugins/woocommerce/woocommerce-debug-logging/,109
woocommerce product information management,Informational,50,20,0.00,0.33,0,18,,https://wpvip.com/glossary/product-information-management/,108
word count of a website,Informational,50,35,0.21,0.08,0,26,,https://wpvip.com/blog/ideal-word-count/,150
word press vip,Navigational,50,21,28.09,0.51,0,1,,https://wpvip.com/,0
wordpress 5.6.1,Commercial,50,9,0.00,0.33,0,64,,https://customerhub.wpvip.com/lobby/2021/02/22/wordpress-5-6-2-maintenance-release/,75000
wordpress 6.5 new plugin capabilities introduced,Informational,50,2,0.00,0.00,0,12,,https://wpvip.com/blog/wordpress-6-5/,133
wordpress 6.5 release date,Informational,50,19,0.00,0.33,0,13,,https://wpvip.com/blog/wordpress-6-5/,106
wordpress 6.7 1,Informational,50,18,0.00,0.18,0,18,,https://wpvip.com/blog/wordpress-6-7/,108
wordpress 6.7 2,"Informational, Transactional",50,22,0.00,0.02,0,28,,https://customerhub.wpvip.com/lobby/2025/02/11/wordpress-6-7-2-maintenance-release/,101
wordpress 6.7 news today,Informational,50,30,0.00,0.00,0,6,,https://wpvip.com/blog/wordpress-6-7/,128
wordpress 6.7 release candidate news november 2025,Informational,50,26,0.00,0.00,0,4,,https://customerhub.wpvip.com/lobby-category/software-updates/wordpress/page/2/,16400
wordpress 6.7 release candidate news september 2025,Informational,50,20,0.00,0.00,0,8,,https://customerhub.wpvip.com/lobby/2025/08/05/wordpress-6-7-3-maintenance-release-with-backported-versions/,14600
wordpress 6.7 release december 2025,Informational,50,31,0.00,0.00,0,19,,https://customerhub.wpvip.com/platform-release-schedule/,109
wordpress 6.7 release january 2026,Informational,50,14,0.00,0.00,0,12,,https://customerhub.wpvip.com/platform-release-schedule/,1020000
wordpress 6.7 release news january 2026,Informational,50,18,0.00,0.00,0,15,,https://customerhub.wpvip.com/platform-release-schedule/,658000
wordpress 6.7 released today,Informational,50,6,0.00,0.00,0,6,,https://wpvip.com/blog/wordpress-6-7/,106
wordpress 6.8.3 vulnerabilities,Informational,50,18,0.00,0.02,0,30,,https://customerhub.wpvip.com/lobby/2025/09/30/wordpress-6-8-3-security-release/,2760
wordpress api json,Informational,50,29,0.00,0.01,0,13,,https://docs.wpvip.com/wordpress-on-vip/wordpress-rest-api/,108
wordpress api rest,Navigational,50,45,4.33,0.04,0,2,,https://docs.wpvip.com/wordpress-on-vip/wordpress-rest-api/,103
wordpress at scale,Informational,50,20,0.00,0.06,0,5,,https://wpvip.com/blog/wordpress-scalability/,103
wordpress best practices 2022,"Commercial, Informational",50,7,0.00,0.33,0,12,,https://wpvip.com/blog/wordpress-security-best-practices/,19000000
wordpress certified developer certification,Commercial,50,10,0.00,0.33,0,1,,https://learn.wpvip.com/certification/,104
wordpress core update,Informational,50,19,0.00,0.01,0,10,,https://docs.wpvip.com/wordpress-on-vip/wordpress-upgrades/,99
wordpress cron wp-cron documentation,Informational,50,13,0.00,0.00,0,2,,https://docs.wpvip.com/wordpress-on-vip/cron-control/,107
wordpress current version march 2026,Informational,50,29,0.00,0.00,0,14,,https://customerhub.wpvip.com/platform-release-schedule/,105
wordpress deployment,Informational,50,19,13.99,0.19,0,25,,https://docs.wpvip.com/code-deployment/default-deployment/build-and-deploy/,53
wordpress devops,Informational,50,13,0.00,0.02,0,41,,https://docs.wpvip.com/code-deployment/default-deployment/build-and-deploy/,104
wordpress dxp,Commercial,50,6,0.00,0.10,0,1,,https://wpvip.com/glossary/digital-experience-platform/,110
wordpress editorial workflow,Informational,50,11,0.00,0.21,0,31,,https://wpvip.com/blog/wordpress-workflow-automation/,105
wordpress enterprise solutions,Informational,50,41,0.00,0.33,0,2,,https://wpvip.com/,135
wordpress enterprise website agency,"Commercial, Informational",50,20,23.74,0.20,0,5,,https://wpvip.com/partners/agency-partners/,157
wordpress esc_html documentation,Informational,50,19,0.00,0.00,0,11,,https://docs.wpvip.com/security/validating-sanitizing-and-escaping/,108
wordpress for enterprise content management,Informational,50,18,0.00,0.33,0,1,,https://wpvip.com/,149
wordpress for enterprise sites,Informational,50,17,0.00,0.33,0,2,,https://wpvip.com/,104
wordpress gutenburg,Navigational,50,32,1.63,0.25,0,4,,https://wpvip.com/wordpress-gutenberg/,109
wordpress headless cms vuejs,Informational,50,17,0.00,0.00,0,46,,https://wpvip.com/resource/headless-cms-guide/,142
wordpress hosting menifee,Informational,50,5,0.00,0.00,0,33,,https://wpvip.com/capabilities/enterprise-wordpress-hosting/,7430
wordpress latest version february 2026,Informational,50,16,0.00,0.00,0,16,,https://customerhub.wpvip.com/platform-release-schedule/,93
wordpress manager task assignment page content creation email address,Informational,50,13,0.00,0.00,0,30,,https://docs.wpvip.com/manage-user-access/wordpress/,4730000
wordpress multisite development services,Informational,50,0,0.00,0.01,0,53,,https://wpvip.com/blog/wordpress-multisite/,111
wordpress multisite different domains,Informational,50,23,0.00,0.33,0,7,,https://docs.wpvip.com/domains/multiple-domains/,49
wordpress multisite management,Informational,50,20,0.00,0.09,0,5,,https://wpvip.com/blog/inside-wordpress-vips-multisite-management/,104
wordpress multisite network,Informational,50,41,15.42,0.09,0,4,,https://wpvip.com/blog/wordpress-multisite/,150
wordpress multisite review,"Commercial, Informational",50,20,0.00,0.33,0,13,,https://wpvip.com/blog/wordpress-multisite/,129
wordpress news today november 2025,Informational,50,17,0.00,0.00,0,18,,https://customerhub.wpvip.com/platform-release-schedule/,127
wordpress news today release 6.7,Informational,50,15,0.00,0.00,0,5,,https://wpvip.com/blog/wordpress-6-7/,94
wordpress partner program,Commercial,50,48,10.56,0.42,0,1,,https://wpvip.com/partners/,128
wordpress pentest,Informational,50,23,15.28,0.26,0,20,,https://docs.wpvip.com/security/penetration-testing/,129
wordpress persistent object cache explanation,Informational,50,2,0.00,0.00,0,7,,https://docs.wpvip.com/caching/object-cache/,125
wordpress personalized content,Informational,50,16,0.00,0.33,0,1,,https://wpvip.com/blog/content-personalization/,110
wordpress plugin evaluation functionality features compatibility benefits,Informational,50,4,0.00,0.00,0,48,,https://docs.wpvip.com/plugins/third-party-plugins/,577000
wordpress premium support,"Informational, Navigational",50,14,12.36,0.11,0,36,,https://wpvip.com/,103
wordpress robots.txt: mastering seo ultimate guide latest-templates.com,Informational,50,9,0.00,0.33,0,76,,https://docs.wpvip.com/security-controls/robots-txt/,113000
wordpress security release september 2025,Informational,50,24,0.00,0.00,0,11,,https://customerhub.wpvip.com/platform-release-schedule/,114
wordpress vip agencies,Navigational,50,10,0.00,0.14,0,1,,https://wpvip.com/partners/agency-partners/,129
wordpress vip cost,Informational,50,18,0.00,0.54,0,1,,https://wpvip.com/pricing/,107
wordpress vip self-hosted servers,Informational,50,10,0.00,0.00,0,1,,https://wpvip.com/blog/self-hosted-wordpress/,106
wordpress vip services,"Informational, Navigational",50,22,0.00,0.00,0,1,,https://wpvip.com/,108
wordpress vip silver agency partner,Informational,50,0,0.00,0.33,0,1,,https://wpvip.com/partners/agency-partners/,112
wordpress with composer,Informational,50,37,0.00,0.04,0,24,,https://docs.wpvip.com/code-deployment/github-repository/composer/,105
wordpress workflow automation,Informational,50,19,0.00,0.01,0,2,,https://wpvip.com/blog/wordpress-workflow-automation/,104
wordpress wp content directory,Informational,50,24,0.00,0.00,0,16,,https://docs.wpvip.com/wordpress-skeleton/plugins-directory/,104
wordpress.com vs wpengine,"Commercial, Informational",50,11,0.00,0.33,0,6,,https://wpvip.com/resource/wp-engine-vs-wordpress-vip/,103
wordpress.com],Navigational,50,100,3.38,0.43,0,37,,https://wpvip.com/,0
wordpressw,"Navigational, Transactional",50,95,2.95,0.41,0,12,,https://wpvip.com/future-of-the-web-2026/,0
wp business intelligence,Informational,50,22,0.00,0.11,0,22,,https://wpvip.com/content-intelligence/,117
wp content directory,Informational,50,16,2.42,0.10,0,3,,https://docs.wpvip.com/wordpress-skeleton/plugins-directory/,125
wp control,Navigational,50,12,0.00,0.07,0,6,,https://docs.wpvip.com/wordpress-on-vip/cron-control/,179
wp cron php,Informational,50,36,0.00,0.02,0,25,,https://docs.wpvip.com/wordpress-on-vip/cron-control/,134
wp database backup,Informational,50,31,0.77,0.06,0,6,,https://docs.wpvip.com/databases/backups/,128
wp engine cron,Informational,50,22,0.00,0.33,0,22,,https://docs.wpvip.com/wordpress-on-vip/cron-control/,99
wp engine php 8,Informational,50,18,0.00,0.33,0,42,,https://wpvip.com/blog/how-to-prepare-your-wordpress-site-for-php-8/,112
wp env,Informational,50,18,0.00,0.03,0,31,,https://docs.wpvip.com/infrastructure/environments/manage-environment-variables/,114
wp find replace,Informational,50,18,1.46,0.07,0,3,,https://docs.wpvip.com/vip-cli/wp-cli-with-vip-cli/search-replace/,124
wp json pages,Informational,50,20,0.00,0.33,0,7,,https://docs.wpvip.com/wordpress-on-vip/wordpress-rest-api/,136
wp security audit log,Navigational,50,20,0.00,0.08,0,6,,https://docs.wpvip.com/logs/audit-log/,127
wp theme directory,Navigational,50,48,2.99,0.25,0,2,,https://docs.wpvip.com/wordpress-skeleton/themes-directory/,130
wp-cli search-replace serialized data documentation,Informational,50,10,0.00,0.00,0,2,,https://docs.wpvip.com/vip-cli/wp-cli-with-vip-cli/search-replace/,112
wp.wpenginepowered.com,Informational,50,9,0.00,0.01,0,44,,https://wpvip.com/resource/wp-engine-vs-wordpress-vip/,193000
wp_headers,Informational,50,14,0.00,0.33,0,3,,https://docs.wpvip.com/caching/page-cache/http-headers/add-edit-or-remove/,101
wp_schedule_event,Informational,50,14,0.00,0.01,0,37,,https://docs.wpvip.com/wordpress-on-vip/cron-control/,110
wp_schedule_event documentation wordpress,Informational,50,6,0.00,0.00,0,22,,https://docs.wpvip.com/wordpress-on-vip/cron-control/,109
wpengine cron,Informational,50,16,0.00,0.01,0,14,,https://docs.wpvip.com/wordpress-on-vip/cron-control/,103
wpengine cron job,Commercial,50,15,0.00,0.01,0,17,,https://docs.wpvip.com/wordpress-on-vip/cron-control/,100
wpengine cron jobs,Commercial,50,11,0.00,0.33,0,22,,https://docs.wpvip.com/wordpress-on-vip/cron-control/,101
wpengine ip address,Informational,50,19,0.00,0.33,0,35,,https://docs.wpvip.com/security-controls/ip-restrictions/,42
wpengine penetration testing,Informational,50,26,0.00,0.17,0,29,,https://docs.wpvip.com/security/penetration-testing/,105
wpengine php 8,Informational,50,27,0.00,0.33,0,26,,https://wpvip.com/blog/how-to-prepare-your-wordpress-site-for-php-8/,113
wpscam,Navigational,50,48,0.00,0.00,0,34,,https://wpvip.com/blog/new-wpscan-security-features-what-it-means-for-wordpress-vip-customers/,104
xml rpc wordpress,Informational,50,34,0.00,0.02,0,19,,https://docs.wpvip.com/security-controls/wordpress/xml-rpc/,139
xmlrpc wordpress,Informational,50,27,0.00,0.02,0,34,,https://docs.wpvip.com/security-controls/wordpress/xml-rpc/,135
yoast premium support,Navigational,50,65,0.00,0.29,0,17,,https://wpvip.com/partner/yoast/,108
.vip domains,Informational,40,15,4.47,0.20,0,17,,https://docs.wpvip.com/domains/map-a-domain/,109
//192.168.1.256,Commercial,40,10,0.00,0.33,30,0,https://www.kloudbean.com/regex-for-ip-address-validation/,,3840
16/9 calculator,Informational,40,41,0.00,0.33,95,0,https://www.kloudbean.com/image-aspect-ratio-calculator/,,8680000
2fa wordpress,Informational,40,47,2.82,0.11,0,4,,https://docs.wpvip.com/security-controls/wordpress/enforce-2fa/,123
45press,Navigational,40,26,0.00,0.01,0,4,,https://wpvip.com/partner/45press/,107
a comparison of contentful vs strapi for enterprise requirements,Commercial,40,15,0.00,0.00,0,63,,https://wpvip.com/blog/10-best-enterprise-content-management-systems/,121
accessibility law 2026,Informational,40,40,1.19,0.07,0,71,,https://wpvip.com/blog/ada-website-accessibility-deadline-2026/,116
ada compliance 2026,Informational,40,40,2.88,0.33,0,57,,https://wpvip.com/blog/ada-website-accessibility-deadline-2026/,95
add expires headers wordpress,Informational,40,12,0.00,0.33,0,59,,https://docs.wpvip.com/caching/page-cache/customize-behavior/cache-control-headers/,105
add strict transport security header,Informational,40,34,0.00,0.00,0,51,,https://docs.wpvip.com/tls/enable-hsts/,145
adr design,Informational,40,61,0.00,0.33,60,0,https://www.kloudbean.com/architecture-decision-record-adr-template/,,184
advanced wordpress development,Informational,40,28,0.00,0.05,0,3,,https://learn.wpvip.com/certification/,123
advantages of open-source wordpress platforms,Informational,40,0,0.00,0.00,0,1,,https://wpvip.com/blog/how-open-source-software-benefits-businesses/,162
aeo platform pricing models,Informational,40,5,0.00,0.00,0,15,,https://wpvip.com/blog/answer-engine-optimization-strategies/,192
aeo quick wins,Informational,40,19,0.00,0.00,0,52,,https://wpvip.com/blog/answer-engine-optimization-strategies/,134
aeo stands for answer engine optimization,Informational,40,46,0.00,0.00,0,38,,https://wpvip.com/blog/answer-engine-optimization-strategies/,135
ai vs human content,"Commercial, Informational",40,18,0.00,0.33,0,6,,https://wpvip.com/blog/ai-vs-human-content-performance/,127
all-in-one enterprise content systems providers,"Commercial, Informational",40,14,0.00,0.00,0,14,,https://wpvip.com/blog/10-best-enterprise-content-management-systems/,179
animation css3 generator,Informational,40,22,4.20,0.02,10,0,https://www.kloudbean.com/css-animation-generator/,,109
apikey generator online,Informational,40,13,0.00,0.33,24,0,https://www.kloudbean.com/api-key-generator/,,81
app colour schemes,Informational,40,50,1.79,0.05,31,0,https://www.kloudbean.com/mobile-app-color-scheme-generator/,,156
aprimo.com,Navigational,40,30,0.00,0.14,0,43,,https://wpvip.com/partner/aprimo/,633000
ariscielle novicio,Informational,40,5,0.00,0.33,0,26,,https://wpvip.com/event/vip-media-product-forum-2026/,573
autoscaling wordpress,Informational,40,20,0.00,0.00,0,5,,https://wpvip.com/auto-scaling/,111
b2b buying committees,Informational,40,19,0.00,0.00,0,4,,https://wpvip.com/blog/b2b-buying-committee-content-strategy/,137
bcrypt password,Informational,40,59,0.00,0.33,31,0,https://www.kloudbean.com/bcrypt-hash-generator/,,128
benefits of consultancy for pim selection,Informational,40,0,0.00,0.00,0,44,,https://wpvip.com/blog/pim-benefits-and-use-cases/,115
benefits of headless wordpress setup,Informational,40,11,0.00,0.00,0,21,,https://wpvip.com/blog/headless-wordpress-tradeoffs/,151
benefits of product information management,Informational,40,22,0.00,0.33,0,1,,https://wpvip.com/blog/pim-benefits-and-use-cases/,193
benefits of using a pim consultant,Informational,40,0,0.00,0.00,0,37,,https://wpvip.com/blog/pim-benefits-and-use-cases/,170
best analytics platforms for web integration 2025,Commercial,40,20,0.00,0.00,0,18,,https://wpvip.com/blog/web-analytics-software-tools/,180
best analytics tools for web apps 2025,Commercial,40,27,0.00,0.00,0,21,,https://wpvip.com/blog/web-analytics-software-tools/,154
best blog word count for seo,"Commercial, Informational",40,50,0.00,0.05,0,21,,https://wpvip.com/blog/ideal-word-count/,160
best blog wordcount,"Commercial, Informational",40,36,0.00,0.00,0,8,,https://wpvip.com/blog/ideal-word-count/,151
best cms for content governance and scalability,Commercial,40,19,0.00,0.00,0,1,,https://wpvip.com/blog/10-best-enterprise-content-management-systems/,214
best cms for enterprise publishing 2025,Commercial,40,9,0.00,0.00,0,16,,https://wpvip.com/blog/10-best-enterprise-content-management-systems/,132
best cms for marketing teams 2025 2026,Commercial,40,16,0.00,0.00,0,24,,https://wpvip.com/blog/10-best-enterprise-content-management-systems/,189
best cms tools 2026,Commercial,40,14,0.00,0.00,0,22,,https://wpvip.com/blog/10-best-enterprise-content-management-systems/,117
best commercial cms system,Commercial,40,47,0.00,0.06,0,19,,https://wpvip.com/blog/10-best-enterprise-content-management-systems/,185
best content management platforms for enterprises 2025,Commercial,40,18,0.00,0.00,0,37,,https://wpvip.com/blog/10-best-enterprise-content-management-systems/,156
best content management software,Commercial,40,35,14.16,0.21,0,26,,https://wpvip.com/blog/10-best-enterprise-content-management-systems/?itm_source=parsely-api,150
best enterprise-level content security providers,Commercial,40,20,0.00,0.00,0,1,,https://wpvip.com/blog/10-best-enterprise-content-management-systems/,195
best enterprise-level content security providers 2025,Commercial,40,20,0.00,0.00,0,7,,https://wpvip.com/blog/10-best-enterprise-content-management-systems/,176
best headless cms platforms for enterprise websites 2025,Commercial,40,20,0.00,0.00,0,48,,https://wpvip.com/blog/10-best-enterprise-content-management-systems/,160
best omnichannel strategy rendering platforms,Commercial,40,17,0.00,0.00,0,32,,https://wpvip.com/blog/omnichannel-digital-experiences-cms-composable/,260000
best real-time analytics tools for websites 2025,Commercial,40,24,0.00,0.00,0,15,,https://wpvip.com/blog/web-analytics-software-tools/,163
best robots.txt for wordpress,Commercial,40,13,0.00,0.05,0,2,,https://docs.wpvip.com/security-controls/robots-txt/,148
best solutions for influencing b2b buying committees,Commercial,40,17,0.00,0.00,0,8,,https://wpvip.com/blog/b2b-buying-committee-content-strategy/,174
best tools for user web analytics 2025,Commercial,40,27,0.00,0.00,0,7,,https://wpvip.com/blog/web-analytics-software-tools/,163
best web analytics platforms for businesses 2025,Commercial,40,27,0.00,0.00,0,18,,https://wpvip.com/blog/web-analytics-software-tools/,178
best web analytics platforms for website performance 2025,Informational,40,14,0.00,0.00,0,8,,https://wpvip.com/blog/web-analytics-software-tools/,182
best web analytics software,Commercial,40,29,0.00,0.33,0,6,,https://wpvip.com/blog/web-analytics-software-tools/,125
best web analytics tools for product analytics 2025,Commercial,40,25,0.00,0.00,0,23,,https://wpvip.com/blog/web-analytics-software-tools/,131
best web analytics tools for tracking user behavior 2025,Commercial,40,22,0.00,0.00,0,5,,https://wpvip.com/blog/web-analytics-software-tools/,196
best web statistics platforms for websites 2025,Commercial,40,13,0.00,0.00,0,18,,https://wpvip.com/blog/web-analytics-software-tools/,133
beste enterprise content-management software 2025,Commercial,40,26,0.00,0.00,0,40,,https://wpvip.com/blog/10-best-enterprise-content-management-systems/?itm_source=parsely-api,186
bionic wp,Navigational,40,23,7.34,0.33,0,23,,https://wpvip.com/,159
bitninja.io,Informational,40,26,0.00,0.33,98,0,https://support.kloudbean.com/docs/server-management/enabling-bitninja-security/,,80000
build a headless cms,Informational,40,24,0.00,0.05,0,5,,https://wpvip.com/resource/headless-cms-guide/,128
business offering strategy content types,Informational,40,-1,0.00,0.00,0,33,,https://wpvip.com/blog/8-types-of-content-marketing/,136
cache control example html,Informational,40,52,0.00,0.33,0,31,,https://docs.wpvip.com/caching/page-cache/customize-behavior/cache-control-headers/,114
cache control http header,Informational,40,40,0.00,0.33,0,25,,https://docs.wpvip.com/caching/page-cache/customize-behavior/cache-control-headers/,109
cache php file in the wp content directory,Informational,40,1,0.00,0.33,0,42,,https://docs.wpvip.com/wordpress-skeleton/serve-static-content-wp/,114
cache-control no-cache,Informational,40,46,0.00,0.33,0,27,,https://docs.wpvip.com/caching/page-cache/customize-behavior/cache-control-headers/,115
cache-control no-store no-cache,Informational,40,52,0.00,0.33,0,15,,https://docs.wpvip.com/caching/page-cache/customize-behavior/cache-control-headers/,108
cached query,Informational,40,24,0.00,0.01,0,31,,https://docs.wpvip.com/caching/query-cache/,118
caching queries,Informational,40,22,0.00,0.01,0,32,,https://docs.wpvip.com/caching/query-cache/,135
caesar cipher decoder with key,Informational,40,17,0.00,0.33,35,0,https://www.kloudbean.com/caesar-cipher-encoder-decoder/,,156
caeser cipher encoder,Informational,40,44,0.00,0.00,19,0,https://www.kloudbean.com/caesar-cipher-encoder-decoder/,,111
caeser decoder,Informational,40,45,0.00,0.33,24,0,https://www.kloudbean.com/caesar-cipher-encoder-decoder/,,114
ceasar cipher translator,Informational,40,31,0.00,0.33,11,0,https://www.kloudbean.com/caesar-cipher-encoder-decoder/,,107
cesar code decoder,Informational,40,46,0.00,0.33,26,0,https://www.kloudbean.com/caesar-cipher-encoder-decoder/,,116
cesar code translator,Informational,40,42,0.00,0.33,39,0,https://www.kloudbean.com/caesar-cipher-encoder-decoder/,,101
cesar decoder,Commercial,40,-1,0.00,0.33,24,0,https://www.kloudbean.com/caesar-cipher-encoder-decoder/,,119
chatgpt prompts for blog posts,Informational,40,22,0.00,0.33,0,41,,https://wpvip.com/blog/ai-content-creation/,125
check website responsive,Commercial,40,43,3.09,0.06,18,0,https://www.kloudbean.com/responsive-design-checker/,,127
check xml rpc,Informational,40,19,0.00,0.33,0,32,,https://docs.wpvip.com/security-controls/wordpress/xml-rpc/,106
cloud security tools multi-region deployments,Informational,40,9,0.00,0.00,53,0,https://www.kloudbean.com/multi-region-deployment-strategy/,,130
cloudformation designer,Informational,40,22,0.00,0.33,51,0,https://www.kloudbean.com/aws-cloudformation-template-generator/,,151
cms for business,Commercial,40,26,17.61,0.04,0,38,,https://wpvip.com/blog/10-best-enterprise-content-management-systems/,144
code barre generator free,Informational,40,50,1.37,0.05,59,0,https://www.kloudbean.com/free-barcode-generator-tool/,,131
code formatter c++,Informational,40,22,0.00,0.03,30,0,https://www.kloudbean.com/c-plus-plus-formatter-and-validator/,,126
compliance database check,Informational,40,26,0.00,0.33,37,0,https://www.kloudbean.com/data-privacy-compliance-checker/,,110
connect cmo summit,"Informational, Transactional",40,21,0.00,0.13,0,6,,https://wpvip.com/event/cmo-leadership-summit-october-25/,108
content delivery network wordpress,Informational,40,44,0.00,0.02,0,6,,https://wpvip.com/glossary/content-delivery-networks-cdns/,152
content funnel builders for b2b brands,"Commercial, Informational",40,9,0.00,0.00,0,13,,https://wpvip.com/resource/content-marketing-funnel-guide/,150
content marketing on a budget,Informational,40,21,0.00,0.33,0,3,,https://wpvip.com/resource/content-marketing-budget/,192
content security policy block all mixed content,Informational,40,23,0.00,0.03,0,66,,https://wpvip.com/blog/content-security-policy-guide/,149
content tagging system,Informational,40,10,0.00,0.00,0,14,,https://wpvip.com/blog/5-tagging-best-practices-content-strategy/,138
content-security-policy best practices,Commercial,40,37,6.80,0.14,0,13,,https://wpvip.com/blog/content-security-policy-guide/,132
content-security-policy examples,Informational,40,46,3.75,0.16,0,35,,https://wpvip.com/blog/content-security-policy-guide/,132
contentful vs strapi for enterprise use,Commercial,40,12,0.00,0.00,0,74,,https://wpvip.com/blog/10-best-enterprise-content-management-systems/,130
convert color hex to rgba,Informational,40,53,0.00,0.01,18,0,https://www.kloudbean.com/hex-to-rgb-rgba-converter/,,106
convert font web,Informational,40,44,0.00,0.33,17,0,https://www.kloudbean.com/webfont-generator/,,104
convert js to html,Informational,40,8,3.35,0.03,29,0,https://www.kloudbean.com/jsx-to-html-converter/,,104
convert json to java pojo online,Informational,40,17,0.00,0.02,18,0,https://www.kloudbean.com/json-to-pojo-converter/,,125
convert rbg to hex,Informational,40,55,0.00,0.33,30,0,https://www.kloudbean.com/rgb-to-hex-converter/,,106
convert rgb to hexadecimal,Informational,40,40,0.00,0.33,34,0,https://www.kloudbean.com/rgb-to-hex-converter/,,94
converting binary to hex,Informational,40,28,14.01,0.33,25,0,https://www.kloudbean.com/binary-to-hex-converter/,,114
cors checker,Informational,40,16,0.00,0.01,10,0,https://www.kloudbean.com/cors-tester/,,113
create c# class from json,Informational,40,20,0.00,0.03,26,0,https://www.kloudbean.com/json-to-c-class-converter/,,111
create class from json c#,Informational,40,24,0.00,0.03,35,0,https://www.kloudbean.com/json-to-c-class-converter/,,119
create table in html online,Informational,40,50,5.92,0.07,26,0,https://www.kloudbean.com/html-table-generator/,,108
create webfont,Informational,40,60,0.00,0.05,29,0,https://www.kloudbean.com/webfont-generator/,,125
csr creation tool,"Commercial, Informational",40,32,0.00,0.03,16,0,https://www.kloudbean.com/csr-certificate-signing-request-generator/,,109
csr creator,Informational,40,35,0.00,0.09,19,0,https://www.kloudbean.com/csr-certificate-signing-request-generator/,,107
csr generator tool,Informational,40,29,7.34,0.12,16,0,https://www.kloudbean.com/csr-certificate-signing-request-generator/,,109
css sprite generator,Informational,40,50,0.00,0.01,15,0,https://www.kloudbean.com/css-sprite-generator/,,2180000
css sprite sheet generator,Informational,40,50,0.00,0.01,18,0,https://www.kloudbean.com/css-sprite-generator/,,99
css to scss converter,Informational,40,22,0.00,0.33,8,0,https://www.kloudbean.com/css-to-scss-converter/,,84
current wordpress version february 2026,Informational,40,20,0.00,0.00,0,13,,https://customerhub.wpvip.com/platform-release-schedule/,152
custom enterprise cms,Informational,40,14,0.00,0.33,0,39,,https://wpvip.com/blog/10-best-enterprise-content-management-systems/,124
customer data integration cdi,Informational,40,20,0.00,0.06,0,34,,https://wpvip.com/glossary/what-is-customer-data-integration/,133
date formatter js,Informational,40,59,0.00,0.33,34,0,https://www.kloudbean.com/javascript-date-formatter/,,128
dcode caesar,"Navigational, Transactional",40,31,0.00,0.33,48,0,https://www.kloudbean.com/caesar-cipher-encoder-decoder/,,98
ddac conference,"Informational, Navigational",40,23,0.85,0.30,0,28,,https://wpvip.com/event/ddac24/,138
decode encrypted text,Informational,40,23,0.00,0.01,23,0,https://www.kloudbean.com/encryption-decryption-tool/,,120
decode tools,Informational,40,56,0.00,0.10,56,0,https://www.kloudbean.com/encryption-decryption-tool/,,108
decoupled website,Informational,40,20,0.00,0.02,0,4,,https://wpvip.com/resource/decoupled-wordpress/,112
decoupled wordpress,Informational,40,6,0.00,0.33,0,1,,https://wpvip.com/resources/ebooks/decoupled-wordpress/,126
decoupled wordpress hosting,Informational,40,10,0.00,0.00,0,1,,https://wpvip.com/resources/ebooks/decoupled-wordpress/,149
decryper,Informational,40,44,2.21,0.02,80,0,https://www.kloudbean.com/encryption-decryption-tool/,,118
decrypt encrypted string,Informational,40,27,0.00,0.33,31,0,https://www.kloudbean.com/encryption-decryption-tool/,,129
decrypt encrypted text online,Informational,40,34,0.00,0.02,14,0,https://www.kloudbean.com/encryption-decryption-tool/,,97
decrypt file online,Informational,40,7,0.00,0.03,71,0,https://www.kloudbean.com/encryption-decryption-tool/,,109
decrypt online free,Informational,40,28,0.00,0.05,10,0,https://www.kloudbean.com/encryption-decryption-tool/,,92
decrypt pass,Informational,40,6,0.00,0.01,69,0,https://www.kloudbean.com/encryption-decryption-tool/,,111
decrypt software,Informational,40,17,2.40,0.09,45,0,https://www.kloudbean.com/encryption-decryption-tool/,,137
decrypt text online,Informational,40,26,0.00,0.33,33,0,https://www.kloudbean.com/encryption-decryption-tool/,,90
decrypt website,Informational,40,68,0.00,0.01,12,0,https://www.kloudbean.com/encryption-decryption-tool/,,99
decrypting tool,Informational,40,51,0.00,0.02,33,0,https://www.kloudbean.com/encryption-decryption-tool/,,124
decryptor online,Informational,40,33,2.11,0.03,17,0,https://www.kloudbean.com/encryption-decryption-tool/,,98
dicrypt,Informational,40,46,3.53,0.33,26,0,https://www.kloudbean.com/encryption-decryption-tool/,,136
difference between wordpress and wp engine,Commercial,40,15,0.00,0.02,0,5,,https://wpvip.com/resource/wp-engine-vs-wordpress-vip/,134
digital experience platform components,Informational,40,27,0.00,0.00,0,41,,https://wpvip.com/glossary/digital-experience-platform/,140
digital platform experience,"Commercial, Informational",40,34,0.00,0.36,0,47,,https://wpvip.com/glossary/digital-experience-platform/,136
disney ddac,"Informational, Navigational",40,13,0.00,0.21,0,26,,https://wpvip.com/event/ddac24/,166
dns a record ttl,Informational,40,30,0.00,0.04,0,6,,https://docs.wpvip.com/domains/check-dns-record-time-to-live/,107
dns cache ttl,"Commercial, Informational",40,32,0.00,0.33,0,25,,https://docs.wpvip.com/domains/check-dns-record-time-to-live/,124
does answer engine optimization replace seo,Informational,40,-1,0.00,0.00,0,44,,https://wpvip.com/blog/aeo-vs-seo-answer-engine-optimization/,176
dxp marketing,Informational,40,15,0.00,0.24,0,37,,https://wpvip.com/glossary/digital-experience-platform/,106
dxp wordpress,Informational,40,11,0.00,0.10,0,1,,https://wpvip.com/glossary/digital-experience-platform/,119
elasticsearch for wordpress,Informational,40,29,8.07,0.15,0,11,,https://docs.wpvip.com/wordpress-on-vip/search-options/elasticsearch/,108
elasticsearch managed services,"Commercial, Informational",40,34,0.00,0.07,34,0,https://www.kloudbean.com/managed-databases-elasticsearch/,,140
elasticsearch woocommerce,Informational,40,15,0.00,0.24,0,15,,https://docs.wpvip.com/wordpress-on-vip/search-options/elasticsearch/,107
elasticsearch wordpress,Informational,40,30,8.07,0.15,0,6,,https://docs.wpvip.com/wordpress-on-vip/search-options/elasticsearch/,108
email vip,Informational,40,6,0.00,0.33,0,3,,https://docs.wpvip.com/wordpress-on-vip/email/,122
enable rest api wordpress,Informational,40,26,0.00,0.05,0,15,,https://docs.wpvip.com/wordpress-on-vip/wordpress-rest-api/,99
encrypt decrypt text online,Informational,40,35,0.00,0.02,23,0,https://www.kloudbean.com/encryption-decryption-tool/,,93
encrypt id,Informational,40,18,0.00,0.33,35,0,https://www.kloudbean.com/encryption-decryption-tool/,,127
encrypt password online,Commercial,40,36,2.38,0.15,18,0,https://www.kloudbean.com/encryption-decryption-tool/,,96
encrypt to decrypt software,Informational,40,31,3.36,0.05,36,0,https://www.kloudbean.com/encryption-decryption-tool/,,5770000
encrypted to decrypt,Informational,40,25,2.83,0.05,8,0,https://www.kloudbean.com/encryption-decryption-tool/,,125
encrypted translator,Informational,40,33,0.00,0.02,21,0,https://www.kloudbean.com/encryption-decryption-tool/,,98
enterprise cms comparison,Commercial,40,10,0.00,0.03,0,4,,https://wpvip.com/blog/10-best-enterprise-content-management-systems/,118
enterprise cms e-commerce crm erp integration 2025,Informational,40,9,0.00,0.00,0,87,,https://wpvip.com/blog/enterprise-cms/,233000
enterprise cms integration,"Commercial, Informational",40,19,0.00,0.00,0,28,,https://wpvip.com/blog/10-best-enterprise-content-management-systems/,95
enterprise cms open source,"Commercial, Informational",40,36,0.00,0.18,0,8,,https://wpvip.com/open-source-enterprise-cms/,155
enterprise cms platforms with strong developer flexibility,Commercial,40,11,0.00,0.00,0,40,,https://wpvip.com/blog/10-best-enterprise-content-management-systems/,180
enterprise content creation,Informational,40,30,0.00,0.33,0,42,,https://wpvip.com/blog/enterprise-content-management-strategy/,131
enterprise content management for small business,Informational,40,38,0.00,0.33,0,56,,https://wpvip.com/blog/enterprise-content-management-strategy/,185
enterprise content management software cost 2025,Informational,40,29,0.00,0.00,0,31,,https://wpvip.com/blog/10-best-enterprise-content-management-systems/,103
enterprise or custom cms,Informational,40,5,0.00,0.33,0,25,,https://wpvip.com/blog/headless-cms-for-enterprise/,155
enterprise scalability solutions for drupal,Informational,40,1,0.00,0.00,0,84,,https://wpvip.com/blog/wordpress-scalability/,151
enterprise search and information security,Informational,40,13,24.77,0.07,0,73,,https://wpvip.com/glossary/what-is-enterprise-search/,181
enterprise video content publishing,Informational,40,24,0.00,0.33,0,38,,https://wpvip.com/blog/enterprise-content-management-strategy/,139
erd diagram generator online,Informational,40,41,2.87,0.46,51,0,https://www.kloudbean.com/entity-relationship-diagram-generator/,,128
european accessibility act eaa 2025,Informational,40,32,0.00,0.33,0,59,,https://wpvip.com/blog/eu-accessibility-act-2025/,124
evaluate the digital publishing company wordpress on audience engagement,Informational,40,1,0.00,0.00,0,1,,https://wpvip.com/blog/digital-publishing-trends-media-guide/,1070000
evaluate the digital publishing company wordpress on digital publishing,Informational,40,16,0.00,0.00,0,7,,https://wpvip.com/resource/digital-publishing-trends-whitepaper/,31300000
evaluate the digital publishing company wordpress on multimedia content,Informational,40,17,0.00,0.00,0,2,,https://wpvip.com/blog/digital-publishing-trends-media-guide/,3670000
evaluate the prompt expansion company dx on headless cms,"Commercial, Informational",40,7,0.00,0.00,0,79,,https://wpvip.com/blog/10-best-enterprise-content-management-systems/,282000
evaluate the prompt expansion company insightful on wordpress hosting,Informational,40,11,0.00,0.00,0,14,,https://wpvip.com/resource/wp-engine-vs-wordpress-vip/,131000
evaluate the prompt expansion company onesignal on sms marketing,"Informational, Transactional",40,18,0.00,0.00,0,10,,https://wpvip.com/blog/six-questions-with-onesignal-on-using-push-notifications-to-keep-customers-engaged/,18300
evaluate the prompt expansion company vertafore on headless cms,Informational,40,20,0.00,0.00,0,23,,https://wpvip.com/resources/ebooks/headless-cms-guide/,1730
evaluate the public relations company wordpress on wordpress engine,Informational,40,0,0.00,0.00,0,69,,https://wpvip.com/partners/,6310000
evaluate the website development company wordpress.com on integrations,Informational,40,11,0.00,0.00,0,78,,https://docs.wpvip.com/integrations/,192
evaluate west operators on aeo content,Informational,40,3,0.00,0.00,0,100,,https://wpvip.com/blog/answer-engine-optimization-strategies/,162000
every.to cms,"Informational, Navigational",40,52,0.00,0.00,0,39,,https://wpvip.com/blog/ai-cms/,134
example.com a record 93.184.216.34,Informational,40,8,0.00,0.00,0,70,,https://docs.wpvip.com/domains/check-dns-record-time-to-live/,12600
faq sections aeo performance llms,Informational,40,13,0.00,0.00,0,36,,https://wpvip.com/blog/answer-engine-optimization-strategies/,190
fast headless wordpress hosting,Informational,40,22,0.00,0.00,0,6,,https://wpvip.com/headless-wordpress/,149
figma to generatepress,Informational,40,16,0.00,0.00,0,39,,https://wpvip.com/blog/figma-to-wordpress/,109
fivethirtyeight's,Informational,40,58,0.00,0.33,0,23,,https://wpvip.com/case-studies/fivethirtyeight-election-night/,50700
flexbox css generator,Informational,40,37,1.22,0.03,9,0,https://www.kloudbean.com/flexbox-generator/,,104
font-face generator,Informational,40,42,0.00,0.33,58,0,https://www.kloudbean.com/webfont-generator/,,107
format log file,Informational,40,29,0.00,0.33,69,0,https://www.kloudbean.com/log-format-standardizer/,,154
formatter typescript,Informational,40,23,0.00,0.01,31,0,https://www.kloudbean.com/typescript-formatter-and-validator/,,91
forrester conference 2026,Navigational,40,43,4.60,0.28,0,11,,https://wpvip.com/events/forrester-b2b-summit-2026/,95
fortune 500 companies enterprise content management systems,Informational,40,20,0.00,0.00,0,34,,https://wpvip.com/blog/10-best-enterprise-content-management-systems/,64800000
free host for python,Informational,40,24,0.00,0.71,42,0,https://www.kloudbean.com/python-hosting/,,96
free woocommerce hosting,"Commercial, Informational",40,43,6.56,0.78,34,0,https://www.kloudbean.com/woocommerce-hosting/,,115
generate c# class from json,Informational,40,23,0.00,0.01,24,0,https://www.kloudbean.com/json-to-c-class-converter/,,115
generate class from json c#,Informational,40,20,0.00,0.01,25,0,https://www.kloudbean.com/json-to-c-class-converter/,,89
generate random api key online,Informational,40,22,0.00,0.33,26,0,https://www.kloudbean.com/api-key-generator/,,80
generate regex from string,Informational,40,29,0.00,0.01,56,0,https://www.kloudbean.com/regex-pattern-generator/,,119
gitlab self hosted license,Navigational,40,28,0.00,0.33,42,0,https://www.kloudbean.com/gitlab-self-hosted/,,107
gitlab self-hosted,"Informational, Transactional",40,31,6.65,0.06,39,0,https://www.kloudbean.com/gitlab-self-hosted/,,105
go json to struct,Informational,40,20,0.00,0.02,31,0,https://www.kloudbean.com/json-to-go-struct-converter/,,106
google cloud for web hosting,Informational,40,46,17.24,0.17,32,0,https://www.kloudbean.com/google-managed-cloud-hosting/,,126
google showing author archive wordpress,Informational,40,9,0.00,0.00,0,16,,https://wpvip.com/blog/wordpress-archive-crawlers/,139
graphql beautify,Informational,40,16,0.00,0.04,15,0,https://www.kloudbean.com/graphql-formatter-and-validator/,,78
graphql prettify,Informational,40,6,0.00,0.07,17,0,https://www.kloudbean.com/graphql-formatter-and-validator/,,78
graphql validate,Informational,40,24,0.00,0.08,34,0,https://www.kloudbean.com/graphql-formatter-and-validator/,,107
graphql validation,Informational,40,32,0.00,0.08,44,0,https://www.kloudbean.com/graphql-formatter-and-validator/,,106
graphql visualization,Informational,40,18,3.13,0.08,8,0,https://www.kloudbean.com/graphql-schema-visualizer/,,151
graphqlplayground,Informational,40,18,4.60,0.04,56,0,https://www.kloudbean.com/graphql-playground/,,132
grb to hex,Informational,40,33,0.35,0.01,44,0,https://www.kloudbean.com/rgb-to-hex-converter/,,97
gridgenerator,"Commercial, Informational",40,39,2.54,0.02,28,0,https://www.kloudbean.com/css-grid-generator/,,123
gutenberg plugin news,Informational,40,35,0.00,0.00,0,10,,https://wpvip.com/wordpress-gutenberg/,108
hardening wordpress official documentation,Informational,40,16,0.00,0.00,0,40,,https://docs.wpvip.com/,105
headless cms guide,Informational,40,30,0.00,0.71,0,3,,https://wpvip.com/resource/headless-cms-guide/,120
headless hosting bundles with scalability,Informational,40,16,0.00,0.00,0,2,,https://wpvip.com/glossary/headless-content-management-systems/,166000
headless wordpres,Informational,40,35,15.67,0.25,0,3,,https://wpvip.com/headless-wordpress/,106
headless wordpress london,Informational,40,1,0.00,0.00,0,55,,https://wpvip.com/headless-wordpress/,253000
headless wordpress setup,Informational,40,-1,0.00,0.08,0,9,,https://wpvip.com/resource/headless-cms-guide/,100
headless wordpress woocommerce,Informational,40,16,0.00,0.33,0,38,,https://wpvip.com/headless-wordpress/,103
headless wordpress wpengine,"Informational, Navigational",40,-1,0.00,0.33,0,29,,https://wpvip.com/headless-wordpress/,105
hex to acsii,Informational,40,27,0.00,0.33,15,0,https://www.kloudbean.com/hex-to-ascii-converter/,,99
hex to ansii,Informational,40,39,7.97,0.33,15,0,https://www.kloudbean.com/hex-to-ascii-converter/,,107
hex to asciii,Commercial,40,20,0.00,0.33,16,0,https://www.kloudbean.com/hex-to-ascii-converter/,,102
hex to rba,Informational,40,49,0.00,0.33,17,0,https://www.kloudbean.com/hex-to-rgb-rgba-converter/,,91
hex to rbga,Informational,40,51,5.61,0.01,23,0,https://www.kloudbean.com/hex-to-rgb-rgba-converter/,,83
hex torgba,Informational,40,53,5.61,0.01,19,0,https://www.kloudbean.com/hex-to-rgb-rgba-converter/,,88
hexto ascii,Informational,40,-1,0.00,0.33,16,0,https://www.kloudbean.com/hex-to-ascii-converter/,,102
how can i decrypt a password,Informational,40,11,0.00,0.01,92,0,https://www.kloudbean.com/encryption-decryption-tool/,,157
how do i decrypt,Informational,40,34,0.00,0.01,18,0,https://www.kloudbean.com/encryption-decryption-tool/,,132
how do you decrypt a password,Informational,40,8,0.00,0.33,96,0,https://www.kloudbean.com/encryption-decryption-tool/,,169
how long does dns check take github,Informational,40,21,0.00,0.33,0,40,,https://docs.wpvip.com/domains/check-dns-record-time-to-live/,154
how many words for a blog post,Informational,40,35,0.00,0.20,0,20,,https://wpvip.com/blog/ideal-word-count/,151
how many words should a blog be,Informational,40,36,1.56,0.16,0,19,,https://wpvip.com/blog/ideal-word-count/,175
how to add users to wordpress,Informational,40,27,2.86,0.20,0,2,,https://docs.wpvip.com/manage-user-access/wordpress/,134
how to calculate subnetting,Informational,40,22,0.00,0.33,53,0,https://www.kloudbean.com/network-subnet-calculator/,,117
how to check for responsiveness,Informational,40,30,0.00,0.33,51,0,https://www.kloudbean.com/responsive-design-checker/,,200
how to create a playbook,Informational,40,24,3.45,0.07,77,0,https://www.kloudbean.com/ansible-playbook-generator/,,158
how to decrypt end to end encryption,Informational,40,39,0.00,0.01,50,0,https://www.kloudbean.com/encryption-decryption-tool/,,148
how to enable rest api in wordpress,Informational,40,21,0.00,0.08,0,13,,https://docs.wpvip.com/wordpress-on-vip/wordpress-rest-api/,130
how to sale website,Informational,40,25,3.66,0.38,43,0,https://pages.kloudbean.com/how-to-sell-a-website-7-steps-to-make-fast-sale/,,61
how to set content security policy,Informational,40,38,4.73,0.22,0,54,,https://wpvip.com/blog/content-security-policy-guide/,187
how to set strict transport security header,Informational,40,31,0.00,0.33,0,53,,https://docs.wpvip.com/tls/enable-hsts/,206
how to use cdn in wordpress,Informational,40,22,0.00,0.33,0,18,,https://wpvip.com/blog/wordpress-cdn/,158
hsts user roles,Informational,40,22,0.00,0.00,0,25,,https://docs.wpvip.com/tls/enable-hsts/,2150000
html list maker,Informational,40,12,0.00,0.03,6,0,https://www.kloudbean.com/html-list-generator/,,123
http cache control header,Informational,40,44,0.00,0.33,0,23,,https://docs.wpvip.com/caching/page-cache/customize-behavior/cache-control-headers/,115
http security header check,Informational,40,46,4.84,0.49,25,0,https://www.kloudbean.com/http-security-headers-analyzer/,,83
http stale while revalidate,Informational,40,31,0.00,0.33,0,22,,https://docs.wpvip.com/caching/page-cache/http-headers/stale-responses/,113
http_cache_control,Informational,40,49,0.00,0.01,0,25,,https://docs.wpvip.com/caching/page-cache/customize-behavior/cache-control-headers/,118
https cds connatix com,Informational,40,3,11.19,0.12,0,25,,https://wpvip.com/partner/connatix/,1090
huge acquia partner,Informational,40,18,0.00,0.00,0,59,,https://wpvip.com/wordpress-vip-vs-acquia/,33700
image cdn for wordpress,Informational,40,13,0.00,0.10,0,29,,https://wpvip.com/blog/wordpress-cdn/,131
image to app icon converter,Commercial,40,60,0.00,0.33,13,0,https://www.kloudbean.com/app-icon-generator/,,122
img filter,Informational,40,50,0.78,0.10,14,0,https://www.kloudbean.com/image-filter-generator/,,127
img/favicon.ico,"Informational, Transactional",40,78,0.00,0.33,25,0,https://www.kloudbean.com/favicon-ico-converter/,,125
in the vip com,Informational,40,30,0.00,0.33,0,6,,https://docs.wpvip.com/vip-local-development-environment/requirements/,276
incomplete or no cache control header set,Informational,40,22,0.00,0.00,0,31,,https://docs.wpvip.com/caching/page-cache/customize-behavior/cache-control-headers/,1140000
incorrect response please refresh the page,Informational,40,21,0.00,0.33,0,36,,https://docs.wpvip.com/caching/page-cache/http-headers/stale-responses/,129
index of wp content uploads ssn,Informational,40,0,0.00,0.00,0,85,,https://wpvip.com/blog/content-security-policy-guide/,210000
injection sql wordpress,Informational,40,6,0.00,0.01,0,5,,https://wpvip.com/blog/injection-vulnerabilities/,122
ip block wordpress,Informational,40,20,1.48,0.08,0,12,,https://docs.wpvip.com/security-controls/ip-restrictions/,125
ipv4 address regex,Informational,40,17,0.00,0.33,25,0,https://www.kloudbean.com/regex-for-ip-address-validation/,,42
is vip domain safe,Informational,40,13,0.00,0.08,0,8,,https://docs.wpvip.com/security/phishing/,106
is wordpress a saas,Informational,40,11,0.00,0.33,0,32,,https://wpvip.com/wordpress-vip-for-saas-cms/,108
is wordpress enterprise ready,Informational,40,14,0.00,0.00,0,4,,https://wpvip.com/,105
jetpack search,Navigational,40,28,6.25,0.16,0,7,,https://docs.wpvip.com/wordpress-on-vip/search-options/jetpack-search/,144
json c# class generator,Informational,40,22,0.00,0.01,27,0,https://www.kloudbean.com/json-to-c-class-converter/,,106
json schema online,Commercial,40,51,0.00,0.03,53,0,https://www.kloudbean.com/json-schema-generator/,,104
json to class c#,Informational,40,29,0.00,0.01,34,0,https://www.kloudbean.com/json-to-c-class-converter/,,113
json to java object conversion online,Commercial,40,26,0.00,0.33,15,0,https://www.kloudbean.com/json-to-pojo-converter/,,91
json to java pojo online converter,Commercial,40,16,0.00,0.33,16,0,https://www.kloudbean.com/json-to-pojo-converter/,,91
json to pojo converter,Commercial,40,20,0.00,0.01,11,0,https://www.kloudbean.com/json-to-pojo-converter/,,106
json to struct golang,Informational,40,23,0.00,0.01,32,0,https://www.kloudbean.com/json-to-go-struct-converter/,,82
kpis for comparing omnichannel media metrics attention scores,Informational,40,14,0.00,0.00,0,17,,https://wpvip.com/blog/content-marketing-kpis/,503000
latest php version january 2026,"Informational, Transactional",40,32,0.00,0.00,0,7,,https://customerhub.wpvip.com/lobby/2026/01/21/planning-your-2026-php-8-3-update/,118
leading content management systems for enterprises 2025,Commercial,40,22,0.00,0.00,0,52,,https://wpvip.com/blog/10-best-enterprise-content-management-systems/,138
levelaccess.com,Navigational,40,45,19.26,0.25,0,43,,https://wpvip.com/partner/level-access/,8790000
linode managed hosting,Commercial,40,29,0.00,0.33,9,0,https://www.kloudbean.com/linode-hosting/,,113
list of fedramp certified companies,"Commercial, Navigational",40,34,4.55,0.32,0,54,,https://wpvip.com/blog/wordpress-vip-is-fedramp-authorized/,126
log formatting,"Commercial, Informational",40,31,0.00,0.33,53,0,https://www.kloudbean.com/log-format-standardizer/,,128
login-live.blogbot.com,"Navigational, Transactional",40,12,0.00,0.33,0,15,,https://wpvip.com/blog/bot-fatigue-customer-trust/,9150
lonode,"Commercial, Navigational",40,33,7.48,0.32,28,0,https://www.kloudbean.com/linode-hosting/,,0
mariadb web hosting,Informational,40,22,5.25,0.12,25,0,https://www.kloudbean.com/managed-databases-mariadb/,,135
marketing content types,Informational,40,38,5.14,0.04,0,23,,https://wpvip.com/blog/8-types-of-content-marketing/,134
max age header,Informational,40,48,0.00,0.33,0,19,,https://docs.wpvip.com/caching/page-cache/customize-behavior/cache-control-headers/,104
mcp wordpress,Informational,40,35,3.65,0.19,0,16,,https://docs.wpvip.com/integrations/center/secure-mcp/wordpress-mcp/,103
meta data analyzer,Informational,40,64,3.45,0.11,43,0,https://www.kloudbean.com/exif-data-viewer/,,121
migration site web,Informational,40,49,13.11,0.12,0,5,,https://wpvip.com/glossary/website-migration/,130
minimal valid favicon.ico base64 1x1,Informational,40,20,0.00,0.00,32,0,https://www.kloudbean.com/favicon-ico-converter/,,4970
minimum word count for seo,Informational,40,25,0.00,0.13,0,23,,https://wpvip.com/blog/ideal-word-count/,133
mississippi wordpress management,Informational,40,3,0.00,0.00,0,31,,https://wpvip.com/wordpress-management/,1820000
mobile responsive website checker,Commercial,40,42,3.11,0.25,13,0,https://www.kloudbean.com/responsive-design-checker/,,128
mock api response,Informational,40,22,3.68,0.19,49,0,https://www.kloudbean.com/mock-api-response-generator/,,127
most popular cms platforms 2026,"Commercial, Informational",40,27,0.00,0.00,0,26,,https://wpvip.com/blog/10-best-enterprise-content-management-systems/,201
most secure content management platform for regulated industries 2025,Informational,40,17,0.00,0.00,0,25,,https://wpvip.com/blog/10-best-enterprise-content-management-systems/,269000000
mu plugin,Informational,40,37,0.00,0.33,0,7,,https://docs.wpvip.com/vip-go-mu-plugins/,102
multisite hosting,Informational,40,38,0.00,0.14,0,45,,https://wpvip.com/blog/wordpress-multisite/,153
mycommerce digital river,Informational,40,16,5.08,0.16,0,29,,https://wpvip.com/blog/six-questions-with-digital-river/,97
mysql 8.0 to 8.4 changes,Informational,40,21,0.00,0.04,0,32,,https://customerhub.wpvip.com/lobby/2026/02/18/mysql-update-from-8-0-40-to-8-4-8/,107
mysql validator,Informational,40,26,0.00,0.04,32,0,https://www.kloudbean.com/sql-formatter-and-validator/,,94
n8n_user_management_disabled,Navigational,40,17,0.00,0.33,5,0,https://support.kloudbean.com/docs/ai-tools/n8n/,,108
ndecrypt,"Informational, Navigational",40,19,3.53,0.33,26,0,https://www.kloudbean.com/encryption-decryption-tool/,,0
need fastest fedramp certification services for our cloud company urgently,Informational,40,26,0.00,0.00,0,25,,https://wpvip.com/blog/wordpress-vip-is-fedramp-authorized/,43700
new relic user types,Navigational,40,27,0.00,0.15,0,11,,https://docs.wpvip.com/manage-user-access/new-relic/,0
nexcess alternative,Informational,40,15,0.00,0.17,6,0,https://www.kloudbean.com/kloudbean-vs-nexcess/,,97
non-production environment synchronization,Informational,40,9,0.00,0.00,0,1,,https://docs.wpvip.com/databases/data-sync/,112000000
omnichannel content management system,Informational,40,14,0.00,0.00,0,3,,https://wpvip.com/blog/omnichannel-content-management/,158
ondot systems digital experience platform,Informational,40,-1,0.00,0.00,0,66,,https://wpvip.com/glossary/digital-experience-platform/,7680
one of the advantages to wordpress being open source is,Informational,40,10,0.00,0.33,0,6,,https://wpvip.com/blog/how-open-source-software-benefits-businesses/,164
onesignal product suite features,"Informational, Navigational",40,23,0.00,0.00,0,26,,https://wpvip.com/blog/six-questions-with-onesignal-on-using-push-notifications-to-keep-customers-engaged/,134000
onetrust wordpress,Informational,40,10,0.00,0.29,0,4,,https://wpvip.com/partner/onetrust-preferencechoice/,107
online decripter,Informational,40,51,2.11,0.03,50,0,https://www.kloudbean.com/encryption-decryption-tool/,,105
online entity relationship diagram generator,Informational,40,43,2.87,0.46,54,0,https://www.kloudbean.com/entity-relationship-diagram-generator/,,156
online html table maker,Informational,40,34,0.00,0.03,24,0,https://www.kloudbean.com/html-table-generator/,,113
online publishing trends,Informational,40,16,0.00,0.33,0,6,,https://wpvip.com/blog/digital-publishing-trends-media-guide/,133
open source enterprise cms,Informational,40,62,0.00,0.18,0,15,,https://wpvip.com/open-source-enterprise-cms/,158
openwebui cloud,Navigational,40,29,0.00,0.29,25,0,https://support.kloudbean.com/docs/ai-tools/openwebui/,,103
optimal word count for blog post,Informational,40,32,0.00,0.25,0,17,,https://wpvip.com/blog/ideal-word-count/,144
optimizing existing website content for aeo,Informational,40,29,0.00,0.00,0,20,,https://wpvip.com/blog/answer-engine-optimization-strategies/,175
p i m i m,Informational,40,19,0.00,0.33,0,59,,https://wpvip.com/glossary/product-information-management/,19700
parse.ly dashboard,Informational,40,23,9.62,0.04,0,13,,https://learn.wpvip.com/parsely/,108
parsely ai,Navigational,40,35,2.89,0.31,0,3,,https://wpvip.com/blog/parsely-sage-ai-editorial-intelligence/,116
password decrypter online,Informational,40,40,0.00,0.01,49,0,https://www.kloudbean.com/encryption-decryption-tool/,,98
pbkdf2 decrypt,Informational,40,10,0.00,0.33,27,0,https://www.kloudbean.com/pbkdf2-hash-generator/,,105
pentest wordpress,Informational,40,23,15.22,0.57,0,18,,https://docs.wpvip.com/security/penetration-testing/,126
percentage of websites using wordpress 2026,Informational,40,42,0.00,0.00,0,61,,https://wpvip.com/blog/website-roi-why-websites-matter-2026/,135
permissions matrix,Informational,40,8,5.78,0.01,29,0,https://www.kloudbean.com/permission-matrix-generator/,,132
persistent object cache wordpress,Informational,40,5,3.82,0.11,0,7,,https://docs.wpvip.com/caching/object-cache/,102
personalization of content,Informational,40,27,5.16,0.02,0,14,,https://wpvip.com/blog/content-personalization/,131
php 8.3 release date,Informational,40,62,0.00,0.33,0,26,,https://customerhub.wpvip.com/lobby/2026/01/21/planning-your-2026-php-8-3-update/,108
php code formatter,Informational,40,28,0.00,0.03,37,0,https://www.kloudbean.com/php-formatter-and-validator/,,95
php headless cms,Informational,40,11,0.00,0.39,0,50,,https://wpvip.com/resource/headless-cms-guide/,156
php security update today 2025,Informational,40,26,0.00,0.00,0,10,,https://customerhub.wpvip.com/lobby/2024/12/17/planning-your-2025-php-8-2-update/,111
phpcs exclude pattern,Informational,40,13,0.00,0.00,0,16,,https://docs.wpvip.com/vip-code-analysis-bot/customize-phpcs/,111
pim benefits,Informational,40,16,0.00,0.01,0,36,,https://wpvip.com/blog/pim-benefits-and-use-cases/,140
pim define,Informational,40,33,2.77,0.04,0,90,,https://wpvip.com/glossary/product-information-management/,130
pim for marketing,Informational,40,31,8.16,0.23,0,49,,https://wpvip.com/blog/pim-benefits-and-use-cases/,137
pim product management,Informational,40,37,17.69,0.37,0,48,,https://wpvip.com/blog/pim-benefits-and-use-cases/,130
pim wordpress,Informational,40,4,0.00,0.50,0,1,,https://wpvip.com/glossary/product-information-management/,132
plan with tan vip login,"Navigational, Transactional",40,23,0.00,0.33,0,65,,https://docs.wpvip.com/vip-dashboard/vip-dashboard-log-in/,166
pojo to json converter online,Informational,40,12,0.00,0.02,13,0,https://www.kloudbean.com/json-to-pojo-converter/,,90
pollyfill io,Informational,40,23,0.00,0.01,0,14,,https://wpvip.com/blog/polyfill-io-malware/,117
popular cms platforms,Commercial,40,37,7.45,0.42,0,53,,https://wpvip.com/blog/10-best-enterprise-content-management-systems/?itm_source=parsely-api,123
post_in,Informational,40,36,0.00,0.33,0,5,,https://docs.wpvip.com/databases/optimize-queries/using-post__not_in/,106
product information management benefits,Informational,40,15,0.00,0.33,0,1,,https://wpvip.com/blog/pim-benefits-and-use-cases/,138
product information management capabilities,Informational,40,28,0.00,0.33,0,31,,https://wpvip.com/blog/pim-benefits-and-use-cases/,143
product information management for retail,Informational,40,32,0.00,0.33,0,28,,https://wpvip.com/blog/pim-benefits-and-use-cases/,188
product information management retail,Informational,40,32,0.00,0.33,0,44,,https://wpvip.com/blog/pim-benefits-and-use-cases/,142
product information management trends,Informational,40,29,0.00,0.33,0,57,,https://wpvip.com/blog/pim-benefits-and-use-cases/,137
production information management market,Informational,40,35,26.99,0.14,0,67,,https://wpvip.com/blog/pim-benefits-and-use-cases/,143
public key decoder,Informational,40,40,0.00,0.33,69,0,https://www.kloudbean.com/ssl-certificate-decoder/,,94
python hex to ascii,Informational,40,19,0.00,0.33,23,0,https://www.kloudbean.com/hex-to-ascii-converter/,,114
python validate,Informational,40,30,2.69,0.10,26,0,https://www.kloudbean.com/python-formatter-and-validator/,,113
rate limit checker,Informational,40,27,0.00,0.05,43,0,https://www.kloudbean.com/api-rate-limiting-calculator/,,125
recurrent media,Navigational,40,29,0.00,0.33,0,5,,https://wpvip.com/case-studies/recurrent-ventures/,73
regex for ipv4,Informational,40,20,0.00,0.33,26,0,https://www.kloudbean.com/regex-for-ip-address-validation/,,107
regex for ipv4 address,Informational,40,25,0.00,0.33,30,0,https://www.kloudbean.com/regex-for-ip-address-validation/,,50
regex for password,Informational,40,31,0.00,0.33,24,0,https://www.kloudbean.com/regex-for-password-validation/,,113
regex ipv4 address,Informational,40,16,0.00,0.33,36,0,https://www.kloudbean.com/regex-for-ip-address-validation/,,106
regular expression explainer,Informational,40,67,0.00,0.33,25,0,https://www.kloudbean.com/regex-explainer/,,107
regular expression for password validation,Informational,40,19,0.00,0.33,37,0,https://www.kloudbean.com/regex-for-password-validation/,,102
responsive web design tester,Informational,40,50,4.17,0.10,27,0,https://www.kloudbean.com/responsive-design-checker/,,115
responsive website tester,Commercial,40,55,3.29,0.17,35,0,https://www.kloudbean.com/responsive-design-checker/,,113
responsiveness test,Informational,40,55,3.67,0.10,34,0,https://www.kloudbean.com/responsive-design-checker/,,120
rest api doc generator,Informational,40,76,17.17,0.20,26,0,https://www.kloudbean.com/rest-api-documentation-generator/,,129
rest api generate documentation,Informational,40,27,17.17,0.20,21,0,https://www.kloudbean.com/rest-api-documentation-generator/,,134
rest api wordpress plugin,Informational,40,33,0.00,0.33,0,51,,https://docs.wpvip.com/wordpress-on-vip/wordpress-rest-api/,131
rest documentation generator,Informational,40,69,17.17,0.20,23,0,https://www.kloudbean.com/rest-api-documentation-generator/,,133
rest documentation tools,"Commercial, Informational",40,26,17.17,0.20,39,0,https://www.kloudbean.com/rest-api-documentation-generator/,,133
restrict wp admin by ip,Informational,40,7,0.00,0.33,0,5,,https://docs.wpvip.com/security-controls/ip-restrictions/,132
reverse proxy testing,Informational,40,4,0.00,0.33,0,3,,https://docs.wpvip.com/reverse-proxy/test/,131
reverse proxy wpengine,Informational,40,37,0.00,0.33,0,20,,https://docs.wpvip.com/reverse-proxy/,105
robots txt wp,Informational,40,21,2.53,0.33,0,2,,https://docs.wpvip.com/security-controls/robots-txt/,124
rockset rollups ingest_query wrap_query,Informational,40,17,0.00,0.00,0,7,,https://docs.wpvip.com/enterprise-search/enable-non-search-queries/,377
roi of content management platforms,Informational,40,2,0.00,0.00,0,7,,https://wpvip.com/resource/content-marketing-roi/,172
rror establishing a database connection,Informational,40,25,0.52,0.06,70,0,https://www.kloudbean.com/how-to-resolve-the-error-establishing-a-database-connection-issue-in-wordpress-with-kloudbean-hosting/,,150
rtwinc.vip products website,Informational,40,0,0.00,0.00,0,8,,https://docs.wpvip.com/vip-support/vip-product-feedback/,71000
ruby formatter,Commercial,40,32,0.00,0.33,25,0,https://www.kloudbean.com/ruby-formatter-and-validator/,,89
run langflow,"Informational, Navigational",40,41,0.00,0.33,46,0,https://www.kloudbean.com/langflow-self-hosted/,,106
run langflow locally,Informational,40,32,0.00,0.33,38,0,https://www.kloudbean.com/langflow-self-hosted/,,70400
scalable wordpress host,Informational,40,20,0.00,0.03,0,15,,https://wpvip.com/blog/wordpress-scalability/,150
scale wordpress,Informational,40,23,0.00,0.06,0,10,,https://wpvip.com/blog/wordpress-scalability/,102
security headers scanner,Commercial,40,34,6.35,0.50,37,0,https://www.kloudbean.com/http-security-headers-analyzer/,,149
serve static assets with an efficient cache policy wordpress,Informational,40,8,0.00,0.33,0,24,,https://docs.wpvip.com/caching/static-asset-caching/,130
server health,Informational,40,21,8.63,0.41,41,0,https://support.kloudbean.com/docs/server-management/monitoring-server-health/,,126
sicheres wordpress hosting,Informational,40,50,0.00,0.00,0,14,,https://wpvip.com/blog/secure-wordpress-hosting/,135000
single sign on wordpress,Informational,40,21,16.76,0.18,0,3,,https://docs.wpvip.com/security-controls/wordpress/sso/,10
sitecore to wordpress migration developers,Informational,40,5,0.00,0.00,0,43,,https://wpvip.com/resource/sitecore-vs-wordpress-vip/,151
sitecore wordpress,Informational,40,2,0.00,0.33,0,2,,https://wpvip.com/resource/sitecore-vs-wordpress-vip/,35
sitelets wordpress multisite plugin features,Informational,40,17,0.00,0.00,0,15,,https://wpvip.com/blog/wordpress-multisite/,483
splash page generator,Commercial,40,66,4.95,0.05,48,0,https://www.kloudbean.com/splash-screen-generator/,,135
splash scree,Informational,40,33,2.08,0.01,29,0,https://www.kloudbean.com/splash-screen-generator/,,134
splash screen icon generator,Commercial,40,32,0.00,0.00,25,0,https://www.kloudbean.com/splash-screen-generator/,,113
sql injection on wordpress,Informational,40,9,0.00,0.01,0,8,,https://wpvip.com/blog/injection-vulnerabilities/,122
ssh key generate online,Informational,40,19,0.00,0.01,49,0,https://www.kloudbean.com/ssh-key-generator/,,97
ssl certificate request generator,Informational,40,39,7.69,0.08,13,0,https://www.kloudbean.com/csr-certificate-signing-request-generator/,,127
stat test calculator,Informational,40,42,0.00,0.33,53,0,https://www.kloudbean.com/statistical-significance-calculator/,,132
subnet rechner,Informational,40,55,0.00,0.33,42,0,https://www.kloudbean.com/network-subnet-calculator/,,110
supabase self hosted multiple projects,Informational,40,2,0.00,0.33,12,0,https://www.kloudbean.com/supabase-self-hosted/,,119
support.wordpress.com,Navigational,40,31,5.80,0.06,0,35,,https://wpvip.com/contact/,201000000
table creator online html,Informational,40,44,5.92,0.07,26,0,https://www.kloudbean.com/html-table-generator/,,75
tagging data,Informational,40,17,0.00,0.02,0,38,,https://wpvip.com/blog/5-tagging-best-practices-content-strategy/,134
tagging method,Informational,40,13,0.00,0.33,0,27,,https://wpvip.com/blog/5-tagging-best-practices-content-strategy/,123
tagging websites,Informational,40,17,3.31,0.03,0,15,,https://wpvip.com/blog/5-tagging-best-practices-content-strategy/,120
test of significance calculator,Informational,40,35,0.00,0.01,48,0,https://www.kloudbean.com/statistical-significance-calculator/,,141
test webhook online,Informational,40,34,4.56,0.19,47,0,https://www.kloudbean.com/webhook-tester/,,115
tools analytics for online reading list,Informational,40,5,0.00,0.00,0,94,,https://wpvip.com/blog/web-analytics-software-tools/,2050000000
tools that support simultaneous editing and version control for posts,Informational,40,27,0.00,0.00,0,11,,https://wpvip.com/blog/collaborative-editing-wordpress-vip/,195
top api-first headless cms platforms with granular permissions,Commercial,40,7,0.00,0.00,0,39,,https://wpvip.com/blog/headless-cms-for-enterprise/,180
top cms platforms for enterprise digital transformation 2025,Commercial,40,9,0.00,0.00,0,29,,https://wpvip.com/blog/10-best-enterprise-content-management-systems/,160
top enterprise cms platforms,Commercial,40,21,0.00,0.06,0,22,,https://wpvip.com/blog/10-best-enterprise-content-management-systems/,128
ttl dns meaning,Informational,40,25,0.00,0.01,0,43,,https://docs.wpvip.com/domains/check-dns-record-time-to-live/,120
ttl for dns,"Commercial, Informational",40,36,2.61,0.01,0,8,,https://docs.wpvip.com/domains/check-dns-record-time-to-live/,119
ul li generator,Informational,40,0,0.00,0.33,6,0,https://www.kloudbean.com/html-list-generator/,,96
unicode decode online,Informational,40,43,0.00,0.33,14,0,https://www.kloudbean.com/unicode-encoder-decoder/,,76
upcload,"Navigational, Transactional",40,28,9.86,0.08,21,0,https://www.kloudbean.com/upcloud-managed-cloud-hosting/,,106
validator java,Informational,40,24,2.33,0.05,34,0,https://www.kloudbean.com/java-formatter-and-validator/,,108
vip on the web,Informational,40,8,7.22,0.05,0,34,,https://docs.wpvip.com/vip-dashboard/vip-dashboard-log-in/,105
vip.mobi,Informational,40,14,0.00,0.33,0,38,,https://wpvip.com/,126000
vipbot,Navigational,40,28,1.54,0.33,0,6,,https://docs.wpvip.com/vip-code-analysis-bot/,107
vipsupport,Informational,40,7,0.00,0.02,0,12,,https://customerhub.wpvip.com/lobby/2025/07/24/faster-answers-smarter-support-introducing-the-vip-support-ai-agent/,104
volume mounts,Informational,40,23,0.00,0.33,47,0,https://www.kloudbean.com/volume-mount-configuration/,,191
vortex needs access to a file that is write protected,Informational,40,20,0.00,0.33,0,32,,https://docs.wpvip.com/security-controls/access-controlled-files/,155
vultr managed hosting,"Informational, Transactional",40,22,0.00,0.33,19,0,https://www.kloudbean.com/vultr-hosting/,,127
wcag 3.0 current status 2026,Informational,40,33,0.00,0.00,0,89,,https://wpvip.com/blog/ada-website-accessibility-deadline-2026/,159
wcag april 2026,Informational,40,-1,3.65,0.14,0,52,,https://wpvip.com/blog/ada-website-accessibility-deadline-2026/,118
web analytics framework,Informational,40,42,0.00,0.33,0,57,,https://wpvip.com/blog/web-analytics-software-tools/,163
web analytics tools comparison 2017,Commercial,40,16,0.00,0.33,0,2,,https://wpvip.com/blog/web-analytics-software-tools/,751000000
web analytics tools list,Informational,40,29,0.00,0.33,0,6,,https://wpvip.com/blog/web-analytics-software-tools/,127
web insights analytics tool,Commercial,40,23,0.00,0.00,0,20,,https://wpvip.com/blog/web-analytics-software-tools/,132
webdev studios,Navigational,40,44,7.24,0.19,0,13,,https://wpvip.com/partner/webdevstudios/,0
webhooktest,Informational,40,19,5.03,0.08,42,0,https://www.kloudbean.com/webhook-tester/,,121
websocket server for testing,Informational,40,28,0.00,0.33,27,0,https://www.kloudbean.com/websocket-tester/,,125
websockets testing,Informational,40,34,7.11,0.03,55,0,https://www.kloudbean.com/websocket-tester/,,131
websockettest,Informational,40,41,7.11,0.03,26,0,https://www.kloudbean.com/websocket-tester/,,117
what does a pim do,Informational,40,33,5.82,0.18,0,76,,https://wpvip.com/blog/pim-benefits-and-use-cases/,181
what does dxp mean,Informational,40,25,0.00,0.33,0,27,,https://wpvip.com/glossary/digital-experience-platform/,133
what does it mean to migrate a website,Informational,40,20,2.41,0.30,0,8,,https://wpvip.com/glossary/website-migration/,166
what is a dxp platform,Informational,40,26,14.84,0.34,0,51,,https://wpvip.com/glossary/digital-experience-platform/,144
what is a good word count for a blog post,Informational,40,34,0.00,0.21,0,13,,https://wpvip.com/blog/ideal-word-count/,154
what is a headless content management system,Informational,40,48,5.26,0.50,0,60,,https://wpvip.com/glossary/headless-content-management-systems/,175
what is a headless wordpress,Informational,40,29,0.00,0.33,0,5,,https://wpvip.com/resource/headless-cms-guide/,139
what is aeo like seo,Informational,40,25,0.00,0.48,0,19,,https://wpvip.com/blog/aeo-vs-seo-answer-engine-optimization/,173
what is cache stampede,Informational,40,38,0.00,0.01,0,21,,https://wpvip.com/blog/wordpress-caching/,111
what is connatix.com,Informational,40,11,0.00,0.02,0,39,,https://wpvip.com/partner/connatix/,106
what is content tagging,Informational,40,11,0.00,0.33,0,13,,https://wpvip.com/blog/5-tagging-best-practices-content-strategy/,136
what is higher than vip,Informational,40,22,0.00,0.33,0,16,,https://wpvip.com/resource/wp-engine-vs-wordpress-vip/,155000000
what is object caching,Informational,40,24,0.00,0.03,0,5,,https://docs.wpvip.com/caching/object-cache/,122
what is personal information management software,Informational,40,12,3.90,0.08,0,66,,https://wpvip.com/blog/pim-benefits-and-use-cases/,198
what is website analytics software,Informational,40,44,0.00,0.00,0,35,,https://wpvip.com/blog/web-analytics-software-tools/,145
what is xmlrpc.php,Informational,40,30,0.00,0.04,0,15,,https://docs.wpvip.com/security-controls/wordpress/xml-rpc/,129
where is robots.txt in wordpress,Informational,40,27,0.00,0.09,0,1,,https://docs.wpvip.com/security-controls/robots-txt/,1410000
why is google showing up as referral traffic,Informational,40,25,0.00,0.00,0,15,,https://wpvip.com/blog/google-traffic-referral-sources/,131
why open source is good,Informational,40,38,0.00,0.33,0,19,,https://wpvip.com/blog/how-open-source-software-benefits-businesses/,151
why open source software,Informational,40,42,0.00,0.33,0,23,,https://wpvip.com/blog/how-open-source-software-benefits-businesses/,130
woocommerce block ip address,Informational,40,14,0.00,0.33,0,37,,https://docs.wpvip.com/security-controls/ip-restrictions/,106
woocommerce caching,Informational,40,15,0.00,0.33,0,24,,https://docs.wpvip.com/plugins/woocommerce/caching-for-woocommerce/,100
word count for blog posts,Informational,40,35,0.00,0.04,0,13,,https://wpvip.com/blog/ideal-word-count/,154
word press classes,Commercial,40,66,2.96,0.42,0,19,,https://learn.wpvip.com/,106
wordpress 5.9 release date,Informational,40,-1,0.00,0.33,0,17,,https://customerhub.wpvip.com/platform-release-schedule/,40
wordpress 6.5 brand-new plugin capabilities,Informational,40,2,0.00,0.00,0,16,,https://wpvip.com/blog/wordpress-6-5/,149
wordpress 6.6.2 release notes september 2025,Informational,40,0,0.00,0.00,0,11,,https://customerhub.wpvip.com/lobby/2024/09/10/wordpress-6-6-2-maintenance-release/,1320
wordpress 6.6.2 release september 2025,Informational,40,4,0.00,0.00,0,15,,https://customerhub.wpvip.com/lobby/2024/09/10/wordpress-6-6-2-maintenance-release/,111
wordpress 6.7,"Informational, Transactional",40,26,0.00,0.07,0,17,,https://wpvip.com/blog/wordpress-6-7/,104
wordpress 6.7 release candidate,Informational,40,18,0.00,0.00,0,14,,https://wpvip.com/blog/wordpress-6-7/,105
wordpress 6.7 release date 2025 news,Informational,40,18,0.00,0.00,0,29,,https://customerhub.wpvip.com/platform-release-schedule/,105
wordpress 6.7 released news,Informational,40,10,0.00,0.00,0,6,,https://wpvip.com/blog/wordpress-6-7/,102
wordpress 7.0 release date features 2026,Informational,40,13,0.00,0.00,0,24,,https://customerhub.wpvip.com/lobby/2026/04/23/wordpress-7-0-new-release-timeline/,99
wordpress accesibility,Commercial,40,41,4.15,0.44,0,10,,https://wpvip.com/blog/wordpress-accessibility/,104
wordpress agency partner,Informational,40,14,0.00,0.71,0,1,,https://wpvip.com/partners/service-partners/,133
wordpress ai news,"Informational, Transactional",40,50,0.00,0.00,0,2,,https://wpvip.com/artificial-intelligence/,107
wordpress api endpoint,Informational,40,28,0.00,0.04,0,4,,https://docs.wpvip.com/wordpress-on-vip/wordpress-rest-api/,108
wordpress asset management,Informational,40,9,16.88,0.66,0,3,,https://wpvip.com/glossary/digital-asset-management/,104
wordpress call center gamification,Informational,40,0,0.00,0.00,0,59,,https://wpvip.com/partners/technology-partners/,270000
wordpress classes orlando,Informational,40,6,0.00,0.33,0,43,,https://learn.wpvip.com/,134
wordpress com paid plans,"Navigational, Transactional",40,50,0.00,0.05,0,22,,https://wpvip.com/pricing/,105
wordpress com premium plan,"Informational, Transactional",40,35,4.36,0.09,0,28,,https://wpvip.com/,105
wordpress command palette,Informational,40,27,0.00,0.03,0,12,,https://customerhub.wpvip.com/lobby/2026/05/22/new-feature-command-palette-in-vip-dashboard/,103
wordpress cron php,Informational,40,35,0.00,0.04,0,17,,https://docs.wpvip.com/wordpress-on-vip/cron-control/,106
wordpress database cache,Informational,40,20,0.00,0.33,0,5,,https://docs.wpvip.com/caching/query-cache/,98
wordpress db backup,Informational,40,23,0.77,0.06,0,4,,https://docs.wpvip.com/databases/backups/,105
wordpress developer training,Commercial,40,66,0.00,0.06,0,6,,https://learn.wpvip.com/,153
wordpress development for enterprise,Informational,40,-1,0.00,0.33,0,36,,https://wpvip.com/,99
wordpress enterprise website development agency,Informational,40,12,13.64,0.06,0,63,,https://wpvip.com/partners/,166
wordpress esc_html function documentation,Informational,40,20,0.00,0.00,0,14,,https://docs.wpvip.com/security/validating-sanitizing-and-escaping/,108
wordpress failed to import media,Informational,40,9,0.00,0.07,0,27,,https://docs.wpvip.com/vip-file-system/import-media-files/,121
wordpress for large scale sites,Informational,40,-1,0.00,0.36,0,22,,https://wpvip.com/blog/wordpress-scalability/,121
wordpress graphql,Informational,40,43,0.00,0.05,0,4,,https://wpvip.com/blog/wp-graphql-pros-and-cons-wordpress/,108
wordpress gutenberg plugin,Informational,40,21,1.91,0.10,0,6,,https://wpvip.com/wordpress-gutenberg/,118
wordpress hardening guide official docs,Informational,40,17,0.00,0.00,0,39,,https://docs.wpvip.com/,111
wordpress hosting premium,Transactional,40,89,24.62,0.03,0,63,,https://wpvip.com/pricing/,133
wordpress hosting secure,Informational,40,48,20.18,0.10,0,11,,https://wpvip.com/blog/secure-wordpress-hosting/,144
wordpress image cdn,Informational,40,14,0.00,0.16,0,33,,https://wpvip.com/blog/wordpress-cdn/,132
wordpress minimum php version 2026,Informational,40,7,0.00,0.00,0,29,,https://customerhub.wpvip.com/lobby/2026/01/21/planning-your-2026-php-8-3-update/,39
wordpress multiple domains,Informational,40,25,0.00,0.16,0,9,,https://docs.wpvip.com/domains/multiple-domains/,106
wordpress multisites,Informational,40,34,19.07,0.30,0,5,,https://wpvip.com/glossary/wordpress-multisite/,106
wordpress myths,Informational,40,14,0.00,0.33,0,3,,https://wpvip.com/blog/wordpress-myths/,130
wordpress object caching,Informational,40,25,0.00,0.01,0,2,,https://docs.wpvip.com/caching/object-cache/,100
wordpress pim,Informational,40,2,0.00,0.50,0,2,,https://wpvip.com/glossary/product-information-management/,135
wordpress pim plugin,Informational,40,1,0.00,0.33,0,6,,https://wpvip.com/glossary/product-information-management/,137
wordpress plugin integration,Informational,40,31,0.00,0.33,0,6,,https://wpvip.com/wordpress-ecosystem/,105
wordpress plugin redirection,Informational,40,30,0.73,0.33,0,37,,https://docs.wpvip.com/redirects/wordpress-plugins/,115
wordpress plugin rest api,Informational,40,39,0.00,0.33,0,22,,https://docs.wpvip.com/wordpress-on-vip/wordpress-rest-api/,105
wordpress premium plan,"Informational, Transactional",40,53,11.83,0.21,0,32,,https://wpvip.com/pricing/,107
wordpress redirect plugins,Informational,40,23,0.73,0.33,0,17,,https://docs.wpvip.com/redirects/wordpress-plugins/,97
wordpress redirect_canonical function documentation,Informational,40,16,0.00,0.00,0,12,,https://docs.wpvip.com/redirects/,106
wordpress release,Navigational,40,35,0.00,0.02,0,3,,https://customerhub.wpvip.com/platform-release-schedule/,109
wordpress rest api endpoints,Informational,40,33,0.00,0.33,0,3,,https://docs.wpvip.com/wordpress-on-vip/wordpress-rest-api/,107
wordpress rest api plugin,Informational,40,35,0.00,0.02,0,27,,https://docs.wpvip.com/wordpress-on-vip/wordpress-rest-api/,107
wordpress rest api tutorial,Informational,40,36,0.00,0.33,0,65,,https://docs.wpvip.com/wordpress-on-vip/wordpress-rest-api/,107
wordpress restrict file access,Informational,40,16,0.00,0.00,0,13,,https://docs.wpvip.com/security-controls/access-controlled-files/,104
wordpress reverse proxy,Informational,40,35,0.00,0.01,0,3,,https://docs.wpvip.com/reverse-proxy/,101
wordpress scalable hosting,Informational,40,16,0.00,0.02,0,12,,https://wpvip.com/blog/wordpress-scalability/,153
wordpress scams,Informational,40,8,3.58,0.02,0,9,,https://docs.wpvip.com/security/phishing/,128
wordpress security news september 2025,Informational,40,7,0.00,0.00,0,59,,https://customerhub.wpvip.com/lobby-category/software-updates/security/,6060000
wordpress services for agencies,Informational,40,19,0.00,0.00,0,10,,https://wpvip.com/partners/service-partners/,37
wordpress set domain in wp config,Informational,40,19,0.00,0.00,0,53,,https://docs.wpvip.com/domains/map-a-domain/,144
wordpress sitecore,Informational,40,5,0.00,0.07,0,2,,https://wpvip.com/resource/sitecore-vs-wordpress-vip/,103
wordpress slow database queries,Informational,40,12,0.00,0.33,0,6,,https://docs.wpvip.com/databases/optimize-queries/identify-slow-queries/,132
wordpress speed up database queries,Informational,40,25,0.00,0.33,0,30,,https://docs.wpvip.com/databases/optimize-queries/,133
wordpress srcset,Informational,40,14,0.00,0.33,0,3,,https://docs.wpvip.com/vip-file-system/image-files/responsive-images/,105
wordpress support for agencies,Informational,40,1,11.99,0.08,0,40,,https://wpvip.com/partners/agency-partners/,104
wordpress terminology,Informational,40,25,0.00,0.33,0,43,,https://wpvip.com/glossary/,127
wordpress test website,Informational,40,18,4.55,0.12,0,8,,https://docs.wpvip.com/launch-a-site/testing-your-site/,107
wordpress theme json version 3,"Informational, Transactional",40,13,0.00,0.33,0,27,,https://wpvip.com/blog/using-a-design-system-with-the-wordpress-block-editor-pt-1-theme-json/,107
wordpress to lead for salesforce crm,Informational,40,20,0.00,0.33,0,41,,https://wpvip.com/wordpress-vip-for-salesforce/,147
wordpress training minneapolis,Informational,40,5,0.00,0.33,0,37,,https://learn.wpvip.com/,3890000
wordpress two-factor authentication,Informational,40,38,2.89,0.09,0,7,,https://docs.wpvip.com/security-controls/wordpress/enforce-2fa/,104
wordpress updates san antonio,Informational,40,11,0.00,0.00,0,19,,https://docs.wpvip.com/wordpress-on-vip/wordpress-upgrades/,14400000
wordpress vip hosting,Informational,40,25,17.68,0.18,0,1,,https://wpvip.com/,131
wordpress vip partner,Navigational,40,18,12.51,0.46,0,1,,https://wpvip.com/partners/,102
wordpress vip vs wordpress,Commercial,40,11,34.85,0.32,0,1,,https://wpvip.com/blog/wordpress-org-vs-wordpress-com-vs-wordpress-vip-whats-the-difference/,105
wordpress workflow management,Informational,40,22,0.00,0.18,0,10,,https://wpvip.com/blog/wordpress-workflow-automation/,103
wordpress workflows,Informational,40,24,5.05,0.11,0,3,,https://wpvip.com/blog/wordpress-workflow-automation/,102
wordpress wp cron php,Informational,40,33,0.00,0.04,0,27,,https://docs.wpvip.com/wordpress-on-vip/cron-control/,42
wordpress xml rpc,Informational,40,36,0.00,0.02,0,22,,https://docs.wpvip.com/security-controls/wordpress/xml-rpc/,139
wordpress.coim,Navigational,40,100,3.38,0.43,0,40,,https://wpvip.com/blog/wordpress-org-vs-wordpress-com-vs-wordpress-vip-whats-the-difference/,0
wordpress.comn,Navigational,40,100,3.38,0.43,0,38,,https://wpvip.com/blog/wordpress-org-vs-wordpress-com-vs-wordpress-vip-whats-the-difference/,0
wp branding,Informational,40,9,0.00,0.53,0,37,,https://wpvip.com/brand-guidelines/,135
wp course,Informational,40,51,0.00,0.33,0,19,,https://learn.wpvip.com/,107
wp db backup,Informational,40,29,0.77,0.06,0,8,,https://docs.wpvip.com/databases/backups/,122
wp engine database access,Navigational,40,28,0.00,0.00,0,22,,https://docs.wpvip.com/databases/access/,112
wp engine headless,Navigational,40,31,37.72,0.26,0,31,,https://wpvip.com/headless-wordpress/,104
wp engine multisite,Navigational,40,17,28.81,0.14,0,20,,https://wpvip.com/glossary/wordpress-multisite/,107
wp headless,Informational,40,24,14.04,0.27,0,2,,https://wpvip.com/headless-wordpress/,4760000
wp json get posts,Informational,40,16,0.00,0.00,0,22,,https://docs.wpvip.com/wordpress-on-vip/wordpress-rest-api/,137
wp newsroom,Informational,40,19,0.72,0.01,0,9,,https://wpvip.com/newsroom/,174
wp object cache,Informational,40,25,0.00,0.01,0,2,,https://docs.wpvip.com/caching/object-cache/,120
wp plans,Informational,40,77,0.00,0.03,0,16,,https://wpvip.com/pricing/,20
wp plugins directory,Commercial,40,74,2.45,0.16,0,4,,https://docs.wpvip.com/wordpress-skeleton/plugins-directory/,62
wp robots txt file,Informational,40,30,1.57,0.12,0,1,,https://docs.wpvip.com/security-controls/robots-txt/,129
wp sql injection,Informational,40,16,0.00,0.01,0,5,,https://wpvip.com/blog/injection-vulnerabilities/,123
wp-cli search-replace handles serialized data,Informational,40,2,0.00,0.00,0,3,,https://docs.wpvip.com/vip-cli/wp-cli-with-vip-cli/search-replace/,114
wp-palvelu,Informational,40,12,0.00,0.00,0,12,,https://wpvip.com/,162
wp_is_application_passwords_available basic auth,Informational,40,-1,0.00,0.00,0,9,,https://docs.wpvip.com/security-controls/basic-authentication/,114
wp_nonce_field documentation,Informational,40,12,0.00,0.00,0,34,,https://docs.wpvip.com/security/validating-sanitizing-and-escaping/,109
wp_redirect,Informational,40,11,0.00,0.01,0,44,,https://docs.wpvip.com/redirects/,127
wpengine cdn,Informational,40,19,15.12,0.29,0,31,,https://wpvip.com/blog/wordpress-cdn/,102
wpengine reverse proxy,Informational,40,21,0.00,0.33,0,25,,https://docs.wpvip.com/reverse-proxy/,106
wpengine vs,Commercial,40,17,13.62,0.33,0,17,,https://wpvip.com/resource/wp-engine-vs-wordpress-vip/,133
wpengine vs wordpress,Commercial,40,13,0.00,0.05,0,7,,https://wpvip.com/resource/wp-engine-vs-wordpress-vip/,130
wpgraphql plugin headless wordpress,Transactional,40,29,0.00,0.00,0,13,,https://wpvip.com/blog/wp-graphql-pros-and-cons-wordpress/,35
wpvo,Navigational,40,42,0.27,0.33,0,12,,https://docs.wpvip.com/vip-cli/commands/dev-env/,158
x 509 certificate decoder,Informational,40,21,0.00,0.01,26,0,https://www.kloudbean.com/ssl-certificate-decoder/,,92
zendesk wordpress plugin,Informational,40,30,0.00,0.20,0,31,,https://docs.wpvip.com/manage-user-access/zendesk/,115
access mcp,Informational,30,33,4.89,0.07,0,34,,https://wpvip.com/blog/wordpress-mcp/,137
access to wordpress admin,Informational,30,34,4.07,0.16,0,6,,https://docs.wpvip.com/manage-user-access/wordpress/,103
accuweather apis,"Navigational, Transactional",30,33,3.94,0.17,0,50,,https://wpvip.com/blog/accuweather-wordpress-api/,123
aeo artificial engine optimization,Informational,30,34,7.70,0.70,0,70,,https://wpvip.com/blog/answer-engine-optimization-strategies/,193
aeo in ai,Informational,30,50,4.65,0.68,0,27,,https://wpvip.com/blog/aeo-vs-seo-answer-engine-optimization/,133
aes decryption tool,Informational,30,30,6.11,0.09,40,0,https://www.kloudbean.com/encryption-decryption-tool/,,91
ai in cms,Informational,30,55,10.50,0.29,0,13,,https://wpvip.com/blog/ai-cms/,91
alias domain,Informational,30,29,6.80,0.10,81,0,https://support.kloudbean.com/docs/application-management/managing-domains-aliases/,,132
aljezara,Navigational,30,52,1.20,0.33,0,20,,https://wpvip.com/case-studies/al-jazeera-headless-wordpress/,0
american eagle digital marketing,Navigational,30,42,4.06,0.33,0,14,,https://wpvip.com/partner/americaneagle-com/,106
analytics tools for website,"Commercial, Informational",30,39,12.29,0.11,0,15,,https://wpvip.com/blog/web-analytics-software-tools/,20
api key generator free,Informational,30,27,1.58,0.32,16,0,https://www.kloudbean.com/api-key-generator/,,108
api rest wordpress,Informational,30,42,2.33,0.04,0,3,,https://docs.wpvip.com/wordpress-on-vip/wordpress-rest-api/,130
apm database,Informational,30,41,10.14,0.38,0,40,,https://wpvip.com/glossary/application-performance-monitoring-apm/,135
apmplus,Commercial,30,13,2.36,0.05,0,24,,https://wpvip.com/glossary/application-performance-monitoring-apm/,105
best cache plugin for woocommerce,Commercial,30,18,3.50,0.43,0,45,,https://docs.wpvip.com/plugins/woocommerce/caching-for-woocommerce/,124
best content management,Commercial,30,39,14.22,0.10,0,24,,https://wpvip.com/blog/10-best-enterprise-content-management-systems/?itm_source=parsely-api,125
best practices for meta tags,Commercial,30,44,3.51,0.11,0,33,,https://wpvip.com/blog/5-tagging-best-practices-content-strategy/,152
block ip in wordpress,Informational,30,17,1.48,0.08,0,10,,https://docs.wpvip.com/security-controls/ip-restrictions/,109
c# code formatter,Informational,30,40,4.06,0.10,23,0,https://www.kloudbean.com/c-hash-formatter-and-validator/,,96
certification wordpress,Commercial,30,31,2.60,0.24,0,1,,https://learn.wpvip.com/certification/,132
check responsive,Commercial,30,35,2.80,0.07,13,0,https://www.kloudbean.com/responsive-design-checker/,,124
check responsive website,Informational,30,38,2.79,0.43,16,0,https://www.kloudbean.com/responsive-design-checker/,,122
cms with ai,Informational,30,50,14.25,0.69,0,27,,https://wpvip.com/blog/ai-cms/,127
code encrypter,Commercial,30,38,2.86,0.11,34,0,https://www.kloudbean.com/encryption-decryption-tool/,,129
code formatter c#,Commercial,30,26,2.21,0.33,39,0,https://www.kloudbean.com/c-hash-formatter-and-validator/,,113
color palette for app,Informational,30,88,1.20,0.11,51,0,https://www.kloudbean.com/mobile-app-color-scheme-generator/,,130
color pallete app,Informational,30,45,1.15,0.09,40,0,https://www.kloudbean.com/mobile-app-color-scheme-generator/,,159
conference wordpress,"Commercial, Informational",30,30,3.69,0.04,0,14,,https://wpvip.com/events/,125
content intelligent,Informational,30,12,12.53,0.14,0,24,,https://wpvip.com/blog/content-intelligence-enterprise-cms-guide/,140
content security policy examples,Informational,30,43,3.75,0.16,0,41,,https://wpvip.com/blog/content-security-policy-guide/,135
content+analytics,Informational,30,20,12.75,0.17,0,20,,https://wpvip.com/glossary/content-analytics/,134
content+intelligence,Informational,30,32,12.53,0.14,0,21,,https://wpvip.com/blog/content-intelligence-enterprise-cms-guide/,135
cron jobs wordpress,Commercial,30,13,2.61,0.03,0,11,,https://docs.wpvip.com/wordpress-on-vip/cron-control/,100
css animations generator,Informational,30,27,4.52,0.03,12,0,https://www.kloudbean.com/css-animation-generator/,,108
css3 animation generator,Commercial,30,39,4.52,0.03,12,0,https://www.kloudbean.com/css-animation-generator/,,104
data decryption,Informational,30,23,3.63,0.11,20,0,https://www.kloudbean.com/encryption-decryption-tool/,,142
database vip,Informational,30,8,8.30,0.06,0,1,,https://docs.wpvip.com/databases/,112
decision matrix maker,Informational,30,22,2.10,0.20,6,0,https://www.kloudbean.com/decision-matrix-generator/,,128
decision matrix tool,Informational,30,36,3.74,0.13,12,0,https://www.kloudbean.com/decision-matrix-generator/,,127
decode a password,Informational,30,18,1.13,0.02,57,0,https://www.kloudbean.com/encryption-decryption-tool/,,109
decrpt,"Informational, Navigational",30,47,3.53,0.33,46,0,https://www.kloudbean.com/encryption-decryption-tool/,,138
decrypt and encrypt,Informational,30,44,3.44,0.05,21,0,https://www.kloudbean.com/encryption-decryption-tool/,,125
decrypt database,Informational,30,16,7.46,0.11,17,0,https://www.kloudbean.com/encryption-decryption-tool/,,134
decryption tool online,Commercial,30,26,1.99,0.02,7,0,https://www.kloudbean.com/encryption-decryption-tool/,,20
decrytor,Commercial,30,50,1.92,0.04,63,0,https://www.kloudbean.com/encryption-decryption-tool/,,115
decypter,Informational,30,42,1.55,0.02,75,0,https://www.kloudbean.com/encryption-decryption-tool/,,109
definition of mfa,Informational,30,51,1.11,0.03,0,69,,https://wpvip.com/glossary/what-is-multi-factor-authentication-mfa/,136
digital experience dx,Informational,30,28,13.74,0.38,0,58,,https://wpvip.com/glossary/digital-experience-platform/,198
digital experience plattform,Commercial,30,28,25.56,0.15,0,36,,https://wpvip.com/glossary/digital-experience-platform/,120
dns verification record,Informational,30,29,1.83,0.19,0,27,,https://docs.wpvip.com/domains/verification/,129
dxp technologies,Informational,30,30,8.54,0.26,0,13,,https://wpvip.com/glossary/digital-experience-platform/,106
enterprise cms system,Commercial,30,30,54.42,0.24,0,9,,https://wpvip.com/glossary/enterprise-content-management-systems/,19600000
enterprise content business process management,Informational,30,22,20.51,0.12,0,42,,https://wpvip.com/blog/enterprise-content-management-strategy/,141
enterprise+content+management+strategy,Informational,30,25,14.24,0.04,0,14,,https://wpvip.com/blog/enterprise-content-management-strategy/,137
fedramp approved cloud service providers,Informational,30,52,21.45,0.21,0,13,,https://wpvip.com/blog/wordpress-vip-is-fedramp-authorized/,108
fedramp certified cloud service providers,Informational,30,43,21.45,0.21,0,11,,https://wpvip.com/blog/wordpress-vip-is-fedramp-authorized/,110
fedramp certified companies,"Informational, Navigational",30,40,7.20,0.31,0,21,,https://wpvip.com/blog/wordpress-vip-is-fedramp-authorized/,96
file encryption online,Commercial,30,25,3.10,0.20,59,0,https://www.kloudbean.com/encryption-decryption-tool/,,126
forrester cms,Informational,30,28,177.42,0.49,0,8,,https://wpvip.com/resource/forrester-wave-content-management-systems-2025/,135
forrester cx summit 2026,"Informational, Navigational",30,-1,4.81,0.36,0,28,,https://wpvip.com/events/forrester-b2b-summit-2026/,108
forrester marketing conference,"Navigational, Transactional",30,30,3.24,0.45,0,30,,https://wpvip.com/event/forrester-b2b-summit-2026/,132
forrester summit,"Navigational, Transactional",30,36,3.49,0.25,0,23,,https://wpvip.com/event/forrester-b2b-summit-2026/,109
forrester wave cms,Informational,30,22,147.24,0.34,0,7,,https://wpvip.com/resource/forrester-wave-content-management-systems-2025/,133
free api key generator,Informational,30,34,4.05,0.49,26,0,https://www.kloudbean.com/api-key-generator/,,113
free barcode api,Commercial,30,33,2.43,0.14,46,0,https://www.kloudbean.com/free-barcode-generator-tool/,,106
free barcode com,Informational,30,56,1.77,0.06,57,0,https://www.kloudbean.com/free-barcode-generator-tool/,,129
free site analytics tools,Informational,30,41,9.99,0.07,0,24,,https://wpvip.com/blog/web-analytics-software-tools/,131
funnel analysis tool,Informational,30,30,23.26,0.06,41,0,https://www.kloudbean.com/funnel-analysis-tool/,,134
generate web fonts,Informational,30,53,2.61,0.02,33,0,https://www.kloudbean.com/webfont-generator/,,119
gitlab on prem,"Informational, Transactional",30,59,5.70,0.08,33,0,https://www.kloudbean.com/gitlab-self-hosted/,,106
graphql prettier,Informational,30,17,5.58,0.14,26,0,https://www.kloudbean.com/graphql-formatter-and-validator/,,76
graphql pretty,Informational,30,10,5.58,0.14,20,0,https://www.kloudbean.com/graphql-formatter-and-validator/,,79
graphql schema visualizer,Commercial,30,13,2.75,0.09,11,0,https://www.kloudbean.com/graphql-schema-visualizer/,,124
gutenberg blocks wordpress,Informational,30,46,1.60,0.24,0,3,,https://wpvip.com/wordpress-gutenberg/,124
gutenberg wp,Navigational,30,68,1.07,0.28,0,4,,https://wpvip.com/wordpress-gutenberg/,110
headers security advanced & hsts wp,Navigational,30,4,5.22,0.17,0,43,,https://docs.wpvip.com/tls/enable-hsts/,0
hex to ascii conversion,Informational,30,40,10.89,0.33,15,0,https://www.kloudbean.com/hex-to-ascii-converter/,,104
hexadecimal to ascii conversion,Informational,30,42,10.89,0.33,16,0,https://www.kloudbean.com/hex-to-ascii-converter/,,103
hosting gitlab,Informational,30,57,8.00,0.23,36,0,https://www.kloudbean.com/gitlab-self-hosted/,,84
hosting services by google,Informational,30,71,9.87,0.52,30,0,https://www.kloudbean.com/google-managed-cloud-hosting/,,113
how can i create a barcode for free,Informational,30,52,1.73,0.17,73,0,https://www.kloudbean.com/free-barcode-generator-tool/,,157
how to find brand voice,Informational,30,31,2.86,0.38,0,3,,https://wpvip.com/resources/ebooks/find-your-brand-voice/,190
image placeholde,Informational,30,17,4.75,0.33,26,0,https://www.kloudbean.com/image-placeholder-generator/,,127
information architecture of a website,"Commercial, Informational",30,58,6.12,0.10,0,25,,https://wpvip.com/blog/website-information-architecture/,165
java validator,Informational,30,31,2.33,0.05,24,0,https://www.kloudbean.com/java-formatter-and-validator/,,107
linode hosting a website,Informational,30,9,8.03,0.33,34,0,https://www.kloudbean.com/linode-hosting/,,109
mcp server wordpress,Informational,30,21,3.56,0.41,0,27,,https://docs.wpvip.com/integrations/center/secure-mcp/wordpress-mcp/,125
metadata tagging best practices,Commercial,30,14,2.72,0.11,0,12,,https://wpvip.com/blog/5-tagging-best-practices-content-strategy/,129
mfa for wordpress,"Commercial, Informational",30,44,4.11,0.57,0,5,,https://docs.wpvip.com/security-controls/wordpress/enforce-2fa/,123
miro or mural,Commercial,30,24,4.71,0.53,21,0,https://www.kloudbean.com/why-agencies-choose-one-over-the-other-miro-vs-mural/,,173
mobile view website checker,Informational,30,56,3.30,0.32,47,0,https://www.kloudbean.com/responsive-design-checker/,,131
new wp,Informational,30,19,8.14,0.29,0,35,,https://wpvip.com/,2320
news vip,Navigational,30,30,1.39,0.20,0,4,,https://wpvip.com/news-corp-case-studies/,84
normalisation software,Informational,30,13,4.70,0.33,59,0,https://www.kloudbean.com/database-normalization-helper/,,135
omni channel architecture,Informational,30,5,5.26,0.31,0,11,,https://wpvip.com/blog/omnichannel-content-management/,137
omnichannel content platform,Commercial,30,17,21.21,0.58,0,16,,https://wpvip.com/blog/omnichannel-content-management/,133
online encrypter,Informational,30,35,3.21,0.26,11,0,https://www.kloudbean.com/encryption-decryption-tool/,,112
online websocket tester,Commercial,30,22,3.16,0.08,18,0,https://www.kloudbean.com/websocket-tester/,,95
online wordpress classes,Informational,30,59,2.57,0.18,0,13,,https://learn.wpvip.com/,113
pars ly,Navigational,30,45,4.75,0.27,0,11,,https://wpvip.com/blog/parsely-sage-ai-editorial-intelligence/,0
password encryption online,Informational,30,37,2.38,0.15,29,0,https://www.kloudbean.com/encryption-decryption-tool/,,114
php 8.2 end of life,Informational,30,14,3.59,0.10,0,15,,https://customerhub.wpvip.com/lobby/2024/03/25/php-8-2-update-timeline/,108
piano subscription management,Navigational,30,15,9.32,0.33,0,9,,https://wpvip.com/partner/piano/,129
pim capabilities,Informational,30,10,5.97,0.39,0,56,,https://wpvip.com/blog/pim-benefits-and-use-cases/,134
pim means,Informational,30,36,4.19,0.01,0,57,,https://wpvip.com/glossary/product-information-management/,136
playbook generator,Informational,30,11,1.97,0.25,8,0,https://www.kloudbean.com/ansible-playbook-generator/,,190
plugin directory,Commercial,30,24,1.68,0.26,0,5,,https://docs.wpvip.com/wordpress-skeleton/plugins-directory/,20
pwa generator,Informational,30,28,3.74,0.66,35,0,https://www.kloudbean.com/pwa-manifest-generator/,,111
python code validator,Informational,30,20,3.16,0.32,27,0,https://www.kloudbean.com/python-formatter-and-validator/,,109
quartz cmo summit,"Informational, Navigational",30,4,4.12,0.24,0,6,,https://wpvip.com/event/cmo-leadership-summit-october-25/,107
query monitor wordpress,"Informational, Navigational",30,38,5.65,0.04,0,6,,https://docs.wpvip.com/performance/query-monitor/enable/,111
responsive design tester,Commercial,30,47,3.67,0.10,17,0,https://www.kloudbean.com/responsive-design-checker/,,119
responsive website test,Commercial,30,48,3.29,0.17,36,0,https://www.kloudbean.com/responsive-design-checker/,,119
rest api in wordpress,"Informational, Navigational",30,39,6.42,0.04,0,2,,https://docs.wpvip.com/wordpress-on-vip/wordpress-rest-api/,131
robots wordpress,Informational,30,22,5.20,0.16,0,2,,https://docs.wpvip.com/security-controls/robots-txt/,103
sailtrhu,Navigational,30,23,11.27,0.06,0,13,,https://wpvip.com/partner/sailthru/,107
security advisory: cve-2025-66478,Informational,30,56,9.72,0.05,0,47,,https://customerhub.wpvip.com/lobby/2025/12/04/security-advisory-react-and-next-js-vulnerabilities-cve-2025-66478-cve-2025-55182/,117
security header scanner,Informational,30,25,6.63,0.58,22,0,https://www.kloudbean.com/http-security-headers-analyzer/,,156
security headers scan,Commercial,30,34,6.63,0.58,34,0,https://www.kloudbean.com/http-security-headers-analyzer/,,96
self host wordpress site,Informational,30,23,7.73,0.47,0,10,,https://wpvip.com/blog/self-hosted-wordpress/,120
selfhost supabase,Navigational,30,53,3.10,0.12,9,0,https://www.kloudbean.com/supabase-self-hosted/,,87
seo vs. aeo,"Commercial, Informational",30,39,2.06,0.19,0,17,,https://wpvip.com/blog/aeo-vs-seo-answer-engine-optimization/,131
slpash screen,Informational,30,32,2.08,0.01,38,0,https://www.kloudbean.com/splash-screen-generator/,,132
spalsh screen,Informational,30,33,6.18,0.01,38,0,https://www.kloudbean.com/splash-screen-generator/,,131
sql explain analyze,Informational,30,30,9.71,0.08,0,28,,https://learn.wpvip.com/lesson/using-explain-to-analyze-sql-queries/,128
sql performance analyzer,Informational,30,27,8.48,0.49,25,0,https://www.kloudbean.com/db-query-performance-analyzer/,,131
sql to mongo,Informational,30,34,25.65,0.12,36,0,https://www.kloudbean.com/sql-to-mongodb-query-converter/,,119
sql to mongodb,Informational,30,30,25.65,0.12,35,0,https://www.kloudbean.com/sql-to-mongodb-query-converter/,,117
ssl certificate viewer,Informational,30,46,3.26,0.08,34,0,https://www.kloudbean.com/ssl-certificate-decoder/,,102
statistical significant calculator,Commercial,30,34,3.81,0.02,49,0,https://www.kloudbean.com/statistical-significance-calculator/,,115
table creator html,Informational,30,58,4.15,0.02,28,0,https://www.kloudbean.com/html-table-generator/,,115
tagging internet,Informational,30,14,5.61,0.02,0,30,,https://wpvip.com/blog/5-tagging-best-practices-content-strategy/,132
test responsive,"Commercial, Informational",30,50,3.98,0.12,41,0,https://www.kloudbean.com/responsive-design-checker/,,122
test wp,Informational,30,31,6.33,0.10,0,17,,https://docs.wpvip.com/launch-a-site/testing-your-site/,127
testwp,Transactional,30,5,1.85,0.33,0,45,,https://docs.wpvip.com/launch-a-site/testing-your-site/,401000
upgrade woocommerce,Informational,30,34,5.52,0.06,0,12,,https://docs.wpvip.com/plugins/woocommerce/upgrade-woocommerce/,107
vip .com,Informational,30,43,2.97,0.03,0,13,,https://dashboard.wpvip.com/,1110000000
vip db,Informational,30,4,8.30,0.06,0,1,,https://docs.wpvip.com/databases/,109
vip launch,Informational,30,0,1.35,0.02,0,24,,https://wpvip.com/services/launch-day/,237
vip veteran,Navigational,30,37,2.33,0.30,0,19,,https://wpvip.com/partner/veterans-co/,135
vips-tools,Informational,30,12,2.63,0.03,0,12,,https://wpvip.com/blog/media-audience-loyalty-tools/,104
vultr website hosting,Informational,30,45,7.71,0.50,28,0,https://www.kloudbean.com/vultr-hosting/,,89
web analytics platform,Informational,30,41,21.35,0.08,0,21,,https://wpvip.com/blog/web-analytics-software-tools/,123
web analytics sites,Informational,30,44,9.31,0.15,0,28,,https://wpvip.com/blog/web-analytics-software-tools/,130
web.vitals,Informational,30,84,5.23,0.23,0,24,,https://wpvip.com/glossary/core-web-vitals/,132
webhook teste,"Informational, Transactional",30,25,5.03,0.08,37,0,https://www.kloudbean.com/webhook-tester/,,116
website analytics platform,Informational,30,37,21.35,0.08,0,17,,https://wpvip.com/blog/web-analytics-software-tools/,132
websocket load testing,Informational,30,14,3.97,0.05,35,0,https://www.kloudbean.com/websocket-tester/,,124
websocket online test,Commercial,30,19,3.16,0.08,21,0,https://www.kloudbean.com/websocket-tester/,,93
webvital,Informational,30,45,5.23,0.23,0,20,,https://wpvip.com/glossary/core-web-vitals/,131
what are the best cms systems,Commercial,30,53,9.05,0.15,0,55,,https://wpvip.com/blog/10-best-enterprise-content-management-systems/?itm_source=parsely-api,146
what is a brands voice,Informational,30,45,4.96,0.10,0,37,,https://wpvip.com/resources/ebooks/find-your-brand-voice/,175
what is aeo in ai,Informational,30,50,3.63,0.15,0,51,,https://wpvip.com/blog/answer-engine-optimization-strategies/,224
what is my brand voice,Informational,30,-1,6.02,0.25,0,12,,https://wpvip.com/resources/ebooks/find-your-brand-voice/,187
what is self hosted wordpress,Informational,30,18,6.32,0.27,0,11,,https://wpvip.com/blog/self-hosted-wordpress/,141
what is seo and aeo,Informational,30,19,2.05,0.23,0,36,,https://wpvip.com/blog/aeo-vs-seo-answer-engine-optimization/,181
what is step-up authentication,Informational,30,16,4.04,0.08,0,66,,https://docs.wpvip.com/manage-user-access/vip-dashboard/step-up-auth/,145
what is the gutenberg editor in wordpress,Informational,30,23,0.92,0.19,0,5,,https://wpvip.com/wordpress-gutenberg/,170
what is wordpress gutenberg,Informational,30,28,2.08,0.23,0,5,,https://wpvip.com/wordpress-gutenberg/,129
wordpress academy,"Informational, Transactional",30,70,3.06,0.17,0,22,,https://learn.wpvip.com/,104
wordpress apis,Informational,30,43,6.33,0.08,0,5,,https://docs.wpvip.com/wordpress-on-vip/wordpress-rest-api/,110
wordpress as saas,Informational,30,22,5.74,0.28,0,31,,https://wpvip.com/wordpress-vip-for-saas-cms/,124
wordpress cdn plugin,Informational,30,28,2.44,0.15,0,55,,https://wpvip.com/blog/wordpress-cdn/,127
wordpress certifications,Informational,30,16,2.70,0.14,0,1,,https://learn.wpvip.com/certification/,116
wordpress development classes,Transactional,30,53,3.20,0.07,0,7,,https://learn.wpvip.com/,117
wordpress ecosystem,"Informational, Transactional",30,15,6.01,0.42,0,3,,https://wpvip.com/wordpress-ecosystem/,107
wordpress multi site,Informational,30,37,19.07,0.30,0,6,,https://wpvip.com/blog/wordpress-multisite/,107
wordpress multi site manager,Informational,30,29,17.38,0.06,0,17,,https://wpvip.com/blog/inside-wordpress-vips-multisite-management/,134
wordpress multisite plugins,Informational,30,22,2.62,0.04,0,14,,https://wpvip.com/blog/wordpress-multisite/,102
wordpress pentesting,Informational,30,23,20.38,0.47,0,19,,https://docs.wpvip.com/security/penetration-testing/,126
wordpress plugin workflow,Informational,30,31,5.99,0.21,0,11,,https://wpvip.com/blog/wordpress-workflow-automation/,107
wordpress restful api,"Informational, Navigational",30,38,4.33,0.04,0,2,,https://learn.wpvip.com/course/mastering-the-wordpress-rest-api/,103
wordpress test,Informational,30,47,6.33,0.10,0,18,,https://docs.wpvip.com/launch-a-site/testing-your-site/,105
wordpress testing site,Informational,30,17,4.55,0.12,0,7,,https://docs.wpvip.com/launch-a-site/testing-your-site/,108
wordpress to salesforce,Informational,30,10,10.09,0.03,0,13,,https://wpvip.com/wordpress-vip-for-salesforce/,109
wordpress workflow plugin,Informational,30,22,5.99,0.21,0,15,,https://wpvip.com/blog/wordpress-workflow-automation/,101
wordpress.cpom,Navigational,30,97,3.38,0.43,0,40,,https://wpvip.com/blog/wordpress-org-vs-wordpress-com-vs-wordpress-vip-whats-the-difference/,0
wordpss,"Navigational, Transactional",30,100,3.25,0.52,0,17,,https://wpvip.com/,0
workflow plugin wordpress,Informational,30,23,5.99,0.21,0,16,,https://wpvip.com/blog/wordpress-workflow-automation/,116
worldexpress.com,Commercial,30,72,3.05,0.41,0,54,,https://wpvip.com/,521000000
wp encryption,"Informational, Transactional",30,15,6.41,0.41,0,23,,https://docs.wpvip.com/tls/lets-encrypt/,114
wp engine cdn,Navigational,30,35,31.82,0.16,0,24,,https://wpvip.com/blog/wordpress-cdn/,106
wp gutenberg,Informational,30,61,1.47,0.20,0,5,,https://wpvip.com/wordpress-gutenberg/,107
wp premium support,Navigational,30,20,12.36,0.11,0,26,,https://wpvip.com/,105
wp search-replace,Informational,30,20,4.57,0.02,0,4,,https://docs.wpvip.com/vip-cli/wp-cli-with-vip-cli/search-replace/,134
wp security audit,Informational,30,17,24.03,0.13,0,13,,https://docs.wpvip.com/logs/audit-log/,123
wpengine headless,Navigational,30,26,19.92,0.40,0,36,,https://wpvip.com/headless-wordpress/,184
wpengine multisite,Navigational,30,17,23.70,0.11,0,19,,https://wpvip.com/glossary/wordpress-multisite/,106
