Keyword,Position,Previous position,Search Volume,Keyword Difficulty,CPC,URL,Traffic,Traffic (%),Traffic Cost,Competition,Number of Results,Trends,Timestamp,SERP Features by Keyword,Keyword Intents,Position Type
wordpress vip,1,1,1000,28,28.09,https://wpvip.com/,800,12.86,22472.00,0.51,0,"62, 55, 55, 55, 62, 62, 55, 55, 62, 62, 55, 55",2026-07-04,"Sitelinks, Reviews, Video, Ads bottom, Video Carousel, People also ask, Related searches",navigational,Organic
wordpress vip business plan pricing 2026,1,1,480,,0.00,https://wpvip.com/pricing/,384,6.17,0.00,0,19800000,"100, 21, 0",2026-05-29,"Video, People also ask, Related searches",navigational,Organic
wordpress robots.txt,1,1,1900,38,2.53,https://docs.wpvip.com/security-controls/robots-txt/,250,4.01,632.00,0.33,102,"3, 3, 7, 7, 28, 19, 15, 100, 5, 54, 10, 100",2026-07-16,"Sitelinks, Reviews, Video, Video Carousel, AI overview",informational,Organic
wordpress vip partners,1,1,260,19,36.34,https://wpvip.com/partners/,208,3.34,7558.00,0.24,145,"28, 43, 43, 66, 66, 82, 82, 43, 82, 100, 66, 66",2026-06-08,"Sitelinks, Video, People also ask","informational, navigational",Organic
wordpress robots txt,1,1,1300,38,1.11,https://docs.wpvip.com/security-controls/robots-txt/,171,2.74,189.00,0.33,1460000,"13, 5, 8, 10, 8, 16, 13, 44, 13, 100, 8, 29",2026-06-18,"Sitelinks, Reviews, Video, Video Carousel, Related searches, AI overview",informational,Organic
wp vip,1,1,210,31,25.61,https://wpvip.com/,168,2.7,4302.00,0.45,111,"12, 81, 15, 19, 23, 12, 36, 15, 10, 29, 12, 12",2026-06-17,"Sitelinks, Reviews, Video, Video Carousel, People also ask",navigational,Organic
wpvip,1,1,170,31,21.25,https://wpvip.com/,136,2.18,2890.00,0.4,150,"43, 43, 43, 53, 66, 53, 43, 43, 43, 43, 35, 35",2026-06-09,"Sitelinks, Video, Video Carousel, People also ask, Related searches",navigational,Organic
wordpress vip pricing,1,1,170,26,25.44,https://wpvip.com/pricing/,136,2.18,3459.00,0.45,107,"43, 28, 65, 53, 65, 65, 81, 12, 100, 53, 43, 53",2026-07-21,"Sitelinks, Reviews, Video, People also ask, Related searches, AI overview",transactional,Organic
robots.txt wordpress,1,1,1000,34,2.53,https://docs.wpvip.com/security-controls/robots-txt/,132,2.12,333.00,0.33,79,"2, 1, 2, 2, 3, 22, 3, 29, 43, 22, 43, 100",2026-07-14,"Sitelinks, Reviews, Video, Video Carousel, People also ask, Related searches, AI overview",informational,Organic
sophi,1,1,2900,41,9.23,https://wpvip.com/partner/sophi/,118,1.89,1089.00,0.1,56,"66, 66, 80, 66, 66, 80, 80, 100, 80, 80, 66, 80",2026-07-21,"People also ask, Related searches, AI overview",informational,People also ask
wordpress vip agency,1,1,140,16,0.00,https://wpvip.com/partners/agency-partners/,112,1.8,0.00,0.09,132,"19, 19, 15, 42, 53, 65, 34, 42, 100, 80, 53, 65",2026-06-15,"Reviews, Video, People also ask, Related searches",navigational,Organic
vipplugin,8,8,3600,28,0.00,https://docs.wpvip.com/vip-go-mu-plugins/,86,1.38,0.00,0.33,67,"8, 20, 24, 0, 2, 7, 10, 2, 8, 4, 3, 3",2026-07-19,"Sitelinks, Reviews, Video, Related searches",informational,Organic
wordpress agencies,1,1,590,20,29.91,https://wpvip.com/partners/agency-partners/,77,1.23,2303.00,0.12,154,"13, 20, 20, 13, 8, 11, 13, 11, 100, 16, 13, 11",2026-06-22,"Sitelinks, Reviews, Video, Ads bottom, Related searches, AI overview",informational,Organic
wordpressvip,1,1,90,33,25.61,https://wpvip.com/,72,1.15,1843.00,0.45,159,"9, 6, 36, 15, 6, 19, 9, 5, 6, 19, 9, 6",2026-06-09,"Sitelinks, Video, People also ask, Related searches",navigational,Organic
gutenberg wordpress,3,3,880,59,2.44,https://wpvip.com/wordpress-gutenberg/,57,0.91,139.00,0.21,109,"41, 41, 41, 24, 30, 36, 24, 36, 30, 36, 24, 24",2026-07-05,"Sitelinks, Reviews, Video, Video Carousel, People also ask, Related searches, AI overview",informational,Organic
wordpres vip,1,1,70,26,28.09,https://wpvip.com/,56,0.9,1573.00,0.51,0,"0, 23, 0, 1, 1, 100, 0, 1, 1, 0, 1, 0",2026-07-17,"Sitelinks, People also ask, Related searches",navigational,Organic
wordpress enterprise,1,1,390,35,27.43,https://wpvip.com/,51,0.82,1398.00,0.28,104,"54, 54, 54, 44, 44, 44, 44, 66, 100, 66, 66, 81",2026-07-01,"Sitelinks, Video, Ads bottom, People also ask, Related searches, AI overview",informational,Organic
wordpress certification,1,1,390,18,2.86,https://learn.wpvip.com/certification/,51,0.82,145.00,0.3,104,"54, 44, 54, 66, 54, 54, 66, 54, 54, 36, 44, 36",2026-07-17,"Sitelinks, Reviews, Video, People also ask, Related searches, Discussions and forums, AI overview","commercial, informational",Organic
enterprise wordpress,2,2,390,22,27.43,https://wpvip.com/,51,0.82,1398.00,0.28,107,"35, 35, 66, 66, 66, 44, 100, 81, 100, 44, 81, 54",2026-07-22,"Sitelinks, Reviews, Video, People also ask, Related searches, AI overview",informational,Organic
wordpress robots,1,1,590,31,0.00,https://docs.wpvip.com/security-controls/robots-txt/,48,0.77,0.00,0.33,106,"8, 1, 76, 67, 76, 36, 76, 100, 67, 36, 3, 6",2026-07-18,"Sitelinks, Reviews, Video, Video Carousel, People also ask, Related searches, AI overview",informational,Organic
enterprise wordpress hosting,3,3,720,29,23.74,https://wpvip.com/wordpress-platform/,46,0.73,1092.00,0.2,164,"20, 30, 30, 67, 67, 67, 67, 55, 76, 100, 45, 45",2026-06-13,"Sitelinks, Reviews, Video, Related searches, AI overview",informational,Organic
wordpress 6.7 release news,8,8,2400,28,0.00,https://wpvip.com/blog/wordpress-6-7/,45,0.72,0.00,0,129,"0, 13, 36, 100, 29, 1, 0, 0, 0",2026-07-21,"Sitelinks, Reviews, Video, People also ask, Related searches, AI overview",informational,Organic
enterprise wordpress hosting,1,1,720,29,23.74,https://wpvip.com/wordpress-platform/,43,0.69,1020.00,0.2,164,"20, 30, 30, 67, 67, 67, 67, 55, 76, 100, 45, 45",2026-06-13,"Sitelinks, Reviews, Video, Related searches, AI overview",informational,AI overview
vip wordpress,1,1,50,22,28.09,https://wpvip.com/,40,0.64,1123.00,0.51,108,"9, 9, 12, 9, 6, 15, 12, 12, 12, 12, 12, 100",2026-07-19,"Image pack, Sitelinks, Reviews, Video, Video Carousel, People also ask, Related searches","informational, navigational",Organic
word press vip,1,1,50,21,28.09,https://wpvip.com/,40,0.64,1123.00,0.51,0,"9, 6, 6, 53, 3, 100, 3, 3, 6, 6, 6, 6",2026-06-30,"Sitelinks, Reviews, Video, Video Carousel, People also ask, Related searches",navigational,Organic
wp robots.txt,2,2,480,42,1.11,https://docs.wpvip.com/security-controls/robots-txt/,39,0.62,43.00,0.33,126,"0, 0, 0, 1, 1, 0, 0, 0, 0, 10, 0, 100",2026-06-06,"Sitelinks, Video, Video Carousel, People also ask, AI overview",informational,Organic
wordpress partner,1,1,140,14,30.01,https://wpvip.com/partners/agency-partners/,34,0.54,1020.00,0.2,108,"34, 43, 34, 53, 53, 34, 53, 6, 65, 65, 34, 28",2026-06-24,"Sitelinks, Reviews, Video, Video Carousel, People also ask, Related searches",informational,Organic
wordpress vip partner,1,1,40,18,12.51,https://wpvip.com/partners/,32,0.51,400.00,0.46,102,"28, 28, 100, 71, 100, 57, 100, 71, 28, 28, 42, 28",2026-07-13,"Sitelinks, Reviews, Video, People also ask, Related searches",navigational,Organic
wordpress multisite vs drupal multisite comparison pros cons,4,4,480,20,0.00,https://wpvip.com/blog/wordpress-multisite/,31,0.49,0.00,0,50,"3, 76, 100, 24, 1, 2",2026-06-27,"Sitelinks, Video, Featured snippet, People also ask, Related searches",commercial,Organic
what is website migration,2,2,480,20,0.00,https://wpvip.com/glossary/website-migration/,31,0.49,0.00,0.01,125,"16, 24, 24, 55, 45, 20, 20, 100, 36, 45, 45, 36",2026-06-14,"Sitelinks, Reviews, Video, Video Carousel, People also ask, Related searches, AI overview",informational,Organic
database importer,4,4,480,48,5.37,https://docs.wpvip.com/databases/import/,31,0.49,166.00,0.23,138,"67, 67, 15, 15, 44, 54, 54, 54, 54, 44, 67, 67",2026-07-18,"Reviews, Video, Video Carousel, People also ask, Related searches",informational,Organic
wordpress partners,1,1,110,24,28.91,https://wpvip.com/partners/agency-partners/,27,0.43,780.00,0.36,177000000,"35, 28, 100, 78, 64, 78, 100, 78, 78, 64, 100, 78",2026-07-07,"Reviews, Video, People also ask, Related searches",informational,Organic
wp robots txt,2,2,320,27,1.11,https://docs.wpvip.com/security-controls/robots-txt/,26,0.41,28.00,0.33,125,"21, 100, 32, 17, 11, 7, 26, 26, 21, 17, 26, 32",2026-05-29,"Sitelinks, Video, People also ask, Related searches, AI overview",informational,Organic
vip plugin,3,3,320,28,0.00,https://docs.wpvip.com/plugins/,26,0.41,0.00,0.33,84,"1, 1, 1, 0, 0, 0, 0, 0, 0, 0, 0, 0",2026-07-02,"Sitelinks, Reviews, Video, People also ask, Related searches",informational,Organic
wordpress management,2,2,720,23,12.04,https://wpvip.com/wordpress-management/,25,0.4,301.00,0.26,113,"88, 100, 88, 100, 100, 72, 48, 48, 59, 59, 59, 59",2026-05-31,"Sitelinks, Video, Video Carousel, People also ask, Related searches, AI overview",informational,Organic
website migration,8,8,3600,41,13.11,https://wpvip.com/glossary/website-migration/,25,0.4,327.00,0.12,109,"54, 36, 81, 81, 36, 66, 36, 100, 66, 24, 36, 54",2026-07-21,"Reviews, Video, Video Carousel, People also ask, Related searches, AI overview",informational,Organic
wordpress 6.7 release today,2,2,590,15,0.00,https://wpvip.com/blog/wordpress-6-7/,24,0.38,0.00,0,45,"16, 68, 100, 31, 1, 0, 0",2026-06-21,"Video, Featured snippet, People also ask, Related searches",informational,People also ask
wordpress certification,1,1,390,18,2.86,https://learn.wpvip.com/certification/,23,0.36,65.00,0.3,104,"54, 44, 54, 66, 54, 54, 66, 54, 54, 36, 44, 36",2026-07-17,"Sitelinks, Reviews, Video, People also ask, Related searches, Discussions and forums, AI overview","commercial, informational",AI overview
robot.txt for wordpress,1,1,90,32,1.11,https://docs.wpvip.com/security-controls/robots-txt/,22,0.35,24.00,0.33,128,"0, 0, 2, 0, 0, 0, 4, 29, 0, 0, 66, 100",2026-06-22,"Sitelinks, Reviews, Video, Video Carousel, Related searches, AI overview","commercial, informational",Organic
wordpress personalization,1,1,170,20,0.00,https://wpvip.com/resources/ebooks/achieve-personalization-with-enterprise-wordpress/,22,0.35,0.00,0.34,108,"53, 65, 80, 80, 80, 65, 65, 65, 53, 42, 65, 53",2026-07-20,"Sitelinks, Reviews, Video, People also ask, Related searches, AI overview",informational,Organic
wordpress for enterprise,1,1,170,19,27.43,https://wpvip.com/,22,0.35,603.00,0.28,93,"28, 21, 53, 43, 53, 43, 53, 100, 53, 53, 34, 43",2026-07-07,"Sitelinks, Reviews, Video, People also ask, Related searches, AI overview",informational,Organic
parsely,7,7,4400,54,0.93,https://docs.wpvip.com/parse-ly/parsely-features/,22,0.35,20.00,0.48,112,"44, 44, 54, 44, 44, 36, 81, 24, 44, 19, 54, 44",2026-07-19,"Knowledge panel, Image pack, Sitelinks, Reviews, Video, People also ask, Related searches, AI overview",navigational,Organic
wordpress digital asset management,1,1,90,9,22.12,https://wpvip.com/glossary/digital-asset-management/,22,0.35,486.00,0.33,124,"8, 22, 6, 18, 18, 29, 22, 4, 22, 22, 14, 10",2026-06-03,"Sitelinks, Video, Related searches, AI overview",informational,Organic
vip dev,1,1,90,14,0.00,https://docs.wpvip.com/vip-cli/commands/dev-env/,22,0.35,0.00,0.02,100,"81, 100, 100, 100, 63, 63, 100, 100, 100, 63, 100, 100",2026-07-18,"Reviews, Video, Image, Related searches",informational,Organic
wordpress headless,3,3,480,29,11.46,https://wpvip.com/headless-wordpress/,21,0.33,240.00,0.23,105,"10, 10, 13, 13, 10, 8, 10, 8, 8, 7, 20, 100",2026-06-20,"Sitelinks, Video, Video Carousel, People also ask, Related searches, AI overview",informational,Organic
agile cms,1,1,260,14,0.00,https://wpvip.com/resource/what-you-need-to-know-about-agile-cms/,21,0.33,0.00,0.07,133,"29, 23, 36, 36, 29, 44, 29, 36, 44, 36, 23, 15",2026-07-18,"Image pack, Sitelinks, Reviews, Video, People also ask, AI overview",informational,Image pack
wordpress 图像中间一条线,3,3,320,9,0.00,https://docs.wpvip.com/vip-file-system/image-files/intermediate-images/,20,0.32,0.00,0,1290000,"100, 0, 0, 0, 0, 0",2026-07-11,"Reviews, Video, AI overview",informational,Organic
wordpress 6.7 release date news,7,7,880,28,0.00,https://wpvip.com/blog/wordpress-6-7/,19,0.3,0.00,0,111,"54, 100, 79, 10, 0, 0, 0",2026-06-15,"Video, People also ask, Related searches, AI overview",informational,Organic
current wordpress version,8,8,1000,42,8.31,https://docs.wpvip.com/wordpress-on-vip/wordpress-upgrades/,19,0.3,157.00,0.03,103,"24, 62, 55, 81, 81, 62, 62, 81, 55, 55, 55, 62",2026-07-18,"Sitelinks, Video, People also ask, Related searches, AI overview",informational,Organic
robots txt wordpress,1,1,140,28,1.11,https://docs.wpvip.com/security-controls/robots-txt/,18,0.28,19.00,0.33,125,"11, 8, 8, 28, 15, 11, 11, 81, 100, 3, 1, 0",2026-06-17,"Sitelinks, Reviews, Video, Video Carousel, People also ask, Related searches, AI overview",informational,Organic
wordpress partner,2,2,140,14,30.01,https://wpvip.com/partner-application/,18,0.28,540.00,0.2,108,"34, 43, 34, 53, 53, 34, 53, 6, 65, 65, 34, 28",2026-06-24,"Sitelinks, Reviews, Video, Video Carousel, People also ask, Related searches",informational,Organic
wordpress robot.txt,1,1,140,33,1.11,https://docs.wpvip.com/security-controls/robots-txt/,18,0.28,19.00,0.33,0,"1, 1, 1, 3, 2, 1, 3, 0, 81, 0, 100, 0",2026-06-03,"Sitelinks, Video, Video Carousel, AI overview",informational,Organic
robot.txt wordpress,1,1,140,31,1.11,https://docs.wpvip.com/security-controls/robots-txt/,18,0.28,19.00,0.33,120,"3, 5, 3, 0, 0, 0, 1, 15, 54, 23, 81, 100",2026-06-13,"Sitelinks, Reviews, Video, Video Carousel, People also ask, Related searches, AI overview",informational,Organic
wpmit. com,1,1,70,73,0.00,https://wpvip.com/,17,0.27,0.00,0.33,105,"0, 0, 0, 0, 0, 0, 100, 0, 0, 1, 0, 6",2026-06-06,"Video, People also ask, Related searches",informational,Organic
wp-content/uploads,4,4,720,15,23.35,https://docs.wpvip.com/vip-file-system/media-uploads/,17,0.27,396.00,0.01,122,"100, 100, 2, 2, 2, 1, 24, 0, 5, 100, 13, 16",2026-06-05,"Sitelinks, Video, Video Carousel, People also ask, Related searches, AI overview",informational,Organic
wordpress vip business plan pricing 2024,1,1,90,25,0.00,https://wpvip.com/resource/wp-engine-vs-wordpress-vip/,17,0.27,0.00,0,100,"21, 100, 0, 0, 0",2026-06-19,"Reviews, Video, People also ask, Related searches, AI overview",navigational,AI overview
dns ttl,5,5,590,36,1.68,https://docs.wpvip.com/domains/check-dns-record-time-to-live/,17,0.27,28.00,0.03,114,"37, 31, 31, 31, 31, 37, 25, 25, 25, 25, 31, 31",2026-07-02,"Video, People also ask, Related searches, Things to know, AI overview",informational,Organic
what is site migration,1,1,480,35,0.00,https://wpvip.com/glossary/website-migration/,16,0.25,0.00,0.01,129,"3, 4, 10, 13, 7, 10, 20, 5, 8, 24, 100, 36",2026-07-05,"Sitelinks, Reviews, Video, Video Carousel, People also ask, Related searches, AI overview",informational,AI overview
2fa vip,6,6,1600,32,3.61,https://docs.wpvip.com/security-controls/wordpress/enforce-2fa/,16,0.25,57.00,0.03,0,"100, 36, 43, 65, 43, 29, 43, 36, 29, 10, 20, 8",2026-07-02,"Sitelinks, Reviews, Related searches",navigational,Organic
what is website migration,1,1,480,20,0.00,https://wpvip.com/glossary/website-migration/,16,0.25,0.00,0.01,125,"16, 24, 24, 55, 45, 20, 20, 100, 36, 45, 45, 36",2026-06-14,"Sitelinks, Reviews, Video, Video Carousel, People also ask, Related searches, AI overview",informational,AI overview
.vip domain,8,8,1300,18,4.47,https://docs.wpvip.com/domains/primary-domain/,16,0.25,71.00,0.2,91,"44, 100, 3, 5, 5, 7, 5, 8, 1, 5, 2, 4",2026-07-21,"Sitelinks, Reviews, Video, People also ask, Related searches, AI overview",commercial,Organic
wordpress multisite,1,1,1300,45,19.07,https://wpvip.com/blog/wordpress-multisite/,15,0.24,286.00,0.3,104,"79, 79, 54, 54, 54, 41, 66, 54, 54, 41, 41, 41",2026-07-19,"Video, Video Carousel, People also ask, Related searches, AI overview",informational,AI overview
parse ly,6,6,480,41,4.75,https://wpvip.com/blog/parsely-sage-ai-editorial-intelligence/,14,0.22,66.00,0.27,113,"52, 52, 4, 5, 3, 13, 4, 3, 1, 1, 1, 4",2026-06-04,"Knowledge panel, Video, People also ask, Related searches",informational,Organic
wordpress multisite,5,5,1300,45,19.07,https://wpvip.com/blog/wordpress-multisite/,14,0.22,266.00,0.3,104,"79, 79, 54, 54, 54, 41, 66, 54, 54, 41, 41, 41",2026-07-19,"Video, Video Carousel, People also ask, Related searches, AI overview",informational,People also ask
sitecore vs wordpress,3,3,320,4,13.51,https://wpvip.com/resource/sitecore-vs-wordpress-vip/,14,0.22,189.00,0.09,122,"28, 28, 54, 54, 44, 66, 100, 54, 66, 54, 54, 44",2026-07-18,"Sitelinks, Video, People also ask, AI overview",commercial,Organic
wordpress headless cms,3,3,320,26,6.99,https://wpvip.com/headless-wordpress/,14,0.22,97.00,0.11,132,"54, 54, 54, 81, 66, 66, 81, 81, 66, 100, 81, 100",2026-06-14,"Sitelinks, Reviews, Video, Video Carousel, People also ask, Related searches, Discussions and forums, AI overview",informational,Organic
wordpress sla,1,1,110,18,0.00,https://wpvip.com/platform-sla/,14,0.22,0.00,0.33,100,"43, 100, 66, 14, 8, 10, 6, 4, 4, 8, 6, 10",2026-06-03,"Ads bottom, People also ask, AI overview",informational,Organic
wordpress partners,2,2,110,24,28.91,https://wpvip.com/partners/,14,0.22,404.00,0.36,177000000,"35, 28, 100, 78, 64, 78, 100, 78, 78, 64, 100, 78",2026-07-07,"Reviews, Video, People also ask, Related searches",informational,Organic
web migration,5,5,480,40,13.11,https://wpvip.com/glossary/website-migration/,14,0.22,183.00,0.12,128,"8, 20, 100, 67, 30, 8, 10, 76, 55, 13, 10, 36",2026-07-20,"Reviews, Video, Video Carousel, People also ask, Related searches, AI overview",informational,Organic
workwithus.vip email hosting provider,2,2,210,47,0.00,https://docs.wpvip.com/wordpress-on-vip/email/,13,0.2,0.00,0,590000000,"10, 22, 100",2026-06-27,"Sitelinks, Video, Ads bottom, People also ask, Related searches, AI overview",informational,Organic
sitecore vs wordpress,1,1,320,4,13.51,https://wpvip.com/resource/sitecore-vs-wordpress-vip/,13,0.2,175.00,0.09,122,"28, 28, 54, 54, 44, 66, 100, 54, 66, 54, 54, 44",2026-07-18,"Sitelinks, Video, People also ask, AI overview",commercial,People also ask
2fa for wordpress,3,3,210,45,2.89,https://docs.wpvip.com/security-controls/wordpress/enforce-2fa/,13,0.2,37.00,0.09,124,"44, 36, 29, 23, 23, 36, 23, 36, 19, 19, 15, 36",2026-06-21,"Reviews, Video, Video Carousel, People also ask, Related searches, AI overview",informational,Organic
robots.txt for wordpress,2,2,210,31,2.53,https://docs.wpvip.com/security-controls/robots-txt/,13,0.2,32.00,0.33,122,"1, 1, 12, 15, 5, 15, 12, 2, 81, 44, 66, 100",2026-07-04,"Sitelinks, Reviews, Video, Video Carousel, People also ask, Related searches, AI overview",informational,Organic
al jazeera developer docs tutorial,1,1,70,13,0.00,https://wpvip.com/case-studies/al-jazeera-headless-wordpress/,13,0.2,0.00,0,9060000,"100, 0, 0, 0, 0, 0",2026-06-21,"Reviews, Video, People also ask, Related searches, AI overview",informational,AI overview
deepmantic/wp-admin,6,3,390,45,0.00,https://wpvip.com/,13,0.2,0.00,0,55700,"100, 0, 0, 0",2026-07-22,"Reviews, Video, People also ask, Related searches",informational,Organic
wordpress dxp,1,1,50,6,0.00,https://wpvip.com/glossary/digital-experience-platform/,12,0.19,0.00,0.1,110,"19, 15, 7, 26, 19, 19, 26, 34, 26, 26, 26, 15",2026-06-20,"Sitelinks, Reviews, People also ask, Ads middle, AI overview",commercial,Organic
web-vitals,3,3,720,79,5.62,https://wpvip.com/glossary/core-web-vitals/,12,0.19,67.00,0.23,133,"3, 7, 100, 82, 55, 3, 8, 0, 3, 1, 8, 13",2026-06-02,"Sitelinks, Video, Video Carousel, People also ask, Related searches, Short videos, Things to know, AI overview",informational,Things to know
how to do content marketing on a budget,1,1,50,30,0.00,https://wpvip.com/resource/content-marketing-budget/,12,0.19,0.00,0.33,142,"71, 42, 28, 100, 100, 57, 71, 100, 100, 57, 100, 71",2026-06-22,"Reviews, Video, Featured snippet, Video Carousel, People also ask, Related searches",informational,Organic
wordpress partner program,1,1,50,48,10.56,https://wpvip.com/partners/,12,0.19,126.00,0.42,128,"17, 29, 52, 41, 29, 52, 11, 29, 29, 52, 11, 52",2026-06-28,"Sitelinks, Reviews, Video, Video Carousel, Related searches",commercial,Organic
wordpress personalized content,1,1,50,16,0.00,https://wpvip.com/blog/content-personalization/,12,0.19,0.00,0.33,110,"18, 27, 18, 63, 45, 63, 81, 100, 45, 36, 63, 63",2026-06-12,"Reviews, Video, Video Carousel, People also ask, Related searches, Discussions and forums, AI overview",informational,Organic
company website analysis for software focus,6,6,590,21,0.00,https://wpvip.com/blog/web-analytics-software-tools/,12,0.19,0.00,0,94,100,2026-05-31,"Sitelinks, Video, Video Carousel, Related searches",commercial,Organic
wordpress vip agencies,1,1,50,10,0.00,https://wpvip.com/partners/agency-partners/,12,0.19,0.00,0.14,129,"11, 11, 11, 44, 55, 44, 77, 100, 77, 77, 44, 77",2026-06-24,"Reviews, Video, Related searches",navigational,Organic
default robots.txt,5,5,390,70,0.00,https://docs.wpvip.com/security-controls/robots-txt/,11,0.17,0.00,0.06,137,"59, 59, 39, 100, 48, 72, 21, 17, 2, 11, 11, 5",2026-06-06,"Sitelinks, Video, People also ask, AI overview",informational,Organic
what is headless wordpress,3,3,170,27,1.66,https://wpvip.com/headless-wordpress/,11,0.17,18.00,0.18,127,"35, 35, 43, 54, 54, 18, 14, 14, 18, 14, 54, 54",2026-06-09,"Sitelinks, Video, Video Carousel, People also ask, Related searches, Discussions and forums, AI overview",informational,Organic
wp-json/wp/v2/users,7,7,480,40,0.00,https://docs.wpvip.com/wordpress-on-vip/wordpress-rest-api/,11,0.17,0.00,0.33,102,"0, 0, 82, 1, 0, 0, 0, 100, 0, 0, 0, 0",2026-06-14,"Sitelinks, Reviews, Video, Related searches, AI overview",informational,Organic
enterprise wordpress support,1,1,140,15,23.74,https://wpvip.com/wordpress-vip-enterprise-support/,11,0.17,261.00,0.2,108,"33, 33, 52, 100, 100, 66, 80, 80, 66, 80, 66, 66",2026-06-18,"Reviews, Video, People also ask, Related searches, AI overview",informational,Organic
import database,6,6,390,50,5.37,https://docs.wpvip.com/databases/import/,11,0.17,59.00,0.23,133,"48, 72, 11, 48, 48, 39, 26, 32, 39, 32, 17, 48",2026-07-14,"Sitelinks, Reviews, Video, Ads top, Video Carousel, Related searches, Ads middle, AI overview",informational,Organic
content marketing for business growth,1,1,140,30,0.00,https://wpvip.com/resource/content-marketing-strategy-guide/,11,0.17,0.00,0.01,155,"65, 65, 42, 80, 100, 42, 15, 19, 34, 34, 65, 26",2026-05-28,"Sitelinks, Video, Video Carousel, Related searches, AI overview",informational,Organic
california government funding for managed wordpress hosting,1,1,90,10,0.00,https://wpvip.com/case-studies/public-sector-ca/,11,0.17,0.00,0,918000,"28, 100",2026-06-24,"Reviews, Video, People also ask, Related searches, AI overview",informational,Organic
enterprise wordpress development,7,7,480,6,12.33,https://wpvip.com/wordpress-platform/,11,0.17,135.00,0.1,125,"29, 23, 23, 54, 66, 66, 100, 81, 81, 81, 81, 66",2026-06-14,"Sitelinks, Reviews, Video, Related searches, AI overview","commercial, informational",Organic
6.7/2,10,10,880,17,0.00,https://customerhub.wpvip.com/lobby/2025/02/11/wordpress-6-7-2-maintenance-release/,11,0.17,0.00,0.33,0,"0, 100, 0, 0, 100, 34, 24, 13, 16, 16, 13, 20",2026-06-29,"Instant answer, Sitelinks, Video, People also ask",informational,Organic
vipplugin,18,18,3600,28,0.00,https://docs.wpvip.com/vip-go-mu-plugins/,10,0.16,0.00,0.33,67,"8, 20, 24, 0, 2, 7, 10, 2, 8, 4, 3, 3",2026-07-19,"Sitelinks, Reviews, Video, Related searches",informational,Organic
migration web,7,7,720,36,12.14,https://wpvip.com/glossary/website-migration/,9,0.14,109.00,0.08,131,"3, 2, 0, 16, 13, 16, 20, 100, 66, 13, 3, 10",2026-06-03,"Sitelinks, Video, Video Carousel, People also ask, Related searches, AI overview",informational,Organic
robots.txt wp,2,2,110,30,1.11,https://docs.wpvip.com/security-controls/robots-txt/,9,0.14,9.00,0.33,128,"0, 0, 0, 0, 0, 0, 0, 0, 14, 11, 9, 100",2026-06-17,"Sitelinks, Reviews, Video, Video Carousel, People also ask, Related searches, AI overview",informational,Organic
robots.txt in wordpress,1,1,110,32,1.11,https://docs.wpvip.com/security-controls/robots-txt/,9,0.14,9.00,0.33,126,"29, 2, 0, 22, 10, 8, 8, 29, 10, 4, 66, 100",2026-06-22,"Sitelinks, Reviews, Video, Video Carousel, People also ask, Related searches, AI overview",informational,Organic
wordpress 6.7 release news november 2025,5,5,390,29,0.00,https://wpvip.com/blog/wordpress-6-7/,9,0.14,0.00,0,524000,"100, 0, 0, 0, 1, 0",2026-06-28,"Sitelinks, Reviews, Video, People also ask, Related searches, AI overview",informational,Organic
wordpress vip,2,2,1000,28,28.09,https://wpvip.com/content-management-system/,9,0.14,252.00,0.51,0,"62, 55, 55, 55, 62, 62, 55, 55, 62, 62, 55, 55",2026-07-04,"Sitelinks, Reviews, Video, Ads bottom, Video Carousel, People also ask, Related searches",navigational,People also ask
wordpress object cache,2,2,110,23,0.00,https://docs.wpvip.com/caching/object-cache/,9,0.14,0.00,0.01,102,"18, 8, 14, 35, 22, 22, 29, 18, 29, 18, 18, 29",2026-06-10,"Sitelinks, Video, Video Carousel, Related searches, AI overview",informational,Organic
parse.ly,10,10,480,50,4.75,https://learn.wpvip.com/course/getting-started-with-parse-ly/,9,0.14,42.00,0.27,31500000,"0, 0, 2, 0, 1, 0, 100, 2, 2, 2, 4, 7",2026-06-02,"Knowledge panel, Video, People also ask",informational,Organic
wordpress digital experience platform,1,1,110,27,0.00,https://wpvip.com/glossary/digital-experience-platform/,9,0.14,0.00,0.03,106,"41, 29, 41, 64, 64, 64, 82, 100, 82, 82, 82, 82",2026-06-02,"Sitelinks, Video, Ads bottom, People also ask, Related searches, AI overview",informational,Organic
pim wordpress,1,1,40,4,0.00,https://wpvip.com/glossary/product-information-management/,9,0.14,0.00,0.5,132,"42, 28, 28, 42, 57, 71, 57, 71, 100, 100, 57, 57",2026-06-24,"Sitelinks, Reviews, Video, People also ask, Related searches, AI overview",informational,Organic
multisite wordpress,6,6,320,39,19.07,https://wpvip.com/blog/wordpress-multisite/,9,0.14,171.00,0.3,105,"26, 26, 48, 11, 32, 48, 39, 11, 21, 48, 39, 17",2026-06-28,"Video, Video Carousel, People also ask, Related searches, AI overview",informational,Organic
wordpress as headless cms,2,2,110,31,8.48,https://wpvip.com/resource/headless-cms-guide/,9,0.14,76.00,0.16,109,"100, 82, 82, 82, 64, 29, 29, 29, 41, 64, 52, 82",2026-07-19,"Sitelinks, Video, Video Carousel, People also ask, Related searches, AI overview",informational,Organic
headless cms wordpress,2,2,110,27,8.48,https://wpvip.com/headless-wordpress/,9,0.14,76.00,0.16,181,"42, 52, 100, 80, 33, 14, 4, 14, 23, 80, 100, 66",2026-06-27,"Sitelinks, Video, Video Carousel, People also ask, Related searches, Discussions and forums, AI overview",informational,Organic
wordpress personalisation,2,2,110,14,0.00,https://wpvip.com/resource/how-to-achieve-personalization-with-enterprise-wordpress/,9,0.14,0.00,0.34,106,"21, 50, 50, 35, 78, 78, 100, 100, 100, 78, 78, 100",2026-07-05,"Reviews, Video, Related searches, Discussions and forums, AI overview",informational,Organic
hybrid headless cms,1,1,260,18,0.00,https://wpvip.com/glossary/hybrid-cms/,9,0.14,0.00,0.33,161,"29, 54, 43, 81, 100, 54, 18, 14, 43, 54, 81, 54",2026-06-14,"Sitelinks, Reviews, Video, People also ask, Discussions and forums, AI overview",informational,AI overview
b2b buying committee,4,4,260,19,0.00,https://wpvip.com/blog/b2b-buying-committee-content-strategy/,9,0.14,0.00,0.01,133,"14, 10, 10, 66, 54, 54, 100, 100, 81, 81, 54, 54",2026-06-17,"Sitelinks, Video, Ads bottom, People also ask, AI overview",informational,Organic
wordpress content personalization,1,1,70,15,0.00,https://wpvip.com/resource/how-to-achieve-personalization-with-enterprise-wordpress/,9,0.14,0.00,0.1,105,"45, 36, 81, 81, 81, 100, 100, 81, 63, 63, 63, 63",2026-07-13,"Video, Related searches, AI overview",informational,Organic
wordpress agency partner,1,1,40,14,0.00,https://wpvip.com/partners/service-partners/,9,0.14,0.00,0.71,133,"40, 40, 40, 100, 80, 100, 100, 80, 80, 80, 60, 60",2026-07-20,"Reviews, Video, Related searches, Discussions and forums",informational,Organic
marine corps marathon logo,1,1,70,31,0.00,https://wpvip.com/case-studies/mcm-government-cms-experience-fedramp/,9,0.14,0.00,0.33,122,"26, 15, 19, 19, 26, 34, 80, 34, 19, 15, 7, 15",2026-06-24,"Image pack, Sitelinks, Reviews, Video, Image, People also ask, Related searches",navigational,Image pack
wordpress dam,1,1,70,11,0.00,https://wpvip.com/glossary/digital-asset-management/,9,0.14,0.00,0.15,105,"11, 7, 34, 26, 26, 34, 34, 42, 34, 26, 26, 34",2026-06-26,"Sitelinks, Reviews, People also ask, AI overview",informational,Organic
wordpress multisite development,3,3,210,23,0.00,https://wpvip.com/blog/wordpress-multisite/,9,0.14,0.00,0.05,105,"53, 42, 100, 100, 80, 53, 80, 80, 80, 80, 65, 80",2026-06-27,"Reviews, Video, Video Carousel, People also ask, Related searches, AI overview",informational,Organic
best web analytics tools 2017,2,2,110,32,0.00,https://wpvip.com/blog/web-analytics-software-tools/,9,0.14,0.00,0.33,689000000,"23, 33, 23, 66, 66, 66, 66, 100, 42, 42, 52, 9",2026-06-20,"Video, People also ask, Related searches, Discussions and forums, AI overview",commercial,Organic
what does migrating a website mean,1,1,260,21,0.00,https://wpvip.com/glossary/website-migration/,9,0.14,0.00,0.02,167,"66, 18, 23, 44, 54, 18, 28, 100, 28, 54, 66, 66",2026-06-02,"Sitelinks, Video, People also ask, Related searches, AI overview",informational,AI overview
wordpress 6.7 release date news september 2025,5,5,390,18,0.00,https://customerhub.wpvip.com/lobby/2025/08/05/wordpress-6-7-3-maintenance-release-with-backported-versions/,9,0.14,0.00,0,343000,"37, 0, 0, 0, 0, 11, 100",2026-06-16,"Reviews, Video, People also ask, Related searches, AI overview",informational,Organic
wordpress partner,4,4,140,14,30.01,https://wpvip.com/partners/,9,0.14,270.00,0.2,108,"34, 43, 34, 53, 53, 34, 53, 6, 65, 65, 34, 28",2026-06-24,"Sitelinks, Reviews, Video, Video Carousel, People also ask, Related searches",informational,Organic
top web analytics,1,1,70,30,16.95,https://wpvip.com/blog/web-analytics-software-tools/,9,0.14,152.00,0.09,132,"78, 50, 78, 50, 35, 64, 35, 21, 50, 21, 28, 100",2026-06-16,"Sitelinks, Video, Ads top, Video Carousel, People also ask, Related searches, Ads middle, AI overview",commercial,Organic
wp enterprise,1,1,70,18,0.00,https://wpvip.com/,9,0.14,0.00,0.08,105,"36, 100, 81, 45, 63, 45, 27, 63, 63, 45, 63, 45",2026-06-29,"Reviews, Video, Ads top, People also ask, Related searches, Ads middle, AI overview",commercial,Organic
wordpress responsive images,1,1,110,23,0.00,https://docs.wpvip.com/vip-file-system/image-files/responsive-images/,9,0.14,0.00,0.02,106,"11, 11, 64, 52, 52, 64, 64, 64, 100, 82, 82, 100",2026-07-07,"Reviews, Video, Video Carousel, People also ask, Related searches, AI overview",informational,Organic
classifai,3,3,110,29,0.00,https://wpvip.com/partner/classifai/,9,0.14,0.00,0.05,40,"11, 8, 8, 8, 8, 3, 100, 11, 15, 15, 3, 3",2026-05-30,"Video, Image, Related searches",informational,Organic
wp content uploads,5,5,390,20,23.35,https://docs.wpvip.com/vip-file-system/media-uploads/,8,0.12,186.00,0.01,125,"36, 36, 44, 44, 81, 100, 10, 54, 29, 36, 15, 12",2026-06-01,"Image pack, Sitelinks, Video, Video Carousel, People also ask, Related searches, AI overview",informational,Organic
wordpress enterprise,6,6,390,35,27.43,https://wpvip.com/wordpress-platform/,8,0.12,219.00,0.28,104,"54, 54, 54, 44, 44, 44, 44, 66, 100, 66, 66, 81",2026-07-01,"Sitelinks, Video, Ads bottom, People also ask, Related searches, AI overview",informational,Organic
wordpress wp-cron documentation,2,2,90,13,0.00,https://docs.wpvip.com/wordpress-on-vip/cron-control/,7,0.11,0.00,0,109,"9, 14, 100, 100, 42, 9, 4",2026-06-12,"Reviews, Video, Related searches, AI overview",informational,Organic
wordpress wp content uploads,5,5,260,24,4.51,https://docs.wpvip.com/vip-file-system/media-uploads/,7,0.11,31.00,0.01,109,"53, 66, 66, 66, 100, 66, 82, 66, 82, 53, 53, 82",2026-07-13,"Sitelinks, Reviews, Video, Video Carousel, People also ask, Related searches, AI overview",informational,Organic
wordpress website personalization,2,2,110,18,0.00,https://wpvip.com/resource/how-to-achieve-personalization-with-enterprise-wordpress/,7,0.11,0.00,0.33,111,"17, 29, 82, 100, 82, 100, 100, 82, 64, 41, 52, 52",2026-06-26,"Sitelinks, Video, Video Carousel, People also ask, Related searches, AI overview",informational,Organic
vip web,2,2,90,34,2.39,https://wpvip.com/,7,0.11,16.00,0.02,105,"80, 80, 100, 19, 33, 23, 23, 23, 23, 0, 80, 23",2026-06-04,"Video, Video Carousel, People also ask, Related searches, AI overview",navigational,Organic
big red dog marketing webinars,10,10,590,5,0.00,https://wpvip.com/event/media-is-the-new-marketing-webinar/,7,0.11,0.00,0,755000,"1, 100",2026-05-31,"Video, People also ask, AI overview",informational,Organic
wordpress vip vs wordpress,1,1,40,11,34.85,https://wpvip.com/blog/wordpress-org-vs-wordpress-com-vs-wordpress-vip-whats-the-difference/,7,0.11,243.00,0.32,105,"33, 33, 33, 44, 44, 44, 55, 100, 44, 33, 33, 55",2026-06-12,"Sitelinks, Reviews, Video, Video Carousel, People also ask, Related searches, Discussions and forums, AI overview",commercial,AI overview
apps vip,7,7,320,25,0.00,https://docs.wpvip.com/vip-cli/commands/app/list/,7,0.11,0.00,0.33,136,"23, 100, 81, 23, 0, 0, 100, 0, 0, 100, 81, 100",2026-06-19,"Reviews, Video, People also ask, Related searches, AI overview",informational,Organic
vip plugin com,3,3,90,17,0.00,https://docs.wpvip.com/plugins/,7,0.11,0.00,0.33,67,"100, 80, 66, 80, 52, 33, 14, 4, 4, 0, 4, 42",2026-06-02,"Sitelinks, Video, People also ask, Related searches",informational,Organic
wordpress core web vitals,4,4,210,16,0.00,https://wpvip.com/glossary/core-web-vitals/,7,0.11,0.00,0.33,98,"28, 10, 100, 100, 53, 82, 35, 43, 53, 66, 82, 82",2026-07-18,"Sitelinks, Reviews, Video, Video Carousel, Related searches, AI overview",informational,Organic
wordpress sso,5,5,170,15,16.76,https://docs.wpvip.com/security-controls/wordpress/sso/,7,0.11,117.00,0.18,108,"34, 15, 65, 81, 53, 34, 53, 43, 53, 6, 53, 81",2026-07-08,"Sitelinks, Reviews, Video, Ads top, Ads bottom, Video Carousel, People also ask, Related searches",commercial,Organic
wp search replace,3,3,110,19,4.57,https://docs.wpvip.com/vip-cli/wp-cli-with-vip-cli/search-replace/,7,0.11,31.00,0.02,131,"65, 65, 53, 53, 53, 42, 34, 26, 42, 42, 42, 42",2026-07-10,"Reviews, Video, Video Carousel, People also ask, Related searches, AI overview",informational,Organic
evaluate the martech company wordpress on marketing automation,2,2,90,18,0.00,https://wpvip.com/resource/martech-trends/,7,0.11,0.00,0,610000,"64, 0, 0, 100, 100, 100, 64, 52, 29, 41, 29, 41",2026-06-11,"Video, People also ask, AI overview",informational,Organic
sitecore cms,1,1,880,23,13.36,https://wpvip.com/resource/sitecore-vs-wordpress-vip/,7,0.11,93.00,0.32,129,"67, 76, 67, 76, 67, 67, 55, 55, 67, 55, 45, 55",2026-07-12,"Sitelinks, Reviews, Video, Video Carousel, People also ask, Related searches, Things to know, AI overview","informational, navigational",People also ask
omnichannel cms,4,4,320,15,0.00,https://wpvip.com/blog/omnichannel-content-management/,7,0.11,0.00,0.33,156,"29, 54, 36, 81, 81, 29, 4, 2, 36, 100, 54, 44",2026-06-17,"Sitelinks, Reviews, Video, People also ask, AI overview",informational,Organic
vip db,1,1,30,4,8.30,https://docs.wpvip.com/databases/,7,0.11,58.00,0.06,109,"11, 11, 11, 11, 64, 11, 11, 11, 11, 11, 11, 11",2026-07-20,"Reviews, Video, People also ask, Related searches",informational,Organic
web analytics platforms,7,7,320,32,21.35,https://wpvip.com/blog/web-analytics-software-tools/,7,0.11,149.00,0.08,129,"35, 54, 66, 54, 81, 35, 100, 28, 81, 54, 54, 44",2026-07-09,"Sitelinks, Video, Video Carousel, People also ask, Related searches, AI overview",commercial,Organic
responsive images for wordpress,1,1,90,19,0.00,https://docs.wpvip.com/vip-file-system/image-files/responsive-images/,7,0.11,0.00,0.01,130,"14, 19, 19, 66, 42, 42, 52, 52, 42, 66, 42, 52",2026-06-24,"Sitelinks, Reviews, Video, Video Carousel, People also ask, Related searches, AI overview",informational,Organic
webvitals,4,4,480,85,5.62,https://wpvip.com/glossary/core-web-vitals/,7,0.11,39.00,0.23,131,"20, 36, 13, 100, 76, 30, 0, 8, 76, 45, 24, 10",2026-06-14,"Sitelinks, Reviews, Video, People also ask, Related searches, Short videos, Things to know, AI overview",informational,Things to know
wordpress agencies,1,1,590,20,29.91,https://wpvip.com/partners/agency-partners/,7,0.11,209.00,0.12,154,"13, 20, 20, 13, 8, 11, 13, 11, 100, 16, 13, 11",2026-06-22,"Sitelinks, Reviews, Video, Ads bottom, Related searches, AI overview",informational,AI overview
wordpress 6.7.2,4,4,320,12,0.00,https://customerhub.wpvip.com/lobby/2025/02/11/wordpress-6-7-2-maintenance-release/,7,0.11,0.00,0.07,55500,"66, 0, 0, 0, 0, 0, 0, 0, 0, 0, 0, 0",2026-07-18,"Video, Video Carousel, People also ask",informational,Organic
vip domain,5,5,260,17,4.25,https://docs.wpvip.com/domains/map-a-domain/,6,0.09,25.00,0.21,111,"39, 48, 88, 26, 32, 26, 17, 11, 7, 0, 7, 7",2026-06-17,"Sitelinks, Reviews, Video, Ads bottom, People also ask, Related searches, AI overview",informational,Organic
corewebvitals,2,2,210,65,4.17,https://wpvip.com/glossary/core-web-vitals/,6,0.09,25.00,0.11,130,"1, 13, 0, 11, 11, 8, 7, 0, 0, 13, 20, 1",2026-07-07,"Reviews, Video, People also ask, Related searches, Things to know",informational,Things to know
top 10 web analytics tools 2024,1,1,110,20,0.00,https://wpvip.com/blog/web-analytics-software-tools/,6,0.09,0.00,0,146,"15, 19, 26, 26, 26, 65, 100, 53, 42, 53, 42, 42",2026-07-10,"Sitelinks, Video, People also ask, Related searches, AI overview","commercial, informational",AI overview
is wordpress multisite one theme or multiple,3,3,390,10,0.00,https://wpvip.com/glossary/wordpress-multisite/,6,0.09,0.00,0,153,"100, 0, 0, 0, 0",2026-06-29,"Sitelinks, Video, Video Carousel, People also ask, Related searches, AI overview",informational,People also ask
what is wordpress multisite,1,1,210,40,1.82,https://wpvip.com/glossary/wordpress-multisite/,6,0.09,10.00,0.1,106,"15, 19, 15, 29, 44, 12, 36, 44, 44, 54, 9, 36",2026-06-19,"Sitelinks, Video Carousel, People also ask, Related searches, AI overview",informational,People also ask
wordpress multisite,8,8,1300,45,19.07,https://wpvip.com/blog/wordpress-multisite/,6,0.09,114.00,0.3,104,"79, 79, 54, 54, 54, 41, 66, 54, 54, 41, 41, 41",2026-07-19,"Video, Video Carousel, People also ask, Related searches, AI overview",informational,Organic
wordpress 6.7 release news today,10,10,720,14,0.00,https://wpvip.com/blog/wordpress-6-7/,6,0.09,0.00,0,131,"24, 66, 100, 20, 1, 0, 0",2026-06-17,"Sitelinks, Video, Ads bottom, People also ask, Related searches, AI overview",informational,Organic
wordpress sla,1,1,110,18,0.00,https://wpvip.com/platform-sla/,6,0.09,0.00,0.33,100,"43, 100, 66, 14, 8, 10, 6, 4, 4, 8, 6, 10",2026-06-03,"Ads bottom, People also ask, AI overview",informational,AI overview
wordpress vip cost,1,1,50,18,0.00,https://wpvip.com/pricing/,6,0.09,0.00,0.54,107,"29, 17, 29, 29, 11, 29, 11, 41, 41, 29, 41, 17",2026-06-26,"Sitelinks, Reviews, Video, Ads top, People also ask, Related searches, AI overview",informational,Organic
wordpress vip business plan pricing 2026,1,1,480,,0.00,https://wpvip.com/resource/wp-engine-vs-wordpress-vip/,6,0.09,0.00,0,19800000,"100, 21, 0",2026-05-29,"Video, People also ask, Related searches",navigational,People also ask
14400 ttl in hours,2,2,140,29,0.00,https://docs.wpvip.com/domains/check-dns-record-time-to-live/,6,0.09,0.00,0.33,94,"2, 2, 2, 100, 81, 2, 2, 2, 2, 2, 2, 2",2026-06-28,"Sitelinks, Video, People also ask, Related searches, AI overview",informational,Organic
wordpress longterm feasibility scalability,2,2,140,14,0.00,https://wpvip.com/blog/wordpress-scalability/,6,0.09,0.00,0,71000,"15, 65, 100, 0",2026-06-17,"Sitelinks, Reviews, Video, People also ask, AI overview",informational,Organic
wordpress vip silver agency partner,1,1,50,0,0.00,https://wpvip.com/partners/agency-partners/,6,0.09,0.00,0.33,112,"7, 7, 7, 50, 50, 50, 35, 28, 64, 100, 14, 21",2026-06-24,"Reviews, Video, Related searches, AI overview",informational,Organic
headless wordpress hosting,5,5,260,35,17.33,https://wpvip.com/headless-wordpress/,6,0.09,103.00,0.09,145,"53, 53, 43, 100, 100, 82, 28, 82, 66, 66, 53, 100",2026-06-01,"Sitelinks, Video, Ads top, Related searches, Discussions and forums, Ads middle, AI overview",informational,Organic
agile cms,5,5,260,14,0.00,https://wpvip.com/resource/what-you-need-to-know-about-agile-cms/,6,0.09,0.00,0.07,133,"29, 23, 36, 36, 29, 44, 29, 36, 44, 36, 23, 15",2026-07-18,"Image pack, Sitelinks, Reviews, Video, People also ask, AI overview",informational,Organic
lone rock point,11,11,480,16,0.00,https://wpvip.com/partner/lone-rock-point/,6,0.09,0.00,0.01,106,"48, 39, 59, 88, 100, 100, 59, 32, 26, 26, 26, 39",2026-06-09,"Sitelinks, Video, Image, Related searches",navigational,Organic
wp-cli search-replace serialized data documentation,2,2,50,10,0.00,https://docs.wpvip.com/vip-cli/wp-cli-with-vip-cli/search-replace/,6,0.09,0.00,0,112,"64, 100, 35, 0, 0, 7, 14, 14, 64",2026-06-29,"Sitelinks, Reviews, Video, Related searches",informational,Organic
whats website migration,3,3,140,25,0.00,https://wpvip.com/glossary/website-migration/,6,0.09,0.00,0,130,"23, 10, 23, 43, 35, 17, 23, 100, 0, 35, 66, 53",2026-06-15,"Sitelinks, Reviews, Video, Ads bottom, Video Carousel, People also ask, Related searches, AI overview",informational,Organic
wordpress vip agencies,2,2,50,10,0.00,https://wpvip.com/partners/,6,0.09,0.00,0.14,129,"11, 11, 11, 44, 55, 44, 77, 100, 77, 77, 44, 77",2026-06-24,"Reviews, Video, Related searches",navigational,Organic
wordpress vip partners,2,2,260,19,36.34,https://wpvip.com/partner-application/,6,0.09,218.00,0.24,145,"28, 43, 43, 66, 66, 82, 82, 43, 82, 100, 66, 66",2026-06-08,"Sitelinks, Video, People also ask","informational, navigational",Organic
vip file,1,1,50,7,0.00,https://docs.wpvip.com/vip-file-system/,6,0.09,0.00,0.33,100,"34, 34, 34, 6, 21, 6, 6, 6, 6, 6, 6, 6",2026-06-27,"Image pack, Reviews, Video, People also ask, Related searches, AI overview",informational,Organic
digital asset management wordpress,1,1,50,8,55.12,https://wpvip.com/glossary/digital-asset-management/,6,0.09,330.00,0.29,123,"22, 22, 77, 77, 77, 77, 22, 22, 100, 33, 44, 100",2026-06-30,"Sitelinks, Reviews, Video, Related searches, AI overview",informational,Organic
wordpress certified developer certification,1,1,50,10,0.00,https://learn.wpvip.com/certification/,6,0.09,0.00,0.33,104,"11, 82, 52, 100, 11, 11, 11, 11, 11, 0, 11, 11",2026-06-17,"Sitelinks, Reviews, Video, People also ask, Related searches, Discussions and forums, AI overview",commercial,Organic
wordpress professionals,1,1,170,51,8.91,https://learn.wpvip.com/certification/,5,0.08,44.00,0.57,107,"34, 19, 100, 100, 80, 80, 65, 65, 100, 80, 80, 80",2026-07-02,"Local pack, Sitelinks, Reviews, Video, Video Carousel, People also ask, Related searches, Discussions and forums, AI overview",informational,AI overview
vipplugin,21,21,3600,28,0.00,https://docs.wpvip.com/plugins/installing-plugins/,5,0.08,0.00,0.33,67,"8, 20, 24, 0, 2, 7, 10, 2, 8, 4, 3, 3",2026-07-19,"Sitelinks, Reviews, Video, Related searches",informational,Organic
single sign on for wordpress,3,3,90,20,13.56,https://docs.wpvip.com/security-controls/wordpress/sso/,5,0.08,67.00,0.12,122,"52, 41, 41, 82, 29, 41, 64, 23, 41, 41, 41, 64",2026-06-01,"Sitelinks, Video, Ads bottom, Video Carousel, Related searches, AI overview",informational,Organic
what does it mean to migrate from a website,1,1,170,17,0.00,https://wpvip.com/glossary/website-migration/,5,0.08,0.00,0,166,"5, 23, 43, 43, 17, 53, 100, 0, 28, 53, 66, 66",2026-07-10,"Reviews, Video, People also ask, Related searches, Discussions and forums, AI overview",informational,AI overview
wordpress case study,1,1,70,10,0.00,https://wpvip.com/case-studies/,5,0.08,0.00,0,77,"36, 27, 100, 100, 45, 45, 81, 100, 63, 45, 36, 36",2026-06-30,"Reviews, Video, Ads bottom, Video Carousel, People also ask, Related searches, AI overview",informational,Organic
wp enterprises,5,5,170,17,0.00,https://wpvip.com/,5,0.08,0.00,0.08,104,"1, 1, 8, 5, 6, 8, 8, 100, 6, 6, 5, 6",2026-06-30,"Sitelinks, Reviews, Video, People also ask, Related searches, Ads middle, AI overview",informational,Organic
best web analytics tools,5,5,260,29,15.72,https://wpvip.com/blog/web-analytics-software-tools/,5,0.08,78.00,0.4,50,"23, 29, 19, 54, 100, 100, 5, 36, 23, 12, 29, 9",2026-07-18,"Sitelinks, Video, People also ask, Related searches, AI overview",commercial,Organic
evaluate the digital publishing company wordpress on audience engagement,1,1,40,1,0.00,https://wpvip.com/blog/digital-publishing-trends-media-guide/,5,0.08,0.00,0,1070000,"14, 21, 100, 64, 35, 14, 14, 7, 14, 21",2026-07-11,"Sitelinks, Reviews, Video, AI overview",informational,Organic
wordpress robots.txt example,2,2,70,26,0.00,https://docs.wpvip.com/security-controls/robots-txt/,5,0.08,0.00,0.03,122,"6, 4, 22, 22, 22, 22, 18, 14, 29, 8, 4, 10",2026-06-30,"Sitelinks, Video, Video Carousel, Related searches, Discussions and forums, AI overview",informational,Organic
non-production environment synchronization,1,1,40,9,0.00,https://docs.wpvip.com/databases/data-sync/,5,0.08,0.00,0,112000000,"28, 42, 28, 57, 71, 57, 100, 71, 57, 57, 57, 28",2026-06-11,"Sitelinks, Video, People also ask, Related searches, AI overview",informational,Organic
add_query_arg,2,2,70,2,0.00,https://docs.wpvip.com/security/encode-values-add-query-arg/,5,0.08,0.00,0.01,106,"2, 2, 2, 100, 2, 2, 2, 2, 2, 2, 2, 2",2026-06-29,"Sitelinks, Video, Related searches, AI overview",informational,Organic
omnichannel content delivery,7,7,260,19,0.00,https://wpvip.com/blog/omnichannel-content-management/,5,0.08,0.00,0.33,136,"19, 29, 19, 54, 54, 23, 6, 6, 66, 100, 66, 36",2026-05-31,"Sitelinks, Video, People also ask, Related searches, AI overview",informational,Organic
xp-vip,8,8,210,11,0.00,https://wpvip.com/,5,0.08,0.00,0.33,111000000,"100, 1, 0, 0, 1, 0, 0, 1, 0",2026-07-18,"Sitelinks, Reviews, Video, Related searches",informational,Organic
decoupled wordpress hosting architecture,1,1,70,4,0.00,https://wpvip.com/resource/decoupled-wordpress/,5,0.08,0.00,0,142,"44, 22, 77, 100, 100, 100, 77, 100, 77, 55, 55, 77",2026-06-30,"Sitelinks, Reviews, Video, Ads bottom, Ads middle, AI overview",informational,Organic
php error reporting,8,8,1000,40,0.00,https://docs.wpvip.com/wordpress-on-vip/php/error-reporting/,5,0.08,0.00,0,134,"16, 1, 0, 0, 0, 0, 16, 0, 0, 8, 0, 0",2026-06-01,"Sitelinks, Video, Ads bottom, People also ask, Related searches, Discussions and forums, AI overview",informational,Organic
best cms for content governance and scalability,1,1,40,19,0.00,https://wpvip.com/blog/10-best-enterprise-content-management-systems/,5,0.08,0.00,0,214,"100, 44, 55, 22, 33, 22, 11, 33",2026-07-10,"Sitelinks, Reviews, Video, Ads bottom, Related searches, Discussions and forums, AI overview",commercial,Organic
wp post revisions,2,2,70,24,0.00,https://docs.wpvip.com/wordpress-on-vip/post-revisions/,5,0.08,0.00,0.33,127,"11, 11, 11, 11, 11, 11, 11, 64, 82, 64, 64, 100",2026-06-24,"Sitelinks, Reviews, Video, Video Carousel, People also ask, Related searches, Discussions and forums, AI overview",informational,Organic
best enterprise-level content security providers,1,1,40,20,0.00,https://wpvip.com/blog/10-best-enterprise-content-management-systems/,5,0.08,0.00,0,195,"0, 0, 0, 42, 4, 23, 100, 42, 14, 0, 0, 0",2026-06-08,"Video, People also ask, Related searches, AI overview",commercial,Organic
wp object cache,2,2,40,25,0.00,https://docs.wpvip.com/caching/object-cache/,5,0.08,0.00,0.01,120,"41, 11, 11, 52, 29, 17, 23, 41, 29, 11, 23, 11",2026-06-03,"Sitelinks, Video, Video Carousel, People also ask, Related searches",informational,Organic
wordpress headless theme,5,5,170,,0.00,https://wpvip.com/headless-wordpress/,5,0.08,0.00,0.03,106,"1, 1, 1, 1, 2, 1, 1, 1, 1, 1, 1, 100",2026-06-13,"Sitelinks, Reviews, Video, Video Carousel, Related searches, AI overview",informational,Organic
wp rest api,1,1,320,52,6.42,https://docs.wpvip.com/wordpress-on-vip/wordpress-rest-api/,5,0.08,32.00,0.04,131,"54, 54, 36, 29, 44, 54, 29, 36, 23, 29, 44, 36",2026-07-06,"Sitelinks, Reviews, Video, People also ask, Related searches, AI overview","informational, navigational",AI overview
wp plug,1,1,170,,4.57,https://docs.wpvip.com/wordpress-skeleton/plugins-directory/,5,0.08,22.00,0.17,196,"0, 4, 4, 100, 0, 0, 0, 0, 0, 0, 100, 0",2026-06-27,"Image pack, Sitelinks, Reviews, Video, People also ask, Related searches, AI overview",informational,People also ask
14400 ttl in hours,1,1,140,29,0.00,https://docs.wpvip.com/domains/check-dns-record-time-to-live/,5,0.08,0.00,0.33,94,"2, 2, 2, 100, 81, 2, 2, 2, 2, 2, 2, 2",2026-06-28,"Sitelinks, Video, People also ask, Related searches, AI overview",informational,People also ask
advantages of open-source wordpress platforms,1,1,40,0,0.00,https://wpvip.com/blog/how-open-source-software-benefits-businesses/,5,0.08,0.00,0,162,"22, 100, 100, 100, 55, 11, 22, 0, 0, 0",2026-06-29,"Sitelinks, Reviews, Video, Video Carousel, People also ask, AI overview",informational,Organic
wp robots txt file,1,1,40,30,1.57,https://docs.wpvip.com/security-controls/robots-txt/,5,0.08,7.00,0.12,129,"82, 11, 82, 11, 11, 11, 11, 11, 11, 0, 0, 0",2026-05-24,"Sitelinks, Video, Video Carousel, People also ask, Related searches, AI overview",informational,Organic
where is robots.txt in wordpress,1,1,40,27,0.00,https://docs.wpvip.com/security-controls/robots-txt/,5,0.08,0.00,0.09,1410000,"8, 4, 10, 14, 6, 14, 4, 4, 4, 4, 8, 14",2026-06-28,"Sitelinks, Reviews, Video, Video Carousel, People also ask, Related searches, AI overview",informational,Organic
wordpress robots.txt location,2,2,70,26,0.00,https://docs.wpvip.com/security-controls/robots-txt/,5,0.08,0.00,0.04,106,"11, 64, 0, 52, 64, 64, 23, 17, 64, 100, 23, 29",2026-06-13,"Sitelinks, Video, Video Carousel, People also ask, Related searches, AI overview",informational,Organic
content performance kpis,3,3,90,24,0.00,https://wpvip.com/blog/content-marketing-kpis/,5,0.08,0.00,0,129,"100, 50, 50, 100, 50, 7, 14, 78, 100, 100, 64, 64",2026-06-27,"Reviews, Video, Video Carousel, People also ask, Related searches, AI overview",informational,Organic
content marketing business,6,6,260,61,11.44,https://wpvip.com/resource/content-marketing-strategy-guide/,5,0.08,57.00,0.07,120,"4, 23, 15, 29, 36, 36, 12, 100, 29, 29, 54, 66",2026-06-20,"Sitelinks, Reviews, Video, Video Carousel, People also ask, Related searches, AI overview",informational,Organic
top web analytics tools,5,5,170,29,22.68,https://wpvip.com/blog/web-analytics-software-tools/,5,0.08,113.00,0.31,120,"43, 53, 81, 53, 53, 100, 15, 53, 65, 65, 43, 15",2026-07-10,"Sitelinks, Video, People also ask, Related searches, AI overview",commercial,Organic
vip code,3,3,170,62,6.86,https://docs.wpvip.com/vip-code-analysis-bot/,5,0.08,34.00,0.01,91,"53, 35, 66, 17, 53, 43, 43, 53, 2, 66, 66, 23",2026-06-27,"Image pack, Sitelinks, Reviews, Video, Image, People also ask, Related searches, AI overview",informational,Organic
web migrations,1,1,140,26,0.00,https://wpvip.com/glossary/website-migration/,5,0.08,0.00,0,51,"44, 0, 0, 1, 0, 0, 0, 0, 0, 0, 0, 1",2026-07-17,"Video, Video Carousel, People also ask, Related searches, AI overview",informational,People also ask
dxp wordpress,1,1,40,11,0.00,https://wpvip.com/glossary/digital-experience-platform/,5,0.08,0.00,0.1,119,"19, 4, 9, 14, 19, 14, 100, 14, 14, 9, 9, 19",2026-06-03,"Sitelinks, Video, Ads bottom, People also ask, Related searches, AI overview",informational,Organic
wordpress enterprise support,1,1,70,10,0.00,https://wpvip.com/wordpress-vip-enterprise-support/,5,0.08,0.00,0.33,102,"3, 2, 9, 9, 5, 2, 1, 5, 7, 9, 9, 11",2026-07-13,"Sitelinks, Reviews, Video, People also ask, Related searches, AI overview",informational,Organic
what is content personalization,4,4,170,41,0.00,https://wpvip.com/glossary/what-is-content-personalization/,5,0.08,0.00,0.02,129,"35, 12, 100, 82, 28, 12, 43, 43, 82, 43, 43, 35",2026-06-28,"Sitelinks, Video, Video Carousel, People also ask, Related searches, AI overview",informational,Organic
vip dev,4,4,90,14,0.00,https://docs.wpvip.com/vip-local-development-environment/create/,5,0.08,0.00,0.02,100,"81, 100, 100, 100, 63, 63, 100, 100, 100, 63, 100, 100",2026-07-18,"Reviews, Video, Image, Related searches",informational,Organic
web migration,1,1,480,40,13.11,https://wpvip.com/glossary/website-migration/,5,0.08,65.00,0.12,128,"8, 20, 100, 67, 30, 8, 10, 76, 55, 13, 10, 36",2026-07-20,"Reviews, Video, Video Carousel, People also ask, Related searches, AI overview",informational,AI overview
wp plugin,2,2,590,87,3.78,https://docs.wpvip.com/wordpress-skeleton/plugins-directory/,5,0.08,18.00,0.07,121,"0, 4, 10, 3, 35, 0, 29, 13, 0, 3, 24, 0",2026-06-14,"Sitelinks, Video, People also ask, Related searches",navigational,People also ask
vip.com,15,15,1000,59,1.03,https://dashboard.wpvip.com/,5,0.08,5.00,0.01,2060000000,"100, 1, 0, 3, 3, 8, 0, 0, 3, 0, 3, 2",2026-05-29,People also ask,"commercial, informational",Organic
vip domain,1,1,260,17,4.25,https://docs.wpvip.com/domains/map-a-domain/,4,0.06,17.00,0.21,111,"39, 48, 88, 26, 32, 26, 17, 11, 7, 0, 7, 7",2026-06-17,"Sitelinks, Reviews, Video, Ads bottom, People also ask, Related searches, AI overview",informational,AI overview
enterprise localization,5,5,140,22,18.62,https://wpvip.com/blog/enterprise-localization-content/,4,0.06,74.00,0.06,117,"65, 42, 34, 53, 65, 42, 42, 42, 100, 26, 19, 80",2026-06-05,"Video, Video Carousel, People also ask, Related searches, AI overview",informational,Organic
core web vitals wordpress,4,4,170,26,0.00,https://wpvip.com/glossary/core-web-vitals/,4,0.06,0.00,0.02,117,"26, 42, 15, 100, 100, 80, 34, 65, 42, 53, 80, 53",2026-06-05,"Sitelinks, Video, Video Carousel, Related searches, Discussions and forums, AI overview",informational,Organic
wordpress vip business plan pricing 2025,1,1,170,15,0.00,https://wpvip.com/pricing/,4,0.06,0.00,0,95,100,2026-05-21,"Video, People also ask, Related searches, AI overview",informational,Organic
how to edit robots.txt in wordpress,3,3,140,35,0.00,https://docs.wpvip.com/security-controls/robots-txt/,4,0.06,0.00,0.03,106,"26, 34, 26, 34, 34, 53, 80, 100, 53, 42, 53, 65",2026-06-13,"Sitelinks, Reviews, Video, Video Carousel, People also ask, Related searches, Discussions and forums, AI overview",informational,Organic
what is wordpress vip,1,1,110,13,10.48,https://wpvip.com/about/,4,0.06,41.00,0.22,20,"42, 42, 52, 66, 42, 52, 80, 33, 52, 100, 33, 52",2026-07-19,"Sitelinks, Reviews, Video, People also ask, Related searches, AI overview","informational, navigational",AI overview
wordpress cron job,6,6,320,22,2.61,https://docs.wpvip.com/wordpress-on-vip/cron-control/,4,0.06,10.00,0.03,101,"5, 6, 13, 20, 20, 20, 20, 13, 13, 20, 100, 55",2026-07-18,"Sitelinks, Reviews, Video, Video Carousel, People also ask, Related searches",commercial,Organic
enterprise wordpress solutions,2,2,70,16,27.43,https://wpvip.com/,4,0.06,109.00,0.28,123,"5, 29, 52, 100, 64, 52, 52, 17, 29, 41, 41, 29",2026-06-30,"Sitelinks, Reviews, Video, Ads top, Ads bottom, People also ask, Related searches, AI overview",informational,Organic
migrate website,1,1,110,42,13.11,https://wpvip.com/glossary/website-migration/,4,0.06,52.00,0.12,110,"8, 11, 4, 2, 1, 1, 2, 1, 0, 5, 4, 5",2026-06-28,"Reviews, Video, Video Carousel, People also ask, Related searches, Discussions and forums, Ads middle, AI overview","commercial, informational",People also ask
14400 ttl,1,1,140,21,0.00,https://docs.wpvip.com/domains/check-dns-record-time-to-live/,4,0.06,0.00,0.01,107,"0, 0, 0, 0, 19, 0, 0, 0, 0, 0, 0, 0",2026-06-23,"Sitelinks, Video, People also ask, Related searches, AI overview",informational,AI overview
14400 ttl,1,1,140,21,0.00,https://docs.wpvip.com/domains/check-dns-record-time-to-live/,4,0.06,0.00,0.01,107,"0, 0, 0, 0, 19, 0, 0, 0, 0, 0, 0, 0",2026-06-23,"Sitelinks, Video, People also ask, Related searches, AI overview",informational,People also ask
14400 ttl,4,4,140,21,0.00,https://docs.wpvip.com/domains/check-dns-record-time-to-live/,4,0.06,0.00,0.01,107,"0, 0, 0, 0, 19, 0, 0, 0, 0, 0, 0, 0",2026-06-23,"Sitelinks, Video, People also ask, Related searches, AI overview",informational,Organic
apis wordpress,4,4,170,50,4.30,https://docs.wpvip.com/wordpress-on-vip/wordpress-rest-api/,4,0.06,17.00,0.05,89,"35, 82, 0, 35, 35, 53, 53, 66, 66, 66, 0, 82",2026-06-04,"Knowledge panel, Video, Video Carousel, People also ask, Related searches, Things to know",informational,Organic
content marketing budget,5,5,170,26,0.00,https://wpvip.com/resource/content-marketing-budget/,4,0.06,0.00,0.33,132,"28, 43, 43, 81, 100, 53, 65, 65, 43, 43, 43, 34",2026-06-08,"Sitelinks, Video, Ads bottom, People also ask, Related searches, AI overview",informational,Organic
vip website,8,8,210,61,2.39,https://wpvip.com/,4,0.06,9.00,0.02,107,"28, 28, 35, 23, 35, 28, 28, 35, 35, 100, 23, 23",2026-06-11,"Sitelinks, Reviews, Video, Ads bottom, People also ask, Related searches, Ads middle, AI overview",informational,Organic
what is site migration,8,8,480,35,0.00,https://wpvip.com/glossary/website-migration/,4,0.06,0.00,0.01,129,"3, 4, 10, 13, 7, 10, 20, 5, 8, 24, 100, 36",2026-07-05,"Sitelinks, Reviews, Video, Video Carousel, People also ask, Related searches, AI overview",informational,Organic
enterprise level wordpress,3,3,70,22,0.00,https://wpvip.com/wordpress-platform/,4,0.06,0.00,0.33,57,"36, 45, 36, 100, 100, 81, 63, 63, 63, 45, 63, 63",2026-06-07,"Sitelinks, Video, Ads top, People also ask, Related searches, Ads middle, AI overview",informational,Organic
dncc,4,4,480,46,21.49,https://wpvip.com/case-studies/how-the-2020-dncc-pivoted-to-100-digital-with-wordpress-vip/,4,0.06,85.00,0.14,620000,"8, 8, 8, 13, 13, 8, 13, 20, 20, 16, 13, 8",2026-06-09,"Local pack, Sitelinks, Video, Related searches",navigational,Organic
branding wordpress,2,2,50,13,6.91,https://wpvip.com/brand-guidelines/,4,0.06,27.00,0.33,110,"6, 0, 9, 15, 15, 21, 28, 28, 21, 15, 9, 9",2026-06-30,"Sitelinks, Video, Video Carousel, Related searches, Ads middle, AI overview",informational,Organic
wp rest api,3,3,320,52,6.42,https://docs.wpvip.com/wordpress-on-vip/wordpress-rest-api/,4,0.06,25.00,0.04,131,"54, 54, 36, 29, 44, 54, 29, 36, 23, 29, 44, 36",2026-07-06,"Sitelinks, Reviews, Video, People also ask, Related searches, AI overview","informational, navigational",Organic
growth content marketing,2,2,70,20,0.00,https://wpvip.com/resource/content-marketing-strategy-guide/,4,0.06,0.00,0.33,129,"15, 15, 15, 23, 23, 9, 2, 2, 2, 2, 2, 4",2026-06-10,"Sitelinks, Video, Video Carousel, People also ask, Related searches, AI overview",informational,Organic
wordpress longterm feasibility scalability,1,1,140,14,0.00,https://wpvip.com/blog/wordpress-scalability/,4,0.06,0.00,0,71000,"15, 65, 100, 0",2026-06-17,"Sitelinks, Reviews, Video, People also ask, AI overview",informational,AI overview
wordpress two factor,4,4,170,30,2.89,https://docs.wpvip.com/security-controls/wordpress/enforce-2fa/,4,0.06,11.00,0.09,124,"29, 81, 35, 29, 22, 54, 10, 10, 14, 43, 35, 54",2026-06-17,"Sitelinks, Reviews, Video, Video Carousel, People also ask, Related searches, AI overview",informational,Organic
wordpress partner program,3,3,50,48,10.56,https://wpvip.com/partners/agency-partners/,4,0.06,42.00,0.42,128,"17, 29, 52, 41, 29, 52, 11, 29, 29, 52, 11, 52",2026-06-28,"Sitelinks, Reviews, Video, Video Carousel, Related searches",commercial,Organic
answer engine optimization aeo vs seo unterschiede,2,2,50,10,0.00,https://wpvip.com/blog/aeo-vs-seo-answer-engine-optimization/,4,0.06,0.00,0,176,"100, 100",2026-07-07,"Sitelinks, Reviews, Video, Video Carousel, Related searches, AI overview","commercial, informational",Organic
wordpress workflow automation,2,2,50,19,0.00,https://wpvip.com/blog/wordpress-workflow-automation/,4,0.06,0.00,0.01,104,"55, 77, 77, 100, 100, 100, 44, 55, 33, 22, 22, 33",2026-06-17,"Sitelinks, Reviews, Video, Video Carousel, People also ask, Related searches, AI overview",informational,Organic
wp search and replace,4,4,110,22,4.57,https://docs.wpvip.com/vip-cli/wp-cli-with-vip-cli/search-replace/,4,0.06,18.00,0.02,129,"53, 80, 34, 34, 42, 42, 34, 26, 42, 42, 34, 42",2026-07-14,"Reviews, Video, Video Carousel, People also ask, Related searches, AI overview",informational,Organic
content marketing for business growth,1,1,140,30,0.00,https://wpvip.com/resource/content-marketing-strategy-guide/,4,0.06,0.00,0.01,155,"65, 65, 42, 80, 100, 42, 15, 19, 34, 34, 65, 26",2026-05-28,"Sitelinks, Video, Video Carousel, Related searches, AI overview",informational,AI overview
memcache memcached,15,15,1600,48,9.22,https://wpvip.com/blog/switching-from-memcache-to-memcached-extension/,4,0.06,36.00,0.02,103,"100, 52, 66, 1, 20, 44, 52, 44, 44, 36, 44, 44",2026-06-02,"Sitelinks, People also ask, Related searches, AI overview",informational,Organic
headless wp,2,2,50,26,14.04,https://wpvip.com/headless-wordpress/,4,0.06,56.00,0.27,180,"28, 14, 64, 28, 100, 78, 14, 14, 14, 35, 50, 14",2026-07-09,"Sitelinks, Video, Video Carousel, People also ask, Related searches, Discussions and forums, AI overview",informational,Organic
web analytics service,1,1,880,17,13.91,https://wpvip.com/blog/web-analytics-software-tools/,4,0.06,55.00,0.02,135,"4, 3, 100, 65, 11, 100, 8, 16, 3, 5, 3, 2",2026-06-04,"Sitelinks, Video, Video Carousel, People also ask, Related searches, AI overview",informational,AI overview
wordpress enterprise solution,2,2,70,35,0.00,https://wpvip.com/,4,0.06,0.00,0.33,95,"35, 50, 100, 78, 28, 14, 7, 35, 35, 28, 28, 50",2026-07-04,"Sitelinks, Reviews, Video, People also ask, Related searches, AI overview",informational,Organic
what is multisite wordpress,1,1,70,37,1.82,https://wpvip.com/blog/wordpress-multisite/,4,0.06,7.00,0.07,103,"64, 64, 35, 50, 50, 50, 35, 50, 50, 35, 78, 64",2026-07-22,"Sitelinks, Video Carousel, People also ask, Related searches, AI overview",informational,People also ask
two factor wordpress,6,6,140,31,2.82,https://docs.wpvip.com/security-controls/wordpress/enforce-2fa/,4,0.06,11.00,0.11,127,"81, 29, 14, 35, 22, 29, 18, 14, 18, 18, 18, 14",2026-07-09,"Sitelinks, Reviews, Video, Video Carousel, Related searches, AI overview",commercial,Organic
wsod,4,4,320,23,0.00,https://learn.wpvip.com/lesson/white-screen-of-death-wsod/,4,0.06,0.00,0.33,99,"28, 35, 35, 35, 23, 35, 44, 66, 66, 81, 81, 100",2026-06-09,"Knowledge panel, Image pack, Video, Featured video, Video Carousel, People also ask, Related searches","informational, transactional",Organic
whats website migration,1,1,140,25,0.00,https://wpvip.com/glossary/website-migration/,4,0.06,0.00,0,130,"23, 10, 23, 43, 35, 17, 23, 100, 0, 35, 66, 53",2026-06-15,"Sitelinks, Reviews, Video, Ads bottom, Video Carousel, People also ask, Related searches, AI overview",informational,AI overview
wordpress cron wp-cron documentation,2,2,50,13,0.00,https://docs.wpvip.com/wordpress-on-vip/cron-control/,4,0.06,0.00,0,107,"5, 5, 100, 64, 17, 0, 5",2026-06-19,"Sitelinks, Video, Related searches, AI overview",informational,Organic
vip plugin,9,9,320,28,0.00,https://docs.wpvip.com/vip-go-mu-plugins/,4,0.06,0.00,0.33,84,"1, 1, 1, 0, 0, 0, 0, 0, 0, 0, 0, 0",2026-07-02,"Sitelinks, Reviews, Video, People also ask, Related searches",informational,Organic
wordpress vip agencies,3,3,50,10,0.00,https://wpvip.com/,4,0.06,0.00,0.14,129,"11, 11, 11, 44, 55, 44, 77, 100, 77, 77, 44, 77",2026-06-24,"Reviews, Video, Related searches",navigational,Organic
wordpress gutenberg,1,1,590,54,1.63,https://wpvip.com/glossary/wordpress-gutenberg-block-editor/,4,0.06,6.00,0.25,108,"45, 30, 36, 36, 30, 36, 20, 24, 36, 30, 36, 45",2026-07-18,"Sitelinks, Reviews, Video, Video Carousel, People also ask, Related searches, AI overview",informational,AI overview
wordpress vip partners,3,3,260,19,36.34,https://wpvip.com/why-become-a-wordpress-vip-partner-agency/,4,0.06,145.00,0.24,145,"28, 43, 43, 66, 66, 82, 82, 43, 82, 100, 66, 66",2026-06-08,"Sitelinks, Video, People also ask","informational, navigational",Organic
wordpress as a headless cms,3,3,110,32,8.48,https://wpvip.com/resource/headless-cms-guide/,4,0.06,33.00,0.16,126,"80, 52, 100, 42, 52, 33, 33, 33, 52, 33, 80, 52",2026-07-19,"Sitelinks, Video, Video Carousel, People also ask, Related searches, AI overview",informational,Organic
wordpress hosting enterprise,3,3,70,37,23.74,https://wpvip.com/wordpress-platform/,4,0.06,94.00,0.2,129,"17, 17, 29, 100, 100, 82, 41, 29, 29, 41, 52, 29",2026-06-03,"Sitelinks, Video, People also ask, Related searches, AI overview",informational,Organic
action_scheduler_run_queue,2,2,50,5,0.00,https://docs.wpvip.com/wordpress-on-vip/action-scheduler/,4,0.06,0.00,0.04,110,"5, 5, 100, 7, 5, 5, 5, 5, 5, 5, 5, 5",2026-06-11,"Sitelinks, Reviews, Video, People also ask, Related searches, AI overview",informational,Organic
headless wordpress cms,2,2,50,37,10.41,https://wpvip.com/resource/headless-cms-guide/,4,0.06,41.00,0.16,35,"36, 18, 100, 63, 36, 63, 18, 18, 81, 45, 100, 36",2026-07-19,"Sitelinks, Video Carousel, Related searches, AI overview",informational,Organic
time to live dns,8,8,210,52,1.68,https://docs.wpvip.com/domains/check-dns-record-time-to-live/,4,0.06,6.00,0.03,39,"36, 29, 23, 19, 44, 15, 9, 9, 44, 36, 54, 36",2026-07-14,"Sitelinks, Video, People also ask, Related searches, AI overview",informational,Organic
wordpress for enterprise content management,1,1,50,18,0.00,https://wpvip.com/,4,0.06,0.00,0.33,149,"41, 41, 17, 41, 52, 29, 29, 5, 23, 17, 17, 23",2026-06-15,"Sitelinks, Reviews, Video, Video Carousel, People also ask, Related searches, AI overview",informational,Organic
wordpress certification,6,6,390,18,2.86,https://learn.wpvip.com/certification/,4,0.06,11.00,0.3,104,"54, 44, 54, 66, 54, 54, 66, 54, 54, 36, 44, 36",2026-07-17,"Sitelinks, Reviews, Video, People also ask, Related searches, Discussions and forums, AI overview","commercial, informational",People also ask
wordpress cdn,6,6,260,28,8.83,https://wpvip.com/blog/wordpress-cdn/,4,0.06,35.00,0.22,110000,"44, 44, 66, 35, 66, 8, 66, 100, 28, 15, 15, 44",2026-07-11,"Sitelinks, Reviews, Video, People also ask, Related searches, Ads middle, AI overview",informational,Organic
wordpress vs wp engine,1,1,70,49,0.00,https://wpvip.com/resource/wp-engine-vs-wordpress-vip/,4,0.06,0.00,0.12,128,"9, 6, 5, 12, 15, 15, 6, 2, 5, 6, 6, 6",2026-06-22,"Sitelinks, Reviews, Video, People also ask, Related searches, Discussions and forums, AI overview","commercial, informational",AI overview
withvip,4,4,70,13,0.00,https://docs.wpvip.com/code-deployment/custom-deployment/with-vip-cli/,4,0.06,0.00,0.33,5760000,"0, 0, 0, 0, 64, 11, 11, 64, 82, 64, 64, 100",2026-06-24,"Sitelinks, Reviews, Video, People also ask",informational,Organic
wordpress vs sitecore,2,2,110,3,13.51,https://wpvip.com/resource/sitecore-vs-wordpress-vip/,3,0.04,40.00,0.33,130,"35, 35, 100, 78, 64, 78, 100, 100, 100, 78, 78, 78",2026-06-26,"Sitelinks, Reviews, Video, People also ask, AI overview",commercial,People also ask
wordpress vs sitecore,3,3,110,3,13.51,https://wpvip.com/resource/sitecore-vs-wordpress-vip/,3,0.04,40.00,0.33,130,"35, 35, 100, 78, 64, 78, 100, 100, 100, 78, 78, 78",2026-06-26,"Sitelinks, Reviews, Video, People also ask, AI overview",commercial,Organic
wp headless,2,2,40,24,14.04,https://wpvip.com/headless-wordpress/,3,0.04,42.00,0.27,4760000,"27, 18, 100, 63, 63, 36, 18, 18, 45, 45, 18, 18",2026-06-26,"Sitelinks, Video, Video Carousel, Related searches, AI overview",informational,Organic
wordpress object cache,1,1,110,23,0.00,https://docs.wpvip.com/caching/object-cache/,3,0.04,0.00,0.01,102,"18, 8, 14, 35, 22, 22, 29, 18, 29, 18, 18, 29",2026-06-10,"Sitelinks, Video, Video Carousel, Related searches, AI overview",informational,AI overview
wordpress vip agency,2,2,140,16,0.00,https://wpvip.com/partners/,3,0.04,0.00,0.09,132,"19, 19, 15, 42, 53, 65, 34, 42, 100, 80, 53, 65",2026-06-15,"Reviews, Video, People also ask, Related searches",navigational,Organic
content management system architecture,8,8,170,28,0.00,https://wpvip.com/blog/content-architecture-cms-best-practices/,3,0.04,0.00,0.05,20,"17, 43, 53, 53, 43, 66, 100, 28, 28, 35, 35, 35",2026-07-20,"Sitelinks, Video, Image, People also ask, Related searches, AI overview",informational,Organic
rest wordpress,2,2,210,34,4.33,https://learn.wpvip.com/course/mastering-the-wordpress-rest-api/,3,0.04,12.00,0.04,129,"23, 66, 35, 23, 23, 44, 44, 5, 8, 44, 44, 54",2026-06-21,"Video, Video Carousel, People also ask, Related searches, AI overview",informational,Organic
wordpress srcset,3,3,40,14,0.00,https://docs.wpvip.com/vip-file-system/image-files/responsive-images/,3,0.04,0.00,0.33,105,"9, 9, 9, 42, 33, 23, 14, 23, 23, 23, 23, 23",2026-06-12,"Sitelinks, Video, Related searches",informational,Organic
wordpress digital experience platform,1,1,110,27,0.00,https://wpvip.com/glossary/digital-experience-platform/,3,0.04,0.00,0.03,106,"41, 29, 41, 64, 64, 64, 82, 100, 82, 82, 82, 82",2026-06-02,"Sitelinks, Video, Ads bottom, People also ask, Related searches, AI overview",informational,AI overview
6.7.2,3,3,50,10,0.00,https://customerhub.wpvip.com/lobby/2025/02/11/wordpress-6-7-2-maintenance-release/,3,0.04,0.00,0.33,1980000,"0, 0, 53, 0, 0, 0, 26, 0, 53, 0, 34, 65",2026-06-07,"Sitelinks, Video, People also ask, AI overview",informational,Organic
2 step authentication wordpress,2,2,210,46,2.89,https://docs.wpvip.com/security-controls/wordpress/enforce-2fa/,3,0.04,8.00,0.09,108,"29, 66, 66, 29, 22, 54, 35, 54, 29, 43, 29, 54",2026-06-04,"Sitelinks, Video, Video Carousel, People also ask, Related searches","informational, transactional",People also ask
2 step authentication wordpress,5,5,210,46,2.89,https://docs.wpvip.com/security-controls/wordpress/enforce-2fa/,3,0.04,8.00,0.09,108,"29, 66, 66, 29, 22, 54, 35, 54, 29, 43, 29, 54",2026-06-04,"Sitelinks, Video, Video Carousel, People also ask, Related searches","informational, transactional",Organic
wordpress pim,2,2,40,2,0.00,https://wpvip.com/glossary/product-information-management/,3,0.04,0.00,0.5,135,"28, 28, 28, 42, 57, 71, 71, 100, 100, 100, 57, 42",2026-06-24,"Sitelinks, Reviews, Video, People also ask, AI overview",informational,Organic
decoupled wordpress,1,1,40,6,0.00,https://wpvip.com/resources/ebooks/decoupled-wordpress/,3,0.04,0.00,0.33,126,"9, 9, 42, 33, 23, 9, 9, 9, 9, 33, 19, 9",2026-07-17,"Sitelinks, Reviews, Video, Video Carousel, AI overview",informational,Organic
wp rest,2,2,170,38,6.42,https://docs.wpvip.com/wordpress-on-vip/wordpress-rest-api/,3,0.04,19.00,0.04,192,"66, 23, 15, 23, 28, 54, 18, 18, 44, 11, 18, 15",2026-07-14,"Sitelinks, Reviews, Video, Video Carousel, People also ask, Related searches, AI overview",navigational,Organic
wordpress certifications,1,1,30,16,2.70,https://learn.wpvip.com/certification/,3,0.04,8.00,0.14,116,"18, 9, 9, 27, 45, 36, 45, 0, 18, 27, 18, 18",2026-06-24,"Sitelinks, Reviews, Video, People also ask, Related searches, Discussions and forums, AI overview",informational,Organic
web traffic tools,3,3,210,64,11.17,https://wpvip.com/blog/web-analytics-software-tools/,3,0.04,33.00,0.14,131,"28, 17, 10, 100, 82, 82, 43, 53, 66, 43, 43, 43",2026-06-17,"Sitelinks, Reviews, Video, People also ask, Related searches, Discussions and forums",commercial,People also ask
top 10 web analytics tools 2024,4,4,110,20,0.00,https://wpvip.com/blog/web-analytics-software-tools/,3,0.04,0.00,0,146,"15, 19, 26, 26, 26, 65, 100, 53, 42, 53, 42, 42",2026-07-10,"Sitelinks, Video, People also ask, Related searches, AI overview","commercial, informational",Organic
wordpress enterprise solutions,2,2,50,41,0.00,https://wpvip.com/,3,0.04,0.00,0.33,135,"23, 29, 17, 52, 52, 23, 5, 0, 100, 17, 41, 17",2026-06-14,"Reviews, Video, Video Carousel, People also ask, Related searches, AI overview",informational,Organic
wordpress 6.7 release date september 2025,8,8,210,19,0.00,https://customerhub.wpvip.com/platform-release-schedule/,3,0.04,0.00,0,109,"1, 100, 0, 0, 0, 0, 0, 0",2026-06-16,"Reviews, Video, People also ask, Related searches, AI overview",informational,Organic
wordpress 2fa,4,4,320,54,2.82,https://docs.wpvip.com/security-controls/wordpress/enforce-2fa/,3,0.04,8.00,0.11,101,"81, 66, 66, 44, 66, 54, 44, 35, 35, 28, 44, 66",2026-07-06,"Sitelinks, Reviews, Video, Video Carousel, People also ask, Related searches, AI overview",informational,Organic
wordpress vip agency partners,1,1,90,16,0.00,https://wpvip.com/partners/,3,0.04,0.00,0.24,106,"17, 11, 41, 52, 29, 11, 23, 64, 82, 82, 82, 100",2026-07-13,"Reviews, Video, Related searches, AI overview",informational,AI overview
how to choose a headless cms for enterprise-level digital experiences,1,1,50,0,0.00,https://wpvip.com/blog/headless-cms-for-enterprise/,3,0.04,0.00,0,174,"50, 100, 50, 21, 28, 0, 7, 14",2026-07-11,"Sitelinks, Video, Discussions and forums, AI overview",informational,AI overview
jetpack ai,5,5,140,31,5.62,https://wpvip.com/jetpack-ai/,3,0.04,16.00,0.19,107,"9, 9, 7, 9, 100, 9, 7, 7, 7, 9, 7, 7",2026-06-14,"Knowledge panel, Image pack, Reviews, Video, Video Carousel, People also ask, Related searches",informational,Organic
best robots.txt for wordpress,2,2,40,13,0.00,https://docs.wpvip.com/security-controls/robots-txt/,3,0.04,0.00,0.05,148,"18, 18, 81, 100, 36, 81, 18, 27, 27, 18, 18, 18",2026-07-12,"Sitelinks, Reviews, Video, Video Carousel, Related searches, Discussions and forums, AI overview",commercial,Organic
what is ttl in dns,13,0,720,26,1.54,https://docs.wpvip.com/domains/check-dns-record-time-to-live/,3,0.04,4.00,0.03,16,"31, 31, 37, 68, 31, 46, 46, 31, 37, 37, 37, 46",2026-07-22,"Sitelinks, Video, People also ask, Related searches, AI overview",informational,Organic
web analytics tools comparison 2017,2,2,40,16,0.00,https://wpvip.com/blog/web-analytics-software-tools/,3,0.04,0.00,0.33,751000000,"42, 42, 100, 100, 100, 100, 100, 42, 28, 28, 28, 28",2026-06-30,"Reviews, Video, Related searches, AI overview",commercial,Organic
vip support,8,8,140,9,0.00,https://customerhub.wpvip.com/lobby/2025/07/24/faster-answers-smarter-support-introducing-the-vip-support-ai-agent/,3,0.04,0.00,0.01,107,"100, 66, 100, 80, 100, 100, 52, 23, 52, 66, 52, 52",2026-06-05,"Sitelinks, Video, People also ask, Related searches",informational,Organic
8 pieces of content for marketing,1,1,50,13,0.00,https://wpvip.com/blog/8-types-of-content-marketing/,3,0.04,0.00,0,198,"4, 100, 19, 9, 14, 14",2026-06-05,"Sitelinks, Video, People also ask, AI overview",informational,AI overview
internet analytics tools,6,6,110,,12.29,https://wpvip.com/blog/web-analytics-software-tools/,3,0.04,36.00,0.11,127,"0, 0, 0, 1, 0, 1, 1, 0, 0, 66, 0, 100",2026-07-12,"Sitelinks, Video, Video Carousel, People also ask, Related searches, AI overview",informational,Organic
wordpress object caching,2,2,40,25,0.00,https://docs.wpvip.com/caching/object-cache/,3,0.04,0.00,0.01,100,"33, 22, 33, 77, 33, 44, 55, 0, 0, 33, 55, 100",2026-06-09,"Sitelinks, Video, Video Carousel, People also ask, Related searches, Discussions and forums, AI overview",informational,Organic
website traffic tools,8,8,320,62,11.50,https://wpvip.com/blog/web-analytics-software-tools/,3,0.04,34.00,0.17,126,"10, 8, 36, 30, 24, 16, 45, 30, 13, 30, 16, 24",2026-06-27,"Sitelinks, Reviews, Video, People also ask, Related searches",commercial,People also ask
using wordpress for enterprise content management,1,1,50,16,0.00,https://wpvip.com/blog/enterprise-content-management/,3,0.04,0.00,0.33,148,"33, 44, 22, 55, 77, 55, 77, 77, 77, 44, 33, 44",2026-06-12,"Sitelinks, Reviews, Video, Video Carousel, People also ask, Related searches, Discussions and forums, AI overview",informational,AI overview
website url tagging requirements best practices,3,3,50,29,0.00,https://wpvip.com/blog/5-tagging-best-practices-content-strategy/,3,0.04,0.00,0,131,"100, 0, 0",2026-06-27,"Sitelinks, Reviews, Video, People also ask, Related searches, AI overview",commercial,Organic
multi site website,5,5,170,29,9.66,https://wpvip.com/blog/wordpress-multisite/,3,0.04,28.00,0.01,127,"34, 26, 34, 100, 53, 80, 53, 53, 80, 80, 80, 65",2026-07-15,"Sitelinks, Video, Video Carousel, People also ask, Related searches, AI overview",informational,Organic
what is object cache,2,2,70,29,0.00,https://docs.wpvip.com/caching/object-cache/,3,0.04,0.00,0.03,121,"33, 23, 80, 66, 23, 9, 9, 33, 19, 9, 9, 66",2026-07-04,"Reviews, Video, Video Carousel, People also ask, Related searches, AI overview",informational,Organic
how to use smart analysis for web traffic,1,1,170,24,0.00,https://wpvip.com/blog/web-analytics-software-tools/,3,0.04,0.00,0,186,"29, 29, 29, 35, 29, 35, 54, 100, 29, 22, 35, 18",2026-06-17,"Reviews, Video, Video Carousel, People also ask, Related searches, AI overview",informational,People also ask
wordpress management,1,1,720,23,12.04,https://wpvip.com/wordpress-management/,3,0.04,36.00,0.26,113,"88, 100, 88, 100, 100, 72, 48, 48, 59, 59, 59, 59",2026-05-31,"Sitelinks, Video, Video Carousel, People also ask, Related searches, AI overview",informational,AI overview
enterprise wordpress experts,7,7,170,21,0.00,https://wpvip.com/,3,0.04,0.00,0.33,132,"1, 0, 1, 1, 1, 1, 1, 0, 0, 2, 8, 100",2026-07-20,"Sitelinks, Reviews, Video, People also ask, Related searches, AI overview",informational,Organic
rest api wordpress,2,2,320,51,6.42,https://learn.wpvip.com/course/mastering-the-wordpress-rest-api/,3,0.04,19.00,0.04,127,"54, 29, 54, 66, 23, 54, 36, 44, 36, 54, 44, 36",2026-07-06,"Sitelinks, Reviews, Video, Video Carousel, People also ask, Related searches, Discussions and forums, AI overview","informational, navigational",Organic
tag content,4,4,110,21,0.00,https://wpvip.com/blog/5-tagging-best-practices-content-strategy/,3,0.04,0.00,0.33,126,"34, 34, 0, 0, 6, 34, 6, 34, 15, 65, 65, 100",2026-06-02,"Sitelinks, Video, People also ask, Related searches, AI overview",informational,Organic
headless hosting bundles with scalability,2,2,40,16,0.00,https://wpvip.com/glossary/headless-content-management-systems/,3,0.04,0.00,0,166000,"100, 77, 33, 77, 44, 0, 33, 0, 77",2026-06-28,"Sitelinks, Video, AI overview",informational,Organic
latest version of wp,6,6,140,35,8.31,https://docs.wpvip.com/wordpress-on-vip/wordpress-upgrades/,3,0.04,24.00,0.03,123,"3, 39, 2, 4, 2, 0, 0, 0, 0, 100, 0, 0",2026-07-18,"Sitelinks, Video, People also ask, Related searches, AI overview",informational,Organic
wp find replace,3,3,50,18,1.46,https://docs.wpvip.com/vip-cli/wp-cli-with-vip-cli/search-replace/,3,0.04,4.00,0.07,124,"63, 63, 63, 63, 63, 63, 63, 45, 18, 18, 18, 18",2026-07-14,"Sitelinks, Reviews, Video, Related searches, AI overview",informational,Organic
vip domain name,1,1,110,4,4.47,https://docs.wpvip.com/domains/fqdn/,3,0.04,13.00,0.2,109,"100, 29, 29, 29, 18, 18, 10, 10, 14, 10, 22, 18",2026-06-26,"Reviews, People also ask, Related searches, AI overview",commercial,People also ask
wordpress double authentication,6,6,210,41,2.89,https://docs.wpvip.com/security-controls/wordpress/enforce-2fa/,3,0.04,8.00,0.09,105,"19, 44, 44, 19, 36, 36, 23, 36, 19, 29, 0, 36",2026-06-05,"Sitelinks, Video, Video Carousel, People also ask, Related searches",informational,Organic
answer engine optimization aeo vs seo unterschiede,1,1,50,10,0.00,https://wpvip.com/blog/aeo-vs-seo-answer-engine-optimization/,3,0.04,0.00,0,176,"100, 100",2026-07-07,"Sitelinks, Reviews, Video, Video Carousel, Related searches, AI overview","commercial, informational",AI overview
happy cog,10,10,390,23,6.45,https://wpvip.com/2021/10/29/six-questions-with-happy-cog/?utm_source=twitter&utm_medium=social&utm_campaign=partner_blog&utm_content=Oktopost-Twitter,3,0.04,19.00,0.06,108,"19, 29, 44, 54, 81, 44, 67, 44, 36, 36, 29, 29",2026-06-11,"Knowledge panel, Image pack, Video, Related searches",navigational,Organic
enterprise wordpress developer,1,1,50,7,0.00,https://learn.wpvip.com/,3,0.04,0.00,0,125,"18, 18, 9, 45, 81, 81, 100, 81, 45, 45, 36, 18",2026-06-10,"Sitelinks, Video, Video Carousel, Related searches, AI overview",informational,AI overview
wp cron job,5,5,90,33,0.00,https://docs.wpvip.com/wordpress-on-vip/cron-control/,3,0.04,0.00,0.02,127,"52, 66, 66, 23, 9, 52, 52, 23, 33, 42, 33, 42",2026-06-11,"Reviews, Video, Video Carousel, People also ask, Related searches, AI overview",commercial,Organic
robots txt wp,2,2,40,21,2.53,https://docs.wpvip.com/security-controls/robots-txt/,3,0.04,7.00,0.33,124,"100, 2, 2, 0, 5, 0, 0, 0, 2, 2, 2, 2",2026-07-05,"Sitelinks, Reviews, Video, Video Carousel, People also ask, Related searches, Discussions and forums, AI overview",informational,Organic
decoupled wordpress hosting,1,1,40,10,0.00,https://wpvip.com/resources/ebooks/decoupled-wordpress/,3,0.04,0.00,0,149,"44, 22, 100, 100, 33, 0, 11, 0, 33, 55, 55, 33",2026-07-16,"Sitelinks, Reviews, Video, Related searches, AI overview",informational,Organic
wordpress single sign on,5,5,90,15,24.42,https://docs.wpvip.com/security-controls/wordpress/sso/,3,0.04,73.00,0.07,106,"7, 7, 42, 7, 7, 15, 100, 34, 7, 53, 34, 80",2026-07-04,"Sitelinks, Reviews, Video, Video Carousel, People also ask, Related searches, AI overview",informational,Organic
wordpress single login,2,2,110,12,13.56,https://docs.wpvip.com/security-controls/wordpress/sso/,3,0.04,40.00,0.12,111,"33, 66, 66, 66, 33, 52, 52, 100, 33, 33, 33, 52",2026-06-18,"Reviews, Video, Ads top, Video Carousel, People also ask, Related searches, Ads middle, AI overview","navigational, transactional",Organic
database vip,1,1,30,8,8.30,https://docs.wpvip.com/databases/,3,0.04,24.00,0.06,112,"18, 18, 18, 18, 100, 18, 18, 18, 18, 18, 18, 18",2026-07-20,"Video, People also ask, Related searches, AI overview",informational,Organic
wordpress sql injection,7,7,170,10,0.00,https://wpvip.com/blog/injection-vulnerabilities/,3,0.04,0.00,0.01,125,"12, 5, 5, 100, 43, 35, 43, 43, 43, 53, 43, 35",2026-06-05,"Sitelinks, Video, Related searches, Discussions and forums, AI overview",informational,Organic
wordpress enterprise development,4,4,90,6,0.00,https://wpvip.com/wordpress-platform/,3,0.04,0.00,0.33,104,"14, 14, 64, 64, 50, 100, 100, 78, 64, 50, 50, 64",2026-06-26,"Sitelinks, Reviews, Video, People also ask, Related searches, AI overview",informational,Organic
wordpress web vitals,4,4,110,15,0.00,https://wpvip.com/glossary/core-web-vitals/,3,0.04,0.00,0.33,122,"41, 11, 100, 100, 52, 29, 100, 41, 64, 82, 100, 100",2026-07-06,"Reviews, Video, Ads bottom, Video Carousel, People also ask, Related searches, Ads middle, AI overview",informational,Organic
vip plugin,8,8,320,28,0.00,https://wpvip.com/blog/choosing-the-best-plugins-for-wordpress-vip/,3,0.04,0.00,0.33,84,"1, 1, 1, 0, 0, 0, 0, 0, 0, 0, 0, 0",2026-07-02,"Sitelinks, Reviews, Video, People also ask, Related searches",informational,People also ask
wordpress for enterprise sites,2,2,50,17,0.00,https://wpvip.com/,3,0.04,0.00,0.33,104,"55, 33, 77, 77, 77, 100, 55, 33, 44, 77, 44, 44",2026-06-26,"Sitelinks, Reviews, Video, People also ask, Related searches, AI overview",informational,Organic
jetpack updates,3,3,50,8,0.00,https://docs.wpvip.com/wordpress-on-vip/jetpack/version-updates/,3,0.04,0.00,0,109,"0, 0, 0, 0, 0, 1, 100, 1, 1, 0, 0, 0",2026-06-04,"Sitelinks, Video, Video Carousel, People also ask, Related searches, AI overview",informational,Organic
wordpress 6.7 release candidate news,15,15,1300,27,0.00,https://wpvip.com/blog/wordpress-6-7/,3,0.04,0.00,0,106,"36, 100, 65, 1, 0, 0, 0",2026-05-29,"Video, People also ask, Related searches, AI overview",informational,Organic
web development solution,1,1,170,48,0.00,https://wpvip.com/,3,0.04,0.00,0.01,134,"43, 28, 100, 81, 65, 65, 53, 65, 53, 53, 53, 53",2026-07-18,"Reviews, Video, Related searches, AI overview",informational,AI overview
wp cli search replace,4,4,70,12,0.00,https://docs.wpvip.com/vip-cli/wp-cli-with-vip-cli/search-replace/,3,0.04,0.00,0.01,107,"52, 41, 52, 41, 52, 29, 41, 29, 11, 41, 100, 11",2026-07-14,"Reviews, Video, Video Carousel, Related searches, AI overview",informational,Organic
delphi smart linking option,3,3,50,4,0.00,https://docs.wpvip.com/parse-ly/parsely-features/smart-linking/,3,0.04,0.00,0,9480000,"33, 100, 52, 0, 0, 0, 0, 4, 4",2026-06-29,"Sitelinks, Video, Related searches, AI overview",informational,Organic
benefits of product information management,1,1,40,22,0.00,https://wpvip.com/blog/pim-benefits-and-use-cases/,3,0.04,0.00,0.33,193,"27, 27, 18, 81, 81, 27, 18, 18, 27, 18, 18, 27",2026-06-20,"Sitelinks, Reviews, Video, People also ask, Related searches, AI overview",informational,Organic
cms newspaper,1,1,90,14,10.84,https://wpvip.com/blog/the-wall-street-journal-wordpress/,3,0.04,32.00,0.3,132,"100, 1, 15, 1, 4, 1, 1, 2, 5, 1, 1, 0",2026-05-19,"Sitelinks, Video, People also ask, Related searches, AI overview",informational,People also ask
wp cdn cache,5,5,170,20,0.00,https://wpvip.com/blog/caching/,3,0.04,0.00,0,134,100,2026-07-12,"Sitelinks, Reviews, Video, People also ask, Related searches, AI overview",informational,Organic
buying committee,6,6,140,24,0.00,https://wpvip.com/blog/b2b-buying-committee-content-strategy/,3,0.04,0.00,0.02,137,"8, 18, 18, 28, 28, 28, 28, 28, 23, 23, 23, 18",2026-06-04,"Sitelinks, Video, People also ask, Related searches, AI overview",informational,Organic
object caching,4,4,90,20,1.97,https://docs.wpvip.com/caching/object-cache/,3,0.04,5.00,0.08,131,"41, 52, 17, 100, 82, 64, 17, 64, 82, 0, 11, 41",2026-05-31,"Sitelinks, Video, People also ask, Related searches, AI overview",informational,Organic
wordpress vip pricing,2,2,170,26,25.44,https://wpvip.com/wordpress-vip-agile-content-platform/,3,0.04,76.00,0.45,107,"43, 28, 65, 53, 65, 65, 81, 12, 100, 53, 43, 53",2026-07-21,"Sitelinks, Reviews, Video, People also ask, Related searches, AI overview",transactional,Organic
website migration,1,1,3600,41,13.11,https://wpvip.com/glossary/website-migration/,3,0.04,39.00,0.12,109,"54, 36, 81, 81, 36, 66, 36, 100, 66, 24, 36, 54",2026-07-21,"Reviews, Video, Video Carousel, People also ask, Related searches, AI overview",informational,AI overview
certification wordpress,1,1,30,31,2.60,https://learn.wpvip.com/certification/,3,0.04,7.00,0.24,132,"45, 45, 45, 100, 27, 27, 9, 18, 18, 9, 0, 9",2026-06-15,"Sitelinks, Reviews, Video, People also ask, Related searches, Discussions and forums, AI overview",commercial,Organic
wp-cli search-replace handles serialized data,3,3,40,2,0.00,https://docs.wpvip.com/vip-cli/wp-cli-with-vip-cli/search-replace/,3,0.04,0.00,0,114,"9, 27, 9, 36, 27, 63, 27, 100, 63, 36, 27",2026-07-19,"Sitelinks, Video, Related searches",informational,Organic
enterprise managed wordpress hosting,1,1,170,47,0.00,https://wpvip.com/glossary/managed-wordpress-hosting/,3,0.04,0.00,0.08,148,"34, 26, 34, 100, 80, 80, 100, 65, 80, 53, 80, 80",2026-06-27,"Sitelinks, Video, Video Carousel, People also ask, Related searches, AI overview",informational,AI overview
wordpress myths,3,3,40,14,0.00,https://wpvip.com/blog/wordpress-myths/,3,0.04,0.00,0.33,130,"57, 42, 71, 100, 57, 28, 28, 42, 42, 57, 42, 57",2026-07-20,"Sitelinks, Reviews, Video, Featured snippet",informational,Organic
wp multisite,6,6,210,35,19.07,https://wpvip.com/blog/wordpress-multisite/,3,0.04,57.00,0.3,131,"30, 36, 20, 8, 8, 10, 10, 8, 5, 24, 8, 13",2026-07-02,"Reviews, Video, Video Carousel, People also ask, Related searches, AI overview",informational,Organic
vip dev,6,6,90,14,0.00,https://docs.wpvip.com/vip-cli/commands/dev-env/create/,3,0.04,0.00,0.02,100,"81, 100, 100, 100, 63, 63, 100, 100, 100, 63, 100, 100",2026-07-18,"Reviews, Video, Image, Related searches",informational,Organic
wordpress for enterprise content management,2,2,50,18,0.00,https://wpvip.com/content-management-system/,3,0.04,0.00,0.33,149,"41, 41, 17, 41, 52, 29, 29, 5, 23, 17, 17, 23",2026-06-15,"Sitelinks, Reviews, Video, Video Carousel, People also ask, Related searches, AI overview",informational,Organic
2fa.vip,5,5,320,50,3.61,https://docs.wpvip.com/security-controls/wordpress/enforce-2fa/,3,0.04,10.00,0.03,0,"0, 0, 0, 0, 1, 3, 7, 27, 27, 8, 10, 10",2026-06-28,"Sitelinks, Reviews, Video",navigational,Organic
what is a site migration,1,1,260,46,0.00,https://wpvip.com/glossary/website-migration/,3,0.04,0.00,0.01,184,"2, 1, 5, 13, 10, 2, 6, 6, 3, 8, 100, 67",2026-06-27,"Sitelinks, Reviews, Video, People also ask, Related searches, AI overview",informational,AI overview
evaluate the digital publishing company wordpress on multimedia content,2,2,40,17,0.00,https://wpvip.com/blog/digital-publishing-trends-media-guide/,3,0.04,0.00,0,3670000,"9, 9, 18, 100, 100, 63, 9, 9, 0, 0, 36",2026-07-12,"Sitelinks, Reviews, Video, People also ask, Related searches, AI overview",informational,Organic
product information management benefits,1,1,40,15,0.00,https://wpvip.com/blog/pim-benefits-and-use-cases/,3,0.04,0.00,0.33,138,"45, 18, 18, 63, 63, 18, 36, 18, 27, 27, 18, 27",2026-06-01,"Sitelinks, Video, Video Carousel, People also ask, Related searches, AI overview",informational,Organic
2 factor authentication wordpress,6,6,140,23,2.89,https://docs.wpvip.com/security-controls/wordpress/enforce-2fa/,2,0.03,5.00,0.09,107,"17, 17, 66, 82, 17, 23, 35, 66, 12, 17, 2, 35",2026-06-09,"Sitelinks, Video, Video Carousel, People also ask, Related searches",informational,Organic
gutenberg editor wordpress,4,4,140,31,1.52,https://wpvip.com/wordpress-gutenberg/,2,0.03,3.00,0.18,131,"82, 64, 64, 82, 82, 100, 82, 82, 82, 100, 100, 100",2026-06-02,"Video, Ads bottom, Video Carousel, People also ask, Related searches, AI overview",informational,Organic
robots.txt in wordpress,1,1,110,32,1.11,https://docs.wpvip.com/security-controls/robots-txt/,2,0.03,2.00,0.33,126,"29, 2, 0, 22, 10, 8, 8, 29, 10, 4, 66, 100",2026-06-22,"Sitelinks, Reviews, Video, Video Carousel, People also ask, Related searches, AI overview",informational,AI overview
what is wordpress vip,1,1,110,13,10.48,https://wpvip.com/,2,0.03,20.00,0.22,20,"42, 42, 52, 66, 42, 52, 80, 33, 52, 100, 33, 52",2026-07-19,"Sitelinks, Reviews, Video, People also ask, Related searches, AI overview","informational, navigational",Organic
best content management system cms for government agencies 2025 2026,4,4,50,28,0.00,https://wpvip.com/blog/10-best-enterprise-content-management-systems/,2,0.03,0.00,0,33,"14, 100, 100",2026-07-15,"Sitelinks, Reviews, Related searches, AI overview",commercial,Organic
wordpress vip agency,3,3,140,16,0.00,https://wpvip.com/partners/technology-partners/,2,0.03,0.00,0.09,132,"19, 19, 15, 42, 53, 65, 34, 42, 100, 80, 53, 65",2026-06-15,"Reviews, Video, People also ask, Related searches",navigational,Organic
cron wordpress,6,6,90,25,0.00,https://docs.wpvip.com/wordpress-on-vip/cron-control/,2,0.03,0.00,0.02,125,"65, 53, 53, 42, 34, 26, 42, 19, 34, 42, 11, 42",2026-06-22,"Reviews, Video, People also ask, Related searches, AI overview",informational,Organic
enterprise content management strategy,10,10,720,24,0.00,https://wpvip.com/blog/enterprise-content-management-strategy/,2,0.03,0.00,0.33,135,"24, 24, 30, 45, 67, 55, 76, 100, 76, 76, 67, 76",2026-06-13,"Reviews, Video, Video Carousel, People also ask, Related searches, AI overview",informational,Organic
what does it mean to migrate from a website,7,7,170,17,0.00,https://wpvip.com/glossary/website-migration/,2,0.03,0.00,0,166,"5, 23, 43, 43, 17, 53, 100, 0, 28, 53, 66, 66",2026-07-10,"Reviews, Video, People also ask, Related searches, Discussions and forums, AI overview",informational,Organic
wordpress search query optimization techniques,5,5,90,23,0.00,https://docs.wpvip.com/databases/optimize-queries/optimize-core-queries-at-scale/,2,0.03,0.00,0,131,"100, 0, 0, 2, 4, 0",2026-07-13,"Sitelinks, Reviews, Video, Video Carousel, Related searches, AI overview",informational,Organic
cdn wordpress,4,4,110,25,5.78,https://wpvip.com/blog/wordpress-cdn/,2,0.03,11.00,0.17,129,"15, 28, 43, 21, 28, 53, 12, 15, 43, 53, 21, 100",2026-06-14,"Sitelinks, Reviews, Video, Video Carousel, People also ask, Related searches, AI overview",informational,Organic
buying committee analysis,9,9,110,17,0.00,https://wpvip.com/blog/b2b-buying-committee-content-strategy/,2,0.03,0.00,0,124,"0, 33, 42, 23, 66, 100, 66, 42, 42, 42, 66",2026-06-29,"Reviews, Video, Related searches, AI overview",informational,Organic
headless wordpres,3,3,40,35,15.67,https://wpvip.com/headless-wordpress/,2,0.03,31.00,0.25,106,"3, 3, 21, 9, 6, 0, 0, 0, 0, 0, 100, 3",2026-07-12,"Sitelinks, Video, Ads bottom, Video Carousel, People also ask, Related searches, Discussions and forums, AI overview",informational,Organic
wordpress 6.7 release date news october 2025,8,8,170,12,0.00,https://wpvip.com/blog/wordpress-6-7/,2,0.03,0.00,0,611000,"100, 2, 0, 0, 0, 0",2026-06-19,"Sitelinks, Reviews, Video, People also ask, Related searches, AI overview",informational,Organic
wp cache,3,3,140,41,3.67,https://docs.wpvip.com/caching/object-cache/,2,0.03,7.00,0.13,111,"100, 12, 34, 53, 65, 53, 12, 43, 43, 21, 34, 28",2026-07-09,"Sitelinks, Reviews, Video, Video Carousel, People also ask, Related searches, AI overview",informational,People also ask
american eagle agency,5,5,90,50,5.19,https://wpvip.com/partner/americaneagle-com/,2,0.03,10.00,0.11,129,"33, 33, 33, 66, 52, 42, 33, 52, 42, 66, 33, 52",2026-06-04,"Video, People also ask, Related searches",navigational,Organic
vip log in,7,7,90,13,5.72,https://docs.wpvip.com/vip-dashboard/vip-dashboard-log-in/,2,0.03,11.00,0.01,108,"4, 9, 19, 23, 15, 19, 9, 9, 15, 0, 12, 15",2026-06-20,"Sitelinks, Reviews, Video, Related searches","navigational, transactional",Organic
wordpress robots,1,1,590,31,0.00,https://docs.wpvip.com/security-controls/robots-txt/,2,0.03,0.00,0.33,106,"8, 1, 76, 67, 76, 36, 76, 100, 67, 36, 3, 6",2026-07-18,"Sitelinks, Reviews, Video, Video Carousel, People also ask, Related searches, AI overview",informational,AI overview
non-production environment synchronization,1,1,40,9,0.00,https://docs.wpvip.com/databases/data-sync/,2,0.03,0.00,0,112000000,"28, 42, 28, 57, 71, 57, 100, 71, 57, 57, 57, 28",2026-06-11,"Sitelinks, Video, People also ask, Related searches, AI overview",informational,AI overview
omnichannel architecture,3,3,50,9,5.26,https://wpvip.com/blog/omnichannel-content-management/,2,0.03,10.00,0.31,135,"45, 81, 18, 45, 63, 45, 18, 18, 36, 63, 63, 45",2026-06-23,"Image pack, Reviews, Video, Image, AI overview",informational,Organic
hercampus.com,28,28,1600,52,0.00,https://wpvip.com/case-studies/her-campus-media/,2,0.03,0.00,0.33,1640000,"52, 44, 36, 66, 36, 100, 2, 80, 52, 5, 5, 80",2026-05-31,"Knowledge panel, Video, People also ask",navigational,Organic
wordpress vip agency partners,1,1,90,16,0.00,https://wpvip.com/partners/agency-partners/,2,0.03,0.00,0.24,106,"17, 11, 41, 52, 29, 11, 23, 64, 82, 82, 82, 100",2026-07-13,"Reviews, Video, Related searches, AI overview",informational,Organic
wordpress hosting with soc 2 certification,2,2,70,9,0.00,https://wpvip.com/blog/soc2-type1-attestation/,2,0.03,0.00,0,178,"45, 18, 63, 81, 63, 81, 81, 100, 63, 45, 45, 45",2026-06-30,"Sitelinks, Video, People also ask, Related searches, Discussions and forums, Ads middle, AI overview",informational,Organic
most secure content management platform for regulated industries,4,4,50,9,0.00,https://wpvip.com/blog/10-best-enterprise-content-management-systems/,2,0.03,0.00,0,203,"100, 81, 63, 27, 9, 9, 0, 63",2026-07-10,"Sitelinks, Reviews, Video, People also ask, Related searches, AI overview",informational,Organic
edit robots.txt wordpress,5,5,110,32,0.00,https://docs.wpvip.com/security-controls/robots-txt/,2,0.03,0.00,0.08,115,"3, 3, 11, 11, 9, 14, 17, 11, 9, 11, 14, 7",2026-06-30,"Sitelinks, Reviews, Video, Video Carousel, People also ask, Related searches, Discussions and forums, AI overview",informational,Organic
wp vip,1,1,210,31,25.61,https://wpvip.com/resource/wp-engine-vs-wordpress-vip/,2,0.03,51.00,0.45,111,"12, 81, 15, 19, 23, 12, 36, 15, 10, 29, 12, 12",2026-06-17,"Sitelinks, Reviews, Video, Video Carousel, People also ask",navigational,People also ask
web analytics tools comparison,5,5,50,27,0.00,https://wpvip.com/blog/web-analytics-software-tools/,2,0.03,0.00,0.33,125,"14, 14, 35, 35, 64, 35, 28, 50, 28, 50, 21, 50",2026-07-08,"Sitelinks, Video, Video Carousel, People also ask, Related searches",commercial,Organic
wordpress scalability,5,5,90,21,7.09,https://wpvip.com/blog/wordpress-scalability/,2,0.03,14.00,0.11,102,"23, 11, 17, 100, 82, 52, 29, 41, 52, 52, 100, 100",2026-06-15,"Sitelinks, Reviews, Video, People also ask, Related searches, Discussions and forums, AI overview",informational,Organic
what is a hybrid cms,9,9,170,17,0.00,https://wpvip.com/glossary/hybrid-cms/,2,0.03,0.00,0.03,182,"12, 15, 12, 100, 29, 12, 2, 29, 12, 29, 19, 23",2026-06-02,"Sitelinks, Video, People also ask, Related searches, AI overview",informational,Organic
what is wordpress multisite,5,5,210,40,1.82,https://wpvip.com/blog/wordpress-multisite/,2,0.03,3.00,0.1,106,"15, 19, 15, 29, 44, 12, 36, 44, 44, 54, 9, 36",2026-06-19,"Sitelinks, Video Carousel, People also ask, Related searches, AI overview",informational,Organic
what is site migration,9,9,480,35,0.00,https://wpvip.com/glossary/website-migration/,2,0.03,0.00,0.01,129,"3, 4, 10, 13, 7, 10, 20, 5, 8, 24, 100, 36",2026-07-05,"Sitelinks, Reviews, Video, Video Carousel, People also ask, Related searches, AI overview",informational,Organic
wordpress caching,4,4,170,37,3.67,https://wpvip.com/blog/caching/,2,0.03,7.00,0.13,52,"34, 34, 65, 65, 28, 81, 65, 100, 28, 65, 81, 43",2026-07-18,"Sitelinks, Video, People also ask, Related searches, AI overview",informational,People also ask
most recent wordpress version,12,12,590,45,11.74,https://customerhub.wpvip.com/platform-release-schedule/,2,0.03,23.00,0.02,106,"37, 20, 52, 3, 37, 52, 52, 2, 4, 46, 3, 31",2026-06-17,"Sitelinks, Reviews, Video, People also ask, Related searches, AI overview",informational,Organic
wordpress 6.7 release candidate news october 2025,1,1,110,19,0.00,https://wpvip.com/blog/wordpress-6-7/,2,0.03,0.00,0,21000,"100, 1, 1, 0, 1, 3",2026-06-21,"Video, People also ask, Related searches, AI overview",informational,People also ask
wordpress 6.7 release candidate news october 2025,4,4,110,19,0.00,https://customerhub.wpvip.com/lobby-category/software-updates/wordpress/page/2/,2,0.03,0.00,0,21000,"100, 1, 1, 0, 1, 3",2026-06-21,"Video, People also ask, Related searches, AI overview",informational,Organic
wordpress vip business plan pricing 2024,1,1,90,25,0.00,https://wpvip.com/resource/wp-engine-vs-wordpress-vip/,2,0.03,0.00,0,100,"21, 100, 0, 0, 0",2026-06-19,"Reviews, Video, People also ask, Related searches, AI overview",navigational,Organic
using wordpress for enterprise content management,1,1,50,16,0.00,https://wpvip.com/blog/enterprise-content-management/,2,0.03,0.00,0.33,148,"33, 44, 22, 55, 77, 55, 77, 77, 77, 44, 33, 44",2026-06-12,"Sitelinks, Reviews, Video, Video Carousel, People also ask, Related searches, Discussions and forums, AI overview",informational,Organic
audit wordpress,1,1,70,32,0.00,https://docs.wpvip.com/logs/audit-log/,2,0.03,0.00,0.07,98,"100, 82, 82, 23, 23, 11, 11, 11, 17, 29, 17, 11",2026-06-19,"Sitelinks, Reviews, Video, Video Carousel, People also ask, Related searches, AI overview",informational,People also ask
wordpress rest api endpoints,3,3,40,33,0.00,https://docs.wpvip.com/wordpress-on-vip/wordpress-rest-api/,2,0.03,0.00,0.33,107,"17, 23, 17, 82, 29, 11, 11, 11, 52, 23, 11, 11",2026-06-13,"Sitelinks, Reviews, Video, Video Carousel, Related searches, Discussions and forums, AI overview",informational,Organic
wordpress vip cost,3,3,50,18,0.00,https://wpvip.com/wordpress-vip-agile-content-platform/,2,0.03,0.00,0.54,107,"29, 17, 29, 29, 11, 29, 11, 41, 41, 29, 41, 17",2026-06-26,"Sitelinks, Reviews, Video, Ads top, People also ask, Related searches, AI overview",informational,Organic
ttl 14400,1,1,50,16,0.00,https://docs.wpvip.com/domains/check-dns-record-time-to-live/,2,0.03,0.00,0.01,102,"29, 41, 41, 41, 17, 41, 41, 11, 11, 11, 11, 100",2026-06-20,"Video, People also ask, Related searches, AI overview",informational,People also ask
elastic search wordpress,5,5,50,24,8.07,https://docs.wpvip.com/wordpress-on-vip/search-options/elasticsearch/,2,0.03,16.00,0.15,108,"33, 33, 100, 55, 55, 22, 11, 44, 77, 55, 77, 100",2026-07-13,"Sitelinks, Reviews, Video, People also ask, Related searches",informational,Organic
wordpress workflows,3,3,40,24,5.05,https://wpvip.com/blog/wordpress-workflow-automation/,2,0.03,10.00,0.11,102,"18, 27, 100, 81, 36, 18, 0, 0, 9, 18, 63, 27",2026-06-26,"Sitelinks, Reviews, Video, Ads bottom, Video Carousel, People also ask, Related searches, AI overview",informational,Organic
php linter,8,8,110,28,4.52,https://docs.wpvip.com/wordpress-on-vip/php/versions/php-linting-scans/,2,0.03,9.00,0.08,116,"35, 28, 35, 28, 28, 28, 43, 23, 35, 17, 12, 28",2026-07-18,"Sitelinks, Video, People also ask, Related searches",informational,Organic
wp engine vs wordpress,6,6,110,34,24.06,https://wpvip.com/resource/wp-engine-vs-wordpress-vip/,2,0.03,48.00,0.22,127,"3, 8, 8, 13, 13, 10, 13, 10, 13, 8, 8, 6",2026-06-29,"Sitelinks, Reviews, Video, People also ask, Related searches, Discussions and forums, AI overview","commercial, informational",Organic
inurl:wp-content/backup-db/,15,15,480,16,0.00,https://docs.wpvip.com/databases/backups/,2,0.03,0.00,0.33,156,"36, 10, 10, 100, 36, 24, 24, 10, 0, 0, 0, 0",2026-07-01,"Sitelinks, Reviews, Video, AI overview",informational,Organic
how many words in a blog post,1,1,50,35,0.00,https://wpvip.com/blog/ideal-word-count/,2,0.03,0.00,0.15,146,"6, 6, 6, 12, 28, 15, 9, 100, 6, 6, 6, 6",2026-06-24,"Sitelinks, Reviews, Video, People also ask, Related searches, AI overview",informational,People also ask
savage ventures,6,6,480,21,0.00,https://wpvip.com/case-studies/savage-ventures-wordpress-vip/,2,0.03,0.00,0.33,107,"21, 26, 26, 59, 32, 26, 32, 32, 59, 59, 100, 100",2026-06-24,"Sitelinks, Reviews, Video, People also ask, Related searches, AI overview","informational, navigational",Organic
wp content plugins,2,2,110,24,4.72,https://docs.wpvip.com/wordpress-skeleton/plugins-directory/,2,0.03,9.00,0.07,123,"43, 22, 29, 22, 54, 43, 6, 14, 4, 0, 22, 22",2026-05-29,"Sitelinks, Video, People also ask, Related searches, AI overview",informational,People also ask
40q,5,5,90,19,0.00,https://wpvip.com/partner/40q/,2,0.03,0.00,0.33,504000,"78, 64, 64, 35, 78, 21, 14, 14, 78, 64, 100, 78",2026-07-10,"Image pack, Sitelinks, Video, Related searches, AI overview",informational,Organic
wordpress 6.7 release date news today,5,5,110,8,0.00,https://wpvip.com/blog/wordpress-6-7/,2,0.03,0.00,0,111,"53, 100, 43, 5, 0, 0, 0, 0",2026-06-26,"Reviews, Video, People also ask, Related searches, AI overview",informational,Organic
sql injection wordpress,5,5,70,15,0.00,https://wpvip.com/blog/injection-vulnerabilities/,2,0.03,0.00,0.01,120,"7, 7, 34, 53, 53, 15, 19, 7, 7, 42, 7, 34",2026-07-02,"Sitelinks, Video, People also ask, Related searches, Discussions and forums, AI overview",informational,Organic
wp content uploads wordpress,5,5,110,19,23.35,https://docs.wpvip.com/vip-file-system/media-uploads/,2,0.03,46.00,0.01,105,"100, 0, 0, 28, 0, 0, 34, 0, 28, 100, 65, 65",2026-06-03,"Sitelinks, Video, People also ask, Related searches, AI overview",informational,Organic
default robots txt,5,5,90,60,0.00,https://docs.wpvip.com/security-controls/robots-txt/,2,0.03,0.00,0.02,135,"66, 66, 35, 28, 12, 10, 10, 7, 17, 12, 10, 5",2026-06-26,"Sitelinks, Reviews, Video, People also ask, Related searches, Discussions and forums, AI overview",informational,Organic
enterprise wordpress developer,4,4,50,7,0.00,https://learn.wpvip.com/,2,0.03,0.00,0,125,"18, 18, 9, 45, 81, 81, 100, 81, 45, 45, 36, 18",2026-06-10,"Sitelinks, Video, Video Carousel, Related searches, AI overview",informational,Organic
what is a website migration,4,4,90,32,0.00,https://wpvip.com/glossary/website-migration/,2,0.03,0.00,0.01,157,"11, 11, 52, 52, 29, 29, 100, 41, 64, 64, 64, 82",2026-06-30,"Sitelinks, Reviews, Video, Video Carousel, People also ask, Related searches, AI overview",informational,Organic
cost of website downtime,3,3,50,24,0.00,https://wpvip.com/blog/website-downtime-cost/,2,0.03,0.00,0.33,141,"52, 23, 41, 52, 23, 17, 52, 41, 41, 29, 17, 23",2026-06-26,"Sitelinks, Video, People also ask, Related searches, Discussions and forums, AI overview",informational,Organic
parsely,15,15,4400,54,0.93,https://learn.wpvip.com/parsely/,2,0.03,1.00,0.48,112,"44, 44, 54, 44, 44, 36, 81, 24, 44, 19, 54, 44",2026-07-19,"Knowledge panel, Image pack, Sitelinks, Reviews, Video, People also ask, Related searches, AI overview",navigational,Organic
omnichannel content-management,1,1,70,15,15.09,https://wpvip.com/blog/omnichannel-content-management/,2,0.03,30.00,0.05,135,"36, 36, 100, 100, 81, 18, 27, 63, 81, 100, 81, 100",2026-06-30,"Sitelinks, Reviews, Video, People also ask, Related searches, AI overview",informational,AI overview
omnichannel content-management,5,5,70,15,15.09,https://wpvip.com/blog/omnichannel-content-management/,2,0.03,30.00,0.05,135,"36, 36, 100, 100, 81, 18, 27, 63, 81, 100, 81, 100",2026-06-30,"Sitelinks, Reviews, Video, People also ask, Related searches, AI overview",informational,Organic
wordpress 6.7 release date news november 2025,7,7,110,13,0.00,https://wpvip.com/blog/wordpress-6-7/,2,0.03,0.00,0,109,"100, 0, 0, 0, 0, 0",2026-07-11,"Video, People also ask, Related searches, AI overview",informational,Organic
aeo in seo,15,15,720,48,8.09,https://wpvip.com/blog/aeo-vs-seo-answer-engine-optimization/,2,0.03,16.00,0.26,135,"0, 44, 20, 11, 34, 20, 82, 30, 5, 2, 30, 13",2026-07-14,"Sitelinks, Reviews, Video, People also ask, Related searches, AI overview",informational,Organic
wordpress two factor authentication,2,2,320,48,2.89,https://docs.wpvip.com/security-controls/wordpress/enforce-2fa/,2,0.03,5.00,0.09,100,"54, 81, 54, 66, 44, 66, 44, 44, 28, 44, 28, 44",2026-06-24,"Sitelinks, Reviews, Video, Video Carousel, People also ask, AI overview",informational,People also ask
wordpress vip self-hosted servers on-premises,1,1,210,24,0.00,https://wpvip.com/blog/self-hosted-wordpress/,2,0.03,0.00,0,4310000,"3, 100, 100, 8, 0, 0",2026-07-10,"Sitelinks, Reviews, Video, Video Carousel, Related searches, AI overview",informational,Organic
wpvip,1,1,170,31,21.25,https://wpvip.com/,2,0.03,42.00,0.4,150,"43, 43, 43, 53, 66, 53, 43, 43, 43, 43, 35, 35",2026-06-09,"Sitelinks, Video, Video Carousel, People also ask, Related searches",navigational,People also ask
database import,2,2,70,30,5.37,https://docs.wpvip.com/databases/import/,2,0.03,10.00,0.23,128,"0, 0, 100, 0, 0, 0, 44, 0, 0, 0, 0, 0",2026-07-18,"Sitelinks, Reviews, Video, People also ask, Related searches, AI overview",informational,Organic
hybrid cms,14,14,880,13,0.00,https://wpvip.com/blog/headless-vs-hybrid-cms-architecture-comparison/,2,0.03,0.00,0.33,158,"16, 24, 30, 81, 62, 36, 62, 62, 81, 100, 81, 45",2026-06-20,"Sitelinks, Reviews, Video, People also ask, Related searches, AI overview",informational,Organic
tebra cms to wordpress migration developer expert,12,12,320,4,0.00,https://wpvip.com/resources/ebooks/website-migration-guide-wordpress-vip/,2,0.03,0.00,0,1170,"1, 81, 100, 29, 0, 0",2026-07-10,"Reviews, Video, People also ask, Ads middle, AI overview",informational,Organic
wordpress 6.7 release date october 2025,9,9,260,28,0.00,https://customerhub.wpvip.com/platform-release-schedule/,2,0.03,0.00,0,110,"100, 0, 0, 0, 0, 0",2026-06-18,"Reviews, Video, Ads bottom, People also ask, Related searches, AI overview",informational,Organic
wordpress release,3,3,40,35,0.00,https://customerhub.wpvip.com/platform-release-schedule/,2,0.03,0.00,0.02,109,"19, 7, 7, 15, 3, 19, 15, 19, 0, 42, 19, 15",2026-07-06,"Reviews, Video, People also ask, Related searches",navigational,Organic
yoast seo premium gettheme vip,11,11,1000,51,0.00,https://wpvip.com/partner/yoast/,2,0.03,0.00,0.33,517,"0, 2, 0, 0, 3, 36, 43, 100, 43, 20, 7, 0",2026-06-03,"Sitelinks, Video, Ads bottom, Related searches",transactional,Organic
wordpress multisite examples,7,7,90,19,0.00,https://wpvip.com/blog/wordpress-multisite/,2,0.03,0.00,0.1,107,"29, 29, 64, 41, 64, 64, 64, 11, 41, 29, 52, 64",2026-07-18,"Sitelinks, Video, Video Carousel, Related searches, AI overview",informational,Organic
what is multisite in wordpress,1,1,70,38,1.82,https://wpvip.com/blog/wordpress-multisite/,2,0.03,3.00,0.07,148,"63, 63, 36, 45, 63, 36, 45, 63, 63, 45, 100, 81",2026-07-10,"Sitelinks, Video, Video Carousel, People also ask, Related searches, AI overview",informational,People also ask
what is multisite in wordpress,1,1,70,38,1.82,https://wpvip.com/glossary/wordpress-multisite/,2,0.03,3.00,0.07,148,"63, 63, 36, 45, 63, 36, 45, 63, 63, 45, 100, 81",2026-07-10,"Sitelinks, Video, Video Carousel, People also ask, Related searches, AI overview",informational,People also ask
top 10 web analytics tools,5,5,110,25,0.00,https://wpvip.com/blog/web-analytics-software-tools/,2,0.03,0.00,0.03,141,"65, 65, 100, 100, 34, 7, 42, 11, 7, 42, 53, 7",2026-07-07,"Sitelinks, Reviews, Video, Ads bottom, People also ask, Related searches, Ads middle, AI overview",commercial,Organic
header strict-transport-security,1,1,70,55,4.43,https://docs.wpvip.com/tls/enable-hsts/,2,0.03,8.00,0.03,133,"0, 0, 0, 0, 0, 23, 0, 5, 12, 12, 19, 23",2026-07-10,"Sitelinks, Reviews, Video, Video Carousel, People also ask, Related searches, AI overview",informational,People also ask
wcima wordpress,7,7,70,8,0.00,https://wpvip.com/resource/content-matters-2023-report-strategy-and-execution/,2,0.03,0.00,0.33,327,"63, 63, 100, 81, 45, 100, 63, 81, 81, 63, 63, 81",2026-07-19,"Video, Related searches",informational,Organic
best content management platform for government agencies,1,1,70,8,0.00,https://wpvip.com/blog/10-best-enterprise-content-management-systems/,2,0.03,0.00,0,199,"100, 63, 18",2026-06-17,"Sitelinks, Reviews, Video, People also ask, Related searches, Discussions and forums, AI overview",commercial,AI overview
platforms that integrate with wordpress plugins,1,1,70,10,0.00,https://wpvip.com/wordpress-ecosystem/,2,0.03,0.00,0,160,"22, 77, 100, 77",2026-07-04,"Sitelinks, Reviews, Video, Video Carousel, People also ask, Related searches, AI overview",informational,AI overview
platforms that integrate with wordpress plugins,2,2,70,10,0.00,https://wpvip.com/wordpress-ecosystem/,2,0.03,0.00,0,160,"22, 77, 100, 77",2026-07-04,"Sitelinks, Reviews, Video, Video Carousel, People also ask, Related searches, AI overview",informational,Organic
wordpress vip partners,6,6,260,19,36.34,https://wpvip.com/blog/agency-partner-showcase-media-publishing-success/,2,0.03,72.00,0.24,145,"28, 43, 43, 66, 66, 82, 82, 43, 82, 100, 66, 66",2026-06-08,"Sitelinks, Video, People also ask","informational, navigational",Organic
enterprise wordpress development,13,13,480,6,12.33,https://wpvip.com/wordpress-platform/,2,0.03,24.00,0.1,125,"29, 23, 23, 54, 66, 66, 100, 81, 81, 81, 81, 66",2026-06-14,"Sitelinks, Reviews, Video, Related searches, AI overview","commercial, informational",Organic
https://wordpress.com,27,27,1600,100,3.05,https://wpvip.com/,2,0.03,6.00,0.41,526000000,"0, 2, 0, 1, 3, 19, 24, 5, 8, 54, 44, 10",2026-06-03,"Video, People also ask",navigational,Organic
https://wordpress.com,29,29,1600,100,3.05,https://wpvip.com/,2,0.03,6.00,0.41,526000000,"0, 2, 0, 1, 3, 19, 24, 5, 8, 54, 44, 10",2026-06-03,"Video, People also ask",navigational,Organic
connect cmo leadership summit,5,5,50,4,3.27,https://wpvip.com/event/cmo-leadership-summit-october-25/,2,0.03,6.00,0.25,110,"9, 14, 23, 33, 33, 23, 19, 19, 23, 23, 23, 9",2026-07-22,"Video, Related searches","informational, transactional",Organic
wordpress 6.7 release news september 2025,3,3,70,25,0.00,https://customerhub.wpvip.com/lobby/2025/08/05/wordpress-6-7-3-maintenance-release-with-backported-versions/,2,0.03,0.00,0,345000,"100, 0, 0, 0, 0, 2, 2",2026-06-18,"Reviews, Video, People also ask, Related searches, AI overview",informational,Organic
what is a wordpress multisite,1,1,50,31,1.82,https://wpvip.com/blog/wordpress-multisite/,2,0.03,3.00,0.07,146,"0, 12, 28, 28, 10, 12, 35, 5, 23, 2, 10, 12",2026-07-22,"Sitelinks, Video, Video Carousel, People also ask, Related searches, AI overview",informational,People also ask
wordpress enterprise support,1,1,70,10,0.00,https://wpvip.com/wordpress-vip-enterprise-support/,2,0.03,0.00,0.33,102,"3, 2, 9, 9, 5, 2, 1, 5, 7, 9, 9, 11",2026-07-13,"Sitelinks, Reviews, Video, People also ask, Related searches, AI overview",informational,AI overview
topic vip,7,7,90,26,0.00,https://docs.wpvip.com/,2,0.03,0.00,0.33,253000000,"0, 0, 0, 0, 0, 0, 8, 8, 8, 16, 8, 20",2026-06-21,"Reviews, Video, People also ask, Related searches, AI overview",informational,Organic
phpcs,8,8,170,43,5.14,https://docs.wpvip.com/php_codesniffer/,2,0.03,10.00,0.09,126,"35, 35, 43, 35, 35, 29, 43, 43, 43, 35, 35, 29",2026-06-03,"Video, People also ask, Related searches, AI overview",informational,Organic
wpeni,3,3,170,56,2.43,https://wpvip.com/,2,0.03,4.00,0.33,2540,"0, 0, 0, 0, 0, 100, 0, 0, 0, 0, 0, 0",2026-06-30,"Sitelinks, Reviews, Video, Video Carousel, People also ask, Related searches",navigational,Organic
pim use cases,5,5,90,12,0.00,https://wpvip.com/blog/pim-benefits-and-use-cases/,2,0.03,0.00,0.33,135,"41, 52, 52, 82, 64, 52, 82, 100, 29, 52, 41, 41",2026-06-01,"Sitelinks, Video, People also ask, Discussions and forums, AI overview",informational,Organic
wordpress certification,1,1,390,18,2.86,https://learn.wpvip.com/certification/,2,0.03,5.00,0.3,104,"54, 44, 54, 66, 54, 54, 66, 54, 54, 36, 44, 36",2026-07-17,"Sitelinks, Reviews, Video, People also ask, Related searches, Discussions and forums, AI overview","commercial, informational",AI overview
evaluate the digital publishing company wordpress on multimedia content,1,1,40,17,0.00,https://wpvip.com/,2,0.03,0.00,0,3670000,"9, 9, 18, 100, 100, 63, 9, 9, 0, 0, 36",2026-07-12,"Sitelinks, Reviews, Video, People also ask, Related searches, AI overview",informational,AI overview
wordpress cron jobs,4,4,70,23,2.61,https://docs.wpvip.com/wordpress-on-vip/cron-control/,2,0.03,5.00,0.03,99,"42, 33, 23, 42, 100, 14, 4, 4, 19, 9, 19, 52",2026-07-20,"Sitelinks, Reviews, Video, People also ask, Related searches",commercial,Organic
website analytics comparison,5,5,70,28,12.06,https://wpvip.com/blog/web-analytics-software-tools/,2,0.03,24.00,0.03,133,"64, 64, 64, 41, 23, 64, 23, 17, 11, 100, 11, 64",2026-06-04,"Sitelinks, Video, Related searches, Discussions and forums, AI overview",commercial,Organic
maintenance plugin,4,4,140,14,0.00,https://docs.wpvip.com/plugins/automattic-plugins/maintenance-mode/,2,0.03,0.00,0.03,121,"5, 100, 43, 5, 5, 5, 17, 43, 66, 28, 100, 35",2026-07-15,"Image pack, Reviews, Video, Video Carousel, People also ask, Related searches, Discussions and forums",informational,People also ask
headless wordpress development,3,3,110,11,0.00,https://wpvip.com/resource/headless-cms-guide/,2,0.03,0.00,0.04,126,"42, 34, 19, 100, 80, 42, 11, 15, 26, 34, 53, 65",2026-06-13,"Sitelinks, Video, Ads top, Video Carousel, People also ask, Related searches, Discussions and forums, AI overview",informational,Organic
sso for wordpress,3,3,50,14,16.76,https://docs.wpvip.com/security-controls/wordpress/sso/,2,0.03,33.00,0.18,5900000,"9, 66, 9, 9, 9, 14, 100, 4, 9, 52, 4, 9",2026-06-27,"Sitelinks, Reviews, Video, Related searches, AI overview",informational,Organic
wordpress enterprise cms,1,1,70,14,0.00,https://wpvip.com/,2,0.03,0.00,0.33,126,"44, 55, 44, 100, 100, 44, 22, 77, 100, 100, 77, 55",2026-06-15,"Sitelinks, Reviews, Video, Ads bottom, Video Carousel, People also ask, Related searches, AI overview",informational,AI overview
what is enterprise ecommerce,8,8,140,18,0.00,https://wpvip.com/blog/enterprise-ecommerce/,2,0.03,0.00,0.33,104,"7, 15, 80, 80, 26, 100, 100, 26, 53, 65, 65, 80",2026-06-26,"Sitelinks, Reviews, Video, People also ask, Related searches, AI overview",informational,Organic
wordpress sitecore,1,1,40,5,0.00,https://wpvip.com/resource/sitecore-vs-wordpress-vip/,1,0.01,0.00,0.07,103,"57, 28, 100, 100, 57, 28, 28, 42, 42, 57, 57, 71",2026-07-20,"Sitelinks, Video, People also ask, Related searches, AI overview",informational,People also ask
wordpress sitecore,2,2,40,5,0.00,https://wpvip.com/resource/sitecore-vs-wordpress-vip/,1,0.01,0.00,0.07,103,"57, 28, 100, 100, 57, 28, 28, 42, 42, 57, 57, 71",2026-07-20,"Sitelinks, Video, People also ask, Related searches, AI overview",informational,Organic
vipplugin com,11,0,320,22,0.00,https://docs.wpvip.com/plugins/,1,0.01,0.00,0.33,55,"13, 10, 10, 4, 3, 3, 3, 3, 1, 4, 4, 7",2026-07-23,"Sitelinks, Reviews, Video, People also ask, Related searches, AI overview","informational, transactional",Organic
2 factor authentication wordpress,5,5,140,23,2.89,https://docs.wpvip.com/security-controls/wordpress/enforce-2fa/,1,0.01,2.00,0.09,107,"17, 17, 66, 82, 17, 23, 35, 66, 12, 17, 2, 35",2026-06-09,"Sitelinks, Video, Video Carousel, People also ask, Related searches",informational,People also ask
wordpress 6.7 release date october 2025 news,10,10,170,10,0.00,https://wpvip.com/blog/wordpress-6-7/,1,0.01,0.00,0,255000,"100, 2, 0, 0, 0, 0",2026-06-18,"Video, People also ask, Related searches, AI overview",informational,Organic
wordpress 6.7 release date november 2025 news,7,7,90,15,0.00,https://wpvip.com/blog/wordpress-6-7/,1,0.01,0.00,0,107,"100, 0, 0, 0, 0, 0",2026-07-13,"Reviews, Video, People also ask, Related searches",informational,Organic
wp sql injection,5,5,40,16,0.00,https://wpvip.com/blog/injection-vulnerabilities/,1,0.01,0.00,0.01,123,"64, 11, 11, 29, 23, 64, 11, 11, 11, 11, 11, 11",2026-06-03,"Sitelinks, Video, Ads top, Related searches, Discussions and forums, Ads middle, AI overview",informational,Organic
wordpress enterprise website agency,5,5,50,20,23.74,https://wpvip.com/partners/agency-partners/,1,0.01,23.00,0.2,157,"18, 0, 0, 81, 100, 63, 45, 45, 45, 63, 81, 45",2026-06-12,"Sitelinks, Reviews, Video, Related searches, AI overview","commercial, informational",Organic
wordpress at scale,5,5,50,20,0.00,https://wpvip.com/blog/wordpress-scalability/,1,0.01,0.00,0.06,103,"0, 0, 63, 63, 18, 0, 18, 63, 63, 81, 100, 81",2026-07-12,"Sitelinks, Video, Video Carousel, People also ask, AI overview",informational,Organic
wordpress 2 factor authentication,6,6,170,45,2.89,https://docs.wpvip.com/security-controls/wordpress/enforce-2fa/,1,0.01,2.00,0.09,106,"53, 100, 82, 23, 53, 53, 17, 12, 28, 23, 10, 28",2026-06-21,"Sitelinks, Reviews, Video, Video Carousel, Related searches, AI overview","commercial, informational",Organic
wordpress vip business plan pricing 2025,3,3,170,15,0.00,https://wpvip.com/resource/total-cost-of-ownership-wordpress-vip-parsely/,1,0.01,0.00,0,95,100,2026-05-21,"Video, People also ask, Related searches, AI overview",informational,Organic
wordpress vip business plan pricing 2025,7,7,170,15,0.00,https://wpvip.com/package-definitions/,1,0.01,0.00,0,95,100,2026-05-21,"Video, People also ask, Related searches, AI overview",informational,Organic
wp search-replace,4,4,30,20,4.57,https://docs.wpvip.com/vip-cli/wp-cli-with-vip-cli/search-replace/,1,0.01,4.00,0.02,134,"3, 3, 0, 0, 3, 21, 0, 21, 6, 15, 28, 21",2026-06-28,"Reviews, Video, People also ask, Related searches, AI overview",informational,Organic
personalized content marketing,10,10,170,34,0.00,https://wpvip.com/blog/content-personalization/,1,0.01,0.00,0.33,131,"28, 28, 35, 66, 66, 43, 28, 28, 53, 53, 43, 43",2026-06-24,"Sitelinks, Video, People also ask, Related searches, AI overview",informational,Organic
ai ccm,3,3,90,8,0.00,https://wpvip.com/blog/ai-cms/,1,0.01,0.00,0.12,108,"28, 14, 78, 100, 78, 21, 35, 100, 100, 78, 100, 78",2026-06-29,"Reviews, Video, Video Carousel, People also ask, Related searches, AI overview",informational,People also ask
sophi ai,6,6,50,11,1.34,https://wpvip.com/partner/sophi/,1,0.01,1.00,0.01,127,"21, 14, 28, 50, 14, 50, 35, 35, 64, 35, 50, 35",2026-07-18,"Image pack, Sitelinks, Reviews, Video, Video Carousel, People also ask, Related searches, AI overview",informational,Organic
wordpress 6.7 release september 2025,3,3,70,13,0.00,https://customerhub.wpvip.com/lobby/2025/08/05/wordpress-6-7-3-maintenance-release-with-backported-versions/,1,0.01,0.00,0,579000,"100, 0, 0, 0, 0, 2, 4",2026-06-18,"Video, Video Carousel, People also ask, Related searches, AI overview",informational,Organic
plugin location wordpress,4,4,70,30,0.00,https://docs.wpvip.com/wordpress-skeleton/plugins-directory/,1,0.01,0.00,0.33,102,"18, 18, 81, 81, 100, 100, 100, 63, 45, 18, 18, 27",2026-07-13,"Sitelinks, Video, Video Carousel, People also ask, Related searches, AI overview",informational,Organic
wordpress developer classes,5,5,70,62,1.49,https://learn.wpvip.com/,1,0.01,1.00,0.02,125,"53, 26, 34, 26, 26, 26, 34, 26, 26, 26, 15, 42",2026-07-04,"Knowledge panel, Sitelinks, Reviews, Video, Video Carousel, People also ask, Related searches, Ads middle",commercial,Organic
fedramp hosting,7,7,50,31,22.96,https://wpvip.com/blog/wordpress-vip-is-fedramp-authorized/,1,0.01,22.00,0.53,132,"15, 15, 19, 19, 19, 26, 15, 11, 26, 19, 19, 19",2026-06-04,"Sitelinks, Ads bottom, People also ask, Related searches, Ads middle, AI overview",informational,Organic
injection sql wordpress,5,5,40,6,0.00,https://wpvip.com/blog/injection-vulnerabilities/,1,0.01,0.00,0.01,122,"100, 27, 18, 27, 27, 100, 18, 18, 18, 18, 18, 18",2026-05-30,"Sitelinks, Video, Video Carousel, Related searches, Discussions and forums, Ads middle, AI overview",informational,Organic
wordpress 6.8.3,10,10,170,17,0.00,https://customerhub.wpvip.com/lobby/2025/09/30/wordpress-6-8-3-security-release/,1,0.01,0.00,0.01,103,"0, 81, 100, 66, 22, 0, 14, 4, 4",2026-06-26,"Sitelinks, Reviews, Video, People also ask",informational,Organic
wordpress training,13,13,880,75,2.64,https://learn.wpvip.com/,1,0.01,2.00,0.29,132,"54, 36, 30, 54, 41, 20, 54, 13, 30, 100, 16, 24",2026-06-16,"Knowledge panel, Sitelinks, Video, Video Carousel, People also ask, Related searches, AI overview",informational,Organic
raterlearningsite.wpcomstaging.com customer service phone number,5,5,50,,0.00,https://learn.wpvip.com/contact/,1,0.01,0.00,0,380,"0, 100, 28",2026-07-04,"People also ask, Related searches",informational,Organic
wordpress digital experience platform,2,2,110,27,0.00,https://wpvip.com/glossary/digital-experience-platform/,1,0.01,0.00,0.03,106,"41, 29, 41, 64, 64, 64, 82, 100, 82, 82, 82, 82",2026-06-02,"Sitelinks, Video, Ads bottom, People also ask, Related searches, AI overview",informational,People also ask
web site migration,6,6,70,33,12.14,https://wpvip.com/glossary/website-migration/,1,0.01,12.00,0.08,123,"9, 9, 4, 14, 14, 66, 33, 42, 42, 19, 52, 42",2026-06-13,"Reviews, Video, Video Carousel, People also ask, Related searches, AI overview",informational,Organic
wp-json,8,8,260,38,0.00,https://docs.wpvip.com/wordpress-on-vip/wordpress-rest-api/,1,0.01,0.00,0.33,129,"100, 0, 4, 8, 3, 2, 13, 5, 13, 0, 8, 2",2026-06-14,"Knowledge panel, Sitelinks, Video, Video Carousel, People also ask, Related searches, AI overview",informational,Organic
wp-content/plugins,1,1,210,55,4.72,https://docs.wpvip.com/wordpress-skeleton/plugins-directory/,1,0.01,4.00,0.07,123,"1, 0, 100, 0, 0, 0, 3, 0, 4, 3, 1, 1",2026-06-22,"Sitelinks, Reviews, Video, People also ask, AI overview",informational,People also ask
wp software,10,10,90,100,3.95,https://wpvip.com/,1,0.01,3.00,0.34,128,"64, 78, 64, 50, 64, 64, 78, 100, 50, 50, 78, 64",2026-06-17,"Sitelinks, Reviews, Video, Ads bottom, People also ask, Related searches, AI overview",informational,Organic
wordpress headless,1,1,480,29,11.46,https://wpvip.com/headless-wordpress/,1,0.01,11.00,0.23,105,"10, 10, 13, 13, 10, 8, 10, 8, 8, 7, 20, 100",2026-06-20,"Sitelinks, Video, Video Carousel, People also ask, Related searches, AI overview",informational,AI overview
wordpress headless,10,10,480,29,11.46,https://wpvip.com/resource/headless-cms-guide/,1,0.01,11.00,0.23,105,"10, 10, 13, 13, 10, 8, 10, 8, 8, 7, 20, 100",2026-06-20,"Sitelinks, Video, Video Carousel, People also ask, Related searches, AI overview",informational,Organic
multi site wordpress,6,6,50,50,19.07,https://wpvip.com/blog/wordpress-multisite/,1,0.01,19.00,0.3,39,"5, 17, 17, 0, 1, 0, 0, 17, 0, 0, 0, 0",2026-07-20,"Sitelinks, Video, People also ask, Related searches",informational,Organic
ttl cname,4,5,50,20,0.00,https://docs.wpvip.com/domains/check-dns-record-time-to-live/,1,0.01,0.00,0.33,125,"29, 41, 41, 41, 41, 41, 29, 29, 11, 11, 11, 11",2026-07-22,"Sitelinks, Video, People also ask, Related searches, AI overview",informational,Organic
wordpress api rest,2,2,50,45,4.33,https://docs.wpvip.com/wordpress-on-vip/wordpress-rest-api/,1,0.01,4.00,0.04,103,"6, 6, 6, 43, 6, 4, 29, 0, 8, 2, 22, 0",2026-06-10,"Sitelinks, Video, Video Carousel, People also ask, Related searches, Discussions and forums, AI overview",navigational,Organic
wordpress ai news,2,2,40,50,0.00,https://wpvip.com/artificial-intelligence/,1,0.01,0.00,0,107,"100, 0, 0, 0, 11, 0, 0",2026-06-23,"Reviews, Video, Ads bottom, Video Carousel, Related searches","informational, transactional",Organic
wordpress 6.7 release date,11,11,260,35,0.00,https://wpvip.com/blog/wordpress-6-7/,1,0.01,0.00,0.33,107,"23, 15, 5, 12, 23, 66, 100, 81, 29, 81, 15, 15",2026-06-19,"Video, People also ask, Related searches, AI overview",informational,Organic
cms personalization,9,9,260,17,0.00,https://wpvip.com/blog/enterprise-cms-personalization-architecture/,1,0.01,0.00,0.02,101,"43, 35, 81, 100, 29, 18, 22, 35, 54, 54, 66, 54",2026-06-28,"Sitelinks, Reviews, Video, Video Carousel, People also ask, AI overview",informational,Organic
wordpress 6.7 release october 2025,4,4,140,19,0.00,https://customerhub.wpvip.com/lobby/2025/08/05/wordpress-6-7-3-maintenance-release-with-backported-versions/,1,0.01,0.00,0,786000,"100, 0, 0, 0, 0, 0",2026-06-19,"Video, Video Carousel, People also ask, Related searches, AI overview",informational,Organic
how to use content marketing to grow your business,5,5,90,28,0.00,https://wpvip.com/resource/content-marketing-strategy-guide/,1,0.01,0.00,0.33,0,"80, 26, 80, 80, 26, 7, 7, 53, 34, 34, 7, 7",2026-07-05,"Video, Video Carousel, Related searches, AI overview",informational,Organic
wordpress hosting with soc2 compliance,6,6,70,4,0.00,https://wpvip.com/blog/soc2-type1-attestation/,1,0.01,0.00,0,164,"18, 18, 63, 81, 81, 100, 100, 81, 63, 63, 36, 63",2026-06-30,"Sitelinks, Video, Ads bottom, Related searches, Ads middle, AI overview",informational,Organic
wp enginge,1,1,210,79,4.65,https://wpvip.com/resource/wp-engine-vs-wordpress-vip/,1,0.01,4.00,0.51,0,"23, 1, 54, 9, 36, 0, 0, 23, 81, 0, 0, 100",2026-07-02,"Sitelinks, Reviews, Video, Ads top, People also ask, Related searches, Ads middle",navigational,People also ask
guttenberg wordpress,4,4,50,56,2.44,https://wpvip.com/wordpress-gutenberg/,1,0.01,2.00,0.21,107,"0, 19, 2, 1, 0, 0, 29, 0, 23, 0, 0, 2",2026-06-27,"Sitelinks, Reviews, Video, Video Carousel, People also ask, Related searches, AI overview",informational,Organic
parsley analytics,4,4,110,26,4.72,https://wpvip.com/blog/parsely-sage-ai-editorial-intelligence/,1,0.01,4.00,0.34,106,"42, 33, 33, 42, 33, 66, 66, 66, 52, 52, 52, 42",2026-06-09,"Sitelinks, Video, Related searches",navigational,Organic
build a headless cms,5,5,40,24,0.00,https://wpvip.com/resource/headless-cms-guide/,1,0.01,0.00,0.05,128,"22, 22, 22, 77, 100, 77, 22, 22, 22, 22, 100, 33",2026-06-21,"Sitelinks, Reviews, Video, Video Carousel, Related searches",informational,Organic
wordpress 6.7 release candidate september 2025,5,5,260,20,0.00,https://customerhub.wpvip.com/lobby/2025/08/05/wordpress-6-7-3-maintenance-release-with-backported-versions/,1,0.01,0.00,0,128,"100, 0, 0, 0, 0, 0, 1",2026-06-14,"Video, Video Carousel, People also ask, Related searches, AI overview",informational,Organic
wordpress multisite different domains,7,7,50,23,0.00,https://docs.wpvip.com/domains/multiple-domains/,1,0.01,0.00,0.33,49,"27, 27, 18, 18, 81, 63, 63, 63, 63, 45, 18, 100",2026-07-13,"Sitelinks, Video, Ads bottom, Related searches, AI overview",informational,Organic
wordpress 6.5 brand-new plugin capabilities introduced,2,2,70,6,0.00,https://wpvip.com/blog/wordpress-6-5/,1,0.01,0.00,0,138,"41, 0, 17, 52, 100, 41, 52, 0, 0",2026-06-06,"Sitelinks, Video, People also ask, Related searches, AI overview",informational,People also ask
wordpress 6.7 release date september 2025 news,8,8,110,12,0.00,https://wpvip.com/blog/wordpress-6-7/,1,0.01,0.00,0,293000,"100, 0, 0, 0, 0, 0, 0",2026-06-16,"Reviews, Video, People also ask, AI overview",informational,Organic
wordpress vip self-hosted servers,1,1,50,10,0.00,https://wpvip.com/blog/self-hosted-wordpress/,1,0.01,0.00,0,106,"4, 23, 100, 0, 0",2026-07-05,"Sitelinks, Reviews, Video, Video Carousel, People also ask, Related searches, AI overview",informational,Organic
ttl domain,5,5,70,34,0.00,https://docs.wpvip.com/domains/check-dns-record-time-to-live/,1,0.01,0.00,0.02,109,"34, 19, 26, 53, 26, 26, 26, 19, 19, 26, 26, 7",2026-06-07,"Sitelinks, Video, Video Carousel, People also ask, Related searches, Short videos, AI overview",informational,Organic
wordpress two step authentication,5,5,210,50,2.82,https://docs.wpvip.com/security-controls/wordpress/enforce-2fa/,1,0.01,2.00,0.11,105,"66, 66, 29, 22, 54, 35, 54, 29, 43, 29, 54, 54",2026-07-09,"Sitelinks, Reviews, Video, Video Carousel, Related searches, AI overview",informational,Organic
hercampus.com,31,31,1600,52,0.00,https://wpvip.com/case-studies/her-campus-media/,1,0.01,0.00,0.33,1640000,"52, 44, 36, 66, 36, 100, 2, 80, 52, 5, 5, 80",2026-05-31,"Knowledge panel, Video, People also ask",navigational,Organic
headless wordpress hosting services,7,7,50,11,0.00,https://wpvip.com/headless-wordpress/,1,0.01,0.00,0,130,"27, 27, 18, 63, 100, 36, 36, 18, 63, 45, 45, 36",2026-06-22,"Sitelinks, Video, Video Carousel, Related searches, Discussions and forums, AI overview",informational,Organic
wordpress 2fa,4,4,320,54,2.82,https://docs.wpvip.com/security-controls/wordpress/enforce-2fa/,1,0.01,2.00,0.11,101,"81, 66, 66, 44, 66, 54, 44, 35, 35, 28, 44, 66",2026-07-06,"Sitelinks, Reviews, Video, Video Carousel, People also ask, Related searches, AI overview",informational,People also ask
headless cms tutorial,3,3,50,31,0.00,https://wpvip.com/resource/headless-cms-guide/,1,0.01,0.00,0.02,105,"23, 29, 52, 100, 64, 23, 11, 11, 11, 23, 41, 29",2026-06-22,"Sitelinks, Reviews, Video, Video Carousel, People also ask, Related searches, Discussions and forums",informational,Organic
wordpress vip agency partners,2,2,90,16,0.00,https://wpvip.com/partners/service-partners/,1,0.01,0.00,0.24,106,"17, 11, 41, 52, 29, 11, 23, 64, 82, 82, 82, 100",2026-07-13,"Reviews, Video, Related searches, AI overview",informational,Organic
wordpress vip agency partners,3,3,90,16,0.00,https://wpvip.com/partners/,1,0.01,0.00,0.24,106,"17, 11, 41, 52, 29, 11, 23, 64, 82, 82, 82, 100",2026-07-13,"Reviews, Video, Related searches, AI overview",informational,Organic
wordpress releases,5,5,140,51,0.00,https://customerhub.wpvip.com/platform-release-schedule/,1,0.01,0.00,0.01,104,"65, 43, 28, 43, 43, 34, 34, 15, 43, 34, 43, 65",2026-06-17,"Sitelinks, Reviews, Video, Video Carousel, People also ask, Related searches","navigational, transactional",Organic
gutenberg wordpress,17,17,880,59,2.44,https://wpvip.com/glossary/wordpress-gutenberg-block-editor/,1,0.01,2.00,0.21,109,"41, 41, 41, 24, 30, 36, 24, 36, 30, 36, 24, 24",2026-07-05,"Sitelinks, Reviews, Video, Video Carousel, People also ask, Related searches, AI overview",informational,Organic
forrester b2b summit,9,9,260,21,5.00,https://wpvip.com/events/forrester-b2b-summit-2026/,1,0.01,5.00,0.21,0,"1, 1, 2, 2, 2, 3, 4, 4, 11, 11, 20, 34",2026-07-22,"Sitelinks, Video, Related searches",navigational,Organic
how to choose a headless cms for enterprise-level digital experiences,7,7,50,0,0.00,https://wpvip.com/blog/headless-cms-for-enterprise/,1,0.01,0.00,0,174,"50, 100, 50, 21, 28, 0, 7, 14",2026-07-11,"Sitelinks, Video, Discussions and forums, AI overview",informational,Organic
wp vip,1,1,210,31,25.61,https://wpvip.com/,1,0.01,25.00,0.45,111,"12, 81, 15, 19, 23, 12, 36, 15, 10, 29, 12, 12",2026-06-17,"Sitelinks, Reviews, Video, Video Carousel, People also ask",navigational,People also ask
content infrastructure,7,7,50,13,0.00,https://wpvip.com/blog/agent-ready-content-infrastructure/,1,0.01,0.00,0.33,134,"45, 36, 100, 81, 45, 18, 100, 18, 36, 81, 18, 18",2026-07-08,"Sitelinks, Reviews, Video, People also ask, AI overview",informational,Organic
cname ttl,7,7,70,18,0.00,https://docs.wpvip.com/domains/check-dns-record-time-to-live/,1,0.01,0.00,0.01,116,"33, 42, 33, 33, 33, 33, 33, 33, 23, 23, 23, 19",2026-06-11,"Sitelinks, Video, People also ask, Related searches",informational,Organic
how to find brand voice,3,3,30,31,2.86,https://wpvip.com/resources/ebooks/find-your-brand-voice/,1,0.01,2.00,0.38,190,"22, 33, 44, 44, 33, 22, 22, 22, 22, 22, 22, 22",2026-07-19,"Sitelinks, Reviews, Video, Video Carousel, People also ask, Related searches, AI overview",informational,Organic
jetpack ai assistant,4,4,50,16,6.28,https://wpvip.com/jetpack-ai/,1,0.01,6.00,0.18,87,"1, 2, 1, 2, 2, 2, 1, 2, 3, 2, 2, 2",2026-06-03,"Video, Video Carousel, People also ask, Related searches",navigational,Organic
redirect loops,14,14,590,27,0.00,https://learn.wpvip.com/lesson/redirect-loops-and-unexplained-redirects/,1,0.01,0.00,0.33,126,"13, 24, 8, 62, 55, 62, 62, 100, 55, 24, 20, 6",2026-06-01,"Sitelinks, Video, Video Carousel, People also ask, Related searches, AI overview",informational,Organic
analytic tools,11,11,390,45,14.66,https://wpvip.com/blog/web-analytics-software-tools/,1,0.01,14.00,0.23,131,"31, 20, 25, 20, 20, 20, 46, 31, 11, 25, 4, 8",2026-05-31,"Sitelinks, Video, Ads bottom, Video Carousel, People also ask, Related searches, Discussions and forums, AI overview","commercial, informational",Organic
control cache,8,8,170,36,0.00,https://docs.wpvip.com/caching/page-cache/customize-behavior/cache-control-headers/,1,0.01,0.00,0.33,114,"10, 45, 30, 10, 10, 20, 3, 2, 5, 3, 1, 6",2026-06-24,"Sitelinks, Video, Video Carousel, People also ask, Related searches, AI overview",informational,Organic
is wordpress multisite one theme or multiple,10,10,390,10,0.00,https://wpvip.com/glossary/wordpress-multisite/,1,0.01,0.00,0,153,"100, 0, 0, 0, 0",2026-06-29,"Sitelinks, Video, Video Carousel, People also ask, Related searches, AI overview",informational,Organic
wordpress api endpoint,4,4,40,28,0.00,https://docs.wpvip.com/wordpress-on-vip/wordpress-rest-api/,1,0.01,0.00,0.04,108,"5, 2, 10, 10, 4, 2, 2, 2, 2, 2, 2, 2",2026-07-18,"Sitelinks, Reviews, Video, People also ask, Related searches, AI overview",informational,Organic
migration of website,5,5,70,38,12.14,https://wpvip.com/glossary/website-migration/,1,0.01,12.00,0.08,125,"9, 4, 4, 9, 14, 52, 33, 42, 100, 52, 52, 52",2026-06-13,"Reviews, Video, Ads bottom, Video Carousel, People also ask, Related searches, Ads middle, AI overview",informational,Organic
wp json,8,8,390,40,0.00,https://docs.wpvip.com/wordpress-on-vip/wordpress-rest-api/,1,0.01,0.00,0.33,133,"10, 16, 10, 16, 62, 100, 16, 10, 10, 13, 10, 6",2026-06-24,"Knowledge panel, Sitelinks, Video, Video Carousel, People also ask, Related searches, AI overview",informational,Organic
current wordpress version march 2026,11,11,170,18,0.00,https://customerhub.wpvip.com/platform-release-schedule/,1,0.01,0.00,0,150,100,2026-06-11,"Sitelinks, Reviews, Video, People also ask, Related searches, AI overview",informational,Organic
classify ai,1,1,40,32,7.16,https://wpvip.com/partner/classifai/,1,0.01,7.00,0.1,126,"100, 0, 64, 5, 0, 5, 100, 11, 5, 11, 0, 0",2026-06-18,"Reviews, Video, People also ask, Related searches",informational,People also ask
wp_headers,3,3,50,14,0.00,https://docs.wpvip.com/caching/page-cache/http-headers/add-edit-or-remove/,1,0.01,0.00,0.33,101,"77, 77, 77, 77, 77, 55, 55, 22, 22, 22, 22, 22",2026-07-04,"Sitelinks, Reviews, Video, People also ask, Related searches, AI overview",informational,Organic
wordpress and rest api,6,6,170,45,6.42,https://docs.wpvip.com/wordpress-on-vip/wordpress-rest-api/,1,0.01,6.00,0.04,46,"53, 65, 65, 65, 43, 43, 43, 43, 28, 65, 53, 65",2026-07-18,"Sitelinks, Video, People also ask, Related searches, AI overview","informational, navigational",Organic
8 pieces of content for marketing,1,1,50,13,0.00,https://wpvip.com/blog/8-types-of-content-marketing/,1,0.01,0.00,0,198,"4, 100, 19, 9, 14, 14",2026-06-05,"Sitelinks, Video, People also ask, AI overview",informational,Organic
wordpress news today release 6.7,5,5,50,15,0.00,https://wpvip.com/blog/wordpress-6-7/,1,0.01,0.00,0,94,"21, 78, 100, 21, 0, 0, 0",2026-05-31,"Sitelinks, Video, People also ask, AI overview",informational,Organic
gutenberg editor,5,5,210,65,1.53,https://wpvip.com/wordpress-gutenberg/,1,0.01,1.00,0.24,133,"35, 81, 44, 44, 28, 28, 35, 23, 28, 23, 28, 23",2026-06-09,"Image pack, Video, Ads bottom, Video Carousel, People also ask, Related searches, AI overview",informational,Organic
wordpress api,6,6,590,42,4.30,https://docs.wpvip.com/wordpress-on-vip/wordpress-rest-api/,1,0.01,4.00,0.05,119,"55, 67, 55, 55, 55, 45, 45, 24, 30, 30, 30, 45",2026-05-31,"Knowledge panel, Video, Video Carousel, People also ask, Related searches, Things to know, AI overview","informational, navigational",Organic
wordpress vip vs wordpress,1,1,40,11,34.85,https://wpvip.com/blog/wordpress-org-vs-wordpress-com-vs-wordpress-vip-whats-the-difference/,1,0.01,34.00,0.32,105,"33, 33, 33, 44, 44, 44, 55, 100, 44, 33, 33, 55",2026-06-12,"Sitelinks, Reviews, Video, Video Carousel, People also ask, Related searches, Discussions and forums, AI overview",commercial,Organic
recurrent ventures,8,8,480,33,0.00,https://wpvip.com/case-studies/recurrent-ventures/,1,0.01,0.00,0.33,108,"13, 16, 16, 16, 13, 16, 13, 10, 16, 10, 10, 20",2026-06-29,"Sitelinks, Reviews, Video, Image, People also ask, Related searches",navigational,Organic
ttl in cname,4,4,50,13,0.00,https://docs.wpvip.com/domains/check-dns-record-time-to-live/,1,0.01,0.00,0.01,97,"35, 50, 50, 50, 50, 50, 50, 35, 35, 14, 14, 14",2026-06-14,"Sitelinks, Video, People also ask, Related searches, AI overview",informational,Organic
cron job wordpress,1,1,50,18,0.00,https://docs.wpvip.com/wordpress-on-vip/cron-control/,1,0.01,0.00,0.02,98,"53, 6, 6, 15, 9, 3, 34, 3, 3, 3, 3, 28",2026-06-23,"Sitelinks, Reviews, Video, Video Carousel, Related searches, AI overview","commercial, informational",AI overview
cron job wordpress,3,3,50,18,0.00,https://docs.wpvip.com/wordpress-on-vip/cron-control/,1,0.01,0.00,0.02,98,"53, 6, 6, 15, 9, 3, 34, 3, 3, 3, 3, 28",2026-06-23,"Sitelinks, Reviews, Video, Video Carousel, Related searches, AI overview","commercial, informational",Organic
cache control,10,10,390,50,0.00,https://docs.wpvip.com/caching/page-cache/customize-behavior/cache-control-headers/,1,0.01,0.00,0.33,117,"45, 45, 30, 30, 36, 30, 30, 20, 16, 24, 24, 16",2026-06-04,"Image pack, Sitelinks, Video, Video Carousel, People also ask, Related searches, AI overview",informational,Organic
dns record ttl,6,6,70,28,0.00,https://docs.wpvip.com/domains/check-dns-record-time-to-live/,1,0.01,0.00,0.33,111,"64, 50, 50, 64, 64, 64, 64, 64, 50, 64, 35, 14",2026-06-02,"Sitelinks, Video, Video Carousel, People also ask, Related searches, AI overview",informational,Organic
most popular subscription models for digital publishers 2025,3,3,50,27,0.00,https://wpvip.com/blog/subscription-models-media-growth/,1,0.01,0.00,0,166,"78, 100, 78, 50, 14, 7, 0, 0, 0, 0",2026-07-15,"Sitelinks, Video, People also ask, Related searches, AI overview",informational,Organic
wordpress vip business plan pricing 2024,2,2,90,25,0.00,https://wpvip.com/pricing/,1,0.01,0.00,0,100,"21, 100, 0, 0, 0",2026-06-19,"Reviews, Video, People also ask, Related searches, AI overview",navigational,Organic
using wordpress for enterprise content management,1,1,50,16,0.00,https://wpvip.com/resource/enterprise-content-hub/,1,0.01,0.00,0.33,148,"33, 44, 22, 55, 77, 55, 77, 77, 77, 44, 33, 44",2026-06-12,"Sitelinks, Reviews, Video, Video Carousel, People also ask, Related searches, Discussions and forums, AI overview",informational,AI overview
github checks,9,9,210,21,5.20,https://docs.wpvip.com/code-deployment/github-repository/required-status-checks/,1,0.01,5.00,0.03,109,"53, 53, 53, 43, 53, 66, 43, 43, 53, 43, 66, 53",2026-06-01,"Sitelinks, Video, People also ask, Related searches, AI overview",informational,People also ask
hercampus media,7,7,140,45,10.71,https://wpvip.com/case-studies/her-campus-media/,1,0.01,10.00,0.02,110,"34, 21, 21, 43, 65, 43, 53, 43, 34, 53, 53, 53",2026-06-06,"Knowledge panel, Sitelinks, Video, Related searches",navigational,Organic
hybrid headless cms,10,10,260,18,0.00,https://wpvip.com/glossary/hybrid-cms/,1,0.01,0.00,0.33,161,"29, 54, 43, 81, 100, 54, 18, 14, 43, 54, 81, 54",2026-06-14,"Sitelinks, Reviews, Video, People also ask, Discussions and forums, AI overview",informational,Organic
wordpress slow database queries,6,6,40,12,0.00,https://docs.wpvip.com/databases/optimize-queries/identify-slow-queries/,1,0.01,0.00,0.33,132,"28, 28, 71, 100, 42, 28, 28, 100, 100, 71, 57, 71",2026-07-20,"Sitelinks, Reviews, Video, Video Carousel, Related searches",informational,Organic
sanitize_text_field,2,2,50,17,0.00,https://docs.wpvip.com/security/validating-sanitizing-and-escaping/,1,0.01,0.00,0.33,105,"26, 26, 19, 65, 26, 19, 7, 7, 7, 7, 7, 7",2026-06-16,"Sitelinks, Video, People also ask, Related searches, AI overview",informational,People also ask
sanitize_text_field,5,5,50,17,0.00,https://docs.wpvip.com/security/validating-sanitizing-and-escaping/,1,0.01,0.00,0.33,105,"26, 26, 19, 65, 26, 19, 7, 7, 7, 7, 7, 7",2026-06-16,"Sitelinks, Video, People also ask, Related searches, AI overview",informational,Organic
wordpress gutenberg editor,4,4,170,51,1.52,https://wpvip.com/wordpress-gutenberg/,1,0.01,1.00,0.18,149,"35, 28, 35, 28, 35, 53, 43, 53, 43, 43, 53, 53",2026-06-10,"Video, Video Carousel, People also ask, Related searches, AI overview",informational,Organic
content-security-policy,27,27,1600,71,5.96,https://wpvip.com/blog/content-security-policy-guide/,1,0.01,5.00,0.08,132,"10, 10, 8, 66, 66, 15, 8, 19, 28, 19, 19, 13",2026-06-27,"Sitelinks, Video, Video Carousel, People also ask, Related searches, Things to know, AI overview",informational,Organic
professional wordpress development,6,6,50,51,0.00,https://learn.wpvip.com/certification/,1,0.01,0.00,0.03,125,"17, 11, 11, 64, 64, 23, 23, 11, 52, 41, 29, 29",2026-06-03,"Local pack, Sitelinks, Video, Video Carousel, Related searches, Discussions and forums, AI overview",informational,Organic
multisite management,8,8,260,12,9.81,https://wpvip.com/blog/inside-wordpress-vips-multisite-management/,1,0.01,9.00,0.08,120,"3, 23, 54, 66, 23, 81, 3, 28, 100, 28, 35, 23",2026-07-11,"Sitelinks, Reviews, Video, Video Carousel, People also ask, Related searches, AI overview",informational,Organic
enterprise website platform,1,1,50,20,0.00,https://wpvip.com/blog/10-best-enterprise-content-management-systems/,1,0.01,0.00,0.1,107,"9, 36, 18, 63, 81, 63, 63, 100, 100, 81, 36, 18",2026-06-10,"Sitelinks, Video, People also ask, Related searches, Discussions and forums, AI overview",commercial,AI overview
is wordpress enterprise ready,4,4,40,14,0.00,https://wpvip.com/,1,0.01,0.00,0,105,"22, 11, 22, 44, 33, 44, 55, 44, 77, 55, 55, 33",2026-07-18,"Sitelinks, Reviews, People also ask, Related searches, Discussions and forums",informational,Organic
kpis for content marketing,5,5,90,28,7.65,https://wpvip.com/blog/content-marketing-kpis/,1,0.01,7.00,0.07,135,"41, 52, 29, 100, 82, 64, 82, 5, 23, 23, 41, 82",2026-06-22,"Sitelinks, Reviews, Video, Video Carousel, People also ask, Related searches, AI overview",informational,People also ask
sitecore wordpress,1,1,40,2,0.00,https://wpvip.com/resource/sitecore-vs-wordpress-vip/,1,0.01,0.00,0.33,35,"28, 28, 100, 100, 57, 28, 57, 28, 42, 71, 71, 71",2026-07-19,"Sitelinks, Video, People also ask, Related searches, AI overview",informational,People also ask
sitecore wordpress,2,2,40,2,0.00,https://wpvip.com/resource/sitecore-vs-wordpress-vip/,1,0.01,0.00,0.33,35,"28, 28, 100, 100, 57, 28, 57, 28, 42, 71, 71, 71",2026-07-19,"Sitelinks, Video, People also ask, Related searches, AI overview",informational,Organic
wordpress robots txt,1,1,1300,38,1.11,https://docs.wpvip.com/security-controls/robots-txt/,1,0.01,1.00,0.33,1460000,"13, 5, 8, 10, 8, 16, 13, 44, 13, 100, 8, 29",2026-06-18,"Sitelinks, Reviews, Video, Video Carousel, Related searches, AI overview",informational,AI overview
cache memoria,1,1,50,86,0.00,https://wpvip.com/blog/caching/,1,0.01,0.00,0.33,98,"63, 81, 63, 9, 45, 63, 81, 45, 63, 63, 27, 63",2026-06-25,"Reviews, Video, Video Carousel, People also ask, Related searches, Things to know, AI overview",informational,Things to know
wordpress 6.7 release november 2025 news,9,9,110,21,0.00,https://wpvip.com/blog/wordpress-6-7/,1,0.01,0.00,0,114,"100, 0, 1, 0, 0, 0",2026-07-11,"Reviews, Video, People also ask, Related searches, AI overview",informational,Organic
botbe vip,6,6,110,33,0.00,https://docs.wpvip.com/vip-code-analysis-bot/,1,0.01,0.00,0,65000,"100, 100, 100, 5, 0, 0, 0, 5, 0, 0, 5, 0",2026-06-10,"Sitelinks, Video, People also ask, Related searches",informational,Organic
wordpress vip cost,5,5,50,18,0.00,https://wpvip.com/,1,0.01,0.00,0.54,107,"29, 17, 29, 29, 11, 29, 11, 41, 41, 29, 41, 17",2026-06-26,"Sitelinks, Reviews, Video, Ads top, People also ask, Related searches, AI overview",informational,Organic
hosting headless wordpress,4,4,50,32,0.00,https://wpvip.com/headless-wordpress/,1,0.01,0.00,0.33,145,"21, 50, 28, 100, 100, 50, 14, 14, 14, 14, 14, 14",2026-06-22,"Sitelinks, Video, Video Carousel, Related searches, Discussions and forums, AI overview",informational,Organic
wordpress vip business plan pricing 2026,8,8,480,,0.00,https://wpvip.com/resource/total-cost-of-ownership-wordpress-vip-parsely/,1,0.01,0.00,0,19800000,"100, 21, 0",2026-05-29,"Video, People also ask, Related searches",navigational,Organic
how to add a user to wordpress,2,2,30,20,1.91,https://docs.wpvip.com/manage-user-access/wordpress/,1,0.01,1.00,0.19,135,"100, 33, 22, 22, 22, 22, 22, 22, 22, 22, 22, 33",2026-07-10,"Sitelinks, Reviews, Video, Featured snippet, Video Carousel, People also ask, Related searches, Discussions and forums",informational,People also ask
wordpress elasticsearch,10,10,110,25,8.07,https://docs.wpvip.com/wordpress-on-vip/search-options/elasticsearch/,1,0.01,8.00,0.15,110,"29, 17, 64, 64, 100, 41, 41, 82, 82, 52, 52, 82",2026-06-26,"Sitelinks, Reviews, Video, People also ask, Related searches",informational,Organic
php lint,7,7,70,30,5.04,https://docs.wpvip.com/wordpress-on-vip/php/versions/php-linting-scans/,1,0.01,5.00,0.12,112,"43, 15, 15, 12, 34, 12, 28, 21, 6, 34, 28, 9",2026-06-23,"Sitelinks, Video, People also ask, Related searches, AI overview",informational,Organic
ttl 14400,1,1,50,16,0.00,https://docs.wpvip.com/domains/check-dns-record-time-to-live/,1,0.01,0.00,0.01,102,"29, 41, 41, 41, 17, 41, 41, 11, 11, 11, 11, 100",2026-06-20,"Video, People also ask, Related searches, AI overview",informational,AI overview
ttl 14400,3,3,50,16,0.00,https://docs.wpvip.com/domains/check-dns-record-time-to-live/,1,0.01,0.00,0.01,102,"29, 41, 41, 41, 17, 41, 41, 11, 11, 11, 11, 100",2026-06-20,"Video, People also ask, Related searches, AI overview",informational,Organic
cms for omnichannel marketing,7,7,50,14,0.00,https://wpvip.com/blog/omnichannel-content-management/,1,0.01,0.00,0.33,159,"36, 100, 45, 45, 45, 18, 27, 18, 27, 81, 81, 36",2026-06-12,"Sitelinks, Reviews, Video, People also ask, AI overview",informational,Organic
evaluate the digital publishing company wordpress on digital magazine,5,5,50,13,0.00,https://wpvip.com/blog/digital-publishing-trends-media-guide/,1,0.01,0.00,0,199,"45, 100, 81, 100, 81, 27, 27, 27, 18, 9",2026-06-06,"Video, Related searches, AI overview",informational,Organic
cms for newspapers,8,8,140,19,0.00,https://wpvip.com/blog/the-wall-street-journal-wordpress/,1,0.01,0.00,0.23,153,"29, 14, 43, 66, 35, 29, 22, 18, 22, 14, 10, 10",2026-06-27,"Sitelinks, Reviews, Video, Ads bottom, Video Carousel, People also ask, Related searches, AI overview",informational,People also ask
wp theme directory,2,2,50,48,2.99,https://docs.wpvip.com/wordpress-skeleton/themes-directory/,1,0.01,2.00,0.25,130,"0, 0, 10, 5, 28, 17, 17, 17, 0, 17, 28, 0",2026-07-12,"Sitelinks, Reviews, Video, Related searches",navigational,Organic
robots wordpress,2,2,30,22,5.20,https://docs.wpvip.com/security-controls/robots-txt/,1,0.01,5.00,0.16,103,"7, 7, 26, 26, 11, 7, 7, 7, 7, 7, 7, 15",2026-07-11,"Sitelinks, Reviews, Video, Video Carousel, Related searches, AI overview",informational,Organic
self hosted wordpress,13,13,390,15,7.83,https://wpvip.com/blog/self-hosted-wordpress/,1,0.01,7.00,0.38,122,"100, 39, 32, 32, 39, 26, 26, 39, 14, 59, 48, 39",2026-06-15,"Sitelinks, Video, Ads bottom, Video Carousel, People also ask, Related searches, AI overview",informational,Organic
evaluate the martech company wordpress on graphic design tools,6,6,70,5,0.00,https://wpvip.com/resource/martech-trends/,1,0.01,0.00,0,1270000,"64, 0, 0, 100, 100, 82, 64, 41, 23, 23, 17, 11",2026-05-29,"Video, People also ask","commercial, informational",Organic
content customization,6,6,50,28,0.00,https://wpvip.com/glossary/what-is-content-personalization/,1,0.01,0.00,0.08,131,"11, 17, 29, 29, 41, 52, 100, 11, 11, 11, 11, 11",2026-06-29,"Video, Video Carousel, People also ask, Related searches, AI overview",informational,Organic
connect cmo summit,6,6,40,21,0.00,https://wpvip.com/event/cmo-leadership-summit-october-25/,1,0.01,0.00,0.13,108,"27, 27, 36, 45, 45, 45, 36, 63, 45, 36, 45, 18",2026-06-30,"Video, Related searches","informational, transactional",Organic
scalable wordpress,7,7,140,18,0.00,https://wpvip.com/blog/wordpress-scalability/,1,0.01,0.00,0.02,122,"0, 2, 53, 66, 23, 17, 17, 28, 23, 23, 23, 100",2026-06-26,"Sitelinks, Video, Ads bottom, Related searches, Discussions and forums, Ads middle, AI overview",informational,Organic
restrict wp admin by ip,5,5,40,7,0.00,https://docs.wpvip.com/security-controls/ip-restrictions/,1,0.01,0.00,0.33,132,"23, 11, 64, 11, 100, 11, 11, 0, 11, 11, 11, 11",2026-07-08,"Sitelinks, Video, Video Carousel, Related searches, AI overview",informational,Organic
key considerations for omnichannel content management and distribution,8,8,50,,0.00,https://wpvip.com/blog/omnichannel-content-management/,1,0.01,0.00,0,206,"14, 100, 71",2026-07-18,"Sitelinks, Reviews, Video, People also ask",informational,Organic
curl show response headers,13,13,320,18,0.00,https://docs.wpvip.com/caching/page-cache/http-headers/retrieve-headers/,1,0.01,0.00,0.33,105,"54, 66, 44, 54, 44, 66, 54, 54, 44, 44, 35, 35",2026-06-09,"Sitelinks, Video, Related searches, AI overview",informational,Organic
reverse proxy testing,3,3,40,4,0.00,https://docs.wpvip.com/reverse-proxy/test/,1,0.01,0.00,0.33,131,"11, 11, 11, 11, 11, 64, 100, 11, 11, 11, 11, 11",2026-06-24,"Sitelinks, Reviews, Video, People also ask, Related searches, Discussions and forums, AI overview",informational,Organic
answer engine optimization aeo,9,9,390,56,12.74,https://wpvip.com/blog/answer-engine-optimization-strategies/,1,0.01,12.00,0.22,135,"29, 19, 29, 36, 36, 36, 23, 36, 67, 67, 100, 44",2026-06-27,"Sitelinks, Reviews, Video, People also ask, Related searches, Discussions and forums, AI overview",informational,Organic
wordpress 6.7 release notes november 2025,6,6,90,8,0.00,https://customerhub.wpvip.com/lobby/2025/08/05/wordpress-6-7-3-maintenance-release-with-backported-versions/,1,0.01,0.00,0,262000,"100, 1, 0, 0, 0, 0",2026-07-12,"Video, People also ask, Related searches, AI overview",informational,Organic
what is a website migration,1,1,90,32,0.00,https://wpvip.com/glossary/website-migration/,1,0.01,0.00,0.01,157,"11, 11, 52, 52, 29, 29, 100, 41, 64, 64, 64, 82",2026-06-30,"Sitelinks, Reviews, Video, Video Carousel, People also ask, Related searches, AI overview",informational,AI overview
parsely,21,21,4400,54,0.93,https://learn.wpvip.com/parsely/,1,0.01,0.00,0.48,112,"44, 44, 54, 44, 44, 36, 81, 24, 44, 19, 54, 44",2026-07-19,"Knowledge panel, Image pack, Sitelinks, Reviews, Video, People also ask, Related searches, AI overview",navigational,Organic
core web vitas,3,3,90,75,4.17,https://wpvip.com/glossary/core-web-vitals/,1,0.01,4.00,0.11,131,"81, 3, 0, 0, 0, 100, 0, 1, 0, 0, 6, 1",2026-07-08,"Sitelinks, Reviews, Video, Video Carousel, People also ask, Related searches, Things to know, AI overview",informational,Things to know
wordpress sso,8,8,170,15,16.76,https://docs.wpvip.com/security-controls/wordpress/sso/,1,0.01,16.00,0.18,108,"34, 15, 65, 81, 53, 34, 53, 43, 53, 6, 53, 81",2026-07-08,"Sitelinks, Reviews, Video, Ads top, Ads bottom, Video Carousel, People also ask, Related searches",commercial,People also ask
what is a headless wordpress site,3,3,50,26,0.15,https://wpvip.com/resource/headless-cms-guide/,1,0.01,0.00,0.14,148,"29, 41, 52, 52, 17, 11, 11, 5, 11, 41, 41, 17",2026-07-09,"Sitelinks, Video, People also ask, Related searches, AI overview",informational,Organic
wordpress 6.7 release date november 2025,8,8,210,19,0.00,https://wpvip.com/blog/wordpress-6-7/,1,0.01,0.00,0,111,"100, 0, 0, 0, 0, 0",2026-07-11,"Sitelinks, Reviews, Video, People also ask, Related searches, AI overview",informational,Organic
vip database,1,1,30,24,8.30,https://docs.wpvip.com/databases/,1,0.01,8.00,0.06,39,"18, 18, 18, 18, 100, 18, 18, 18, 18, 18, 18, 18",2026-07-20,"Sitelinks, People also ask, Related searches, AI overview",informational,AI overview
wordpress theme directory,3,3,110,50,2.08,https://docs.wpvip.com/wordpress-skeleton/themes-directory/,1,0.01,2.00,0.18,107,"35, 22, 18, 18, 43, 43, 10, 6, 29, 0, 22, 22",2026-06-17,"Sitelinks, Video, People also ask, Related searches","navigational, transactional",Organic
wordpress developer course,8,8,90,64,3.02,https://learn.wpvip.com/,1,0.01,3.00,0.17,121,"52, 64, 41, 52, 100, 52, 52, 41, 41, 41, 41, 29",2026-06-22,"Sitelinks, Reviews, Video, Ads bottom, Video Carousel, People also ask, Related searches",informational,Organic
post_in,5,5,40,36,0.00,https://docs.wpvip.com/databases/optimize-queries/using-post__not_in/,1,0.01,0.00,0.33,106,"0, 0, 100, 0, 0, 0, 0, 0, 0, 0, 0, 0",2026-06-14,"Sitelinks, Reviews, Related searches, AI overview",informational,Organic
wordpress updates,32,32,1900,48,4.87,https://docs.wpvip.com/wordpress-on-vip/wordpress-upgrades/,1,0.01,4.00,0.1,104,"2, 1, 6, 5, 3, 100, 1, 36, 1, 1, 2, 3",2026-07-18,"Sitelinks, Reviews, Video, Video Carousel, People also ask, Related searches, AI overview",informational,Organic
wordpress documentation,6,6,170,70,3.50,https://docs.wpvip.com/,1,0.01,3.00,0.11,108,"35, 28, 100, 28, 23, 23, 23, 18, 18, 23, 23, 28",2026-07-21,"Sitelinks, Reviews, Video, Video Carousel, People also ask, Related searches",navigational,Organic
what is her campus,8,8,210,41,0.00,https://wpvip.com/case-studies/her-campus-media/,1,0.01,0.00,0.33,628000000,"34, 28, 53, 53, 100, 81, 81, 53, 81, 81, 81, 81",2026-07-06,"Video, People also ask, Related searches, AI overview",informational,Organic
newsroom wp,6,6,170,24,0.72,https://wpvip.com/newsroom/,1,0.01,0.00,0.01,131,"34, 0, 65, 65, 26, 53, 65, 100, 100, 100, 80, 100",2026-06-07,"Video, Video Carousel, People also ask, Related searches, AI overview",informational,Organic
website analytics services,1,1,260,100,12.20,https://wpvip.com/blog/web-analytics-software-tools/,1,0.01,12.00,0.02,131,"36, 54, 36, 9, 12, 44, 100, 81, 5, 9, 29, 36",2026-06-05,"Sitelinks, Video, People also ask, Related searches, Discussions and forums, AI overview",informational,AI overview
how to install wp plugin,1,1,70,29,1.91,https://docs.wpvip.com/wordpress-skeleton/plugins-directory/,1,0.01,1.00,0.16,106,"6, 21, 3, 6, 3, 12, 15, 21, 34, 65, 34, 53",2026-06-26,"Sitelinks, Video, Featured snippet, Ads bottom, Video Carousel, People also ask, Related searches",informational,People also ask
wordpress 6.7 release candidate october 2025,12,12,480,12,0.00,https://wpvip.com/blog/wordpress-6-7/,1,0.01,0.00,0,19600,"100, 0, 0, 0, 0, 0, 0",2026-07-11,"Video, Video Carousel, People also ask, Related searches, AI overview",informational,Organic
wordpress enterprise hosting,4,4,140,61,55.11,https://wpvip.com/,1,0.01,55.00,0.14,125,"19, 15, 9, 23, 19, 12, 12, 12, 36, 19, 29, 29",2026-07-18,"Sitelinks, Reviews, Video Carousel, People also ask, Related searches, AI overview",informational,Organic
two factor authentication wordpress,6,6,90,41,2.89,https://docs.wpvip.com/security-controls/wordpress/enforce-2fa/,1,0.01,2.00,0.09,120,"33, 23, 9, 14, 66, 42, 33, 42, 52, 52, 52, 66",2026-06-05,"Sitelinks, Video, Video Carousel, People also ask, Related searches",informational,Organic
538 election,30,30,1600,63,0.00,https://wpvip.com/case-studies/fivethirtyeight-election-night/,1,0.01,0.00,0,5550000,"0, 1, 2, 4, 0, 0, 4, 3, 0, 0, 0, 0",2026-07-11,"Video, Related searches",informational,Organic
538 election,37,37,1600,63,0.00,https://wpvip.com/case-studies/fivethirtyeight-election-night/,1,0.01,0.00,0,5550000,"0, 1, 2, 4, 0, 0, 4, 3, 0, 0, 0, 0",2026-07-11,"Video, Related searches",informational,Organic
wordpress single sign on,6,6,90,15,24.42,https://docs.wpvip.com/security-controls/wordpress/sso/,1,0.01,24.00,0.07,106,"7, 7, 42, 7, 7, 15, 100, 34, 7, 53, 34, 80",2026-07-04,"Sitelinks, Reviews, Video, Video Carousel, People also ask, Related searches, AI overview",informational,People also ask
top digital media services with subscription flexibility,5,5,70,7,0.00,https://wpvip.com/blog/subscription-models-media-growth/,1,0.01,0.00,0.86,202,"15, 0, 3, 5, 1, 3, 100, 6, 6, 5, 8, 1",2026-05-30,"Video, People also ask, Ads middle, AI overview",informational,Organic
wordpress vip self-hosted servers on-premises,5,5,210,24,0.00,https://wpvip.com/,1,0.01,0.00,0,4310000,"3, 100, 100, 8, 0, 0",2026-07-10,"Sitelinks, Reviews, Video, Video Carousel, Related searches, AI overview",informational,Organic
enterprise cms comparison,4,4,40,10,0.00,https://wpvip.com/blog/10-best-enterprise-content-management-systems/,1,0.01,0.00,0.03,118,"71, 42, 71, 71, 28, 71, 42, 28, 57, 71, 42, 100",2026-07-16,"Sitelinks, Reviews, Video, Related searches, Discussions and forums, AI overview",commercial,Organic
omnichannel content management,1,1,320,17,0.00,https://wpvip.com/blog/omnichannel-content-management/,1,0.01,0.00,0.01,134,"28, 44, 35, 81, 81, 28, 5, 3, 44, 81, 100, 100",2026-06-14,"Sitelinks, Reviews, Video, People also ask, Related searches, AI overview",informational,AI overview
best web analytics software,6,6,40,29,0.00,https://wpvip.com/blog/web-analytics-software-tools/,1,0.01,0.00,0.33,125,"14, 14, 28, 35, 100, 50, 21, 14, 14, 50, 14, 28",2026-07-12,"Sitelinks, Video, Video Carousel, People also ask, Related searches, AI overview",commercial,Organic
wp json pages,7,7,50,20,0.00,https://docs.wpvip.com/wordpress-on-vip/wordpress-rest-api/,1,0.01,0.00,0.33,136,"11, 52, 100, 11, 41, 11, 23, 52, 11, 11, 0, 11",2026-07-09,"Sitelinks, Reviews, Video, Video Carousel, Related searches, AI overview",informational,Organic
wpvip,1,1,170,31,21.25,https://wpvip.com/resource/wp-engine-vs-wordpress-vip/,1,0.01,21.00,0.4,150,"43, 43, 43, 53, 66, 53, 43, 43, 43, 43, 35, 35",2026-06-09,"Sitelinks, Video, Video Carousel, People also ask, Related searches",navigational,People also ask
wpvip,1,1,170,31,21.25,https://wpvip.com/content-management-system/,1,0.01,21.00,0.4,150,"43, 43, 43, 53, 66, 53, 43, 43, 43, 43, 35, 35",2026-06-09,"Sitelinks, Video, Video Carousel, People also ask, Related searches",navigational,People also ask
directory plugin for wordpress,2,2,70,66,2.45,https://docs.wpvip.com/wordpress-skeleton/plugins-directory/,1,0.01,2.00,0.16,126,"35, 6, 14, 10, 35, 6, 10, 8, 8, 4, 6, 6",2026-07-08,"Sitelinks, Reviews, Video, Video Carousel, People also ask, Related searches, AI overview","commercial, informational",People also ask
wordpress enterprise solution,1,1,70,35,0.00,https://wpvip.com/,1,0.01,0.00,0.33,95,"35, 50, 100, 78, 28, 14, 7, 35, 35, 28, 28, 50",2026-07-04,"Sitelinks, Reviews, Video, People also ask, Related searches, AI overview",informational,AI overview
database vip,1,1,30,8,8.30,https://docs.wpvip.com/databases/,1,0.01,8.00,0.06,112,"18, 18, 18, 18, 100, 18, 18, 18, 18, 18, 18, 18",2026-07-20,"Video, People also ask, Related searches, AI overview",informational,AI overview
personalized content,12,12,590,36,5.16,https://wpvip.com/blog/content-personalization/,1,0.01,5.00,0.02,131,"81, 54, 54, 67, 100, 44, 100, 19, 67, 54, 81, 81",2026-06-19,"Sitelinks, Video, Video Carousel, People also ask, Related searches, AI overview",informational,Organic
wordpress martech company,5,5,70,22,0.00,https://wpvip.com/resource/martech-trends/,1,0.01,0.00,0,293000,"5, 29, 64, 100, 17",2026-06-27,"Reviews, Video, Ads top, People also ask, Ads middle, AI overview",informational,Organic
wordpress multisite network,4,4,50,41,15.42,https://wpvip.com/blog/wordpress-multisite/,1,0.01,15.00,0.09,150,"81, 100, 18, 36, 63, 45, 18, 18, 45, 18, 18, 18",2026-06-14,"Sitelinks, Video, Video Carousel, People also ask, AI overview",informational,Organic
wordpress graphql,2,2,40,43,0.00,https://wpvip.com/blog/wp-graphql-pros-and-cons-wordpress/,1,0.01,0.00,0.05,108,"2, 5, 2, 2, 12, 9, 2, 12, 2, 9, 2, 2",2026-06-04,"Video, Video Carousel, People also ask, Related searches",informational,People also ask
wordpress graphql,4,4,40,43,0.00,https://wpvip.com/blog/wp-graphql-pros-and-cons-wordpress/,1,0.01,0.00,0.05,108,"2, 5, 2, 2, 12, 9, 2, 12, 2, 9, 2, 2",2026-06-04,"Video, Video Carousel, People also ask, Related searches",informational,Organic
quartz cmo summit,6,6,30,4,4.12,https://wpvip.com/event/cmo-leadership-summit-october-25/,1,0.01,4.00,0.24,107,"40, 40, 80, 80, 100, 80, 60, 60, 80, 60, 80, 40",2026-07-20,"Video, Related searches","informational, navigational",Organic
how to scale wordpress,5,5,90,21,0.00,https://wpvip.com/blog/wordpress-scalability/,1,0.01,0.00,0.01,125,"11, 11, 64, 64, 52, 29, 41, 82, 82, 100, 82, 64",2026-06-30,"Sitelinks, Reviews, Video, People also ask, Discussions and forums, AI overview",informational,Organic
headless cms implementation,9,9,140,31,0.00,https://wpvip.com/resource/headless-cms-guide/,1,0.01,0.00,0.33,131,"5, 7, 28, 82, 100, 35, 28, 35, 17, 23, 53, 17",2026-06-09,"Sitelinks, Video, Featured snippet, Ads top, Video Carousel, Related searches, Ads middle",informational,Organic
wordpress versions,1,1,480,52,12.96,https://docs.wpvip.com/wordpress-on-vip/wordpress-upgrades/,1,0.01,12.00,0.04,107,"48, 48, 39, 48, 26, 59, 48, 32, 39, 32, 72, 39",2026-06-18,"Sitelinks, Reviews, Video, People also ask, Related searches, Discussions and forums, AI overview","informational, navigational",AI overview
migration site web,5,5,40,49,13.11,https://wpvip.com/glossary/website-migration/,1,0.01,13.00,0.12,130,"17, 23, 17, 82, 41, 11, 17, 29, 17, 29, 5, 29",2026-07-06,"Reviews, Video, Ads bottom, People also ask, Related searches, AI overview",informational,Organic
wordpress mfa,6,6,260,49,2.89,https://docs.wpvip.com/security-controls/wordpress/enforce-2fa/,1,0.01,2.00,0.09,106,"8, 13, 5, 13, 8, 8, 8, 11, 4, 7, 3, 7",2026-06-16,"Sitelinks, Reviews, Video, People also ask, Related searches, AI overview",informational,Organic
wordpress 6.7 release date october 2025,11,11,260,28,0.00,https://wpvip.com/blog/wordpress-6-7/,1,0.01,0.00,0,110,"100, 0, 0, 0, 0, 0",2026-06-18,"Reviews, Video, Ads bottom, People also ask, Related searches, AI overview",informational,Organic
b2b buying committees,4,4,40,19,0.00,https://wpvip.com/blog/b2b-buying-committee-content-strategy/,1,0.01,0.00,0,137,"0, 0, 1, 11, 11, 8, 11, 11, 3, 3, 5, 8",2026-06-14,"Sitelinks, Video, Video Carousel, Related searches, AI overview",informational,Organic
what is wp multisite,5,5,50,34,1.82,https://wpvip.com/blog/wordpress-multisite/,1,0.01,1.00,0.1,12200000,"5, 5, 5, 0, 3, 5, 3, 3, 3, 5, 3, 8",2026-05-28,"Sitelinks, Video, Video Carousel, People also ask, Related searches, AI overview",informational,Organic
ttl for cname,3,3,50,19,0.00,https://docs.wpvip.com/domains/check-dns-record-time-to-live/,1,0.01,0.00,0.33,101,"41, 41, 41, 41, 41, 41, 29, 29, 11, 11, 11, 11",2026-06-27,"Sitelinks, Video, People also ask, Related searches, AI overview",informational,Organic
wordpress cron wp-cron documentation,1,1,50,13,0.00,https://docs.wpvip.com/wordpress-on-vip/cron-control/,1,0.01,0.00,0,107,"5, 5, 100, 64, 17, 0, 5",2026-06-19,"Sitelinks, Video, Related searches, AI overview",informational,AI overview
wordpress vip partner,2,2,40,18,12.51,https://wpvip.com/partner-application/,1,0.01,12.00,0.46,102,"28, 28, 100, 71, 100, 57, 100, 71, 28, 28, 42, 28",2026-07-13,"Sitelinks, Reviews, Video, People also ask, Related searches",navigational,Organic
wordpress reverse proxy,3,3,40,35,0.00,https://docs.wpvip.com/reverse-proxy/,1,0.01,0.00,0.01,101,"0, 0, 3, 2, 1, 0, 0, 0, 0, 0, 0, 0",2026-07-13,"Sitelinks, Video, Video Carousel, Related searches, AI overview",informational,Organic
content marketing on a budget,3,3,40,21,0.00,https://wpvip.com/resource/content-marketing-budget/,1,0.01,0.00,0.33,192,"28, 42, 28, 100, 100, 28, 57, 71, 57, 42, 28, 28",2026-06-21,"Sitelinks, Video, Video Carousel, People also ask, Related searches, AI overview",informational,Organic
wp json api,2,2,70,38,0.00,https://docs.wpvip.com/wordpress-on-vip/wordpress-rest-api/,1,0.01,0.00,0.01,135,"52, 41, 41, 82, 41, 64, 41, 41, 23, 41, 41, 41",2026-06-11,"Sitelinks, Reviews, Video, Video Carousel, People also ask, Related searches, AI overview","informational, navigational",Organic
wordpress integrations,9,9,260,17,13.10,https://wpvip.com/wordpress-ecosystem/,1,0.01,13.00,0.22,100,"17, 10, 28, 28, 82, 82, 100, 100, 82, 82, 66, 66",2026-06-18,"Sitelinks, Reviews, Video, Video Carousel, People also ask, Related searches, AI overview",informational,Organic
wordpress for enterprise sites,1,1,50,17,0.00,https://wpvip.com/,1,0.01,0.00,0.33,104,"55, 33, 77, 77, 77, 100, 55, 33, 44, 77, 44, 44",2026-06-26,"Sitelinks, Reviews, Video, People also ask, Related searches, AI overview",informational,AI overview
wordpress pim plugin,6,6,40,1,0.00,https://wpvip.com/glossary/product-information-management/,1,0.01,0.00,0.33,137,"42, 28, 100, 100, 57, 28, 28, 71, 57, 71, 57, 57",2026-07-19,"Sitelinks, Reviews, Video, Related searches, AI overview",informational,Organic
most secure content management platform for regulated industries 2025,1,1,40,17,0.00,https://wpvip.com/enterprise-content-management-system/,1,0.01,0.00,0,269000000,"29, 100, 52, 5, 0, 0, 0, 0",2026-07-12,"Reviews, Video, People also ask, Related searches, AI overview",informational,AI overview
evaluate the martech company wordpress,7,7,90,20,0.00,https://wpvip.com/resource/martech-trends/,1,0.01,0.00,0,70600,"52, 4, 33, 100, 80, 80, 52, 52, 19, 23, 19, 19",2026-05-29,"Sitelinks, Video, People also ask, AI overview",informational,Organic
ideal word count seo optimized article 2026,3,3,90,21,0.00,https://wpvip.com/blog/ideal-word-count/,1,0.01,0.00,0,127,"100, 41, 0",2026-06-11,"Sitelinks, Video, Video Carousel, People also ask, Related searches, AI overview",informational,People also ask
wordpress vip agencies,6,6,50,10,0.00,https://wpvip.com/partner-announcements/teckpert-named-wordpress-vip-public-sector-agency-partner/,1,0.01,0.00,0.14,129,"11, 11, 11, 44, 55, 44, 77, 100, 77, 77, 44, 77",2026-06-24,"Reviews, Video, Related searches",navigational,Organic
benefits of product information management,1,1,40,22,0.00,https://wpvip.com/blog/pim-benefits-and-use-cases/,1,0.01,0.00,0.33,193,"27, 27, 18, 81, 81, 27, 18, 18, 27, 18, 18, 27",2026-06-20,"Sitelinks, Reviews, Video, People also ask, Related searches, AI overview",informational,AI overview
wordpress test site,8,8,90,60,4.55,https://docs.wpvip.com/launch-a-site/testing-your-site/,1,0.01,4.00,0.12,106,"52, 23, 14, 52, 66, 19, 66, 80, 19, 19, 66, 52",2026-06-10,"Sitelinks, Video, Related searches, Discussions and forums, AI overview",informational,Organic
jetpack ai assistant wordpress,1,1,70,30,0.00,https://wpvip.com/jetpack-ai/,1,0.01,0.00,0.19,100,"2, 2, 4, 4, 2, 19, 7, 7, 15, 4, 2, 10",2026-07-07,"Sitelinks, Reviews, Video, Video Carousel, People also ask, Related searches, Discussions and forums, AI overview","informational, navigational",AI overview
headless wordpress theme,5,5,50,23,0.00,https://wpvip.com/headless-wordpress/,1,0.01,0.00,0.05,129,"21, 7, 14, 78, 14, 14, 100, 14, 14, 50, 35, 50",2026-06-29,"Sitelinks, Reviews, Video, People also ask, Related searches, AI overview",informational,Organic
vippluggin,14,14,170,7,0.00,https://docs.wpvip.com/plugins/installing-plugins/,1,0.01,0.00,0.33,75,"0, 0, 0, 0, 0, 0, 1, 3, 0, 4, 0, 0",2026-06-19,"Sitelinks, Reviews","informational, transactional",Organic
wordpress vip services,1,1,50,22,0.00,https://wpvip.com/,1,0.01,0.00,0,108,"9, 9, 81, 63, 63, 63, 81, 45, 100, 27, 18, 63",2026-07-09,"Sitelinks, Reviews, Video, Video Carousel, People also ask, Related searches, Discussions and forums, AI overview","informational, navigational",AI overview
wordpress vip services,1,1,50,22,0.00,https://wpvip.com/services/performance-service/,1,0.01,0.00,0,108,"9, 9, 81, 63, 63, 63, 81, 45, 100, 27, 18, 63",2026-07-09,"Sitelinks, Reviews, Video, Video Carousel, People also ask, Related searches, Discussions and forums, AI overview","informational, navigational",AI overview
wordpress vip services,1,1,50,22,0.00,https://wpvip.com/,1,0.01,0.00,0,108,"9, 9, 81, 63, 63, 63, 81, 45, 100, 27, 18, 63",2026-07-09,"Sitelinks, Reviews, Video, Video Carousel, People also ask, Related searches, Discussions and forums, AI overview","informational, navigational",Organic
enterprise hub,19,19,1900,28,10.43,https://wpvip.com/resource/enterprise-content-hub/,1,0.01,10.00,0.01,0,"55, 65, 65, 65, 55, 65, 55, 44, 65, 65, 65, 100",2026-07-16,"Sitelinks, Reviews, Video, Related searches","informational, navigational",Organic
wordpress development for enterprise,1,1,40,,0.00,https://wpvip.com/,1,0.01,0.00,0.33,99,"60, 40, 100, 80, 60, 80, 100, 100, 80, 80, 80, 60",2026-07-19,"Sitelinks, Reviews, Video, People also ask, Related searches, AI overview",informational,AI overview
wordpress vip pricing,1,1,170,26,25.44,https://wpvip.com/contact/,1,0.01,25.00,0.45,107,"43, 28, 65, 53, 65, 65, 81, 12, 100, 53, 43, 53",2026-07-21,"Sitelinks, Reviews, Video, People also ask, Related searches, AI overview",transactional,AI overview
wordpress vip pricing,6,6,170,26,25.44,https://wpvip.com/why-wordpress-vip/how-we-compare/wp-engine/,1,0.01,25.00,0.45,107,"43, 28, 65, 53, 65, 65, 81, 12, 100, 53, 43, 53",2026-07-21,"Sitelinks, Reviews, Video, People also ask, Related searches, AI overview",transactional,Organic
vip db,4,4,30,4,8.30,https://docs.wpvip.com/vip-cli/commands/db/,1,0.01,8.00,0.06,109,"11, 11, 11, 11, 64, 11, 11, 11, 11, 11, 11, 11",2026-07-20,"Reviews, Video, People also ask, Related searches",informational,Organic
wordpress 6.7 release october 2025 news,8,8,90,27,0.00,https://customerhub.wpvip.com/lobby/2025/08/05/wordpress-6-7-3-maintenance-release-with-backported-versions/,1,0.01,0.00,0,463000,"100, 2, 0, 0, 2, 4",2026-06-22,"Video, People also ask, Related searches, AI overview",informational,Organic
wordpress 6.5 release date,2,2,50,19,0.00,https://wpvip.com/blog/wordpress-6-5/,1,0.01,0.00,0.33,106,"0, 0, 0, 64, 50, 78, 50, 21, 21, 100, 35, 14",2026-06-12,"Sitelinks, Video, People also ask, Related searches, AI overview",informational,People also ask
web analytics platforms,9,9,320,32,21.35,https://wpvip.com/blog/web-analytics-software-tools/,1,0.01,21.00,0.08,129,"35, 54, 66, 54, 81, 35, 100, 28, 81, 54, 54, 44",2026-07-09,"Sitelinks, Video, Video Carousel, People also ask, Related searches, AI overview",commercial,Organic
gutenberg wordpress editor,3,3,50,57,1.52,https://wpvip.com/wordpress-gutenberg/,1,0.01,1.00,0.18,130,"29, 0, 29, 41, 41, 23, 29, 41, 29, 11, 41, 52",2026-06-05,"Video, Ads bottom, Video Carousel, People also ask, Discussions and forums",informational,Organic
dxp software,1,1,210,51,18.83,https://wpvip.com/glossary/digital-experience-platform/,1,0.01,18.00,0.05,127,"43, 53, 21, 100, 100, 43, 100, 28, 100, 65, 53, 53",2026-06-12,"Sitelinks, Reviews, Video, People also ask, Related searches, AI overview",informational,People also ask
is wordpress a headless cms,3,3,50,23,0.00,https://wpvip.com/headless-wordpress/,1,0.01,0.00,0.07,146,"52, 41, 64, 82, 29, 11, 11, 11, 11, 23, 23, 41",2026-06-27,"Sitelinks, Reviews, Video, Video Carousel, People also ask, Related searches, AI overview",informational,Organic
what is the current version of wordpress,11,11,170,41,7.44,https://docs.wpvip.com/wordpress-on-vip/wordpress-upgrades/,1,0.01,7.00,0.02,20,"53, 34, 80, 65, 100, 80, 65, 65, 34, 80, 53, 65",2026-07-17,"Reviews, Video, People also ask, Related searches, AI overview",informational,Organic
geographic redundancy,6,6,50,17,0.00,https://docs.wpvip.com/infrastructure/disaster-recovery/geographical-redundancy/,1,0.01,0.00,0.01,132,"82, 64, 11, 23, 23, 11, 17, 11, 11, 11, 11, 64",2026-06-02,"Sitelinks, Video, People also ask, Related searches, AI overview",informational,Organic
certification wordpress,1,1,30,31,2.60,https://learn.wpvip.com/certification/,1,0.01,2.00,0.24,132,"45, 45, 45, 100, 27, 27, 9, 18, 18, 9, 0, 9",2026-06-15,"Sitelinks, Reviews, Video, People also ask, Related searches, Discussions and forums, AI overview",commercial,AI overview
web migrations,1,1,140,26,0.00,https://wpvip.com/glossary/website-migration/,1,0.01,0.00,0,51,"44, 0, 0, 1, 0, 0, 0, 0, 0, 0, 0, 1",2026-07-17,"Video, Video Carousel, People also ask, Related searches, AI overview",informational,AI overview
wordpress 6.7 release news october 2025,10,10,170,14,0.00,https://wpvip.com/blog/wordpress-6-7/,1,0.01,0.00,0,610000,"100, 2, 0, 0, 1, 2",2026-06-19,"Reviews, Video, People also ask, Related searches, AI overview",informational,Organic
wordpress json api,3,3,90,36,0.00,https://docs.wpvip.com/wordpress-on-vip/wordpress-rest-api/,1,0.01,0.00,0.01,108,"64, 82, 52, 64, 64, 82, 52, 52, 41, 41, 41, 52",2026-06-21,"Sitelinks, Reviews, Video, People also ask, Related searches, AI overview",navigational,Organic
dxp wordpress,1,1,40,11,0.00,https://wpvip.com/glossary/digital-experience-platform/,1,0.01,0.00,0.1,119,"19, 4, 9, 14, 19, 14, 100, 14, 14, 9, 9, 19",2026-06-03,"Sitelinks, Video, Ads bottom, People also ask, Related searches, AI overview",informational,People also ask
plugin directory,5,5,30,24,1.68,https://docs.wpvip.com/wordpress-skeleton/plugins-directory/,1,0.01,1.00,0.26,20,"28, 28, 42, 42, 28, 28, 57, 28, 100, 57, 28, 28",2026-07-20,"People also ask, Related searches",commercial,Organic
time to live dns,13,13,210,52,1.68,https://docs.wpvip.com/domains/check-dns-record-time-to-live/,1,0.01,1.00,0.03,39,"36, 29, 23, 19, 44, 15, 9, 9, 44, 36, 54, 36",2026-07-14,"Sitelinks, Video, People also ask, Related searches, AI overview",informational,Organic
advantages of open source software,13,13,260,46,0.00,https://wpvip.com/blog/how-open-source-software-benefits-businesses/,1,0.01,0.00,0.33,148,"81, 43, 35, 81, 81, 81, 81, 43, 43, 43, 54, 54",2026-06-16,"Sitelinks, Reviews, Video, People also ask, Related searches, AI overview",informational,Organic
wordpress version,17,17,390,30,9.34,https://docs.wpvip.com/wordpress-on-vip/wordpress-upgrades/,1,0.01,9.00,0.04,102,"36, 36, 36, 30, 24, 24, 24, 24, 20, 30, 20, 30",2026-07-19,"Reviews, Video, People also ask, Related searches, AI overview",informational,Organic
wordpress certified developer certification,3,3,50,10,0.00,https://learn.wpvip.com/certification/,1,0.01,0.00,0.33,104,"11, 82, 52, 100, 11, 11, 11, 11, 11, 0, 11, 11",2026-06-17,"Sitelinks, Reviews, Video, People also ask, Related searches, Discussions and forums, AI overview",commercial,People also ask
wordpress for enterprise content management,1,1,50,18,0.00,https://wpvip.com/,1,0.01,0.00,0.33,149,"41, 41, 17, 41, 52, 29, 29, 5, 23, 17, 17, 23",2026-06-15,"Sitelinks, Reviews, Video, Video Carousel, People also ask, Related searches, AI overview",informational,AI overview
what is a site migration,11,11,260,46,0.00,https://wpvip.com/glossary/website-migration/,1,0.01,0.00,0.01,184,"2, 1, 5, 13, 10, 2, 6, 6, 3, 8, 100, 67",2026-06-27,"Sitelinks, Reviews, Video, People also ask, Related searches, AI overview",informational,Organic
wordpress plugin directory,3,3,390,77,2.45,https://docs.wpvip.com/wordpress-skeleton/plugins-directory/,1,0.01,2.00,0.16,105,"54, 29, 29, 100, 36, 54, 23, 29, 54, 15, 67, 54",2026-06-29,"Sitelinks, Video, Video Carousel, People also ask, Related searches, AI overview",informational,People also ask
mfa wordpress,7,7,170,48,2.82,https://docs.wpvip.com/security-controls/wordpress/enforce-2fa/,1,0.01,2.00,0.11,122,"54, 54, 29, 18, 54, 35, 10, 14, 43, 29, 54, 54",2026-07-05,"Reviews, Video, Video Carousel, People also ask, Related searches, AI overview",informational,Organic
dns ttl record,7,7,50,29,0.00,https://docs.wpvip.com/domains/check-dns-record-time-to-live/,1,0.01,0.00,0.33,108,"41, 41, 41, 41, 41, 29, 41, 11, 11, 11, 11, 11",2026-06-05,"Sitelinks, Video, Video Carousel, People also ask, Related searches, AI overview",informational,Organic
best product analytics platforms for web services 2025,8,8,50,41,0.00,https://wpvip.com/blog/web-analytics-software-tools/,1,0.01,0.00,0,509000000,"100, 53, 0, 0, 0, 0, 0",2026-06-26,"Sitelinks, Video, People also ask, Related searches, AI overview",commercial,Organic
wordpress 6.7 release candidate news november 2025,4,4,50,26,0.00,https://customerhub.wpvip.com/lobby-category/software-updates/wordpress/page/2/,1,0.01,0.00,0,16400,"100, 0, 0, 0, 0, 0",2026-07-17,"Video, People also ask, Related searches, AI overview",informational,Organic
web analytic tools,8,8,110,83,9.84,https://wpvip.com/blog/web-analytics-software-tools/,1,0.01,9.00,0.05,126,"23, 11, 1, 11, 28, 28, 8, 28, 0, 44, 35, 6",2026-06-08,"Sitelinks, Video, Ads bottom, People also ask, Related searches, AI overview",informational,Organic
caching in wordpress,2,2,40,23,3.67,https://wpvip.com/blog/caching/,1,0.01,3.00,0.13,34,"80, 14, 14, 19, 4, 19, 4, 4, 33, 0, 19, 9",2026-07-21,"Sitelinks, Video, Video Carousel, People also ask, Related searches",informational,People also ask
product information management benefits,1,1,40,15,0.00,https://wpvip.com/blog/pim-benefits-and-use-cases/,1,0.01,0.00,0.33,138,"45, 18, 18, 63, 63, 18, 36, 18, 27, 27, 18, 27",2026-06-01,"Sitelinks, Video, Video Carousel, People also ask, Related searches, AI overview",informational,AI overview
2fa wordpress,3,3,40,47,2.82,https://docs.wpvip.com/security-controls/wordpress/enforce-2fa/,1,0.01,2.00,0.11,123,"42, 9, 19, 19, 52, 0, 66, 0, 0, 0, 19, 23",2026-07-07,"Reviews, Video, Video Carousel, People also ask, Related searches",informational,People also ask
self host wordpress,9,9,320,18,7.83,https://wpvip.com/blog/self-hosted-wordpress/,1,0.01,7.00,0.38,123,"100, 19, 12, 19, 15, 44, 19, 23, 36, 54, 44, 23",2026-06-01,"Sitelinks, Video, Ads bottom, Video Carousel, People also ask, Related searches, AI overview",informational,Organic
viplogs,5,5,170,18,0.00,https://customerhub.wpvip.com/lobby/2022/01/07/runtime-logs/,1,0.01,0.00,0.33,137,"0, 100, 23, 100, 43, 23, 43, 35, 28, 28, 28, 43",2026-07-11,"Sitelinks, Video, Related searches, AI overview",navigational,Organic
multisite,8,8,260,37,19.28,https://wpvip.com/blog/wordpress-multisite/,1,0.01,19.00,0.04,131,"36, 23, 44, 44, 36, 44, 36, 36, 54, 36, 36, 44",2026-07-01,"Image pack, Reviews, Video, People also ask, Related searches, AI overview",informational,Organic
wordpress vs wpengine,3,3,90,34,0.00,https://wpvip.com/resource/wp-engine-vs-wordpress-vip/,1,0.01,0.00,0.06,127,"4, 4, 5, 12, 12, 15, 19, 19, 9, 12, 6, 9",2026-05-31,"Sitelinks, Video, Video Carousel, People also ask, Related searches, Short videos, Discussions and forums, AI overview","commercial, informational",People also ask
content marketing for business,9,9,390,60,0.00,https://wpvip.com/resource/content-marketing-strategy-guide/,1,0.01,0.00,0.02,122,"36, 29, 81, 44, 29, 100, 23, 36, 100, 36, 29, 66",2026-07-01,"Knowledge panel, Video, Video Carousel, People also ask, Related searches, AI overview",informational,Organic
leading enterprise vr content management systems with sso and analytics,8,8,50,1,0.00,https://wpvip.com/blog/10-best-enterprise-content-management-systems/,1,0.01,0.00,0,65900,"44, 100, 44, 44",2026-06-23,"Reviews, Video, Related searches, AI overview",informational,Organic
omnichannel experience architecture diagram visualization,1,1,50,11,0.00,https://wpvip.com/blog/omnichannel-content-management/,1,0.01,0.00,0,888000,"4, 100, 0, 0",2026-07-03,"Sitelinks, Reviews, Video, Related searches, AI overview",informational,AI overview
benefits of pim,5,5,70,13,0.00,https://wpvip.com/blog/pim-benefits-and-use-cases/,1,0.01,0.00,0.01,137,"33, 52, 66, 42, 14, 33, 42, 19, 42, 19, 9, 42",2026-07-06,"Sitelinks, Reviews, Video, People also ask, AI overview",informational,Organic
wordpress scaling,8,8,70,26,0.00,https://wpvip.com/auto-scaling/,1,0.01,0.00,0.06,109,"28, 14, 50, 78, 64, 35, 28, 50, 64, 100, 100, 64",2026-07-11,"Sitelinks, Reviews, Video, Video Carousel, Related searches, AI overview",informational,Organic
wordpress enterprise cms,1,1,70,14,0.00,https://wpvip.com/,1,0.01,0.00,0.33,126,"44, 55, 44, 100, 100, 44, 22, 77, 100, 100, 77, 55",2026-06-15,"Sitelinks, Reviews, Video, Ads bottom, Video Carousel, People also ask, Related searches, AI overview",informational,Organic
domain name ttl,7,7,50,32,0.00,https://docs.wpvip.com/domains/check-dns-record-time-to-live/,1,0.01,0.00,0.02,127,"55, 77, 77, 77, 77, 77, 77, 55, 55, 77, 77, 22",2026-05-31,"Sitelinks, Video, People also ask, Related searches, AI overview",informational,Organic
wordpress 6.5 plugin capabilities introduced,4,4,50,7,0.00,https://wpvip.com/blog/wordpress-6-5/,1,0.01,0.00,0,111,"78, 14, 100, 35, 50, 50, 35, 0, 0, 0",2026-07-18,"Sitelinks, Video, People also ask, Related searches",informational,People also ask
personalization wordpress,2,2,70,21,0.00,https://wpvip.com/resource/how-to-achieve-personalization-with-enterprise-wordpress/,1,0.01,0.00,0.02,114,"36, 45, 36, 63, 63, 100, 63, 63, 63, 45, 45, 45",2026-06-04,"Video, Video Carousel, People also ask, Related searches, Discussions and forums",informational,Organic
omnichannel content management system,3,3,40,14,0.00,https://wpvip.com/blog/omnichannel-content-management/,1,0.01,0.00,0,158,"28, 14, 57, 71, 28, 57, 100, 57, 71, 71, 71, 57",2026-07-17,"Sitelinks, Reviews, Video, People also ask, Related searches, AI overview",informational,Organic
directory wordpress plugin,3,3,50,44,1.80,https://docs.wpvip.com/wordpress-skeleton/plugins-directory/,1,0.01,1.00,0.16,129,"8, 0, 0, 6, 8, 29, 6, 10, 6, 29, 35, 6",2026-06-19,"Sitelinks, Reviews, Video, People also ask, AI overview",commercial,People also ask
aprimos,15,15,140,49,10.38,https://wpvip.com/partner/aprimo/,0,0,0.00,0.29,186000,"1, 1, 1, 1, 1, 0, 0, 0, 0, 0, 100, 0",2026-06-13,"Sitelinks, Reviews, Video, Video Carousel, People also ask, Related searches, AI overview",informational,Organic
aprimos,21,21,140,49,10.38,https://wpvip.com/partner/aprimo/,0,0,0.00,0.29,186000,"1, 1, 1, 1, 1, 0, 0, 0, 0, 0, 100, 0",2026-06-13,"Sitelinks, Reviews, Video, Video Carousel, People also ask, Related searches, AI overview",informational,Organic
wordpress 6.7 release news december 2025,12,12,70,17,0.00,https://wpvip.com/blog/wordpress-6-7/,0,0,0.00,0,504000,"100, 0, 0, 0, 0",2026-07-10,"Video, People also ask, Related searches, AI overview",informational,Organic
wordpress 6.7 release news december 2025,38,38,70,17,0.00,https://customerhub.wpvip.com/lobby/2025/02/11/wordpress-6-7-2-maintenance-release/,0,0,0.00,0,504000,"100, 0, 0, 0, 0",2026-07-10,"Video, People also ask, Related searches, AI overview",informational,Organic
wordpress 6.7 release news december 2025,75,75,70,17,0.00,https://customerhub.wpvip.com/platform-release-schedule/,0,0,0.00,0,504000,"100, 0, 0, 0, 0",2026-07-10,"Video, People also ask, Related searches, AI overview",informational,Organic
upload database,20,20,70,20,6.87,https://docs.wpvip.com/databases/import/,0,0,0.00,0.11,128,"26, 26, 19, 26, 26, 26, 26, 26, 7, 7, 42, 42",2026-06-04,"Video, Video Carousel, People also ask, Related searches, AI overview",informational,Organic
commit message,16,16,170,43,0.00,https://docs.wpvip.com/guidebooks/developer-best-practices/create-a-good-commit-message/,0,0,0.00,0.33,134,"53, 53, 43, 53, 43, 43, 53, 53, 28, 43, 43, 43",2026-06-03,"Sitelinks, Video, Video Carousel, People also ask, Related searches, Short videos, Discussions and forums, AI overview",informational,Organic
content intelligent,1,1,30,12,12.53,https://wpvip.com/blog/content-intelligence-enterprise-cms-guide/,0,0,0.00,0.14,140,"0, 0, 60, 60, 60, 100, 100, 100, 80, 20, 40, 40",2026-07-20,"Sitelinks, Video, People also ask, Related searches, AI overview",informational,AI overview
content intelligent,24,24,30,12,12.53,https://wpvip.com/blog/content-intelligence-enterprise-cms-guide/,0,0,0.00,0.14,140,"0, 0, 60, 60, 60, 100, 100, 100, 80, 20, 40, 40",2026-07-20,"Sitelinks, Video, People also ask, Related searches, AI overview",informational,Organic
why do you need a pim tool,1,1,50,26,0.00,https://wpvip.com/blog/pim-benefits-and-use-cases/,0,0,0.00,0.33,175,"45, 18, 81, 81, 63, 36, 81, 100, 36, 27, 27, 18",2026-06-26,"Reviews, Video, Video Carousel, People also ask, Related searches, AI overview",informational,People also ask
why do you need a pim tool,62,62,50,26,0.00,https://wpvip.com/blog/pim-benefits-and-use-cases/,0,0,0.00,0.33,175,"45, 18, 81, 81, 63, 36, 81, 100, 36, 27, 27, 18",2026-06-26,"Reviews, Video, Video Carousel, People also ask, Related searches, AI overview",informational,Organic
vip domain,1,1,260,17,4.25,https://docs.wpvip.com/domains/map-a-domain/,0,0,0.00,0.21,111,"39, 48, 88, 26, 32, 26, 17, 11, 7, 0, 7, 7",2026-06-17,"Sitelinks, Reviews, Video, Ads bottom, People also ask, Related searches, AI overview",informational,AI overview
vip domain,24,24,260,17,4.25,https://docs.wpvip.com/domains/convenience-domains/,0,0,0.00,0.21,111,"39, 48, 88, 26, 32, 26, 17, 11, 7, 0, 7, 7",2026-06-17,"Sitelinks, Reviews, Video, Ads bottom, People also ask, Related searches, AI overview",informational,Organic
vip domain,82,82,260,17,4.25,https://docs.wpvip.com/domains/point-dns-to-vip/,0,0,0.00,0.21,111,"39, 48, 88, 26, 32, 26, 17, 11, 7, 0, 7, 7",2026-06-17,"Sitelinks, Reviews, Video, Ads bottom, People also ask, Related searches, AI overview",informational,Organic
single sign on wordpress,3,3,40,21,16.76,https://docs.wpvip.com/security-controls/wordpress/sso/,0,0,0.00,0.18,10,"19, 23, 19, 9, 9, 19, 19, 19, 19, 33, 19, 23",2026-07-19,"Sitelinks, Reviews, People also ask, Related searches, AI overview",informational,Organic
karmadharma,5,5,70,34,0.97,https://wpvip.com/partner/karmadharma/,0,0,0.00,0.01,119,"0, 0, 0, 100, 0, 0, 0, 0, 0, 0, 0, 0",2026-06-29,"Knowledge panel, Sitelinks, Reviews, Video, People also ask, Related searches",navigational,Organic
ecm roadmap,51,51,50,7,0.00,https://wpvip.com/blog/enterprise-content-management-strategy/,0,0,0.00,0.33,123,"22, 22, 33, 44, 55, 44, 55, 77, 77, 77, 100, 77",2026-07-14,"Reviews, Video, People also ask, Related searches, AI overview",informational,Organic
wordpress and salesforce integration,11,11,90,26,10.29,https://wpvip.com/wordpress-vip-for-salesforce/,0,0,0.00,0.12,106,"26, 100, 34, 34, 100, 42, 19, 15, 15, 11, 19, 15",2026-07-06,"Reviews, Video, Video Carousel, Related searches, Discussions and forums, AI overview",informational,Organic
wp engine cron,22,22,50,22,0.00,https://docs.wpvip.com/wordpress-on-vip/cron-control/,0,0,0.00,0.33,99,"22, 22, 22, 77, 55, 77, 77, 100, 77, 77, 77, 55",2026-06-12,"Sitelinks, Reviews, Video, Video Carousel, People also ask, Related searches",informational,Organic
wordpress training courses,14,14,70,70,2.56,https://learn.wpvip.com/,0,0,0.00,0.12,103,"78, 100, 50, 21, 0, 50, 28, 14, 0, 78, 100, 100",2026-06-06,"Knowledge panel, Sitelinks, Video, Video Carousel, People also ask",transactional,Organic
enterprise localization,1,1,140,22,18.62,https://wpvip.com/blog/enterprise-localization-strategy-multilingual/,0,0,0.00,0.06,117,"65, 42, 34, 53, 65, 42, 42, 42, 100, 26, 19, 80",2026-06-05,"Video, Video Carousel, People also ask, Related searches, AI overview",informational,AI overview
enterprise localization,25,25,140,22,18.62,https://wpvip.com/blog/enterprise-localization-strategy-multilingual/,0,0,0.00,0.06,117,"65, 42, 34, 53, 65, 42, 42, 42, 100, 26, 19, 80",2026-06-05,"Video, Video Carousel, People also ask, Related searches, AI overview",informational,Organic
cache control example html,31,31,40,52,0.00,https://docs.wpvip.com/caching/page-cache/customize-behavior/cache-control-headers/,0,0,0.00,0.33,114,"23, 11, 11, 11, 100, 23, 11, 11, 11, 11, 0, 11",2026-07-13,"Sitelinks, Video, Video Carousel, Related searches, AI overview",informational,Organic
wordpress session timeout plugin,6,6,210,35,0.00,https://docs.wpvip.com/security-controls/wordpress/session-time/,0,0,0.00,0,104,"0, 0, 0, 100, 0, 0, 0, 0, 0, 0, 0, 0",2026-05-31,"Sitelinks, Video, Video Carousel, People also ask, Related searches, Discussions and forums, AI overview",informational,People also ask
wordpress session timeout plugin,16,16,210,35,0.00,https://docs.wpvip.com/security-controls/wordpress/session-time/,0,0,0.00,0,104,"0, 0, 0, 100, 0, 0, 0, 0, 0, 0, 0, 0",2026-05-31,"Sitelinks, Video, Video Carousel, People also ask, Related searches, Discussions and forums, AI overview",informational,Organic
wordpress session timeout plugin,54,54,210,35,0.00,https://docs.wpvip.com/wordpress-on-vip/php/php-sessions/,0,0,0.00,0,104,"0, 0, 0, 100, 0, 0, 0, 0, 0, 0, 0, 0",2026-05-31,"Sitelinks, Video, Video Carousel, People also ask, Related searches, Discussions and forums, AI overview",informational,Organic
wordpress multisite development services,4,4,50,0,0.00,https://wpvip.com/glossary/wordpress-multisite/,0,0,0.00,0.01,111,"18, 9, 36, 45, 45, 36, 45, 45, 45, 100, 100, 81",2026-07-19,"Sitelinks, Reviews, Video, People also ask, Discussions and forums, AI overview",informational,People also ask
wordpress multisite development services,53,53,50,0,0.00,https://wpvip.com/blog/wordpress-multisite/,0,0,0.00,0.01,111,"18, 9, 36, 45, 45, 36, 45, 45, 45, 100, 100, 81",2026-07-19,"Sitelinks, Reviews, Video, People also ask, Discussions and forums, AI overview",informational,Organic
how long does dns check take github,40,40,40,21,0.00,https://docs.wpvip.com/domains/check-dns-record-time-to-live/,0,0,0.00,0.33,154,"0, 28, 14, 100, 64, 50, 14, 50, 14, 14, 14, 14",2026-07-17,"Sitelinks, Video, People also ask, Related searches",informational,Organic
wordpress manager task assignment page content creation email address,1,1,50,13,0.00,https://docs.wpvip.com/manage-user-access/wordpress/,0,0,0.00,0,4730000,"14, 100, 4, 0",2026-06-20,"Sitelinks, Reviews, Video, Video Carousel, People also ask, Related searches, AI overview",informational,AI overview
wordpress manager task assignment page content creation email address,30,30,50,13,0.00,https://docs.wpvip.com/manage-user-access/wordpress/,0,0,0.00,0,4730000,"14, 100, 4, 0",2026-06-20,"Sitelinks, Reviews, Video, Video Carousel, People also ask, Related searches, AI overview",informational,Organic
open source enterprise cms,15,15,40,62,0.00,https://wpvip.com/open-source-enterprise-cms/,0,0,0.00,0.18,158,"71, 42, 100, 100, 71, 28, 28, 28, 57, 28, 42, 71",2026-06-30,"Sitelinks, Reviews, Video, Ads bottom, Related searches, AI overview",informational,Organic
open source enterprise cms,52,52,40,62,0.00,https://wpvip.com/blog/10-best-enterprise-content-management-systems/,0,0,0.00,0.18,158,"71, 42, 100, 100, 71, 28, 28, 28, 57, 28, 42, 71",2026-06-30,"Sitelinks, Reviews, Video, Ads bottom, Related searches, AI overview",informational,Organic
vipplugin com,2,0,320,22,0.00,https://docs.wpvip.com/plugins/,0,0,0.00,0.33,55,"13, 10, 10, 4, 3, 3, 3, 3, 1, 4, 4, 7",2026-07-23,"Sitelinks, Reviews, Video, People also ask, Related searches, AI overview","informational, transactional",AI overview
vipplugin com,24,0,320,22,0.00,https://docs.wpvip.com/plugins/installing-plugins/,0,0,0.00,0.33,55,"13, 10, 10, 4, 3, 3, 3, 3, 1, 4, 4, 7",2026-07-23,"Sitelinks, Reviews, Video, People also ask, Related searches, AI overview","informational, transactional",Organic
salesforce and wordpress,9,9,90,32,10.09,https://wpvip.com/wordpress-vip-for-salesforce/,0,0,0.00,0.03,106,"78, 78, 50, 50, 100, 64, 50, 28, 35, 35, 78, 50",2026-07-04,"Reviews, Video, Video Carousel, People also ask, Related searches, AI overview",informational,Organic
what is content intelligence,20,20,50,13,7.63,https://wpvip.com/blog/content-intelligence-enterprise-cms-guide/,0,0,0.00,0.12,135,"22, 22, 44, 55, 33, 44, 44, 55, 55, 100, 100, 100",2026-07-11,"Reviews, Video, Video Carousel, People also ask, Related searches, AI overview",informational,Organic
what are web analytics tools,30,30,50,36,0.00,https://wpvip.com/blog/web-analytics-software-tools/,0,0,0.00,0.01,173,"78, 14, 64, 50, 14, 14, 100, 14, 14, 14, 14, 14",2026-07-10,"Sitelinks, Reviews, Video, People also ask, Related searches, AI overview",informational,Organic
answer engine optimization pricing plans,27,27,50,32,0.00,https://wpvip.com/blog/answer-engine-optimization-strategies/,0,0,0.00,0,212,"5, 29, 11, 11, 23, 100, 17, 11, 17",2026-07-05,"Sitelinks, Reviews, Video, People also ask, Related searches, AI overview",transactional,Organic
optimal word count for blog post,17,17,40,32,0.00,https://wpvip.com/blog/ideal-word-count/,0,0,0.00,0.25,144,"18, 27, 27, 100, 36, 27, 45, 18, 18, 18, 18, 18",2026-07-07,"Sitelinks, Reviews, Video, Video Carousel, People also ask, Related searches, Discussions and forums, AI overview",informational,Organic
optimal word count for blog post,18,18,40,32,0.00,https://wpvip.com/blog/ideal-word-count/,0,0,0.00,0.25,144,"18, 27, 27, 100, 36, 27, 45, 18, 18, 18, 18, 18",2026-07-07,"Sitelinks, Reviews, Video, Video Carousel, People also ask, Related searches, Discussions and forums, AI overview",informational,Organic
content tagging system,14,14,40,10,0.00,https://wpvip.com/blog/5-tagging-best-practices-content-strategy/,0,0,0.00,0,138,"100, 55, 33, 77, 55, 0, 0, 11, 44, 11, 77, 44",2026-07-09,"Sitelinks, Reviews, Video, Video Carousel, Related searches, AI overview",informational,Organic
jpmchase.com blog personalization or sms or cdp or esp,44,44,50,21,0.00,https://wpvip.com/blog/content-personalization/,0,0,0.00,0,681,"100, 0, 0",2026-06-14,"Video, People also ask, Related searches, AI overview",informational,Organic
jpmchase.com blog personalization or sms or cdp or esp,60,60,50,21,0.00,https://wpvip.com/blog/content-personalization/,0,0,0.00,0,681,"100, 0, 0",2026-06-14,"Video, People also ask, Related searches, AI overview",informational,Organic
european accessibility act eaa 2025,59,59,40,32,0.00,https://wpvip.com/blog/eu-accessibility-act-2025/,0,0,0.00,0.33,124,"11, 11, 23, 23, 100, 11, 11, 11, 0, 11, 11, 11",2026-06-10,"Sitelinks, Video, Ads bottom, Related searches, Ads middle, AI overview",informational,Organic
action scheduler,6,6,70,23,0.00,https://docs.wpvip.com/wordpress-on-vip/action-scheduler/,0,0,0.00,0.33,107,"0, 9, 100, 52, 33, 33, 33, 0, 23, 33, 33, 52",2026-06-09,"Sitelinks, Video Carousel, People also ask, Related searches",navigational,Organic
dxp definition,56,56,90,30,0.00,https://wpvip.com/glossary/digital-experience-platform/,0,0,0.00,0.33,125,"52, 42, 14, 52, 42, 19, 19, 42, 52, 42, 52, 42",2026-06-05,"Sitelinks, Video, Video Carousel, People also ask, Related searches, AI overview",informational,Organic
dxp definition,59,59,90,30,0.00,https://wpvip.com/glossary/digital-experience-platform/,0,0,0.00,0.33,125,"52, 42, 14, 52, 42, 19, 19, 42, 52, 42, 52, 42",2026-06-05,"Sitelinks, Video, Video Carousel, People also ask, Related searches, AI overview",informational,Organic
xml rpc wordpress,19,19,50,34,0.00,https://docs.wpvip.com/security-controls/wordpress/xml-rpc/,0,0,0.00,0.02,139,"33, 42, 23, 33, 33, 33, 14, 19, 9, 14, 19, 19",2026-06-09,"Sitelinks, People also ask, Related searches, AI overview",informational,Organic
wordpress 6.7 release date october 2025 news,47,47,170,10,0.00,https://customerhub.wpvip.com/platform-release-schedule/,0,0,0.00,0,255000,"100, 2, 0, 0, 0, 0",2026-06-18,"Video, People also ask, Related searches, AI overview",informational,Organic
wordpress rest api,8,8,720,45,4.33,https://wpvip.com/glossary/wordpress-rest-api-for-the-enterprise/,0,0,0.00,0.04,105,"55, 55, 45, 55, 67, 55, 55, 55, 45, 100, 45, 67",2026-05-29,"Video, Video Carousel, People also ask, Related searches, AI overview","informational, navigational",Organic
wordpress rest api,9,9,720,45,4.33,https://wpvip.com/glossary/wordpress-rest-api-for-the-enterprise/,0,0,0.00,0.04,105,"55, 55, 45, 55, 67, 55, 55, 55, 45, 100, 45, 67",2026-05-29,"Video, Video Carousel, People also ask, Related searches, AI overview","informational, navigational",Organic
wordpress rest api,24,24,720,45,4.33,https://docs.wpvip.com/wordpress-on-vip/wordpress-rest-api/,0,0,0.00,0.04,105,"55, 55, 45, 55, 67, 55, 55, 55, 45, 100, 45, 67",2026-05-29,"Video, Video Carousel, People also ask, Related searches, AI overview","informational, navigational",Organic
wordpress 6.7 release date november 2025 news,42,42,90,15,0.00,https://customerhub.wpvip.com/platform-release-schedule/,0,0,0.00,0,107,"100, 0, 0, 0, 0, 0",2026-07-13,"Reviews, Video, People also ask, Related searches",informational,Organic
wordpress 6.7 release date november 2025 news,57,57,90,15,0.00,https://customerhub.wpvip.com/platform-release-schedule/,0,0,0.00,0,107,"100, 0, 0, 0, 0, 0",2026-07-13,"Reviews, Video, People also ask, Related searches",informational,Organic
dxp agency,19,19,70,30,0.00,https://wpvip.com/glossary/digital-experience-platform/,0,0,0.00,0.33,128,"18, 18, 45, 63, 81, 81, 81, 100, 63, 81, 63, 27",2026-06-21,"Sitelinks, Reviews, Video, People also ask, Related searches, AI overview",informational,Organic
enterprise content management best practices,16,16,50,22,0.00,https://wpvip.com/blog/enterprise-content-management-strategy/,0,0,0.00,0.17,125,"23, 23, 23, 29, 29, 29, 29, 29, 29, 41, 29, 52",2026-06-10,"Video, Video Carousel, Related searches, AI overview",commercial,Organic
max age 0 cache control,22,22,70,31,0.00,https://docs.wpvip.com/caching/page-cache/customize-behavior/cache-control-headers/,0,0,0.00,0.33,106,"100, 100, 64, 64, 64, 64, 64, 50, 0, 0, 0, 78",2026-06-06,"Sitelinks, Video, Video Carousel, People also ask, Related searches, AI overview",informational,Organic
what is bbc america,77,77,140,54,0.00,https://wpvip.com/blog/bbc-america-wordpress/,0,0,0.00,0.33,3250,"66, 66, 80, 66, 66, 80, 66, 80, 100, 66, 66, 52",2026-07-21,"Sitelinks, Reviews, Video, People also ask, Related searches, AI overview",informational,Organic
ahrefs answer engine optimization aeo,51,51,50,48,0.00,https://wpvip.com/blog/answer-engine-optimization-strategies/,0,0,0.00,0,182,"18, 18, 100, 45",2026-07-07,"Video, Video Carousel, People also ask, Related searches, Discussions and forums, AI overview","informational, navigational",Organic
get header curl,21,21,90,9,0.00,https://docs.wpvip.com/caching/page-cache/http-headers/retrieve-headers/,0,0,0.00,0.33,42,"42, 66, 52, 33, 33, 33, 42, 33, 23, 33, 33, 33",2026-06-25,"Sitelinks, Video Carousel, Related searches, Discussions and forums",transactional,Organic
robots.txt wp,1,1,110,30,1.11,https://docs.wpvip.com/security-controls/robots-txt/,0,0,0.00,0.33,128,"0, 0, 0, 0, 0, 0, 0, 0, 14, 11, 9, 100",2026-06-17,"Sitelinks, Reviews, Video, Video Carousel, People also ask, Related searches, AI overview",informational,AI overview
test wp,17,17,30,31,6.33,https://docs.wpvip.com/launch-a-site/testing-your-site/,0,0,0.00,0.1,127,"64, 11, 11, 11, 11, 11, 11, 0, 11, 11, 11, 11",2026-06-10,"Sitelinks, Video, Video Carousel, People also ask, Related searches",informational,Organic
product information management implementation,61,61,70,16,0.00,https://wpvip.com/blog/pim-benefits-and-use-cases/,0,0,0.00,0.33,135,"5, 5, 23, 28, 17, 17, 35, 23, 23, 17, 10, 10",2026-06-30,"Reviews, Video, Video Carousel, People also ask, Related searches, AI overview",informational,Organic
enterprise content management for small business,56,56,40,38,0.00,https://wpvip.com/blog/enterprise-content-management-strategy/,0,0,0.00,0.33,185,"11, 11, 11, 29, 41, 23, 29, 23, 29, 29, 11, 17",2026-06-22,"Sitelinks, Reviews, Video, Video Carousel, Related searches, AI overview",informational,Organic
gutenberg editor wordpress,14,14,140,31,1.52,https://wpvip.com/glossary/wordpress-gutenberg-block-editor/,0,0,0.00,0.18,131,"82, 64, 64, 82, 82, 100, 82, 82, 82, 100, 100, 100",2026-06-02,"Video, Ads bottom, Video Carousel, People also ask, Related searches, AI overview",informational,Organic
best headless cms for enterprise,54,54,50,10,0.00,https://wpvip.com/blog/headless-cms-for-enterprise/,0,0,0.00,0,185,"0, 100, 17, 82, 5, 5, 5, 5, 23",2026-07-10,"Sitelinks, Reviews, Video, Video Carousel, Related searches, Discussions and forums, AI overview",commercial,Organic
wordpress enterprise website agency,1,1,50,20,23.74,https://wpvip.com/partners/agency-partners/,0,0,0.00,0.2,157,"18, 0, 0, 81, 100, 63, 45, 45, 45, 63, 81, 45",2026-06-12,"Sitelinks, Reviews, Video, Related searches, AI overview","commercial, informational",AI overview
google search central title tag best practices,76,76,70,56,0.00,https://wpvip.com/blog/5-tagging-best-practices-content-strategy/,0,0,0.00,0,188,"0, 0, 0, 17, 52, 100, 100, 52",2026-07-02,"Sitelinks, Reviews, Video, Video Carousel, Related searches, Discussions and forums",informational,Organic
online wordpress classes,13,13,30,59,2.57,https://learn.wpvip.com/,0,0,0.00,0.18,113,"100, 75, 75, 75, 100, 75, 25, 50, 50, 100, 100, 75",2026-06-27,"Sitelinks, Reviews, Video, Video Carousel, People also ask, Related searches, AI overview",informational,Organic
user analytics tools,33,33,90,43,18.10,https://wpvip.com/blog/web-analytics-software-tools/,0,0,0.00,0.21,134,"10, 28, 5, 82, 100, 23, 5, 5, 5, 5, 23, 5",2026-06-09,"Sitelinks, Video, People also ask, Related searches, Discussions and forums, AI overview","commercial, informational",Organic
content strategy website blog posts product descriptions educational resources,19,19,210,24,0.00,https://wpvip.com/blog/8-types-of-content-marketing/,0,0,0.00,0,135,"8, 100, 66, 3, 1",2026-06-23,"Video, Video Carousel, Related searches, AI overview",informational,Organic
wordpress at scale,18,18,50,20,0.00,https://wpvip.com/auto-scaling/,0,0,0.00,0.06,103,"0, 0, 63, 63, 18, 0, 18, 63, 63, 81, 100, 81",2026-07-12,"Sitelinks, Video, Video Carousel, People also ask, AI overview",informational,Organic
wordpress at scale,19,19,50,20,0.00,https://wpvip.com/auto-scaling/,0,0,0.00,0.06,103,"0, 0, 63, 63, 18, 0, 18, 63, 63, 81, 100, 81",2026-07-12,"Sitelinks, Video, Video Carousel, People also ask, AI overview",informational,Organic
wordpress at scale,68,68,50,20,0.00,https://wpvip.com/blog/auto-scaling-with-wordpress/,0,0,0.00,0.06,103,"0, 0, 63, 63, 18, 0, 18, 63, 63, 81, 100, 81",2026-07-12,"Sitelinks, Video, Video Carousel, People also ask, AI overview",informational,Organic
wp remote,35,35,170,11,0.00,https://wpvip.com/,0,0,0.00,0.02,167,"21, 14, 17, 21, 17, 21, 21, 14, 21, 17, 17, 14",2026-07-18,"Sitelinks, Reviews, Video, Video Carousel, People also ask, Related searches",navigational,Organic
yoast premium support,17,17,50,65,0.00,https://wpvip.com/partner/yoast/,0,0,0.00,0.29,108,"4, 4, 100, 4, 4, 4, 4, 4, 4, 4, 4, 4",2026-06-08,"Sitelinks, Video, Video Carousel, People also ask, Related searches",navigational,Organic
vary header,26,26,140,37,0.00,https://docs.wpvip.com/caching/page-cache/customize-behavior/vary-http-response-header/,0,0,0.00,0.33,109,"80, 66, 80, 66, 52, 80, 66, 52, 42, 42, 52, 42",2026-05-29,"Image pack, Sitelinks, Video, People also ask, AI overview",informational,Organic
wordpress dxp,2,2,50,6,0.00,https://wpvip.com/glossary/digital-experience-platform/,0,0,0.00,0.1,110,"19, 15, 7, 26, 19, 19, 26, 34, 26, 26, 26, 15",2026-06-20,"Sitelinks, Reviews, People also ask, Ads middle, AI overview",commercial,AI overview
wordpress dxp,2,2,50,6,0.00,https://wpvip.com/blog/wordpress-digital-experience-platform/,0,0,0.00,0.1,110,"19, 15, 7, 26, 19, 19, 26, 34, 26, 26, 26, 15",2026-06-20,"Sitelinks, Reviews, People also ask, Ads middle, AI overview",commercial,AI overview
wordpress dxp,34,34,50,6,0.00,https://wpvip.com/blog/wordpress-digital-experience-platform/,0,0,0.00,0.1,110,"19, 15, 7, 26, 19, 19, 26, 34, 26, 26, 26, 15",2026-06-20,"Sitelinks, Reviews, People also ask, Ads middle, AI overview",commercial,Organic
hire buddypress developers,20,20,90,5,0.00,https://wpvip.com/blog/hire-wordpress-developer/,0,0,0.00,0.02,169,"42, 42, 33, 100, 80, 33, 23, 42, 52, 9, 9, 33",2026-06-06,"Sitelinks, Video, People also ask, Discussions and forums, AI overview",informational,Organic
what is my brand voice,12,12,30,,6.02,https://wpvip.com/resources/ebooks/find-your-brand-voice/,0,0,0.00,0.25,187,"75, 75, 75, 75, 50, 50, 50, 50, 50, 75, 75, 75",2026-07-21,"Sitelinks, Reviews, Video, Video Carousel, People also ask, Related searches",informational,Organic
input validation and sanitization,15,15,50,28,0.00,https://wpvip.com/blog/validation-vs-sanitization/,0,0,0.00,0.02,129,"57, 28, 28, 100, 28, 28, 100, 100, 28, 100, 100, 100",2026-06-10,"Sitelinks, Video, People also ask, Related searches, Discussions and forums, AI overview",informational,Organic
salesforce wordpress,6,6,170,31,17.92,https://wpvip.com/wordpress-vip-for-salesforce/,0,0,0.00,0.03,105,"34, 34, 43, 100, 81, 65, 28, 53, 43, 43, 28, 34",2026-06-16,"Reviews, Video, Video Carousel, Related searches, AI overview",informational,Organic
wordpress.coim,40,40,40,100,3.38,https://wpvip.com/blog/wordpress-org-vs-wordpress-com-vs-wordpress-vip-whats-the-difference/,0,0,0.00,0.43,0,"0, 0, 0, 0, 0, 0, 0, 0, 2, 100, 0, 2",2026-07-12,"Sitelinks, Reviews, Video, Video Carousel, People also ask",navigational,Organic
wordpress.coim,83,83,40,100,3.38,https://wpvip.com/,0,0,0.00,0.43,0,"0, 0, 0, 0, 0, 0, 0, 0, 2, 100, 0, 2",2026-07-12,"Sitelinks, Reviews, Video, Video Carousel, People also ask",navigational,Organic
keyword meta tag best practices,28,28,110,37,0.00,https://wpvip.com/blog/5-tagging-best-practices-content-strategy/,0,0,0.00,0.33,171,"52, 82, 29, 82, 82, 64, 52, 100, 100, 82, 52, 52",2026-05-29,"Sitelinks, Video, Video Carousel, Related searches, Discussions and forums, AI overview",commercial,Organic
keyword meta tag best practices,31,31,110,37,0.00,https://wpvip.com/blog/5-tagging-best-practices-content-strategy/,0,0,0.00,0.33,171,"52, 82, 29, 82, 82, 64, 52, 100, 100, 82, 52, 52",2026-05-29,"Sitelinks, Video, Video Carousel, Related searches, Discussions and forums, AI overview",commercial,Organic
evaluate the website development company wordpress.com on integrations,78,78,40,11,0.00,https://docs.wpvip.com/integrations/,0,0,0.00,0,192,"100, 100, 44, 11, 22, 11, 22, 22",2026-07-10,"Reviews, Video, People also ask, AI overview",informational,Organic
content tagging examples,4,4,50,22,0.00,https://wpvip.com/blog/5-tagging-best-practices-content-strategy/,0,0,0.00,0.33,136,"63, 63, 81, 81, 45, 18, 18, 63, 81, 45, 36, 18",2026-07-10,"Image pack, Sitelinks, Reviews, Video, Video Carousel, People also ask, AI overview",informational,Organic
content tagging examples,10,10,50,22,0.00,https://wpvip.com/blog/5-tagging-best-practices-content-strategy/,0,0,0.00,0.33,136,"63, 63, 81, 81, 45, 18, 18, 63, 81, 45, 36, 18",2026-07-10,"Image pack, Sitelinks, Reviews, Video, Video Carousel, People also ask, AI overview",informational,Organic
wp engine impact on wordpress hosting industry,12,12,70,0,0.00,https://wpvip.com/resource/wp-engine-vs-wordpress-vip/,0,0,0.00,0,121,"14, 100, 100, 35, 78, 21, 28, 64, 50, 64",2026-05-31,"Sitelinks, Video, Video Carousel, People also ask, Related searches, Discussions and forums, AI overview",informational,Organic
strategyless,26,26,480,37,6.02,https://wpvip.com/blog/less-is-more-content-strategy/,0,0,0.00,0.33,125000,"81, 81, 66, 66, 81, 100, 100, 100, 100, 100, 81, 100",2026-06-22,"Sitelinks, Reviews, Video, People also ask, Related searches, AI overview",informational,Organic
sql injection on wordpress,8,8,40,9,0.00,https://wpvip.com/blog/injection-vulnerabilities/,0,0,0.00,0.01,122,"100, 18, 18, 18, 18, 100, 18, 18, 18, 18, 18, 18",2026-06-01,"Sitelinks, Video, People also ask, Discussions and forums",informational,Organic
how to purge cache wordpress,29,29,260,23,1.40,https://docs.wpvip.com/caching/page-cache/purging/purge-tools/,0,0,0.00,0.07,129,"44, 44, 19, 15, 36, 36, 36, 36, 36, 36, 54, 44",2026-07-02,"Sitelinks, Reviews, Video, Video Carousel, People also ask, Related searches, AI overview",informational,Organic
how to purge cache wordpress,86,86,260,23,1.40,https://docs.wpvip.com/caching/page-cache/purging/,0,0,0.00,0.07,129,"44, 44, 19, 15, 36, 36, 36, 36, 36, 36, 54, 44",2026-07-02,"Sitelinks, Reviews, Video, Video Carousel, People also ask, Related searches, AI overview",informational,Organic
how to purge cache wordpress,89,89,260,23,1.40,https://docs.wpvip.com/caching/page-cache/purging/,0,0,0.00,0.07,129,"44, 44, 19, 15, 36, 36, 36, 36, 36, 36, 54, 44",2026-07-02,"Sitelinks, Reviews, Video, Video Carousel, People also ask, Related searches, AI overview",informational,Organic
wordpress developer training,6,6,40,66,0.00,https://learn.wpvip.com/,0,0,0.00,0.06,153,"9, 9, 52, 9, 52, 9, 9, 9, 9, 9, 9, 42",2026-07-18,"Sitelinks, Video, Video Carousel, People also ask, Related searches, AI overview",commercial,Organic
wordpress vip business plan pricing 2025,13,13,170,15,0.00,https://wpvip.com/resource/wp-engine-vs-wordpress-vip/,0,0,0.00,0,95,100,2026-05-21,"Video, People also ask, Related searches, AI overview",informational,Organic
wordpress vip business plan pricing 2025,18,18,170,15,0.00,https://wpvip.com/resource/arc-xp-vs-wordpress-vip/,0,0,0.00,0,95,100,2026-05-21,"Video, People also ask, Related searches, AI overview",informational,Organic
wordpress vip business plan pricing 2025,30,30,170,15,0.00,https://wpvip.com/resource/arc-xp-vs-wordpress-vip/,0,0,0.00,0,95,100,2026-05-21,"Video, People also ask, Related searches, AI overview",informational,Organic
wordpress vip business plan pricing 2025,32,32,170,15,0.00,https://wpvip.com/services/,0,0,0.00,0,95,100,2026-05-21,"Video, People also ask, Related searches, AI overview",informational,Organic
wordpress vip business plan pricing 2025,35,35,170,15,0.00,https://wpvip.com/wordpress-vip-for-enterprise/,0,0,0.00,0,95,100,2026-05-21,"Video, People also ask, Related searches, AI overview",informational,Organic
wordpress vip business plan pricing 2025,40,40,170,15,0.00,https://wpvip.com/,0,0,0.00,0,95,100,2026-05-21,"Video, People also ask, Related searches, AI overview",informational,Organic
wordpress vip business plan pricing 2025,46,46,170,15,0.00,https://wpvip.com/wordpress-vip-agile-content-platform/,0,0,0.00,0,95,100,2026-05-21,"Video, People also ask, Related searches, AI overview",informational,Organic
wordpress vip business plan pricing 2025,51,51,170,15,0.00,https://wpvip.com/enterprise-wordpress-hosting/,0,0,0.00,0,95,100,2026-05-21,"Video, People also ask, Related searches, AI overview",informational,Organic
wordpress vip business plan pricing 2025,56,56,170,15,0.00,https://wpvip.com/events/,0,0,0.00,0,95,100,2026-05-21,"Video, People also ask, Related searches, AI overview",informational,Organic
wordpress vip business plan pricing 2025,59,59,170,15,0.00,https://wpvip.com/content-management-system/,0,0,0.00,0,95,100,2026-05-21,"Video, People also ask, Related searches, AI overview",informational,Organic
wordpress vip business plan pricing 2025,62,62,170,15,0.00,https://wpvip.com/wordpress-platform/,0,0,0.00,0,95,100,2026-05-21,"Video, People also ask, Related searches, AI overview",informational,Organic
wordpress vip business plan pricing 2025,64,64,170,15,0.00,https://wpvip.com/products/,0,0,0.00,0,95,100,2026-05-21,"Video, People also ask, Related searches, AI overview",informational,Organic
wordpress vip business plan pricing 2025,66,66,170,15,0.00,https://wpvip.com/blog/wordpress-org-vs-wordpress-com-vs-wordpress-vip-whats-the-difference/,0,0,0.00,0,95,100,2026-05-21,"Video, People also ask, Related searches, AI overview",informational,Organic
wordpress vip business plan pricing 2025,70,70,170,15,0.00,https://docs.wpvip.com/,0,0,0.00,0,95,100,2026-05-21,"Video, People also ask, Related searches, AI overview",informational,Organic
wordpress vip business plan pricing 2025,73,73,170,15,0.00,https://customerhub.wpvip.com/platform-release-schedule/,0,0,0.00,0,95,100,2026-05-21,"Video, People also ask, Related searches, AI overview",informational,Organic
content architecture,20,20,590,33,0.00,https://wpvip.com/blog/content-architecture-cms-best-practices/,0,0,0.00,0.01,131,"44, 29, 67, 67, 54, 67, 100, 67, 67, 67, 67, 81",2026-06-28,"Knowledge panel, Image pack, Sitelinks, Reviews, Video, People also ask, Related searches",informational,Organic
wordpress terminology,43,43,40,25,0.00,https://wpvip.com/glossary/,0,0,0.00,0.33,127,"29, 17, 82, 64, 29, 11, 0, 11, 11, 11, 11, 11",2026-06-30,"Reviews, Video, Video Carousel, Related searches",informational,Organic
image cdn for wordpress,29,29,40,13,0.00,https://wpvip.com/blog/wordpress-cdn/,0,0,0.00,0.1,131,"42, 57, 71, 71, 42, 28, 28, 28, 100, 28, 71, 57",2026-06-18,"Sitelinks, Reviews, Video, Ads bottom, Video Carousel, Related searches, AI overview",informational,Organic
wordpress to lead for salesforce crm,41,41,40,20,0.00,https://wpvip.com/wordpress-vip-for-salesforce/,0,0,0.00,0.33,147,"26, 11, 34, 42, 26, 7, 7, 15, 11, 7, 7, 7",2026-06-26,"Reviews, Video, Video Carousel, Related searches, Discussions and forums, AI overview",informational,Organic
multidots solutions,2,2,70,31,11.08,https://wpvip.com/partner/multidots/,0,0,0.00,0.09,107,"55, 77, 77, 77, 77, 77, 77, 77, 77, 77, 77, 55",2026-06-06,"Sitelinks, People also ask, Related searches",navigational,People also ask
multidots solutions,5,5,70,31,11.08,https://wpvip.com/partner/multidots/,0,0,0.00,0.09,107,"55, 77, 77, 77, 77, 77, 77, 77, 77, 77, 77, 55",2026-06-06,"Sitelinks, People also ask, Related searches",navigational,Organic
wordpress.com],37,37,50,100,3.38,https://wpvip.com/,0,0,0.00,0.43,0,"0, 0, 0, 0, 0, 0, 0, 0, 0, 0, 31, 0",2026-07-05,"Sitelinks, Reviews, Video, Ads bottom, People also ask",navigational,Organic
new relic wp engine,12,12,50,25,0.00,https://docs.wpvip.com/performance/new-relic/,0,0,0.00,0.19,104,"11, 41, 11, 41, 11, 100, 41, 23, 11, 41, 11, 11",2026-07-10,"Sitelinks, Reviews, Video, Ads bottom, People also ask, Related searches, AI overview",informational,Organic
new relic wp engine,40,40,50,25,0.00,https://docs.wpvip.com/performance/new-relic/for-wordpress/,0,0,0.00,0.19,104,"11, 41, 11, 41, 11, 100, 41, 23, 11, 41, 11, 11",2026-07-10,"Sitelinks, Reviews, Video, Ads bottom, People also ask, Related searches, AI overview",informational,Organic
new relic wp engine,48,48,50,25,0.00,https://docs.wpvip.com/performance/new-relic/feature-options/,0,0,0.00,0.19,104,"11, 41, 11, 41, 11, 100, 41, 23, 11, 41, 11, 11",2026-07-10,"Sitelinks, Reviews, Video, Ads bottom, People also ask, Related searches, AI overview",informational,Organic
new relic wp engine,59,59,50,25,0.00,https://docs.wpvip.com/manage-user-access/new-relic/,0,0,0.00,0.19,104,"11, 41, 11, 41, 11, 100, 41, 23, 11, 41, 11, 11",2026-07-10,"Sitelinks, Reviews, Video, Ads bottom, People also ask, Related searches, AI overview",informational,Organic
new relic wp engine,61,61,50,25,0.00,https://docs.wpvip.com/manage-user-access/new-relic/,0,0,0.00,0.19,104,"11, 41, 11, 41, 11, 100, 41, 23, 11, 41, 11, 11",2026-07-10,"Sitelinks, Reviews, Video, Ads bottom, People also ask, Related searches, AI overview",informational,Organic
new relic wp engine,68,68,50,25,0.00,https://customerhub.wpvip.com/lobby/2024/02/07/new-relic-management-in-the-vip-dashboard/,0,0,0.00,0.19,104,"11, 41, 11, 41, 11, 100, 41, 23, 11, 41, 11, 11",2026-07-10,"Sitelinks, Reviews, Video, Ads bottom, People also ask, Related searches, AI overview",informational,Organic
best headless cms platforms for enterprise websites 2025,48,48,40,20,0.00,https://wpvip.com/blog/10-best-enterprise-content-management-systems/,0,0,0.00,0,160,"100, 63, 36, 27, 36, 9, 9, 36",2026-07-08,"Sitelinks, Reviews, Video, Ads bottom, Related searches, AI overview",commercial,Organic
content creation speed,10,10,70,16,0.00,https://wpvip.com/blog/accelerating-your-content-creation-process/,0,0,0.00,0,137,"45, 100, 63, 63, 100, 81, 63, 81, 63, 81, 27, 45",2026-06-14,"Sitelinks, Reviews, Video, Video Carousel, People also ask, Discussions and forums, AI overview",informational,Organic
wp search-replace,1,1,30,20,4.57,https://docs.wpvip.com/vip-cli/wp-cli-with-vip-cli/search-replace/,0,0,0.00,0.02,134,"3, 3, 0, 0, 3, 21, 0, 21, 6, 15, 28, 21",2026-06-28,"Reviews, Video, People also ask, Related searches, AI overview",informational,AI overview
wordpress localization,16,16,260,13,3.89,https://wpvip.com/resource/wordpress-localization/,0,0,0.00,0.03,108,"23, 43, 43, 82, 100, 43, 66, 82, 53, 100, 53, 82",2026-06-05,"Sitelinks, Video, Video Carousel, People also ask, Related searches, AI overview",informational,Organic
mfa platform,52,52,170,39,15.52,https://wpvip.com/glossary/what-is-multi-factor-authentication-mfa/,0,0,0.00,0.02,199,"11, 2, 11, 4, 11, 11, 14, 100, 9, 0, 7, 26",2026-06-03,"Image pack, Video, People also ask, Related searches, AI overview",informational,Organic
enterprise content management platforms,26,26,90,51,24.13,https://wpvip.com/blog/10-best-enterprise-content-management-systems/,0,0,0.00,0.05,132,"0, 0, 21, 28, 21, 12, 21, 28, 28, 100, 34, 9",2026-06-30,"Sitelinks, Reviews, Video, Video Carousel, People also ask, Related searches, AI overview",commercial,Organic
enterprise content management platforms,30,30,90,51,24.13,https://wpvip.com/blog/10-best-enterprise-content-management-systems/,0,0,0.00,0.05,132,"0, 0, 21, 28, 21, 12, 21, 28, 28, 100, 34, 9",2026-06-30,"Sitelinks, Reviews, Video, Video Carousel, People also ask, Related searches, AI overview",commercial,Organic
aeo quick wins,52,52,40,19,0.00,https://wpvip.com/blog/answer-engine-optimization-strategies/,0,0,0.00,0,134,"100, 60",2026-07-07,"Reviews, Video, Video Carousel, People also ask, Related searches, AI overview",informational,Organic
wordpress headless cms vuejs,46,46,50,17,0.00,https://wpvip.com/resource/headless-cms-guide/,0,0,0.00,0,142,"28, 28, 57, 71, 71, 100, 100, 100, 71, 57, 57, 71",2026-07-09,"Sitelinks, Reviews, Video, Related searches, Discussions and forums, AI overview",informational,Organic
information architecture vs sitemap,60,60,90,26,0.00,https://wpvip.com/blog/website-information-architecture/,0,0,0.00,0.02,133,"17, 23, 23, 17, 17, 17, 28, 28, 28, 23, 23, 17",2026-06-04,"Image pack, Sitelinks, Video, Image, Video Carousel, People also ask, Related searches, Discussions and forums, AI overview","commercial, informational",Organic
a comparison of contentful vs strapi for enterprise requirements,63,63,40,15,0.00,https://wpvip.com/blog/10-best-enterprise-content-management-systems/,0,0,0.00,0,121,"0, 71, 71, 100, 71",2026-07-14,"Reviews, Video, Video Carousel, People also ask, Related searches, AI overview",commercial,Organic
coreweb vitals,3,3,90,70,3.58,https://wpvip.com/glossary/core-web-vitals/,0,0,0.00,0.13,134,"5, 8, 6, 18, 23, 35, 8, 5, 3, 3, 66, 1",2026-06-20,"Sitelinks, Reviews, Video, Video Carousel, People also ask, Related searches, Things to know, AI overview",informational,Things to know
coreweb vitals,45,45,90,70,3.58,https://wpvip.com/glossary/core-web-vitals/,0,0,0.00,0.13,134,"5, 8, 6, 18, 23, 35, 8, 5, 3, 3, 66, 1",2026-06-20,"Sitelinks, Reviews, Video, Video Carousel, People also ask, Related searches, Things to know, AI overview",informational,Organic
wp-palvelu,12,12,40,12,0.00,https://wpvip.com/,0,0,0.00,0,162,"34, 65, 53, 3, 0, 0, 0, 0, 3, 0, 3, 0",2026-06-15,"Sitelinks, Video, Ads bottom, People also ask, Related searches, AI overview",informational,Organic
support.wordpress.com,35,35,40,31,5.80,https://wpvip.com/contact/,0,0,0.00,0.06,201000000,"0, 0, 0, 0, 0, 35, 78, 21, 0, 78, 35, 50",2026-07-20,"Sitelinks, Reviews, Video, People also ask",navigational,Organic
support.wordpress.com,40,40,40,31,5.80,https://wpvip.com/contact/,0,0,0.00,0.06,201000000,"0, 0, 0, 0, 0, 35, 78, 21, 0, 78, 35, 50",2026-07-20,"Sitelinks, Reviews, Video, People also ask",navigational,Organic
support.wordpress.com,91,91,40,31,5.80,https://docs.wpvip.com/vip-support/,0,0,0.00,0.06,201000000,"0, 0, 0, 0, 0, 35, 78, 21, 0, 78, 35, 50",2026-07-20,"Sitelinks, Reviews, Video, People also ask",navigational,Organic
migration seo checklist,45,45,170,17,0.00,https://wpvip.com/blog/seo-checklist-for-website-migration/,0,0,0.00,0.33,112,"9, 100, 34, 81, 81, 81, 65, 53, 65, 53, 34, 34",2026-07-03,"Sitelinks, Reviews, Video, Related searches, AI overview",informational,Organic
google authenticator for wordpress,2,2,50,28,0.00,https://docs.wpvip.com/security-controls/wordpress/enforce-2fa/,0,0,0.00,0.01,125,"18, 18, 100, 100, 18, 100, 18, 45, 18, 18, 45, 63",2026-06-21,"Sitelinks, Reviews, Video, Video Carousel, People also ask, Related searches, AI overview",informational,People also ask
wordpress.ccom,41,41,70,100,3.05,https://wpvip.com/,0,0,0.00,0.41,606000000,"0, 0, 0, 0, 0, 0, 0, 62, 0, 0, 0, 0",2026-06-08,"Sitelinks, Video, Video Carousel, People also ask",navigational,Organic
wcag 3.0 current status 2026,89,89,40,33,0.00,https://wpvip.com/blog/ada-website-accessibility-deadline-2026/,0,0,0.00,0,159,"100, 33, 11",2026-06-25,"Sitelinks, Reviews, Video, Related searches, AI overview",informational,Organic
wcag 3.0 current status 2026,90,90,40,33,0.00,https://wpvip.com/blog/ada-website-accessibility-deadline-2026/,0,0,0.00,0,159,"100, 33, 11",2026-06-25,"Sitelinks, Reviews, Video, Related searches, AI overview",informational,Organic
wordpress theme json version 3,27,27,40,13,0.00,https://wpvip.com/blog/using-a-design-system-with-the-wordpress-block-editor-pt-1-theme-json/,0,0,0.00,0.33,107,"100, 36, 0, 18, 36, 81, 63, 18, 18, 18, 0, 18",2026-07-20,"Sitelinks, Video, Video Carousel, Related searches","informational, transactional",Organic
wordpress theme json version 3,28,28,40,13,0.00,https://wpvip.com/blog/using-a-design-system-with-the-wordpress-block-editor-pt-1-theme-json/,0,0,0.00,0.33,107,"100, 36, 0, 18, 36, 81, 63, 18, 18, 18, 0, 18",2026-07-20,"Sitelinks, Video, Video Carousel, Related searches","informational, transactional",Organic
best analytics tools for web apps 2025,21,21,40,27,0.00,https://wpvip.com/blog/web-analytics-software-tools/,0,0,0.00,0,154,"100, 57, 0",2026-05-26,"Sitelinks, Video, Video Carousel, Related searches, AI overview",commercial,Organic
wp coding standards,21,21,70,33,0.00,https://docs.wpvip.com/php_codesniffer/,0,0,0.00,0.02,105,"64, 82, 52, 52, 52, 29, 0, 29, 0, 23, 23, 29",2026-06-15,"Sitelinks, Video, Video Carousel, Related searches, AI overview",navigational,Organic
what is a pim,66,66,720,37,3.42,https://wpvip.com/blog/pim-benefits-and-use-cases/,0,0,0.00,0.07,127,"67, 67, 81, 67, 54, 81, 81, 67, 67, 67, 81, 81",2026-07-01,"Sitelinks, Reviews, Video, Video Carousel, People also ask, Related searches, AI overview",informational,Organic
what is a pim,71,71,720,37,3.42,https://wpvip.com/blog/pim-benefits-and-use-cases/,0,0,0.00,0.07,127,"67, 67, 81, 67, 54, 81, 81, 67, 67, 67, 81, 81",2026-07-01,"Sitelinks, Reviews, Video, Video Carousel, People also ask, Related searches, AI overview",informational,Organic
word press.org,44,44,210,54,7.97,https://wpvip.com/blog/wordpress-org-vs-wordpress-com-vs-wordpress-vip-whats-the-difference/,0,0,0.00,0.43,0,"0, 0, 0, 0, 0, 66, 0, 81, 0, 0, 100, 81",2026-07-08,"Sitelinks, Reviews, Video, Video Carousel, People also ask",navigational,Organic
rtwinc.vip products website,8,8,40,0,0.00,https://docs.wpvip.com/vip-support/vip-product-feedback/,0,0,0.00,0,71000,"0, 0, 0, 52, 66, 100, 4, 9, 0, 0, 0, 0",2026-06-16,"Reviews, Video, Related searches, AI overview",informational,Organic
tagging data,38,38,40,17,0.00,https://wpvip.com/blog/5-tagging-best-practices-content-strategy/,0,0,0.00,0.02,134,"14, 14, 14, 14, 14, 78, 14, 100, 14, 14, 14, 21",2026-07-19,"Sitelinks, Reviews, Video, People also ask, Related searches, AI overview",informational,Organic
wordpress object cache,1,1,110,23,0.00,https://docs.wpvip.com/caching/object-cache/,0,0,0.00,0.01,102,"18, 8, 14, 35, 22, 22, 29, 18, 29, 18, 18, 29",2026-06-10,"Sitelinks, Video, Video Carousel, Related searches, AI overview",informational,AI overview
web analytics framework,57,57,40,42,0.00,https://wpvip.com/blog/web-analytics-software-tools/,0,0,0.00,0.33,163,"36, 63, 100, 63, 45, 27, 18, 9, 18, 18, 18, 18",2026-06-15,"Sitelinks, Reviews, Video, Video Carousel, Related searches, Discussions and forums, Ads middle, AI overview",informational,Organic
piano subscription management,9,9,30,15,9.32,https://wpvip.com/partner/piano/,0,0,0.00,0.33,129,"22, 22, 22, 44, 44, 44, 22, 22, 22, 33, 22, 22",2026-07-06,"Reviews, Video, People also ask, Related searches, AI overview",navigational,Organic
wordpress architecture,11,11,70,24,0.00,https://wpvip.com/infrastructure/,0,0,0.00,0.06,125,"52, 41, 23, 41, 64, 29, 23, 29, 64, 52, 23, 64",2026-06-11,"Image pack, Sitelinks, Video, Image, Video Carousel, People also ask, Related searches, AI overview",informational,Organic
why open source is good,19,19,40,38,0.00,https://wpvip.com/blog/how-open-source-software-benefits-businesses/,0,0,0.00,0.33,151,"52, 41, 29, 29, 29, 41, 11, 11, 23, 11, 11, 11",2026-06-12,"Sitelinks, Reviews, Video, Video Carousel, People also ask, Related searches, Short videos, AI overview",informational,Organic
vipbot,2,2,40,28,1.54,https://docs.wpvip.com/vip-code-analysis-bot/,0,0,0.00,0.33,107,"0, 9, 0, 0, 100, 0, 0, 0, 9, 80, 42, 0",2026-07-12,"Sitelinks, Video, AI overview",navigational,AI overview
vipbot,2,2,40,28,1.54,https://docs.wpvip.com/vip-code-analysis-bot/,0,0,0.00,0.33,107,"0, 9, 0, 0, 100, 0, 0, 0, 9, 80, 42, 0",2026-07-12,"Sitelinks, Video, AI overview",navigational,AI overview
vipbot,6,6,40,28,1.54,https://docs.wpvip.com/vip-code-analysis-bot/,0,0,0.00,0.33,107,"0, 9, 0, 0, 100, 0, 0, 0, 9, 80, 42, 0",2026-07-12,"Sitelinks, Video, AI overview",navigational,Organic
accessibility requirements april 2026,72,72,50,,2.29,https://wpvip.com/blog/ada-website-accessibility-deadline-2026/,0,0,0.00,0.18,115,"0, 0, 0, 0, 64, 21, 28, 28, 50, 78, 78, 100",2026-07-12,"Reviews, Video, People also ask, Related searches, AI overview",informational,Organic
xmlrpc.php,38,38,880,36,2.89,https://docs.wpvip.com/security-controls/wordpress/xml-rpc/,0,0,0.00,0.02,139,"13, 79, 10, 13, 66, 66, 16, 13, 10, 100, 10, 20",2026-05-29,"Sitelinks, People also ask, AI overview",informational,Organic
parsely inc,14,14,70,59,3.81,https://wpvip.com/blog/parsely-acquisition-wordpress-vip/,0,0,0.00,0.28,106,"0, 42, 19, 34, 0, 0, 15, 15, 65, 53, 100, 19",2026-06-26,"Knowledge panel, Sitelinks, Reviews, Video, People also ask, Related searches, AI overview",navigational,Organic
parse ly,22,22,480,41,4.75,https://docs.wpvip.com/parse-ly/parsely-features/,0,0,0.00,0.27,113,"52, 52, 4, 5, 3, 13, 4, 3, 1, 1, 1, 4",2026-06-04,"Knowledge panel, Video, People also ask, Related searches",informational,Organic
wp plugins directory,4,4,40,74,2.45,https://docs.wpvip.com/wordpress-skeleton/plugins-directory/,0,0,0.00,0.16,62,"0, 3, 6, 3, 0, 0, 3, 3, 43, 100, 0, 0",2026-07-12,"Sitelinks, Video, Video Carousel, People also ask, Related searches",commercial,Organic
wp plugins directory,5,5,40,74,2.45,https://docs.wpvip.com/wordpress-skeleton/plugins-directory/,0,0,0.00,0.16,62,"0, 3, 6, 3, 0, 0, 3, 3, 43, 100, 0, 0",2026-07-12,"Sitelinks, Video, Video Carousel, People also ask, Related searches",commercial,People also ask
wordpress online course,19,19,90,67,2.36,https://learn.wpvip.com/,0,0,0.00,0.21,115,"65, 65, 26, 42, 34, 42, 19, 19, 26, 26, 26, 42",2026-06-21,"Sitelinks, Reviews, Video, Video Carousel, People also ask, Related searches",commercial,Organic
best enterprise content management,31,31,110,34,32.29,https://wpvip.com/blog/10-best-enterprise-content-management-systems/,0,0,0.00,0.05,125,"52, 52, 23, 23, 42, 23, 100, 100, 80, 33, 33, 66",2026-06-27,"Sitelinks, Reviews, Video, People also ask, Related searches, Discussions and forums, AI overview",commercial,Organic
wpgraphql plugin headless wordpress,13,13,40,29,0.00,https://wpvip.com/blog/wp-graphql-pros-and-cons-wordpress/,0,0,0.00,0,35,"0, 14, 7, 0, 0, 21, 100, 78, 35, 35",2026-07-20,"Sitelinks, Reviews, Video, Related searches, Discussions and forums",transactional,Organic
product information management features,32,32,50,24,0.00,https://wpvip.com/blog/pim-benefits-and-use-cases/,0,0,0.00,0.33,133,"100, 81, 63, 81, 63, 27, 0, 18, 45, 45, 18, 27",2026-06-01,"Sitelinks, Video, Related searches, AI overview",informational,Organic
dxp platforms,23,23,90,31,16.95,https://wpvip.com/glossary/digital-experience-platform/,0,0,0.00,0.33,163,"29, 23, 52, 52, 52, 64, 64, 100, 41, 64, 64, 41",2026-07-06,"Sitelinks, Video, Ads top, Ads bottom, People also ask, Related searches, AI overview","commercial, informational",Organic
is wordpress a saas,32,32,40,11,0.00,https://wpvip.com/wordpress-vip-for-saas-cms/,0,0,0.00,0.33,108,"40, 40, 80, 100, 80, 100, 100, 80, 100, 80, 80, 80",2026-07-15,"Sitelinks, Reviews, Video, Video Carousel, People also ask, Related searches, AI overview",informational,Organic
what is aeo for ai and websites,10,10,50,28,0.00,https://wpvip.com/blog/answer-engine-optimization-strategies/,0,0,0.00,0,226,"0, 77, 55, 100",2026-07-11,"Sitelinks, Reviews, Video, Video Carousel, People also ask, Related searches, Ads middle, AI overview",informational,Organic
what is wordpress vip,1,1,110,13,10.48,https://wpvip.com/why-wordpress-vip/how-we-compare/wp-engine/,0,0,0.00,0.22,20,"42, 42, 52, 66, 42, 52, 80, 33, 52, 100, 33, 52",2026-07-19,"Sitelinks, Reviews, Video, People also ask, Related searches, AI overview","informational, navigational",AI overview
what is wordpress vip,1,1,110,13,10.48,https://wpvip.com/solutions/enterprise/,0,0,0.00,0.22,20,"42, 42, 52, 66, 42, 52, 80, 33, 52, 100, 33, 52",2026-07-19,"Sitelinks, Reviews, Video, People also ask, Related searches, AI overview","informational, navigational",AI overview
what is wordpress vip,1,1,110,13,10.48,https://wpvip.com/enterprise-content-management-system/,0,0,0.00,0.22,20,"42, 42, 52, 66, 42, 52, 80, 33, 52, 100, 33, 52",2026-07-19,"Sitelinks, Reviews, Video, People also ask, Related searches, AI overview","informational, navigational",People also ask
enable rest api wordpress,15,15,40,26,0.00,https://docs.wpvip.com/wordpress-on-vip/wordpress-rest-api/,0,0,0.00,0.05,99,"23, 17, 11, 41, 29, 41, 41, 41, 11, 11, 23, 29",2026-06-08,"Sitelinks, Video, People also ask, Related searches, AI overview",informational,Organic
verify a domain,28,28,90,50,3.36,https://docs.wpvip.com/domains/verification/,0,0,0.00,0.28,129,"19, 23, 23, 14, 19, 66, 42, 23, 9, 100, 66, 66",2026-07-05,"Sitelinks, Reviews, Video, Video Carousel, People also ask, Related searches, AI overview",informational,Organic
verify a domain,29,29,90,50,3.36,https://docs.wpvip.com/domains/verification/,0,0,0.00,0.28,129,"19, 23, 23, 14, 19, 66, 42, 23, 9, 100, 66, 66",2026-07-05,"Sitelinks, Reviews, Video, Video Carousel, People also ask, Related searches, AI overview",informational,Organic
best content management system cms for government agencies 2025 2026,1,1,50,28,0.00,https://wpvip.com/,0,0,0.00,0,33,"14, 100, 100",2026-07-15,"Sitelinks, Reviews, Related searches, AI overview",commercial,AI overview
best content management system cms for government agencies 2025 2026,1,1,50,28,0.00,https://wpvip.com/blog/10-best-enterprise-content-management-systems/,0,0,0.00,0,33,"14, 100, 100",2026-07-15,"Sitelinks, Reviews, Related searches, AI overview",commercial,AI overview
best content management system cms for government agencies 2025 2026,11,11,50,28,0.00,https://wpvip.com/blog/10-best-enterprise-content-management-systems/,0,0,0.00,0,33,"14, 100, 100",2026-07-15,"Sitelinks, Reviews, Related searches, AI overview",commercial,Organic
what does aeo content look like,59,59,90,23,0.00,https://wpvip.com/blog/answer-engine-optimization-strategies/,0,0,0.00,0,203,"0, 3, 3, 65, 26, 100",2026-07-11,"Sitelinks, Reviews, Video, Video Carousel, People also ask, Related searches, AI overview",informational,Organic
types of content for content marketing,24,24,140,23,5.14,https://wpvip.com/blog/8-types-of-content-marketing/,0,0,0.00,0.04,171,"43, 43, 35, 29, 29, 29, 22, 14, 14, 10, 14, 54",2026-06-13,"Sitelinks, Video, Related searches, AI overview",informational,Organic
www wjs cc,36,36,70,16,2.71,https://wpvip.com/blog/the-wall-street-journal-wordpress/,0,0,0.00,0.11,97,"0, 0, 0, 0, 0, 0, 0, 0, 100, 44, 3, 0",2026-06-28,"Reviews, Video, Related searches, AI overview",informational,Organic
p i m i m,59,59,40,19,0.00,https://wpvip.com/glossary/product-information-management/,0,0,0.00,0.33,19700,"100, 78, 14, 50, 14, 14, 14, 50, 14, 14, 14, 14",2026-07-18,"Sitelinks, Reviews, Video, Related searches",informational,Organic
p i m i m,61,61,40,19,0.00,https://wpvip.com/glossary/product-information-management/,0,0,0.00,0.33,19700,"100, 78, 14, 50, 14, 14, 14, 50, 14, 14, 14, 14",2026-07-18,"Sitelinks, Reviews, Video, Related searches",informational,Organic
most efficient pim system for product database management,95,95,70,32,0.00,https://wpvip.com/blog/pim-benefits-and-use-cases/,0,0,0.00,0,197,"0, 52, 19, 100, 100, 23, 4, 4, 4, 33, 14, 4",2026-06-29,"Sitelinks, Reviews, Video, Ads bottom, Related searches, Discussions and forums, Ads middle, AI overview",commercial,Organic
analytical websites,23,23,110,50,6.27,https://wpvip.com/blog/web-analytics-software-tools/,0,0,0.00,0.16,134,"12, 54, 0, 1, 7, 5, 15, 3, 7, 0, 29, 0",2026-06-03,"Sitelinks, Video, Ads bottom, Video Carousel, People also ask, Related searches, Discussions and forums, AI overview",informational,Organic
pimcore vs wordpress,31,31,50,5,0.00,https://wpvip.com/resource/sitecore-vs-wordpress-vip/,0,0,0.00,0,111,"33, 33, 22, 77, 77, 55, 77, 77, 77, 55, 100, 0",2026-06-12,"Sitelinks, Reviews, Video, People also ask, AI overview","commercial, informational",Organic
wordpress 6.7 release september 2025,29,29,70,13,0.00,https://customerhub.wpvip.com/platform-release-schedule/,0,0,0.00,0,579000,"100, 0, 0, 0, 0, 2, 4",2026-06-18,"Video, Video Carousel, People also ask, Related searches, AI overview",informational,Organic
wordpress 6.7 release september 2025,39,39,70,13,0.00,https://customerhub.wpvip.com/platform-release-schedule/,0,0,0.00,0,579000,"100, 0, 0, 0, 0, 2, 4",2026-06-18,"Video, Video Carousel, People also ask, Related searches, AI overview",informational,Organic
wordpress 6.7 release september 2025,66,66,70,13,0.00,https://customerhub.wpvip.com/lobby/2025/02/11/wordpress-6-7-2-maintenance-release/,0,0,0.00,0,579000,"100, 0, 0, 0, 0, 2, 4",2026-06-18,"Video, Video Carousel, People also ask, Related searches, AI overview",informational,Organic
wordpress 6.7 release september 2025,68,68,70,13,0.00,https://customerhub.wpvip.com/lobby/2025/02/11/wordpress-6-7-2-maintenance-release/,0,0,0.00,0,579000,"100, 0, 0, 0, 0, 2, 4",2026-06-18,"Video, Video Carousel, People also ask, Related searches, AI overview",informational,Organic
wordpress latest version february 2026,16,16,50,16,0.00,https://customerhub.wpvip.com/platform-release-schedule/,0,0,0.00,0,93,"100, 7, 7",2026-07-05,"Reviews, Video, People also ask, Related searches, AI overview",informational,Organic
elasticpress,30,30,140,24,4.66,https://docs.wpvip.com/wordpress-on-vip/search-options/elasticsearch/,0,0,0.00,0.04,122,"52, 52, 52, 66, 66, 80, 100, 66, 66, 52, 66, 66",2026-05-31,"Video, Related searches",navigational,Organic
pim for marketing,49,49,40,31,8.16,https://wpvip.com/blog/pim-benefits-and-use-cases/,0,0,0.00,0.23,137,"14, 33, 23, 33, 33, 14, 14, 19, 9, 9, 9, 9",2026-06-03,"Sitelinks, Video, Ads bottom, Video Carousel, People also ask, Related searches, Ads middle, AI overview",informational,Organic
roi of content management platforms,7,7,40,2,0.00,https://wpvip.com/resource/content-marketing-roi/,0,0,0.00,0,172,"80, 100, 80, 20",2026-07-18,"Sitelinks, Reviews, Video, People also ask",informational,Organic
cache http header,28,28,70,50,0.00,https://docs.wpvip.com/caching/page-cache/customize-behavior/cache-control-headers/,0,0,0.00,0.33,113,"41, 52, 41, 41, 29, 41, 41, 29, 29, 41, 41, 41",2026-06-08,"Sitelinks, Video, Video Carousel, People also ask, Related searches, AI overview",informational,Organic
headless wordpress design agency,63,63,50,2,0.00,https://wpvip.com/headless-wordpress/,0,0,0.00,0.33,153,"14, 14, 7, 78, 100, 64, 28, 21, 50, 50, 35, 35",2026-06-10,"Sitelinks, Video, Ads bottom, Video Carousel, AI overview",informational,Organic
digital analytics tool,27,27,90,36,14.51,https://wpvip.com/blog/web-analytics-software-tools/,0,0,0.00,0.06,128,"41, 52, 41, 100, 52, 100, 100, 5, 11, 17, 23, 29",2026-06-27,"Sitelinks, Reviews, Video, Video Carousel, People also ask, Related searches, AI overview",informational,Organic
self-hosted wordpress,11,11,50,18,7.83,https://wpvip.com/blog/self-hosted-wordpress/,0,0,0.00,0.38,124,"5, 6, 6, 8, 5, 0, 44, 3, 0, 6, 6, 0",2026-06-18,"Sitelinks, Video, Ads bottom, Video Carousel, People also ask, Related searches, AI overview",informational,Organic
bluefish ai answer engine optimization features,78,78,70,17,0.00,https://wpvip.com/blog/answer-engine-optimization-strategies/,0,0,0.00,0,14700,"10, 100, 0, 0, 2, 0, 0, 2",2026-07-12,"Sitelinks, Reviews, Video, Related searches, AI overview",informational,Organic
best cms for enterprise-level b2b companies 2025,38,38,70,11,0.00,https://wpvip.com/blog/10-best-enterprise-content-management-systems/,0,0,0.00,0,169,"65, 100, 42, 7, 3, 0, 0, 7",2026-06-27,"Sitelinks, Reviews, Video, People also ask, Related searches, Discussions and forums, AI overview",commercial,Organic
maximizecache.shop,23,23,50,15,0.00,https://docs.wpvip.com/caching/page-cache/purging/,0,0,0.00,0.33,48100,"0, 0, 0, 0, 0, 0, 0, 0, 0, 0, 0, 0",2026-07-15,"Sitelinks, Video, AI overview",informational,Organic
best enterprise cms platforms 2026,1,1,140,13,0.00,https://wpvip.com/blog/10-best-enterprise-content-management-systems/,0,0,0.00,0,149,"100, 42, 15",2026-06-05,"Sitelinks, Video, Video Carousel, Related searches, Discussions and forums, Ads middle, AI overview",commercial,AI overview
outsource wordpress support for my digital marketing agency.,94,94,50,7,0.00,https://wpvip.com/partners/agency-partners/,0,0,0.00,0,207,"71, 57, 57, 42, 100, 71",2026-06-25,"Reviews, Video, Ads top, People also ask, Related searches, Ads middle",informational,Organic
wp security audit log,6,6,50,20,0.00,https://docs.wpvip.com/logs/audit-log/,0,0,0.00,0.08,127,"14, 14, 14, 50, 78, 21, 21, 21, 100, 21, 35, 14",2026-06-30,"Sitelinks, Reviews, Video, Video Carousel, Related searches, Ads middle, AI overview",navigational,Organic
wp cron,12,12,140,22,0.00,https://docs.wpvip.com/wordpress-on-vip/cron-control/,0,0,0.00,0.02,128,"53, 43, 43, 43, 53, 34, 43, 9, 34, 34, 34, 34",2026-07-07,"Reviews, Video, Video Carousel, People also ask, Related searches, AI overview",informational,Organic
what tools are the best for driving traffic to website,1,1,40,41,0.00,https://wpvip.com/blog/web-analytics-software-tools/,0,0,0.00,0,171,"40, 100, 100, 80, 60, 60",2026-06-24,"Sitelinks, Reviews, Video, Video Carousel, People also ask, Related searches, Discussions and forums, AI overview",commercial,People also ask
best enterprise systems for creative content governance,16,16,50,9,0.00,https://wpvip.com/blog/enterprise-content-management-strategy/,0,0,0.00,0,213,"45, 100, 81, 18, 63, 45, 18, 18, 9, 0",2026-06-05,"Sitelinks, Video, Related searches, AI overview",commercial,Organic
http headers for caching,19,19,70,48,0.00,https://docs.wpvip.com/caching/page-cache/customize-behavior/cache-control-headers/,0,0,0.00,0.33,129,"81, 63, 63, 45, 63, 63, 45, 45, 63, 63, 63, 63",2026-07-05,"Sitelinks, Video, Video Carousel, People also ask, Related searches, Discussions and forums, AI overview",informational,Organic
wordpress vip agency,3,3,140,16,0.00,https://wpvip.com/content-management-system/,0,0,0.00,0.09,132,"19, 19, 15, 42, 53, 65, 34, 42, 100, 80, 53, 65",2026-06-15,"Reviews, Video, People also ask, Related searches",navigational,People also ask
wordpress vip agency,7,7,140,16,0.00,https://wpvip.com/partner-announcements/teckpert-named-wordpress-vip-public-sector-agency-partner/,0,0,0.00,0.09,132,"19, 19, 15, 42, 53, 65, 34, 42, 100, 80, 53, 65",2026-06-15,"Reviews, Video, People also ask, Related searches",navigational,Organic
wordpress vip agency,12,12,140,16,0.00,https://wpvip.com/blog/agency-partner-showcase-media-publishing-success/,0,0,0.00,0.09,132,"19, 19, 15, 42, 53, 65, 34, 42, 100, 80, 53, 65",2026-06-15,"Reviews, Video, People also ask, Related searches",navigational,Organic
wordpress vip agency,17,17,140,16,0.00,https://wpvip.com/partner/10up/,0,0,0.00,0.09,132,"19, 19, 15, 42, 53, 65, 34, 42, 100, 80, 53, 65",2026-06-15,"Reviews, Video, People also ask, Related searches",navigational,Organic
wordpress vip agency,20,20,140,16,0.00,https://wpvip.com/,0,0,0.00,0.09,132,"19, 19, 15, 42, 53, 65, 34, 42, 100, 80, 53, 65",2026-06-15,"Reviews, Video, People also ask, Related searches",navigational,Organic
wordpress vip agency,26,26,140,16,0.00,https://wpvip.com/partner/syde/,0,0,0.00,0.09,132,"19, 19, 15, 42, 53, 65, 34, 42, 100, 80, 53, 65",2026-06-15,"Reviews, Video, People also ask, Related searches",navigational,Organic
wordpress vip agency,34,34,140,16,0.00,https://wpvip.com/why-become-a-wordpress-vip-partner-agency/,0,0,0.00,0.09,132,"19, 19, 15, 42, 53, 65, 34, 42, 100, 80, 53, 65",2026-06-15,"Reviews, Video, People also ask, Related searches",navigational,Organic
wordpress vip agency,47,47,140,16,0.00,https://wpvip.com/why-become-a-wordpress-vip-partner-agency/,0,0,0.00,0.09,132,"19, 19, 15, 42, 53, 65, 34, 42, 100, 80, 53, 65",2026-06-15,"Reviews, Video, People also ask, Related searches",navigational,Organic
wordpress vip agency,55,55,140,16,0.00,https://wpvip.com/why-become-a-wordpress-vip-partner-tech/,0,0,0.00,0.09,132,"19, 19, 15, 42, 53, 65, 34, 42, 100, 80, 53, 65",2026-06-15,"Reviews, Video, People also ask, Related searches",navigational,Organic
wordpress vip agency,60,60,140,16,0.00,https://wpvip.com/partner/the-code-company/,0,0,0.00,0.09,132,"19, 19, 15, 42, 53, 65, 34, 42, 100, 80, 53, 65",2026-06-15,"Reviews, Video, People also ask, Related searches",navigational,Organic
wordpress vip agency,61,61,140,16,0.00,https://wpvip.com/partner/the-code-company/,0,0,0.00,0.09,132,"19, 19, 15, 42, 53, 65, 34, 42, 100, 80, 53, 65",2026-06-15,"Reviews, Video, People also ask, Related searches",navigational,Organic
wordpress vip agency,63,63,140,16,0.00,https://wpvip.com/content-management-system/,0,0,0.00,0.09,132,"19, 19, 15, 42, 53, 65, 34, 42, 100, 80, 53, 65",2026-06-15,"Reviews, Video, People also ask, Related searches",navigational,Organic
wordpress vip agency,68,68,140,16,0.00,https://wpvip.com/partner-announcements/human-made-wordpress-vip-gold-agency-partner/,0,0,0.00,0.09,132,"19, 19, 15, 42, 53, 65, 34, 42, 100, 80, 53, 65",2026-06-15,"Reviews, Video, People also ask, Related searches",navigational,Organic
wordpress vip agency,72,72,140,16,0.00,https://wpvip.com/pricing/,0,0,0.00,0.09,132,"19, 19, 15, 42, 53, 65, 34, 42, 100, 80, 53, 65",2026-06-15,"Reviews, Video, People also ask, Related searches",navigational,Organic
wordpress vip agency,75,75,140,16,0.00,https://wpvip.com/resource/ecommerce-content-marketing/,0,0,0.00,0.09,132,"19, 19, 15, 42, 53, 65, 34, 42, 100, 80, 53, 65",2026-06-15,"Reviews, Video, People also ask, Related searches",navigational,Organic
wordpress vip agency,79,79,140,16,0.00,https://wpvip.com/contact/,0,0,0.00,0.09,132,"19, 19, 15, 42, 53, 65, 34, 42, 100, 80, 53, 65",2026-06-15,"Reviews, Video, People also ask, Related searches",navigational,Organic
wordpress vip agency,81,81,140,16,0.00,https://wpvip.com/wordpress-vip-agile-content-platform/,0,0,0.00,0.09,132,"19, 19, 15, 42, 53, 65, 34, 42, 100, 80, 53, 65",2026-06-15,"Reviews, Video, People also ask, Related searches",navigational,Organic
wordpress vip agency,82,82,140,16,0.00,https://wpvip.com/wordpress-ecosystem/,0,0,0.00,0.09,132,"19, 19, 15, 42, 53, 65, 34, 42, 100, 80, 53, 65",2026-06-15,"Reviews, Video, People also ask, Related searches",navigational,Organic
wordpress vip agency,83,83,140,16,0.00,https://wpvip.com/about/,0,0,0.00,0.09,132,"19, 19, 15, 42, 53, 65, 34, 42, 100, 80, 53, 65",2026-06-15,"Reviews, Video, People also ask, Related searches",navigational,Organic
wordpress vip agency,85,85,140,16,0.00,https://wpvip.com/content-management-system/,0,0,0.00,0.09,132,"19, 19, 15, 42, 53, 65, 34, 42, 100, 80, 53, 65",2026-06-15,"Reviews, Video, People also ask, Related searches",navigational,Organic
wordpress vip agency,86,86,140,16,0.00,https://wpvip.com/wordpress-development/,0,0,0.00,0.09,132,"19, 19, 15, 42, 53, 65, 34, 42, 100, 80, 53, 65",2026-06-15,"Reviews, Video, People also ask, Related searches",navigational,Organic
wordpress vip agency,87,87,140,16,0.00,https://wpvip.com/resource/wp-engine-vs-wordpress-vip/,0,0,0.00,0.09,132,"19, 19, 15, 42, 53, 65, 34, 42, 100, 80, 53, 65",2026-06-15,"Reviews, Video, People also ask, Related searches",navigational,Organic
wordpress vip agency,88,88,140,16,0.00,https://wpvip.com/blog/what-is-wordpress-vip/,0,0,0.00,0.09,132,"19, 19, 15, 42, 53, 65, 34, 42, 100, 80, 53, 65",2026-06-15,"Reviews, Video, People also ask, Related searches",navigational,Organic
wordpress vip agency,89,89,140,16,0.00,https://wpvip.com/blog/,0,0,0.00,0.09,132,"19, 19, 15, 42, 53, 65, 34, 42, 100, 80, 53, 65",2026-06-15,"Reviews, Video, People also ask, Related searches",navigational,Organic
wordpress vip agency,90,90,140,16,0.00,https://wpvip.com/wordpress-vip-enterprise-support/,0,0,0.00,0.09,132,"19, 19, 15, 42, 53, 65, 34, 42, 100, 80, 53, 65",2026-06-15,"Reviews, Video, People also ask, Related searches",navigational,Organic
wordpress vip agency,91,91,140,16,0.00,https://wpvip.com/wordpress-vip-enterprise-support/,0,0,0.00,0.09,132,"19, 19, 15, 42, 53, 65, 34, 42, 100, 80, 53, 65",2026-06-15,"Reviews, Video, People also ask, Related searches",navigational,Organic
wordpress vip agency,92,92,140,16,0.00,https://wpvip.com/products/,0,0,0.00,0.09,132,"19, 19, 15, 42, 53, 65, 34, 42, 100, 80, 53, 65",2026-06-15,"Reviews, Video, People also ask, Related searches",navigational,Organic
wordpress vip agency,93,93,140,16,0.00,https://wpvip.com/blog/what-is-wordpress-vip/,0,0,0.00,0.09,132,"19, 19, 15, 42, 53, 65, 34, 42, 100, 80, 53, 65",2026-06-15,"Reviews, Video, People also ask, Related searches",navigational,Organic
wordpress vip agency,94,94,140,16,0.00,https://wpvip.com/resource/wp-engine-vs-wordpress-vip/,0,0,0.00,0.09,132,"19, 19, 15, 42, 53, 65, 34, 42, 100, 80, 53, 65",2026-06-15,"Reviews, Video, People also ask, Related searches",navigational,Organic
wordpress vip agency,95,95,140,16,0.00,https://wpvip.com/enterprise-wordpress-hosting/,0,0,0.00,0.09,132,"19, 19, 15, 42, 53, 65, 34, 42, 100, 80, 53, 65",2026-06-15,"Reviews, Video, People also ask, Related searches",navigational,Organic
wordpress vip agency,96,96,140,16,0.00,https://customerhub.wpvip.com/lobby/2023/10/04/from-named-a-wordpress-vip-silver-agency-partner/,0,0,0.00,0.09,132,"19, 19, 15, 42, 53, 65, 34, 42, 100, 80, 53, 65",2026-06-15,"Reviews, Video, People also ask, Related searches",navigational,Organic
wordpress vip agency,97,97,140,16,0.00,https://wpvip.com/wordpress-vip-faq/,0,0,0.00,0.09,132,"19, 19, 15, 42, 53, 65, 34, 42, 100, 80, 53, 65",2026-06-15,"Reviews, Video, People also ask, Related searches",navigational,Organic
wordpress vip agency,98,98,140,16,0.00,https://wpvip.com/wordpress-vip-premier/,0,0,0.00,0.09,132,"19, 19, 15, 42, 53, 65, 34, 42, 100, 80, 53, 65",2026-06-15,"Reviews, Video, People also ask, Related searches",navigational,Organic
wordpress vip agency,99,99,140,16,0.00,https://wpvip.com/blog/run-the-web-vip/,0,0,0.00,0.09,132,"19, 19, 15, 42, 53, 65, 34, 42, 100, 80, 53, 65",2026-06-15,"Reviews, Video, People also ask, Related searches",navigational,Organic
wordpress vip agency,100,100,140,16,0.00,https://wpvip.com/blog/why-customers-love-wordpress-vip/,0,0,0.00,0.09,132,"19, 19, 15, 42, 53, 65, 34, 42, 100, 80, 53, 65",2026-06-15,"Reviews, Video, People also ask, Related searches",navigational,Organic
what is a good word count for a blog post,13,13,40,34,0.00,https://wpvip.com/blog/ideal-word-count/,0,0,0.00,0.21,154,"22, 22, 44, 100, 100, 44, 55, 22, 22, 22, 22, 22",2026-07-02,"Sitelinks, Reviews, Video, People also ask, Related searches, Discussions and forums, AI overview",informational,Organic
what does pim stand for,82,82,320,30,0.00,https://wpvip.com/glossary/product-information-management/,0,0,0.00,0.01,159,"53, 82, 53, 82, 82, 82, 100, 100, 82, 100, 66, 82",2026-06-09,"Sitelinks, Video, People also ask, Related searches, AI overview",informational,Organic
top content management software,39,39,110,45,9.31,https://wpvip.com/blog/10-best-enterprise-content-management-systems/?itm_source=parsely-api,0,0,0.00,0.27,152,"100, 82, 64, 64, 64, 100, 52, 29, 29, 41, 41, 64",2026-06-17,"Reviews, Video, Video Carousel, Related searches, Discussions and forums, AI overview",commercial,Organic
sitecore to wordpress migration services,54,54,50,0,0.00,https://wpvip.com/resource/sitecore-vs-wordpress-vip/,0,0,0.00,0,145,"33, 22, 11, 55, 77, 77, 100, 77, 33, 44, 44, 44",2026-06-12,"Sitelinks, Reviews, Video, AI overview",informational,Organic
sitecore to wordpress migration services,61,61,50,0,0.00,https://wpvip.com/resource/sitecore-vs-wordpress-vip/,0,0,0.00,0,145,"33, 22, 11, 55, 77, 77, 100, 77, 33, 44, 44, 44",2026-06-12,"Sitelinks, Reviews, Video, AI overview",informational,Organic
wordpress 6.7 2,28,28,50,22,0.00,https://customerhub.wpvip.com/lobby/2025/02/11/wordpress-6-7-2-maintenance-release/,0,0,0.00,0.02,101,"4, 100, 52, 42, 33, 23, 19, 14, 9, 0, 0, 0",2026-05-24,"Sitelinks, Video, People also ask, Related searches","informational, transactional",Organic
wordpress 6.7 2,49,49,50,22,0.00,https://wpvip.com/blog/wordpress-6-7/,0,0,0.00,0.02,101,"4, 100, 52, 42, 33, 23, 19, 14, 9, 0, 0, 0",2026-05-24,"Sitelinks, Video, People also ask, Related searches","informational, transactional",Organic
wordpress database cache,5,5,40,20,0.00,https://docs.wpvip.com/caching/query-cache/,0,0,0.00,0.33,98,"14, 14, 100, 100, 35, 14, 14, 14, 14, 14, 14, 14",2026-06-26,"Sitelinks, Reviews, Video, Video Carousel, Related searches, Discussions and forums, AI overview",informational,Organic
sitecore marketing toolssports,8,8,40,11,0.00,https://wpvip.com/resource/sitecore-vs-wordpress-vip/,0,0,0.00,0,41,"14, 100, 42",2026-07-19,"Video, People also ask, Related searches","informational, transactional",People also ask
seo information architecture,59,59,110,9,0.00,https://wpvip.com/blog/website-information-architecture/,0,0,0.00,0.33,137,"19, 19, 80, 52, 100, 100, 80, 66, 42, 33, 19, 23",2026-06-30,"Sitelinks, Video, Video Carousel, People also ask, Related searches, AI overview",informational,Organic
fedramp approved cloud service providers,13,13,30,52,21.45,https://wpvip.com/blog/wordpress-vip-is-fedramp-authorized/,0,0,0.00,0.21,108,"22, 22, 55, 55, 22, 22, 22, 22, 22, 22, 22, 22",2026-07-09,"Sitelinks, Reviews, People also ask, Related searches, Discussions and forums, AI overview",informational,Organic
please enter the commit message for your changes. lines starting,48,48,170,20,0.00,https://docs.wpvip.com/guidebooks/developer-best-practices/create-a-good-commit-message/,0,0,0.00,0.33,139,"0, 1, 1, 100, 0, 0, 1, 1, 1, 1, 1, 1",2026-06-11,"Sitelinks, Video, Video Carousel, People also ask, Related searches, AI overview",informational,Organic
what is aeo insight company,36,36,590,20,0.00,https://wpvip.com/blog/answer-engine-optimization-strategies/,0,0,0.00,0,136,100,2026-06-01,"Video, Video Carousel, People also ask, AI overview",informational,Organic
headers security advanced & hsts wp,43,43,30,4,5.22,https://docs.wpvip.com/tls/enable-hsts/,0,0,0.00,0.17,0,"40, 40, 40, 60, 40, 60, 100, 40, 40, 40, 60, 40",2026-07-20,"Sitelinks, Reviews, Video, Video Carousel, Related searches, Discussions and forums",navigational,Organic
content management system architecture,16,16,170,28,0.00,https://wpvip.com/blog/content-architecture-cms-best-practices/,0,0,0.00,0.05,20,"17, 43, 53, 53, 43, 66, 100, 28, 28, 35, 35, 35",2026-07-20,"Sitelinks, Video, Image, People also ask, Related searches, AI overview",informational,Organic
bfcache,2,2,90,28,0.00,https://wpvip.com/blog/caching/,0,0,0.00,0.33,116,"34, 19, 53, 42, 34, 42, 26, 34, 34, 26, 42, 34",2026-07-07,"Sitelinks, Reviews, Video, Video Carousel, People also ask, Related searches, Things to know, AI overview",informational,Things to know
popular cms platforms,53,53,40,37,7.45,https://wpvip.com/blog/10-best-enterprise-content-management-systems/?itm_source=parsely-api,0,0,0.00,0.42,123,"9, 33, 33, 9, 9, 9, 9, 9, 9, 42, 9, 33",2026-06-15,"Sitelinks, Reviews, Video, Ads bottom, Video Carousel, People also ask, Related searches, AI overview",commercial,Organic
node 20 end of support,16,16,50,40,0.00,https://customerhub.wpvip.com/lobby/2026/01/29/end-of-life-for-node-js-v20/,0,0,0.00,0.19,91,"14, 78, 14, 28, 100, 28, 14, 64, 14, 14, 14, 14",2026-07-16,"Sitelinks, Video Carousel, People also ask, Related searches, AI overview",informational,Organic
white rabbit web design,36,36,50,14,0.00,https://wpvip.com/partner-announcements/white-rabbit-group-vip-silver-agency-partner/,0,0,0.00,0.16,113,"28, 28, 28, 100, 100, 100, 71, 100, 71, 100, 100, 100",2026-06-12,"Sitelinks, Video, Ads bottom, Related searches","informational, navigational",Organic
read header,2,2,40,26,0.00,https://docs.wpvip.com/caching/page-cache/http-headers/retrieve-headers/,0,0,0.00,0.33,110,"18, 18, 18, 100, 100, 18, 18, 18, 18, 18, 18, 18",2026-07-13,"Sitelinks, People also ask, Related searches, AI overview",informational,People also ask
content marketing strategies for investment managers,23,23,50,4,0.00,https://wpvip.com/resource/content-marketing-strategy-guide/,0,0,0.00,0,172,"36, 18, 27, 81, 100, 63, 27, 18, 63, 36, 27, 18",2026-06-30,"Sitelinks, Video, Related searches, AI overview",informational,Organic
single sign on for wordpress,1,1,90,20,13.56,https://docs.wpvip.com/security-controls/wordpress/sso/,0,0,0.00,0.12,122,"52, 41, 41, 82, 29, 41, 64, 23, 41, 41, 41, 64",2026-06-01,"Sitelinks, Video, Ads bottom, Video Carousel, Related searches, AI overview",informational,AI overview
tagging tips,19,19,50,13,0.00,https://wpvip.com/blog/5-tagging-best-practices-content-strategy/,0,0,0.00,0.33,123,"7, 7, 7, 26, 7, 42, 65, 7, 34, 34, 19, 7",2026-07-08,"Sitelinks, Video, Video Carousel, People also ask, Related searches, AI overview",informational,Organic
wordpress post revisions,2,2,70,35,0.00,https://docs.wpvip.com/wordpress-on-vip/post-revisions/,0,0,0.00,0.33,107,"11, 11, 11, 29, 11, 11, 11, 64, 82, 64, 64, 100",2026-06-24,"Sitelinks, Reviews, Video, Video Carousel, People also ask, Related searches, AI overview",informational,AI overview
wordpress post revisions,7,7,70,35,0.00,https://docs.wpvip.com/wordpress-on-vip/post-revisions/,0,0,0.00,0.33,107,"11, 11, 11, 29, 11, 11, 11, 64, 82, 64, 64, 100",2026-06-24,"Sitelinks, Reviews, Video, Video Carousel, People also ask, Related searches, AI overview",informational,Organic
dxp technology,36,36,110,39,16.02,https://wpvip.com/glossary/digital-experience-platform/,0,0,0.00,0.06,106,"18, 35, 29, 43, 43, 18, 14, 8, 22, 22, 14, 22",2026-06-09,"Sitelinks, Video, Ads bottom, Video Carousel, People also ask, Related searches, Ads middle, AI overview",informational,Organic
cms with ai,27,27,30,50,14.25,https://wpvip.com/blog/ai-cms/,0,0,0.00,0.69,127,"28, 28, 100, 100, 42, 28, 28, 28, 28, 28, 28, 28",2026-07-10,"Reviews, Video, Video Carousel, People also ask, Related searches",informational,Organic
strategy tagging,18,18,140,11,0.00,https://wpvip.com/blog/5-tagging-best-practices-content-strategy/,0,0,0.00,0,105,"42, 33, 52, 52, 52, 66, 80, 80, 80, 80, 80, 80",2026-07-19,"Reviews, Video, Video Carousel, People also ask, Related searches, AI overview","commercial, informational",Organic
campaign content tagging,28,28,50,15,0.00,https://wpvip.com/blog/5-tagging-best-practices-content-strategy/,0,0,0.00,0,126,"22, 33, 55, 77, 33, 33, 100, 100, 100, 100, 77",2026-07-12,"Sitelinks, Reviews, Video, Video Carousel, People also ask, Related searches, AI overview",informational,Organic
top cms systems,49,49,90,44,9.31,https://wpvip.com/blog/10-best-enterprise-content-management-systems/?itm_source=parsely-api,0,0,0.00,0.27,189,"65, 42, 34, 34, 34, 42, 26, 19, 19, 26, 26, 26",2026-06-23,"Sitelinks, Reviews, Video, Video Carousel, People also ask, Related searches, AI overview",commercial,Organic
rest wordpress,16,16,210,34,4.33,https://wpvip.com/glossary/wordpress-rest-api-for-the-enterprise/,0,0,0.00,0.04,129,"23, 66, 35, 23, 23, 44, 44, 5, 8, 44, 44, 54",2026-06-21,"Video, Video Carousel, People also ask, Related searches, AI overview",informational,Organic
rest wordpress,36,36,210,34,4.33,https://docs.wpvip.com/wordpress-on-vip/wordpress-rest-api/,0,0,0.00,0.04,129,"23, 66, 35, 23, 23, 44, 44, 5, 8, 44, 44, 54",2026-06-21,"Video, Video Carousel, People also ask, Related searches, AI overview",informational,Organic
wordpress private files,17,17,210,17,0.00,https://docs.wpvip.com/security-controls/access-controlled-files/,0,0,0.00,0.33,107,"1, 1, 1, 100, 16, 5, 1, 1, 2, 1, 1, 1",2026-06-03,"Sitelinks, Video, Video Carousel, People also ask, Related searches, Discussions and forums",informational,Organic
difference between wordpress and wp engine,5,5,40,15,0.00,https://wpvip.com/resource/wp-engine-vs-wordpress-vip/,0,0,0.00,0.02,134,"11, 11, 41, 23, 29, 11, 11, 17, 29, 41, 29, 41",2026-07-16,"Sitelinks, Reviews, Video, Video Carousel, People also ask, Related searches, Discussions and forums, AI overview",commercial,Organic
ip restrictions,7,7,70,23,5.32,https://docs.wpvip.com/security-controls/ip-restrictions/,0,0,0.00,0.01,121,"64, 28, 21, 50, 50, 50, 28, 35, 50, 35, 50, 100",2026-06-13,"Video, Video Carousel, People also ask, Related searches, Discussions and forums, AI overview",informational,Organic
what's a mfa,73,73,70,49,2.36,https://wpvip.com/glossary/what-is-multi-factor-authentication-mfa/,0,0,0.00,0.04,133,"64, 82, 29, 41, 41, 64, 52, 0, 29, 29, 29, 41",2026-06-20,"Reviews, Video, Video Carousel, People also ask, Related searches, Short videos, AI overview",informational,Organic
wp_remote_get,16,16,70,6,0.00,https://docs.wpvip.com/databases/optimize-queries/retrieving-remote-data/,0,0,0.00,0.33,103,"42, 26, 34, 26, 34, 26, 34, 19, 26, 15, 19, 7",2026-07-10,"Sitelinks, Reviews, Video, Related searches, AI overview",informational,Organic
how to get custom content,52,52,50,22,0.00,https://wpvip.com/blog/content-personalization/,0,0,0.00,0.33,184,"34, 26, 26, 26, 19, 26, 15, 19, 7, 7, 7, 7",2026-06-20,"Sitelinks, Reviews, Video, Video Carousel, People also ask, Related searches, Short videos, Discussions and forums, AI overview",informational,Organic
gutenberg wp,4,4,30,68,1.07,https://wpvip.com/wordpress-gutenberg/,0,0,0.00,0.28,110,"5, 5, 5, 7, 7, 5, 5, 5, 17, 5, 5, 5",2026-06-24,"Image pack, Sitelinks, Reviews, Video, Video Carousel, People also ask, Related searches",navigational,Organic
gutenberg wp,17,17,30,68,1.07,https://wpvip.com/glossary/wordpress-gutenberg-block-editor/,0,0,0.00,0.28,110,"5, 5, 5, 7, 7, 5, 5, 5, 17, 5, 5, 5",2026-06-24,"Image pack, Sitelinks, Reviews, Video, Video Carousel, People also ask, Related searches",navigational,Organic
enterprise content business process management,42,42,30,22,20.51,https://wpvip.com/blog/enterprise-content-management-strategy/,0,0,0.00,0.12,141,"40, 40, 20, 100, 80, 40, 60, 80, 100, 40, 0, 0",2026-06-24,"Reviews, Video, Video Carousel, People also ask, Related searches, AI overview",informational,Organic
parse.ly,36,36,480,50,4.75,https://wpvip.com/blog/learn-enterprise-wordpress-parsely/,0,0,0.00,0.27,31500000,"0, 0, 2, 0, 1, 0, 100, 2, 2, 2, 4, 7",2026-06-02,"Knowledge panel, Video, People also ask",informational,Organic
parse.ly,93,93,480,50,4.75,https://wpvip.com/blog/analytics-wordpress/,0,0,0.00,0.27,31500000,"0, 0, 2, 0, 1, 0, 100, 2, 2, 2, 4, 7",2026-06-02,"Knowledge panel, Video, People also ask",informational,Organic
what is ttl dns,12,12,110,25,2.59,https://docs.wpvip.com/domains/check-dns-record-time-to-live/,0,0,0.00,0.02,117,"5, 12, 4, 5, 15, 12, 0, 0, 4, 5, 54, 12",2026-06-14,"Video, Video Carousel, People also ask, Short videos, AI overview",informational,Organic
how to verify domain,31,31,50,34,3.21,https://docs.wpvip.com/domains/verification/,0,0,0.00,0.41,106,"23, 17, 12, 23, 17, 10, 12, 12, 12, 5, 5, 5",2026-06-08,"Sitelinks, Video, People also ask, Related searches, Discussions and forums, AI overview",informational,Organic
dxp implementation agency,28,28,50,2,0.00,https://wpvip.com/glossary/digital-experience-platform/,0,0,0.00,0,139,"11, 55, 77, 100, 100, 100, 55, 33, 44, 44, 44",2026-06-29,"Sitelinks, Reviews, Video, People also ask, AI overview",informational,Organic
dxp implementation agency,33,33,50,2,0.00,https://wpvip.com/glossary/digital-experience-platform/,0,0,0.00,0,139,"11, 55, 77, 100, 100, 100, 55, 33, 44, 44, 44",2026-06-29,"Sitelinks, Reviews, Video, People also ask, AI overview",informational,Organic
incorrect response please refresh the page,36,36,40,21,0.00,https://docs.wpvip.com/caching/page-cache/http-headers/stale-responses/,0,0,0.00,0.33,129,"9, 9, 9, 9, 9, 9, 100, 9, 9, 9, 9, 9",2026-07-06,"Sitelinks, Video, People also ask, Related searches, AI overview",informational,Organic
xmlrp,9,9,110,42,1.48,https://docs.wpvip.com/security-controls/wordpress/xml-rpc/,0,0,0.00,0.01,131,"32, 32, 14, 0, 0, 0, 0, 0, 48, 0, 0, 0",2026-07-08,"Sitelinks, Reviews, Video Carousel, People also ask, Related searches, Short videos, AI overview",informational,Organic
php security update today 2025,10,10,40,26,0.00,https://customerhub.wpvip.com/lobby/2024/12/17/planning-your-2025-php-8-2-update/,0,0,0.00,0,111,"36, 100, 0, 0",2026-05-20,"Sitelinks, Video, People also ask, Related searches, AI overview",informational,Organic
php security update today 2025,16,16,40,26,0.00,https://customerhub.wpvip.com/lobby/2024/12/17/planning-your-2025-php-8-2-update/,0,0,0.00,0,111,"36, 100, 0, 0",2026-05-20,"Sitelinks, Video, People also ask, Related searches, AI overview",informational,Organic
wordpress scams,9,9,40,8,3.58,https://docs.wpvip.com/security/phishing/,0,0,0.00,0.02,128,"22, 22, 22, 22, 22, 22, 77, 100, 100, 22, 22, 100",2026-06-18,"Sitelinks, Video, Related searches, Discussions and forums, AI overview",informational,Organic
wordpress scams,11,11,40,8,3.58,https://docs.wpvip.com/security/phishing/,0,0,0.00,0.02,128,"22, 22, 22, 22, 22, 22, 77, 100, 100, 22, 22, 100",2026-06-18,"Sitelinks, Video, Related searches, Discussions and forums, AI overview",informational,Organic
enterprise wordpress solutions,1,1,70,16,27.43,https://wpvip.com/,0,0,0.00,0.28,123,"5, 29, 52, 100, 64, 52, 52, 17, 29, 41, 41, 29",2026-06-30,"Sitelinks, Reviews, Video, Ads top, Ads bottom, People also ask, Related searches, AI overview",informational,AI overview
enterprise wordpress solutions,30,30,70,16,27.43,https://wpvip.com/wp-content/uploads/2021/01/10-case-studies-enterprise-wordpress.pdf,0,0,0.00,0.28,123,"5, 29, 52, 100, 64, 52, 52, 17, 29, 41, 41, 29",2026-06-30,"Sitelinks, Reviews, Video, Ads top, Ads bottom, People also ask, Related searches, AI overview",informational,Organic
wordpress plugins directory,2,2,90,51,2.45,https://docs.wpvip.com/wordpress-skeleton/plugins-directory/,0,0,0.00,0.16,109,"0, 0, 66, 5, 0, 100, 2, 10, 5, 28, 17, 35",2026-07-08,"Sitelinks, Video, Video Carousel, People also ask, Related searches","informational, navigational",People also ask
wordpress plugins directory,6,6,90,51,2.45,https://docs.wpvip.com/wordpress-skeleton/plugins-directory/,0,0,0.00,0.16,109,"0, 0, 66, 5, 0, 100, 2, 10, 5, 28, 17, 35",2026-07-08,"Sitelinks, Video, Video Carousel, People also ask, Related searches","informational, navigational",Organic
wordpress plugins directory,7,7,90,51,2.45,https://docs.wpvip.com/wordpress-skeleton/plugins-directory/,0,0,0.00,0.16,109,"0, 0, 66, 5, 0, 100, 2, 10, 5, 28, 17, 35",2026-07-08,"Sitelinks, Video, Video Carousel, People also ask, Related searches","informational, navigational",Organic
analytical web,54,54,50,60,5.49,https://wpvip.com/blog/web-analytics-software-tools/,0,0,0.00,0.3,134,"0, 0, 0, 0, 0, 0, 0, 0, 0, 100, 0, 1",2026-07-05,"Reviews, Video, Video Carousel, People also ask, Related searches, AI overview",informational,Organic
wordpress classes online,28,0,90,68,2.57,https://learn.wpvip.com/,0,0,0.00,0.18,105,"100, 64, 41, 41, 64, 23, 11, 41, 52, 29, 64, 52",2026-07-22,"Sitelinks, Reviews, Video, Video Carousel, People also ask, Related searches",commercial,Organic
wordpress 6.7.2 update review 2025,15,15,170,8,0.00,https://customerhub.wpvip.com/lobby/2025/02/11/wordpress-6-7-2-maintenance-release/,0,0,0.00,0,11900,"2, 100, 100, 18, 0, 0",2026-07-11,"Reviews, Video, Video Carousel, People also ask, Related searches, AI overview",commercial,Organic
migrate website,9,9,110,42,13.11,https://wpvip.com/glossary/website-migration/,0,0,0.00,0.12,110,"8, 11, 4, 2, 1, 1, 2, 1, 0, 5, 4, 5",2026-06-28,"Reviews, Video, Video Carousel, People also ask, Related searches, Discussions and forums, Ads middle, AI overview","commercial, informational",Organic
https www kryterion com login,34,34,390,41,0.00,https://learn.wpvip.com/certification/help/,0,0,0.00,0.1,148,"31, 100, 31, 11, 31, 11, 31, 1, 1, 1, 1, 1",2026-06-22,"Sitelinks, Reviews, Video, Related searches","navigational, transactional",Organic
latest wordpress version december 2025,22,22,50,20,0.00,https://customerhub.wpvip.com/platform-release-schedule/,0,0,0.00,0,151,"100, 29, 11, 17, 17",2026-07-13,"Sitelinks, Reviews, Video, Video Carousel, People also ask, Related searches, AI overview",informational,Organic
what does it mean to migrate from a website,1,1,170,17,0.00,https://wpvip.com/glossary/website-migration/,0,0,0.00,0,166,"5, 23, 43, 43, 17, 53, 100, 0, 28, 53, 66, 66",2026-07-10,"Reviews, Video, People also ask, Related searches, Discussions and forums, AI overview",informational,AI overview
github pull request checks,13,13,50,26,0.00,https://docs.wpvip.com/code-deployment/github-repository/required-status-checks/,0,0,0.00,0.01,105,"63, 63, 63, 63, 63, 63, 63, 45, 45, 18, 18, 18",2026-06-06,"Sitelinks, Video, Related searches, Discussions and forums, AI overview",informational,Organic
wordpress case study,1,1,70,10,0.00,https://wpvip.com/wp-content/uploads/2021/01/10-case-studies-enterprise-wordpress.pdf,0,0,0.00,0,77,"36, 27, 100, 100, 45, 45, 81, 100, 63, 45, 36, 36",2026-06-30,"Reviews, Video, Ads bottom, Video Carousel, People also ask, Related searches, AI overview",informational,AI overview
wordpress case study,28,28,70,10,0.00,https://wpvip.com/wp-content/uploads/2021/01/10-case-studies-enterprise-wordpress.pdf,0,0,0.00,0,77,"36, 27, 100, 100, 45, 45, 81, 100, 63, 45, 36, 36",2026-06-30,"Reviews, Video, Ads bottom, Video Carousel, People also ask, Related searches, AI overview",informational,Organic
what is object caching,5,5,40,24,0.00,https://docs.wpvip.com/caching/object-cache/,0,0,0.00,0.03,122,"28, 0, 100, 100, 57, 42, 42, 57, 100, 28, 28, 57",2026-07-20,"Sitelinks, Reviews, Video, Video Carousel, People also ask, Related searches",informational,Organic
what is object caching,32,32,40,24,0.00,https://wpvip.com/blog/caching/,0,0,0.00,0.03,122,"28, 0, 100, 100, 57, 42, 42, 57, 100, 28, 28, 57",2026-07-20,"Sitelinks, Reviews, Video, Video Carousel, People also ask, Related searches",informational,Organic
wordpress 6.7 release november 2025,38,38,320,27,0.00,https://customerhub.wpvip.com/platform-release-schedule/,0,0,0.00,0,109,"100, 0, 0, 0, 0, 0",2026-07-11,"Reviews, Video, People also ask, Related searches, AI overview",informational,Organic
uixpress,37,37,1300,9,0.00,https://wpvip.com/,0,0,0.00,0.33,133,"0, 81, 36, 0, 5, 36, 65, 0, 13, 43, 54, 0",2026-06-14,"Sitelinks, Reviews, Video, Video Carousel, Related searches",navigational,Organic
what is headless wordpress,12,12,170,27,1.66,https://wpvip.com/resource/headless-cms-guide/,0,0,0.00,0.18,127,"35, 35, 43, 54, 54, 18, 14, 14, 18, 14, 54, 54",2026-06-09,"Sitelinks, Video, Video Carousel, People also ask, Related searches, Discussions and forums, AI overview",informational,Organic
dxp components,17,17,50,11,0.00,https://wpvip.com/glossary/digital-experience-platform/,0,0,0.00,0.33,106,"36, 27, 63, 63, 45, 63, 45, 45, 63, 45, 18, 45",2026-06-30,"Sitelinks, Reviews, Video, People also ask, Related searches, AI overview",informational,Organic
what is referral source,34,34,70,3,0.00,https://learn.wpvip.com/lesson/how-to-identify-referral-sources/,0,0,0.00,0.33,133,"52, 23, 23, 19, 100, 23, 66, 14, 14, 9, 4, 4",2026-06-02,"Image pack, Video, People also ask, Related searches, AI overview",informational,Organic
how to set strict transport security header,53,53,40,31,0.00,https://docs.wpvip.com/tls/enable-hsts/,0,0,0.00,0.33,206,"14, 50, 14, 28, 78, 14, 100, 14, 14, 14, 14, 14",2026-07-07,"Sitelinks, Reviews, Video, Video Carousel, People also ask, Related searches, Discussions and forums, AI overview",informational,Organic
wordpress digital experience platform,1,1,110,27,0.00,https://wpvip.com/glossary/digital-experience-platform/,0,0,0.00,0.03,106,"41, 29, 41, 64, 64, 64, 82, 100, 82, 82, 82, 82",2026-06-02,"Sitelinks, Video, Ads bottom, People also ask, Related searches, AI overview",informational,AI overview
wordpress digital experience platform,40,40,110,27,0.00,https://wpvip.com/blog/the-dxp-is-dead-whats-next/,0,0,0.00,0.03,106,"41, 29, 41, 64, 64, 64, 82, 100, 82, 82, 82, 82",2026-06-02,"Sitelinks, Video, Ads bottom, People also ask, Related searches, AI overview",informational,Organic
wordpress digital experience platform,71,71,110,27,0.00,https://wpvip.com/blog/wordpress-digital-experience-platform/,0,0,0.00,0.03,106,"41, 29, 41, 64, 64, 64, 82, 100, 82, 82, 82, 82",2026-06-02,"Sitelinks, Video, Ads bottom, People also ask, Related searches, AI overview",informational,Organic
web site migration,1,1,70,33,12.14,https://wpvip.com/glossary/website-migration/,0,0,0.00,0.08,123,"9, 9, 4, 14, 14, 66, 33, 42, 42, 19, 52, 42",2026-06-13,"Reviews, Video, Video Carousel, People also ask, Related searches, AI overview",informational,AI overview
chatgpt prompts for blog posts,41,41,40,22,0.00,https://wpvip.com/blog/ai-content-creation/,0,0,0.00,0.33,125,"11, 17, 29, 82, 52, 11, 11, 5, 11, 17, 11, 17",2026-06-20,"Sitelinks, Video, Video Carousel, Related searches, AI overview",informational,Organic
wordpress plugins database,4,4,50,20,2.60,https://docs.wpvip.com/wordpress-skeleton/plugins-directory/,0,0,0.00,0.09,47,"50, 35, 7, 0, 7, 35, 35, 50, 50, 50, 50, 100",2026-06-12,"Reviews, Video, People also ask, Related searches",commercial,People also ask
woocommerce block ip address,37,37,40,14,0.00,https://docs.wpvip.com/security-controls/ip-restrictions/,0,0,0.00,0.33,106,"9, 9, 14, 9, 19, 23, 23, 19, 14, 19, 19, 33",2026-07-20,"Sitelinks, Reviews, Video, Video Carousel, Related searches, AI overview",informational,Organic
migrate sitecore site to wordpress,31,31,50,0,0.00,https://wpvip.com/resource/sitecore-vs-wordpress-vip/,0,0,0.00,0,164,"33, 22, 77, 77, 55, 100, 100, 77, 55, 44, 33, 44",2026-07-07,"Sitelinks, Reviews, Video, Video Carousel, AI overview",informational,Organic
american eagle web,13,13,90,60,0.14,https://wpvip.com/partner/americaneagle-com/,0,0,0.00,0.84,100,"0, 19, 53, 100, 100, 53, 3, 53, 42, 7, 0, 3",2026-05-29,"Sitelinks, Video, Ads bottom, People also ask, Related searches",navigational,Organic
what does 700 words look like,56,56,140,14,0.00,https://wpvip.com/blog/ideal-word-count/,0,0,0.00,0.33,156,"9, 15, 100, 5, 9, 12, 15, 9, 9, 6, 12, 12",2026-05-31,"Image pack, Sitelinks, Video, People also ask, Related searches, AI overview",informational,Organic
wordpress cron php,17,17,40,35,0.00,https://docs.wpvip.com/wordpress-on-vip/cron-control/,0,0,0.00,0.04,106,"26, 15, 19, 26, 26, 7, 7, 7, 7, 7, 7, 7",2026-07-18,"Sitelinks, Reviews, Video, Video Carousel, People also ask, Related searches",informational,Organic
wordpress cron php,20,20,40,35,0.00,https://docs.wpvip.com/wordpress-on-vip/cron-control/,0,0,0.00,0.04,106,"26, 15, 19, 26, 26, 7, 7, 7, 7, 7, 7, 7",2026-07-18,"Sitelinks, Reviews, Video, Video Carousel, People also ask, Related searches",informational,Organic
what are the benefits of information management,39,39,50,12,0.00,https://wpvip.com/blog/pim-benefits-and-use-cases/,0,0,0.00,0.33,159,"12, 2, 0, 1, 2, 2, 12, 12, 2, 2, 2, 12",2026-06-12,"Sitelinks, Reviews, Video, People also ask, Related searches, AI overview",informational,Organic
wordpress.coom,41,41,140,99,3.38,https://wpvip.com/blog/wordpress-org-vs-wordpress-com-vs-wordpress-vip-whats-the-difference/,0,0,0.00,0.43,0,"0, 0, 0, 0, 0, 46, 0, 7, 0, 0, 31, 0",2026-07-18,"Sitelinks, Reviews, Video, People also ask",navigational,Organic
pim wordpress,33,33,40,4,0.00,https://wpvip.com/blog/pim-benefits-and-use-cases/,0,0,0.00,0.5,132,"42, 28, 28, 42, 57, 71, 57, 71, 100, 100, 57, 57",2026-06-24,"Sitelinks, Reviews, Video, People also ask, Related searches, AI overview",informational,Organic
latest wordpress version february 2026,15,15,70,22,0.00,https://customerhub.wpvip.com/platform-release-schedule/,0,0,0.00,0,145,"100, 5, 5",2026-06-26,"Reviews, Video, People also ask, Related searches, AI overview",informational,Organic
wordpress.cpm,37,37,70,100,3.05,https://wpvip.com/,0,0,0.00,0.41,0,"0, 0, 0, 0, 0, 0, 0, 0, 5, 0, 0, 45",2026-06-23,"Sitelinks, Reviews, Video, Video Carousel, People also ask",navigational,Organic
forms of content marketing,21,21,170,59,0.00,https://wpvip.com/blog/8-types-of-content-marketing/,0,0,0.00,0.33,133,"12, 6, 6, 65, 100, 43, 100, 81, 65, 65, 53, 53",2026-05-29,"Sitelinks, Video, Video Carousel, People also ask, Related searches, AI overview",informational,Organic
enterprise or custom cms,25,25,40,5,0.00,https://wpvip.com/blog/headless-cms-for-enterprise/,0,0,0.00,0.33,155,"42, 28, 28, 71, 100, 71, 71, 100, 71, 57, 57, 57",2026-06-10,"Sitelinks, Video, People also ask, Related searches, AI overview",informational,Organic
enterprise or custom cms,31,31,40,5,0.00,https://wpvip.com/blog/how-to-choose-an-enterprise-cms/,0,0,0.00,0.33,155,"42, 28, 28, 71, 100, 71, 71, 100, 71, 57, 57, 57",2026-06-10,"Sitelinks, Video, People also ask, Related searches, AI overview",informational,Organic
enterprise or custom cms,62,62,40,5,0.00,https://wpvip.com/blog/headless-cms-for-enterprise/,0,0,0.00,0.33,155,"42, 28, 28, 71, 100, 71, 71, 100, 71, 57, 57, 57",2026-06-10,"Sitelinks, Video, People also ask, Related searches, AI overview",informational,Organic
core-web-vitals,3,3,40,77,3.58,https://wpvip.com/glossary/core-web-vitals/,0,0,0.00,0.13,137,"15, 15, 6, 6, 8, 5, 11, 8, 1, 1, 0, 1",2026-06-08,"Sitelinks, Video, Video Carousel, People also ask, Related searches, Things to know, AI overview",informational,Things to know
enterprise cms platform,26,26,140,21,33.04,https://wpvip.com/blog/10-best-enterprise-content-management-systems/,0,0,0.00,0.35,99,"80, 33, 100, 100, 33, 14, 42, 66, 100, 66, 100, 100",2026-07-08,"Sitelinks, Reviews, Video, People also ask, Related searches, Discussions and forums, AI overview","commercial, informational",Organic
14400 ttl,1,1,140,21,0.00,https://docs.wpvip.com/domains/check-dns-record-time-to-live/,0,0,0.00,0.01,107,"0, 0, 0, 0, 19, 0, 0, 0, 0, 0, 0, 0",2026-06-23,"Sitelinks, Video, People also ask, Related searches, AI overview",informational,AI overview
seo vs. aeo,17,17,30,39,2.06,https://wpvip.com/blog/aeo-vs-seo-answer-engine-optimization/,0,0,0.00,0.19,131,"0, 0, 0, 2, 2, 2, 4, 4, 43, 6, 6, 4",2026-06-01,"Sitelinks, Video, Video Carousel, People also ask, Related searches, Short videos, AI overview","commercial, informational",Organic
how to find your brand voice,9,9,70,38,5.02,https://wpvip.com/resource/how-to-find-your-brand-voice/,0,0,0.00,0.46,158,"23, 19, 19, 52, 42, 42, 42, 66, 52, 23, 19, 52",2026-05-30,"Sitelinks, Video, Video Carousel, People also ask, AI overview",informational,Organic
best site analytics tools,7,7,110,33,23.64,https://wpvip.com/blog/web-analytics-software-tools/,0,0,0.00,0.15,130,"80, 66, 66, 52, 42, 33, 42, 23, 23, 23, 33, 66",2026-06-16,"Sitelinks, Video, Video Carousel, Related searches, Discussions and forums, AI overview",commercial,Organic
aeo artificial engine optimization,70,70,30,34,7.70,https://wpvip.com/blog/answer-engine-optimization-strategies/,0,0,0.00,0.7,193,"0, 0, 100, 11, 11, 11, 11, 11, 11, 11, 11, 11",2026-06-24,"Reviews, Video, People also ask, Related searches, AI overview",informational,Organic
sicheres wordpress hosting,14,14,40,50,0.00,https://wpvip.com/blog/secure-wordpress-hosting/,0,0,0.00,0,135000,"52, 100, 64, 11, 11, 11, 11, 0, 0, 11, 11, 5",2026-06-14,"Sitelinks, Reviews, Video, Video Carousel, People also ask, Related searches, Discussions and forums, AI overview",informational,Organic
scaling wordpress,1,1,50,22,0.00,https://wpvip.com/,0,0,0.00,0.06,105,"18, 18, 63, 18, 63, 36, 36, 36, 45, 81, 81, 100",2026-07-18,"Sitelinks, Reviews, Video, Video Carousel, People also ask, Discussions and forums, AI overview",informational,AI overview
scaling wordpress,11,11,50,22,0.00,https://wpvip.com/blog/wordpress-scalability/,0,0,0.00,0.06,105,"18, 18, 63, 18, 63, 36, 36, 36, 45, 81, 81, 100",2026-07-18,"Sitelinks, Reviews, Video, Video Carousel, People also ask, Discussions and forums, AI overview",informational,Organic
scaling wordpress,51,51,50,22,0.00,https://wpvip.com/blog/scaling-wordpress-for-high-traffic/,0,0,0.00,0.06,105,"18, 18, 63, 18, 63, 36, 36, 36, 45, 81, 81, 100",2026-07-18,"Sitelinks, Reviews, Video, Video Carousel, People also ask, Discussions and forums, AI overview",informational,Organic
enterprise video content publishing,38,38,40,24,0.00,https://wpvip.com/blog/enterprise-content-management-strategy/,0,0,0.00,0.33,139,"4, 4, 14, 14, 14, 14, 100, 14, 14, 9, 9, 9",2026-07-17,"Sitelinks, Reviews, Video, People also ask, AI overview",informational,Organic
wp xmlrpc,15,15,90,33,8.54,https://docs.wpvip.com/security-controls/wordpress/xml-rpc/,0,0,0.00,0.04,130,"28, 78, 78, 78, 100, 100, 78, 14, 64, 7, 50, 64",2026-07-09,"Sitelinks, Reviews, People also ask, Related searches, AI overview",informational,Organic
dns time to live,18,18,210,43,2.61,https://docs.wpvip.com/domains/check-dns-record-time-to-live/,0,0,0.00,0.01,127,"36, 36, 29, 54, 29, 19, 29, 23, 23, 19, 19, 36",2026-06-09,"Sitelinks, Video, Video Carousel, People also ask, Related searches, AI overview",informational,Organic
dns time to live,19,19,210,43,2.61,https://docs.wpvip.com/domains/check-dns-record-time-to-live/,0,0,0.00,0.01,127,"36, 36, 29, 54, 29, 19, 29, 23, 23, 19, 19, 36",2026-06-09,"Sitelinks, Video, Video Carousel, People also ask, Related searches, AI overview",informational,Organic
wordpress api rest,21,21,50,45,4.33,https://wpvip.com/glossary/wordpress-rest-api-for-the-enterprise/,0,0,0.00,0.04,103,"6, 6, 6, 43, 6, 4, 29, 0, 8, 2, 22, 0",2026-06-10,"Sitelinks, Video, Video Carousel, People also ask, Related searches, Discussions and forums, AI overview",navigational,Organic
open source software benefits,1,1,90,31,0.00,https://wpvip.com/blog/how-open-source-software-benefits-businesses/,0,0,0.00,0.33,124,"100, 100, 52, 42, 42, 52, 52, 4, 14, 33, 33, 23",2026-06-04,"Video, Video Carousel, People also ask, Related searches, Discussions and forums, AI overview",informational,AI overview
open source software benefits,13,13,90,31,0.00,https://wpvip.com/blog/how-open-source-software-benefits-businesses/,0,0,0.00,0.33,124,"100, 100, 52, 42, 42, 52, 52, 4, 14, 33, 33, 23",2026-06-04,"Video, Video Carousel, People also ask, Related searches, Discussions and forums, AI overview",informational,Organic
wordpress with composer,24,24,50,37,0.00,https://docs.wpvip.com/code-deployment/github-repository/composer/,0,0,0.00,0.04,105,"63, 45, 63, 63, 45, 63, 63, 18, 18, 18, 100, 18",2026-07-11,"Sitelinks, Reviews, Video, Related searches, AI overview",informational,Organic
what is enterprise content management,38,38,720,49,7.28,https://wpvip.com/blog/enterprise-content-management-strategy/,0,0,0.00,0.01,193,"30, 45, 36, 30, 100, 81, 45, 55, 45, 24, 45, 45",2026-07-13,"Sitelinks, Reviews, Video, People also ask, Related searches, AI overview",informational,Organic
ai in cms,13,13,30,55,10.50,https://wpvip.com/blog/ai-cms/,0,0,0.00,0.29,91,"22, 22, 22, 22, 22, 22, 44, 22, 44, 33, 44, 22",2026-07-20,"Sitelinks, Reviews, Video, Video Carousel, Related searches, AI overview",informational,Organic
script injection,15,15,170,33,0.00,https://wpvip.com/blog/injection-vulnerabilities/,0,0,0.00,0.33,136,"53, 43, 43, 53, 53, 53, 65, 65, 53, 53, 53, 65",2026-06-16,"Sitelinks, Reviews, Video, People also ask, Related searches, Discussions and forums, AI overview",informational,Organic
gdpr and wordpress,14,14,110,20,7.26,https://wpvip.com/vip-and-the-gdpr/,0,0,0.00,0.03,139,"42, 66, 33, 42, 23, 66, 66, 42, 52, 52, 33, 100",2026-06-17,"Sitelinks, Reviews, Video, Video Carousel, People also ask, Related searches, AI overview",informational,Organic
core web vitals types,54,54,90,56,0.00,https://wpvip.com/glossary/core-web-vitals/,0,0,0.00,0.33,133,"11, 11, 100, 82, 41, 11, 100, 0, 11, 100, 41, 64",2026-06-30,"Sitelinks, Reviews, Video, Video Carousel, People also ask, Related searches, AI overview",informational,Organic
woocommerce logs,37,37,50,20,0.00,https://docs.wpvip.com/plugins/woocommerce/woocommerce-debug-logging/,0,0,0.00,0.01,109,"21, 2, 2, 2, 5, 5, 7, 5, 2, 7, 5, 7",2026-06-04,"Sitelinks, Video, People also ask, Related searches, AI overview",informational,Organic
sitecore wordpress migration,1,1,70,1,0.00,https://wpvip.com/resource/sitecore-vs-wordpress-vip/,0,0,0.00,0,106,"18, 18, 100, 100, 81, 63, 63, 63, 45, 36, 36, 45",2026-07-13,"Reviews, Video, Discussions and forums, AI overview",informational,AI overview
sitecore wordpress migration,31,31,70,1,0.00,https://wpvip.com/resource/sitecore-vs-wordpress-vip/,0,0,0.00,0,106,"18, 18, 100, 100, 81, 63, 63, 63, 45, 36, 36, 45",2026-07-13,"Reviews, Video, Discussions and forums, AI overview",informational,Organic
evaluate the prompt expansion company vertafore on headless cms,23,23,40,20,0.00,https://wpvip.com/resources/ebooks/headless-cms-guide/,0,0,0.00,0,1730,"55, 100, 44, 22, 44, 22, 11, 22",2026-07-12,"Reviews, Video, People also ask, Related searches, AI overview",informational,Organic
storifyme,3,3,70,27,0.00,https://customerhub.wpvip.com/lobby/2018/04/23/reminder-access-to-storify-ends-may-16-2018/,0,0,0.00,0.01,0,"2, 5, 17, 17, 5, 100, 5, 5, 5, 5, 5, 5",2026-07-01,"Sitelinks, Reviews, People also ask, Related searches",navigational,People also ask
forrester b2b summit 2026,13,13,210,24,4.93,https://wpvip.com/event/forrester-b2b-summit-2026/,0,0,0.00,0.23,106,"1, 3, 1, 1, 1, 1, 1, 10, 24, 20, 45, 100",2026-07-03,"Sitelinks, Video, People also ask, Related searches",navigational,Organic
information architecture of a website,25,25,30,58,6.12,https://wpvip.com/blog/website-information-architecture/,0,0,0.00,0.1,165,"29, 5, 5, 11, 17, 5, 5, 5, 100, 0, 0, 5",2026-06-24,"Sitelinks, Video, People also ask, Related searches, AI overview","commercial, informational",Organic
information architecture of a website,36,36,30,58,6.12,https://wpvip.com/blog/website-information-architecture/,0,0,0.00,0.1,165,"29, 5, 5, 11, 17, 5, 5, 5, 100, 0, 0, 5",2026-06-24,"Sitelinks, Video, People also ask, Related searches, AI overview","commercial, informational",Organic
enterprise wordpress design,12,12,50,8,0.00,https://wpvip.com/,0,0,0.00,0,135,"11, 55, 77, 77, 100, 55, 44, 55, 44, 33, 55",2026-06-30,"Sitelinks, Reviews, Video, Video Carousel, People also ask, Related searches, AI overview",informational,Organic
enterprise wordpress design,38,38,50,8,0.00,https://wpvip.com/blog/best-practices-for-building-an-enterprise-wordpress-website/,0,0,0.00,0,135,"11, 55, 77, 77, 100, 55, 44, 55, 44, 33, 55",2026-06-30,"Sitelinks, Reviews, Video, Video Carousel, People also ask, Related searches, AI overview",informational,Organic
web analytics sites,28,28,30,44,9.31,https://wpvip.com/blog/web-analytics-software-tools/,0,0,0.00,0.15,130,"14, 14, 4, 9, 4, 4, 66, 19, 4, 0, 42, 0",2026-06-14,"Sitelinks, Video, Ads top, Video Carousel, Related searches, Discussions and forums, Ads middle, AI overview",informational,Organic
what is a headless wordpress setup and its benefits,11,11,90,20,0.00,https://wpvip.com/blog/headless-vs-hybrid-wordpress/,0,0,0.00,0,150,"17, 17, 100, 100, 82, 52, 52, 41, 52, 41",2026-07-12,"Sitelinks, Reviews, Video, Video Carousel, People also ask, Related searches, Discussions and forums, AI overview",informational,Organic
what is a headless wordpress setup and its benefits,51,51,90,20,0.00,https://wpvip.com/resource/headless-cms-guide/,0,0,0.00,0,150,"17, 17, 100, 100, 82, 52, 52, 41, 52, 41",2026-07-12,"Sitelinks, Reviews, Video, Video Carousel, People also ask, Related searches, Discussions and forums, AI overview",informational,Organic
what is a headless wordpress setup and its benefits,58,58,90,20,0.00,https://wpvip.com/resource/headless-cms-guide/,0,0,0.00,0,150,"17, 17, 100, 100, 82, 52, 52, 41, 52, 41",2026-07-12,"Sitelinks, Reviews, Video, Video Carousel, People also ask, Related searches, Discussions and forums, AI overview",informational,Organic
kryterion support,9,9,90,34,0.00,https://learn.wpvip.com/certification/help/,0,0,0.00,0.02,0,"43, 35, 35, 53, 17, 12, 17, 12, 10, 12, 5, 7",2026-06-11,"Sitelinks, Reviews, Video, Related searches",navigational,Organic
best blog wordcount,8,8,40,36,0.00,https://wpvip.com/blog/ideal-word-count/,0,0,0.00,0,151,"9, 18, 9, 45, 45, 63, 45, 81, 100, 27, 9, 0",2026-06-08,"Sitelinks, Video, Video Carousel, People also ask, Related searches, AI overview","commercial, informational",Organic
wordpress search query optimization techniques,40,40,90,23,0.00,https://wpvip.com/blog/wp-query-performance/,0,0,0.00,0,131,"100, 0, 0, 2, 4, 0",2026-07-13,"Sitelinks, Reviews, Video, Video Carousel, Related searches, AI overview",informational,Organic
wordpress search query optimization techniques,85,85,90,23,0.00,https://wpvip.com/blog/wp-query-performance/,0,0,0.00,0,131,"100, 0, 0, 2, 4, 0",2026-07-13,"Sitelinks, Reviews, Video, Video Carousel, Related searches, AI overview",informational,Organic
omni channel content management,15,15,50,21,0.00,https://wpvip.com/blog/omnichannel-content-management/,0,0,0.00,0.01,130,"78, 78, 14, 35, 35, 14, 14, 14, 21, 14, 14, 50",2026-06-03,"Sitelinks, Video, Video Carousel, People also ask, Related searches, AI overview",informational,Organic
gutenburg wordpress,7,7,50,63,2.34,https://wpvip.com/wordpress-gutenberg/,0,0,0.00,0.17,108,"4, 6, 22, 4, 4, 2, 35, 0, 29, 0, 0, 2",2026-06-06,"Sitelinks, Video, Ads bottom, Video Carousel, People also ask, Related searches, AI overview",informational,Organic
gutenburg wordpress,17,17,50,63,2.34,https://wpvip.com/glossary/wordpress-gutenberg-block-editor/,0,0,0.00,0.17,108,"4, 6, 22, 4, 4, 2, 35, 0, 29, 0, 0, 2",2026-06-06,"Sitelinks, Video, Ads bottom, Video Carousel, People also ask, Related searches, AI overview",informational,Organic
gutenburg wordpress,31,31,50,63,2.34,https://wpvip.com/glossary/wordpress-gutenberg-block-editor/,0,0,0.00,0.17,108,"4, 6, 22, 4, 4, 2, 35, 0, 29, 0, 0, 2",2026-06-06,"Sitelinks, Video, Ads bottom, Video Carousel, People also ask, Related searches, AI overview",informational,Organic
cdn wordpress,27,27,110,25,5.78,https://wpvip.com/glossary/content-delivery-networks-cdns/,0,0,0.00,0.17,129,"15, 28, 43, 21, 28, 53, 12, 15, 43, 53, 21, 100",2026-06-14,"Sitelinks, Reviews, Video, Video Carousel, People also ask, Related searches, AI overview",informational,Organic
cdn for wordpress,14,14,90,22,8.83,https://wpvip.com/blog/wordpress-cdn/,0,0,0.00,0.22,128,"28, 43, 15, 43, 15, 34, 21, 12, 9, 21, 34, 43",2026-06-27,"Sitelinks, Reviews, Video, Video Carousel, People also ask, Related searches, AI overview","commercial, informational",Organic
wordpress db backup,4,4,40,23,0.77,https://docs.wpvip.com/databases/backups/,0,0,0.00,0.06,105,"100, 100, 57, 100, 100, 100, 57, 42, 28, 28, 28, 28",2026-07-10,"Sitelinks, Reviews, Video, Video Carousel, People also ask, Related searches, Discussions and forums, AI overview",informational,Organic
wordpress and cdn,9,9,110,29,5.78,https://wpvip.com/blog/wordpress-cdn/,0,0,0.00,0.17,130,"42, 100, 66, 33, 42, 42, 52, 42, 52, 33, 33, 42",2026-06-24,"Sitelinks, Reviews, Video, Video Carousel, People also ask, Related searches, AI overview",informational,Organic
persistent object cache wordpress,7,7,40,5,3.82,https://docs.wpvip.com/caching/object-cache/,0,0,0.00,0.11,102,"27, 36, 36, 63, 36, 45, 36, 36, 36, 27, 27, 27",2026-06-13,"Sitelinks, Reviews, Video, Video Carousel, People also ask, Related searches, AI overview",informational,Organic
connatix.com what is it,36,36,70,8,10.84,https://wpvip.com/partner/connatix/,0,0,0.00,0.05,108,"100, 22, 55, 100, 100, 100, 77, 77, 55, 100, 77, 77",2026-06-07,"Sitelinks, Video, People also ask, AI overview",informational,Organic
json api wp,16,16,70,34,0.00,https://docs.wpvip.com/wordpress-on-vip/wordpress-rest-api/,0,0,0.00,0.01,138,"50, 64, 50, 35, 50, 78, 50, 50, 50, 50, 50, 50",2026-06-05,"Sitelinks, Video, Video Carousel, People also ask, Related searches, Discussions and forums, AI overview",informational,Organic
omnichannel digitalization,21,21,70,30,7.85,https://wpvip.com/blog/omnichannel-digital-experiences-cms-composable/,0,0,0.00,0.09,2120000,"21, 81, 34, 15, 15, 12, 0, 6, 12, 6, 9, 9",2026-06-27,"Sitelinks, Reviews, Video, Video Carousel, People also ask, Related searches, AI overview",informational,Organic
connatix company official website,19,19,90,14,0.00,https://wpvip.com/partner/connatix/,0,0,0.00,0,113,"43, 15, 43, 15, 0, 0, 0, 81, 12, 21, 100",2026-06-02,"Sitelinks, Video, People also ask, Related searches, AI overview",informational,Organic
onecognizant cognizant com,80,80,320,16,0.00,https://wpvip.com/partner/cognizant-digital-experience/,0,0,0.00,0.33,12100,"44, 81, 81, 100, 81, 66, 44, 28, 35, 54, 44, 0",2026-06-13,"Reviews, Video, People also ask",navigational,Organic
onecognizant cognizant com,83,83,320,16,0.00,https://wpvip.com/partner/cognizant-digital-experience/,0,0,0.00,0.33,12100,"44, 81, 81, 100, 81, 66, 44, 28, 35, 54, 44, 0",2026-06-13,"Reviews, Video, People also ask",navigational,Organic
pim examples,7,7,70,16,3.36,https://wpvip.com/blog/pim-benefits-and-use-cases/,0,0,0.00,0.19,124,"28, 28, 71, 100, 71, 100, 100, 100, 100, 100, 100, 100",2026-06-28,"Image pack, Sitelinks, Reviews, Video, Image, Video Carousel, People also ask, Related searches, Discussions and forums, AI overview",informational,Organic
enterprise content management strategies,15,15,90,26,14.24,https://wpvip.com/blog/enterprise-content-management-strategy/,0,0,0.00,0.04,138,"35, 21, 64, 100, 64, 78, 100, 78, 78, 50, 78, 64",2026-06-26,"Reviews, Video, Video Carousel, People also ask, Related searches, AI overview",informational,Organic
headless wordpres,7,7,40,35,15.67,https://wpvip.com/resource/headless-cms-guide/,0,0,0.00,0.25,106,"3, 3, 21, 9, 6, 0, 0, 0, 0, 0, 100, 3",2026-07-12,"Sitelinks, Video, Ads bottom, Video Carousel, People also ask, Related searches, Discussions and forums, AI overview",informational,Organic
content security policy best practices,13,13,90,36,6.80,https://wpvip.com/blog/content-security-policy-guide/,0,0,0.00,0.14,131,"78, 100, 64, 64, 50, 100, 100, 64, 35, 35, 50, 14",2026-06-04,"Sitelinks, Video, People also ask, Related searches, Discussions and forums, AI overview",commercial,Organic
wordpress plugin repository,5,5,90,46,0.00,https://docs.wpvip.com/wordpress-skeleton/plugins-directory/,0,0,0.00,0.03,105,"23, 23, 28, 28, 23, 17, 17, 17, 17, 17, 28, 23",2026-07-17,"Sitelinks, Video, Video Carousel, People also ask, Related searches",navigational,People also ask
how to build a headless cms,5,5,50,20,0.00,https://wpvip.com/resource/headless-cms-guide/,0,0,0.00,0.13,140,"18, 18, 100, 100, 45, 18, 18, 18, 100, 63, 45, 36",2026-06-30,"Sitelinks, Reviews, Video, Video Carousel, Related searches, Discussions and forums, AI overview",informational,Organic
connatix,23,23,590,29,20.82,https://wpvip.com/partner/connatix/,0,0,0.00,0.26,98,"45, 45, 45, 45, 36, 30, 30, 30, 24, 30, 24, 24",2026-05-31,"Video, Ads bottom, Video Carousel, People also ask, Related searches, Ads middle, AI overview",informational,Organic
wordpress security audit,7,7,210,19,13.73,https://docs.wpvip.com/logs/audit-log/,0,0,0.00,0.05,96,"43, 34, 28, 81, 81, 34, 81, 65, 81, 100, 81, 53",2026-05-29,"Sitelinks, Ads top, Video Carousel, People also ask, Related searches, Ads middle, AI overview",informational,People also ask
ip address restriction,12,12,90,7,5.32,https://docs.wpvip.com/security-controls/ip-restrictions/,0,0,0.00,0.01,130,"52, 82, 82, 41, 0, 52, 29, 100, 11, 41, 64, 23",2026-06-13,"Video, Ads bottom, Video Carousel, People also ask, Related searches, AI overview",informational,Organic
a record ttl,11,11,50,31,0.00,https://docs.wpvip.com/domains/check-dns-record-time-to-live/,0,0,0.00,0.02,119,"4, 4, 4, 6, 4, 4, 81, 4, 4, 4, 4, 4",2026-06-02,"Sitelinks, Video, Video Carousel, People also ask, Related searches, AI overview",informational,Organic
wordpress 6.7 release news january 2026,15,15,50,18,0.00,https://customerhub.wpvip.com/platform-release-schedule/,0,0,0.00,0,658000,"100, 0, 0",2026-06-15,"Reviews, Video, People also ask, Related searches, AI overview",informational,Organic
wordpress 6.7 release news january 2026,62,62,50,18,0.00,https://customerhub.wpvip.com/lobby/2024/11/12/now-available-wordpress-6-7/,0,0,0.00,0,658000,"100, 0, 0",2026-06-15,"Reviews, Video, People also ask, Related searches, AI overview",informational,Organic
dns what is ttl,16,16,170,40,2.61,https://docs.wpvip.com/domains/check-dns-record-time-to-live/,0,0,0.00,0.01,117,"10, 10, 7, 2, 5, 5, 20, 3, 0, 10, 0, 0",2026-05-31,"Sitelinks, Video, Video Carousel, People also ask, Related searches, Short videos, AI overview",informational,Organic
e-commerce product tagging best practices,38,38,390,8,0.00,https://wpvip.com/blog/5-tagging-best-practices-content-strategy/,0,0,0.00,0,132,"0, 0, 0, 0, 0, 0, 0, 100, 0, 0, 0, 0",2026-07-06,"Sitelinks, Reviews, Video, Ads top, Ads bottom, Related searches, Discussions and forums",commercial,Organic
multisite wordpress,25,25,320,39,19.07,https://wpvip.com/glossary/wordpress-multisite/,0,0,0.00,0.3,105,"26, 26, 48, 11, 32, 48, 39, 11, 21, 48, 39, 17",2026-06-28,"Video, Video Carousel, People also ask, Related searches, AI overview",informational,Organic
multisite wordpress,47,47,320,39,19.07,https://docs.wpvip.com/wordpress-on-vip/multisites/,0,0,0.00,0.3,105,"26, 26, 48, 11, 32, 48, 39, 11, 21, 48, 39, 17",2026-06-28,"Video, Video Carousel, People also ask, Related searches, AI overview",informational,Organic
how to know if a site is wordpress,66,66,90,13,0.00,https://docs.wpvip.com/launch-a-site/testing-your-site/,0,0,0.00,0.02,154,"53, 53, 34, 34, 34, 42, 34, 34, 34, 26, 34, 42",2026-07-13,"Sitelinks, Reviews, Video, People also ask, Related searches, Discussions and forums, AI overview",informational,Organic
directory wp themes,1,1,110,40,2.99,https://docs.wpvip.com/wordpress-skeleton/themes-directory/,0,0,0.00,0.25,134,"100, 80, 66, 66, 0, 14, 0, 4, 80, 52, 100, 80",2026-07-08,"Sitelinks, Reviews, Video, Video Carousel, Related searches, Ads middle, AI overview",informational,AI overview
headless hosting,18,18,50,37,0.00,https://wpvip.com/headless-wordpress/,0,0,0.00,0.06,155,"14, 28, 50, 100, 78, 78, 14, 14, 14, 14, 14, 14",2026-06-22,"Sitelinks, Video, Ads bottom, Video Carousel, People also ask, Related searches, Discussions and forums, AI overview",informational,Organic
wp_remote_post,18,18,90,16,0.00,https://docs.wpvip.com/databases/optimize-queries/retrieving-remote-data/,0,0,0.00,0.01,108,"34, 21, 28, 53, 21, 21, 28, 21, 21, 21, 15, 6",2026-06-09,"Sitelinks, Video, Related searches, AI overview",informational,Organic
wp_remote_post,21,21,90,16,0.00,https://docs.wpvip.com/databases/optimize-queries/retrieving-remote-data/,0,0,0.00,0.01,108,"34, 21, 28, 53, 21, 21, 28, 21, 21, 21, 15, 6",2026-06-09,"Sitelinks, Video, Related searches, AI overview",informational,Organic
digital river company,28,28,140,35,6.85,https://wpvip.com/blog/six-questions-with-digital-river/,0,0,0.00,0.01,109,"1, 0, 1, 0, 0, 0, 0, 0, 0, 13, 16, 0",2026-07-15,"Sitelinks, Reviews, Video, People also ask, Related searches, Things to know, AI overview","commercial, informational",Organic
digital river company,30,30,140,35,6.85,https://wpvip.com/blog/six-questions-with-digital-river/,0,0,0.00,0.01,109,"1, 0, 1, 0, 0, 0, 0, 0, 0, 13, 16, 0",2026-07-15,"Sitelinks, Reviews, Video, People also ask, Related searches, Things to know, AI overview","commercial, informational",Organic
wpengine php 8,26,26,50,27,0.00,https://wpvip.com/blog/how-to-prepare-your-wordpress-site-for-php-8/,0,0,0.00,0.33,113,"18, 18, 63, 45, 63, 63, 63, 63, 63, 45, 63, 45",2026-07-09,"Sitelinks, Reviews, Video, People also ask, Related searches, AI overview",informational,Organic
content taxonomy,14,14,140,41,0.00,https://wpvip.com/blog/content-taxonomy-setup/,0,0,0.00,0.01,133,"52, 66, 80, 80, 80, 66, 80, 80, 100, 66, 52, 80",2026-06-01,"Sitelinks, Video, Video Carousel, People also ask, Related searches, AI overview",informational,Organic
content taxonomy,20,20,140,41,0.00,https://wpvip.com/blog/content-taxonomy-setup/,0,0,0.00,0.01,133,"52, 66, 80, 80, 80, 66, 80, 80, 100, 66, 52, 80",2026-06-01,"Sitelinks, Video, Video Carousel, People also ask, Related searches, AI overview",informational,Organic
register block,16,16,70,29,0.49,https://wpvip.com/blog/block-json-server-side-registration/,0,0,0.00,0.19,117,"82, 17, 23, 17, 41, 41, 29, 100, 23, 41, 11, 29",2026-06-10,"Image pack, Sitelinks, Video, Video Carousel, People also ask, Related searches","navigational, transactional",Organic
best enterprise cms,21,21,170,26,24.88,https://wpvip.com/blog/10-best-enterprise-content-management-systems/?itm_source=parsely-api,0,0,0.00,0.05,151,"28, 43, 43, 65, 100, 53, 53, 28, 43, 81, 53, 34",2026-06-22,"Sitelinks, Reviews, Video, People also ask, Related searches, Discussions and forums, AI overview",commercial,Organic
best enterprise cms,43,43,170,26,24.88,https://wpvip.com/blog/10-best-enterprise-content-management-systems/,0,0,0.00,0.05,151,"28, 43, 43, 65, 100, 53, 53, 28, 43, 81, 53, 34",2026-06-22,"Sitelinks, Reviews, Video, People also ask, Related searches, Discussions and forums, AI overview",commercial,Organic
vips-tools,12,12,30,12,2.63,https://wpvip.com/blog/media-audience-loyalty-tools/,0,0,0.00,0.03,104,"0, 100, 0, 0, 0, 0, 0, 0, 0, 0, 0, 0",2026-06-24,"Reviews, Video, People also ask, Related searches",informational,Organic
wordpress apis,5,5,30,43,6.33,https://docs.wpvip.com/wordpress-on-vip/wordpress-rest-api/,0,0,0.00,0.08,110,"0, 0, 0, 0, 80, 0, 0, 53, 0, 0, 0, 0",2026-07-12,"Knowledge panel, Sitelinks, Reviews, Video, Video Carousel, People also ask, Related searches, Things to know",informational,Organic
wordpress apis,19,19,30,43,6.33,https://wpvip.com/glossary/api/,0,0,0.00,0.08,110,"0, 0, 0, 0, 80, 0, 0, 53, 0, 0, 0, 0",2026-07-12,"Knowledge panel, Sitelinks, Reviews, Video, Video Carousel, People also ask, Related searches, Things to know",informational,Organic
wordpress multisite domain mapping,49,49,90,20,0.00,https://docs.wpvip.com/domains/multiple-domains/,0,0,0.00,0.04,108,"7, 15, 19, 11, 65, 65, 80, 19, 19, 100, 19, 19",2026-06-07,"Sitelinks, Video, Video Carousel, Related searches",informational,Organic
google search central descriptive urls best practices 2026,98,98,140,32,0.00,https://wpvip.com/blog/ada-website-accessibility-deadline-2026/,0,0,0.00,0,164,100,2026-07-14,"Reviews, Video, Related searches, AI overview",commercial,Organic
current ada standards for accessible design 2026,90,90,210,45,0.00,https://wpvip.com/blog/ada-website-accessibility-deadline-2026/,0,0,0.00,0,174,"10, 100",2026-07-16,"Reviews, Video, Video Carousel, People also ask, Related searches, AI overview",informational,Organic
wordpress 6.7 release october 2025,64,64,140,19,0.00,https://customerhub.wpvip.com/platform-release-schedule/,0,0,0.00,0,786000,"100, 0, 0, 0, 0, 0",2026-06-19,"Video, Video Carousel, People also ask, Related searches, AI overview",informational,Organic
what are the core web vitals,62,62,140,69,3.21,https://wpvip.com/glossary/core-web-vitals/,0,0,0.00,0.13,199,"28, 35, 82, 82, 35, 5, 82, 5, 5, 5, 12, 17",2026-07-07,"Sitelinks, Video, Ads bottom, People also ask, Related searches, Short videos, AI overview",informational,Organic
evaluate the martech company wordpress on digital and programmatic advertising,14,14,70,7,0.00,https://wpvip.com/resource/martech-trends/,0,0,0.00,0,204000,"64, 0, 0, 100, 82, 82, 52, 52, 23, 17, 23, 11",2026-06-11,"Sitelinks, Video, AI overview",informational,Organic
wordpress 6.7 release december 2025,19,19,50,31,0.00,https://customerhub.wpvip.com/platform-release-schedule/,0,0,0.00,0,109,"100, 0, 0, 0, 0",2026-07-11,"Reviews, Video, People also ask, Related searches, AI overview",informational,Organic
wordpress 6.7 release december 2025,43,43,50,31,0.00,https://customerhub.wpvip.com/platform-release-schedule/,0,0,0.00,0,109,"100, 0, 0, 0, 0",2026-07-11,"Reviews, Video, People also ask, Related searches, AI overview",informational,Organic
plus vip,20,20,70,10,0.00,https://wpvip.com/,0,0,0.00,0.01,105,"33, 33, 33, 19, 33, 33, 33, 33, 42, 42, 52, 33",2026-06-16,"Sitelinks, Reviews, People also ask, Related searches, AI overview",informational,Organic
wordpress self hosting,9,9,260,22,7.83,https://wpvip.com/blog/self-hosted-wordpress/,0,0,0.00,0.38,150,"100, 23, 15, 15, 29, 19, 29, 54, 23, 29, 66, 15",2026-05-31,"Sitelinks, Video, Video Carousel, People also ask, Related searches, AI overview",informational,Organic
wordpress accessibility,16,16,320,36,3.81,https://wpvip.com/blog/wordpress-accessibility/,0,0,0.00,0.5,106,"54, 43, 35, 100, 81, 66, 35, 81, 81, 100, 81, 54",2026-06-10,"Video, Ads bottom, Video Carousel, People also ask, Related searches, AI overview",informational,Organic
wordpress 6.7 release date news october 2025,10,10,170,12,0.00,https://wpvip.com/blog/wordpress-6-7/,0,0,0.00,0,611000,"100, 2, 0, 0, 0, 0",2026-06-19,"Sitelinks, Reviews, Video, People also ask, Related searches, AI overview",informational,Organic
wordpress 6.7 release date news october 2025,40,40,170,12,0.00,https://customerhub.wpvip.com/platform-release-schedule/,0,0,0.00,0,611000,"100, 2, 0, 0, 0, 0",2026-06-19,"Sitelinks, Reviews, Video, People also ask, Related searches, AI overview",informational,Organic
wordpress 6.7 release date news october 2025,75,75,170,12,0.00,https://customerhub.wpvip.com/platform-release-schedule/,0,0,0.00,0,611000,"100, 2, 0, 0, 0, 0",2026-06-19,"Sitelinks, Reviews, Video, People also ask, Related searches, AI overview",informational,Organic
level access platform,2,2,30,29,25.07,https://wpvip.com/partner/level-access/,0,0,0.00,0.52,157,"40, 80, 80, 100, 100, 40, 60, 60, 60, 40, 60, 40",2026-06-26,"Image pack, Sitelinks, Reviews, Video, People also ask, Related searches, Discussions and forums",navigational,Image pack
www.wp,50,50,70,99,0.00,https://wpvip.com/,0,0,0.00,0.33,4810000000,"8, 0, 0, 0, 1, 3, 0, 0, 1, 0, 0, 0",2026-06-21,"Reviews, Video, People also ask",commercial,Organic
www.wp,55,55,70,99,0.00,https://wpvip.com/,0,0,0.00,0.33,4810000000,"8, 0, 0, 0, 1, 3, 0, 0, 1, 0, 0, 0",2026-06-21,"Reviews, Video, People also ask",commercial,Organic
www.wp,61,61,70,99,0.00,https://wpvip.com/,0,0,0.00,0.33,4810000000,"8, 0, 0, 0, 1, 3, 0, 0, 1, 0, 0, 0",2026-06-21,"Reviews, Video, People also ask",commercial,Organic
rtcamp,9,9,110,34,47.37,https://wpvip.com/partner/rtcamp/,0,0,0.00,0.06,133,"28, 6, 34, 28, 34, 43, 43, 65, 43, 34, 43, 43",2026-07-18,"Knowledge panel, Sitelinks, Reviews, Video, People also ask, Related searches",navigational,Organic
rtcamp,33,33,110,34,47.37,https://wpvip.com/blog/rtcamp-interview-wordpress/,0,0,0.00,0.06,133,"28, 6, 34, 28, 34, 43, 43, 65, 43, 34, 43, 43",2026-07-18,"Knowledge panel, Sitelinks, Reviews, Video, People also ask, Related searches",navigational,Organic
response headers,27,27,90,55,0.00,https://docs.wpvip.com/caching/page-cache/http-headers/,0,0,0.00,0.33,125,"15, 3, 12, 5, 10, 15, 10, 10, 19, 15, 10, 10",2026-07-17,"Sitelinks, Video, People also ask, Related searches, AI overview",informational,Organic
response headers,30,30,90,55,0.00,https://docs.wpvip.com/caching/page-cache/http-headers/,0,0,0.00,0.33,125,"15, 3, 12, 5, 10, 15, 10, 10, 19, 15, 10, 10",2026-07-17,"Sitelinks, Video, People also ask, Related searches, AI overview",informational,Organic
index of wp content uploads,1,1,170,0,0.00,https://docs.wpvip.com/vip-file-system/modify-uploads-directory/,0,0,0.00,0.33,167,"36, 23, 19, 36, 29, 23, 19, 23, 19, 19, 19, 15",2026-07-19,"Related searches, AI overview",informational,AI overview
what is onesignal,22,22,110,22,0.00,https://wpvip.com/blog/six-questions-with-onesignal-on-using-push-notifications-to-keep-customers-engaged/,0,0,0.00,0.01,101,"64, 41, 29, 41, 41, 100, 100, 23, 64, 52, 82, 64",2026-07-19,"Sitelinks, Reviews, Video, Video Carousel, People also ask, Related searches, AI overview","informational, navigational",Organic
wordpress enterprise development agency,16,16,90,12,13.29,https://wpvip.com/,0,0,0.00,0.1,157,"35, 14, 100, 100, 64, 50, 64, 64, 78, 64, 35, 35",2026-06-29,"Sitelinks, Reviews, Video, Related searches, AI overview",informational,Organic
wordpress enterprise development agency,38,38,90,12,13.29,https://wpvip.com/blog/best-practices-for-building-an-enterprise-wordpress-website/,0,0,0.00,0.1,157,"35, 14, 100, 100, 64, 50, 64, 64, 78, 64, 35, 35",2026-06-29,"Sitelinks, Reviews, Video, Related searches, AI overview",informational,Organic
wordpress enterprise development agency,73,73,90,12,13.29,https://wpvip.com/wp-content/uploads/2021/01/10-case-studies-enterprise-wordpress.pdf,0,0,0.00,0.1,157,"35, 14, 100, 100, 64, 50, 64, 64, 78, 64, 35, 35",2026-06-29,"Sitelinks, Reviews, Video, Related searches, AI overview",informational,Organic
plugin uri wordpress,14,14,140,19,0.00,https://docs.wpvip.com/wordpress-skeleton/plugins-directory/,0,0,0.00,0,106,"0, 2, 100, 0, 0, 14, 0, 14, 11, 0, 14, 0",2026-07-17,"Sitelinks, Reviews, Video Carousel, People also ask, Related searches",informational,Organic
best web analytics platforms for businesses 2025,18,18,40,27,0.00,https://wpvip.com/blog/web-analytics-software-tools/,0,0,0.00,0,178,"100, 57, 0",2026-05-27,"Sitelinks, Video, Related searches, AI overview",commercial,Organic
wordpress pim,38,38,40,2,0.00,https://wpvip.com/blog/pim-benefits-and-use-cases/,0,0,0.00,0.5,135,"28, 28, 28, 42, 57, 71, 71, 100, 100, 100, 57, 42",2026-06-24,"Sitelinks, Reviews, Video, People also ask, AI overview",informational,Organic
wordpress pim,61,61,40,2,0.00,https://wpvip.com/,0,0,0.00,0.5,135,"28, 28, 28, 42, 57, 71, 71, 100, 100, 100, 57, 42",2026-06-24,"Sitelinks, Reviews, Video, People also ask, AI overview",informational,Organic
wordpress scam,25,25,70,2,0.00,https://docs.wpvip.com/security/phishing/,0,0,0.00,0.01,132,"14, 14, 14, 14, 14, 78, 78, 100, 14, 14, 78, 78",2026-07-09,"Sitelinks, Video, Video Carousel, People also ask, Related searches, Discussions and forums, AI overview",informational,Organic
headless wordpress website agency,44,44,90,3,0.00,https://wpvip.com/headless-wordpress/,0,0,0.00,0.33,157,"78, 50, 50, 100, 100, 50, 14, 28, 64, 78, 50, 50",2026-06-15,"Sitelinks, Reviews, Video, Video Carousel, AI overview",informational,Organic
wordpress website personalization,34,34,110,18,0.00,https://wpvip.com/blog/dynamic-content-personalization/,0,0,0.00,0.33,111,"17, 29, 82, 100, 82, 100, 100, 82, 64, 41, 52, 52",2026-06-26,"Sitelinks, Video, Video Carousel, People also ask, Related searches, AI overview",informational,Organic
pim definition,88,88,260,28,2.77,https://wpvip.com/glossary/product-information-management/,0,0,0.00,0.04,130,"44, 23, 44, 35, 35, 44, 35, 66, 54, 28, 28, 35",2026-07-02,"Reviews, Video, Video Carousel, People also ask, Related searches, AI overview",informational,Organic
pim definition,93,93,260,28,2.77,https://wpvip.com/glossary/product-information-management/,0,0,0.00,0.04,130,"44, 23, 44, 35, 35, 44, 35, 66, 54, 28, 28, 35",2026-07-02,"Reviews, Video, Video Carousel, People also ask, Related searches, AI overview",informational,Organic
disney ddac,26,26,40,13,0.00,https://wpvip.com/event/ddac24/,0,0,0.00,0.21,166,"18, 18, 18, 18, 100, 100, 18, 18, 18, 18, 18, 18",2026-06-10,"Sitelinks, Video, Ads bottom, Video Carousel, People also ask, Related searches, Short videos","informational, navigational",Organic
wordpress hosting with soc2 compliance,1,1,70,4,0.00,https://wpvip.com/blog/soc2-type1-attestation/,0,0,0.00,0,164,"18, 18, 63, 81, 81, 100, 100, 81, 63, 63, 36, 63",2026-06-30,"Sitelinks, Video, Ads bottom, Related searches, Ads middle, AI overview",informational,AI overview
wordpress 7.0 release date features 2026,24,24,40,13,0.00,https://customerhub.wpvip.com/lobby/2026/04/23/wordpress-7-0-new-release-timeline/,0,0,0.00,0,99,"28, 100, 28",2026-07-11,"Sitelinks, Video, Related searches, AI overview",informational,Organic
decoupled wordpress,43,43,40,6,0.00,https://wpvip.com/blog/headless-wordpress-tradeoffs/,0,0,0.00,0.33,126,"9, 9, 42, 33, 23, 9, 9, 9, 9, 33, 19, 9",2026-07-17,"Sitelinks, Reviews, Video, Video Carousel, AI overview",informational,Organic
product information management pim software,52,52,140,35,20.31,https://wpvip.com/blog/pim-benefits-and-use-cases/,0,0,0.00,0.01,161,"100, 3, 0, 3, 3, 2, 6, 10, 1, 1, 1, 1",2026-06-16,"Sitelinks, Reviews, Video, Ads bottom, Video Carousel, People also ask, Related searches, AI overview","commercial, informational",Organic
current wcag version 2026,72,72,50,67,0.00,https://wpvip.com/blog/ada-website-accessibility-deadline-2026/,0,0,0.00,0,138,"44, 100, 55, 44",2026-07-13,"Sitelinks, Reviews, Video, People also ask, Related searches, AI overview",informational,Organic
aeo in marketing,65,65,140,51,5.52,https://wpvip.com/blog/answer-engine-optimization-strategies/,0,0,0.00,0.53,132,"5, 12, 5, 5, 5, 12, 28, 53, 100, 82, 66, 82",2026-07-09,"Sitelinks, Reviews, Video, Video Carousel, People also ask, Related searches, AI overview",informational,Organic
wordpress hosting premium,63,63,40,89,24.62,https://wpvip.com/pricing/,0,0,0.00,0.03,133,"18, 18, 27, 45, 63, 45, 9, 9, 18, 27, 100, 9",2026-06-04,"Sitelinks, Video, Video Carousel, People also ask, Related searches, Discussions and forums",transactional,Organic
wordpress hosting premium,81,81,40,89,24.62,https://wpvip.com/blog/best-wordpress-hosting/,0,0,0.00,0.03,133,"18, 18, 27, 45, 63, 45, 9, 9, 18, 27, 100, 9",2026-06-04,"Sitelinks, Video, Video Carousel, People also ask, Related searches, Discussions and forums",transactional,Organic
scalable authoring,46,46,260,6,0.00,https://wpvip.com/blog/wordpress-scalability/,0,0,0.00,0.33,2830000,"5, 5, 3, 35, 44, 35, 66, 100, 100, 66, 35, 18",2026-06-24,"Reviews, Video Carousel",informational,Organic
best website traffic analysis tools,6,6,210,52,0.00,https://wpvip.com/blog/web-analytics-software-tools/,0,0,0.00,0.1,153,"43, 9, 65, 81, 100, 34, 28, 81, 81, 65, 65, 65",2026-06-28,"Sitelinks, Reviews, Video, Video Carousel, People also ask, Related searches, Discussions and forums, AI overview",commercial,People also ask
wordpress 6.9.4,12,12,70,,11.12,https://customerhub.wpvip.com/lobby/2026/03/11/wordpress-6-9-4-security-release/,0,0,0.00,0.03,95,"0, 0, 0, 0, 0, 0, 0, 0, 0, 0, 100, 54",2026-07-05,"Sitelinks, Video, Video Carousel, People also ask, AI overview",informational,Organic
guttenberg wordpress,23,23,50,56,2.44,https://wpvip.com/glossary/wordpress-gutenberg-block-editor/,0,0,0.00,0.21,107,"0, 19, 2, 1, 0, 0, 29, 0, 23, 0, 0, 2",2026-06-27,"Sitelinks, Reviews, Video, Video Carousel, People also ask, Related searches, AI overview",informational,Organic
http cache control header,23,23,40,44,0.00,https://docs.wpvip.com/caching/page-cache/customize-behavior/cache-control-headers/,0,0,0.00,0.33,115,"23, 14, 33, 23, 33, 9, 33, 14, 14, 19, 19, 4",2026-06-30,"Sitelinks, Video, Video Carousel, Related searches, Discussions and forums, AI overview",informational,Organic
mu plugin,7,7,40,37,0.00,https://docs.wpvip.com/vip-go-mu-plugins/,0,0,0.00,0.33,102,"100, 28, 14, 7, 7, 78, 0, 14, 14, 14, 7, 7",2026-06-17,"Sitelinks, Reviews, Video, Video Carousel, People also ask, Related searches, AI overview",informational,Organic
mu plugin,10,10,40,37,0.00,https://docs.wpvip.com/vip-go-mu-plugins/,0,0,0.00,0.33,102,"100, 28, 14, 7, 7, 78, 0, 14, 14, 14, 7, 7",2026-06-17,"Sitelinks, Reviews, Video, Video Carousel, People also ask, Related searches, AI overview",informational,Organic
mu plugin,33,33,40,37,0.00,https://docs.wpvip.com/wordpress-skeleton/client-mu-plugins-directory/,0,0,0.00,0.33,102,"100, 28, 14, 7, 7, 78, 0, 14, 14, 14, 7, 7",2026-06-17,"Sitelinks, Reviews, Video, Video Carousel, People also ask, Related searches, AI overview",informational,Organic
php 8.3 release date,26,26,40,62,0.00,https://customerhub.wpvip.com/lobby/2026/01/21/planning-your-2026-php-8-3-update/,0,0,0.00,0.33,108,"6, 6, 6, 65, 6, 6, 6, 6, 6, 6, 6, 6",2026-07-16,"People also ask, Related searches, AI overview",informational,Organic
blog kpis,16,16,50,29,0.00,https://wpvip.com/blog/content-marketing-kpis/,0,0,0.00,0.01,157,"64, 64, 100, 23, 23, 11, 29, 11, 11, 11, 11, 11",2026-06-16,"Sitelinks, Reviews, Video, People also ask, Related searches, AI overview",informational,Organic
dns ttl meaning,46,46,90,26,0.00,https://docs.wpvip.com/domains/check-dns-record-time-to-live/,0,0,0.00,0.03,115,"66, 52, 52, 52, 42, 33, 80, 52, 42, 9, 33, 9",2026-05-29,"Sitelinks, Video, People also ask, Related searches, Short videos, AI overview",informational,Organic
dns ttl meaning,57,57,90,26,0.00,https://docs.wpvip.com/domains/check-dns-record-time-to-live/,0,0,0.00,0.03,115,"66, 52, 52, 52, 42, 33, 80, 52, 42, 9, 33, 9",2026-05-29,"Sitelinks, Video, People also ask, Related searches, Short videos, AI overview",informational,Organic
header modification,35,35,70,47,0.00,https://docs.wpvip.com/caching/page-cache/http-headers/add-edit-or-remove/,0,0,0.00,0.17,117,"45, 45, 45, 18, 18, 0, 100, 18, 18, 100, 100, 100",2026-07-08,"Reviews, Video, Video Carousel, People also ask, Related searches, AI overview",informational,Organic
wordpress 6.6.2 security release news,37,37,90,5,0.00,https://customerhub.wpvip.com/lobby/2024/09/10/wordpress-6-6-2-maintenance-release/,0,0,0.00,0,27500,"100, 65, 12, 0, 0, 0, 0",2026-06-21,"Video, People also ask, Related searches, AI overview",informational,Organic
production information management market,67,67,40,35,26.99,https://wpvip.com/blog/pim-benefits-and-use-cases/,0,0,0.00,0.14,143,"0, 0, 11, 23, 100, 17, 17, 17, 17, 17, 29, 17",2026-07-12,"Sitelinks, Reviews, Video, Video Carousel, Related searches, AI overview",informational,Organic
production information management market,69,69,40,35,26.99,https://wpvip.com/blog/pim-benefits-and-use-cases/,0,0,0.00,0.14,143,"0, 0, 11, 23, 100, 17, 17, 17, 17, 17, 29, 17",2026-07-12,"Sitelinks, Reviews, Video, Video Carousel, Related searches, AI overview",informational,Organic
wp-cron,10,10,70,34,3.62,https://docs.wpvip.com/wordpress-on-vip/cron-control/,0,0,0.00,0.03,128,"2, 4, 2, 1, 1, 1, 2, 4, 4, 0, 1, 3",2026-06-08,"Video, People also ask, Related searches, AI overview",informational,Organic
parsley analytics,39,39,110,26,4.72,https://docs.wpvip.com/parse-ly/,0,0,0.00,0.34,106,"42, 33, 33, 42, 33, 66, 66, 66, 52, 52, 52, 42",2026-06-09,"Sitelinks, Video, Related searches",navigational,Organic
evaluate the digital publishing company wordpress on audience engagement,1,1,40,1,0.00,https://wpvip.com/blog/digital-publishing-trends-media-guide/,0,0,0.00,0,1070000,"14, 21, 100, 64, 35, 14, 14, 7, 14, 21",2026-07-11,"Sitelinks, Reviews, Video, AI overview",informational,AI overview
evaluate the digital publishing company wordpress on audience engagement,62,62,40,1,0.00,https://wpvip.com/blog/partner-insights-ai-in-publishing/,0,0,0.00,0,1070000,"14, 21, 100, 64, 35, 14, 14, 7, 14, 21",2026-07-11,"Sitelinks, Reviews, Video, AI overview",informational,Organic
static content,29,29,260,33,0.00,https://docs.wpvip.com/node-js/serve-static-content/,0,0,0.00,0.33,128,"35, 35, 35, 54, 54, 54, 54, 66, 66, 54, 66, 66",2026-06-09,"Image pack, Video, People also ask, Related searches, AI overview",informational,Organic
cve 2025-55183,72,72,1000,38,0.00,https://customerhub.wpvip.com/lobby/2025/12/11/security-update-additional-next-js-react-server-components-vulnerabilities-cve-2025-55183-cve-2025-55184-cve-2025-67779/,0,0,0.00,0.33,135,"100, 81, 81, 81, 100, 100, 100, 81, 0, 0, 0, 0",2026-06-29,"Video, Related searches",informational,Organic
cve 2025-55183,95,95,1000,38,0.00,https://customerhub.wpvip.com/lobby/2025/12/11/security-update-additional-next-js-react-server-components-vulnerabilities-cve-2025-55183-cve-2025-55184-cve-2025-67779/,0,0,0.00,0.33,135,"100, 81, 81, 81, 100, 100, 100, 81, 0, 0, 0, 0",2026-06-29,"Video, Related searches",informational,Organic
expressionengine vs wordpress,45,45,90,11,0.00,https://wpvip.com/resource/wp-engine-vs-wordpress-vip/,0,0,0.00,0.02,115,"19, 33, 19, 52, 52, 42, 42, 66, 42, 66, 42, 33",2026-06-21,"Sitelinks, Reviews, Video, People also ask, Discussions and forums, AI overview",commercial,Organic
enterprise search and information security,73,73,40,13,24.77,https://wpvip.com/glossary/what-is-enterprise-search/,0,0,0.00,0.07,181,"36, 45, 27, 45, 100, 45, 36, 36, 9, 9, 27, 36",2026-06-10,"Sitelinks, Video, Related searches, AI overview",informational,Organic
wp rest,4,4,170,38,6.42,https://wpvip.com/glossary/wordpress-rest-api-for-the-enterprise/,0,0,0.00,0.04,192,"66, 23, 15, 23, 28, 54, 18, 18, 44, 11, 18, 15",2026-07-14,"Sitelinks, Reviews, Video, Video Carousel, People also ask, Related searches, AI overview",navigational,People also ask
reativ,28,28,390,14,0.00,https://wpvip.com/partner/reaktiv/,0,0,0.00,0.33,143,"3, 0, 1, 29, 2, 3, 8, 7, 10, 7, 8, 4",2026-06-29,"Sitelinks, Video, Related searches, AI overview",navigational,Organic
product information management capabilities,31,31,40,28,0.00,https://wpvip.com/blog/pim-benefits-and-use-cases/,0,0,0.00,0.33,143,"77, 100, 55, 77, 77, 22, 0, 22, 44, 44, 11, 22",2026-06-01,"Sitelinks, Video, Related searches, AI overview",informational,Organic
react wordpress,26,26,90,27,6.20,https://wpvip.com/blog/wordpress-react/,0,0,0.00,0.05,107,"53, 26, 65, 42, 42, 15, 7, 15, 34, 26, 19, 42",2026-06-25,"Sitelinks, Video, Video Carousel, People also ask, Related searches, AI overview",informational,Organic
web page tagging,29,29,50,4,0.42,https://wpvip.com/blog/5-tagging-best-practices-content-strategy/,0,0,0.00,0.44,132,"0, 0, 9, 81, 63, 63, 45, 36, 36, 45, 63, 100",2026-07-14,"Reviews, Video, Video Carousel, People also ask, Related searches, AI overview",informational,Organic
xmlrpc wordpress,34,34,50,27,0.00,https://docs.wpvip.com/security-controls/wordpress/xml-rpc/,0,0,0.00,0.02,135,"15, 15, 53, 26, 11, 34, 15, 26, 7, 11, 15, 15",2026-06-04,"People also ask, Related searches, Discussions and forums, AI overview",informational,Organic
wordpress 6.7 release candidate september 2025,26,26,260,20,0.00,https://wpvip.com/blog/wordpress-6-7/,0,0,0.00,0,128,"100, 0, 0, 0, 0, 0, 1",2026-06-14,"Video, Video Carousel, People also ask, Related searches, AI overview",informational,Organic
wordpress 6.7 release candidate september 2025,76,76,260,20,0.00,https://customerhub.wpvip.com/lobby/2024/11/12/now-available-wordpress-6-7/,0,0,0.00,0,128,"100, 0, 0, 0, 0, 0, 1",2026-06-14,"Video, Video Carousel, People also ask, Related searches, AI overview",informational,Organic
web tracking tools,27,27,140,38,14.35,https://wpvip.com/blog/web-analytics-software-tools/,0,0,0.00,0.09,131,"80, 80, 66, 66, 80, 100, 42, 33, 23, 23, 42, 80",2026-06-09,"Sitelinks, Video, Ads bottom, People also ask, Related searches, Ads middle, AI overview",commercial,Organic
wordpress certifications,1,1,30,16,2.70,https://learn.wpvip.com/certification/,0,0,0.00,0.14,116,"18, 9, 9, 27, 45, 36, 45, 0, 18, 27, 18, 18",2026-06-24,"Sitelinks, Reviews, Video, People also ask, Related searches, Discussions and forums, AI overview",informational,AI overview
enterprise content creation,42,42,40,30,0.00,https://wpvip.com/blog/enterprise-content-management-strategy/,0,0,0.00,0.33,131,"18, 0, 63, 45, 36, 27, 27, 36, 100, 18, 63, 81",2026-07-17,"Reviews, Video, Video Carousel, People also ask, Related searches, AI overview",informational,Organic
enterprise content creation,57,57,40,30,0.00,https://wpvip.com/blog/enterprise-content-management/,0,0,0.00,0.33,131,"18, 0, 63, 45, 36, 27, 27, 36, 100, 18, 63, 81",2026-07-17,"Reviews, Video, Video Carousel, People also ask, Related searches, AI overview",informational,Organic
wordpress 6.5 brand-new plugin capabilities introduced,16,16,70,6,0.00,https://wpvip.com/blog/wordpress-6-5/,0,0,0.00,0,138,"41, 0, 17, 52, 100, 41, 52, 0, 0",2026-06-06,"Sitelinks, Video, People also ask, Related searches, AI overview",informational,Organic
wordpress search function,11,11,90,21,2.12,https://docs.wpvip.com/wordpress-on-vip/search-options/wordpress-search/,0,0,0.00,0.15,104,"17, 10, 28, 35, 17, 5, 5, 17, 53, 43, 5, 7",2026-06-26,"Sitelinks, Reviews, Video, People also ask, Related searches, AI overview",informational,Organic
wordpress 6.7 release date september 2025 news,25,25,110,12,0.00,https://wpvip.com/blog/wordpress-6-7/,0,0,0.00,0,293000,"100, 0, 0, 0, 0, 0, 0",2026-06-16,"Reviews, Video, People also ask, AI overview",informational,Organic
wordpress 6.7 release date september 2025 news,78,78,110,12,0.00,https://customerhub.wpvip.com/platform-release-schedule/,0,0,0.00,0,293000,"100, 0, 0, 0, 0, 0, 0",2026-06-16,"Reviews, Video, People also ask, AI overview",informational,Organic
wordpress 6.7 release date september 2025 news,98,98,110,12,0.00,https://customerhub.wpvip.com/lobby/2025/02/11/wordpress-6-7-2-maintenance-release/,0,0,0.00,0,293000,"100, 0, 0, 0, 0, 0, 0",2026-06-16,"Reviews, Video, People also ask, AI overview",informational,Organic
aeo optimized page,20,20,110,35,0.00,https://wpvip.com/blog/answer-engine-optimization-strategies/,0,0,0.00,0,138,"0, 3, 42, 34, 100",2026-07-07,"Sitelinks, Reviews, Video, Ads top, Ads bottom, Video Carousel, Related searches, AI overview","commercial, informational",Organic
aeo optimized page,31,31,110,35,0.00,https://wpvip.com/blog/answer-engine-optimization-strategies/,0,0,0.00,0,138,"0, 3, 42, 34, 100",2026-07-07,"Sitelinks, Reviews, Video, Ads top, Ads bottom, Video Carousel, Related searches, AI overview","commercial, informational",Organic
wordpress vip self-hosted servers,4,4,50,10,0.00,https://wpvip.com/,0,0,0.00,0,106,"4, 23, 100, 0, 0",2026-07-05,"Sitelinks, Reviews, Video, Video Carousel, People also ask, Related searches, AI overview",informational,Organic
wordpress vip self-hosted servers,15,15,50,10,0.00,https://wpvip.com/blog/wordpress-vip-developers/,0,0,0.00,0,106,"4, 23, 100, 0, 0",2026-07-05,"Sitelinks, Reviews, Video, Video Carousel, People also ask, Related searches, AI overview",informational,Organic
wordpress vip self-hosted servers,19,19,50,10,0.00,https://wpvip.com/resource/wp-engine-vs-wordpress-vip/,0,0,0.00,0,106,"4, 23, 100, 0, 0",2026-07-05,"Sitelinks, Reviews, Video, Video Carousel, People also ask, Related searches, AI overview",informational,Organic
wordpress vip self-hosted servers,26,26,50,10,0.00,https://wpvip.com/blog/secure-wordpress-hosting/,0,0,0.00,0,106,"4, 23, 100, 0, 0",2026-07-05,"Sitelinks, Reviews, Video, Video Carousel, People also ask, Related searches, AI overview",informational,Organic
wordpress vip self-hosted servers,30,30,50,10,0.00,https://docs.wpvip.com/infrastructure/origin-servers/,0,0,0.00,0,106,"4, 23, 100, 0, 0",2026-07-05,"Sitelinks, Reviews, Video, Video Carousel, People also ask, Related searches, AI overview",informational,Organic
wordpress vip self-hosted servers,36,36,50,10,0.00,https://wpvip.com/blog/custom-deployments/,0,0,0.00,0,106,"4, 23, 100, 0, 0",2026-07-05,"Sitelinks, Reviews, Video, Video Carousel, People also ask, Related searches, AI overview",informational,Organic
wordpress vip self-hosted servers,45,45,50,10,0.00,https://wpvip.com/wordpress-vip-faq/,0,0,0.00,0,106,"4, 23, 100, 0, 0",2026-07-05,"Sitelinks, Reviews, Video, Video Carousel, People also ask, Related searches, AI overview",informational,Organic
wordpress vip self-hosted servers,49,49,50,10,0.00,https://wpvip.com/blog/wordpress-org-vs-wordpress-com-vs-wordpress-vip-whats-the-difference/,0,0,0.00,0,106,"4, 23, 100, 0, 0",2026-07-05,"Sitelinks, Reviews, Video, Video Carousel, People also ask, Related searches, AI overview",informational,Organic
wordpress vip self-hosted servers,51,51,50,10,0.00,https://docs.wpvip.com/,0,0,0.00,0,106,"4, 23, 100, 0, 0",2026-07-05,"Sitelinks, Reviews, Video, Video Carousel, People also ask, Related searches, AI overview",informational,Organic
wordpress vip self-hosted servers,53,53,50,10,0.00,https://wpvip.com/wordpress-platform/,0,0,0.00,0,106,"4, 23, 100, 0, 0",2026-07-05,"Sitelinks, Reviews, Video, Video Carousel, People also ask, Related searches, AI overview",informational,Organic
wordpress vip self-hosted servers,56,56,50,10,0.00,https://docs.wpvip.com/infrastructure/environments/,0,0,0.00,0,106,"4, 23, 100, 0, 0",2026-07-05,"Sitelinks, Reviews, Video, Video Carousel, People also ask, Related searches, AI overview",informational,Organic
wordpress vip self-hosted servers,57,57,50,10,0.00,https://wpvip.com/pricing/,0,0,0.00,0,106,"4, 23, 100, 0, 0",2026-07-05,"Sitelinks, Reviews, Video, Video Carousel, People also ask, Related searches, AI overview",informational,Organic
wordpress vip self-hosted servers,58,58,50,10,0.00,https://wpvip.com/blog/best-wordpress-hosting/,0,0,0.00,0,106,"4, 23, 100, 0, 0",2026-07-05,"Sitelinks, Reviews, Video, Video Carousel, People also ask, Related searches, AI overview",informational,Organic
wordpress vip self-hosted servers,59,59,50,10,0.00,https://wpvip.com/pricing/,0,0,0.00,0,106,"4, 23, 100, 0, 0",2026-07-05,"Sitelinks, Reviews, Video, Video Carousel, People also ask, Related searches, AI overview",informational,Organic
wordpress vip self-hosted servers,60,60,50,10,0.00,https://wpvip.com/infrastructure/,0,0,0.00,0,106,"4, 23, 100, 0, 0",2026-07-05,"Sitelinks, Reviews, Video, Video Carousel, People also ask, Related searches, AI overview",informational,Organic
wordpress vip self-hosted servers,61,61,50,10,0.00,https://docs.wpvip.com/vip-local-development-environment/stack-services/,0,0,0.00,0,106,"4, 23, 100, 0, 0",2026-07-05,"Sitelinks, Reviews, Video, Video Carousel, People also ask, Related searches, AI overview",informational,Organic
wordpress vip self-hosted servers,63,63,50,10,0.00,https://wpvip.com/enterprise-wordpress-hosting/,0,0,0.00,0,106,"4, 23, 100, 0, 0",2026-07-05,"Sitelinks, Reviews, Video, Video Carousel, People also ask, Related searches, AI overview",informational,Organic
wordpress vip self-hosted servers,64,64,50,10,0.00,https://docs.wpvip.com/infrastructure/edge-servers/,0,0,0.00,0,106,"4, 23, 100, 0, 0",2026-07-05,"Sitelinks, Reviews, Video, Video Carousel, People also ask, Related searches, AI overview",informational,Organic
wordpress vip self-hosted servers,65,65,50,10,0.00,https://docs.wpvip.com/guidebooks/develop-on-wpvip/,0,0,0.00,0,106,"4, 23, 100, 0, 0",2026-07-05,"Sitelinks, Reviews, Video, Video Carousel, People also ask, Related searches, AI overview",informational,Organic
wordpress vip self-hosted servers,67,67,50,10,0.00,https://wpvip.com/headless-wordpress/,0,0,0.00,0,106,"4, 23, 100, 0, 0",2026-07-05,"Sitelinks, Reviews, Video, Video Carousel, People also ask, Related searches, AI overview",informational,Organic
wordpress vip self-hosted servers,68,68,50,10,0.00,https://docs.wpvip.com/launch-a-site/begin-a-single-site-launch/,0,0,0.00,0,106,"4, 23, 100, 0, 0",2026-07-05,"Sitelinks, Reviews, Video, Video Carousel, People also ask, Related searches, AI overview",informational,Organic
wordpress vip self-hosted servers,69,69,50,10,0.00,https://docs.wpvip.com/wordpress-on-vip/,0,0,0.00,0,106,"4, 23, 100, 0, 0",2026-07-05,"Sitelinks, Reviews, Video, Video Carousel, People also ask, Related searches, AI overview",informational,Organic
wordpress vip self-hosted servers,70,70,50,10,0.00,https://docs.wpvip.com/vip-local-development-environment/networking/,0,0,0.00,0,106,"4, 23, 100, 0, 0",2026-07-05,"Sitelinks, Reviews, Video, Video Carousel, People also ask, Related searches, AI overview",informational,Organic
wordpress vip self-hosted servers,71,71,50,10,0.00,https://docs.wpvip.com/domains/,0,0,0.00,0,106,"4, 23, 100, 0, 0",2026-07-05,"Sitelinks, Reviews, Video, Video Carousel, People also ask, Related searches, AI overview",informational,Organic
wordpress vip self-hosted servers,72,72,50,10,0.00,https://docs.wpvip.com/launch-a-site/,0,0,0.00,0,106,"4, 23, 100, 0, 0",2026-07-05,"Sitelinks, Reviews, Video, Video Carousel, People also ask, Related searches, AI overview",informational,Organic
wordpress vip self-hosted servers,73,73,50,10,0.00,https://customerhub.wpvip.com/lobby/2017/05/16/wordpress-com-vip-hosting-now-certified-under-privacy-shield/,0,0,0.00,0,106,"4, 23, 100, 0, 0",2026-07-05,"Sitelinks, Reviews, Video, Video Carousel, People also ask, Related searches, AI overview",informational,Organic
wordpress vip self-hosted servers,74,74,50,10,0.00,https://docs.wpvip.com/local-development/third-party-app/,0,0,0.00,0,106,"4, 23, 100, 0, 0",2026-07-05,"Sitelinks, Reviews, Video, Video Carousel, People also ask, Related searches, AI overview",informational,Organic
wordpress vip self-hosted servers,75,75,50,10,0.00,https://docs.wpvip.com/wordpress-on-vip/multisites/,0,0,0.00,0,106,"4, 23, 100, 0, 0",2026-07-05,"Sitelinks, Reviews, Video, Video Carousel, People also ask, Related searches, AI overview",informational,Organic
wordpress vip self-hosted servers,76,76,50,10,0.00,https://docs.wpvip.com/vip-local-development-environment/,0,0,0.00,0,106,"4, 23, 100, 0, 0",2026-07-05,"Sitelinks, Reviews, Video, Video Carousel, People also ask, Related searches, AI overview",informational,Organic
wordpress vip self-hosted servers,77,77,50,10,0.00,https://docs.wpvip.com/local-development/,0,0,0.00,0,106,"4, 23, 100, 0, 0",2026-07-05,"Sitelinks, Reviews, Video, Video Carousel, People also ask, Related searches, AI overview",informational,Organic
wordpress vip self-hosted servers,78,78,50,10,0.00,https://docs.wpvip.com/vip-local-development-environment/create/,0,0,0.00,0,106,"4, 23, 100, 0, 0",2026-07-05,"Sitelinks, Reviews, Video, Video Carousel, People also ask, Related searches, AI overview",informational,Organic
wordpress vip self-hosted servers,79,79,50,10,0.00,https://docs.wpvip.com/guidebooks/prepare-for-launch/the-domain/,0,0,0.00,0,106,"4, 23, 100, 0, 0",2026-07-05,"Sitelinks, Reviews, Video, Video Carousel, People also ask, Related searches, AI overview",informational,Organic
wordpress vip self-hosted servers,80,80,50,10,0.00,https://docs.wpvip.com/code-deployment/custom-deployment/continuous-deployment/,0,0,0.00,0,106,"4, 23, 100, 0, 0",2026-07-05,"Sitelinks, Reviews, Video, Video Carousel, People also ask, Related searches, AI overview",informational,Organic
wordpress vip self-hosted servers,81,81,50,10,0.00,https://docs.wpvip.com/manage-user-access/vip-dashboard/sso/configurations/,0,0,0.00,0,106,"4, 23, 100, 0, 0",2026-07-05,"Sitelinks, Reviews, Video, Video Carousel, People also ask, Related searches, AI overview",informational,Organic
wordpress vip self-hosted servers,82,82,50,10,0.00,https://docs.wpvip.com/code-deployment/default-deployment/build-and-deploy/,0,0,0.00,0,106,"4, 23, 100, 0, 0",2026-07-05,"Sitelinks, Reviews, Video, Video Carousel, People also ask, Related searches, AI overview",informational,Organic
enterprise web content management systems,1,1,110,45,0.00,https://wpvip.com/blog/10-best-enterprise-content-management-systems/,0,0,0.00,0.02,131,"9, 14, 52, 100, 33, 100, 66, 52, 42, 52, 42, 23",2026-06-30,"Sitelinks, Reviews, Video, Related searches, AI overview","commercial, informational",AI overview
enterprise web content management systems,33,33,110,45,0.00,https://wpvip.com/blog/10-best-enterprise-content-management-systems/,0,0,0.00,0.02,131,"9, 14, 52, 100, 33, 100, 66, 52, 42, 52, 42, 23",2026-06-30,"Sitelinks, Reviews, Video, Related searches, AI overview","commercial, informational",Organic
what is digital experience platform,57,57,140,38,13.03,https://wpvip.com/glossary/digital-experience-platform/,0,0,0.00,0.15,179,"18, 22, 35, 35, 35, 18, 54, 22, 10, 22, 54, 14",2026-07-09,"Sitelinks, Reviews, Video, Video Carousel, People also ask, Related searches, Ads middle, AI overview",informational,Organic
top enterprise content management systems,69,69,50,35,18.74,https://wpvip.com/blog/10-best-enterprise-content-management-systems/,0,0,0.00,0.27,198,"14, 50, 50, 14, 78, 14, 14, 14, 78, 14, 35, 50",2026-06-16,"Sitelinks, Reviews, Video, People also ask, Related searches, AI overview","commercial, informational",Organic
wpmedia,64,64,90,14,6.25,https://wpvip.com/,0,0,0.00,0.07,131,"82, 82, 52, 52, 29, 29, 41, 41, 82, 100, 52, 23",2026-07-10,"Reviews, Video, People also ask, Related searches",commercial,Organic
wordpress self hosted site,16,16,210,22,7.83,https://wpvip.com/blog/self-hosted-wordpress/,0,0,0.00,0.38,102,"22, 43, 43, 14, 22, 54, 54, 14, 14, 100, 81, 81",2026-06-16,"Sitelinks, Video, Ads bottom, Video Carousel, People also ask, Related searches, AI overview",informational,Organic
headless wordpress woocommerce,38,38,40,16,0.00,https://wpvip.com/headless-wordpress/,0,0,0.00,0.33,103,"9, 9, 52, 52, 23, 9, 9, 9, 9, 9, 9, 9",2026-06-30,"Sitelinks, Reviews, Video, Ads bottom, Video Carousel, Related searches, Discussions and forums, AI overview",informational,Organic
example company website analysis for software services,61,61,90,8,0.00,https://wpvip.com/blog/web-analytics-software-tools/,0,0,0.00,0,182,100,2026-06-25,"Reviews, Video, Video Carousel, Related searches, AI overview",informational,Organic
current wordpress version february 2026,13,13,40,20,0.00,https://customerhub.wpvip.com/platform-release-schedule/,0,0,0.00,0,152,"100, 0, 0",2026-07-08,"Reviews, Video, People also ask, Related searches, AI overview",informational,Organic
current wordpress version february 2026,68,68,40,20,0.00,https://customerhub.wpvip.com/lobby/2026/04/23/wordpress-7-0-new-release-timeline/,0,0,0.00,0,152,"100, 0, 0",2026-07-08,"Reviews, Video, People also ask, Related searches, AI overview",informational,Organic
what is the difference between wordpress and wp engine,4,4,50,11,0.00,https://wpvip.com/resource/wp-engine-vs-wordpress-vip/,0,0,0.00,0.33,121,"28, 28, 28, 100, 57, 71, 28, 100, 100, 100, 100, 100",2026-06-24,"Sitelinks, Reviews, Video, Video Carousel, People also ask, Related searches, Discussions and forums, AI overview",informational,Organic
what is the difference between wordpress and wp engine,75,75,50,11,0.00,https://wpvip.com/wordpress-vip-vs-wp-engine/,0,0,0.00,0.33,121,"28, 28, 28, 100, 57, 71, 28, 100, 100, 100, 100, 100",2026-06-24,"Sitelinks, Reviews, Video, Video Carousel, People also ask, Related searches, Discussions and forums, AI overview",informational,Organic
primary reason that corporations use open source software,7,7,70,17,0.00,https://wpvip.com/blog/how-open-source-software-benefits-businesses/,0,0,0.00,0,141,"100, 3, 11, 0, 0, 0, 3, 3, 0, 3, 0, 0",2026-06-18,"Sitelinks, Reviews, Video, People also ask, Related searches, AI overview",informational,Organic
curl response headers,15,15,70,14,0.00,https://docs.wpvip.com/caching/page-cache/http-headers/retrieve-headers/,0,0,0.00,0.33,108,"33, 42, 42, 42, 42, 33, 23, 23, 23, 23, 23, 9",2026-07-10,"Sitelinks, Reviews, Video, Related searches, AI overview",informational,Organic
wp.com,69,69,70,100,4.86,https://wpvip.com/,0,0,0.00,0.09,5330000000,"42, 42, 26, 26, 15, 3, 7, 7, 11, 15, 19, 80",2026-07-16,"Sitelinks, Reviews, Video, People also ask, AI overview",informational,Organic
wordpress 5.9 release date,17,17,40,,0.00,https://customerhub.wpvip.com/platform-release-schedule/,0,0,0.00,0.33,40,"1, 1, 4, 3, 1, 1, 1, 1, 5, 1, 3, 3",2026-07-19,"Sitelinks, Video, People also ask, Related searches, AI overview",informational,Organic
wp multisite plugin,14,14,70,22,2.62,https://wpvip.com/blog/wordpress-multisite/,0,0,0.00,0.04,127,"100, 81, 63, 45, 63, 63, 45, 63, 63, 45, 63, 63",2026-06-18,"Sitelinks, Reviews, Video, Video Carousel, Related searches, Discussions and forums, AI overview",informational,Organic
wp multisite plugin,43,43,70,22,2.62,https://wpvip.com/glossary/wordpress-multisite/,0,0,0.00,0.04,127,"100, 81, 63, 45, 63, 63, 45, 63, 63, 45, 63, 63",2026-06-18,"Sitelinks, Reviews, Video, Video Carousel, Related searches, Discussions and forums, AI overview",informational,Organic
two factor authentication for wordpress,5,5,50,28,2.82,https://docs.wpvip.com/security-controls/wordpress/enforce-2fa/,0,0,0.00,0.11,146,"5, 17, 52, 64, 23, 0, 5, 29, 17, 5, 23, 100",2026-06-26,"Sitelinks, Reviews, Video, Ads bottom, Video Carousel, People also ask, Related searches, AI overview",informational,Organic
fedramp certified companies,21,21,30,40,7.20,https://wpvip.com/blog/wordpress-vip-is-fedramp-authorized/,0,0,0.00,0.31,96,"100, 22, 22, 22, 22, 22, 22, 22, 22, 22, 22, 22",2026-06-19,"Sitelinks, People also ask, Related searches, Discussions and forums, AI overview","informational, navigational",Organic
upgrade woocommerce,12,12,30,34,5.52,https://docs.wpvip.com/plugins/woocommerce/upgrade-woocommerce/,0,0,0.00,0.06,107,"45, 63, 18, 18, 18, 0, 63, 0, 9, 18, 18, 9",2026-06-01,"Sitelinks, Video, Video Carousel, People also ask, Related searches, AI overview",informational,Organic
wordpress multisite hosting,14,14,170,15,52.06,https://wpvip.com/glossary/wordpress-multisite/,0,0,0.00,0.15,125,"11, 11, 11, 26, 26, 11, 11, 32, 17, 48, 11, 11",2026-06-01,"Sitelinks, Video, Video Carousel, Related searches, AI overview",informational,Organic
wordpress multisite hosting,21,21,170,15,52.06,https://wpvip.com/blog/wordpress-multisite/,0,0,0.00,0.15,125,"11, 11, 11, 26, 26, 11, 11, 32, 17, 48, 11, 11",2026-06-01,"Sitelinks, Video, Video Carousel, Related searches, AI overview",informational,Organic
45 press,7,7,50,22,0.00,https://wpvip.com/partner/45press/,0,0,0.00,0.01,169,"23, 23, 9, 52, 9, 9, 9, 9, 9, 52, 52, 52",2026-06-25,"Knowledge panel, Reviews, Video, Related searches",informational,Organic
wp-cron.php,23,23,210,39,0.00,https://docs.wpvip.com/wordpress-on-vip/cron-control/,0,0,0.00,0.02,132,"2, 100, 0, 2, 2, 1, 1, 2, 1, 2, 0, 1",2026-05-30,"Sitelinks, Video, People also ask, AI overview",informational,Organic
wordpress plugin_dir_path __file__ documentation,14,14,210,,0.00,https://docs.wpvip.com/wordpress-skeleton/plugins-directory/,0,0,0.00,0,115,"12, 100",2026-07-20,"Sitelinks, Video, People also ask, Related searches",informational,Organic
what is site tagging,16,16,90,9,0.77,https://wpvip.com/blog/5-tagging-best-practices-content-strategy/,0,0,0.00,0.06,122,"42, 53, 26, 15, 26, 26, 100, 26, 19, 26, 42, 42",2026-06-11,"Image pack, Sitelinks, Video, Video Carousel, People also ask, Related searches, AI overview",informational,Organic
non-production environment synchronization,1,1,40,9,0.00,https://docs.wpvip.com/databases/data-sync/,0,0,0.00,0,112000000,"28, 42, 28, 57, 71, 57, 100, 71, 57, 57, 57, 28",2026-06-11,"Sitelinks, Video, People also ask, Related searches, AI overview",informational,AI overview
wpengine cdn,31,31,40,19,15.12,https://wpvip.com/blog/wordpress-cdn/,0,0,0.00,0.29,102,"15, 7, 7, 34, 26, 11, 7, 7, 7, 7, 19, 26",2026-06-09,"Sitelinks, Video, People also ask, Related searches, AI overview",informational,Organic
wordpress wp json,16,16,70,28,0.00,https://docs.wpvip.com/wordpress-on-vip/wordpress-rest-api/,0,0,0.00,0.01,107,"78, 78, 64, 50, 64, 78, 50, 50, 28, 50, 50, 50",2026-05-29,"Knowledge panel, Sitelinks, Video, People also ask, Related searches, AI overview",informational,Organic
get more traffic from llms,9,9,140,4,0.00,https://wpvip.com/blog/llm-referral-traffic-conversions/,0,0,0.00,0,180,"33, 100",2026-07-02,"Sitelinks, Video, Video Carousel, Related searches, Discussions and forums, AI overview",informational,Organic
top enterprise cms platforms,22,22,40,21,0.00,https://wpvip.com/blog/10-best-enterprise-content-management-systems/,0,0,0.00,0.06,128,"11, 11, 23, 23, 11, 23, 23, 17, 17, 17, 17, 100",2026-06-30,"Sitelinks, Reviews, Video, Ads bottom, People also ask, Related searches, Discussions and forums, AI overview",commercial,Organic
wordpress hosting for enterprise,58,58,70,69,0.00,https://wpvip.com/blog/best-wordpress-hosting/,0,0,0.00,0.11,126,"23, 9, 52, 52, 33, 33, 33, 19, 19, 19, 23, 42",2026-06-26,"Sitelinks, Video, Video Carousel, People also ask, Related searches, AI overview",informational,Organic
online analytics tools,12,12,260,53,14.68,https://wpvip.com/blog/web-analytics-software-tools/,0,0,0.00,0.07,129,"0, 7, 100, 72, 1, 2, 9, 7, 11, 11, 26, 72",2026-05-30,"Sitelinks, Video, People also ask, Related searches, Discussions and forums, Ads middle, AI overview","commercial, informational",Organic
wordpress enterprise solutions,1,1,50,41,0.00,https://wpvip.com/,0,0,0.00,0.33,135,"23, 29, 17, 52, 52, 23, 5, 0, 100, 17, 41, 17",2026-06-14,"Reviews, Video, Video Carousel, People also ask, Related searches, AI overview",informational,AI overview
wordpress enterprise solutions,42,42,50,41,0.00,https://wpvip.com/wordpress-platform/,0,0,0.00,0.33,135,"23, 29, 17, 52, 52, 23, 5, 0, 100, 17, 41, 17",2026-06-14,"Reviews, Video, Video Carousel, People also ask, Related searches, AI overview",informational,Organic
wordpress enterprise solutions,82,82,50,41,0.00,https://wpvip.com/wordpress-vip-enterprise-support/,0,0,0.00,0.33,135,"23, 29, 17, 52, 52, 23, 5, 0, 100, 17, 41, 17",2026-06-14,"Reviews, Video, Video Carousel, People also ask, Related searches, AI overview",informational,Organic
wordpress enterprise solutions,93,93,50,41,0.00,https://wpvip.com/case-studies/10-examples-of-enterprise-wordpress/,0,0,0.00,0.33,135,"23, 29, 17, 52, 52, 23, 5, 0, 100, 17, 41, 17",2026-06-14,"Reviews, Video, Video Carousel, People also ask, Related searches, AI overview",informational,Organic
enterprise headless cms,18,18,320,22,20.61,https://wpvip.com/blog/headless-cms-for-enterprise/,0,0,0.00,0.02,151,"28, 54, 54, 81, 100, 66, 100, 6, 28, 35, 35, 23",2026-06-22,"Sitelinks, Reviews, Video, Video Carousel, People also ask, Related searches, AI overview",informational,Organic
wordpress 6.7 release date september 2025,71,71,210,19,0.00,https://customerhub.wpvip.com/lobby/2025/02/11/wordpress-6-7-2-maintenance-release/,0,0,0.00,0,109,"1, 100, 0, 0, 0, 0, 0, 0",2026-06-16,"Reviews, Video, People also ask, Related searches, AI overview",informational,Organic
aeo for saas companies,49,49,50,13,0.00,https://wpvip.com/blog/answer-engine-optimization-strategies/,0,0,0.00,0,132,"81, 100, 45, 45, 27, 0, 9",2026-07-13,"Reviews, Video, Video Carousel, Related searches, AI overview",informational,Organic
web analytics platform,1,1,30,41,21.35,https://wpvip.com/blog/web-analytics-software-tools/,0,0,0.00,0.08,123,"0, 0, 5, 52, 5, 29, 29, 0, 0, 29, 17, 5",2026-06-27,"Sitelinks, Video, People also ask, Related searches, AI overview",informational,AI overview
web analytics platform,21,21,30,41,21.35,https://wpvip.com/blog/web-analytics-software-tools/,0,0,0.00,0.08,123,"0, 0, 5, 52, 5, 29, 29, 0, 0, 29, 17, 5",2026-06-27,"Sitelinks, Video, People also ask, Related searches, AI overview",informational,Organic
wordpress current version march 2026,14,14,50,29,0.00,https://customerhub.wpvip.com/platform-release-schedule/,0,0,0.00,0,105,"100, 0",2026-06-27,"Reviews, Video, Video Carousel, People also ask, Related searches, AI overview",informational,Organic
content security policy csp,15,15,210,64,6.86,https://wpvip.com/blog/content-security-policy-guide/,0,0,0.00,0.11,134,"100, 100, 100, 100, 100, 53, 65, 65, 65, 53, 53, 42",2026-06-17,"Sitelinks, Video, Video Carousel, People also ask, Related searches, Things to know, AI overview",informational,Organic
wordpress version 6.9,16,16,140,19,0.00,https://customerhub.wpvip.com/lobby/2025/12/03/now-available-wordpress-6-9/,0,0,0.00,0.33,98,"0, 0, 0, 0, 0, 0, 100, 30, 1, 1, 1, 1",2026-07-19,"Sitelinks, Video, Video Carousel, People also ask",informational,Organic
headless cms explained,25,25,210,38,5.89,https://wpvip.com/resource/headless-cms-guide/,0,0,0.00,0.13,110,"53, 65, 81, 100, 100, 53, 43, 15, 34, 43, 65, 53",2026-06-01,"Image pack, Sitelinks, Video, Video Carousel, People also ask, Related searches, AI overview",informational,Organic
american eagle digital marketing,14,14,30,42,4.06,https://wpvip.com/partner/americaneagle-com/,0,0,0.00,0.33,106,"19, 19, 19, 7, 7, 7, 7, 7, 7, 7, 7, 7",2026-06-13,"Sitelinks, Reviews, Video, Video Carousel, People also ask, Related searches",navigational,Organic
web analytics tools free,19,19,90,61,9.99,https://wpvip.com/blog/web-analytics-software-tools/,0,0,0.00,0.07,125,"66, 66, 52, 66, 100, 33, 9, 9, 9, 9, 4, 23",2026-06-09,"Sitelinks, Video, People also ask, Related searches, Discussions and forums, AI overview","commercial, informational",Organic
ai csm,5,5,30,9,12.73,https://wpvip.com/blog/ai-cms/,0,0,0.00,0.55,125,"35, 21, 14, 35, 14, 14, 21, 14, 21, 21, 21, 14",2026-06-30,"Sitelinks, Reviews, Video, Ads bottom, Video Carousel, People also ask, Related searches, AI overview",informational,People also ask
wordpress training class,16,16,140,59,0.00,https://learn.wpvip.com/,0,0,0.00,0.03,106,"0, 0, 0, 100, 5, 1, 0, 0, 0, 6, 3, 3",2026-06-08,"Knowledge panel, Sitelinks, Video, Ads bottom, Video Carousel, People also ask, Related searches",informational,Organic
wordpress training class,19,19,140,59,0.00,https://learn.wpvip.com/,0,0,0.00,0.03,106,"0, 0, 0, 100, 5, 1, 0, 0, 0, 6, 3, 3",2026-06-08,"Knowledge panel, Sitelinks, Video, Ads bottom, Video Carousel, People also ask, Related searches",informational,Organic
wordpress block editor custom functionality limitations,21,21,210,29,0.00,https://wpvip.com/blog/using-a-design-system-with-wordpress-block-types-styles/,0,0,0.00,0,134,"6, 100, 100, 54, 0, 0",2026-07-11,"Sitelinks, Video, Video Carousel, Related searches, Discussions and forums, AI overview",informational,Organic
vip web,14,14,90,34,2.39,https://wpvip.com/blog/run-the-web-vip/,0,0,0.00,0.02,105,"80, 80, 100, 19, 33, 23, 23, 23, 23, 0, 80, 23",2026-06-04,"Video, Video Carousel, People also ask, Related searches, AI overview",navigational,Organic
vip web,77,77,90,34,2.39,https://docs.wpvip.com/launch-a-site/,0,0,0.00,0.02,105,"80, 80, 100, 19, 33, 23, 23, 23, 23, 0, 80, 23",2026-06-04,"Video, Video Carousel, People also ask, Related searches, AI overview",navigational,Organic
vip web,87,87,90,34,2.39,https://wpvip.com/about/,0,0,0.00,0.02,105,"80, 80, 100, 19, 33, 23, 23, 23, 23, 0, 80, 23",2026-06-04,"Video, Video Carousel, People also ask, Related searches, AI overview",navigational,Organic
dyndns ttl,33,33,210,29,2.61,https://docs.wpvip.com/domains/check-dns-record-time-to-live/,0,0,0.00,0.01,102,"0, 100, 66, 23, 23, 54, 81, 66, 0, 54, 0, 0",2026-05-30,"Sitelinks, Video, Video Carousel, People also ask, AI overview",informational,Organic
wordpres vip,1,1,70,26,28.09,https://wpvip.com/enterprise-content-management-system/,0,0,0.00,0.51,0,"0, 23, 0, 1, 1, 100, 0, 1, 1, 0, 1, 0",2026-07-17,"Sitelinks, People also ask, Related searches",navigational,People also ask
wordpres vip,1,1,70,26,28.09,https://wpvip.com/resource/wp-engine-vs-wordpress-vip/,0,0,0.00,0.51,0,"0, 23, 0, 1, 1, 100, 0, 1, 1, 0, 1, 0",2026-07-17,"Sitelinks, People also ask, Related searches",navigational,People also ask
analytics web analytics,1,1,880,52,8.85,https://wpvip.com/blog/web-analytics-software-tools/,0,0,0.00,0.25,133,"65, 55, 3, 24, 44, 24, 16, 16, 20, 24, 55, 34",2026-07-14,"Video, Related searches, Things to know, Ads middle, AI overview",informational,Things to know
query monitor plugin,9,9,70,29,0.00,https://docs.wpvip.com/performance/query-monitor/,0,0,0.00,0.03,115,"5, 5, 35, 43, 5, 5, 100, 5, 5, 5, 5, 5",2026-06-04,"Video, Video Carousel, People also ask, Related searches, Discussions and forums, AI overview",informational,Organic
query monitor plugin,31,31,70,29,0.00,https://docs.wpvip.com/performance/query-monitor/enable/,0,0,0.00,0.03,115,"5, 5, 35, 43, 5, 5, 100, 5, 5, 5, 5, 5",2026-06-04,"Video, Video Carousel, People also ask, Related searches, Discussions and forums, AI overview",informational,Organic
wordpress workflow,12,12,70,20,5.05,https://wpvip.com/blog/wordpress-workflow-automation/,0,0,0.00,0.11,51,"11, 64, 29, 52, 64, 64, 29, 41, 29, 23, 29, 100",2026-07-03,"Sitelinks, Reviews, Video, Video Carousel, People also ask, Related searches, AI overview",informational,Organic
caching marketing,22,22,50,11,0.00,https://wpvip.com/blog/caching/,0,0,0.00,0,134,"11, 11, 33, 55, 55, 55, 77, 77, 55, 77, 77, 100",2026-07-15,"Sitelinks, Reviews, Video, People also ask, AI overview",informational,Organic
what is dns ttl,18,18,170,32,2.59,https://docs.wpvip.com/domains/check-dns-record-time-to-live/,0,0,0.00,0.02,121,"19, 29, 29, 29, 15, 36, 15, 36, 36, 12, 12, 29",2026-06-20,"Sitelinks, Video, Video Carousel, People also ask, Related searches, Short videos, AI overview",informational,Organic
evaluate the digital publishing company wordpress on digital publishing,7,7,40,16,0.00,https://wpvip.com/resource/digital-publishing-trends-whitepaper/,0,0,0.00,0,31300000,"7, 64, 14, 100, 64, 7, 7, 21, 21, 21",2026-06-14,"Sitelinks, Reviews, Video, People also ask, Related searches, AI overview",informational,Organic
evaluate the digital publishing company wordpress on digital publishing,80,80,40,16,0.00,https://wpvip.com/resource/digital-publishing-trends-whitepaper/,0,0,0.00,0,31300000,"7, 64, 14, 100, 64, 7, 7, 21, 21, 21",2026-06-14,"Sitelinks, Reviews, Video, People also ask, Related searches, AI overview",informational,Organic
web analytics tools list,6,6,40,29,0.00,https://wpvip.com/blog/web-analytics-software-tools/,0,0,0.00,0.33,127,"28, 14, 35, 100, 64, 35, 14, 14, 14, 14, 21, 14",2026-06-15,"Sitelinks, Video, Related searches, Ads middle, AI overview",informational,Organic
find and replace in wordpress,23,23,50,25,1.46,https://docs.wpvip.com/vip-cli/wp-cli-with-vip-cli/search-replace/,0,0,0.00,0.07,125,"77, 77, 77, 77, 77, 77, 77, 55, 22, 33, 22, 22",2026-07-14,"Sitelinks, Reviews, Video, Video Carousel, People also ask, Related searches, AI overview",informational,Organic
wordpress 2fa,2,2,320,54,2.82,https://docs.wpvip.com/security-controls/wordpress/enforce-2fa/,0,0,0.00,0.11,101,"81, 66, 66, 44, 66, 54, 44, 35, 35, 28, 44, 66",2026-07-06,"Sitelinks, Reviews, Video, Video Carousel, People also ask, Related searches, AI overview",informational,AI overview
add expires headers wordpress,59,59,40,12,0.00,https://docs.wpvip.com/caching/page-cache/customize-behavior/cache-control-headers/,0,0,0.00,0.33,105,"17, 82, 11, 23, 11, 29, 11, 11, 11, 11, 17, 52",2026-06-08,"Sitelinks, Video, Video Carousel, People also ask, Related searches, Discussions and forums, AI overview",informational,Organic
wordpress test website,8,8,40,18,4.55,https://docs.wpvip.com/launch-a-site/testing-your-site/,0,0,0.00,0.12,107,"42, 7, 7, 7, 7, 7, 7, 7, 7, 7, 7, 42",2026-06-23,"Sitelinks, Video, Video Carousel, Related searches, AI overview",informational,Organic
wordpress vip hosting,1,1,40,25,17.68,https://wpvip.com/,0,0,0.00,0.18,131,"18, 27, 36, 27, 27, 36, 18, 18, 45, 36, 45, 63",2026-07-20,"Sitelinks, Reviews, Video, People also ask, Related searches, Discussions and forums, AI overview",informational,AI overview
wordpress vip hosting,1,1,40,25,17.68,https://wpvip.com/blog/wordpress-org-vs-wordpress-com-vs-wordpress-vip-whats-the-difference/,0,0,0.00,0.18,131,"18, 27, 36, 27, 27, 36, 18, 18, 45, 36, 45, 63",2026-07-20,"Sitelinks, Reviews, Video, People also ask, Related searches, Discussions and forums, AI overview",informational,AI overview
wordpress vip hosting,1,1,40,25,17.68,https://wpvip.com/blog/wordpress-org-vs-wordpress-com-vs-wordpress-vip-whats-the-difference/,0,0,0.00,0.18,131,"18, 27, 36, 27, 27, 36, 18, 18, 45, 36, 45, 63",2026-07-20,"Sitelinks, Reviews, Video, People also ask, Related searches, Discussions and forums, AI overview",informational,AI overview
wordpress vip hosting,1,1,40,25,17.68,https://wpvip.com/,0,0,0.00,0.18,131,"18, 27, 36, 27, 27, 36, 18, 18, 45, 36, 45, 63",2026-07-20,"Sitelinks, Reviews, Video, People also ask, Related searches, Discussions and forums, AI overview",informational,Organic
cms software examples,58,58,210,39,3.41,https://wpvip.com/blog/10-best-enterprise-content-management-systems/?itm_source=parsely-api,0,0,0.00,0.15,126,"4, 43, 43, 54, 66, 43, 43, 35, 43, 66, 66, 54",2026-07-05,"Sitelinks, Reviews, Video, Video Carousel, People also ask, Related searches, Discussions and forums, AI overview",commercial,Organic
cache control no store no cache,27,27,110,46,0.00,https://docs.wpvip.com/caching/page-cache/customize-behavior/cache-control-headers/,0,0,0.00,0.33,110,"80, 80, 65, 42, 34, 34, 42, 53, 0, 53, 0, 0",2026-05-29,"Sitelinks, Video, People also ask, Related searches, Discussions and forums, AI overview",informational,Organic
tagging method,27,27,40,13,0.00,https://wpvip.com/blog/5-tagging-best-practices-content-strategy/,0,0,0.00,0.33,123,"14, 14, 14, 14, 78, 14, 14, 14, 14, 78, 14, 14",2026-07-19,"Video, Video Carousel, People also ask, Related searches",informational,Organic
robots txt wordpress,1,1,140,28,1.11,https://docs.wpvip.com/security-controls/robots-txt/,0,0,0.00,0.33,125,"11, 8, 8, 28, 15, 11, 11, 81, 100, 3, 1, 0",2026-06-17,"Sitelinks, Reviews, Video, Video Carousel, People also ask, Related searches, AI overview",informational,AI overview
wordpress vip agency partners,1,1,90,16,0.00,https://wpvip.com/wordpress-ecosystem/,0,0,0.00,0.24,106,"17, 11, 41, 52, 29, 11, 23, 64, 82, 82, 82, 100",2026-07-13,"Reviews, Video, Related searches, AI overview",informational,AI overview
wordpress vip agency partners,4,4,90,16,0.00,https://wpvip.com/partner-application/,0,0,0.00,0.24,106,"17, 11, 41, 52, 29, 11, 23, 64, 82, 82, 82, 100",2026-07-13,"Reviews, Video, Related searches, AI overview",informational,Organic
wordpress vip agency partners,7,7,90,16,0.00,https://wpvip.com/partners/technology-partners/,0,0,0.00,0.24,106,"17, 11, 41, 52, 29, 11, 23, 64, 82, 82, 82, 100",2026-07-13,"Reviews, Video, Related searches, AI overview",informational,Organic
wordpress vip agency partners,17,17,90,16,0.00,https://wpvip.com/,0,0,0.00,0.24,106,"17, 11, 41, 52, 29, 11, 23, 64, 82, 82, 82, 100",2026-07-13,"Reviews, Video, Related searches, AI overview",informational,Organic
wordpress vip agency partners,20,20,90,16,0.00,https://wpvip.com/why-become-a-wordpress-vip-partner-agency/,0,0,0.00,0.24,106,"17, 11, 41, 52, 29, 11, 23, 64, 82, 82, 82, 100",2026-07-13,"Reviews, Video, Related searches, AI overview",informational,Organic
wordpress vip agency partners,21,21,90,16,0.00,https://wpvip.com/why-become-a-wordpress-vip-partner-agency/,0,0,0.00,0.24,106,"17, 11, 41, 52, 29, 11, 23, 64, 82, 82, 82, 100",2026-07-13,"Reviews, Video, Related searches, AI overview",informational,Organic
wordpress vip agency partners,27,27,90,16,0.00,https://wpvip.com/partner/syde/,0,0,0.00,0.24,106,"17, 11, 41, 52, 29, 11, 23, 64, 82, 82, 82, 100",2026-07-13,"Reviews, Video, Related searches, AI overview",informational,Organic
wordpress vip agency partners,38,38,90,16,0.00,https://wpvip.com/partner/10up/,0,0,0.00,0.24,106,"17, 11, 41, 52, 29, 11, 23, 64, 82, 82, 82, 100",2026-07-13,"Reviews, Video, Related searches, AI overview",informational,Organic
wordpress vip agency partners,45,45,90,16,0.00,https://wpvip.com/why-become-a-wordpress-vip-partner-tech/,0,0,0.00,0.24,106,"17, 11, 41, 52, 29, 11, 23, 64, 82, 82, 82, 100",2026-07-13,"Reviews, Video, Related searches, AI overview",informational,Organic
wordpress vip agency partners,54,54,90,16,0.00,https://wpvip.com/blog/agency-partner-showcase-media-publishing-success/,0,0,0.00,0.24,106,"17, 11, 41, 52, 29, 11, 23, 64, 82, 82, 82, 100",2026-07-13,"Reviews, Video, Related searches, AI overview",informational,Organic
wordpress vip agency partners,56,56,90,16,0.00,https://wpvip.com/partner-announcements/human-made-wordpress-vip-gold-agency-partner/,0,0,0.00,0.24,106,"17, 11, 41, 52, 29, 11, 23, 64, 82, 82, 82, 100",2026-07-13,"Reviews, Video, Related searches, AI overview",informational,Organic
wordpress vip agency partners,59,59,90,16,0.00,https://wpvip.com/wordpress-vip-agile-content-platform/,0,0,0.00,0.24,106,"17, 11, 41, 52, 29, 11, 23, 64, 82, 82, 82, 100",2026-07-13,"Reviews, Video, Related searches, AI overview",informational,Organic
wordpress vip agency partners,62,62,90,16,0.00,https://wpvip.com/partner/rtcamp/,0,0,0.00,0.24,106,"17, 11, 41, 52, 29, 11, 23, 64, 82, 82, 82, 100",2026-07-13,"Reviews, Video, Related searches, AI overview",informational,Organic
wordpress vip agency partners,66,66,90,16,0.00,https://wpvip.com/contact/,0,0,0.00,0.24,106,"17, 11, 41, 52, 29, 11, 23, 64, 82, 82, 82, 100",2026-07-13,"Reviews, Video, Related searches, AI overview",informational,Organic
wordpress vip agency partners,68,68,90,16,0.00,https://wpvip.com/partner/the-code-company/,0,0,0.00,0.24,106,"17, 11, 41, 52, 29, 11, 23, 64, 82, 82, 82, 100",2026-07-13,"Reviews, Video, Related searches, AI overview",informational,Organic
wordpress vip agency partners,69,69,90,16,0.00,https://wpvip.com/about/,0,0,0.00,0.24,106,"17, 11, 41, 52, 29, 11, 23, 64, 82, 82, 82, 100",2026-07-13,"Reviews, Video, Related searches, AI overview",informational,Organic
wordpress vip agency partners,72,72,90,16,0.00,https://wpvip.com/wordpress-ecosystem/,0,0,0.00,0.24,106,"17, 11, 41, 52, 29, 11, 23, 64, 82, 82, 82, 100",2026-07-13,"Reviews, Video, Related searches, AI overview",informational,Organic
wordpress vip agency partners,73,73,90,16,0.00,https://wpvip.com/partner-announcements/itineris-wordpress-vip-partner/,0,0,0.00,0.24,106,"17, 11, 41, 52, 29, 11, 23, 64, 82, 82, 82, 100",2026-07-13,"Reviews, Video, Related searches, AI overview",informational,Organic
wordpress vip agency partners,74,74,90,16,0.00,https://wpvip.com/partner/mavlers/,0,0,0.00,0.24,106,"17, 11, 41, 52, 29, 11, 23, 64, 82, 82, 82, 100",2026-07-13,"Reviews, Video, Related searches, AI overview",informational,Organic
wordpress vip agency partners,75,75,90,16,0.00,https://wpvip.com/blog/,0,0,0.00,0.24,106,"17, 11, 41, 52, 29, 11, 23, 64, 82, 82, 82, 100",2026-07-13,"Reviews, Video, Related searches, AI overview",informational,Organic
wordpress vip agency partners,76,76,90,16,0.00,https://wpvip.com/events/,0,0,0.00,0.24,106,"17, 11, 41, 52, 29, 11, 23, 64, 82, 82, 82, 100",2026-07-13,"Reviews, Video, Related searches, AI overview",informational,Organic
wordpress vip agency partners,77,77,90,16,0.00,https://wpvip.com/pricing/,0,0,0.00,0.24,106,"17, 11, 41, 52, 29, 11, 23, 64, 82, 82, 82, 100",2026-07-13,"Reviews, Video, Related searches, AI overview",informational,Organic
wordpress vip agency partners,79,79,90,16,0.00,https://wpvip.com/solutions/,0,0,0.00,0.24,106,"17, 11, 41, 52, 29, 11, 23, 64, 82, 82, 82, 100",2026-07-13,"Reviews, Video, Related searches, AI overview",informational,Organic
wordpress vip agency partners,80,80,90,16,0.00,https://wpvip.com/partners/strategic-alliances/,0,0,0.00,0.24,106,"17, 11, 41, 52, 29, 11, 23, 64, 82, 82, 82, 100",2026-07-13,"Reviews, Video, Related searches, AI overview",informational,Organic
wordpress vip agency partners,81,81,90,16,0.00,https://wpvip.com/contact/,0,0,0.00,0.24,106,"17, 11, 41, 52, 29, 11, 23, 64, 82, 82, 82, 100",2026-07-13,"Reviews, Video, Related searches, AI overview",informational,Organic
wordpress vip agency partners,82,82,90,16,0.00,https://wpvip.com/pricing/,0,0,0.00,0.24,106,"17, 11, 41, 52, 29, 11, 23, 64, 82, 82, 82, 100",2026-07-13,"Reviews, Video, Related searches, AI overview",informational,Organic
wordpress vip agency partners,84,84,90,16,0.00,https://wpvip.com/blog/,0,0,0.00,0.24,106,"17, 11, 41, 52, 29, 11, 23, 64, 82, 82, 82, 100",2026-07-13,"Reviews, Video, Related searches, AI overview",informational,Organic
wordpress vip agency partners,85,85,90,16,0.00,https://wpvip.com/capabilities/enterprise-wordpress-hosting/,0,0,0.00,0.24,106,"17, 11, 41, 52, 29, 11, 23, 64, 82, 82, 82, 100",2026-07-13,"Reviews, Video, Related searches, AI overview",informational,Organic
wordpress vip agency partners,86,86,90,16,0.00,https://wpvip.com/wordpress-platform/,0,0,0.00,0.24,106,"17, 11, 41, 52, 29, 11, 23, 64, 82, 82, 82, 100",2026-07-13,"Reviews, Video, Related searches, AI overview",informational,Organic
wordpress vip agency partners,87,87,90,16,0.00,https://wpvip.com/author/wordpressvipteam/,0,0,0.00,0.24,106,"17, 11, 41, 52, 29, 11, 23, 64, 82, 82, 82, 100",2026-07-13,"Reviews, Video, Related searches, AI overview",informational,Organic
wordpress vip agency partners,89,89,90,16,0.00,https://wpvip.com/wordpress-vip-for-developers/,0,0,0.00,0.24,106,"17, 11, 41, 52, 29, 11, 23, 64, 82, 82, 82, 100",2026-07-13,"Reviews, Video, Related searches, AI overview",informational,Organic
wordpress vip agency partners,90,90,90,16,0.00,https://wpvip.com/solutions/,0,0,0.00,0.24,106,"17, 11, 41, 52, 29, 11, 23, 64, 82, 82, 82, 100",2026-07-13,"Reviews, Video, Related searches, AI overview",informational,Organic
wordpress vip agency partners,91,91,90,16,0.00,https://wpvip.com/blog/what-is-wordpress-vip/,0,0,0.00,0.24,106,"17, 11, 41, 52, 29, 11, 23, 64, 82, 82, 82, 100",2026-07-13,"Reviews, Video, Related searches, AI overview",informational,Organic
wordpress vip agency partners,92,92,90,16,0.00,https://wpvip.com/services/,0,0,0.00,0.24,106,"17, 11, 41, 52, 29, 11, 23, 64, 82, 82, 82, 100",2026-07-13,"Reviews, Video, Related searches, AI overview",informational,Organic
wordpress vip agency partners,93,93,90,16,0.00,https://wpvip.com/partner/team-201/,0,0,0.00,0.24,106,"17, 11, 41, 52, 29, 11, 23, 64, 82, 82, 82, 100",2026-07-13,"Reviews, Video, Related searches, AI overview",informational,Organic
wordpress vip agency partners,94,94,90,16,0.00,https://customerhub.wpvip.com/lobby/2024/02/12/ndevr-wordpress-vip-gold-agency-partner/,0,0,0.00,0.24,106,"17, 11, 41, 52, 29, 11, 23, 64, 82, 82, 82, 100",2026-07-13,"Reviews, Video, Related searches, AI overview",informational,Organic
wordpress vip agency partners,95,95,90,16,0.00,https://wpvip.com/blog/why-customers-love-wordpress-vip/,0,0,0.00,0.24,106,"17, 11, 41, 52, 29, 11, 23, 64, 82, 82, 82, 100",2026-07-13,"Reviews, Video, Related searches, AI overview",informational,Organic
wordpress vip agency partners,96,96,90,16,0.00,https://wpvip.com/partners/service-partners/team-201/,0,0,0.00,0.24,106,"17, 11, 41, 52, 29, 11, 23, 64, 82, 82, 82, 100",2026-07-13,"Reviews, Video, Related searches, AI overview",informational,Organic
wordpress vip agency partners,97,97,90,16,0.00,https://wpvip.com/products/,0,0,0.00,0.24,106,"17, 11, 41, 52, 29, 11, 23, 64, 82, 82, 82, 100",2026-07-13,"Reviews, Video, Related searches, AI overview",informational,Organic
wordpress vip agency partners,98,98,90,16,0.00,https://wpvip.com/blog/run-the-web-vip/,0,0,0.00,0.24,106,"17, 11, 41, 52, 29, 11, 23, 64, 82, 82, 82, 100",2026-07-13,"Reviews, Video, Related searches, AI overview",informational,Organic
wordpress vip agency partners,99,99,90,16,0.00,https://docs.wpvip.com/,0,0,0.00,0.24,106,"17, 11, 41, 52, 29, 11, 23, 64, 82, 82, 82, 100",2026-07-13,"Reviews, Video, Related searches, AI overview",informational,Organic
wordpress vip agency partners,100,100,90,16,0.00,https://customerhub.wpvip.com/lobby/,0,0,0.00,0.24,106,"17, 11, 41, 52, 29, 11, 23, 64, 82, 82, 82, 100",2026-07-13,"Reviews, Video, Related searches, AI overview",informational,Organic
bionic wp,23,23,40,23,7.34,https://wpvip.com/,0,0,0.00,0.33,159,"15, 0, 11, 15, 11, 0, 0, 0, 53, 3, 53, 42",2026-06-27,"Sitelinks, Reviews, Video, People also ask, Related searches",navigational,Organic
http stale while revalidate,22,22,40,31,0.00,https://docs.wpvip.com/caching/page-cache/http-headers/stale-responses/,0,0,0.00,0.33,113,"11, 11, 11, 11, 11, 64, 100, 11, 11, 11, 11, 11",2026-07-15,"Sitelinks, Video, Related searches, AI overview",informational,Organic
mindgrub careers,25,25,50,12,0.00,https://wpvip.com/partner/mindgrub/,0,0,0.00,0.01,2530,"45, 36, 45, 45, 36, 36, 36, 36, 81, 81, 45, 63",2026-05-31,"Video, Jobs search, Related searches",commercial,Organic
content marketing strategy goals,57,57,90,42,0.00,https://wpvip.com/blog/content-marketing-goals/,0,0,0.00,0.33,139,"41, 100, 64, 82, 82, 29, 23, 17, 52, 17, 29, 29",2026-06-14,"Sitelinks, Reviews, Video, Video Carousel, People also ask, Related searches, AI overview",informational,Organic
wordpress hosting secure,11,11,40,48,20.18,https://wpvip.com/blog/secure-wordpress-hosting/,0,0,0.00,0.1,144,"7, 7, 50, 50, 28, 7, 0, 14, 14, 14, 50, 100",2026-07-01,"Sitelinks, Video, Related searches, AI overview",informational,Organic
testwp,45,45,30,5,1.85,https://docs.wpvip.com/launch-a-site/testing-your-site/,0,0,0.00,0.33,401000,"0, 7, 0, 0, 7, 0, 7, 53, 0, 0, 53, 0",2026-07-09,"Reviews, Video, Video Carousel, Related searches",transactional,Organic
evaluate the digital publishing company wordpress on seo for publishers,9,9,50,3,0.00,https://wpvip.com/case-studies/defining-the-digital-publishing-playbook-across-brands-pmc/,0,0,0.00,0,960000,"0, 14, 7, 100, 78, 50, 14, 14, 14, 28, 50",2026-07-12,"Sitelinks, Reviews, Video, People also ask, AI overview",informational,Organic
evaluate the digital publishing company wordpress on seo for publishers,12,12,50,3,0.00,https://wpvip.com/case-studies/defining-the-digital-publishing-playbook-across-brands-pmc/,0,0,0.00,0,960000,"0, 14, 7, 100, 78, 50, 14, 14, 14, 28, 50",2026-07-12,"Sitelinks, Reviews, Video, People also ask, AI overview",informational,Organic
evaluate the digital publishing company wordpress on seo for publishers,80,80,50,3,0.00,https://wpvip.com/blog/digital-publishing-trends-media-guide/,0,0,0.00,0,960000,"0, 14, 7, 100, 78, 50, 14, 14, 14, 28, 50",2026-07-12,"Sitelinks, Reviews, Video, People also ask, AI overview",informational,Organic
file vip,63,63,50,4,0.00,https://docs.wpvip.com/changelog/infrastructure/vip-file-system-performance-improvements/,0,0,0.00,0.33,103,"18, 100, 100, 100, 18, 63, 18, 18, 18, 18, 18, 18",2026-06-05,"Image pack, Sitelinks, Video, People also ask, Related searches, AI overview",informational,Organic
enterprise content management architecture,47,47,170,25,0.00,https://wpvip.com/blog/enterprise-content-management-strategy/,0,0,0.00,0.33,136,"35, 43, 28, 100, 66, 28, 5, 10, 28, 53, 35, 43",2026-06-03,"Image pack, Video, Ads top, Ads bottom, Video Carousel, Related searches, AI overview",informational,Organic
php 8.2.10 release date,42,42,90,24,0.00,https://customerhub.wpvip.com/lobby/2024/03/25/php-8-2-update-timeline/,0,0,0.00,0,147,"0, 0, 15, 3, 12, 81, 100, 21, 28",2026-07-01,"Video, People also ask, Related searches, AI overview",informational,Organic
wp business,14,14,110,57,7.00,https://wpvip.com/,0,0,0.00,0.14,131,"2, 2, 4, 100, 17, 2, 2, 2, 0, 2, 2, 2",2026-07-06,"Sitelinks, Reviews, Video, Video Carousel, People also ask, Related searches, Ads middle, AI overview","commercial, informational",Organic
what is a content security policy,22,22,50,44,2.59,https://wpvip.com/blog/content-security-policy-guide/,0,0,0.00,0.07,168,"0, 64, 64, 21, 35, 78, 28, 14, 7, 28, 35, 78",2026-06-27,"Sitelinks, Reviews, Video, Video Carousel, People also ask, Related searches, Short videos, AI overview",informational,Organic
subscription media news,14,14,50,32,0.00,https://wpvip.com/blog/subscription-models-media-growth/,0,0,0.00,0,1640,"9, 19, 100, 52, 0, 0, 0",2026-06-12,"Reviews, Video, Ads bottom, People also ask, Related searches, Ads middle, AI overview","commercial, informational",Organic
aeo content structure for b2b saas platforms,38,38,140,5,0.00,https://wpvip.com/blog/answer-engine-optimization-strategies/,0,0,0.00,0,185,"100, 0",2026-06-15,"Video, Video Carousel, People also ask, Discussions and forums, AI overview",informational,Organic
wordpress multisites,5,5,40,34,19.07,https://wpvip.com/glossary/wordpress-multisite/,0,0,0.00,0.3,106,"2, 2, 23, 2, 100, 2, 0, 2, 2, 0, 0, 2",2026-07-12,"Sitelinks, Reviews, Video, Video Carousel, Related searches, AI overview",informational,Organic
wordpress multisites,18,18,40,34,19.07,https://wpvip.com/blog/wordpress-multisite/,0,0,0.00,0.3,106,"2, 2, 23, 2, 100, 2, 0, 2, 2, 0, 0, 2",2026-07-12,"Sitelinks, Reviews, Video, Video Carousel, Related searches, AI overview",informational,Organic
wordpress multisites,37,37,40,34,19.07,https://docs.wpvip.com/wordpress-on-vip/multisites/,0,0,0.00,0.3,106,"2, 2, 23, 2, 100, 2, 0, 2, 2, 0, 0, 2",2026-07-12,"Sitelinks, Reviews, Video, Video Carousel, Related searches, AI overview",informational,Organic
wordpress multisites,39,39,40,34,19.07,https://docs.wpvip.com/wordpress-on-vip/multisites/,0,0,0.00,0.3,106,"2, 2, 23, 2, 100, 2, 0, 2, 2, 0, 0, 2",2026-07-12,"Sitelinks, Reviews, Video, Video Carousel, Related searches, AI overview",informational,Organic
how to choose a headless cms for enterprise-level digital experiences,1,1,50,0,0.00,https://wpvip.com/blog/headless-cms-for-enterprise/,0,0,0.00,0,174,"50, 100, 50, 21, 28, 0, 7, 14",2026-07-11,"Sitelinks, Video, Discussions and forums, AI overview",informational,AI overview
how to choose a headless cms for enterprise-level digital experiences,94,94,50,0,0.00,https://wpvip.com/resources/ebooks/headless-cms-guide/,0,0,0.00,0,174,"50, 100, 50, 21, 28, 0, 7, 14",2026-07-11,"Sitelinks, Video, Discussions and forums, AI overview",informational,Organic
open source benefits,18,18,90,32,0.00,https://wpvip.com/blog/how-open-source-software-benefits-businesses/,0,0,0.00,0.33,127,"14, 35, 35, 78, 78, 64, 35, 100, 78, 78, 64, 78",2026-06-13,"Reviews, Video, Video Carousel, People also ask, Related searches, Discussions and forums, AI overview",informational,Organic
enterprise+content+management+strategy,14,14,30,25,14.24,https://wpvip.com/blog/enterprise-content-management-strategy/,0,0,0.00,0.04,137,"55, 33, 33, 33, 77, 33, 33, 22, 22, 11, 11, 0",2026-07-17,"Reviews, Video, Video Carousel, Related searches",informational,Organic
website analyses,9,9,110,49,6.27,https://wpvip.com/blog/web-analytics-software-tools/,0,0,0.00,0.16,134,"19, 12, 19, 29, 36, 36, 1, 0, 9, 2, 4, 23",2026-06-11,"Image pack, Sitelinks, Video, People also ask, Related searches, Things to know, AI overview",informational,Things to know
wordpress flush_rewrite_rules documentation,32,32,70,24,0.00,https://wpvip.com/blog/new-plugin-rewrite-rules-inspector/,0,0,0.00,0,117,"11, 41, 100, 82, 64, 29, 5",2026-06-12,"Sitelinks, Reviews, Video, People also ask, Related searches, Discussions and forums, AI overview",informational,Organic
word press.com,35,35,320,100,3.38,https://wpvip.com/,0,0,0.00,0.43,0,"7, 3, 3, 7, 8, 34, 2, 16, 3, 34, 4, 13",2026-06-29,"Sitelinks, Reviews, Video, Ads bottom, Video Carousel, People also ask, AI overview",navigational,Organic
web-vitals,53,53,720,79,5.62,https://wpvip.com/glossary/core-web-vitals/,0,0,0.00,0.23,133,"3, 7, 100, 82, 55, 3, 8, 0, 3, 1, 8, 13",2026-06-02,"Sitelinks, Video, Video Carousel, People also ask, Related searches, Short videos, Things to know, AI overview",informational,Organic
wordpress hosting with soc 2 certification,1,1,70,9,0.00,https://wpvip.com/blog/soc2-type1-attestation/,0,0,0.00,0,178,"45, 18, 63, 81, 63, 81, 81, 100, 63, 45, 45, 45",2026-06-30,"Sitelinks, Video, People also ask, Related searches, Discussions and forums, Ads middle, AI overview",informational,AI overview
wordpress hosting with soc 2 certification,1,1,70,9,0.00,https://wpvip.com/trust/,0,0,0.00,0,178,"45, 18, 63, 81, 63, 81, 81, 100, 63, 45, 45, 45",2026-06-30,"Sitelinks, Video, People also ask, Related searches, Discussions and forums, Ads middle, AI overview",informational,AI overview
wordpress hosting with soc 2 certification,39,39,70,9,0.00,https://wpvip.com/trust/,0,0,0.00,0,178,"45, 18, 63, 81, 63, 81, 81, 100, 63, 45, 45, 45",2026-06-30,"Sitelinks, Video, People also ask, Related searches, Discussions and forums, Ads middle, AI overview",informational,Organic
ip block wordpress,12,12,40,20,1.48,https://docs.wpvip.com/security-controls/ip-restrictions/,0,0,0.00,0.08,125,"18, 18, 18, 27, 27, 100, 45, 36, 36, 18, 18, 18",2026-06-18,"Sitelinks, Reviews, Video, Video Carousel, People also ask, Related searches, Discussions and forums, AI overview",informational,Organic
benefits of headless wordpress,13,13,90,19,0.00,https://wpvip.com/blog/headless-wordpress-tradeoffs/,0,0,0.00,0.01,132,"78, 35, 35, 78, 78, 64, 100, 50, 50, 50, 50, 35",2026-06-17,"Sitelinks, Reviews, Video, Video Carousel, Related searches, Discussions and forums, AI overview",informational,Organic
wordpress premium support,36,36,50,14,12.36,https://wpvip.com/,0,0,0.00,0.11,103,"14, 78, 14, 78, 78, 28, 35, 21, 35, 50, 28, 35",2026-06-09,"People also ask, Related searches","informational, navigational",Organic
how to find fully qualified domain name,45,45,90,32,0.00,https://docs.wpvip.com/domains/fqdn/,0,0,0.00,0.01,156,"100, 78, 78, 64, 64, 78, 64, 50, 50, 35, 50, 78",2026-06-08,"Sitelinks, Video, Ads bottom, Video Carousel, People also ask, Related searches, Ads middle, AI overview",informational,Organic
enterprise product information management,51,51,170,36,0.00,https://wpvip.com/blog/pim-benefits-and-use-cases/,0,0,0.00,0.33,136,"53, 42, 26, 100, 100, 34, 100, 7, 80, 80, 53, 65",2026-05-28,"Sitelinks, Video, Video Carousel, People also ask, Related searches, AI overview",informational,Organic
atlas headless wordpress,25,25,70,8,0.00,https://wpvip.com/headless-wordpress/,0,0,0.00,0.33,126,"9, 9, 9, 23, 33, 23, 33, 42, 33, 100, 33, 14",2026-06-08,"Sitelinks, Video, Ads top, Ads bottom, Video Carousel, Related searches, Discussions and forums, AI overview",informational,Organic
best analytics platforms for web integration 2025,18,18,40,20,0.00,https://wpvip.com/blog/web-analytics-software-tools/,0,0,0.00,0,180,"100, 71, 0",2026-05-27,"Sitelinks, Video, Related searches, AI overview",commercial,Organic
content marketing and blogging,9,9,70,40,8.12,https://wpvip.com/blog/8-types-of-content-marketing/,0,0,0.00,0.04,152,"35, 21, 64, 100, 64, 14, 64, 100, 50, 35, 28, 35",2026-07-04,"Sitelinks, Reviews, Video, Video Carousel, People also ask, Related searches, Discussions and forums, AI overview",informational,Organic
worpres,18,18,140,95,2.95,https://wpvip.com/future-of-the-web-2026/,0,0,0.00,0.41,0,"0, 81, 15, 12, 36, 19, 44, 12, 0, 0, 0, 12",2026-06-24,"Top stories, Sitelinks, Reviews, Video, Video Carousel, People also ask, Related searches",navigational,Organic
need fastest fedramp certification services for our cloud company urgently,25,25,40,26,0.00,https://wpvip.com/blog/wordpress-vip-is-fedramp-authorized/,0,0,0.00,0,43700,"11, 100, 44, 55, 55, 77, 0",2026-06-25,"Sitelinks, Video, People also ask, Related searches, AI overview",informational,Organic
wordpress erp system,33,33,70,17,7.02,https://wpvip.com/,0,0,0.00,0.3,147,"81, 81, 81, 45, 81, 63, 63, 45, 81, 45, 36, 63",2026-06-17,"Sitelinks, Reviews, Video, Video Carousel, People also ask, Related searches, AI overview",informational,Organic
zendesk wordpress plugin,31,31,40,30,0.00,https://docs.wpvip.com/manage-user-access/zendesk/,0,0,0.00,0.2,115,"11, 11, 29, 41, 29, 41, 29, 11, 11, 11, 17, 23",2026-06-30,"Reviews, Video, Video Carousel, People also ask, Related searches, AI overview",informational,Organic
wordpress wp-json api,1,1,70,29,0.00,https://docs.wpvip.com/wordpress-on-vip/wordpress-rest-api/,0,0,0.00,0.01,107,"28, 34, 28, 21, 34, 43, 21, 0, 21, 0, 21, 21",2026-06-11,"Sitelinks, Reviews, Video, Video Carousel, Related searches, AI overview",informational,AI overview
wordpress wp-json api,5,5,70,29,0.00,https://docs.wpvip.com/wordpress-on-vip/wordpress-rest-api/,0,0,0.00,0.01,107,"28, 34, 28, 21, 34, 43, 21, 0, 21, 0, 21, 21",2026-06-11,"Sitelinks, Reviews, Video, Video Carousel, Related searches, AI overview",informational,Organic
wordpress content directory,15,15,70,24,0.00,https://docs.wpvip.com/wordpress-skeleton/plugins-directory/,0,0,0.00,0.03,102,"18, 100, 18, 100, 18, 100, 100, 63, 36, 45, 18, 18",2026-06-03,"Sitelinks, Video, Video Carousel, People also ask, Related searches, AI overview",informational,Organic
enterprise cms e-commerce crm erp integration 2025,87,87,40,9,0.00,https://wpvip.com/blog/enterprise-cms/,0,0,0.00,0,233000,"100, 0, 0",2026-05-19,"Sitelinks, Video, Related searches, AI overview",informational,Organic
enterprise cms platforms,25,25,260,23,33.04,https://wpvip.com/blog/10-best-enterprise-content-management-systems/,0,0,0.00,0.35,127,"65, 43, 65, 81, 53, 100, 100, 81, 100, 81, 81, 81",2026-07-03,"Sitelinks, Reviews, Video, People also ask, Related searches, AI overview",commercial,Organic
enterprise cms platforms,30,30,260,23,33.04,https://wpvip.com/blog/10-best-enterprise-content-management-systems/,0,0,0.00,0.35,127,"65, 43, 65, 81, 53, 100, 100, 81, 100, 81, 81, 81",2026-07-03,"Sitelinks, Reviews, Video, People also ask, Related searches, AI overview",commercial,Organic
6.8.3,43,43,50,25,0.00,https://customerhub.wpvip.com/lobby/2025/09/30/wordpress-6-8-3-security-release/,0,0,0.00,0.33,171,"0, 0, 0, 9, 15, 12, 100, 0, 0, 53, 0, 28",2026-06-06,"Sitelinks, Video, AI overview",informational,Organic
explain analyze sql,26,26,50,30,0.00,https://learn.wpvip.com/lesson/using-explain-to-analyze-sql-queries/,0,0,0.00,0.01,116,"29, 11, 11, 64, 11, 11, 100, 11, 11, 29, 11, 11",2026-06-21,"Sitelinks, Video, People also ask, Related searches, Discussions and forums, AI overview",informational,Organic
explain analyze sql,30,30,50,30,0.00,https://learn.wpvip.com/lesson/using-explain-to-analyze-sql-queries/,0,0,0.00,0.01,116,"29, 11, 11, 64, 11, 11, 100, 11, 11, 29, 11, 11",2026-06-21,"Sitelinks, Video, People also ask, Related searches, Discussions and forums, AI overview",informational,Organic
why is google showing up as referral traffic,15,15,40,25,0.00,https://wpvip.com/blog/google-traffic-referral-sources/,0,0,0.00,0,131,"0, 0, 15, 100, 11, 7, 3, 3, 11, 3, 3, 3",2026-07-11,"Sitelinks, Reviews, Video, Video Carousel, People also ask, Related searches, AI overview",informational,Organic
vip .com,13,0,30,43,2.97,https://dashboard.wpvip.com/,0,0,0.00,0.03,1110000000,"0, 0, 0, 0, 0, 0, 0, 100, 0, 0, 0, 0",2026-07-22,"Reviews, Video, People also ask, AI overview",informational,Organic
website analytics solutions,25,25,70,38,0.00,https://wpvip.com/blog/web-analytics-software-tools/,0,0,0.00,0.01,137,"14, 52, 66, 100, 23, 14, 14, 14, 14, 9, 9, 33",2026-06-03,"Video, People also ask, Related searches, AI overview",informational,Organic
wordpress hardening guide official docs,39,39,40,17,0.00,https://docs.wpvip.com/,0,0,0.00,0,111,"100, 57, 42, 42",2026-05-19,"Sitelinks, Video, Related searches, AI overview",informational,Organic
wordpress pentest,20,20,50,23,15.28,https://docs.wpvip.com/security/penetration-testing/,0,0,0.00,0.26,129,"18, 27, 63, 63, 63, 100, 36, 81, 18, 18, 18, 18",2026-06-03,"Sitelinks, Video, Ads bottom, Related searches",informational,Organic
xmlrpc xmlrpc,19,19,390,53,1.48,https://docs.wpvip.com/security-controls/wordpress/xml-rpc/,0,0,0.00,0.01,130,"54, 54, 23, 23, 54, 81, 81, 100, 81, 66, 54, 54",2026-07-06,"Sitelinks, Reviews, Video, Video Carousel, Related searches, Discussions and forums, AI overview",informational,Organic
aeo optimisation,40,40,90,50,6.71,https://wpvip.com/blog/answer-engine-optimization-strategies/,0,0,0.00,0.27,131,"0, 0, 0, 0, 0, 26, 100, 34, 42, 65, 53, 100",2026-07-09,"Sitelinks, Reviews, Video, Ads top, Video Carousel, People also ask, Related searches, Ads middle, AI overview",informational,Organic
vip launch,24,24,30,0,1.35,https://wpvip.com/services/launch-day/,0,0,0.00,0.02,237,"0, 0, 0, 0, 0, 0, 0, 0, 7, 0, 100, 0",2026-07-22,"Image pack, Sitelinks, Reviews, Video, People also ask, Related searches",informational,Organic
serve static assets with an efficient cache policy wordpress,24,24,40,8,0.00,https://docs.wpvip.com/caching/static-asset-caching/,0,0,0.00,0.33,130,"28, 50, 21, 78, 78, 21, 14, 0, 7, 14, 14, 14",2026-06-24,"Sitelinks, Reviews, Video, Video Carousel, Related searches, AI overview",informational,Organic
enterprise content management system definition,48,48,140,48,13.50,https://wpvip.com/glossary/enterprise-content-management-systems/,0,0,0.00,0.01,134,"100, 42, 34, 53, 42, 65, 42, 53, 53, 53, 42, 42",2026-06-17,"Sitelinks, Reviews, Video, People also ask, Related searches, AI overview",informational,Organic
beste enterprise content management software 2025,48,48,90,38,0.00,https://wpvip.com/blog/10-best-enterprise-content-management-systems/,0,0,0.00,0,168,"65, 100, 53, 6, 0, 0, 0, 0",2026-06-25,"Sitelinks, Video, People also ask, Related searches, AI overview",commercial,Organic
wp plans,16,16,40,77,0.00,https://wpvip.com/pricing/,0,0,0.00,0.03,20,"18, 18, 63, 45, 27, 27, 36, 18, 27, 45, 63, 63",2026-07-20,"Sitelinks, Video, People also ask, Related searches, AI overview",informational,Organic
vip wordpress,1,1,50,22,28.09,https://wpvip.com/enterprise-content-management-system/,0,0,0.00,0.51,108,"9, 9, 12, 9, 6, 15, 12, 12, 12, 12, 12, 100",2026-07-19,"Image pack, Sitelinks, Reviews, Video, Video Carousel, People also ask, Related searches","informational, navigational",People also ask
vip wordpress,2,2,50,22,28.09,https://docs.wpvip.com/,0,0,0.00,0.51,108,"9, 9, 12, 9, 6, 15, 12, 12, 12, 12, 12, 100",2026-07-19,"Image pack, Sitelinks, Reviews, Video, Video Carousel, People also ask, Related searches","informational, navigational",Image pack
vip wordpress,2,2,50,22,28.09,https://docs.wpvip.com/,0,0,0.00,0.51,108,"9, 9, 12, 9, 6, 15, 12, 12, 12, 12, 12, 100",2026-07-19,"Image pack, Sitelinks, Reviews, Video, Video Carousel, People also ask, Related searches","informational, navigational",Image pack
web traffic analysis tool,9,9,140,66,17.33,https://wpvip.com/blog/web-analytics-software-tools/,0,0,0.00,0.03,131,"7, 2, 10, 100, 53, 35, 53, 43, 43, 28, 35, 17",2026-06-17,"Sitelinks, Reviews, Video, Ads bottom, People also ask, Related searches",commercial,People also ask
pim technology,46,46,110,40,10.21,https://wpvip.com/blog/pim-benefits-and-use-cases/,0,0,0.00,0.19,131,"64, 23, 41, 82, 100, 82, 82, 17, 100, 100, 82, 100",2026-06-24,"Image pack, Sitelinks, Reviews, Video, Video Carousel, People also ask, Related searches, AI overview",informational,Organic
headless vs hybrid cms,10,10,50,14,20.20,https://wpvip.com/glossary/hybrid-cms/,0,0,0.00,0.64,127,"71, 28, 100, 100, 42, 28, 28, 57, 71, 100, 100, 100",2026-06-26,"Sitelinks, Reviews, Video, People also ask, Related searches, Discussions and forums, AI overview",commercial,Organic
headless vs hybrid cms,20,20,50,14,20.20,https://wpvip.com/blog/headless-vs-hybrid-cms-architecture-comparison/,0,0,0.00,0.64,127,"71, 28, 100, 100, 42, 28, 28, 57, 71, 100, 100, 100",2026-06-26,"Sitelinks, Reviews, Video, People also ask, Related searches, Discussions and forums, AI overview",commercial,Organic
headless vs hybrid cms,66,66,50,14,20.20,https://wpvip.com/blog/headless-vs-hybrid-wordpress/,0,0,0.00,0.64,127,"71, 28, 100, 100, 42, 28, 28, 57, 71, 100, 100, 100",2026-06-26,"Sitelinks, Reviews, Video, People also ask, Related searches, Discussions and forums, AI overview",commercial,Organic
content+intelligence,21,21,30,32,12.53,https://wpvip.com/blog/content-intelligence-enterprise-cms-guide/,0,0,0.00,0.14,135,"100, 71, 57, 57, 57, 42, 28, 28, 28, 28, 14, 0",2026-07-12,"Sitelinks, Reviews, Video, Video Carousel, People also ask, Related searches, AI overview",informational,Organic
content+intelligence,48,48,30,32,12.53,https://wpvip.com/content-intelligence/,0,0,0.00,0.14,135,"100, 71, 57, 57, 57, 42, 28, 28, 28, 28, 14, 0",2026-07-12,"Sitelinks, Reviews, Video, Video Carousel, People also ask, Related searches, AI overview",informational,Organic
content+intelligence,49,49,30,32,12.53,https://wpvip.com/content-intelligence/,0,0,0.00,0.14,135,"100, 71, 57, 57, 57, 42, 28, 28, 28, 28, 14, 0",2026-07-12,"Sitelinks, Reviews, Video, Video Carousel, People also ask, Related searches, AI overview",informational,Organic
wp security audit,13,13,30,17,24.03,https://docs.wpvip.com/logs/audit-log/,0,0,0.00,0.13,123,"18, 18, 27, 18, 100, 18, 18, 18, 18, 18, 18, 18",2026-06-26,"Sitelinks, Reviews, Video, Ads bottom, Video Carousel, Related searches",informational,Organic
2025 eaa compliance,71,71,50,14,0.00,https://wpvip.com/blog/eu-accessibility-act-2025/,0,0,0.00,0,142,"0, 0, 57, 42, 100, 71, 100, 100, 100, 100, 57, 71",2026-06-29,"Reviews, Video, Ads bottom, Video Carousel, Related searches, AI overview",informational,Organic
api wordpress,8,8,90,34,4.30,https://docs.wpvip.com/wordpress-on-vip/wordpress-rest-api/,0,0,0.00,0.05,120,"10, 29, 81, 10, 14, 8, 8, 6, 10, 4, 66, 2",2026-06-25,"Knowledge panel, Reviews, Video, Video Carousel, People also ask, Related searches, Things to know, AI overview",informational,Organic
best enterprise cms platforms,16,16,70,17,46.88,https://wpvip.com/blog/10-best-enterprise-content-management-systems/,0,0,0.00,0.17,124,"18, 18, 18, 45, 100, 45, 81, 63, 81, 63, 45, 100",2026-05-31,"Sitelinks, Video, Ads bottom, Video Carousel, People also ask, Related searches, Discussions and forums, AI overview",commercial,Organic
forticlient fortinet compliance certifications fips fedramp,51,51,480,22,0.00,https://wpvip.com/blog/wordpress-vip-is-fedramp-authorized/,0,0,0.00,0,367,100,2026-06-30,"Sitelinks, Reviews, Ads bottom, People also ask, Related searches, AI overview",informational,Organic
index of wp content uploads ssn,85,85,40,0,0.00,https://wpvip.com/blog/content-security-policy-guide/,0,0,0.00,0,210000,"11, 11, 11, 11, 52, 11, 23, 100, 11, 0, 0, 0",2026-07-15,"Video, Related searches, AI overview",informational,Organic
wordpressit.com,11,11,140,96,3.38,https://wpvip.com/,0,0,0.00,0.43,499000000,"0, 0, 0, 0, 0, 0, 76, 45, 0, 0, 0, 0",2026-06-28,"Sitelinks, Reviews, Video, Ads top, Ads bottom, People also ask",navigational,Organic
serve static assets with an efficient cache policy,44,44,70,16,0.00,https://docs.wpvip.com/caching/static-asset-caching/,0,0,0.00,0.33,127,"26, 42, 34, 42, 53, 42, 26, 7, 7, 7, 7, 7",2026-06-11,"Sitelinks, Video, People also ask, Related searches, AI overview",informational,Organic
digital omnichannel experience,27,27,210,35,0.00,https://wpvip.com/blog/omnichannel-digital-experiences-cms-composable/,0,0,0.00,0.33,140,"35, 23, 100, 54, 28, 15, 18, 35, 35, 23, 23, 23",2026-07-03,"Sitelinks, Reviews, Video, People also ask, Related searches, AI overview",informational,Organic
leading content management systems for enterprises,38,38,50,32,0.00,https://wpvip.com/blog/10-best-enterprise-content-management-systems/?itm_source=parsely-api,0,0,0.00,0.02,207,"0, 0, 29, 11, 5, 0, 52, 100, 52, 41, 29, 11",2026-06-23,"Sitelinks, Reviews, Video, Video Carousel, Related searches, Discussions and forums, Ads middle, AI overview",commercial,Organic
leading content management systems for enterprises,87,87,50,32,0.00,https://wpvip.com/blog/10-best-enterprise-content-management-systems/,0,0,0.00,0.02,207,"0, 0, 29, 11, 5, 0, 52, 100, 52, 41, 29, 11",2026-06-23,"Sitelinks, Reviews, Video, Video Carousel, Related searches, Discussions and forums, Ads middle, AI overview",commercial,Organic
leading content management systems for enterprises,89,89,50,32,0.00,https://wpvip.com/blog/10-best-enterprise-content-management-systems/,0,0,0.00,0.02,207,"0, 0, 29, 11, 5, 0, 52, 100, 52, 41, 29, 11",2026-06-23,"Sitelinks, Reviews, Video, Video Carousel, Related searches, Discussions and forums, Ads middle, AI overview",commercial,Organic
what is a hybrid cms,29,29,170,17,0.00,https://wpvip.com/blog/headless-vs-hybrid-cms-architecture-comparison/,0,0,0.00,0.03,182,"12, 15, 12, 100, 29, 12, 2, 29, 12, 29, 19, 23",2026-06-02,"Sitelinks, Video, People also ask, Related searches, AI overview",informational,Organic
onetrust wordpress plugin,4,4,50,17,16.91,https://wpvip.com/partner/onetrust-preferencechoice/,0,0,0.00,0.2,54,"7, 15, 11, 26, 26, 26, 26, 26, 26, 26, 19, 19",2026-05-31,"Video, People also ask, Related searches, AI overview","informational, transactional",Organic
control cache,10,10,170,36,0.00,https://docs.wpvip.com/caching/page-cache/customize-behavior/cache-control-headers/,0,0,0.00,0.33,114,"10, 45, 30, 10, 10, 20, 3, 2, 5, 3, 1, 6",2026-06-24,"Sitelinks, Video, Video Carousel, People also ask, Related searches, AI overview",informational,Organic
is wordpress multisite one theme or multiple,45,45,390,10,0.00,https://wpvip.com/blog/wordpress-multisite/,0,0,0.00,0,153,"100, 0, 0, 0, 0",2026-06-29,"Sitelinks, Video, Video Carousel, People also ask, Related searches, AI overview",informational,Organic
ada compliance deadline april 24 2026,65,65,110,40,2.29,https://wpvip.com/blog/ada-website-accessibility-deadline-2026/,0,0,0.00,0.09,112,"0, 0, 0, 0, 54, 8, 8, 6, 35, 22, 22, 100",2026-07-09,"Sitelinks, Reviews, Video, Video Carousel, People also ask, Related searches, AI overview",informational,Organic
wp content directory,3,3,50,16,2.42,https://docs.wpvip.com/wordpress-skeleton/plugins-directory/,0,0,0.00,0.1,125,"100, 18, 100, 18, 100, 81, 81, 36, 45, 18, 9, 9",2026-07-05,"Sitelinks, Reviews, Video, Video Carousel, People also ask, Related searches, AI overview",informational,Organic
wpengine multisite,10,10,30,17,23.70,https://wpvip.com/blog/wordpress-multisite/,0,0,0.00,0.11,106,"18, 18, 18, 18, 18, 18, 100, 18, 18, 18, 18, 18",2026-06-12,"Sitelinks, Video, People also ask, Related searches",navigational,People also ask
wpengine multisite,19,19,30,17,23.70,https://wpvip.com/glossary/wordpress-multisite/,0,0,0.00,0.11,106,"18, 18, 18, 18, 18, 18, 100, 18, 18, 18, 18, 18",2026-06-12,"Sitelinks, Video, People also ask, Related searches",navigational,Organic
wpengine multisite,33,33,30,17,23.70,https://wpvip.com/blog/wordpress-multisite/,0,0,0.00,0.11,106,"18, 18, 18, 18, 18, 18, 100, 18, 18, 18, 18, 18",2026-06-12,"Sitelinks, Video, People also ask, Related searches",navigational,Organic
wpengine multisite,74,74,30,17,23.70,https://docs.wpvip.com/wordpress-on-vip/multisites/,0,0,0.00,0.11,106,"18, 18, 18, 18, 18, 18, 100, 18, 18, 18, 18, 18",2026-06-12,"Sitelinks, Video, People also ask, Related searches",navigational,Organic
wordpress courses,16,16,260,68,2.82,https://learn.wpvip.com/,0,0,0.00,0.3,103,"54, 54, 66, 28, 18, 44, 54, 28, 35, 35, 54, 18",2026-06-21,"Sitelinks, Reviews, Video, Ads bottom, Video Carousel, People also ask, Related searches",informational,Organic
core web vital,17,17,140,72,4.80,https://wpvip.com/glossary/core-web-vitals/,0,0,0.00,0.09,128,"65, 53, 81, 81, 34, 21, 28, 15, 6, 34, 6, 43",2026-06-27,"Sitelinks, Reviews, Video, Ads bottom, People also ask, Related searches, AI overview",informational,Organic
cloudinary wordpress,6,6,140,35,0.00,https://wpvip.com/partner/cloudinary/,0,0,0.00,0.33,104,"42, 42, 65, 65, 65, 65, 100, 42, 53, 42, 42, 65",2026-07-10,"Sitelinks, Reviews, Video, Video Carousel, People also ask, Related searches, AI overview",informational,Organic
what is wordpress multisite,35,35,210,40,1.82,https://wpvip.com/glossary/wordpress-multisite/,0,0,0.00,0.1,106,"15, 19, 15, 29, 44, 12, 36, 44, 44, 54, 9, 36",2026-06-19,"Sitelinks, Video Carousel, People also ask, Related searches, AI overview",informational,Organic
moz landing page objections,90,90,50,38,0.00,https://wpvip.com/resource/how-to-do-better-content-marketing/,0,0,0.00,0.33,25100,"19, 33, 9, 42, 23, 33, 0, 4, 100, 33, 23, 0",2026-06-16,"Sitelinks, Reviews, Video, AI overview",informational,Organic
does vipsecurity.bg have a blog,79,79,170,0,0.00,https://docs.wpvip.com/security/,0,0,0.00,0,500000,"0, 1, 100",2026-07-10,"Reviews, Video, People also ask, Related searches",informational,Organic
aquanor wp-json exhibitor,97,97,70,4,0.00,https://wpvip.com/event/wordpress-vip-innovation-showcase/,0,0,0.00,0,461,"35, 78, 100, 28, 21",2026-06-22,"Reviews, Video, Related searches, AI overview",informational,Organic
digital rivers,1,1,210,32,6.85,https://wpvip.com/blog/six-questions-with-digital-river/,0,0,0.00,0.01,135,"24, 10, 36, 3, 20, 13, 20, 16, 10, 10, 30, 8",2026-06-29,"Reviews, Video, People also ask, Related searches, Things to know, AI overview","commercial, informational",Things to know
what is site migration,1,1,480,35,0.00,https://wpvip.com/glossary/website-migration/,0,0,0.00,0.01,129,"3, 4, 10, 13, 7, 10, 20, 5, 8, 24, 100, 36",2026-07-05,"Sitelinks, Reviews, Video, Video Carousel, People also ask, Related searches, AI overview",informational,AI overview
headless cms wordpress,1,1,110,27,8.48,https://wpvip.com/headless-wordpress/,0,0,0.00,0.16,181,"42, 52, 100, 80, 33, 14, 4, 14, 23, 80, 100, 66",2026-06-27,"Sitelinks, Video, Video Carousel, People also ask, Related searches, Discussions and forums, AI overview",informational,AI overview
headless cms wordpress,10,10,110,27,8.48,https://wpvip.com/resource/headless-cms-guide/,0,0,0.00,0.16,181,"42, 52, 100, 80, 33, 14, 4, 14, 23, 80, 100, 66",2026-06-27,"Sitelinks, Video, Video Carousel, People also ask, Related searches, Discussions and forums, AI overview",informational,Organic
dxp marketing,37,37,40,15,0.00,https://wpvip.com/glossary/digital-experience-platform/,0,0,0.00,0.24,106,"45, 36, 45, 45, 18, 45, 63, 36, 45, 36, 27, 18",2026-07-11,"Sitelinks, Video Carousel, People also ask, Related searches, AI overview",informational,Organic
sailthru,13,13,1300,33,11.27,https://wpvip.com/partner/sailthru/,0,0,0.00,0.06,103,"29, 29, 36, 36, 36, 29, 36, 29, 29, 43, 29, 29",2026-06-16,"Knowledge panel, Sitelinks, Reviews, Ads top, Ads bottom, People also ask, Related searches, AI overview",navigational,Organic
dxp technologies,13,13,30,30,8.54,https://wpvip.com/glossary/digital-experience-platform/,0,0,0.00,0.26,106,"55, 44, 77, 55, 33, 11, 11, 11, 11, 22, 22, 22",2026-06-27,"Sitelinks, Reviews, Video, Video Carousel, People also ask, Related searches, AI overview",informational,Organic
top web analytics tools 2024,13,13,70,24,0.00,https://wpvip.com/blog/web-analytics-software-tools/,0,0,0.00,0,149,"45, 45, 63, 63, 18, 0, 45, 100, 9, 100, 63, 100",2026-06-25,"Sitelinks, Reviews, Video, Video Carousel, Related searches, AI overview","commercial, informational",Organic
journeys.com videodelivery.net embed,63,63,50,10,0.00,https://wpvip.com/partner/connatix/,0,0,0.00,0,2120000,"100, 0, 0",2026-07-02,"Sitelinks, Reviews, Video, Related searches, AI overview",informational,Organic
migration of website,1,1,70,38,12.14,https://wpvip.com/glossary/website-migration/,0,0,0.00,0.08,125,"9, 4, 4, 9, 14, 52, 33, 42, 100, 52, 52, 52",2026-06-13,"Reviews, Video, Ads bottom, Video Carousel, People also ask, Related searches, Ads middle, AI overview",informational,AI overview
http://wordpress.com,11,11,480,100,3.38,https://wpvip.com/,0,0,0.00,0.43,0,"0, 0, 1, 1, 0, 36, 24, 52, 0, 0, 36, 0",2026-07-09,"Top stories, Sitelinks, Reviews, Video, People also ask",navigational,Organic
what is pim product information management,55,55,260,35,5.04,https://wpvip.com/blog/pim-benefits-and-use-cases/,0,0,0.00,0.08,166,"15, 23, 15, 44, 19, 19, 19, 15, 23, 23, 44, 100",2026-06-05,"Sitelinks, Video, Video Carousel, People also ask, Related searches, AI overview",informational,Organic
what is pim product information management,61,61,260,35,5.04,https://wpvip.com/blog/pim-benefits-and-use-cases/,0,0,0.00,0.08,166,"15, 23, 15, 44, 19, 19, 19, 15, 23, 23, 44, 100",2026-06-05,"Sitelinks, Video, Video Carousel, People also ask, Related searches, AI overview",informational,Organic
incomplete or no cache control header set,31,31,40,22,0.00,https://docs.wpvip.com/caching/page-cache/customize-behavior/cache-control-headers/,0,0,0.00,0,1140000,"23, 23, 100, 11, 82, 11, 11, 11, 11, 11, 0, 0",2026-07-07,"Reviews, Video, People also ask, Related searches, Discussions and forums, AI overview",informational,Organic
gutenberg block editor,6,6,90,46,1.56,https://wpvip.com/wordpress-gutenberg/,0,0,0.00,0.25,125,"7, 7, 7, 10, 10, 12, 7, 7, 10, 10, 15, 19",2026-07-11,"Sitelinks, Reviews, Video, Video Carousel, People also ask, Related searches, Discussions and forums, AI overview",informational,Organic
define composability,35,35,90,24,0.00,https://customerhub.wpvip.com/lobby/2024/06/07/what-is-composability-why-it-matters/,0,0,0.00,0.33,119,"18, 18, 15, 15, 11, 11, 11, 11, 11, 11, 15, 15",2026-06-09,"Sitelinks, Video, Video Carousel, People also ask, Related searches, AI overview",informational,Organic
define composability,40,40,90,24,0.00,https://customerhub.wpvip.com/lobby/2024/06/07/what-is-composability-why-it-matters/,0,0,0.00,0.33,119,"18, 18, 15, 15, 11, 11, 11, 11, 11, 11, 15, 15",2026-06-09,"Sitelinks, Video, Video Carousel, People also ask, Related searches, AI overview",informational,Organic
wordpress development classes,7,7,30,53,3.20,https://learn.wpvip.com/,0,0,0.00,0.07,117,"18, 18, 18, 18, 18, 0, 18, 0, 63, 45, 63, 36",2026-06-24,"Knowledge panel, Sitelinks, Reviews, Video, Video Carousel, Related searches",transactional,Organic
digital experience plattform,36,36,30,28,25.56,https://wpvip.com/glossary/digital-experience-platform/,0,0,0.00,0.15,120,"80, 40, 100, 100, 40, 80, 40, 40, 60, 40, 20, 20",2026-07-13,"Sitelinks, Reviews, Video, Ads top, Video Carousel, People also ask, Related searches, Ads middle, AI overview",commercial,Organic
wordpress premium plan,32,32,40,53,11.83,https://wpvip.com/pricing/,0,0,0.00,0.21,107,"1, 5, 6, 1, 3, 1, 1, 1, 1, 1, 6, 6",2026-07-03,"Sitelinks, Video, Ads bottom, Video Carousel, People also ask, Related searches","informational, transactional",Organic
wordpress premium plan,48,48,40,53,11.83,https://wpvip.com/,0,0,0.00,0.21,107,"1, 5, 6, 1, 3, 1, 1, 1, 1, 1, 6, 6",2026-07-03,"Sitelinks, Video, Ads bottom, Video Carousel, People also ask, Related searches","informational, transactional",Organic
latest wordpress version march 2026,9,9,140,22,0.00,https://customerhub.wpvip.com/platform-release-schedule/,0,0,0.00,0,155,100,2026-06-16,"Reviews, Video, Video Carousel, People also ask, Related searches, AI overview",informational,Organic
benefits of headless cms architecture,17,17,50,20,0.00,https://wpvip.com/blog/headless-vs-hybrid-cms-architecture-comparison/,0,0,0.00,0,166,"35, 100, 50, 21, 21, 7, 14, 7",2026-07-12,"Sitelinks, Video, Related searches, AI overview",informational,Organic
benefits of headless cms architecture,72,72,50,20,0.00,https://wpvip.com/blog/10-headless-cms-architecture-myths/,0,0,0.00,0,166,"35, 100, 50, 21, 21, 7, 14, 7",2026-07-12,"Sitelinks, Video, Related searches, AI overview",informational,Organic
pim product,53,53,390,41,10.14,https://wpvip.com/blog/pim-benefits-and-use-cases/,0,0,0.00,0.38,133,"67, 36, 23, 23, 81, 67, 44, 44, 29, 44, 81, 36",2026-07-16,"Image pack, Reviews, Video, Video Carousel, People also ask, Related searches, AI overview",informational,Organic
omnichannel personalization technology architecture best practices,79,79,390,17,0.00,https://wpvip.com/blog/omnichannel-content-management/,0,0,0.00,0,2830000,"5, 100, 100, 21, 0, 0",2026-06-25,"Sitelinks, Reviews, Video, AI overview",commercial,Organic
wordpress latest version 2026,13,13,70,26,0.00,https://customerhub.wpvip.com/platform-release-schedule/,0,0,0.00,0,101,"0, 35, 100, 50",2026-07-05,"Reviews, Video, Video Carousel, People also ask, Related searches, AI overview",informational,Organic
wordpress site audit,8,8,210,16,7.42,https://docs.wpvip.com/logs/audit-log/,0,0,0.00,0.06,102,"35, 23, 28, 53, 53, 43, 53, 35, 66, 100, 82, 82",2026-06-22,"Sitelinks, Reviews, Video, Ads bottom, Video Carousel, People also ask, Related searches, AI overview",informational,People also ask
web vitals,20,20,1000,67,5.23,https://wpvip.com/glossary/core-web-vitals/,0,0,0.00,0.23,137,"41, 41, 79, 54, 66, 20, 30, 54, 100, 41, 24, 20",2026-07-18,"Image pack, Sitelinks, Reviews, Video, Video Carousel, People also ask, Related searches, Things to know, AI overview",informational,Organic
wp_headers,1,1,50,14,0.00,https://docs.wpvip.com/caching/page-cache/http-headers/add-edit-or-remove/,0,0,0.00,0.33,101,"77, 77, 77, 77, 77, 55, 55, 22, 22, 22, 22, 22",2026-07-04,"Sitelinks, Reviews, Video, People also ask, Related searches, AI overview",informational,AI overview
pollyfill io,14,14,40,23,0.00,https://wpvip.com/blog/polyfill-io-malware/,0,0,0.00,0.01,117,"2, 0, 3, 2, 2, 1, 0, 1, 1, 0, 0, 4",2026-06-15,"Sitelinks, Video, Video Carousel, People also ask, Related searches, AI overview",informational,Organic
wordpress premium hosting,66,66,110,93,48.78,https://wpvip.com/blog/best-wordpress-hosting/,0,0,0.00,0.01,124,"14, 10, 18, 22, 10, 10, 0, 6, 10, 18, 14, 100",2026-06-27,"Sitelinks, Reviews, Video, Video Carousel, People also ask, Related searches, Discussions and forums, AI overview","informational, transactional",Organic
wordpress premium hosting,76,76,110,93,48.78,https://wpvip.com/blog/best-wordpress-hosting/,0,0,0.00,0.01,124,"14, 10, 18, 22, 10, 10, 0, 6, 10, 18, 14, 100",2026-06-27,"Sitelinks, Reviews, Video, Video Carousel, People also ask, Related searches, Discussions and forums, AI overview","informational, transactional",Organic
sophii,26,26,50,34,0.00,https://wpvip.com/partner/sophi/,0,0,0.00,0.33,113,"18, 3, 3, 18, 18, 18, 3, 3, 3, 3, 3, 3",2026-06-25,"Knowledge panel, Image",informational,Organic
how many words should a blog post be for seo,16,16,70,33,0.64,https://wpvip.com/blog/ideal-word-count/,0,0,0.00,0.17,170,"19, 23, 23, 23, 52, 52, 33, 66, 33, 33, 33, 42",2026-06-06,"Sitelinks, Video, People also ask, Related searches, Discussions and forums, AI overview",informational,Organic
https cds connatix com,25,25,40,3,11.19,https://wpvip.com/partner/connatix/,0,0,0.00,0.12,1090,"14, 28, 78, 14, 100, 14, 14, 14, 14, 14, 14, 14",2026-06-27,"Video, Ads bottom, People also ask, Related searches, AI overview",informational,Organic
difference between answer engine optimization aeo and traditional seo,27,27,50,11,0.00,https://wpvip.com/blog/aeo-vs-seo-answer-engine-optimization/,0,0,0.00,0,182,"71, 100",2026-07-08,"Sitelinks, Reviews, Video, Ads bottom, Video Carousel, People also ask, Related searches, Ads middle, AI overview",informational,Organic
wordpress and rest api,6,6,170,45,6.42,https://wpvip.com/glossary/wordpress-rest-api-for-the-enterprise/,0,0,0.00,0.04,46,"53, 65, 65, 65, 43, 43, 43, 43, 28, 65, 53, 65",2026-07-18,"Sitelinks, Video, People also ask, Related searches, AI overview","informational, navigational",People also ask
wordpress and rest api,11,11,170,45,6.42,https://wpvip.com/glossary/wordpress-rest-api-for-the-enterprise/,0,0,0.00,0.04,46,"53, 65, 65, 65, 43, 43, 43, 43, 28, 65, 53, 65",2026-07-18,"Sitelinks, Video, People also ask, Related searches, AI overview","informational, navigational",Organic
6.8/3,32,32,210,32,0.00,https://customerhub.wpvip.com/lobby/2025/09/30/wordpress-6-8-3-security-release/,0,0,0.00,0.33,0,"0, 0, 100, 1, 1, 1, 0, 0, 0, 0, 3, 0",2026-06-22,"Instant answer, Video",informational,Organic
how do you access wordpress admin,17,17,110,24,0.28,https://docs.wpvip.com/manage-user-access/wordpress/,0,0,0.00,0.11,20,"66, 66, 42, 33, 52, 66, 42, 42, 52, 52, 66, 52",2026-07-21,"Video, Video Carousel, People also ask, Related searches, AI overview",informational,Organic
woocommerce product information management,18,18,50,20,0.00,https://wpvip.com/glossary/product-information-management/,0,0,0.00,0.33,108,"29, 29, 64, 82, 82, 11, 5, 17, 17, 17, 17, 17",2026-06-26,"Sitelinks, Reviews, Video, People also ask, Related searches, AI overview",informational,Organic
woocommerce product information management,21,21,50,20,0.00,https://wpvip.com/glossary/product-information-management/,0,0,0.00,0.33,108,"29, 29, 64, 82, 82, 11, 5, 17, 17, 17, 17, 17",2026-06-26,"Sitelinks, Reviews, Video, People also ask, Related searches, AI overview",informational,Organic
woocommerce product information management,91,91,50,20,0.00,https://wpvip.com/blog/pim-benefits-and-use-cases/,0,0,0.00,0.33,108,"29, 29, 64, 82, 82, 11, 5, 17, 17, 17, 17, 17",2026-06-26,"Sitelinks, Reviews, Video, People also ask, Related searches, AI overview",informational,Organic
evaluate the prompt expansion company dx on headless cms,79,79,40,7,0.00,https://wpvip.com/blog/10-best-enterprise-content-management-systems/,0,0,0.00,0,282000,"64, 100, 28, 0, 7, 0, 14, 7",2026-07-10,"Sitelinks, Reviews, Video, People also ask, Related searches, AI overview","commercial, informational",Organic
evaluate the prompt expansion company dx on headless cms,94,94,40,7,0.00,https://wpvip.com/blog/10-best-enterprise-content-management-systems/,0,0,0.00,0,282000,"64, 100, 28, 0, 7, 0, 14, 7",2026-07-10,"Sitelinks, Reviews, Video, People also ask, Related searches, AI overview","commercial, informational",Organic
8 pieces of content for marketing,1,1,50,13,0.00,https://wpvip.com/blog/8-types-of-content-marketing/,0,0,0.00,0,198,"4, 100, 19, 9, 14, 14",2026-06-05,"Sitelinks, Video, People also ask, AI overview",informational,AI overview
wordpress multisite,35,35,1300,45,19.07,https://docs.wpvip.com/wordpress-on-vip/multisites/,0,0,0.00,0.3,104,"79, 79, 54, 54, 54, 41, 66, 54, 54, 41, 41, 41",2026-07-19,"Video, Video Carousel, People also ask, Related searches, AI overview",informational,Organic
companies paying for open source software reasons,11,11,90,35,0.00,https://wpvip.com/blog/how-open-source-software-benefits-businesses/,0,0,0.00,0,133,"100, 0",2026-06-24,"Sitelinks, Reviews, Video, Video Carousel, People also ask, Related searches, AI overview",informational,Organic
get response headers curl,15,15,70,16,0.00,https://docs.wpvip.com/caching/page-cache/http-headers/retrieve-headers/,0,0,0.00,0.33,108,"52, 42, 23, 23, 33, 33, 33, 23, 19, 33, 33, 33",2026-06-02,"Sitelinks, Video, Related searches, AI overview",informational,Organic
vip address,40,40,90,25,5.79,https://docs.wpvip.com/infrastructure/edge-servers/target-a-location/,0,0,0.00,0.17,127,"66, 19, 14, 66, 80, 52, 19, 33, 42, 33, 52, 42",2026-06-11,"Local pack, Sitelinks, Reviews, Video, People also ask, Related searches, AI overview",informational,Organic
tagging websites,15,15,40,17,3.31,https://wpvip.com/blog/5-tagging-best-practices-content-strategy/,0,0,0.00,0.03,120,"15, 5, 5, 5, 0, 0, 0, 2, 0, 0, 2, 12",2026-07-03,"Sitelinks, Reviews, Video, Video Carousel, People also ask, Related searches, Discussions and forums, AI overview",informational,Organic
wordpress caching,12,12,170,37,3.67,https://wpvip.com/blog/caching/,0,0,0.00,0.13,52,"34, 34, 65, 65, 28, 81, 65, 100, 28, 65, 81, 43",2026-07-18,"Sitelinks, Video, People also ask, Related searches, AI overview",informational,Organic
enterprise content management systeme,21,21,90,44,17.76,https://wpvip.com/glossary/enterprise-content-management-systems/,0,0,0.00,0.11,128,"26, 34, 53, 65, 34, 26, 42, 53, 34, 7, 11, 26",2026-07-04,"Knowledge panel, Sitelinks, Reviews, Video, Video Carousel, People also ask, Related searches, AI overview",informational,Organic
gutenberg editor,25,25,210,65,1.53,https://wpvip.com/glossary/wordpress-gutenberg-block-editor/,0,0,0.00,0.24,133,"35, 81, 44, 44, 28, 28, 35, 23, 28, 23, 28, 23",2026-06-09,"Image pack, Video, Ads bottom, Video Carousel, People also ask, Related searches, AI overview",informational,Organic
core web vitals for dentists,46,46,50,8,0.00,https://wpvip.com/glossary/core-web-vitals/,0,0,0.00,0,538000,"71, 100, 100, 42",2026-06-14,"Sitelinks, Reviews, Video, People also ask, AI overview",informational,Organic
sitecore overview,1,1,50,25,0.00,https://wpvip.com/resource/sitecore-vs-wordpress-vip/,0,0,0.00,0.11,109,"57, 57, 71, 71, 100, 100, 100, 71, 71, 42, 42, 71",2026-06-30,"Sitelinks, Reviews, Video, Video Carousel, People also ask, Related searches, AI overview","informational, navigational",People also ask
what is connatix.com,39,39,40,11,0.00,https://wpvip.com/partner/connatix/,0,0,0.00,0.02,106,"60, 100, 100, 100, 60, 60, 80, 60, 60, 80, 80, 60",2026-06-20,"Video, People also ask, AI overview",informational,Organic
sitecore managed hosting,5,5,70,12,0.00,https://wpvip.com/resource/sitecore-vs-wordpress-vip/,0,0,0.00,0.33,133,"12, 21, 15, 43, 43, 21, 28, 9, 9, 21, 15, 21",2026-06-25,"Sitelinks, Reviews, Video, People also ask, Related searches, AI overview",informational,People also ask
wordpress personalisation,27,27,110,14,0.00,https://wpvip.com/blog/dynamic-content-personalization/,0,0,0.00,0.34,106,"21, 50, 50, 35, 78, 78, 100, 100, 100, 78, 78, 100",2026-07-05,"Reviews, Video, Related searches, Discussions and forums, AI overview",informational,Organic
wordpress personalisation,53,53,110,14,0.00,https://wpvip.com/glossary/what-is-content-personalization/,0,0,0.00,0.34,106,"21, 50, 50, 35, 78, 78, 100, 100, 100, 78, 78, 100",2026-07-05,"Reviews, Video, Related searches, Discussions and forums, AI overview",informational,Organic
wordpress personalisation,60,60,110,14,0.00,https://wpvip.com/glossary/what-is-content-personalization/,0,0,0.00,0.34,106,"21, 50, 50, 35, 78, 78, 100, 100, 100, 78, 78, 100",2026-07-05,"Reviews, Video, Related searches, Discussions and forums, AI overview",informational,Organic
pim product management,48,48,40,37,17.69,https://wpvip.com/blog/pim-benefits-and-use-cases/,0,0,0.00,0.37,130,"7, 11, 15, 19, 15, 7, 19, 19, 15, 7, 15, 15",2026-07-06,"Sitelinks, Reviews, Video, Video Carousel, People also ask, Related searches, AI overview",informational,Organic
pim product management,50,50,40,37,17.69,https://wpvip.com/blog/pim-benefits-and-use-cases/,0,0,0.00,0.37,130,"7, 11, 15, 19, 15, 7, 19, 19, 15, 7, 15, 15",2026-07-06,"Sitelinks, Reviews, Video, Video Carousel, People also ask, Related searches, AI overview",informational,Organic
aeo stands for in seo,62,62,110,50,0.68,https://wpvip.com/blog/aeo-vs-seo-answer-engine-optimization/,0,0,0.00,0.07,192,"7, 7, 7, 7, 7, 7, 80, 65, 34, 100, 80, 100",2026-07-09,"Reviews, Video, Video Carousel, People also ask, Related searches, AI overview",informational,Organic
reverse proxy wpengine,20,20,40,37,0.00,https://docs.wpvip.com/reverse-proxy/,0,0,0.00,0.33,105,"22, 22, 55, 55, 77, 100, 100, 22, 22, 22, 22, 22",2026-07-08,"Sitelinks, Video, People also ask, Related searches, AI overview",informational,Organic
reverse proxy wpengine,46,46,40,37,0.00,https://docs.wpvip.com/reverse-proxy/configure/,0,0,0.00,0.33,105,"22, 22, 55, 55, 77, 100, 100, 22, 22, 22, 22, 22",2026-07-08,"Sitelinks, Video, People also ask, Related searches, AI overview",informational,Organic
onesignal sms features,19,19,170,14,0.00,https://wpvip.com/blog/six-questions-with-onesignal-on-using-push-notifications-to-keep-customers-engaged/,0,0,0.00,0.33,104,"100, 1, 5, 3, 1, 1, 1, 1, 1, 1, 1, 1",2026-07-02,"Sitelinks, Reviews, Video, People also ask, Related searches, AI overview","informational, navigational",Organic
onesignal sms features,20,20,170,14,0.00,https://wpvip.com/blog/six-questions-with-onesignal-on-using-push-notifications-to-keep-customers-engaged/,0,0,0.00,0.33,104,"100, 1, 5, 3, 1, 1, 1, 1, 1, 1, 1, 1",2026-07-02,"Sitelinks, Reviews, Video, People also ask, Related searches, AI overview","informational, navigational",Organic
headless wordpress development services,46,46,90,4,0.00,https://wpvip.com/headless-wordpress/,0,0,0.00,0.19,134,"29, 29, 23, 64, 64, 82, 100, 82, 41, 52, 52, 52",2026-06-17,"Sitelinks, Reviews, Video, Video Carousel, Ads middle, AI overview",informational,Organic
content security policy configuration best practices,1,1,90,26,0.00,https://wpvip.com/blog/content-security-policy-guide/,0,0,0.00,0,130,"5, 100",2026-06-24,"Sitelinks, Video, Video Carousel, Related searches, Discussions and forums, AI overview",commercial,AI overview
content security policy configuration best practices,21,21,90,26,0.00,https://wpvip.com/blog/content-security-policy-guide/,0,0,0.00,0,130,"5, 100",2026-06-24,"Sitelinks, Video, Video Carousel, Related searches, Discussions and forums, AI overview",commercial,Organic
wordpress vip vs wordpress,1,1,40,11,34.85,https://wpvip.com/blog/what-is-wordpress-vip/,0,0,0.00,0.32,105,"33, 33, 33, 44, 44, 44, 55, 100, 44, 33, 33, 55",2026-06-12,"Sitelinks, Reviews, Video, Video Carousel, People also ask, Related searches, Discussions and forums, AI overview",commercial,AI overview
wordpress vip vs wordpress,1,1,40,11,34.85,https://wpvip.com/blog/wordpress-org-vs-wordpress-com-vs-wordpress-vip-whats-the-difference/,0,0,0.00,0.32,105,"33, 33, 33, 44, 44, 44, 55, 100, 44, 33, 33, 55",2026-06-12,"Sitelinks, Reviews, Video, Video Carousel, People also ask, Related searches, Discussions and forums, AI overview",commercial,AI overview
wordpress vip vs wordpress,3,3,40,11,34.85,https://wpvip.com/resource/wp-engine-vs-wordpress-vip/,0,0,0.00,0.32,105,"33, 33, 33, 44, 44, 44, 55, 100, 44, 33, 33, 55",2026-06-12,"Sitelinks, Reviews, Video, Video Carousel, People also ask, Related searches, Discussions and forums, AI overview",commercial,Organic
wordpress vip vs wordpress,11,11,40,11,34.85,https://wpvip.com/,0,0,0.00,0.32,105,"33, 33, 33, 44, 44, 44, 55, 100, 44, 33, 33, 55",2026-06-12,"Sitelinks, Reviews, Video, Video Carousel, People also ask, Related searches, Discussions and forums, AI overview",commercial,Organic
wordpress vip vs wordpress,38,38,40,11,34.85,https://wpvip.com/wordpress-vip-agile-content-platform/,0,0,0.00,0.32,105,"33, 33, 33, 44, 44, 44, 55, 100, 44, 33, 33, 55",2026-06-12,"Sitelinks, Reviews, Video, Video Carousel, People also ask, Related searches, Discussions and forums, AI overview",commercial,Organic
wordpress vip vs wordpress,46,46,40,11,34.85,https://wpvip.com/resource/arc-xp-vs-wordpress-vip/,0,0,0.00,0.32,105,"33, 33, 33, 44, 44, 44, 55, 100, 44, 33, 33, 55",2026-06-12,"Sitelinks, Reviews, Video, Video Carousel, People also ask, Related searches, Discussions and forums, AI overview",commercial,Organic
wordpress vip vs wordpress,53,53,40,11,34.85,https://wpvip.com/wordpress-vip-vs-wp-engine/,0,0,0.00,0.32,105,"33, 33, 33, 44, 44, 44, 55, 100, 44, 33, 33, 55",2026-06-12,"Sitelinks, Reviews, Video, Video Carousel, People also ask, Related searches, Discussions and forums, AI overview",commercial,Organic
wordpress vip vs wordpress,56,56,40,11,34.85,https://wpvip.com/resource/sitecore-vs-wordpress-vip/,0,0,0.00,0.32,105,"33, 33, 33, 44, 44, 44, 55, 100, 44, 33, 33, 55",2026-06-12,"Sitelinks, Reviews, Video, Video Carousel, People also ask, Related searches, Discussions and forums, AI overview",commercial,Organic
wordpress vip vs wordpress,61,61,40,11,34.85,https://wpvip.com/about/,0,0,0.00,0.32,105,"33, 33, 33, 44, 44, 44, 55, 100, 44, 33, 33, 55",2026-06-12,"Sitelinks, Reviews, Video, Video Carousel, People also ask, Related searches, Discussions and forums, AI overview",commercial,Organic
wordpress vip vs wordpress,62,62,40,11,34.85,https://wpvip.com/blog/what-is-wordpress-vip/,0,0,0.00,0.32,105,"33, 33, 33, 44, 44, 44, 55, 100, 44, 33, 33, 55",2026-06-12,"Sitelinks, Reviews, Video, Video Carousel, People also ask, Related searches, Discussions and forums, AI overview",commercial,Organic
wordpress vip vs wordpress,63,63,40,11,34.85,https://wpvip.com/pricing/,0,0,0.00,0.32,105,"33, 33, 33, 44, 44, 44, 55, 100, 44, 33, 33, 55",2026-06-12,"Sitelinks, Reviews, Video, Video Carousel, People also ask, Related searches, Discussions and forums, AI overview",commercial,Organic
wordpress vip vs wordpress,64,64,40,11,34.85,https://docs.wpvip.com/wordpress-on-vip/,0,0,0.00,0.32,105,"33, 33, 33, 44, 44, 44, 55, 100, 44, 33, 33, 55",2026-06-12,"Sitelinks, Reviews, Video, Video Carousel, People also ask, Related searches, Discussions and forums, AI overview",commercial,Organic
wordpress vip vs wordpress,65,65,40,11,34.85,https://wpvip.com/wordpress-vip-for-developers/,0,0,0.00,0.32,105,"33, 33, 33, 44, 44, 44, 55, 100, 44, 33, 33, 55",2026-06-12,"Sitelinks, Reviews, Video, Video Carousel, People also ask, Related searches, Discussions and forums, AI overview",commercial,Organic
wordpress vip vs wordpress,66,66,40,11,34.85,https://wpvip.com/content-management-system/,0,0,0.00,0.32,105,"33, 33, 33, 44, 44, 44, 55, 100, 44, 33, 33, 55",2026-06-12,"Sitelinks, Reviews, Video, Video Carousel, People also ask, Related searches, Discussions and forums, AI overview",commercial,Organic
wordpress vip vs wordpress,67,67,40,11,34.85,https://wpvip.com/blog/wordpress-vip-developers/,0,0,0.00,0.32,105,"33, 33, 33, 44, 44, 44, 55, 100, 44, 33, 33, 55",2026-06-12,"Sitelinks, Reviews, Video, Video Carousel, People also ask, Related searches, Discussions and forums, AI overview",commercial,Organic
wordpress vip vs wordpress,68,68,40,11,34.85,https://wpvip.com/wordpress-vip-vs-adobe/,0,0,0.00,0.32,105,"33, 33, 33, 44, 44, 44, 55, 100, 44, 33, 33, 55",2026-06-12,"Sitelinks, Reviews, Video, Video Carousel, People also ask, Related searches, Discussions and forums, AI overview",commercial,Organic
wordpress vip vs wordpress,69,69,40,11,34.85,https://wpvip.com/blog/what-is-wordpress-vip/,0,0,0.00,0.32,105,"33, 33, 33, 44, 44, 44, 55, 100, 44, 33, 33, 55",2026-06-12,"Sitelinks, Reviews, Video, Video Carousel, People also ask, Related searches, Discussions and forums, AI overview",commercial,Organic
wordpress vip vs wordpress,70,70,40,11,34.85,https://wpvip.com/pricing/,0,0,0.00,0.32,105,"33, 33, 33, 44, 44, 44, 55, 100, 44, 33, 33, 55",2026-06-12,"Sitelinks, Reviews, Video, Video Carousel, People also ask, Related searches, Discussions and forums, AI overview",commercial,Organic
wordpress vip vs wordpress,71,71,40,11,34.85,https://wpvip.com/blog/wordpress-vip-developers/,0,0,0.00,0.32,105,"33, 33, 33, 44, 44, 44, 55, 100, 44, 33, 33, 55",2026-06-12,"Sitelinks, Reviews, Video, Video Carousel, People also ask, Related searches, Discussions and forums, AI overview",commercial,Organic
wordpress vip vs wordpress,72,72,40,11,34.85,https://wpvip.com/content-management-system/,0,0,0.00,0.32,105,"33, 33, 33, 44, 44, 44, 55, 100, 44, 33, 33, 55",2026-06-12,"Sitelinks, Reviews, Video, Video Carousel, People also ask, Related searches, Discussions and forums, AI overview",commercial,Organic
wordpress vip vs wordpress,73,73,40,11,34.85,https://wpvip.com/about/,0,0,0.00,0.32,105,"33, 33, 33, 44, 44, 44, 55, 100, 44, 33, 33, 55",2026-06-12,"Sitelinks, Reviews, Video, Video Carousel, People also ask, Related searches, Discussions and forums, AI overview",commercial,Organic
wordpress vip vs wordpress,74,74,40,11,34.85,https://wpvip.com/wordpress-vip-for-developers/,0,0,0.00,0.32,105,"33, 33, 33, 44, 44, 44, 55, 100, 44, 33, 33, 55",2026-06-12,"Sitelinks, Reviews, Video, Video Carousel, People also ask, Related searches, Discussions and forums, AI overview",commercial,Organic
wordpress vip vs wordpress,75,75,40,11,34.85,https://docs.wpvip.com/wordpress-on-vip/,0,0,0.00,0.32,105,"33, 33, 33, 44, 44, 44, 55, 100, 44, 33, 33, 55",2026-06-12,"Sitelinks, Reviews, Video, Video Carousel, People also ask, Related searches, Discussions and forums, AI overview",commercial,Organic
wordpress vip vs wordpress,76,76,40,11,34.85,https://wpvip.com/blog/,0,0,0.00,0.32,105,"33, 33, 33, 44, 44, 44, 55, 100, 44, 33, 33, 55",2026-06-12,"Sitelinks, Reviews, Video, Video Carousel, People also ask, Related searches, Discussions and forums, AI overview",commercial,Organic
wordpress vip vs wordpress,77,77,40,11,34.85,https://wpvip.com/wordpress-vip-faq/,0,0,0.00,0.32,105,"33, 33, 33, 44, 44, 44, 55, 100, 44, 33, 33, 55",2026-06-12,"Sitelinks, Reviews, Video, Video Carousel, People also ask, Related searches, Discussions and forums, AI overview",commercial,Organic
wordpress vip vs wordpress,78,78,40,11,34.85,https://docs.wpvip.com/plugins/incompatibilities/,0,0,0.00,0.32,105,"33, 33, 33, 44, 44, 44, 55, 100, 44, 33, 33, 55",2026-06-12,"Sitelinks, Reviews, Video, Video Carousel, People also ask, Related searches, Discussions and forums, AI overview",commercial,Organic
content governance guardrails,55,55,110,18,0.00,https://wpvip.com/future-of-the-web-2026/ai-content-governance/,0,0,0.00,0,25600000,"6, 6, 6, 53, 43, 15, 43, 100, 43, 34, 34, 21",2026-06-20,"Sitelinks, Video, People also ask, Related searches, AI overview",informational,Organic
omnichannel content platform,16,16,30,17,21.21,https://wpvip.com/blog/omnichannel-content-management/,0,0,0.00,0.58,133,"57, 71, 71, 28, 28, 28, 28, 28, 28, 28, 28, 28",2026-05-28,"Sitelinks, Video, Ads bottom, People also ask, Related searches, Ads middle, AI overview",commercial,Organic
wp engine agency partner program,24,24,70,29,80.21,https://wpvip.com/partners/service-partners/,0,0,0.00,0.11,107,"9, 9, 14, 9, 52, 52, 9, 9, 9, 80, 9, 100",2026-07-13,"Sitelinks, Reviews, Video, Video Carousel, Related searches",navigational,Organic
wp engine agency partner program,39,39,70,29,80.21,https://wpvip.com/partners/,0,0,0.00,0.11,107,"9, 9, 14, 9, 52, 52, 9, 9, 9, 80, 9, 100",2026-07-13,"Sitelinks, Reviews, Video, Video Carousel, Related searches",navigational,Organic
wp engine agency partner program,50,50,70,29,80.21,https://wpvip.com/partners/agency-partners/,0,0,0.00,0.11,107,"9, 9, 14, 9, 52, 52, 9, 9, 9, 80, 9, 100",2026-07-13,"Sitelinks, Reviews, Video, Video Carousel, Related searches",navigational,Organic
cache control max age,24,24,170,51,0.00,https://docs.wpvip.com/caching/page-cache/customize-behavior/cache-control-headers/,0,0,0.00,0.33,106,"54, 54, 44, 35, 44, 28, 28, 23, 18, 18, 11, 15",2026-06-23,"Sitelinks, People also ask, Related searches, Discussions and forums, AI overview",informational,Organic
benefits of open source,19,19,140,23,0.00,https://wpvip.com/blog/how-open-source-software-benefits-businesses/,0,0,0.00,0.33,128,"81, 53, 28, 34, 43, 65, 43, 65, 21, 34, 34, 34",2026-06-12,"Reviews, Video, Video Carousel, People also ask, Related searches, AI overview",informational,Organic
benefits of open source,23,23,140,23,0.00,https://wpvip.com/blog/how-open-source-software-benefits-businesses/,0,0,0.00,0.33,128,"81, 53, 28, 34, 43, 65, 43, 65, 21, 34, 34, 34",2026-06-12,"Reviews, Video, Video Carousel, People also ask, Related searches, AI overview",informational,Organic
wordpress development best practices,31,31,70,20,0.00,https://docs.wpvip.com/guidebooks/developer-best-practices/,0,0,0.00,0.33,128,"21, 35, 100, 78, 50, 14, 14, 28, 64, 78, 78, 100",2026-06-26,"Sitelinks, Video, Related searches, Discussions and forums, AI overview",commercial,Organic
sitecore vs wordpress,1,1,320,4,13.51,https://wpvip.com/resource/sitecore-vs-wordpress-vip/,0,0,0.00,0.09,122,"28, 28, 54, 54, 44, 66, 100, 54, 66, 54, 54, 44",2026-07-18,"Sitelinks, Video, People also ask, AI overview",commercial,AI overview
wordpress speed up database queries,30,30,40,25,0.00,https://docs.wpvip.com/databases/optimize-queries/,0,0,0.00,0.33,133,"9, 9, 33, 23, 14, 9, 4, 42, 23, 19, 19, 23",2026-07-20,"Sitelinks, Reviews, Video, Video Carousel, Related searches",informational,Organic
wordpress speed up database queries,71,71,40,25,0.00,https://docs.wpvip.com/databases/optimize-queries/optimize-core-queries-at-scale/,0,0,0.00,0.33,133,"9, 9, 33, 23, 14, 9, 4, 42, 23, 19, 19, 23",2026-07-20,"Sitelinks, Reviews, Video, Video Carousel, Related searches",informational,Organic
wordpress speed up database queries,85,85,40,25,0.00,https://docs.wpvip.com/databases/optimize-queries/database-queries/,0,0,0.00,0.33,133,"9, 9, 33, 23, 14, 9, 4, 42, 23, 19, 19, 23",2026-07-20,"Sitelinks, Reviews, Video, Video Carousel, Related searches",informational,Organic
salesforce vs wordpress,6,6,50,6,0.00,https://wpvip.com/wordpress-vip-for-salesforce/,0,0,0.00,0.33,95,"41, 17, 52, 100, 100, 41, 11, 11, 11, 11, 23, 11",2026-06-24,"Sitelinks, Reviews, Video, Video Carousel, People also ask, Related searches, Discussions and forums, AI overview",commercial,Organic
salesforce vs wordpress,54,54,50,6,0.00,https://wpvip.com/case-studies/inside-salesforces-digital-transformation/,0,0,0.00,0.33,95,"41, 17, 52, 100, 100, 41, 11, 11, 11, 11, 23, 11",2026-06-24,"Sitelinks, Reviews, Video, Video Carousel, People also ask, Related searches, Discussions and forums, AI overview",commercial,Organic
wordpress automattic,12,12,70,75,5.90,https://wpvip.com/automattic-products/,0,0,0.00,0.14,107,"29, 23, 82, 17, 23, 52, 17, 17, 29, 41, 52, 64",2026-07-07,"Sitelinks, Video, People also ask, Related searches",navigational,Organic
what does dxp stand for,56,56,70,27,0.00,https://wpvip.com/glossary/digital-experience-platform/,0,0,0.00,0.01,152,"7, 7, 12, 10, 5, 5, 5, 5, 5, 100, 7, 10",2026-07-11,"Sitelinks, Video, Video Carousel, People also ask, Related searches, AI overview",informational,Organic
ip restrict,9,9,50,19,0.00,https://docs.wpvip.com/security-controls/ip-restrictions/,0,0,0.00,0.33,131,"45, 63, 45, 0, 63, 0, 100, 0, 0, 81, 0, 100",2026-07-05,"Video, Video Carousel, People also ask, Related searches, AI overview",informational,Organic
wordpress.comn,38,38,40,100,3.38,https://wpvip.com/blog/wordpress-org-vs-wordpress-com-vs-wordpress-vip-whats-the-difference/,0,0,0.00,0.43,0,"0, 0, 0, 0, 0, 0, 0, 0, 0, 36, 0, 0",2026-07-12,"Sitelinks, Reviews, Video, Video Carousel, People also ask",navigational,Organic
wordpress.comn,79,79,40,100,3.38,https://wpvip.com/,0,0,0.00,0.43,0,"0, 0, 0, 0, 0, 0, 0, 0, 0, 36, 0, 0",2026-07-12,"Sitelinks, Reviews, Video, Video Carousel, People also ask",navigational,Organic
polyfill.io,20,20,90,24,0.00,https://wpvip.com/blog/polyfill-io-malware/,0,0,0.00,0.01,4070000,"0, 0, 2, 0, 1, 3, 2, 2, 1, 0, 2, 8",2026-06-19,"Sitelinks, Video, Video Carousel, People also ask, AI overview",informational,Organic
pre prod,34,34,320,28,9.85,https://customerhub.wpvip.com/lobby/2018/04/24/speeding-up-deployments-with-preprods,0,0,0.00,0.01,109,"44, 81, 44, 23, 35, 35, 44, 35, 81, 66, 81, 81",2026-07-06,"Knowledge panel, Sitelinks, Video, People also ask, Related searches, AI overview",informational,Organic
elasticsearch wordpress,4,4,40,30,8.07,https://docs.wpvip.com/enterprise-search/,0,0,0.00,0.15,108,"28, 21, 50, 35, 28, 35, 14, 28, 50, 21, 35, 35",2026-07-13,"Sitelinks, Reviews, Ads bottom, Video Carousel, People also ask, Related searches, AI overview",informational,AI overview
elasticsearch wordpress,6,6,40,30,8.07,https://docs.wpvip.com/wordpress-on-vip/search-options/elasticsearch/,0,0,0.00,0.15,108,"28, 21, 50, 35, 28, 35, 14, 28, 50, 21, 35, 35",2026-07-13,"Sitelinks, Reviews, Ads bottom, Video Carousel, People also ask, Related searches, AI overview",informational,Organic
elasticsearch wordpress,24,24,40,30,8.07,https://wpvip.com/glossary/what-is-enterprise-search/,0,0,0.00,0.15,108,"28, 21, 50, 35, 28, 35, 14, 28, 50, 21, 35, 35",2026-07-13,"Sitelinks, Reviews, Ads bottom, Video Carousel, People also ask, Related searches, AI overview",informational,Organic
elasticsearch wordpress,48,48,40,30,8.07,https://docs.wpvip.com/enterprise-search/,0,0,0.00,0.15,108,"28, 21, 50, 35, 28, 35, 14, 28, 50, 21, 35, 35",2026-07-13,"Sitelinks, Reviews, Ads bottom, Video Carousel, People also ask, Related searches, AI overview",informational,Organic
sanitization verification,11,11,50,14,0.00,https://wpvip.com/blog/validation-vs-sanitization/,0,0,0.00,0.33,139,"42, 14, 100, 100, 100, 100, 100, 100, 71, 57, 71, 57",2026-07-08,"Video, Video Carousel, People also ask, Related searches, AI overview",informational,Organic
what is latest version of wordpress,13,13,140,38,7.44,https://docs.wpvip.com/wordpress-on-vip/wordpress-upgrades/,0,0,0.00,0.02,137,"80, 100, 100, 100, 52, 80, 52, 80, 52, 52, 66, 66",2026-07-14,"Sitelinks, Reviews, Video, Video Carousel, People also ask, Related searches, AI overview",informational,Organic
mu plugins,4,4,110,39,0.00,https://docs.wpvip.com/vip-go-mu-plugins/,0,0,0.00,0.33,102,"80, 52, 23, 42, 66, 100, 42, 42, 23, 42, 52, 42",2026-06-10,"Image pack, Sitelinks, Video, Video Carousel, People also ask, Related searches, Discussions and forums, AI overview",informational,Organic
mu plugins,17,17,110,39,0.00,https://learn.wpvip.com/lesson/wordpress-must-use-plugins-mu-plugins/,0,0,0.00,0.33,102,"80, 52, 23, 42, 66, 100, 42, 42, 23, 42, 52, 42",2026-06-10,"Image pack, Sitelinks, Video, Video Carousel, People also ask, Related searches, Discussions and forums, AI overview",informational,Organic
mu plugins,46,46,110,39,0.00,https://docs.wpvip.com/wordpress-skeleton/client-mu-plugins-directory/,0,0,0.00,0.33,102,"80, 52, 23, 42, 66, 100, 42, 42, 23, 42, 52, 42",2026-06-10,"Image pack, Sitelinks, Video, Video Carousel, People also ask, Related searches, Discussions and forums, AI overview",informational,Organic
enterprise website platforms,14,14,50,18,0.00,https://wpvip.com/blog/10-best-enterprise-content-management-systems/,0,0,0.00,0.07,100,"28, 28, 57, 71, 42, 100, 100, 100, 71, 71, 57, 71",2026-07-09,"Sitelinks, Reviews, Video, People also ask, Related searches, Discussions and forums, AI overview",commercial,Organic
new wp,35,35,30,19,8.14,https://wpvip.com/,0,0,0.00,0.29,2320,"18, 18, 100, 18, 18, 18, 18, 18, 18, 18, 18, 18",2026-06-26,"Reviews, Video, Video Carousel, People also ask, Related searches, AI overview",informational,Organic
cache headers,28,28,70,50,0.00,https://docs.wpvip.com/caching/page-cache/customize-behavior/cache-control-headers/,0,0,0.00,0.01,172,"42, 52, 33, 42, 52, 42, 23, 23, 19, 19, 19, 9",2026-06-10,"Image pack, Sitelinks, Video, Video Carousel, People also ask, Related searches",informational,Organic
web insights analytics tool,20,20,40,23,0.00,https://wpvip.com/blog/web-analytics-software-tools/,0,0,0.00,0,132,"9, 27, 27, 27, 18, 45, 100, 9, 63, 63, 63, 18",2026-07-08,"Sitelinks, Video, Ads bottom, Video Carousel, Related searches, Ads middle, AI overview",commercial,Organic
wordpress premium,16,16,140,31,4.97,https://wpvip.com/,0,0,0.00,0.5,105,"29, 43, 43, 22, 18, 43, 18, 18, 54, 14, 29, 14",2026-06-24,"Sitelinks, Reviews, Video, Video Carousel, People also ask, Related searches","informational, transactional",Organic
wordpress premium,21,21,140,31,4.97,https://wpvip.com/,0,0,0.00,0.5,105,"29, 43, 43, 22, 18, 43, 18, 18, 54, 14, 29, 14",2026-06-24,"Sitelinks, Reviews, Video, Video Carousel, People also ask, Related searches","informational, transactional",Organic
forrester cx summit 2026,28,28,30,,4.81,https://wpvip.com/events/forrester-b2b-summit-2026/,0,0,0.00,0.36,108,"0, 0, 0, 0, 0, 0, 18, 36, 63, 63, 81, 100",2026-07-20,"Sitelinks, Related searches, AI overview","informational, navigational",Organic
forrester cx summit 2026,29,29,30,,4.81,https://wpvip.com/events/forrester-b2b-summit-2026/,0,0,0.00,0.36,108,"0, 0, 0, 0, 0, 0, 18, 36, 63, 63, 81, 100",2026-07-20,"Sitelinks, Related searches, AI overview","informational, navigational",Organic
ttl in cname,1,1,50,13,0.00,https://docs.wpvip.com/domains/check-dns-record-time-to-live/,0,0,0.00,0.01,97,"35, 50, 50, 50, 50, 50, 50, 35, 35, 14, 14, 14",2026-06-14,"Sitelinks, Video, People also ask, Related searches, AI overview",informational,AI overview
cache control http header,25,25,40,40,0.00,https://docs.wpvip.com/caching/page-cache/customize-behavior/cache-control-headers/,0,0,0.00,0.33,109,"71, 42, 100, 57, 57, 42, 100, 28, 42, 57, 42, 14",2026-07-20,"Sitelinks, Video, People also ask, Related searches",informational,Organic
wpengine vs wordpress,7,7,40,13,0.00,https://wpvip.com/resource/wp-engine-vs-wordpress-vip/,0,0,0.00,0.05,130,"12, 12, 5, 17, 12, 17, 5, 12, 7, 7, 7, 12",2026-06-23,"Sitelinks, Video, People also ask, Related searches, Short videos, Discussions and forums, AI overview",commercial,Organic
wpengine vs wordpress,9,9,40,13,0.00,https://wpvip.com/resource/wp-engine-vs-wordpress-vip/,0,0,0.00,0.05,130,"12, 12, 5, 17, 12, 17, 5, 12, 7, 7, 7, 12",2026-06-23,"Sitelinks, Video, People also ask, Related searches, Short videos, Discussions and forums, AI overview",commercial,Organic
enterprise cloud content management top usability,48,48,110,16,0.00,https://wpvip.com/blog/10-best-enterprise-content-management-systems/,0,0,0.00,0,175,100,2026-07-19,"Reviews, Video, Related searches",commercial,Organic
enterprise cloud content management top usability,53,53,110,16,0.00,https://wpvip.com/blog/10-best-enterprise-content-management-systems/,0,0,0.00,0,175,100,2026-07-19,"Reviews, Video, Related searches",commercial,Organic
enterprise cloud content management top usability,60,60,110,16,0.00,https://wpvip.com/blog/10-best-enterprise-content-management-systems/,0,0,0.00,0,175,100,2026-07-19,"Reviews, Video, Related searches",commercial,Organic
website tagging strategy,7,7,50,17,0.00,https://wpvip.com/blog/5-tagging-best-practices-content-strategy/,0,0,0.00,0.19,133,"14, 14, 21, 50, 100, 28, 35, 35, 50, 50, 35, 50",2026-07-13,"Sitelinks, Reviews, Video, People also ask, Related searches, AI overview","commercial, informational",Organic
enterprise level wordpress,1,1,70,22,0.00,https://wpvip.com/enterprise-wordpress-hosting/,0,0,0.00,0.33,57,"36, 45, 36, 100, 100, 81, 63, 63, 63, 45, 63, 63",2026-06-07,"Sitelinks, Video, Ads top, People also ask, Related searches, Ads middle, AI overview",informational,AI overview
enterprise level wordpress,12,12,70,22,0.00,https://wpvip.com/wordpress-platform/,0,0,0.00,0.33,57,"36, 45, 36, 100, 100, 81, 63, 63, 63, 45, 63, 63",2026-06-07,"Sitelinks, Video, Ads top, People also ask, Related searches, Ads middle, AI overview",informational,Organic
enterprise level wordpress,64,64,70,22,0.00,https://wpvip.com/case-studies/10-examples-of-enterprise-wordpress/,0,0,0.00,0.33,57,"36, 45, 36, 100, 100, 81, 63, 63, 63, 45, 63, 63",2026-06-07,"Sitelinks, Video, Ads top, People also ask, Related searches, Ads middle, AI overview",informational,Organic
enterprise level wordpress,96,96,70,22,0.00,https://wpvip.com/enterprise-wordpress-hosting/,0,0,0.00,0.33,57,"36, 45, 36, 100, 100, 81, 63, 63, 63, 45, 63, 63",2026-06-07,"Sitelinks, Video, Ads top, People also ask, Related searches, Ads middle, AI overview",informational,Organic
best cdn for wordpress,12,12,110,26,7.85,https://wpvip.com/blog/wordpress-cdn/,0,0,0.00,0.36,127,"19, 34, 34, 19, 65, 65, 19, 34, 100, 7, 34, 42",2026-06-07,"Sitelinks, Video, Ads bottom, Video Carousel, People also ask, Related searches, AI overview",commercial,Organic
enterprise content marketing,28,28,480,18,0.00,https://wpvip.com/blog/enterprise-content-management-strategy/,0,0,0.00,0.01,131,"24, 13, 67, 76, 24, 67, 10, 16, 100, 16, 10, 45",2026-06-27,"Sitelinks, Video, People also ask, Related searches, AI overview",informational,Organic
enterprise content marketing,76,76,480,18,0.00,https://wpvip.com/blog/enterprise-content-management/,0,0,0.00,0.01,131,"24, 13, 67, 76, 24, 67, 10, 16, 100, 16, 10, 45",2026-06-27,"Sitelinks, Video, People also ask, Related searches, AI overview",informational,Organic
best digital media template subscriptions,21,21,50,10,0.00,https://wpvip.com/blog/subscription-models-media-growth/,0,0,0.00,0.33,166,"53, 23, 17, 17, 0, 2, 28, 2, 2, 0, 5, 0",2026-05-31,"Sitelinks, Video, Video Carousel, Related searches, AI overview",commercial,Organic
what is her campus media,13,13,50,31,0.00,https://wpvip.com/case-studies/her-campus-media/,0,0,0.00,0.33,144,"22, 22, 22, 55, 55, 55, 55, 44, 55, 55, 55, 100",2026-06-24,"Reviews, Video, Related searches",informational,Organic
wordpress pentesting,19,19,30,23,20.38,https://docs.wpvip.com/security/penetration-testing/,0,0,0.00,0.47,126,"0, 42, 57, 71, 100, 42, 100, 28, 0, 14, 0, 28",2026-07-09,"Sitelinks, Reviews, Video, Video Carousel, Related searches",informational,Organic
advantages of open source,14,14,50,29,0.00,https://wpvip.com/blog/how-open-source-software-benefits-businesses/,0,0,0.00,0.33,123,"17, 29, 17, 29, 52, 41, 41, 11, 29, 29, 41, 23",2026-06-17,"Sitelinks, Reviews, Video, People also ask, Related searches, AI overview",informational,Organic
bionicwp,45,45,170,28,7.36,https://wpvip.com/,0,0,0.00,0.27,145,"43, 53, 34, 43, 43, 53, 34, 28, 34, 53, 53, 100",2026-06-09,"Sitelinks, Video, Ads top, Related searches, Ads middle",navigational,Organic
http response headers,33,33,140,66,0.00,https://docs.wpvip.com/caching/page-cache/http-headers/,0,0,0.00,0.33,130,"35, 6, 18, 35, 35, 35, 10, 14, 22, 18, 43, 54",2026-06-26,"Sitelinks, Video, Video Carousel, People also ask, Related searches, AI overview",informational,Organic
site core cms,1,1,70,23,13.36,https://wpvip.com/resource/sitecore-vs-wordpress-vip/,0,0,0.00,0.32,132,"9, 15, 34, 28, 9, 28, 28, 21, 21, 21, 3, 28",2026-07-20,"Sitelinks, Reviews, Video, Video Carousel, People also ask, Related searches, Things to know, AI overview","informational, navigational",People also ask
wordpress logs,10,10,170,20,0.77,https://docs.wpvip.com/logs/,0,0,0.00,0.03,104,"13, 16, 8, 16, 13, 8, 8, 13, 6, 8, 3, 5",2026-06-07,"Sitelinks, Video, People also ask, Related searches, AI overview",informational,Organic
wordpress test,18,18,30,47,6.33,https://docs.wpvip.com/launch-a-site/testing-your-site/,0,0,0.00,0.1,105,"11, 2, 2, 2, 2, 2, 2, 2, 2, 2, 5, 2",2026-06-14,"Sitelinks, Video, People also ask, Related searches, Discussions and forums",informational,Organic
product information manager,48,48,170,39,10.14,https://wpvip.com/blog/pim-benefits-and-use-cases/,0,0,0.00,0.38,128,"18, 35, 28, 28, 23, 18, 23, 35, 35, 23, 28, 23",2026-07-22,"Sitelinks, Reviews, Video, Video Carousel, People also ask, Related searches, AI overview",informational,Organic
how to migrate sitecore site to wordpress,33,33,50,0,0.00,https://wpvip.com/resource/sitecore-vs-wordpress-vip/,0,0,0.00,0,167,"18, 36, 9, 45, 63, 63, 100, 81, 63, 45, 45, 36",2026-06-10,"Sitelinks, Video, Discussions and forums, AI overview",informational,Organic
web analytics websites,13,13,260,50,7.76,https://wpvip.com/blog/web-analytics-software-tools/,0,0,0.00,0.4,135,"20, 37, 2, 37, 7, 7, 7, 7, 5, 2, 8, 4",2026-06-28,"Sitelinks, Video, Ads bottom, Video Carousel, People also ask, Related searches, Discussions and forums, AI overview",informational,Organic
website migration definition,1,1,70,9,0.00,https://wpvip.com/glossary/website-migration/,0,0,0.00,0,226000000,"7, 7, 26, 19, 11, 26, 65, 26, 34, 42, 65, 34",2026-07-08,"Sitelinks, Video, Video Carousel, People also ask, Related searches, AI overview",informational,AI overview
website migration definition,42,42,70,9,0.00,https://wpvip.com/glossary/website-migration/,0,0,0.00,0,226000000,"7, 7, 26, 19, 11, 26, 65, 26, 34, 42, 65, 34",2026-07-08,"Sitelinks, Video, Video Carousel, People also ask, Related searches, AI overview",informational,Organic
americaneagle.com,29,29,3600,60,0.37,https://wpvip.com/partners/service-partners/americaneagle-com/,0,0,0.00,1,29000000,"16, 81, 44, 66, 100, 19, 24, 29, 19, 19, 19, 16",2026-07-19,"Knowledge panel, Sitelinks, Reviews, Video, People also ask, Popular products",navigational,Organic
dxp ecommerce,51,51,70,4,0.00,https://wpvip.com/glossary/digital-experience-platform/,0,0,0.00,0.11,111,"28, 35, 50, 64, 100, 100, 100, 78, 35, 14, 14, 21",2026-06-21,"Sitelinks, Video, Ads bottom, People also ask, Related searches, AI overview",informational,Organic
best tools for user web analytics 2025,7,7,40,27,0.00,https://wpvip.com/blog/web-analytics-software-tools/,0,0,0.00,0,163,"100, 57, 0",2026-05-27,"Sitelinks, Video, Ads bottom, Video Carousel, Related searches, Discussions and forums, AI overview",commercial,Organic
best tools for user web analytics 2025,19,19,40,27,0.00,https://wpvip.com/blog/web-analytics-software-tools/,0,0,0.00,0,163,"100, 57, 0",2026-05-27,"Sitelinks, Video, Ads bottom, Video Carousel, Related searches, Discussions and forums, AI overview",commercial,Organic
enterprise cms systems,24,24,110,24,54.42,https://wpvip.com/blog/10-best-enterprise-content-management-systems/,0,0,0.00,0.24,126,"19, 19, 42, 53, 42, 19, 65, 53, 42, 34, 34, 34",2026-07-09,"Sitelinks, Reviews, Video, People also ask, Related searches, AI overview","commercial, informational",Organic
enterprise cms systems,34,34,110,24,54.42,https://wpvip.com/blog/10-best-enterprise-content-management-systems/,0,0,0.00,0.24,126,"19, 19, 42, 53, 42, 19, 65, 53, 42, 34, 34, 34",2026-07-09,"Sitelinks, Reviews, Video, People also ask, Related searches, AI overview","commercial, informational",Organic
pars ly,11,11,30,45,4.75,https://wpvip.com/blog/parsely-sage-ai-editorial-intelligence/,0,0,0.00,0.27,0,"0, 0, 0, 1, 0, 0, 0, 0, 0, 1, 1, 1",2026-06-16,"Sitelinks, Reviews, Video, Video Carousel, People also ask, Related searches",navigational,Organic
ondot systems digital experience platform,66,66,40,,0.00,https://wpvip.com/glossary/digital-experience-platform/,0,0,0.00,0,7680,"14, 100, 42",2026-07-10,"Reviews, Video, People also ask, Related searches, AI overview",informational,Organic
wp branding,37,37,40,9,0.00,https://wpvip.com/brand-guidelines/,0,0,0.00,0.53,135,"11, 100, 82, 11, 11, 11, 11, 11, 11, 11, 11, 11",2026-06-17,"Reviews, Video, Ads bottom, People also ask, AI overview",informational,Organic
wordpress sla,1,1,110,18,0.00,https://wpvip.com/platform-sla/,0,0,0.00,0.33,100,"43, 100, 66, 14, 8, 10, 6, 4, 4, 8, 6, 10",2026-06-03,"Ads bottom, People also ask, AI overview",informational,AI overview
wordpress 6.7 release candidate news october 2025,26,26,110,19,0.00,https://wpvip.com/blog/wordpress-6-7/,0,0,0.00,0,21000,"100, 1, 1, 0, 1, 3",2026-06-21,"Video, People also ask, Related searches, AI overview",informational,Organic
best real time web analytics,5,5,70,25,0.00,https://wpvip.com/blog/web-analytics-software-tools/,0,0,0.00,0.33,203,"35, 28, 50, 50, 100, 78, 78, 64, 14, 64, 14, 14",2026-07-12,"Sitelinks, Reviews, Video, Video Carousel, Related searches, Discussions and forums, AI overview",commercial,Organic
decoupled wordpress hosting architecture,22,22,70,4,0.00,https://wpvip.com/blog/headless-wordpress-tradeoffs/,0,0,0.00,0,142,"44, 22, 77, 100, 100, 100, 77, 100, 77, 55, 55, 77",2026-06-30,"Sitelinks, Reviews, Video, Ads bottom, Ads middle, AI overview",informational,Organic
decoupled wordpress hosting architecture,82,82,70,4,0.00,https://wpvip.com/resource/headless-cms-guide/,0,0,0.00,0,142,"44, 22, 77, 100, 100, 100, 77, 100, 77, 55, 55, 77",2026-06-30,"Sitelinks, Reviews, Video, Ads bottom, Ads middle, AI overview",informational,Organic
decoupled wordpress hosting architecture,95,95,70,4,0.00,https://wpvip.com/blog/headless-vs-hybrid-wordpress/,0,0,0.00,0,142,"44, 22, 77, 100, 100, 100, 77, 100, 77, 55, 55, 77",2026-06-30,"Sitelinks, Reviews, Video, Ads bottom, Ads middle, AI overview",informational,Organic
most popular subscription models for digital publishers 2025,1,1,50,27,0.00,https://wpvip.com/blog/subscription-models-media-growth/,0,0,0.00,0,166,"78, 100, 78, 50, 14, 7, 0, 0, 0, 0",2026-07-15,"Sitelinks, Video, People also ask, Related searches, AI overview",informational,AI overview
athena aeo answer engine optimization,43,43,140,37,0.00,https://wpvip.com/blog/answer-engine-optimization-strategies/,0,0,0.00,0,204,100,2026-07-13,"Sitelinks, Reviews, Video, Ads top, Video Carousel, Related searches, Ads middle, AI overview","commercial, informational",Organic
wordpress vip business plan pricing 2024,1,1,90,25,0.00,https://wpvip.com/resource/wp-engine-vs-wordpress-vip/,0,0,0.00,0,100,"21, 100, 0, 0, 0",2026-06-19,"Reviews, Video, People also ask, Related searches, AI overview",navigational,AI overview
wordpress vip business plan pricing 2024,1,1,90,25,0.00,https://wpvip.com/resource/wp-engine-vs-wordpress-vip/,0,0,0.00,0,100,"21, 100, 0, 0, 0",2026-06-19,"Reviews, Video, People also ask, Related searches, AI overview",navigational,People also ask
wordpress vip business plan pricing 2024,3,3,90,25,0.00,https://wpvip.com/resource/content-marketing-trends-2024/,0,0,0.00,0,100,"21, 100, 0, 0, 0",2026-06-19,"Reviews, Video, People also ask, Related searches, AI overview",navigational,Organic
wordpress vip business plan pricing 2024,12,12,90,25,0.00,https://wpvip.com/resource/total-cost-of-ownership-wordpress-vip-parsely/,0,0,0.00,0,100,"21, 100, 0, 0, 0",2026-06-19,"Reviews, Video, People also ask, Related searches, AI overview",navigational,Organic
wordpress vip business plan pricing 2024,18,18,90,25,0.00,https://wpvip.com/package-definitions/,0,0,0.00,0,100,"21, 100, 0, 0, 0",2026-06-19,"Reviews, Video, People also ask, Related searches, AI overview",navigational,Organic
wordpress vip business plan pricing 2024,32,32,90,25,0.00,https://wpvip.com/wordpress-vip-for-developers/,0,0,0.00,0,100,"21, 100, 0, 0, 0",2026-06-19,"Reviews, Video, People also ask, Related searches, AI overview",navigational,Organic
wordpress vip business plan pricing 2024,36,36,90,25,0.00,https://wpvip.com/blog/best-practices-for-building-an-enterprise-wordpress-website/,0,0,0.00,0,100,"21, 100, 0, 0, 0",2026-06-19,"Reviews, Video, People also ask, Related searches, AI overview",navigational,Organic
wordpress vip business plan pricing 2024,43,43,90,25,0.00,https://learn.wpvip.com/certification/,0,0,0.00,0,100,"21, 100, 0, 0, 0",2026-06-19,"Reviews, Video, People also ask, Related searches, AI overview",navigational,Organic
wordpress vip business plan pricing 2024,46,46,90,25,0.00,https://wpvip.com/,0,0,0.00,0,100,"21, 100, 0, 0, 0",2026-06-19,"Reviews, Video, People also ask, Related searches, AI overview",navigational,Organic
wordpress vip business plan pricing 2024,52,52,90,25,0.00,https://wpvip.com/wordpress-vip-for-enterprise/,0,0,0.00,0,100,"21, 100, 0, 0, 0",2026-06-19,"Reviews, Video, People also ask, Related searches, AI overview",navigational,Organic
wordpress vip business plan pricing 2024,55,55,90,25,0.00,https://wpvip.com/content-management-system/,0,0,0.00,0,100,"21, 100, 0, 0, 0",2026-06-19,"Reviews, Video, People also ask, Related searches, AI overview",navigational,Organic
wordpress vip business plan pricing 2024,61,61,90,25,0.00,https://wpvip.com/services/,0,0,0.00,0,100,"21, 100, 0, 0, 0",2026-06-19,"Reviews, Video, People also ask, Related searches, AI overview",navigational,Organic
wordpress vip business plan pricing 2024,66,66,90,25,0.00,https://wpvip.com/hosting-tos/,0,0,0.00,0,100,"21, 100, 0, 0, 0",2026-06-19,"Reviews, Video, People also ask, Related searches, AI overview",navigational,Organic
wordpress vip business plan pricing 2024,69,69,90,25,0.00,https://wpvip.com/enterprise-wordpress-hosting/,0,0,0.00,0,100,"21, 100, 0, 0, 0",2026-06-19,"Reviews, Video, People also ask, Related searches, AI overview",navigational,Organic
wordpress vip business plan pricing 2024,70,70,90,25,0.00,https://wpvip.com/wordpress-platform/,0,0,0.00,0,100,"21, 100, 0, 0, 0",2026-06-19,"Reviews, Video, People also ask, Related searches, AI overview",navigational,Organic
wordpress vip business plan pricing 2024,71,71,90,25,0.00,https://wpvip.com/wordpress-vip-enterprise-support/,0,0,0.00,0,100,"21, 100, 0, 0, 0",2026-06-19,"Reviews, Video, People also ask, Related searches, AI overview",navigational,Organic
wordpress vip business plan pricing 2024,72,72,90,25,0.00,https://wpvip.com/hosting-tos/,0,0,0.00,0,100,"21, 100, 0, 0, 0",2026-06-19,"Reviews, Video, People also ask, Related searches, AI overview",navigational,Organic
wordpress vip business plan pricing 2024,73,73,90,25,0.00,https://wpvip.com/enterprise-wordpress-hosting/,0,0,0.00,0,100,"21, 100, 0, 0, 0",2026-06-19,"Reviews, Video, People also ask, Related searches, AI overview",navigational,Organic
wordpress vip business plan pricing 2024,75,75,90,25,0.00,https://wpvip.com/wordpress-platform/,0,0,0.00,0,100,"21, 100, 0, 0, 0",2026-06-19,"Reviews, Video, People also ask, Related searches, AI overview",navigational,Organic
wordpress vip business plan pricing 2024,78,78,90,25,0.00,https://wpvip.com/case-studies/,0,0,0.00,0,100,"21, 100, 0, 0, 0",2026-06-19,"Reviews, Video, People also ask, Related searches, AI overview",navigational,Organic
wordpress vip business plan pricing 2024,79,79,90,25,0.00,https://wpvip.com/products/,0,0,0.00,0,100,"21, 100, 0, 0, 0",2026-06-19,"Reviews, Video, People also ask, Related searches, AI overview",navigational,Organic
wordpress vip business plan pricing 2024,80,80,90,25,0.00,https://wpvip.com/wordpress-vip-faq/,0,0,0.00,0,100,"21, 100, 0, 0, 0",2026-06-19,"Reviews, Video, People also ask, Related searches, AI overview",navigational,Organic
wordpress vip business plan pricing 2024,81,81,90,25,0.00,https://wpvip.com/events/,0,0,0.00,0,100,"21, 100, 0, 0, 0",2026-06-19,"Reviews, Video, People also ask, Related searches, AI overview",navigational,Organic
wordpress vip business plan pricing 2024,82,82,90,25,0.00,https://wpvip.com/wordpress-vip-faq/,0,0,0.00,0,100,"21, 100, 0, 0, 0",2026-06-19,"Reviews, Video, People also ask, Related searches, AI overview",navigational,Organic
wordpress vip business plan pricing 2024,83,83,90,25,0.00,https://wpvip.com/partners/agency-partners/,0,0,0.00,0,100,"21, 100, 0, 0, 0",2026-06-19,"Reviews, Video, People also ask, Related searches, AI overview",navigational,Organic
wordpress vip business plan pricing 2024,85,85,90,25,0.00,https://wpvip.com/enhanced-package-get-a-demo/,0,0,0.00,0,100,"21, 100, 0, 0, 0",2026-06-19,"Reviews, Video, People also ask, Related searches, AI overview",navigational,Organic
wordpress vip business plan pricing 2024,86,86,90,25,0.00,https://launched.wpvip.com/,0,0,0.00,0,100,"21, 100, 0, 0, 0",2026-06-19,"Reviews, Video, People also ask, Related searches, AI overview",navigational,Organic
wordpress vip business plan pricing 2024,87,87,90,25,0.00,https://wpvip.com/blog/wordpress-org-vs-wordpress-com-vs-wordpress-vip-whats-the-difference/,0,0,0.00,0,100,"21, 100, 0, 0, 0",2026-06-19,"Reviews, Video, People also ask, Related searches, AI overview",navigational,Organic
wordpress vip business plan pricing 2024,88,88,90,25,0.00,https://wpvip.com/resources/,0,0,0.00,0,100,"21, 100, 0, 0, 0",2026-06-19,"Reviews, Video, People also ask, Related searches, AI overview",navigational,Organic
wordpress vip business plan pricing 2024,89,89,90,25,0.00,https://learn.wpvip.com/,0,0,0.00,0,100,"21, 100, 0, 0, 0",2026-06-19,"Reviews, Video, People also ask, Related searches, AI overview",navigational,Organic
wordpress vip business plan pricing 2024,90,90,90,25,0.00,https://customerhub.wpvip.com/,0,0,0.00,0,100,"21, 100, 0, 0, 0",2026-06-19,"Reviews, Video, People also ask, Related searches, AI overview",navigational,Organic
wordpress vip business plan pricing 2024,91,91,90,25,0.00,https://docs.wpvip.com/,0,0,0.00,0,100,"21, 100, 0, 0, 0",2026-06-19,"Reviews, Video, People also ask, Related searches, AI overview",navigational,Organic
wordpress vip business plan pricing 2024,92,92,90,25,0.00,https://learn.wpvip.com/course/wordpress-vip-architecture-and-tooling/,0,0,0.00,0,100,"21, 100, 0, 0, 0",2026-06-19,"Reviews, Video, People also ask, Related searches, AI overview",navigational,Organic
robots txt generator for wordpress,41,41,90,36,0.00,https://docs.wpvip.com/security-controls/robots-txt/,0,0,0.00,0.33,116,"64, 50, 14, 50, 28, 78, 50, 100, 78, 64, 64, 78",2026-06-01,"Sitelinks, Video, Video Carousel, People also ask, Related searches",informational,Organic
robots txt generator for wordpress,65,65,90,36,0.00,https://docs.wpvip.com/security-controls/robots-txt/,0,0,0.00,0.33,116,"64, 50, 14, 50, 28, 78, 50, 100, 78, 64, 64, 78",2026-06-01,"Sitelinks, Video, Video Carousel, People also ask, Related searches",informational,Organic
benefits of website personalization 2025 or 2026,69,69,50,22,0.00,https://wpvip.com/blog/website-roi-why-websites-matter-2026/,0,0,0.00,0,498000000,"27, 100, 0",2026-07-01,"Sitelinks, Reviews, Video, People also ask, Related searches, AI overview",informational,Organic
using wordpress for enterprise content management,1,1,50,16,0.00,https://wpvip.com/blog/enterprise-cms/,0,0,0.00,0.33,148,"33, 44, 22, 55, 77, 55, 77, 77, 77, 44, 33, 44",2026-06-12,"Sitelinks, Reviews, Video, Video Carousel, People also ask, Related searches, Discussions and forums, AI overview",informational,AI overview
using wordpress for enterprise content management,1,1,50,16,0.00,https://wpvip.com/glossary/enterprise-content-management-systems/,0,0,0.00,0.33,148,"33, 44, 22, 55, 77, 55, 77, 77, 77, 44, 33, 44",2026-06-12,"Sitelinks, Reviews, Video, Video Carousel, People also ask, Related searches, Discussions and forums, AI overview",informational,AI overview
using wordpress for enterprise content management,1,1,50,16,0.00,https://wpvip.com/blog/enterprise-content-management/,0,0,0.00,0.33,148,"33, 44, 22, 55, 77, 55, 77, 77, 77, 44, 33, 44",2026-06-12,"Sitelinks, Reviews, Video, Video Carousel, People also ask, Related searches, Discussions and forums, AI overview",informational,AI overview
using wordpress for enterprise content management,5,5,50,16,0.00,https://wpvip.com/glossary/enterprise-content-management-systems/,0,0,0.00,0.33,148,"33, 44, 22, 55, 77, 55, 77, 77, 77, 44, 33, 44",2026-06-12,"Sitelinks, Reviews, Video, Video Carousel, People also ask, Related searches, Discussions and forums, AI overview",informational,Organic
using wordpress for enterprise content management,37,37,50,16,0.00,https://wpvip.com/blog/enterprise-content-management-strategy/,0,0,0.00,0.33,148,"33, 44, 22, 55, 77, 55, 77, 77, 77, 44, 33, 44",2026-06-12,"Sitelinks, Reviews, Video, Video Carousel, People also ask, Related searches, Discussions and forums, AI overview",informational,Organic
using wordpress for enterprise content management,70,70,50,16,0.00,https://wpvip.com/blog/enterprise-content-management-platforms/,0,0,0.00,0.33,148,"33, 44, 22, 55, 77, 55, 77, 77, 77, 44, 33, 44",2026-06-12,"Sitelinks, Reviews, Video, Video Carousel, People also ask, Related searches, Discussions and forums, AI overview",informational,Organic
github checks,20,20,210,21,5.20,https://docs.wpvip.com/code-deployment/github-repository/required-status-checks/,0,0,0.00,0.03,109,"53, 53, 53, 43, 53, 66, 43, 43, 53, 43, 66, 53",2026-06-01,"Sitelinks, Video, People also ask, Related searches, AI overview",informational,Organic
wordpress plugin vulnerability classification system,20,20,110,12,0.00,https://wpvip.com/vulnerability-management/,0,0,0.00,0,2170000,"14, 80, 100, 42, 14",2026-06-04,"Related searches, Discussions and forums, AI overview",informational,Organic
answer engine optimization vs traditional seo,42,42,260,44,0.00,https://wpvip.com/blog/aeo-vs-seo-answer-engine-optimization/,0,0,0.00,0,203,"0, 14, 29, 43, 43, 100, 66, 54, 66, 100",2026-06-19,"Sitelinks, Reviews, Video Carousel, People also ask, AI overview",commercial,Organic
dns forward vs reverse lookup,34,34,50,24,0.00,https://wpvip.com/blog/dns-reverse-proxy/,0,0,0.00,0.33,125,"5, 5, 5, 5, 5, 5, 100, 5, 5, 5, 5, 5",2026-06-03,"Sitelinks, Video, Video Carousel, People also ask, Related searches, AI overview","commercial, informational",Organic
jodi swift salesforce admin group,94,94,1900,18,0.00,https://wpvip.com/,0,0,0.00,0,76800,100,2026-06-25,"Reviews, Video",informational,Organic
wp 2fa,16,16,70,33,1.76,https://docs.wpvip.com/security-controls/wordpress/enforce-2fa/,0,0,0.00,0.06,130,"5, 5, 5, 5, 5, 5, 100, 17, 12, 5, 43, 5",2026-05-31,"Video, Video Carousel, People also ask, Related searches",informational,Organic
hybrid headless cms,29,29,260,18,0.00,https://wpvip.com/blog/headless-vs-hybrid-cms-architecture-comparison/,0,0,0.00,0.33,161,"29, 54, 43, 81, 100, 54, 18, 14, 43, 54, 81, 54",2026-06-14,"Sitelinks, Reviews, Video, People also ask, Discussions and forums, AI overview",informational,Organic
hybrid headless cms,69,69,260,18,0.00,https://wpvip.com/blog/why-hybrid-cms-beats-headless/,0,0,0.00,0.33,161,"29, 54, 43, 81, 100, 54, 18, 14, 43, 54, 81, 54",2026-06-14,"Sitelinks, Reviews, Video, People also ask, Discussions and forums, AI overview",informational,Organic
wordpress classes orlando,43,43,40,6,0.00,https://learn.wpvip.com/,0,0,0.00,0.33,134,"42, 28, 28, 57, 57, 57, 71, 100, 57, 57, 57, 57",2026-06-24,"Local pack, Video, AI overview",informational,Organic
best cms for enterprise publishing 2025,16,16,40,9,0.00,https://wpvip.com/blog/10-best-enterprise-content-management-systems/,0,0,0.00,0,132,"100, 55, 11, 0",2026-05-18,"Sitelinks, Video, Video Carousel, Related searches, Discussions and forums, AI overview",commercial,Organic
vip plugin com,12,12,90,17,0.00,https://docs.wpvip.com/plugins/installing-plugins/,0,0,0.00,0.33,67,"100, 80, 66, 80, 52, 33, 14, 4, 4, 0, 4, 42",2026-06-02,"Sitelinks, Video, People also ask, Related searches",informational,Organic
vip plugin com,35,35,90,17,0.00,https://wpvip.com/,0,0,0.00,0.33,67,"100, 80, 66, 80, 52, 33, 14, 4, 4, 0, 4, 42",2026-06-02,"Sitelinks, Video, People also ask, Related searches",informational,Organic
enterprise cms development,18,18,110,20,0.00,https://wpvip.com/blog/enterprise-cms/,0,0,0.00,0.09,133,"41, 64, 82, 100, 52, 41, 82, 82, 82, 82, 64, 64",2026-07-08,"Sitelinks, Reviews, Video, Video Carousel, People also ask, Related searches, AI overview",informational,Organic
enterprise cms development,54,54,110,20,0.00,https://wpvip.com/blog/enterprise-content-management-strategy/,0,0,0.00,0.09,133,"41, 64, 82, 100, 52, 41, 82, 82, 82, 82, 64, 64",2026-07-08,"Sitelinks, Reviews, Video, Video Carousel, People also ask, Related searches, AI overview",informational,Organic
enterprise cms development,76,76,110,20,0.00,https://wpvip.com/blog/10-best-enterprise-content-management-systems/,0,0,0.00,0.09,133,"41, 64, 82, 100, 52, 41, 82, 82, 82, 82, 64, 64",2026-07-08,"Sitelinks, Reviews, Video, Video Carousel, People also ask, Related searches, AI overview",informational,Organic
forrester summit,23,23,30,36,3.49,https://wpvip.com/event/forrester-b2b-summit-2026/,0,0,0.00,0.25,109,"1, 1, 1, 2, 2, 1, 1, 1, 1, 1, 1, 8",2026-06-22,"Sitelinks, Reviews, Video, Ads bottom, People also ask, Related searches","navigational, transactional",Organic
pros of open source software,34,34,90,39,0.00,https://wpvip.com/blog/how-open-source-software-benefits-businesses/,0,0,0.00,0.33,161,"65, 34, 19, 34, 53, 34, 34, 19, 34, 26, 42, 26",2026-07-15,"Sitelinks, Reviews, Video, Video Carousel, People also ask, Related searches, AI overview",informational,Organic
pros of open source software,46,46,90,39,0.00,https://wpvip.com/blog/how-open-source-software-benefits-businesses/,0,0,0.00,0.33,161,"65, 34, 19, 34, 53, 34, 34, 19, 34, 26, 42, 26",2026-07-15,"Sitelinks, Reviews, Video, Video Carousel, People also ask, Related searches, AI overview",informational,Organic
wordpress.cokm,33,33,110,100,3.05,https://wpvip.com/,0,0,0.00,0.41,603000000,"0, 100, 0, 0, 0, 0, 0, 0, 0, 0, 0, 0",2026-06-04,"Sitelinks, Video, Ads bottom, Video Carousel, People also ask",navigational,Organic
php headless cms,50,50,40,11,0.00,https://wpvip.com/resource/headless-cms-guide/,0,0,0.00,0.39,156,"29, 23, 29, 41, 17, 11, 41, 11, 23, 17, 17, 11",2026-07-03,"Sitelinks, Reviews, Video, Related searches, Discussions and forums",informational,Organic
mysql 8.0 to 8.4 changes,32,32,40,21,0.00,https://customerhub.wpvip.com/lobby/2026/02/18/mysql-update-from-8-0-40-to-8-4-8/,0,0,0.00,0.04,107,"0, 0, 0, 23, 11, 82, 100, 11, 11, 23, 11, 11",2026-07-18,"Sitelinks, Video, Related searches, Discussions and forums",informational,Organic
wordpress gutenberg editor,16,16,170,51,1.52,https://wpvip.com/glossary/wordpress-gutenberg-block-editor/,0,0,0.00,0.18,149,"35, 28, 35, 28, 35, 53, 43, 53, 43, 43, 53, 53",2026-06-10,"Video, Video Carousel, People also ask, Related searches, AI overview",informational,Organic
wordpress gutenberg editor,17,17,170,51,1.52,https://wpvip.com/glossary/wordpress-gutenberg-block-editor/,0,0,0.00,0.18,149,"35, 28, 35, 28, 35, 53, 43, 53, 43, 43, 53, 53",2026-06-10,"Video, Video Carousel, People also ask, Related searches, AI overview",informational,Organic
commit messages best practices,23,23,50,28,0.00,https://docs.wpvip.com/guidebooks/developer-best-practices/create-a-good-commit-message/,0,0,0.00,0.01,133,"7, 34, 11, 0, 26, 26, 0, 19, 26, 26, 26, 26",2026-07-03,"Sitelinks, Reviews, Video, Ads bottom, Related searches, AI overview",commercial,Organic
wordpress gutenberg plugin,6,6,40,21,1.91,https://wpvip.com/wordpress-gutenberg/,0,0,0.00,0.1,118,"18, 18, 63, 81, 45, 18, 18, 27, 27, 18, 18, 63",2026-06-30,"Sitelinks, Reviews, Video, Video Carousel, People also ask, Related searches, AI overview",informational,Organic
cache php file in the wp content directory,42,42,40,1,0.00,https://docs.wpvip.com/wordpress-skeleton/serve-static-content-wp/,0,0,0.00,0.33,114,"100, 64, 50, 14, 14, 14, 14, 0, 14, 14, 14, 14",2026-06-30,"Sitelinks, Reviews, Video, Video Carousel, People also ask, Related searches, AI overview",informational,Organic
wordpress to salesforce,13,13,30,10,10.09,https://wpvip.com/wordpress-vip-for-salesforce/,0,0,0.00,0.03,109,"0, 71, 42, 71, 100, 42, 14, 14, 57, 71, 14, 57",2026-07-20,"Sitelinks, Reviews, Video, Video Carousel, Related searches, Discussions and forums, AI overview",informational,Organic
difference between seo and aeo,47,47,70,29,1.71,https://wpvip.com/blog/aeo-vs-seo-answer-engine-optimization/,0,0,0.00,0.27,170,"5, 5, 5, 5, 12, 23, 23, 7, 17, 7, 10, 100",2026-06-12,"Sitelinks, Reviews, Video, Ads bottom, Video Carousel, People also ask, Related searches, Discussions and forums, Ads middle, AI overview",informational,Organic
wordpress asset management,3,3,40,9,16.88,https://wpvip.com/glossary/digital-asset-management/,0,0,0.00,0.66,104,"28, 28, 100, 28, 28, 100, 100, 100, 28, 28, 28, 57",2026-07-09,"Sitelinks, Reviews, Video, Video Carousel, Related searches, AI overview",informational,Organic
best cms for marketing teams 2025 2026,24,24,40,16,0.00,https://wpvip.com/blog/10-best-enterprise-content-management-systems/,0,0,0.00,0,189,"22, 100, 44, 22",2026-07-08,"Sitelinks, Reviews, Video, Featured snippet, People also ask, Related searches, Ads middle",commercial,Organic
aeo ai search optimization,25,25,110,42,12.62,https://wpvip.com/blog/aeo-vs-seo-answer-engine-optimization/,0,0,0.00,0.04,133,"15, 7, 26, 7, 100, 100",2026-06-08,"Sitelinks, Video, Video Carousel, Related searches, AI overview",informational,Organic
query monitor wordpress,6,6,30,38,5.65,https://docs.wpvip.com/performance/query-monitor/enable/,0,0,0.00,0.04,111,"77, 22, 0, 22, 55, 44, 22, 22, 22, 22, 100, 22",2026-07-18,"Sitelinks, Reviews, Video, Video Carousel, People also ask, Related searches, Discussions and forums, AI overview","informational, navigational",Organic
query monitor wordpress,30,30,30,38,5.65,https://docs.wpvip.com/performance/query-monitor/,0,0,0.00,0.04,111,"77, 22, 0, 22, 55, 44, 22, 22, 22, 22, 100, 22",2026-07-18,"Sitelinks, Reviews, Video, Video Carousel, People also ask, Related searches, Discussions and forums, AI overview","informational, navigational",Organic
levelaccess.com,43,43,40,45,19.26,https://wpvip.com/partner/level-access/,0,0,0.00,0.25,8790000,"5, 23, 11, 29, 52, 41, 11, 17, 23, 17, 17, 11",2026-06-12,"Sitelinks, Reviews, Video, Ads top, Ads bottom, People also ask",navigational,Organic
levelaccess.com,57,57,40,45,19.26,https://wpvip.com/partner/level-access/,0,0,0.00,0.25,8790000,"5, 23, 11, 29, 52, 41, 11, 17, 23, 17, 17, 11",2026-06-12,"Sitelinks, Reviews, Video, Ads top, Ads bottom, People also ask",navigational,Organic
levelaccess.com,70,70,40,45,19.26,https://wpvip.com/partner/level-access/,0,0,0.00,0.25,8790000,"5, 23, 11, 29, 52, 41, 11, 17, 23, 17, 17, 11",2026-06-12,"Sitelinks, Reviews, Video, Ads top, Ads bottom, People also ask",navigational,Organic
ai for search engine optimization aeo,23,23,50,32,0.00,https://wpvip.com/blog/aeo-vs-seo-answer-engine-optimization/,0,0,0.00,0,161,"35, 35, 0, 0, 78, 100",2026-06-01,"Sitelinks, Video, Ads bottom, Video Carousel, Related searches, AI overview",informational,Organic
what does dxp mean,27,27,40,25,0.00,https://wpvip.com/glossary/digital-experience-platform/,0,0,0.00,0.33,133,"14, 9, 9, 33, 33, 14, 19, 14, 23, 33, 23, 23",2026-06-24,"Sitelinks, Video, Video Carousel, People also ask, AI overview",informational,Organic
what does dxp mean,37,37,40,25,0.00,https://wpvip.com/glossary/digital-experience-platform/,0,0,0.00,0.33,133,"14, 9, 9, 33, 33, 14, 19, 14, 23, 33, 23, 23",2026-06-24,"Sitelinks, Video, Video Carousel, People also ask, AI overview",informational,Organic
wordpressw,12,12,50,95,2.95,https://wpvip.com/future-of-the-web-2026/,0,0,0.00,0.41,0,"0, 0, 0, 0, 0, 8, 0, 0, 100, 29, 0, 0",2026-06-18,"Sitelinks, Reviews, Video, People also ask, Related searches","navigational, transactional",Organic
ada website compliance april 2026,62,62,70,47,3.01,https://wpvip.com/blog/ada-website-accessibility-deadline-2026/,0,0,0.00,0.4,114,"9, 27, 63, 27, 100, 100",2026-07-19,"Video, People also ask, Related searches, AI overview",informational,Organic
onesignal push notification api data model segments campaigns,19,19,110,6,0.00,https://wpvip.com/blog/six-questions-with-onesignal-on-using-push-notifications-to-keep-customers-engaged/,0,0,0.00,0,108,"100, 100",2026-06-20,"Sitelinks, Video, Related searches, AI overview",informational,Organic
file protection wordpress multisite,14,14,170,15,0.00,https://wpvip.com/blog/wordpress-multisite/,0,0,0.00,0,506000,"100, 0, 0, 0, 0, 0, 0, 0, 0",2026-06-23,"Sitelinks, Video, Related searches, Discussions and forums, AI overview",informational,Organic
wcag april 2026,52,52,40,,3.65,https://wpvip.com/blog/ada-website-accessibility-deadline-2026/,0,0,0.00,0.14,118,"0, 0, 18, 18, 36, 45, 45, 63, 63, 45, 100, 18",2026-07-19,"Reviews, Video, People also ask, Related searches, AI overview",informational,Organic
enterprise cms system,9,9,30,30,54.42,https://wpvip.com/glossary/enterprise-content-management-systems/,0,0,0.00,0.24,19600000,"28, 14, 42, 71, 71, 28, 28, 71, 100, 57, 28, 57",2026-07-19,"Sitelinks, Reviews, Video, People also ask, Related searches, Discussions and forums",commercial,Organic
enterprise cms system,12,12,30,30,54.42,https://wpvip.com/glossary/enterprise-content-management-systems/,0,0,0.00,0.24,19600000,"28, 14, 42, 71, 71, 28, 28, 71, 100, 57, 28, 57",2026-07-19,"Sitelinks, Reviews, Video, People also ask, Related searches, Discussions and forums",commercial,Organic
enterprise cms system,49,49,30,30,54.42,https://wpvip.com/blog/10-best-enterprise-content-management-systems/,0,0,0.00,0.24,19600000,"28, 14, 42, 71, 71, 28, 28, 71, 100, 57, 28, 57",2026-07-19,"Sitelinks, Reviews, Video, People also ask, Related searches, Discussions and forums",commercial,Organic
definition of mfa,69,69,30,51,1.11,https://wpvip.com/glossary/what-is-multi-factor-authentication-mfa/,0,0,0.00,0.03,136,"0, 0, 19, 42, 0, 0, 0, 65, 0, 3, 0, 0",2026-07-06,"Reviews, Video, Video Carousel, People also ask, Related searches, Short videos, AI overview",informational,Organic
benefits of a pim solution,47,47,50,13,0.00,https://wpvip.com/blog/pim-benefits-and-use-cases/,0,0,0.00,0.33,183,"18, 18, 45, 45, 36, 63, 63, 45, 45, 36, 63, 100",2026-06-30,"Sitelinks, Reviews, Video, People also ask, Related searches, Ads middle, AI overview",informational,Organic
wp maintenance mode plugin,13,13,170,30,0.00,https://docs.wpvip.com/plugins/automattic-plugins/maintenance-mode/,0,0,0.00,0.01,127,"65, 100, 53, 34, 65, 65, 53, 28, 43, 34, 65, 43",2026-07-16,"Sitelinks, Reviews, Video, Video Carousel, Related searches",informational,Organic
wp engine database access,22,22,40,28,0.00,https://docs.wpvip.com/databases/access/,0,0,0.00,0,112,"28, 28, 28, 100, 57, 71, 71, 57, 57, 42, 71, 28",2026-06-24,"Sitelinks, Reviews, Video, People also ask, Related searches",navigational,Organic
website analytics,5,5,3600,73,7.76,https://wpvip.com/blog/web-analytics-software-tools/,0,0,0.00,0.4,133,"4, 5, 10, 7, 7, 5, 8, 8, 7, 5, 4, 4",2026-07-18,"Reviews, Video, Video Carousel, People also ask, Related searches, Things to know, AI overview",informational,Things to know
best web analytics tools for product analytics 2025,23,23,40,25,0.00,https://wpvip.com/blog/web-analytics-software-tools/,0,0,0.00,0,131,"36, 100, 0, 0",2026-05-20,"Sitelinks, Video, Video Carousel, Related searches, AI overview",commercial,Organic
best cms for content governance and scalability,1,1,40,19,0.00,https://wpvip.com/,0,0,0.00,0,214,"100, 44, 55, 22, 33, 22, 11, 33",2026-07-10,"Sitelinks, Reviews, Video, Ads bottom, Related searches, Discussions and forums, AI overview",commercial,AI overview
enterprise website platform,1,1,50,20,0.00,https://wpvip.com/blog/10-best-enterprise-content-management-systems/,0,0,0.00,0.1,107,"9, 36, 18, 63, 81, 63, 63, 100, 100, 81, 36, 18",2026-06-10,"Sitelinks, Video, People also ask, Related searches, Discussions and forums, AI overview",commercial,AI overview
enterprise website platform,19,19,50,20,0.00,https://wpvip.com/blog/10-best-enterprise-content-management-systems/,0,0,0.00,0.1,107,"9, 36, 18, 63, 81, 63, 63, 100, 100, 81, 36, 18",2026-06-10,"Sitelinks, Video, People also ask, Related searches, Discussions and forums, AI overview",commercial,Organic
is wordpress enterprise ready,48,48,40,14,0.00,https://wpvip.com/wp-content/uploads/2021/01/10-case-studies-enterprise-wordpress.pdf,0,0,0.00,0,105,"22, 11, 22, 44, 33, 44, 55, 44, 77, 55, 55, 33",2026-07-18,"Sitelinks, Reviews, People also ask, Related searches, Discussions and forums",informational,Organic
is wordpress enterprise ready,76,76,40,14,0.00,https://wpvip.com/capabilities/enterprise-wordpress-hosting/,0,0,0.00,0,105,"22, 11, 22, 44, 33, 44, 55, 44, 77, 55, 55, 33",2026-07-18,"Sitelinks, Reviews, People also ask, Related searches, Discussions and forums",informational,Organic
infostride company,1,1,40,12,0.00,https://wpvip.com/partner/infostride/,0,0,0.00,0.33,107,"100, 0, 23, 11, 41, 11, 11, 0, 23, 41, 11, 11",2026-07-17,"Knowledge panel, Sitelinks, Video, People also ask, Related searches",navigational,People also ask
wordpress training minneapolis,37,37,40,5,0.00,https://learn.wpvip.com/,0,0,0.00,0.33,3890000,"55, 22, 100, 100, 33, 100, 0, 0, 11, 33, 33, 22",2026-06-30,"Local pack, Reviews, Video, AI overview",informational,Organic
wordpress training minneapolis,40,40,40,5,0.00,https://learn.wpvip.com/,0,0,0.00,0.33,3890000,"55, 22, 100, 100, 33, 100, 0, 0, 11, 33, 33, 22",2026-06-30,"Local pack, Reviews, Video, AI overview",informational,Organic
wordpress theme for directory site,8,8,170,42,2.99,https://docs.wpvip.com/wordpress-skeleton/themes-directory/,0,0,0.00,0.25,141,"53, 43, 35, 35, 100, 35, 35, 35, 43, 28, 53, 43",2026-07-16,"Sitelinks, Reviews, Video, Video Carousel, People also ask, Related searches, AI overview",informational,People also ask
wordpress theme for directory site,12,12,170,42,2.99,https://docs.wpvip.com/wordpress-skeleton/themes-directory/,0,0,0.00,0.25,141,"53, 43, 35, 35, 100, 35, 35, 35, 43, 28, 53, 43",2026-07-16,"Sitelinks, Reviews, Video, Video Carousel, People also ask, Related searches, AI overview",informational,Organic
multilingualpress,9,9,50,35,4.77,https://wpvip.com/partner/multilingualpress/,0,0,0.00,0.23,0,"8, 4, 10, 4, 4, 100, 4, 4, 4, 4, 4, 4",2026-07-06,"Sitelinks, Reviews, Video, Ads bottom, People also ask, Related searches",navigational,Organic
latest php version january 2026,7,7,40,32,0.00,https://customerhub.wpvip.com/lobby/2026/01/21/planning-your-2026-php-8-3-update/,0,0,0.00,0,118,"100, 0, 0",2026-06-14,"Video, People also ask, Related searches","informational, transactional",Organic
wordpress 6.7 release candidate news today,13,13,90,14,0.00,https://wpvip.com/blog/wordpress-6-7/,0,0,0.00,0,108,"22, 100, 22, 0, 2, 0, 0, 0",2026-07-11,"Reviews, Video, People also ask, Related searches, AI overview",informational,Organic
wcag 2.2 news 2026,61,61,70,36,0.00,https://wpvip.com/blog/ada-website-accessibility-deadline-2026/,0,0,0.00,0,130,"100, 5, 0",2026-06-11,"Sitelinks, Reviews, Video, People also ask, Related searches, AI overview",informational,Organic
enterprise cms,27,27,1300,39,20.51,https://wpvip.com/blog/enterprise-cms/,0,0,0.00,0.12,92,"81, 100, 81, 81, 81, 62, 62, 62, 55, 100, 81, 62",2026-06-15,"Reviews, Video, Video Carousel, People also ask, Related searches, AI overview",informational,Organic
enterprise cms,49,49,1300,39,20.51,https://wpvip.com/blog/10-best-enterprise-content-management-systems/,0,0,0.00,0.12,92,"81, 100, 81, 81, 81, 62, 62, 62, 55, 100, 81, 62",2026-06-15,"Reviews, Video, Video Carousel, People also ask, Related searches, AI overview",informational,Organic
what is content architecture,20,20,110,24,0.00,https://wpvip.com/blog/content-architecture-cms-best-practices/,0,0,0.00,0.33,131,"23, 17, 52, 64, 52, 64, 100, 82, 82, 64, 64, 64",2026-06-30,"Image pack, Sitelinks, Reviews, Video, Video Carousel, People also ask, Related searches, AI overview",informational,Organic
wp plugin directory,7,7,90,75,2.45,https://docs.wpvip.com/wordpress-skeleton/plugins-directory/,0,0,0.00,0.16,128,"26, 26, 19, 19, 26, 80, 26, 26, 34, 15, 53, 53",2026-06-28,"Sitelinks, Video, Video Carousel, People also ask, Related searches",commercial,Organic
wordpress 6.7.1,23,23,210,17,0.00,https://wpvip.com/blog/wordpress-6-7/,0,0,0.00,0.07,109,"0, 100, 0, 0, 0, 0, 0, 0, 0, 0, 0, 0",2026-06-04,"Video, People also ask",informational,Organic
disney data analytics conference,23,23,210,22,0.87,https://wpvip.com/event/ddac24/,0,0,0.00,0.28,102,"29, 29, 66, 54, 100, 29, 22, 18, 29, 43, 43, 35",2026-07-04,"Instant answer, Sitelinks, Video, Ads bottom, Video Carousel, People also ask, Related searches",navigational,Organic
dxp stack,34,34,50,8,7.10,https://wpvip.com/glossary/digital-experience-platform/,0,0,0.00,0.3,104,"71, 28, 100, 100, 71, 100, 42, 57, 42, 71, 71, 28",2026-06-30,"Sitelinks, Video, People also ask, Related searches, AI overview",informational,Organic
product information management pim system,56,56,50,34,22.44,https://wpvip.com/blog/pim-benefits-and-use-cases/,0,0,0.00,0.03,159,"55, 55, 55, 77, 44, 77, 77, 100, 55, 55, 44, 55",2026-06-04,"Image pack, Sitelinks, Video, People also ask, Related searches, AI overview",informational,Organic
product information management pim system,59,59,50,34,22.44,https://wpvip.com/blog/pim-benefits-and-use-cases/,0,0,0.00,0.03,159,"55, 55, 55, 77, 44, 77, 77, 100, 55, 55, 44, 55",2026-06-04,"Image pack, Sitelinks, Video, People also ask, Related searches, AI overview",informational,Organic
digital experience platform components,41,41,40,27,0.00,https://wpvip.com/glossary/digital-experience-platform/,0,0,0.00,0,140,"77, 33, 55, 44, 22, 44, 100, 33, 33, 22, 22, 11",2026-07-01,"Sitelinks, Video, People also ask, Related searches, AI overview",informational,Organic
wordpress content personalization,1,1,70,15,0.00,https://wpvip.com/resource/how-to-achieve-personalization-with-enterprise-wordpress/,0,0,0.00,0.1,105,"45, 36, 81, 81, 81, 100, 100, 81, 63, 63, 63, 63",2026-07-13,"Video, Related searches, AI overview",informational,AI overview
wordpress content personalization,1,1,70,15,0.00,https://wpvip.com/blog/dynamic-content-personalization/,0,0,0.00,0.1,105,"45, 36, 81, 81, 81, 100, 100, 81, 63, 63, 63, 63",2026-07-13,"Video, Related searches, AI overview",informational,AI overview
wordpress content personalization,1,1,70,15,0.00,https://wpvip.com/glossary/what-is-content-personalization/,0,0,0.00,0.1,105,"45, 36, 81, 81, 81, 100, 100, 81, 63, 63, 63, 63",2026-07-13,"Video, Related searches, AI overview",informational,AI overview
wordpress content personalization,16,16,70,15,0.00,https://wpvip.com/glossary/what-is-content-personalization/,0,0,0.00,0.1,105,"45, 36, 81, 81, 81, 100, 100, 81, 63, 63, 63, 63",2026-07-13,"Video, Related searches, AI overview",informational,Organic
wordpress content personalization,28,28,70,15,0.00,https://wpvip.com/blog/dynamic-content-personalization/,0,0,0.00,0.1,105,"45, 36, 81, 81, 81, 100, 100, 81, 63, 63, 63, 63",2026-07-13,"Video, Related searches, AI overview",informational,Organic
wordpress content personalization,45,45,70,15,0.00,https://wpvip.com/blog/content-personalization/,0,0,0.00,0.1,105,"45, 36, 81, 81, 81, 100, 100, 81, 63, 63, 63, 63",2026-07-13,"Video, Related searches, AI overview",informational,Organic
wordpress content personalization,55,55,70,15,0.00,https://wpvip.com/blog/content-personalization/,0,0,0.00,0.1,105,"45, 36, 81, 81, 81, 100, 100, 81, 63, 63, 63, 63",2026-07-13,"Video, Related searches, AI overview",informational,Organic
evaluate the martech company wordpress on creative design tools,11,11,70,9,0.00,https://wpvip.com/resource/martech-trends/,0,0,0.00,0,694000,"64, 11, 0, 100, 100, 82, 64, 41, 17, 23, 17, 17",2026-06-11,"Sitelinks, Reviews, Video, People also ask, AI overview",informational,Organic
headless content management systems,32,32,140,54,16.13,https://wpvip.com/glossary/headless-content-management-systems/,0,0,0.00,0.15,158,"23, 33, 66, 66, 66, 80, 80, 80, 66, 42, 66, 42",2026-07-19,"Sitelinks, Reviews, Video, Video Carousel, People also ask, Related searches, AI overview",informational,Organic
roadmap for gizmodo,3,3,70,28,0.00,https://customerhub.wpvip.com/lobby/2008/03/06/gizmodo-liveblog-of-apples-iphone-roadmap-event/,0,0,0.00,0,82700,"100, 0, 0, 0, 0, 0",2026-06-23,"Reviews, Video, Related searches, AI overview",informational,Organic
best cms for enterprise,28,28,170,27,24.88,https://wpvip.com/blog/10-best-enterprise-content-management-systems/,0,0,0.00,0.05,146,"42, 42, 65, 100, 80, 80, 65, 80, 100, 80, 65, 26",2026-06-03,"Sitelinks, Video, People also ask, Related searches, Discussions and forums, AI overview",commercial,Organic
how many words should blog post be,15,15,70,29,1.29,https://wpvip.com/blog/ideal-word-count/,0,0,0.00,0.16,153,"42, 26, 26, 34, 26, 34, 26, 19, 26, 19, 26, 26",2026-07-08,"Sitelinks, Reviews, Video, People also ask, Related searches, Discussions and forums, AI overview",informational,Organic
wordpress erp,34,34,110,19,7.02,https://wpvip.com/,0,0,0.00,0.3,150,"23, 23, 17, 23, 23, 10, 28, 66, 28, 53, 12, 23",2026-06-08,"Sitelinks, Video, Ads top, People also ask, Related searches, Ads middle",commercial,Organic
wpchill cashback,21,21,140,0,0.00,https://wpvip.com/,0,0,0.00,0,515,"42, 100",2026-06-27,"Reviews, Video, Related searches, AI overview",informational,Organic
wpchill cashback,42,42,140,0,0.00,https://wpvip.com/,0,0,0.00,0,515,"42, 100",2026-06-27,"Reviews, Video, Related searches, AI overview",informational,Organic
developing a content taxonomy,14,14,50,,0.00,https://wpvip.com/blog/content-taxonomy-setup/,0,0,0.00,0.33,132,"14, 14, 28, 35, 14, 7, 7, 100, 78, 64, 50, 64",2026-07-13,"Sitelinks, Reviews, Video, Video Carousel, Related searches, Ads middle, AI overview",informational,Organic
pros of open source,17,17,140,35,0.00,https://wpvip.com/blog/how-open-source-software-benefits-businesses/,0,0,0.00,0.33,126,"100, 65, 43, 34, 28, 100, 34, 28, 15, 21, 28, 34",2026-06-16,"Sitelinks, Reviews, Video, Featured snippet, Video Carousel, People also ask, Related searches, Discussions and forums",informational,Organic
npm dependencies,30,30,90,44,0.00,https://docs.wpvip.com/node-js/manage-dependencies/,0,0,0.00,0.33,109,"28, 28, 43, 34, 43, 28, 28, 15, 15, 43, 34, 34",2026-06-27,"Sitelinks, Video, People also ask, Related searches, AI overview",informational,Organic
wp_schedule_event documentation,19,19,140,8,0.00,https://docs.wpvip.com/wordpress-on-vip/cron-control/,0,0,0.00,0,113,"9, 43, 81, 100, 65, 65, 9, 3, 0",2026-07-12,"Sitelinks, Video, Related searches, AI overview",informational,Organic
tagging keywords,31,31,140,8,4.13,https://wpvip.com/blog/5-tagging-best-practices-content-strategy/,0,0,0.00,0.01,129,"100, 12, 0, 28, 35, 35, 28, 43, 43, 43, 28, 43",2026-06-05,"Video, Video Carousel, People also ask, Related searches, Discussions and forums, AI overview",informational,Organic
rest api wordpress,10,10,320,51,6.42,https://wpvip.com/glossary/wordpress-rest-api-for-the-enterprise/,0,0,0.00,0.04,127,"54, 29, 54, 66, 23, 54, 36, 44, 36, 54, 44, 36",2026-07-06,"Sitelinks, Reviews, Video, Video Carousel, People also ask, Related searches, Discussions and forums, AI overview","informational, navigational",Organic
rest api wordpress,41,41,320,51,6.42,https://docs.wpvip.com/wordpress-on-vip/wordpress-rest-api/,0,0,0.00,0.04,127,"54, 29, 54, 66, 23, 54, 36, 44, 36, 54, 44, 36",2026-07-06,"Sitelinks, Reviews, Video, Video Carousel, People also ask, Related searches, Discussions and forums, AI overview","informational, navigational",Organic
prescient security fedramp compliance,50,50,90,0,0.00,https://wpvip.com/blog/wordpress-vip-is-fedramp-authorized/,0,0,0.00,0,105,"100, 80, 80, 66, 23, 4, 9, 23, 23",2026-05-30,"Ads bottom, Ads middle, AI overview",informational,Organic
sitecore wordpress,1,1,40,2,0.00,https://wpvip.com/resource/sitecore-vs-wordpress-vip/,0,0,0.00,0.33,35,"28, 28, 100, 100, 57, 28, 57, 28, 42, 71, 71, 71",2026-07-19,"Sitelinks, Video, People also ask, Related searches, AI overview",informational,AI overview
build headless cms,1,1,70,37,0.00,https://wpvip.com/resource/headless-cms-guide/,0,0,0.00,0.71,133,"11, 26, 53, 53, 19, 7, 100, 7, 15, 34, 34, 15",2026-06-30,"Sitelinks, Reviews, Video, Video Carousel, People also ask, Related searches, Discussions and forums, Ads middle, AI overview",informational,AI overview
build headless cms,6,6,70,37,0.00,https://wpvip.com/resource/headless-cms-guide/,0,0,0.00,0.71,133,"11, 26, 53, 53, 19, 7, 100, 7, 15, 34, 34, 15",2026-06-30,"Sitelinks, Reviews, Video, Video Carousel, People also ask, Related searches, Discussions and forums, Ads middle, AI overview",informational,Organic
build headless cms,12,12,70,37,0.00,https://wpvip.com/resource/headless-cms-guide/,0,0,0.00,0.71,133,"11, 26, 53, 53, 19, 7, 100, 7, 15, 34, 34, 15",2026-06-30,"Sitelinks, Reviews, Video, Video Carousel, People also ask, Related searches, Discussions and forums, Ads middle, AI overview",informational,Organic
vip mail,16,16,170,21,0.52,https://docs.wpvip.com/wordpress-on-vip/email/,0,0,0.00,0.09,118,"0, 0, 0, 0, 0, 0, 0, 0, 0, 0, 0, 19",2026-06-11,"Sitelinks, Video, People also ask, AI overview",informational,Organic
wordpress composer,21,0,90,39,0.00,https://docs.wpvip.com/code-deployment/github-repository/composer/,0,0,0.00,0.04,130,"52, 33, 42, 42, 42, 42, 42, 9, 23, 33, 52, 33",2026-07-22,"Sitelinks, Reviews, Video, Video Carousel, People also ask, Related searches, AI overview",informational,Organic
gutenberg plugin news,10,10,40,35,0.00,https://wpvip.com/wordpress-gutenberg/,0,0,0.00,0,108,"17, 100, 64, 11, 0, 0, 0, 0",2026-07-13,"Sitelinks, Reviews, Video, Video Carousel, People also ask, Related searches, AI overview",informational,Organic
gutenberg plugin news,43,43,40,35,0.00,https://wpvip.com/blog/reasons-love-wordpress-gutenberg-editor/,0,0,0.00,0,108,"17, 100, 64, 11, 0, 0, 0, 0",2026-07-13,"Sitelinks, Reviews, Video, Video Carousel, People also ask, Related searches, AI overview",informational,Organic
product information management definition,76,76,50,33,0.00,https://wpvip.com/glossary/product-information-management/,0,0,0.00,0.03,134,"52, 52, 42, 33, 33, 23, 19, 9, 14, 19, 14, 14",2026-06-01,"Image pack, Sitelinks, Video, People also ask, Related searches, AI overview",informational,Organic
sitecore website development services,7,7,110,30,0.00,https://wpvip.com/resource/sitecore-vs-wordpress-vip/,0,0,0.00,0.02,111,"26, 26, 100, 100, 53, 53, 26, 19, 42, 26, 19, 19",2026-06-26,"Reviews, Video, People also ask, Related searches, AI overview",informational,People also ask
wpengine penetration testing,29,29,50,26,0.00,https://docs.wpvip.com/security/penetration-testing/,0,0,0.00,0.17,105,"22, 22, 77, 44, 55, 77, 55, 77, 77, 77, 22, 77",2026-07-09,"Sitelinks, Reviews, Video, People also ask, Related searches, AI overview",informational,Organic
wordpress rest,1,1,140,36,4.33,https://docs.wpvip.com/wordpress-on-vip/wordpress-rest-api/,0,0,0.00,0.04,106,"35, 100, 17, 28, 43, 23, 28, 35, 35, 28, 28, 43",2026-06-18,"Sitelinks, Reviews, Video, Video Carousel, People also ask, Related searches, AI overview","informational, navigational",AI overview
wordpress rest,4,4,140,36,4.33,https://docs.wpvip.com/wordpress-on-vip/wordpress-rest-api/,0,0,0.00,0.04,106,"35, 100, 17, 28, 43, 23, 28, 35, 35, 28, 28, 43",2026-06-18,"Sitelinks, Reviews, Video, Video Carousel, People also ask, Related searches, AI overview","informational, navigational",Organic
wordpress rest,21,21,140,36,4.33,https://wpvip.com/glossary/wordpress-rest-api-for-the-enterprise/,0,0,0.00,0.04,106,"35, 100, 17, 28, 43, 23, 28, 35, 35, 28, 28, 43",2026-06-18,"Sitelinks, Reviews, Video, Video Carousel, People also ask, Related searches, AI overview","informational, navigational",Organic
content marketing types moz,13,13,70,41,0.00,https://wpvip.com/blog/8-types-of-content-marketing/,0,0,0.00,0,106,"41, 17, 64, 64, 100, 11, 0, 82, 41, 23, 0, 0",2026-07-12,"Reviews, Video, People also ask, Related searches, AI overview",informational,Organic
mcp server wordpress,27,27,30,21,3.56,https://docs.wpvip.com/integrations/center/secure-mcp/wordpress-mcp/,0,0,0.00,0.41,125,"22, 22, 33, 22, 100, 100, 44, 22, 22, 22, 22, 22",2026-07-13,"Sitelinks, Reviews, Video, Video Carousel, Related searches",informational,Organic
aeo in ai,27,27,30,50,4.65,https://wpvip.com/blog/aeo-vs-seo-answer-engine-optimization/,0,0,0.00,0.68,133,"0, 28, 14, 100, 14, 14, 21, 14, 14, 14, 14, 14",2026-06-24,"Sitelinks, Reviews, Video, Video Carousel, People also ask, Related searches, AI overview",informational,Organic
aeo in ai,70,70,30,50,4.65,https://wpvip.com/blog/aeo-vs-seo-answer-engine-optimization/,0,0,0.00,0.68,133,"0, 28, 14, 100, 14, 14, 21, 14, 14, 14, 14, 14",2026-06-24,"Sitelinks, Reviews, Video, Video Carousel, People also ask, Related searches, AI overview",informational,Organic
wordpress personalization,17,17,170,20,0.00,https://wpvip.com/blog/dynamic-content-personalization/,0,0,0.00,0.34,108,"53, 65, 80, 80, 80, 65, 65, 65, 53, 42, 65, 53",2026-07-20,"Sitelinks, Reviews, Video, People also ask, Related searches, AI overview",informational,Organic
wordpress personalization,36,36,170,20,0.00,https://wpvip.com/blog/content-personalization/,0,0,0.00,0.34,108,"53, 65, 80, 80, 80, 65, 65, 65, 53, 42, 65, 53",2026-07-20,"Sitelinks, Reviews, Video, People also ask, Related searches, AI overview",informational,Organic
45press,4,4,40,26,0.00,https://wpvip.com/partner/45press/,0,0,0.00,0.01,107,"5, 5, 5, 5, 5, 5, 5, 5, 17, 10, 28, 28",2026-06-24,"Sitelinks, Reviews, Video, Related searches",navigational,Organic
what is pim data,62,62,260,31,5.04,https://wpvip.com/blog/pim-benefits-and-use-cases/,0,0,0.00,0.08,129,"44, 28, 35, 54, 35, 44, 66, 35, 35, 35, 54, 100",2026-06-09,"Image pack, Video, Video Carousel, People also ask, Related searches, AI overview",informational,Organic
evaluate the prompt expansion company onesignal on sms marketing,10,10,40,18,0.00,https://wpvip.com/blog/six-questions-with-onesignal-on-using-push-notifications-to-keep-customers-engaged/,0,0,0.00,0,18300,"71, 100, 42, 0",2026-05-19,"Video, People also ask, Related searches, AI overview","informational, transactional",Organic
wordpress com paid plans,22,22,40,50,0.00,https://wpvip.com/pricing/,0,0,0.00,0.05,105,"52, 52, 9, 9, 52, 9, 9, 9, 9, 9, 9, 9",2026-07-13,"Sitelinks, Video, Ads top, Video Carousel, People also ask, Related searches, Ads middle, AI overview","navigational, transactional",Organic
mind grub,1,1,40,42,1.43,https://wpvip.com/partner/mindgrub/,0,0,0.00,0.19,90,"21, 21, 15, 12, 9, 9, 9, 15, 9, 6, 15, 12",2026-05-30,"Knowledge panel, Video, Ads top, Ads bottom, People also ask, Related searches",navigational,People also ask
best content management system for enterprise,36,36,70,27,0.00,https://wpvip.com/blog/10-best-enterprise-content-management-systems/,0,0,0.00,0.4,173,"14, 28, 50, 100, 78, 64, 64, 64, 50, 21, 50, 35",2026-06-26,"Sitelinks, Reviews, Video, Related searches, Discussions and forums, AI overview",commercial,Organic
best content management system for enterprise,42,42,70,27,0.00,https://wpvip.com/blog/10-best-enterprise-content-management-systems/,0,0,0.00,0.4,173,"14, 28, 50, 100, 78, 64, 64, 64, 50, 21, 50, 35",2026-06-26,"Sitelinks, Reviews, Video, Related searches, Discussions and forums, AI overview",commercial,Organic
web analytic,15,15,110,48,9.31,https://wpvip.com/blog/web-analytics-software-tools/,0,0,0.00,0.15,129,"11, 21, 21, 26, 32, 0, 0, 1, 0, 0, 5, 0",2026-06-19,"Sitelinks, Video, People also ask, Related searches, Things to know, AI overview","commercial, informational",Organic
wordpress hosting menifee,33,33,50,5,0.00,https://wpvip.com/capabilities/enterprise-wordpress-hosting/,0,0,0.00,0,7430,"0, 11, 44, 55, 22, 77, 77, 77, 55, 55, 77, 100",2026-07-20,"Sitelinks, Reviews, People also ask",informational,Organic
how to install wp plugins,24,24,70,30,1.91,https://docs.wpvip.com/plugins/installing-plugins/,0,0,0.00,0.16,152,"19, 3, 3, 3, 3, 11, 19, 7, 42, 80, 26, 65",2026-07-07,"Reviews, Video, Video Carousel, People also ask, Related searches, AI overview",informational,Organic
evaluate the prompt expansion company eploy on headless cms,23,23,50,0,0.00,https://wpvip.com/blog/why-hybrid-cms-beats-headless/,0,0,0.00,0,163000,"50, 100, 64, 21, 28, 14, 21, 14",2026-07-11,"Sitelinks, Reviews, Video, People also ask, AI overview",informational,Organic
wp engine cdn,24,24,30,35,31.82,https://wpvip.com/blog/wordpress-cdn/,0,0,0.00,0.16,106,"14, 14, 35, 14, 14, 14, 14, 14, 14, 21, 35, 78",2026-07-20,"Sitelinks, Reviews, Video, People also ask, Related searches",navigational,Organic
is answer engine optimization worth it,34,34,50,26,0.00,https://wpvip.com/blog/aeo-vs-seo-answer-engine-optimization/,0,0,0.00,0,176,"14, 35, 14, 100, 21, 21, 21",2026-06-30,"Sitelinks, Reviews, Video, Ads bottom, Video Carousel, People also ask, Related searches, Discussions and forums, AI overview",informational,Organic
is answer engine optimization worth it,51,51,50,26,0.00,https://wpvip.com/blog/aeo-vs-seo-answer-engine-optimization/,0,0,0.00,0,176,"14, 35, 14, 100, 21, 21, 21",2026-06-30,"Sitelinks, Reviews, Video, Ads bottom, Video Carousel, People also ask, Related searches, Discussions and forums, AI overview",informational,Organic
scalability pro,15,15,170,2,0.00,https://wpvip.com/blog/wordpress-scalability/,0,0,0.00,0.13,96,"35, 22, 22, 35, 22, 100, 35, 22, 29, 18, 22, 22",2026-06-26,"Reviews, Video, Ads bottom, People also ask, Related searches",informational,Organic
wordpress 6.8 2 release date,17,17,70,16,0.00,https://customerhub.wpvip.com/lobby/2025/07/15/wordpress-6-8-2-maintenance-release/,0,0,0.00,0.33,106,"0, 0, 4, 14, 35, 100, 4, 4, 4, 4, 4, 4",2026-06-19,"Video, People also ask, Related searches, AI overview",informational,Organic
wordpress 6.8 2 release date,56,56,70,16,0.00,https://customerhub.wpvip.com/platform-release-schedule/,0,0,0.00,0.33,106,"0, 0, 4, 14, 35, 100, 4, 4, 4, 4, 4, 4",2026-06-19,"Video, People also ask, Related searches, AI overview",informational,Organic
what is wordpress integration,13,13,90,35,0.00,https://wpvip.com/wordpress-ecosystem/,0,0,0.00,0.33,102,"3, 2, 9, 11, 7, 14, 14, 9, 11, 9, 5, 7",2026-07-13,"Sitelinks, Video, Video Carousel, People also ask, Related searches, Discussions and forums, AI overview",informational,Organic
best commercial cms system,19,19,40,47,0.00,https://wpvip.com/blog/10-best-enterprise-content-management-systems/,0,0,0.00,0.06,185,"28, 28, 100, 100, 42, 42, 28, 28, 71, 100, 100, 100",2026-07-15,"Sitelinks, Reviews, Video, Ads bottom, Video Carousel, People also ask, Related searches, Discussions and forums, AI overview",commercial,Organic
admin suspend user multiple platform login verification process,26,26,140,20,0.00,https://docs.wpvip.com/security-controls/wordpress/enforce-2fa/,0,0,0.00,0,183000000,"100, 7, 0",2026-06-02,"Sitelinks, Video, Ads bottom, People also ask, Related searches, AI overview","informational, transactional",Organic
wordpress multi site,1,1,30,37,19.07,https://wpvip.com/blog/wordpress-multisite/,0,0,0.00,0.3,107,"19, 19, 0, 26, 7, 26, 0, 3, 11, 0, 0, 3",2026-07-06,"Video, Ads bottom, Video Carousel, People also ask, Related searches, Ads middle, AI overview",informational,AI overview
wordpress multi site,6,6,30,37,19.07,https://wpvip.com/blog/wordpress-multisite/,0,0,0.00,0.3,107,"19, 19, 0, 26, 7, 26, 0, 3, 11, 0, 0, 3",2026-07-06,"Video, Ads bottom, Video Carousel, People also ask, Related searches, Ads middle, AI overview",informational,Organic
wordpress multi site,6,6,30,37,19.07,https://wpvip.com/blog/wordpress-multisite/,0,0,0.00,0.3,107,"19, 19, 0, 26, 7, 26, 0, 3, 11, 0, 0, 3",2026-07-06,"Video, Ads bottom, Video Carousel, People also ask, Related searches, Ads middle, AI overview",informational,People also ask
wordpress multi site,6,6,30,37,19.07,https://wpvip.com/glossary/wordpress-multisite/,0,0,0.00,0.3,107,"19, 19, 0, 26, 7, 26, 0, 3, 11, 0, 0, 3",2026-07-06,"Video, Ads bottom, Video Carousel, People also ask, Related searches, Ads middle, AI overview",informational,People also ask
wordpress multi site,29,29,30,37,19.07,https://wpvip.com/glossary/wordpress-multisite/,0,0,0.00,0.3,107,"19, 19, 0, 26, 7, 26, 0, 3, 11, 0, 0, 3",2026-07-06,"Video, Ads bottom, Video Carousel, People also ask, Related searches, Ads middle, AI overview",informational,Organic
webvital,20,20,30,45,5.23,https://wpvip.com/glossary/core-web-vitals/,0,0,0.00,0.23,131,"6, 0, 12, 34, 15, 21, 0, 0, 0, 0, 3, 0",2026-06-30,"Reviews, Video, Ads bottom, Video Carousel, People also ask, Related searches",informational,Organic
wordpress 6.7 release november 2025 news,47,47,110,21,0.00,https://customerhub.wpvip.com/platform-release-schedule/,0,0,0.00,0,114,"100, 0, 1, 0, 0, 0",2026-07-11,"Reviews, Video, People also ask, Related searches, AI overview",informational,Organic
headless wordpress examples,1,1,50,17,2.29,https://wpvip.com/headless-wordpress/,0,0,0.00,0.2,121,"52, 17, 100, 100, 11, 11, 11, 11, 11, 11, 11, 11",2026-07-20,"Sitelinks, Video, Video Carousel, People also ask, Related searches, Discussions and forums, AI overview",informational,AI overview
headless wordpress examples,9,9,50,17,2.29,https://wpvip.com/resource/headless-cms-guide/,0,0,0.00,0.2,121,"52, 17, 100, 100, 11, 11, 11, 11, 11, 11, 11, 11",2026-07-20,"Sitelinks, Video, Video Carousel, People also ask, Related searches, Discussions and forums, AI overview",informational,Organic
headless wordpress examples,27,27,50,17,2.29,https://wpvip.com/resource/headless-cms-guide/,0,0,0.00,0.2,121,"52, 17, 100, 100, 11, 11, 11, 11, 11, 11, 11, 11",2026-07-20,"Sitelinks, Video, Video Carousel, People also ask, Related searches, Discussions and forums, AI overview",informational,Organic
fedramp certification platform,14,14,50,37,0.00,https://wpvip.com/blog/wordpress-vip-is-fedramp-authorized/,0,0,0.00,0,112,"28, 14, 71, 100, 57, 71, 100, 71, 71, 57, 100, 100",2026-07-01,"Video, Ads bottom, People also ask, Related searches, AI overview",informational,Organic
best omnichannel strategy rendering platforms,32,32,40,17,0.00,https://wpvip.com/blog/omnichannel-digital-experiences-cms-composable/,0,0,0.00,0,260000,"78, 100, 78, 0, 0, 7, 0, 0, 0",2026-06-28,"Sitelinks, Reviews, Video, Ads bottom, People also ask, Related searches, AI overview",commercial,Organic
aeo vs featured snippets,50,50,50,5,0.00,https://wpvip.com/blog/aeo-vs-seo-answer-engine-optimization/,0,0,0.00,0,139,"100, 64, 35, 35, 7, 0, 0",2026-07-08,"Sitelinks, Reviews, Video, People also ask, AI overview",commercial,Organic
what is xmlrpc.php,15,15,40,30,0.00,https://docs.wpvip.com/security-controls/wordpress/xml-rpc/,0,0,0.00,0.04,129,"36, 100, 9, 45, 45, 63, 18, 18, 18, 18, 36, 18",2026-06-05,"Sitelinks, Video, People also ask, AI overview",informational,Organic
wordpress listing theme,9,9,40,41,2.57,https://docs.wpvip.com/wordpress-skeleton/themes-directory/,0,0,0.00,0.3,129,"45, 27, 45, 45, 100, 36, 27, 36, 18, 18, 18, 18",2026-06-28,"Sitelinks, Reviews, Video, People also ask, Related searches, Discussions and forums",commercial,People also ask
wordpress wp content directory,16,16,50,24,0.00,https://docs.wpvip.com/wordpress-skeleton/plugins-directory/,0,0,0.00,0,104,"52, 100, 11, 11, 11, 100, 11, 0, 11, 0, 0, 0",2026-06-27,"Sitelinks, Reviews, Video, Video Carousel, People also ask, Related searches, AI overview",informational,Organic
wordpress headless theme,30,30,170,,0.00,https://wpvip.com/resource/headless-cms-guide/,0,0,0.00,0.03,106,"1, 1, 1, 1, 2, 1, 1, 1, 1, 1, 1, 100",2026-06-13,"Sitelinks, Reviews, Video, Video Carousel, Related searches, AI overview",informational,Organic
headless hosting bundles with scalability,1,1,40,16,0.00,https://wpvip.com/headless-wordpress/,0,0,0.00,0,166000,"100, 77, 33, 77, 44, 0, 33, 0, 77",2026-06-28,"Sitelinks, Video, AI overview",informational,AI overview
headless hosting bundles with scalability,1,1,40,16,0.00,https://wpvip.com/blog/scaling-wordpress-for-high-traffic/,0,0,0.00,0,166000,"100, 77, 33, 77, 44, 0, 33, 0, 77",2026-06-28,"Sitelinks, Video, AI overview",informational,AI overview
headless hosting bundles with scalability,38,38,40,16,0.00,https://wpvip.com/blog/scaling-wordpress-for-high-traffic/,0,0,0.00,0,166000,"100, 77, 33, 77, 44, 0, 33, 0, 77",2026-06-28,"Sitelinks, Video, AI overview",informational,Organic
headless hosting bundles with scalability,49,49,40,16,0.00,https://wpvip.com/blog/headless-cms-for-enterprise/,0,0,0.00,0,166000,"100, 77, 33, 77, 44, 0, 33, 0, 77",2026-06-28,"Sitelinks, Video, AI overview",informational,Organic
wordpress vip cost,1,1,50,18,0.00,https://wpvip.com/pricing/,0,0,0.00,0.54,107,"29, 17, 29, 29, 11, 29, 11, 41, 41, 29, 41, 17",2026-06-26,"Sitelinks, Reviews, Video, Ads top, People also ask, Related searches, AI overview",informational,AI overview
wordpress vip cost,9,9,50,18,0.00,https://wpvip.com/resource/wp-engine-vs-wordpress-vip/,0,0,0.00,0.54,107,"29, 17, 29, 29, 11, 29, 11, 41, 41, 29, 41, 17",2026-06-26,"Sitelinks, Reviews, Video, Ads top, People also ask, Related searches, AI overview",informational,Organic
wordpress vip cost,14,14,50,18,0.00,https://wpvip.com/wordpress-vip-for-developers/,0,0,0.00,0.54,107,"29, 17, 29, 29, 11, 29, 11, 41, 41, 29, 41, 17",2026-06-26,"Sitelinks, Reviews, Video, Ads top, People also ask, Related searches, AI overview",informational,Organic
wordpress vip cost,19,19,50,18,0.00,https://wpvip.com/resource/total-cost-of-ownership-wordpress-vip-parsely/,0,0,0.00,0.54,107,"29, 17, 29, 29, 11, 29, 11, 41, 41, 29, 41, 17",2026-06-26,"Sitelinks, Reviews, Video, Ads top, People also ask, Related searches, AI overview",informational,Organic
wordpress vip cost,27,27,50,18,0.00,https://wpvip.com/package-definitions/,0,0,0.00,0.54,107,"29, 17, 29, 29, 11, 29, 11, 41, 41, 29, 41, 17",2026-06-26,"Sitelinks, Reviews, Video, Ads top, People also ask, Related searches, AI overview",informational,Organic
wordpress vip cost,32,32,50,18,0.00,https://wpvip.com/wordpress-vip-for-government/,0,0,0.00,0.54,107,"29, 17, 29, 29, 11, 29, 11, 41, 41, 29, 41, 17",2026-06-26,"Sitelinks, Reviews, Video, Ads top, People also ask, Related searches, AI overview",informational,Organic
wordpress vip cost,45,45,50,18,0.00,https://wpvip.com/wordpress-vip-faq/,0,0,0.00,0.54,107,"29, 17, 29, 29, 11, 29, 11, 41, 41, 29, 41, 17",2026-06-26,"Sitelinks, Reviews, Video, Ads top, People also ask, Related searches, AI overview",informational,Organic
wordpress vip cost,51,51,50,18,0.00,https://wpvip.com/blog/what-is-wordpress-vip/,0,0,0.00,0.54,107,"29, 17, 29, 29, 11, 29, 11, 41, 41, 29, 41, 17",2026-06-26,"Sitelinks, Reviews, Video, Ads top, People also ask, Related searches, AI overview",informational,Organic
wordpress vip cost,57,57,50,18,0.00,https://wpvip.com/wordpress-vip-for-enterprise/,0,0,0.00,0.54,107,"29, 17, 29, 29, 11, 29, 11, 41, 41, 29, 41, 17",2026-06-26,"Sitelinks, Reviews, Video, Ads top, People also ask, Related searches, AI overview",informational,Organic
wordpress vip cost,60,60,50,18,0.00,https://wpvip.com/wordpress-vip-for-enterprise/,0,0,0.00,0.54,107,"29, 17, 29, 29, 11, 29, 11, 41, 41, 29, 41, 17",2026-06-26,"Sitelinks, Reviews, Video, Ads top, People also ask, Related searches, AI overview",informational,Organic
wordpress vip cost,65,65,50,18,0.00,https://wpvip.com/services/,0,0,0.00,0.54,107,"29, 17, 29, 29, 11, 29, 11, 41, 41, 29, 41, 17",2026-06-26,"Sitelinks, Reviews, Video, Ads top, People also ask, Related searches, AI overview",informational,Organic
wordpress vip cost,68,68,50,18,0.00,https://wpvip.com/wordpress-platform/,0,0,0.00,0.54,107,"29, 17, 29, 29, 11, 29, 11, 41, 41, 29, 41, 17",2026-06-26,"Sitelinks, Reviews, Video, Ads top, People also ask, Related searches, AI overview",informational,Organic
wordpress vip cost,71,71,50,18,0.00,https://wpvip.com/hosting-tos/,0,0,0.00,0.54,107,"29, 17, 29, 29, 11, 29, 11, 41, 41, 29, 41, 17",2026-06-26,"Sitelinks, Reviews, Video, Ads top, People also ask, Related searches, AI overview",informational,Organic
wordpress vip cost,76,76,50,18,0.00,https://wpvip.com/blog/scalable-wordpress-aws-azure-google/,0,0,0.00,0.54,107,"29, 17, 29, 29, 11, 29, 11, 41, 41, 29, 41, 17",2026-06-26,"Sitelinks, Reviews, Video, Ads top, People also ask, Related searches, AI overview",informational,Organic
wordpress vip cost,80,80,50,18,0.00,https://wpvip.com/resources/,0,0,0.00,0.54,107,"29, 17, 29, 29, 11, 29, 11, 41, 41, 29, 41, 17",2026-06-26,"Sitelinks, Reviews, Video, Ads top, People also ask, Related searches, AI overview",informational,Organic
wordpress vip cost,83,83,50,18,0.00,https://wpvip.com/blog/wordpress-org-vs-wordpress-com-vs-wordpress-vip-whats-the-difference/,0,0,0.00,0.54,107,"29, 17, 29, 29, 11, 29, 11, 41, 41, 29, 41, 17",2026-06-26,"Sitelinks, Reviews, Video, Ads top, People also ask, Related searches, AI overview",informational,Organic
wordpress vip cost,84,84,50,18,0.00,https://wpvip.com/standard-package-get-a-demo/,0,0,0.00,0.54,107,"29, 17, 29, 29, 11, 29, 11, 41, 41, 29, 41, 17",2026-06-26,"Sitelinks, Reviews, Video, Ads top, People also ask, Related searches, AI overview",informational,Organic
wordpress vip cost,85,85,50,18,0.00,https://wpvip.com/products/,0,0,0.00,0.54,107,"29, 17, 29, 29, 11, 29, 11, 41, 41, 29, 41, 17",2026-06-26,"Sitelinks, Reviews, Video, Ads top, People also ask, Related searches, AI overview",informational,Organic
wordpress vip cost,89,89,50,18,0.00,https://wpvip.com/blog/why-customers-love-wordpress-vip/,0,0,0.00,0.54,107,"29, 17, 29, 29, 11, 29, 11, 41, 41, 29, 41, 17",2026-06-26,"Sitelinks, Reviews, Video, Ads top, People also ask, Related searches, AI overview",informational,Organic
wordpress vip cost,91,91,50,18,0.00,https://wpvip.com/blog/why-customers-love-wordpress-vip/,0,0,0.00,0.54,107,"29, 17, 29, 29, 11, 29, 11, 41, 41, 29, 41, 17",2026-06-26,"Sitelinks, Reviews, Video, Ads top, People also ask, Related searches, AI overview",informational,Organic
wordpress vip cost,92,92,50,18,0.00,https://docs.wpvip.com/,0,0,0.00,0.54,107,"29, 17, 29, 29, 11, 29, 11, 41, 41, 29, 41, 17",2026-06-26,"Sitelinks, Reviews, Video, Ads top, People also ask, Related searches, AI overview",informational,Organic
wordpress.ciom,35,35,110,100,3.05,https://wpvip.com/,0,0,0.00,0.41,603000000,"0, 100, 0, 0, 0, 0, 0, 0, 0, 0, 0, 0",2026-06-04,"Sitelinks, Video, Video Carousel, People also ask",navigational,Organic
wpengine redirects,40,40,90,26,0.00,https://docs.wpvip.com/redirects/,0,0,0.00,0.02,106,"19, 9, 100, 100, 42, 52, 9, 33, 33, 42, 23, 52",2026-06-26,"Sitelinks, Reviews, Video, Ads bottom, People also ask, Related searches, AI overview",navigational,Organic
best wordpress plugins for agencies,26,26,110,6,0.00,https://wpvip.com/partners/agency-partners/,0,0,0.00,0,186,"14, 7, 64, 78, 64, 100, 100, 100, 100, 78, 100, 100",2026-07-12,"Sitelinks, Reviews, Video, Video Carousel, Related searches, AI overview",commercial,Organic
hosting headless wordpress,26,26,50,32,0.00,https://wpvip.com/resource/headless-cms-guide/,0,0,0.00,0.33,145,"21, 50, 28, 100, 100, 50, 14, 14, 14, 14, 14, 14",2026-06-22,"Sitelinks, Video, Video Carousel, Related searches, Discussions and forums, AI overview",informational,Organic
wordpress 6.8 1,25,25,260,10,0.00,https://customerhub.wpvip.com/lobby/2025/04/30/wordpress-6-8-1-maintenance-release/,0,0,0.00,0.01,105,"45, 100, 45, 30, 8, 8, 3, 3, 1, 1, 1, 1",2026-06-07,"Video, People also ask, Related searches",commercial,Organic
wordpress support for agencies,40,40,40,1,11.99,https://wpvip.com/partners/agency-partners/,0,0,0.00,0.08,104,"14, 28, 14, 57, 100, 100, 100, 100, 42, 42, 57, 42",2026-06-22,"Sitelinks, Reviews, Video, Related searches, AI overview",informational,Organic
wordpress vip business plan pricing 2026,13,13,480,,0.00,https://wpvip.com/resource/arc-xp-vs-wordpress-vip/,0,0,0.00,0,19800000,"100, 21, 0",2026-05-29,"Video, People also ask, Related searches",navigational,Organic
wordpress vip business plan pricing 2026,15,15,480,,0.00,https://wpvip.com/blog/website-roi-why-websites-matter-2026/,0,0,0.00,0,19800000,"100, 21, 0",2026-05-29,"Video, People also ask, Related searches",navigational,Organic
wordpress vip business plan pricing 2026,24,24,480,,0.00,https://wpvip.com/package-definitions/,0,0,0.00,0,19800000,"100, 21, 0",2026-05-29,"Video, People also ask, Related searches",navigational,Organic
wordpress vip business plan pricing 2026,30,30,480,,0.00,https://wpvip.com/services/,0,0,0.00,0,19800000,"100, 21, 0",2026-05-29,"Video, People also ask, Related searches",navigational,Organic
wordpress vip business plan pricing 2026,33,33,480,,0.00,https://wpvip.com/resource/wp-engine-vs-wordpress-vip/,0,0,0.00,0,19800000,"100, 21, 0",2026-05-29,"Video, People also ask, Related searches",navigational,Organic
wordpress vip business plan pricing 2026,36,36,480,,0.00,https://wpvip.com/wordpress-vip-for-developers/,0,0,0.00,0,19800000,"100, 21, 0",2026-05-29,"Video, People also ask, Related searches",navigational,Organic
wordpress vip business plan pricing 2026,37,37,480,,0.00,https://wpvip.com/,0,0,0.00,0,19800000,"100, 21, 0",2026-05-29,"Video, People also ask, Related searches",navigational,Organic
wordpress vip business plan pricing 2026,40,40,480,,0.00,https://wpvip.com/wordpress-vip-agile-content-platform/,0,0,0.00,0,19800000,"100, 21, 0",2026-05-29,"Video, People also ask, Related searches",navigational,Organic
wordpress vip business plan pricing 2026,42,42,480,,0.00,https://wpvip.com/wordpress-platform/,0,0,0.00,0,19800000,"100, 21, 0",2026-05-29,"Video, People also ask, Related searches",navigational,Organic
wordpress vip business plan pricing 2026,43,43,480,,0.00,https://wpvip.com/wordpress-vip-for-enterprise/,0,0,0.00,0,19800000,"100, 21, 0",2026-05-29,"Video, People also ask, Related searches",navigational,Organic
wordpress vip business plan pricing 2026,44,44,480,,0.00,https://wpvip.com/content-management-system/,0,0,0.00,0,19800000,"100, 21, 0",2026-05-29,"Video, People also ask, Related searches",navigational,Organic
wordpress vip business plan pricing 2026,45,45,480,,0.00,https://wpvip.com/enterprise-commerce/,0,0,0.00,0,19800000,"100, 21, 0",2026-05-29,"Video, People also ask, Related searches",navigational,Organic
wordpress vip business plan pricing 2026,46,46,480,,0.00,https://wpvip.com/enterprise-wordpress-hosting/,0,0,0.00,0,19800000,"100, 21, 0",2026-05-29,"Video, People also ask, Related searches",navigational,Organic
wordpress vip business plan pricing 2026,47,47,480,,0.00,https://wpvip.com/products/,0,0,0.00,0,19800000,"100, 21, 0",2026-05-29,"Video, People also ask, Related searches",navigational,Organic
wordpress vip business plan pricing 2026,49,49,480,,0.00,https://wpvip.com/wordpress-vip-for-media/,0,0,0.00,0,19800000,"100, 21, 0",2026-05-29,"Video, People also ask, Related searches",navigational,Organic
wordpress vip business plan pricing 2026,53,53,480,,0.00,https://wpvip.com/event/forrester-b2b-summit-2026/,0,0,0.00,0,19800000,"100, 21, 0",2026-05-29,"Video, People also ask, Related searches",navigational,Organic
wordpress vip business plan pricing 2026,57,57,480,,0.00,https://wpvip.com/wordpress-vip-for-enterprise/,0,0,0.00,0,19800000,"100, 21, 0",2026-05-29,"Video, People also ask, Related searches",navigational,Organic
sql explain analyze,28,28,30,30,9.71,https://learn.wpvip.com/lesson/using-explain-to-analyze-sql-queries/,0,0,0.00,0.08,128,"14, 14, 100, 35, 14, 14, 14, 14, 14, 14, 14, 14",2026-06-27,"Sitelinks, Reviews, Video, Ads bottom, People also ask, Related searches, AI overview",informational,Organic
analytic website,5,5,50,71,8.85,https://wpvip.com/blog/web-analytics-software-tools/,0,0,0.00,0.25,63,"0, 1, 4, 17, 5, 0, 1, 1, 1, 3, 14, 14",2026-06-27,"Sitelinks, Video, Video Carousel, People also ask, Related searches",informational,People also ask
advantages open source software,12,12,110,29,0.00,https://wpvip.com/blog/how-open-source-software-benefits-businesses/,0,0,0.00,0.33,126,"53, 100, 26, 26, 26, 42, 34, 26, 19, 26, 26, 42",2026-06-16,"Sitelinks, Reviews, Video, Video Carousel, People also ask, Related searches, AI overview",informational,Organic
wordpress elasticsearch,22,22,110,25,8.07,https://wpvip.com/glossary/what-is-enterprise-search/,0,0,0.00,0.15,110,"29, 17, 64, 64, 100, 41, 41, 82, 82, 52, 52, 82",2026-06-26,"Sitelinks, Reviews, Video, People also ask, Related searches",informational,Organic
wordpress secure file access,24,24,90,4,0.00,https://docs.wpvip.com/security-controls/access-controlled-files/,0,0,0.00,0,105,"0, 0, 100, 54, 18, 4, 81, 2, 2, 0, 0, 0",2026-06-26,"Reviews, Video, Video Carousel, People also ask, Related searches, Discussions and forums, AI overview",informational,Organic
php lint,28,28,70,30,5.04,https://docs.wpvip.com/vip-code-analysis-bot/php-linting/,0,0,0.00,0.12,112,"43, 15, 15, 12, 34, 12, 28, 21, 6, 34, 28, 9",2026-06-23,"Sitelinks, Video, People also ask, Related searches, AI overview",informational,Organic
cache control private,27,27,90,45,0.00,https://docs.wpvip.com/caching/page-cache/customize-behavior/cache-control-headers/,0,0,0.00,0.33,112,"42, 53, 53, 53, 53, 26, 34, 26, 19, 19, 19, 19",2026-06-02,"Sitelinks, Video, People also ask, Related searches, Discussions and forums, AI overview",informational,Organic
aquanor.no wp-json exhibitor,1,1,40,0,0.00,https://docs.wpvip.com/wordpress-on-vip/wordpress-rest-api/,0,0,0.00,0,431,"22, 44, 55, 22, 11, 100",2026-07-12,"Reviews, Video, Related searches, AI overview","informational, navigational",AI overview
http vary header,23,23,70,32,0.00,https://docs.wpvip.com/caching/page-cache/customize-behavior/vary-http-response-header/,0,0,0.00,0.33,110,"64, 78, 64, 35, 35, 50, 35, 35, 28, 35, 35, 35",2026-06-16,"Sitelinks, Video, Related searches","commercial, informational",Organic
headless cms security,15,15,70,10,0.00,https://wpvip.com/blog/10-headless-cms-architecture-myths/,0,0,0.00,0.33,134,"14, 33, 52, 66, 33, 33, 19, 23, 33, 52, 52, 19",2026-06-30,"Sitelinks, Reviews, Video, Ads bottom, AI overview","commercial, informational",Organic
cve-2025-67779,21,21,90,30,0.00,https://customerhub.wpvip.com/lobby/2025/12/11/security-update-additional-next-js-react-server-components-vulnerabilities-cve-2025-55183-cve-2025-55184-cve-2025-67779/,0,0,0.00,0.09,113,"42, 42, 42, 42, 42, 42, 42, 42, 0, 0, 0, 0",2026-07-17,"Video, Related searches",informational,Organic
wp premium support,26,26,30,20,12.36,https://wpvip.com/,0,0,0.00,0.11,105,"18, 100, 18, 45, 36, 18, 27, 18, 27, 18, 18, 18",2026-06-18,"Ads bottom, People also ask, Related searches",navigational,Organic
rockset rollups ingest_query wrap_query,7,7,40,17,0.00,https://docs.wpvip.com/enterprise-search/enable-non-search-queries/,0,0,0.00,0,377,"11, 44, 100, 55",2026-07-19,"Sitelinks, Video, Video Carousel, People also ask, Related searches",informational,Organic
real-time editing,6,6,50,40,6.09,https://customerhub.wpvip.com/lobby/2026/01/07/collaborative-editing-is-here-real-time-collaboration-and-notes/,0,0,0.00,0.02,124,"0, 0, 0, 0, 0, 64, 28, 14, 100, 100, 21, 64",2026-06-24,"Sitelinks, Reviews, Video, Video Carousel, People also ask, Related searches, Discussions and forums, AI overview",informational,Organic
real-time editing,9,9,50,40,6.09,https://customerhub.wpvip.com/lobby/2026/01/07/collaborative-editing-is-here-real-time-collaboration-and-notes/,0,0,0.00,0.02,124,"0, 0, 0, 0, 0, 64, 28, 14, 100, 100, 21, 64",2026-06-24,"Sitelinks, Reviews, Video, Video Carousel, People also ask, Related searches, Discussions and forums, AI overview",informational,Organic
benefits of using a pim consultant,37,37,40,0,0.00,https://wpvip.com/blog/pim-benefits-and-use-cases/,0,0,0.00,0,170,"100, 100, 28, 0",2026-05-19,"Sitelinks, Video, People also ask, AI overview",informational,Organic
what is personal information management software,66,66,40,12,3.90,https://wpvip.com/blog/pim-benefits-and-use-cases/,0,0,0.00,0.08,198,"63, 63, 18, 18, 18, 81, 18, 18, 18, 18, 18, 100",2026-06-17,"Sitelinks, Reviews, Video, People also ask, Related searches, AI overview",informational,Organic
damprip,63,63,70,,0.24,https://wpvip.com/glossary/digital-asset-management/,0,0,0.00,1,801,"0, 0, 10, 66, 0, 0, 0, 0, 0, 0, 100, 0",2026-06-30,"Sitelinks, Reviews, Video, Related searches, AI overview",informational,Organic
happycog,11,11,110,38,6.45,https://wpvip.com/partner/happy-cog/,0,0,0.00,0.06,0,"44, 29, 23, 23, 1, 0, 6, 0, 9, 0, 36, 1",2026-06-21,"Knowledge panel, Sitelinks, Reviews, Video, Image",navigational,Organic
happycog,31,31,110,38,6.45,https://wpvip.com/2021/10/29/six-questions-with-happy-cog/?utm_source=twitter&utm_medium=social&utm_campaign=partner_blog&utm_content=Oktopost-Twitter,0,0,0.00,0.06,0,"44, 29, 23, 23, 1, 0, 6, 0, 9, 0, 36, 1",2026-06-21,"Knowledge panel, Sitelinks, Reviews, Video, Image",navigational,Organic
what is digital river,28,28,50,23,0.00,https://wpvip.com/blog/six-questions-with-digital-river/,0,0,0.00,0.01,109,"11, 8, 11, 8, 11, 8, 11, 6, 6, 3, 3, 3",2026-06-18,"Sitelinks, Reviews, Video, People also ask, Related searches, AI overview",informational,Organic
word press classes,19,19,40,66,2.96,https://learn.wpvip.com/,0,0,0.00,0.42,106,"7, 0, 100, 14, 28, 14, 28, 28, 21, 28, 28, 28",2026-06-15,"Knowledge panel, Sitelinks, Reviews, Video, Ads top, Ads bottom, Video Carousel, People also ask, Related searches",commercial,Organic
web. vip,3,3,70,46,2.39,https://wpvip.com/,0,0,0.00,0.02,93,"100, 0, 0",2026-06-06,"Sitelinks, Video, Video Carousel, People also ask, Related searches",navigational,Organic
web. vip,8,8,70,46,2.39,https://wpvip.com/blog/building-the-open-intelligent-web-ai-day/,0,0,0.00,0.02,93,"100, 0, 0",2026-06-06,"Sitelinks, Video, Video Carousel, People also ask, Related searches",navigational,Organic
web. vip,25,25,70,46,2.39,https://wpvip.com/blog/run-the-web-vip/,0,0,0.00,0.02,93,"100, 0, 0",2026-06-06,"Sitelinks, Video, Video Carousel, People also ask, Related searches",navigational,Organic
web. vip,51,51,70,46,2.39,https://wpvip.com/case-studies/public-sector-ca/,0,0,0.00,0.02,93,"100, 0, 0",2026-06-06,"Sitelinks, Video, Video Carousel, People also ask, Related searches",navigational,Organic
web. vip,63,63,70,46,2.39,https://wpvip.com/resource/federal-customer-experience/,0,0,0.00,0.02,93,"100, 0, 0",2026-06-06,"Sitelinks, Video, Video Carousel, People also ask, Related searches",navigational,Organic
web. vip,66,66,70,46,2.39,https://wpvip.com/event/accessible-government-website-webinar/,0,0,0.00,0.02,93,"100, 0, 0",2026-06-06,"Sitelinks, Video, Video Carousel, People also ask, Related searches",navigational,Organic
what is answer engine optimization aeo,47,47,260,42,2.38,https://wpvip.com/blog/answer-engine-optimization-strategies/,0,0,0.00,0.07,178,"2, 1, 1, 1, 5, 1, 1, 2, 5, 25, 100, 8",2026-06-30,"Sitelinks, Reviews, Video, Ads bottom, Video Carousel, People also ask, Related searches, AI overview",informational,Organic
what is answer engine optimization aeo,51,51,260,42,2.38,https://wpvip.com/blog/answer-engine-optimization-strategies/,0,0,0.00,0.07,178,"2, 1, 1, 1, 5, 1, 1, 2, 5, 25, 100, 8",2026-06-30,"Sitelinks, Reviews, Video, Ads bottom, Video Carousel, People also ask, Related searches, AI overview",informational,Organic
how to use headless cms,5,5,70,26,0.00,https://wpvip.com/resource/headless-cms-guide/,0,0,0.00,0.02,153,"9, 9, 9, 80, 100, 33, 9, 9, 9, 42, 66, 52",2026-06-22,"Sitelinks, Reviews, Video, Ads bottom, Video Carousel, Related searches, Discussions and forums, AI overview",informational,Organic
website analytics service,1,1,50,50,12.20,https://wpvip.com/blog/web-analytics-software-tools/,0,0,0.00,0.02,137,"15, 15, 3, 11, 11, 11, 53, 100, 0, 7, 19, 0",2026-06-06,"Sitelinks, Video, Ads bottom, Video Carousel, Related searches, AI overview",informational,AI overview
ada compliance april 2026,68,68,110,43,2.36,https://wpvip.com/blog/ada-website-accessibility-deadline-2026/,0,0,0.00,0.25,118,"3, 0, 9, 15, 21, 28, 21, 28, 53, 53, 100, 100",2026-07-13,"Reviews, Video, People also ask, Related searches, AI overview",informational,Organic
https://wordpress.com/,22,22,320,100,3.05,https://wpvip.com/,0,0,0.00,0.41,0,"0, 68, 0, 0, 0, 0, 0, 0, 0, 0, 100, 0",2026-06-24,"Sitelinks, Reviews, Video, People also ask",navigational,Organic
multi sites,16,16,70,11,0.00,https://wpvip.com/glossary/wordpress-multisite/,0,0,0.00,0.01,135,"52, 11, 41, 5, 0, 100, 82, 29, 0, 41, 41, 52",2026-06-14,"Sitelinks, Reviews, Video, Video Carousel, People also ask, Related searches, AI overview",informational,Organic
multi sites,50,50,70,11,0.00,https://wpvip.com/blog/wordpress-multisite/,0,0,0.00,0.01,135,"52, 11, 41, 5, 0, 100, 82, 29, 0, 41, 41, 52",2026-06-14,"Sitelinks, Reviews, Video, Video Carousel, People also ask, Related searches, AI overview",informational,Organic
scalable+wp+hosting,16,16,50,21,0.00,https://wpvip.com/blog/wordpress-scalability/,0,0,0.00,0.03,150,"65, 53, 7, 53, 19, 7, 7, 7, 7, 19, 7, 3",2026-06-26,"Sitelinks, Video, Related searches, Discussions and forums, AI overview",informational,Organic
what is website migration,1,1,480,20,0.00,https://wpvip.com/glossary/website-migration/,0,0,0.00,0.01,125,"16, 24, 24, 55, 45, 20, 20, 100, 36, 45, 45, 36",2026-06-14,"Sitelinks, Reviews, Video, Video Carousel, People also ask, Related searches, AI overview",informational,AI overview
latest wordpress version april 2026,16,16,210,15,0.00,https://customerhub.wpvip.com/platform-release-schedule/,0,0,0.00,0,139,100,2026-07-08,"Sitelinks, Reviews, Video, People also ask, Related searches",informational,Organic
accuweather apis,50,50,30,33,3.94,https://wpvip.com/blog/accuweather-wordpress-api/,0,0,0.00,0.17,123,"65, 0, 0, 0, 0, 0, 65, 0, 0, 3, 0, 7",2026-07-11,"Sitelinks, Reviews, Video, People also ask, Related searches, Ads middle","navigational, transactional",Organic
process.env.node_env,36,36,210,29,0.00,https://docs.wpvip.com/node-js/environment-variables/,0,0,0.00,0.33,137,"2, 1, 1, 100, 1, 5, 4, 3, 1, 1, 1, 2",2026-07-01,"Sitelinks, Video, AI overview",informational,Organic
wordpress xml rpc,22,22,40,36,0.00,https://docs.wpvip.com/security-controls/wordpress/xml-rpc/,0,0,0.00,0.02,139,"14, 0, 33, 33, 14, 33, 19, 19, 9, 0, 19, 4",2026-06-10,"Sitelinks, People also ask, Related searches, Discussions and forums, AI overview",informational,Organic
ttl 14400,1,1,50,16,0.00,https://docs.wpvip.com/domains/check-dns-record-time-to-live/,0,0,0.00,0.01,102,"29, 41, 41, 41, 17, 41, 41, 11, 11, 11, 11, 100",2026-06-20,"Video, People also ask, Related searches, AI overview",informational,AI overview
wordpress 6.7 release date december 2025 news,41,41,170,15,0.00,https://customerhub.wpvip.com/platform-release-schedule/,0,0,0.00,0,427000,100,2026-05-21,"Video, Video Carousel, People also ask, Related searches, AI overview",informational,Organic
wordpress esc_html documentation,11,11,50,19,0.00,https://docs.wpvip.com/security/validating-sanitizing-and-escaping/,0,0,0.00,0,108,"0, 28, 50, 100, 21, 7",2026-06-24,"Sitelinks, Video, Related searches",informational,Organic
wordpress category organization topical map pillar content strategy,22,22,70,5,0.00,https://wpvip.com/blog/content-taxonomy-setup/,0,0,0.00,0,62000,"64, 100, 14, 0",2026-06-04,"Video, Video Carousel, Related searches, AI overview",informational,Organic
wordpress 6.7 release candidate,14,14,40,18,0.00,https://wpvip.com/blog/wordpress-6-7/,0,0,0.00,0,105,"0, 42, 100, 23, 4, 0, 0, 0, 0",2026-07-12,"Sitelinks, Video, People also ask, Related searches, AI overview",informational,Organic
content marketing best practices for investment managers,36,36,50,6,0.00,https://wpvip.com/resource/content-marketing-strategy-guide/,0,0,0.00,0,175,"63, 27, 27, 81, 100, 81, 27, 18, 45, 45, 27, 18",2026-06-30,"Sitelinks, Video, AI overview",commercial,Organic
cms for omnichannel marketing,32,32,50,14,0.00,https://wpvip.com/blog/omnichannel-digital-experiences-cms-composable/,0,0,0.00,0.33,159,"36, 100, 45, 45, 45, 18, 27, 18, 27, 81, 81, 36",2026-06-12,"Sitelinks, Reviews, Video, People also ask, AI overview",informational,Organic
american eagle ad agency,9,9,50,16,0.00,https://wpvip.com/partner/americaneagle-com/,0,0,0.00,0.13,108,"0, 0, 0, 100, 29, 6, 0, 0, 4, 0, 0, 4",2026-06-17,"Sitelinks, Reviews, Video, People also ask, Related searches, AI overview",informational,Organic
wordpress plugin evaluation functionality features compatibility benefits,48,48,50,4,0.00,https://docs.wpvip.com/plugins/third-party-plugins/,0,0,0.00,0,577000,"35, 100, 7, 0",2026-06-17,"Sitelinks, Reviews, Video, Video Carousel, People also ask, AI overview",informational,Organic
elastic search wordpress,24,24,50,24,8.07,https://wpvip.com/glossary/what-is-enterprise-search/,0,0,0.00,0.15,108,"33, 33, 100, 55, 55, 22, 11, 44, 77, 55, 77, 100",2026-07-13,"Sitelinks, Reviews, Video, People also ask, Related searches",informational,Organic
elastic search wordpress,50,50,50,24,8.07,https://docs.wpvip.com/enterprise-search/,0,0,0.00,0.15,108,"33, 33, 100, 55, 55, 22, 11, 44, 77, 55, 77, 100",2026-07-13,"Sitelinks, Reviews, Video, People also ask, Related searches",informational,Organic
wordpress as saas,31,31,30,22,5.74,https://wpvip.com/wordpress-vip-for-saas-cms/,0,0,0.00,0.28,124,"40, 40, 100, 60, 20, 40, 60, 40, 100, 40, 20, 20",2026-06-26,"Sitelinks, Reviews, Video, Video Carousel, People also ask, Related searches, Discussions and forums, AI overview",informational,Organic
contentful vs strapi for enterprise use,74,74,40,12,0.00,https://wpvip.com/blog/10-best-enterprise-content-management-systems/,0,0,0.00,0,130,"80, 100, 80, 20",2026-06-21,"Sitelinks, Reviews, Video, Ads bottom, Video Carousel, Related searches, AI overview",commercial,Organic
you've discovered a premium feature,49,49,70,22,0.00,https://customerhub.wpvip.com/lobby/2026/05/22/new-features-application-overview-redesign-and-feature-discovery-page/,0,0,0.00,0.33,145,"0, 0, 0, 0, 0, 0, 52, 52, 66, 100, 66, 100",2026-06-24,"Sitelinks, Video, People also ask, Related searches, AI overview",informational,Organic
website statistics tool,22,22,70,38,0.00,https://wpvip.com/blog/web-analytics-software-tools/,0,0,0.00,0.33,133,"52, 9, 9, 9, 100, 23, 19, 19, 14, 42, 52, 33",2026-06-28,"Sitelinks, Video, Video Carousel, Related searches, AI overview","commercial, informational",Organic
best enterprise content management systems,72,72,90,34,32.29,https://wpvip.com/blog/10-best-enterprise-content-management-systems/,0,0,0.00,0.05,196,"52, 52, 82, 100, 82, 29, 41, 52, 41, 41, 41, 82",2026-06-27,"Sitelinks, Reviews, Video, Ads bottom, People also ask, Related searches, AI overview",commercial,Organic
kryterion login,14,14,70,32,0.00,https://learn.wpvip.com/certification/help/,0,0,0.00,0.33,108,"53, 53, 42, 19, 15, 19, 19, 19, 15, 7, 7, 7",2026-07-10,"Sitelinks, Video, People also ask, Related searches","navigational, transactional",Organic
best web analytics tools for tracking user behavior 2025,5,5,40,22,0.00,https://wpvip.com/blog/web-analytics-software-tools/,0,0,0.00,0,196,"100, 57, 0",2026-05-27,"Sitelinks, Video, Video Carousel, Related searches, AI overview",commercial,Organic
onesignal product suite features,26,26,40,23,0.00,https://wpvip.com/blog/six-questions-with-onesignal-on-using-push-notifications-to-keep-customers-engaged/,0,0,0.00,0,134000,"71, 100, 28, 0",2026-05-19,"Video, People also ask, Related searches, AI overview","informational, navigational",Organic
plan with tan vip login,65,65,40,23,0.00,https://docs.wpvip.com/vip-dashboard/vip-dashboard-log-in/,0,0,0.00,0.33,166,"9, 9, 9, 9, 9, 9, 33, 9, 33, 52, 52, 9",2026-07-18,"Sitelinks, Related searches","navigational, transactional",Organic
wordpress customer service telephone number,25,25,210,45,5.23,https://wpvip.com/contact/,0,0,0.00,0.42,108,"65, 81, 81, 65, 65, 65, 53, 53, 65, 65, 65, 43",2026-07-13,"Sitelinks, Reviews, Video, People also ask, Related searches",navigational,Organic
wordpress customer service telephone number,31,31,210,45,5.23,https://wpvip.com/contact/,0,0,0.00,0.42,108,"65, 81, 81, 65, 65, 65, 53, 53, 65, 65, 65, 43",2026-07-13,"Sitelinks, Reviews, Video, People also ask, Related searches",navigational,Organic
wordpress 6.7 release date 2025 news,29,29,40,18,0.00,https://customerhub.wpvip.com/platform-release-schedule/,0,0,0.00,0,105,"44, 100, 44, 11",2026-05-21,"Video, People also ask, Related searches, AI overview",informational,Organic
vip on the web,34,34,40,8,7.22,https://docs.wpvip.com/vip-dashboard/vip-dashboard-log-in/,0,0,0.00,0.05,105,"78, 14, 14, 14, 14, 14, 14, 100, 14, 14, 14, 14",2026-07-09,"Sitelinks, Reviews, Video, People also ask, Related searches",informational,Organic
wp control,6,6,50,12,0.00,https://docs.wpvip.com/wordpress-on-vip/cron-control/,0,0,0.00,0.07,179,"5, 5, 100, 5, 5, 5, 5, 5, 5, 5, 5, 5",2026-06-01,"Video, Video Carousel, People also ask, Related searches",navigational,Organic
disney data conference,23,23,70,26,0.94,https://wpvip.com/event/ddac24/,0,0,0.00,0.23,123,"42, 33, 52, 66, 66, 19, 23, 14, 19, 9, 9, 9",2026-07-05,"Instant answer, Sitelinks, Video, Video Carousel, People also ask, Related searches","informational, navigational",Organic
ttl dns,15,15,210,37,0.00,https://docs.wpvip.com/domains/check-dns-record-time-to-live/,0,0,0.00,0.01,117,"16, 16, 16, 10, 16, 13, 13, 6, 10, 8, 8, 8",2026-06-20,"Sitelinks, Video, People also ask, Related searches, AI overview",informational,Organic
mycommerce digital river,29,29,40,16,5.08,https://wpvip.com/blog/six-questions-with-digital-river/,0,0,0.00,0.16,97,"52, 29, 29, 29, 29, 23, 11, 11, 11, 11, 11, 11",2026-06-10,"Sitelinks, Video, People also ask, Related searches, AI overview",informational,Organic
cms platforms examples,57,57,50,27,2.58,https://wpvip.com/blog/10-best-enterprise-content-management-systems/?itm_source=parsely-api,0,0,0.00,0.24,127,"41, 29, 100, 52, 64, 23, 5, 11, 11, 17, 11, 41",2026-06-15,"Sitelinks, Reviews, Video, People also ask, Related searches, AI overview",informational,Organic
figma and wordpress,34,34,50,49,5.94,https://wpvip.com/blog/figma-to-wordpress/,0,0,0.00,0.23,109,"5, 5, 100, 5, 5, 5, 5, 5, 0, 5, 5, 5",2026-06-02,"Sitelinks, Video, Video Carousel, People also ask, Related searches, Discussions and forums","informational, transactional",Organic
digital platform experience,47,47,40,34,0.00,https://wpvip.com/glossary/digital-experience-platform/,0,0,0.00,0.36,136,"100, 71, 100, 100, 57, 71, 42, 28, 14, 28, 28, 28",2026-06-30,"Sitelinks, Reviews, Video, Ads bottom, Video Carousel, People also ask, Related searches, AI overview","commercial, informational",Organic
vip domain name,14,14,110,4,4.47,https://docs.wpvip.com/domains/convenience-domains/,0,0,0.00,0.2,109,"100, 29, 29, 29, 18, 18, 10, 10, 14, 10, 22, 18",2026-06-26,"Reviews, People also ask, Related searches, AI overview",commercial,Organic
vip domain name,47,47,110,4,4.47,https://docs.wpvip.com/domains/,0,0,0.00,0.2,109,"100, 29, 29, 29, 18, 18, 10, 10, 14, 10, 22, 18",2026-06-26,"Reviews, People also ask, Related searches, AI overview",commercial,Organic
vip domain name,91,91,110,4,4.47,https://docs.wpvip.com/domains/primary-domain/,0,0,0.00,0.2,109,"100, 29, 29, 29, 18, 18, 10, 10, 14, 10, 22, 18",2026-06-26,"Reviews, People also ask, Related searches, AI overview",commercial,Organic
vip domain name,96,96,110,4,4.47,https://docs.wpvip.com/guidebooks/prepare-for-launch/the-domain/,0,0,0.00,0.2,109,"100, 29, 29, 29, 18, 18, 10, 10, 14, 10, 22, 18",2026-06-26,"Reviews, People also ask, Related searches, AI overview",commercial,Organic
wordpress agency partner,14,14,40,14,0.00,https://wpvip.com/partners/partner-application/,0,0,0.00,0.71,133,"40, 40, 40, 100, 80, 100, 100, 80, 80, 80, 60, 60",2026-07-20,"Reviews, Video, Related searches, Discussions and forums",informational,Organic
wordpress agency partner,65,65,40,14,0.00,https://wpvip.com/blog/agency-partner-showcase-media-publishing-success/,0,0,0.00,0.71,133,"40, 40, 40, 100, 80, 100, 100, 80, 80, 80, 60, 60",2026-07-20,"Reviews, Video, Related searches, Discussions and forums",informational,Organic
wordpress agency partner,68,68,40,14,0.00,https://wpvip.com/partners/technology-partners/,0,0,0.00,0.71,133,"40, 40, 40, 100, 80, 100, 100, 80, 80, 80, 60, 60",2026-07-20,"Reviews, Video, Related searches, Discussions and forums",informational,Organic
aeo stands for answer engine optimization,38,38,40,46,0.00,https://wpvip.com/blog/answer-engine-optimization-strategies/,0,0,0.00,0,135,"33, 100, 44, 11",2026-07-07,"Sitelinks, Reviews, Video, Video Carousel, Related searches, AI overview",informational,Organic
american eagle web developers,5,5,140,51,8.51,https://wpvip.com/partner/americaneagle-com/,0,0,0.00,0.36,0,"18, 28, 28, 28, 18, 23, 28, 3, 3, 3, 35, 44",2026-06-24,"Sitelinks, Reviews, Video, People also ask, Related searches",navigational,Organic
wordpress for enterprise,12,12,170,19,27.43,https://wpvip.com/wordpress-platform/,0,0,0.00,0.28,93,"28, 21, 53, 43, 53, 43, 53, 100, 53, 53, 34, 43",2026-07-07,"Sitelinks, Reviews, Video, People also ask, Related searches, AI overview",informational,Organic
wordpress for enterprise,59,59,170,19,27.43,https://learn.wpvip.com/course/enterprise-performance/,0,0,0.00,0.28,93,"28, 21, 53, 43, 53, 43, 53, 100, 53, 53, 34, 43",2026-07-07,"Sitelinks, Reviews, Video, People also ask, Related searches, AI overview",informational,Organic
wordpress for enterprise,60,60,170,19,27.43,https://learn.wpvip.com/course/enterprise-performance/,0,0,0.00,0.28,93,"28, 21, 53, 43, 53, 43, 53, 100, 53, 53, 34, 43",2026-07-07,"Sitelinks, Reviews, Video, People also ask, Related searches, AI overview",informational,Organic
wordpress for enterprise,73,73,170,19,27.43,https://wpvip.com/blog/best-practices-for-building-an-enterprise-wordpress-website/,0,0,0.00,0.28,93,"28, 21, 53, 43, 53, 43, 53, 100, 53, 53, 34, 43",2026-07-07,"Sitelinks, Reviews, Video, People also ask, Related searches, AI overview",informational,Organic
wordpress for enterprise,81,81,170,19,27.43,https://wpvip.com/case-studies/10-examples-of-enterprise-wordpress/,0,0,0.00,0.28,93,"28, 21, 53, 43, 53, 43, 53, 100, 53, 53, 34, 43",2026-07-07,"Sitelinks, Reviews, Video, People also ask, Related searches, AI overview",informational,Organic
wordpress for enterprise,82,82,170,19,27.43,https://wpvip.com/wordpress-vip-for-enterprise/,0,0,0.00,0.28,93,"28, 21, 53, 43, 53, 43, 53, 100, 53, 53, 34, 43",2026-07-07,"Sitelinks, Reviews, Video, People also ask, Related searches, AI overview",informational,Organic
wordpress for enterprise,83,83,170,19,27.43,https://wpvip.com/blog/enterprise-wordpress-migration/,0,0,0.00,0.28,93,"28, 21, 53, 43, 53, 43, 53, 100, 53, 53, 34, 43",2026-07-07,"Sitelinks, Reviews, Video, People also ask, Related searches, AI overview",informational,Organic
wordpress for enterprise,84,84,170,19,27.43,https://wpvip.com/enterprise-wordpress-hosting/,0,0,0.00,0.28,93,"28, 21, 53, 43, 53, 43, 53, 100, 53, 53, 34, 43",2026-07-07,"Sitelinks, Reviews, Video, People also ask, Related searches, AI overview",informational,Organic
wordpress for enterprise,85,85,170,19,27.43,https://wpvip.com/resource/enterprise-wordpress-security/,0,0,0.00,0.28,93,"28, 21, 53, 43, 53, 43, 53, 100, 53, 53, 34, 43",2026-07-07,"Sitelinks, Reviews, Video, People also ask, Related searches, AI overview",informational,Organic
cms for newspapers websites,5,5,70,3,0.00,https://wpvip.com/blog/the-wall-street-journal-wordpress/,0,0,0.00,0.86,161,"21, 14, 100, 78, 64, 64, 78, 35, 50, 28, 14, 14",2026-06-30,"Sitelinks, Reviews, Video, People also ask, Related searches, Ads middle, AI overview",commercial,People also ask
cacje,1,1,90,71,0.55,https://wpvip.com/blog/caching/,0,0,0.00,0.33,127,"0, 100, 0, 0, 0, 0, 0, 0, 0, 0, 0, 14",2026-07-05,"Knowledge panel, Sitelinks, Video, Video Carousel, People also ask, Related searches, Things to know, AI overview",informational,Things to know
fedramp certified cloud service providers,11,11,30,43,21.45,https://wpvip.com/blog/wordpress-vip-is-fedramp-authorized/,0,0,0.00,0.21,110,"18, 18, 45, 63, 18, 18, 18, 18, 18, 18, 18, 18",2026-06-30,"Sitelinks, Ads bottom, People also ask, Related searches, Ads middle, AI overview",informational,Organic
what is the company name for vipsecurity.bg,42,42,170,11,0.00,https://wpvip.com/security/,0,0,0.00,0,328000,100,2026-07-11,"Reviews, Video, AI overview",informational,Organic
forrester marketing conference,30,30,30,30,3.24,https://wpvip.com/event/forrester-b2b-summit-2026/,0,0,0.00,0.45,132,"33, 22, 22, 44, 33, 55, 44, 33, 22, 22, 22, 22",2026-06-24,"Sitelinks, Video, Video Carousel, People also ask, Related searches","navigational, transactional",Organic
add strict transport security header,2,2,40,34,0.00,https://docs.wpvip.com/tls/enable-hsts/,0,0,0.00,0,145,"100, 63, 81, 81, 36, 18, 18, 18, 18, 18, 18, 0",2026-07-05,"Sitelinks, Reviews, Video, Video Carousel, People also ask, Related searches, Discussions and forums",informational,People also ask
add strict transport security header,51,51,40,34,0.00,https://docs.wpvip.com/tls/enable-hsts/,0,0,0.00,0,145,"100, 63, 81, 81, 36, 18, 18, 18, 18, 18, 18, 0",2026-07-05,"Sitelinks, Reviews, Video, Video Carousel, People also ask, Related searches, Discussions and forums",informational,Organic
wp robots.txt,1,1,480,42,1.11,https://docs.wpvip.com/security-controls/robots-txt/,0,0,0.00,0.33,126,"0, 0, 0, 1, 1, 0, 0, 0, 0, 10, 0, 100",2026-06-06,"Sitelinks, Video, Video Carousel, People also ask, AI overview",informational,AI overview
api rest wordpress,3,3,30,42,2.33,https://docs.wpvip.com/wordpress-on-vip/wordpress-rest-api/,0,0,0.00,0.04,130,"4, 33, 100, 4, 9, 9, 0, 4, 0, 0, 0, 0",2026-05-25,"Sitelinks, Video, Video Carousel, People also ask, Related searches, Discussions and forums, AI overview",informational,Organic
vue.js headless wordpress,57,57,50,24,0.00,https://wpvip.com/headless-wordpress/,0,0,0.00,0.33,112,"33, 33, 22, 55, 55, 77, 77, 100, 77, 77, 55, 55",2026-06-12,"Sitelinks, Reviews, Video, Related searches, AI overview",informational,Organic
prevent unauthorized access to media files in wordpress,41,41,140,9,0.00,https://docs.wpvip.com/security-controls/access-controlled-files/,0,0,0.00,0,136,"100, 0, 0, 0, 0, 0, 1, 0, 0",2026-06-24,"Reviews, Video, Video Carousel, People also ask, Related searches, AI overview",informational,Organic
wordpress to grav migration steps,46,46,70,,0.00,https://docs.wpvip.com/guidebooks/prepare-for-launch/migrate-content/,0,0,0.00,0,783000,"4, 100, 4, 0",2026-06-27,"Sitelinks, Reviews, Video, Video Carousel, AI overview",informational,Organic
wordpress to grav migration steps,48,48,70,,0.00,https://docs.wpvip.com/guidebooks/prepare-for-launch/migrate-content/,0,0,0.00,0,783000,"4, 100, 4, 0",2026-06-27,"Sitelinks, Reviews, Video, Video Carousel, AI overview",informational,Organic
get tech taking too much to update dns record,53,53,210,22,0.00,https://docs.wpvip.com/domains/check-dns-record-time-to-live/,0,0,0.00,0,152,"100, 0, 0, 0, 0, 0, 0, 0, 0",2026-06-08,"Sitelinks, Video, People also ask, Related searches, AI overview",informational,Organic
mcp wordpress,16,16,40,35,3.65,https://docs.wpvip.com/integrations/center/secure-mcp/wordpress-mcp/,0,0,0.00,0.19,103,"11, 17, 17, 23, 23, 11, 11, 17, 11, 11, 41, 100",2026-07-21,"Sitelinks, Reviews, Video, Video Carousel, Related searches, AI overview",informational,Organic
what is mfa opt in,87,87,50,29,0.00,https://wpvip.com/glossary/what-is-multi-factor-authentication-mfa/,0,0,0.00,0.14,18700000,"0, 0, 100, 4, 4, 4, 4, 4, 4, 4, 0, 4",2026-06-29,"Video, Video Carousel, People also ask, Related searches, Short videos, AI overview",informational,Organic
what is mfa opt in,90,90,50,29,0.00,https://wpvip.com/glossary/what-is-multi-factor-authentication-mfa/,0,0,0.00,0.14,18700000,"0, 0, 100, 4, 4, 4, 4, 4, 4, 4, 0, 4",2026-06-29,"Video, Video Carousel, People also ask, Related searches, Short videos, AI overview",informational,Organic
enterprise wordpress developers,71,71,50,16,0.00,https://learn.wpvip.com/,0,0,0.00,0,59600000,"5, 23, 29, 29, 52, 52, 100, 23, 41, 23, 11, 17",2026-06-27,"Sitelinks, Reviews, Video, Related searches, AI overview",informational,Organic
ttl for dns,8,8,40,36,2.61,https://docs.wpvip.com/domains/check-dns-record-time-to-live/,0,0,0.00,0.01,119,"15, 43, 15, 21, 15, 6, 6, 3, 3, 3, 12, 12",2026-06-14,"Sitelinks, Video, Ads bottom, People also ask, Related searches, AI overview","commercial, informational",Organic
vip veterans,15,15,50,19,2.33,https://wpvip.com/partner/veterans-co/,0,0,0.00,0.3,0,"4, 4, 4, 4, 4, 4, 4, 0, 100, 0, 0, 0",2026-07-03,"Knowledge panel, Sitelinks, Reviews, Video, People also ask, Related searches",navigational,Organic
wp engine vs wordpress,1,1,110,34,24.06,https://wpvip.com/resource/wp-engine-vs-wordpress-vip/,0,0,0.00,0.22,127,"3, 8, 8, 13, 13, 10, 13, 10, 13, 8, 8, 6",2026-06-29,"Sitelinks, Reviews, Video, People also ask, Related searches, Discussions and forums, AI overview","commercial, informational",AI overview
wp engine vs wordpress,28,28,110,34,24.06,https://wpvip.com/wordpress-vip-vs-wp-engine/,0,0,0.00,0.22,127,"3, 8, 8, 13, 13, 10, 13, 10, 13, 8, 8, 6",2026-06-29,"Sitelinks, Reviews, Video, People also ask, Related searches, Discussions and forums, AI overview","commercial, informational",Organic
wordpress 2 step authentication,6,6,210,53,2.89,https://docs.wpvip.com/security-controls/wordpress/enforce-2fa/,0,0,0.00,0.09,105,"29, 66, 66, 29, 22, 54, 35, 54, 29, 43, 29, 54",2026-06-17,"Sitelinks, Reviews, Video, Video Carousel, People also ask, Related searches, AI overview",informational,Organic
answer engine optimization aeo definition,44,44,390,44,0.00,https://wpvip.com/blog/answer-engine-optimization-strategies/,0,0,0.00,0,195,"2, 39, 59, 32, 14, 7, 72, 100, 7",2026-06-19,"Sitelinks, Reviews, Video, Related searches, AI overview",informational,Organic
what is core web vitals,63,0,320,72,1.67,https://wpvip.com/glossary/core-web-vitals/,0,0,0.00,0.06,202,"44, 36, 81, 100, 66, 6, 6, 54, 6, 9, 19, 54",2026-07-22,"Sitelinks, Reviews, Video, People also ask, Related searches, AI overview",informational,Organic
cache-control no-cache,27,27,40,46,0.00,https://docs.wpvip.com/caching/page-cache/customize-behavior/cache-control-headers/,0,0,0.00,0.33,115,"19, 34, 3, 0, 0, 0, 7, 3, 19, 19, 26, 34",2026-05-29,"Sitelinks, Video, Video Carousel, People also ask, Related searches, AI overview",informational,Organic
nelio a/b testing,13,13,590,21,15.38,https://wpvip.com/partner/nelio-software/,0,0,0.00,0.47,108,"79, 0, 100, 100, 0, 0, 16, 3, 0, 2, 0, 0",2026-05-30,"Video, Video Carousel, Related searches, Discussions and forums","informational, transactional",Organic
best content management solutions for saas platforms,58,58,50,25,0.00,https://wpvip.com/blog/10-best-enterprise-content-management-systems/,0,0,0.00,0,192,"0, 42, 100, 100, 100",2026-07-15,"Sitelinks, Reviews, Video, People also ask, Related searches, Discussions and forums, AI overview",commercial,Organic
enterprise content governance,21,21,70,22,0.00,https://wpvip.com/blog/enterprise-content-management-strategy/,0,0,0.00,0.33,141,"33, 23, 52, 52, 23, 9, 9, 14, 23, 19, 14, 100",2026-07-22,"Sitelinks, Reviews, Video, Video Carousel, People also ask, AI overview",informational,Organic
brand-new plugin capabilities introduced in wordpress 6.5,4,4,70,0,0.00,https://wpvip.com/blog/wordpress-6-5/,0,0,0.00,0,170,"3, 0, 6, 65, 100, 21, 28, 0, 0, 0",2026-07-21,"Video, Video Carousel, People also ask",informational,People also ask
brand-new plugin capabilities introduced in wordpress 6.5,11,11,70,0,0.00,https://wpvip.com/blog/wordpress-6-5/,0,0,0.00,0,170,"3, 0, 6, 65, 100, 21, 28, 0, 0, 0",2026-07-21,"Video, Video Carousel, People also ask",informational,Organic
wordpress development course,15,15,110,57,3.09,https://learn.wpvip.com/,0,0,0.00,0.06,20,"52, 80, 80, 66, 52, 52, 66, 33, 23, 33, 23, 33",2026-07-18,"Reviews, Video, People also ask, Related searches",commercial,Organic
wordpress 6.7 rc news,13,13,110,21,0.00,https://wpvip.com/blog/wordpress-6-7/,0,0,0.00,0,113,"35, 82, 100, 5, 0, 0, 0, 0",2026-07-06,"Video, People also ask, Related searches, AI overview",informational,Organic
wordpress longterm feasibility scalability,1,1,140,14,0.00,https://wpvip.com/blog/wordpress-scalability/,0,0,0.00,0,71000,"15, 65, 100, 0",2026-06-17,"Sitelinks, Reviews, Video, People also ask, AI overview",informational,AI overview
inurl:wp-content/backup-db/,66,66,480,16,0.00,https://docs.wpvip.com/databases/backups/download-a-full-database-backup/,0,0,0.00,0.33,156,"36, 10, 10, 100, 36, 24, 24, 10, 0, 0, 0, 0",2026-07-01,"Sitelinks, Reviews, Video, AI overview",informational,Organic
curl print headers,20,20,70,17,0.00,https://docs.wpvip.com/caching/page-cache/http-headers/retrieve-headers/,0,0,0.00,0.33,114,"42, 42, 42, 33, 33, 33, 42, 23, 23, 9, 9, 9",2026-06-23,"Sitelinks, Video, Video Carousel, People also ask, Related searches, AI overview",informational,Organic
http response header,23,23,140,64,0.00,https://docs.wpvip.com/caching/page-cache/http-headers/,0,0,0.00,0.33,131,"35, 18, 18, 23, 28, 28, 35, 18, 18, 23, 23, 23",2026-05-29,"Sitelinks, Video, Video Carousel, People also ask, Related searches, AI overview",informational,Organic
php logging,45,45,90,30,0.00,https://learn.wpvip.com/lesson/php-logs-errors-warnings-and-notices/,0,0,0.00,0.01,112,"22, 35, 29, 18, 14, 29, 22, 14, 6, 10, 10, 22",2026-06-20,"Sitelinks, Video, Related searches, AI overview",informational,Organic
fortune 500 companies enterprise content management systems,34,34,40,20,0.00,https://wpvip.com/blog/10-best-enterprise-content-management-systems/,0,0,0.00,0,64800000,"100, 71, 0, 28",2026-06-29,"Reviews, Video, Ads bottom, People also ask, Related searches, AI overview",informational,Organic
content security policy examples,41,41,30,43,3.75,https://wpvip.com/blog/content-security-policy-guide/,0,0,0.00,0.16,135,"71, 0, 100, 71, 57, 57, 57, 14, 42, 14, 14, 14",2026-07-13,"Image pack, Sitelinks, Video, People also ask, Related searches, AI overview",informational,Organic
what is enterprise cms,20,20,110,23,21.63,https://wpvip.com/blog/enterprise-content-management-strategy/,0,0,0.00,0.05,105,"42, 52, 33, 100, 80, 66, 52, 14, 33, 66, 80, 42",2026-06-02,"Sitelinks, Video Carousel, People also ask, Related searches, AI overview",informational,Organic
what is enterprise cms,80,80,110,23,21.63,https://wpvip.com/blog/enterprise-cms/,0,0,0.00,0.05,105,"42, 52, 33, 100, 80, 66, 52, 14, 33, 66, 80, 42",2026-06-02,"Sitelinks, Video Carousel, People also ask, Related searches, AI overview",informational,Organic
what is enterprise cms,92,92,110,23,21.63,https://wpvip.com/blog/enterprise-content-management/,0,0,0.00,0.05,105,"42, 52, 33, 100, 80, 66, 52, 14, 33, 66, 80, 42",2026-06-02,"Sitelinks, Video Carousel, People also ask, Related searches, AI overview",informational,Organic
figma design to wordpress,34,34,50,36,0.00,https://wpvip.com/blog/figma-to-wordpress/,0,0,0.00,0.17,109,"42, 9, 9, 33, 33, 100, 14, 14, 9, 9, 9, 9",2026-06-14,"Image pack, Sitelinks, Reviews, Video, Video Carousel, People also ask, Related searches, Short videos, Discussions and forums, AI overview",informational,Organic
wordpress rest api tutorial,65,65,40,36,0.00,https://docs.wpvip.com/wordpress-on-vip/wordpress-rest-api/,0,0,0.00,0.33,107,"28, 28, 100, 57, 42, 28, 42, 100, 28, 28, 100, 28",2026-07-20,"Sitelinks, Reviews, Video, Video Carousel, Related searches",informational,Organic
analytics tool,33,33,320,48,14.77,https://wpvip.com/blog/web-analytics-software-tools/,0,0,0.00,0.35,130,"13, 24, 16, 20, 7, 4, 8, 2, 5, 13, 20, 8",2026-06-28,"Video, Video Carousel, People also ask, Related searches, Discussions and forums, AI overview",commercial,Organic
how many words should a blog be,19,9,40,36,1.56,https://wpvip.com/blog/ideal-word-count/,0,0,0.00,0.16,175,"5, 5, 12, 23, 10, 10, 17, 5, 5, 5, 5, 5",2026-07-22,"Sitelinks, Reviews, Video, People also ask, Related searches, Discussions and forums, AI overview",informational,Organic
meaning of referral source,49,49,260,4,0.00,https://learn.wpvip.com/lesson/how-to-identify-referral-sources/,0,0,0.00,0.33,125,"43, 43, 43, 29, 29, 66, 54, 81, 54, 100, 66, 100",2026-06-23,"Sitelinks, Reviews, Video, Video Carousel, People also ask, Related searches, AI overview",informational,Organic
moz how many words should my blog post be,15,15,110,19,0.00,https://wpvip.com/blog/ideal-word-count/,0,0,0.00,0,38500000,"26, 7, 53, 34, 65, 65, 100, 65, 34, 19, 3, 19",2026-07-12,"Sitelinks, Reviews, Video, People also ask, Related searches, AI overview",informational,Organic
how many words in a blog post,12,12,50,35,0.00,https://wpvip.com/blog/ideal-word-count/,0,0,0.00,0.15,146,"6, 6, 6, 12, 28, 15, 9, 100, 6, 6, 6, 6",2026-06-24,"Sitelinks, Reviews, Video, People also ask, Related searches, AI overview",informational,Organic
enterprise content management solution providers,43,43,50,32,0.00,https://wpvip.com/blog/10-best-enterprise-content-management-systems/,0,0,0.00,0.33,137,"11, 11, 29, 23, 11, 5, 11, 17, 23, 100, 52, 41",2026-07-08,"Sitelinks, Reviews, Video, People also ask, Related searches, AI overview",informational,Organic
dxp marketing features,45,45,50,9,0.00,https://wpvip.com/glossary/digital-experience-platform/,0,0,0.00,0.33,113,"55, 44, 33, 55, 55, 33, 100, 33, 44, 77, 55, 33",2026-06-09,"Sitelinks, Video, People also ask, AI overview",informational,Organic
how can i find my wordpress user id number,24,24,320,16,0.00,https://docs.wpvip.com/manage-user-access/wordpress/,0,0,0.00,0,150,"100, 0, 0, 0, 0, 0, 0",2026-06-16,"Sitelinks, Reviews, Video, Video Carousel, People also ask, Related searches, AI overview",informational,Organic
choosing a dxp,46,46,70,2,0.00,https://wpvip.com/blog/wordpress-digital-experience-platform/,0,0,0.00,0.33,112,"77, 33, 100, 100, 55, 100, 100, 100, 77, 55, 55, 55",2026-06-30,"Video Carousel, People also ask, Related searches, Discussions and forums, AI overview",informational,Organic
migrate sitecore to wordpress,1,1,50,0,0.00,https://wpvip.com/resource/sitecore-vs-wordpress-vip/,0,0,0.00,0.33,108,"22, 22, 55, 77, 77, 100, 100, 77, 55, 44, 44, 44",2026-06-30,"Sitelinks, Reviews, Video, Discussions and forums, AI overview",informational,AI overview
wordpress academy,22,22,30,70,3.06,https://learn.wpvip.com/,0,0,0.00,0.17,104,"19, 23, 23, 19, 33, 9, 9, 9, 9, 9, 9, 9",2026-06-10,"Sitelinks, Video, People also ask, Related searches","informational, transactional",Organic
traffic source referral,10,10,170,40,24.68,https://wpvip.com/blog/google-traffic-referral-sources/,0,0,0.00,0.03,131,"53, 43, 23, 17, 82, 53, 100, 23, 35, 28, 35, 35",2026-07-14,"Reviews, Video, Video Carousel, People also ask, Related searches, AI overview",informational,Organic
omni channel architecture,11,11,30,5,5.26,https://wpvip.com/blog/omnichannel-content-management/,0,0,0.00,0.31,137,"28, 35, 14, 28, 28, 14, 21, 14, 14, 14, 21, 50",2026-06-22,"Image pack, Sitelinks, Reviews, Video, Image, AI overview",informational,Organic
wordpress redirect plugins,17,17,40,23,0.73,https://docs.wpvip.com/redirects/wordpress-plugins/,0,0,0.00,0.33,97,"33, 22, 77, 100, 44, 11, 22, 55, 77, 44, 0, 22",2026-07-13,"Sitelinks, Reviews, Video, Video Carousel, Related searches, AI overview",informational,Organic
advantages of open software,16,16,110,29,0.00,https://wpvip.com/blog/how-open-source-software-benefits-businesses/,0,0,0.00,0.33,125,"66, 100, 66, 23, 33, 100, 52, 42, 23, 42, 33, 66",2026-06-19,"Reviews, Video, Video Carousel, People also ask, Related searches, Discussions and forums, AI overview",informational,Organic
website stats tool,1,1,90,36,0.00,https://wpvip.com/blog/web-analytics-software-tools/,0,0,0.00,0.33,135,"11, 0, 65, 100, 34, 26, 42, 15, 3, 19, 42, 26",2026-06-29,"Sitelinks, Video, People also ask, Related searches, AI overview",informational,AI overview
top enterprise cloud content management platforms,43,43,140,42,0.00,https://wpvip.com/blog/10-best-enterprise-content-management-systems/,0,0,0.00,0,178,100,2026-07-15,"Sitelinks, Reviews, Video, People also ask, Related searches, Discussions and forums, AI overview",commercial,Organic
pim software news,36,36,70,8,0.00,https://wpvip.com/blog/pim-benefits-and-use-cases/,0,0,0.00,0,144,"80, 100, 19, 42, 0, 0, 0, 0",2026-06-28,"Reviews, Video, Related searches, AI overview",informational,Organic
core web,16,16,590,67,0.00,https://wpvip.com/glossary/core-web-vitals/,0,0,0.00,0.01,121,"36, 16, 100, 62, 36, 5, 13, 62, 24, 24, 13, 13",2026-07-01,"Sitelinks, Reviews, Video, Video Carousel, People also ask, Related searches, Ads middle, AI overview",informational,Organic
cms for business,38,38,40,26,17.61,https://wpvip.com/blog/10-best-enterprise-content-management-systems/,0,0,0.00,0.04,144,"27, 45, 45, 63, 63, 45, 63, 0, 9, 18, 36, 18",2026-07-02,"Sitelinks, Reviews, Video, Ads bottom, People also ask, Related searches, Ads middle, AI overview",commercial,Organic
google showing author archive wordpress,16,16,40,9,0.00,https://wpvip.com/blog/wordpress-archive-crawlers/,0,0,0.00,0,139,"14, 28, 14, 71, 71, 42, 100, 100, 100, 71, 57, 28",2026-06-10,"Sitelinks, Video, Video Carousel, People also ask, Related searches, AI overview",informational,Organic
enterprise website content management,1,1,50,29,0.00,https://wpvip.com/blog/enterprise-content-management/,0,0,0.00,0.02,104,"18, 18, 18, 36, 100, 81, 45, 18, 18, 27, 63, 36",2026-06-26,"Sitelinks, Reviews, Video, People also ask, Related searches, AI overview","commercial, informational",AI overview
enterprise website content management,21,21,50,29,0.00,https://wpvip.com/blog/enterprise-content-management/,0,0,0.00,0.02,104,"18, 18, 18, 36, 100, 81, 45, 18, 18, 27, 63, 36",2026-06-26,"Sitelinks, Reviews, Video, People also ask, Related searches, AI overview","commercial, informational",Organic
enterprise website content management,46,46,50,29,0.00,https://wpvip.com/blog/10-best-enterprise-content-management-systems/,0,0,0.00,0.02,104,"18, 18, 18, 36, 100, 81, 45, 18, 18, 27, 63, 36",2026-06-26,"Sitelinks, Reviews, Video, People also ask, Related searches, AI overview","commercial, informational",Organic
phpcs exclude pattern,16,16,40,13,0.00,https://docs.wpvip.com/vip-code-analysis-bot/customize-phpcs/,0,0,0.00,0,111,"100, 11, 52, 11, 11, 11, 23, 11, 11, 11, 11, 0",2026-07-08,"Sitelinks, Related searches, AI overview",informational,Organic
seo website migration checklist,68,68,880,32,2.27,https://wpvip.com/blog/seo-checklist-for-website-migration/,0,0,0.00,0.01,114,"24, 55, 24, 100, 81, 55, 81, 8, 81, 45, 55, 24",2026-06-03,"Sitelinks, Video, Related searches, AI overview",informational,Organic
aeo platform pricing models,15,15,40,5,0.00,https://wpvip.com/blog/answer-engine-optimization-strategies/,0,0,0.00,0,192,"22, 100, 77, 11, 11",2026-05-19,"Sitelinks, Video, People also ask, AI overview",informational,Organic
benefits of open source software,15,15,390,37,0.00,https://wpvip.com/blog/how-open-source-software-benefits-businesses/,0,0,0.00,0.33,144,"66, 81, 66, 100, 66, 81, 81, 100, 100, 81, 81, 81",2026-06-16,"Sitelinks, Reviews, Video, Video Carousel, People also ask, Related searches, Short videos, Discussions and forums, AI overview",informational,Organic
wpengine cron jobs,22,22,50,11,0.00,https://docs.wpvip.com/wordpress-on-vip/cron-control/,0,0,0.00,0.33,101,"28, 28, 100, 71, 71, 100, 71, 28, 100, 71, 100, 100",2026-07-09,"Reviews, Video, Video Carousel, Related searches",commercial,Organic
wordpress wp_schedule_event documentation,17,17,110,17,0.00,https://docs.wpvip.com/wordpress-on-vip/cron-control/,0,0,0.00,0,109,"14, 66, 66, 100, 80, 100, 33, 0, 4",2026-07-11,"Sitelinks, Video, Related searches, AI overview",informational,Organic
please enter the commit message for your changes,71,71,50,15,0.00,https://docs.wpvip.com/guidebooks/developer-best-practices/create-a-good-commit-message/,0,0,0.00,0.33,158,"28, 21, 21, 15, 15, 21, 15, 6, 6, 12, 6, 15",2026-06-10,"Sitelinks, Video, Video Carousel, People also ask, Related searches, AI overview",informational,Organic
wp json get posts,22,22,40,16,0.00,https://docs.wpvip.com/wordpress-on-vip/wordpress-rest-api/,0,0,0.00,0,137,"14, 78, 28, 28, 14, 100, 14, 14, 14, 14, 14, 0",2026-07-09,"Sitelinks, Video, Video Carousel, Related searches, AI overview",informational,Organic
find replace wordpress,4,4,50,28,1.20,https://docs.wpvip.com/vip-cli/wp-cli-with-vip-cli/search-replace/,0,0,0.00,0.09,122,"45, 63, 63, 63, 63, 63, 63, 63, 45, 18, 18, 18",2026-06-17,"Sitelinks, Reviews, Video, Video Carousel, People also ask, Related searches, AI overview",informational,People also ask
wordpress two factor,7,7,170,30,2.89,https://docs.wpvip.com/security-controls/wordpress/enforce-2fa/,0,0,0.00,0.09,124,"29, 81, 35, 29, 22, 54, 10, 10, 14, 43, 35, 54",2026-06-17,"Sitelinks, Reviews, Video, Video Carousel, People also ask, Related searches, AI overview",informational,People also ask
wordpress 6.7 released november 2025,8,8,70,4,0.00,https://wpvip.com/blog/wordpress-6-7/,0,0,0.00,0,140,"100, 0, 0",2026-05-28,"Sitelinks, Video, Video Carousel, People also ask, Related searches, AI overview",informational,Organic
wordpress 6.7 released november 2025,45,45,70,4,0.00,https://customerhub.wpvip.com/platform-release-schedule/,0,0,0.00,0,140,"100, 0, 0",2026-05-28,"Sitelinks, Video, Video Carousel, People also ask, Related searches, AI overview",informational,Organic
wordpress 6.7 released november 2025,80,80,70,4,0.00,https://customerhub.wpvip.com/lobby/2024/11/12/now-available-wordpress-6-7/,0,0,0.00,0,140,"100, 0, 0",2026-05-28,"Sitelinks, Video, Video Carousel, People also ask, Related searches, AI overview",informational,Organic
americaneagle.com inc,18,18,1000,52,2.49,https://wpvip.com/partners/service-partners/americaneagle-com/,0,0,0.00,0.05,169,"81, 62, 62, 81, 100, 62, 45, 36, 62, 55, 55, 81",2026-07-13,"Knowledge panel, Sitelinks, Reviews, Video, Video Carousel, People also ask, Related searches",navigational,Organic
indexed though blocked by robots txt wordpress,33,33,50,14,0.00,https://docs.wpvip.com/security-controls/robots-txt/,0,0,0.00,0.33,179,"52, 11, 11, 11, 11, 11, 11, 100, 41, 41, 11, 11",2026-07-10,"Sitelinks, Reviews, Video, Video Carousel, People also ask, Related searches, AI overview",informational,Organic
product pim,53,53,110,39,7.86,https://wpvip.com/blog/pim-benefits-and-use-cases/,0,0,0.00,0.32,130,"14, 10, 22, 22, 6, 10, 100, 18, 22, 10, 6, 4",2026-06-27,"Sitelinks, Reviews, Video, Ads bottom, Video Carousel, People also ask, Related searches, AI overview",informational,Organic
dxp migration,36,36,50,2,0.00,https://wpvip.com/glossary/digital-experience-platform/,0,0,0.00,0,106,"18, 18, 81, 100, 81, 36, 45, 45, 45, 36, 45, 45",2026-07-01,"Sitelinks, Video, People also ask, Related searches, AI overview",informational,Organic
whats a mfa,85,85,140,58,0.00,https://wpvip.com/glossary/what-is-multi-factor-authentication-mfa/,0,0,0.00,0.02,137,"22, 14, 14, 18, 18, 22, 100, 35, 14, 10, 29, 18",2026-06-26,"Sitelinks, Reviews, Video, People also ask, Related searches, Short videos, AI overview",informational,Organic
what is aeo in ai,51,51,30,50,3.63,https://wpvip.com/blog/answer-engine-optimization-strategies/,0,0,0.00,0.15,224,"100, 22, 22, 22, 22, 22, 22, 22, 44, 22, 55, 55",2026-07-21,"Sitelinks, Video, People also ask, Related searches, AI overview",informational,Organic
wordpress multisite developer,77,77,90,18,0.00,https://wpvip.com/blog/wordpress-multisite/,0,0,0.00,0.33,108,"11, 17, 29, 41, 64, 64, 100, 82, 41, 52, 41, 52",2026-07-13,"Reviews, Video, Video Carousel, People also ask, Related searches, AI overview",informational,Organic
wordpress 7.0 release date 2026,12,12,110,16,0.00,https://customerhub.wpvip.com/lobby/2026/04/23/wordpress-7-0-new-release-timeline/,0,0,0.00,0,97,"11, 82, 100",2026-07-05,"Sitelinks, Video, Video Carousel, People also ask, Related searches, AI overview",informational,Organic
wordpress 7.0 release date 2026,40,40,110,16,0.00,https://customerhub.wpvip.com/lobby/2026/04/06/wordpress-7-0-release-postponed/,0,0,0.00,0,97,"11, 82, 100",2026-07-05,"Sitelinks, Video, Video Carousel, People also ask, Related searches, AI overview",informational,Organic
http cache-control no-cache meaning,23,23,110,54,0.00,https://docs.wpvip.com/caching/page-cache/customize-behavior/cache-control-headers/,0,0,0.00,0,108,100,2026-07-19,"Sitelinks, Video, Video Carousel, People also ask, Related searches",informational,Organic
strategyless com,36,36,140,31,0.00,https://wpvip.com/blog/less-is-more-content-strategy/,0,0,0.00,0.33,316000,"0, 2, 0, 0, 0, 0, 100, 100, 82, 100, 53, 35",2026-06-12,"Sitelinks, Video",informational,Organic
figma to wp,44,44,50,48,6.98,https://wpvip.com/blog/figma-to-wordpress/,0,0,0.00,0.25,168,"34, 0, 65, 53, 34, 3, 19, 7, 3, 11, 3, 11",2026-06-28,"Sitelinks, Reviews, Video, Ads top, Ads bottom, Video Carousel, People also ask, Related searches, Short videos, AI overview",informational,Organic
wpml vs multisite,3,3,70,13,0.00,https://wpvip.com/blog/wordpress-multisite/,0,0,0.00,0.07,137,"0, 14, 50, 50, 50, 64, 35, 100, 100, 78, 64, 14",2026-07-09,"Sitelinks, Reviews, Video, People also ask, Related searches, Discussions and forums, AI overview","commercial, informational",People also ask
answer engine optimization aeo vs seo,7,7,50,25,0.00,https://wpvip.com/blog/aeo-vs-seo-answer-engine-optimization/,0,0,0.00,0,186,"0, 63, 63, 36, 18, 27, 36, 81, 63, 100",2026-07-12,"Sitelinks, Reviews, Video, Video Carousel, Related searches, AI overview",commercial,Organic
wordpress 6.7 released,7,7,70,20,0.00,https://wpvip.com/blog/wordpress-6-7/,0,0,0.00,0,108,"12, 100, 28, 0, 0, 0",2026-06-12,"Video, Video Carousel, People also ask, Related searches, AI overview",informational,Organic
elasticsearch for wordpress,4,4,40,29,8.07,https://docs.wpvip.com/wordpress-on-vip/search-options/elasticsearch/,0,0,0.00,0.15,108,"18, 18, 63, 45, 100, 27, 27, 18, 18, 18, 27, 27",2026-07-12,"Sitelinks, Reviews, Video, Video Carousel, People also ask, Related searches, Discussions and forums, Ads middle, AI overview",informational,AI overview
elasticsearch for wordpress,11,11,40,29,8.07,https://docs.wpvip.com/wordpress-on-vip/search-options/elasticsearch/,0,0,0.00,0.15,108,"18, 18, 63, 45, 100, 27, 27, 18, 18, 18, 27, 27",2026-07-12,"Sitelinks, Reviews, Video, Video Carousel, People also ask, Related searches, Discussions and forums, Ads middle, AI overview",informational,Organic
elasticsearch for wordpress,25,25,40,29,8.07,https://wpvip.com/glossary/what-is-enterprise-search/,0,0,0.00,0.15,108,"18, 18, 63, 45, 100, 27, 27, 18, 18, 18, 27, 27",2026-07-12,"Sitelinks, Reviews, Video, Video Carousel, People also ask, Related searches, Discussions and forums, Ads middle, AI overview",informational,Organic
cache control max age 0,24,24,70,45,0.00,https://docs.wpvip.com/caching/page-cache/customize-behavior/cache-control-headers/,0,0,0.00,0.33,109,"28, 23, 23, 23, 23, 17, 17, 17, 12, 12, 12, 28",2026-05-29,"Sitelinks, Video, Video Carousel, People also ask, Related searches, AI overview",informational,Organic
tls certificate same key new cert requirements,47,47,110,14,0.00,https://docs.wpvip.com/tls/custom-cert/requirements/,0,0,0.00,0,137,"100, 0",2026-06-21,"Sitelinks, Video, People also ask, Related searches, AI overview",informational,Organic
wordpress esc_html function documentation,14,14,40,20,0.00,https://docs.wpvip.com/security/validating-sanitizing-and-escaping/,0,0,0.00,0,108,"11, 77, 77, 100, 33, 0, 0",2026-07-09,"Sitelinks, Video, Related searches, AI overview",informational,Organic
product information management for retail,28,28,40,32,0.00,https://wpvip.com/blog/pim-benefits-and-use-cases/,0,0,0.00,0.33,188,"63, 45, 27, 81, 63, 36, 18, 18, 27, 18, 36, 27",2026-05-31,"Sitelinks, Video, People also ask, AI overview",informational,Organic
wordpress vip silver agency partner,1,1,50,0,0.00,https://wpvip.com/partners/agency-partners/,0,0,0.00,0.33,112,"7, 7, 7, 50, 50, 50, 35, 28, 64, 100, 14, 21",2026-06-24,"Reviews, Video, Related searches, AI overview",informational,AI overview
wordpress vip silver agency partner,1,1,50,0,0.00,https://wpvip.com/partner-announcements/developress-named-wordpress-vip-silver-agency-partner/,0,0,0.00,0.33,112,"7, 7, 7, 50, 50, 50, 35, 28, 64, 100, 14, 21",2026-06-24,"Reviews, Video, Related searches, AI overview",informational,AI overview
wordpress vip silver agency partner,1,1,50,0,0.00,https://wpvip.com/blog/elementary-digital-is-a-wordpress-vip-silver-agency-partner/,0,0,0.00,0.33,112,"7, 7, 7, 50, 50, 50, 35, 28, 64, 100, 14, 21",2026-06-24,"Reviews, Video, Related searches, AI overview",informational,AI overview
wordpress vip silver agency partner,16,16,50,0,0.00,https://wpvip.com/partner-announcements/mayven-studios-named-wordpress-vip-silver-agency-partner/,0,0,0.00,0.33,112,"7, 7, 7, 50, 50, 50, 35, 28, 64, 100, 14, 21",2026-06-24,"Reviews, Video, Related searches, AI overview",informational,Organic
wordpress vip silver agency partner,39,39,50,0,0.00,https://wpvip.com/partner-announcements/itineris-wordpress-vip-partner/,0,0,0.00,0.33,112,"7, 7, 7, 50, 50, 50, 35, 28, 64, 100, 14, 21",2026-06-24,"Reviews, Video, Related searches, AI overview",informational,Organic
wordpress vip silver agency partner,54,54,50,0,0.00,https://wpvip.com/partner-announcements/developress-named-wordpress-vip-silver-agency-partner/,0,0,0.00,0.33,112,"7, 7, 7, 50, 50, 50, 35, 28, 64, 100, 14, 21",2026-06-24,"Reviews, Video, Related searches, AI overview",informational,Organic
wordpress vip silver agency partner,67,67,50,0,0.00,https://wpvip.com/partner-announcements/white-rabbit-group-vip-silver-agency-partner/,0,0,0.00,0.33,112,"7, 7, 7, 50, 50, 50, 35, 28, 64, 100, 14, 21",2026-06-24,"Reviews, Video, Related searches, AI overview",informational,Organic
wordpress vip silver agency partner,72,72,50,0,0.00,https://wpvip.com/partner-announcements/white-rabbit-group-vip-silver-agency-partner/,0,0,0.00,0.33,112,"7, 7, 7, 50, 50, 50, 35, 28, 64, 100, 14, 21",2026-06-24,"Reviews, Video, Related searches, AI overview",informational,Organic
wordpress vip silver agency partner,73,73,50,0,0.00,https://wpvip.com/why-become-a-wordpress-vip-partner-agency/,0,0,0.00,0.33,112,"7, 7, 7, 50, 50, 50, 35, 28, 64, 100, 14, 21",2026-06-24,"Reviews, Video, Related searches, AI overview",informational,Organic
wordpress vip silver agency partner,74,74,50,0,0.00,https://customerhub.wpvip.com/lobby/2023/08/15/creedally-silver-agency-partner/,0,0,0.00,0.33,112,"7, 7, 7, 50, 50, 50, 35, 28, 64, 100, 14, 21",2026-06-24,"Reviews, Video, Related searches, AI overview",informational,Organic
wordpress vip silver agency partner,76,76,50,0,0.00,https://customerhub.wpvip.com/lobby/2023/10/23/paper-tiger-named-a-wordpress-vip-silver-agency-partner/,0,0,0.00,0.33,112,"7, 7, 7, 50, 50, 50, 35, 28, 64, 100, 14, 21",2026-06-24,"Reviews, Video, Related searches, AI overview",informational,Organic
wordpress vip silver agency partner,77,77,50,0,0.00,https://customerhub.wpvip.com/lobby/2023/10/04/from-named-a-wordpress-vip-silver-agency-partner/,0,0,0.00,0.33,112,"7, 7, 7, 50, 50, 50, 35, 28, 64, 100, 14, 21",2026-06-24,"Reviews, Video, Related searches, AI overview",informational,Organic
wordpress vip silver agency partner,78,78,50,0,0.00,https://customerhub.wpvip.com/lobby/2024/02/20/it-monks-wordpress-vip-silver-agency-partner/,0,0,0.00,0.33,112,"7, 7, 7, 50, 50, 50, 35, 28, 64, 100, 14, 21",2026-06-24,"Reviews, Video, Related searches, AI overview",informational,Organic
wordpress vip silver agency partner,79,79,50,0,0.00,https://customerhub.wpvip.com/lobby/2024/02/13/fixel-wordpress-vip-silver-agency-partner/,0,0,0.00,0.33,112,"7, 7, 7, 50, 50, 50, 35, 28, 64, 100, 14, 21",2026-06-24,"Reviews, Video, Related searches, AI overview",informational,Organic
wordpress vip silver agency partner,80,80,50,0,0.00,https://customerhub.wpvip.com/lobby/2023/10/04/from-named-a-wordpress-vip-silver-agency-partner/,0,0,0.00,0.33,112,"7, 7, 7, 50, 50, 50, 35, 28, 64, 100, 14, 21",2026-06-24,"Reviews, Video, Related searches, AI overview",informational,Organic
wordpress vip silver agency partner,82,82,50,0,0.00,https://customerhub.wpvip.com/lobby/2023/10/23/paper-tiger-named-a-wordpress-vip-silver-agency-partner/,0,0,0.00,0.33,112,"7, 7, 7, 50, 50, 50, 35, 28, 64, 100, 14, 21",2026-06-24,"Reviews, Video, Related searches, AI overview",informational,Organic
wordpress vip silver agency partner,83,83,50,0,0.00,https://customerhub.wpvip.com/lobby/2024/04/01/nji-wordpress-agency-partner/,0,0,0.00,0.33,112,"7, 7, 7, 50, 50, 50, 35, 28, 64, 100, 14, 21",2026-06-24,"Reviews, Video, Related searches, AI overview",informational,Organic
wordpress vip silver agency partner,84,84,50,0,0.00,https://customerhub.wpvip.com/lobby/2024/02/13/fixel-wordpress-vip-silver-agency-partner/,0,0,0.00,0.33,112,"7, 7, 7, 50, 50, 50, 35, 28, 64, 100, 14, 21",2026-06-24,"Reviews, Video, Related searches, AI overview",informational,Organic
wordpress vip silver agency partner,85,85,50,0,0.00,https://customerhub.wpvip.com/lobby-category/customerhub-programs/page/4/,0,0,0.00,0.33,112,"7, 7, 7, 50, 50, 50, 35, 28, 64, 100, 14, 21",2026-06-24,"Reviews, Video, Related searches, AI overview",informational,Organic
wordpress vip silver agency partner,86,86,50,0,0.00,https://wpvip.com/why-become-a-wordpress-vip-partner-agency/,0,0,0.00,0.33,112,"7, 7, 7, 50, 50, 50, 35, 28, 64, 100, 14, 21",2026-06-24,"Reviews, Video, Related searches, AI overview",informational,Organic
wordpress vip silver agency partner,87,87,50,0,0.00,https://wpvip.com/partners/technology-partners/,0,0,0.00,0.33,112,"7, 7, 7, 50, 50, 50, 35, 28, 64, 100, 14, 21",2026-06-24,"Reviews, Video, Related searches, AI overview",informational,Organic
wordpress vip silver agency partner,88,88,50,0,0.00,https://customerhub.wpvip.com/lobby/2024/02/20/it-monks-wordpress-vip-silver-agency-partner/,0,0,0.00,0.33,112,"7, 7, 7, 50, 50, 50, 35, 28, 64, 100, 14, 21",2026-06-24,"Reviews, Video, Related searches, AI overview",informational,Organic
wordpress vip silver agency partner,89,89,50,0,0.00,https://wpvip.com/partner/10up/,0,0,0.00,0.33,112,"7, 7, 7, 50, 50, 50, 35, 28, 64, 100, 14, 21",2026-06-24,"Reviews, Video, Related searches, AI overview",informational,Organic
wordpress vip silver agency partner,90,90,50,0,0.00,https://customerhub.wpvip.com/lobby/2022/03/22/webpigment-named-a-wordpress-vip-silver-agency-partner/,0,0,0.00,0.33,112,"7, 7, 7, 50, 50, 50, 35, 28, 64, 100, 14, 21",2026-06-24,"Reviews, Video, Related searches, AI overview",informational,Organic
wordpress vip silver agency partner,91,91,50,0,0.00,https://wpvip.com/partner-application/,0,0,0.00,0.33,112,"7, 7, 7, 50, 50, 50, 35, 28, 64, 100, 14, 21",2026-06-24,"Reviews, Video, Related searches, AI overview",informational,Organic
wordpress vip silver agency partner,92,92,50,0,0.00,https://wpvip.com/blog/quodem-named-a-wordpress-vip-agency-partner/,0,0,0.00,0.33,112,"7, 7, 7, 50, 50, 50, 35, 28, 64, 100, 14, 21",2026-06-24,"Reviews, Video, Related searches, AI overview",informational,Organic
wordpress vip silver agency partner,93,93,50,0,0.00,https://wpvip.com/blog/elementary-digital-is-a-wordpress-vip-silver-agency-partner/,0,0,0.00,0.33,112,"7, 7, 7, 50, 50, 50, 35, 28, 64, 100, 14, 21",2026-06-24,"Reviews, Video, Related searches, AI overview",informational,Organic
wordpress vip silver agency partner,94,94,50,0,0.00,https://wpvip.com/blog/agency-partner-showcase-media-publishing-success/,0,0,0.00,0.33,112,"7, 7, 7, 50, 50, 50, 35, 28, 64, 100, 14, 21",2026-06-24,"Reviews, Video, Related searches, AI overview",informational,Organic
wordpress vip silver agency partner,95,95,50,0,0.00,https://wpvip.com/partner/syde/,0,0,0.00,0.33,112,"7, 7, 7, 50, 50, 50, 35, 28, 64, 100, 14, 21",2026-06-24,"Reviews, Video, Related searches, AI overview",informational,Organic
wordpress vip silver agency partner,96,96,50,0,0.00,https://wpvip.com/why-become-a-wordpress-vip-partner-tech/,0,0,0.00,0.33,112,"7, 7, 7, 50, 50, 50, 35, 28, 64, 100, 14, 21",2026-06-24,"Reviews, Video, Related searches, AI overview",informational,Organic
wordpress vip silver agency partner,97,97,50,0,0.00,https://wpvip.com/partner-announcements/human-made-wordpress-vip-gold-agency-partner/,0,0,0.00,0.33,112,"7, 7, 7, 50, 50, 50, 35, 28, 64, 100, 14, 21",2026-06-24,"Reviews, Video, Related searches, AI overview",informational,Organic
wordpress vip silver agency partner,98,98,50,0,0.00,https://wpvip.com/,0,0,0.00,0.33,112,"7, 7, 7, 50, 50, 50, 35, 28, 64, 100, 14, 21",2026-06-24,"Reviews, Video, Related searches, AI overview",informational,Organic
wordpress vip silver agency partner,99,99,50,0,0.00,https://wpvip.com/about/,0,0,0.00,0.33,112,"7, 7, 7, 50, 50, 50, 35, 28, 64, 100, 14, 21",2026-06-24,"Reviews, Video, Related searches, AI overview",informational,Organic
what is personalized content,6,6,50,25,0.00,https://wpvip.com/glossary/what-is-content-personalization/,0,0,0.00,0.02,134,"45, 45, 63, 81, 45, 36, 18, 27, 27, 45, 100, 36",2026-07-20,"Sitelinks, Video, Video Carousel, People also ask, Related searches, Short videos, AI overview",informational,Organic
what is personalized content,64,64,50,25,0.00,https://wpvip.com/blog/content-personalization/,0,0,0.00,0.02,134,"45, 45, 63, 81, 45, 36, 18, 27, 27, 45, 100, 36",2026-07-20,"Sitelinks, Video, Video Carousel, People also ask, Related searches, Short videos, AI overview",informational,Organic
xwp,10,10,140,37,10.46,https://wpvip.com/partner/xwp/,0,0,0.00,0.03,0,"22, 35, 35, 35, 35, 29, 22, 14, 22, 35, 14, 29",2026-06-22,"Sitelinks, Reviews, Video, People also ask, Related searches",navigational,Organic
most popular cms platforms 2026,26,26,40,27,0.00,https://wpvip.com/blog/10-best-enterprise-content-management-systems/,0,0,0.00,0,201,"100, 14",2026-07-03,"Sitelinks, Reviews, Video, Ads bottom, Video Carousel, People also ask, Related searches, AI overview","commercial, informational",Organic
enterprise video cms with full compliance support,46,46,70,11,0.00,https://wpvip.com/blog/10-best-enterprise-content-management-systems/,0,0,0.00,0,185,"35, 100, 100, 100, 50, 21, 35, 14, 28",2026-06-14,"Sitelinks, Reviews, Video, Related searches, AI overview",informational,Organic
content customization,1,1,50,28,0.00,https://wpvip.com/glossary/what-is-content-personalization/,0,0,0.00,0.08,131,"11, 17, 29, 29, 41, 52, 100, 11, 11, 11, 11, 11",2026-06-29,"Video, Video Carousel, People also ask, Related searches, AI overview",informational,AI overview
best solutions for influencing b2b buying committees,8,8,40,17,0.00,https://wpvip.com/blog/b2b-buying-committee-content-strategy/,0,0,0.00,0,174,"100, 71, 57, 0",2026-05-19,"Video, Related searches, AI overview",commercial,Organic
wordspress.com,22,22,90,100,3.38,https://wpvip.com/blog/wordpress-org-vs-wordpress-com-vs-wordpress-vip-whats-the-difference/,0,0,0.00,0.43,0,"0, 0, 0, 0, 1, 100, 0, 0, 0, 0, 0, 0",2026-07-11,"Sitelinks, Reviews, Video, Video Carousel, People also ask",navigational,Organic
enterprise woocommerce,1,1,50,33,0.00,https://wpvip.com/enterprise-commerce/,0,0,0.00,0.2,99,"22, 22, 44, 100, 77, 33, 22, 77, 22, 22, 100, 44",2026-07-09,"Sitelinks, Reviews, Video, People also ask, Related searches, AI overview","informational, transactional",AI overview
enterprise woocommerce,8,8,50,33,0.00,https://wpvip.com/enterprise-commerce/,0,0,0.00,0.2,99,"22, 22, 44, 100, 77, 33, 22, 77, 22, 22, 100, 44",2026-07-09,"Sitelinks, Reviews, Video, People also ask, Related searches, AI overview","informational, transactional",Organic
enterprise woocommerce,10,10,50,33,0.00,https://wpvip.com/enterprise-commerce/,0,0,0.00,0.2,99,"22, 22, 44, 100, 77, 33, 22, 77, 22, 22, 100, 44",2026-07-09,"Sitelinks, Reviews, Video, People also ask, Related searches, AI overview","informational, transactional",Organic
what is a headless wordpress,5,5,40,29,0.00,https://wpvip.com/resource/headless-cms-guide/,0,0,0.00,0.33,139,"22, 22, 77, 55, 22, 22, 22, 22, 22, 100, 44, 33",2026-07-20,"Sitelinks, Reviews, Video, Video Carousel, People also ask, Related searches, Discussions and forums, AI overview",informational,Organic
what is a headless wordpress,97,97,40,29,0.00,https://wpvip.com/blog/headless-vs-hybrid-wordpress/,0,0,0.00,0.33,139,"22, 22, 77, 55, 22, 22, 22, 22, 22, 100, 44, 33",2026-07-20,"Sitelinks, Reviews, Video, Video Carousel, People also ask, Related searches, Discussions and forums, AI overview",informational,Organic
top api-first headless cms platforms with granular permissions,39,39,40,7,0.00,https://wpvip.com/blog/headless-cms-for-enterprise/,0,0,0.00,0,180,"100, 100, 55, 44, 44, 22, 11, 0",2026-07-11,"Reviews, Video, People also ask, Related searches, AI overview",commercial,Organic
wp_schedule_event documentation wordpress,22,22,50,6,0.00,https://docs.wpvip.com/wordpress-on-vip/cron-control/,0,0,0.00,0,109,"28, 35, 78, 78, 100, 21, 7, 0",2026-07-13,"Sitelinks, Video, Related searches, Discussions and forums, AI overview",informational,Organic
what is web analytics tools,22,22,70,46,0.00,https://wpvip.com/blog/web-analytics-software-tools/,0,0,0.00,0.01,766000000,"7, 0, 100, 66, 7, 2, 2, 2, 0, 0, 0, 2",2026-06-29,"Sitelinks, Reviews, Video, Featured snippet, Ads bottom, People also ask, Related searches, Discussions and forums",informational,Organic
figma to generatepress,39,39,40,16,0.00,https://wpvip.com/blog/figma-to-wordpress/,0,0,0.00,0,109,"0, 0, 71, 71, 28, 71, 71, 71, 100, 71, 57, 100",2026-07-17,"Sitelinks, Reviews, Video, Video Carousel, Related searches, Discussions and forums, AI overview",informational,Organic
memcached for php,40,40,70,43,0.00,https://wpvip.com/blog/switching-from-memcache-to-memcached-extension/,0,0,0.00,0.33,106,"52, 64, 41, 64, 41, 41, 29, 29, 23, 29, 11, 11",2026-07-03,"Sitelinks, Related searches, AI overview",informational,Organic
gutenberg.com,84,84,90,53,1.75,https://wpvip.com/wordpress-gutenberg/,0,0,0.00,0.01,31400000,"1, 1, 1, 0, 1, 1, 28, 3, 3, 0, 100, 23",2026-06-22,"Sitelinks, Reviews, Video, People also ask",navigational,Organic
wordpress price,1,1,480,67,4.68,https://wpvip.com/pricing/,0,0,0.00,0.58,97,"36, 10, 24, 36, 30, 36, 5, 10, 24, 100, 20, 55",2026-07-01,"Sitelinks, Reviews, Video, People also ask, Related searches, AI overview",transactional,AI overview
aquanor wp-json exhibitors,64,64,110,11,0.00,https://wpvip.com/event/wordpress-vip-innovation-showcase/,0,0,0.00,0,1410,"9, 66, 80, 100, 42, 23",2026-06-10,"Video, Related searches, AI overview","informational, transactional",Organic
wp extra file types,53,53,90,13,0.00,https://docs.wpvip.com/vip-file-system/import-media-files/,0,0,0.00,0.02,123,"7, 100, 7, 7, 5, 100, 5, 5, 5, 2, 5, 5",2026-07-09,"Reviews, Video, Video Carousel, Related searches, AI overview",informational,Organic
wp robots txt file,1,1,40,30,1.57,https://docs.wpvip.com/security-controls/robots-txt/,0,0,0.00,0.12,129,"82, 11, 82, 11, 11, 11, 11, 11, 11, 0, 0, 0",2026-05-24,"Sitelinks, Video, Video Carousel, People also ask, Related searches, AI overview",informational,AI overview
wordpress multisite plugin,7,7,70,31,4.96,https://wpvip.com/glossary/wordpress-multisite/,0,0,0.00,0.06,102,"17, 23, 23, 23, 17, 17, 17, 17, 12, 17, 17, 12",2026-07-04,"Sitelinks, Reviews, Video, Video Carousel, People also ask, Related searches, AI overview",informational,People also ask
wordpress multisite plugin,14,14,70,31,4.96,https://wpvip.com/blog/wordpress-multisite/,0,0,0.00,0.06,102,"17, 23, 23, 23, 17, 17, 17, 17, 12, 17, 17, 12",2026-07-04,"Sitelinks, Reviews, Video, Video Carousel, People also ask, Related searches, AI overview",informational,Organic
wordpress multisite plugin,38,38,70,31,4.96,https://wpvip.com/glossary/wordpress-multisite/,0,0,0.00,0.06,102,"17, 23, 23, 23, 17, 17, 17, 17, 12, 17, 17, 12",2026-07-04,"Sitelinks, Reviews, Video, Video Carousel, People also ask, Related searches, AI overview",informational,Organic
sitecore 9 vs sitecore 8,29,29,50,0,0.00,https://wpvip.com/resource/sitecore-vs-wordpress-vip/,0,0,0.00,0.33,127,"55, 33, 33, 77, 77, 55, 100, 100, 22, 22, 22, 22",2026-06-25,"Sitelinks, Reviews, Video, People also ask, Related searches, AI overview","commercial, informational",Organic
wordpress partner program,14,14,50,48,10.56,https://wpvip.com/partner-application/,0,0,0.00,0.42,128,"17, 29, 52, 41, 29, 52, 11, 29, 29, 52, 11, 52",2026-06-28,"Sitelinks, Reviews, Video, Video Carousel, Related searches",commercial,Organic
wordpress partner program,70,70,50,48,10.56,https://wpvip.com/why-become-a-wordpress-vip-partner-agency/,0,0,0.00,0.42,128,"17, 29, 52, 41, 29, 52, 11, 29, 29, 52, 11, 52",2026-06-28,"Sitelinks, Reviews, Video, Video Carousel, Related searches",commercial,Organic
wordpress partner program,79,79,50,48,10.56,https://wpvip.com/,0,0,0.00,0.42,128,"17, 29, 52, 41, 29, 52, 11, 29, 29, 52, 11, 52",2026-06-28,"Sitelinks, Reviews, Video, Video Carousel, Related searches",commercial,Organic
wordpress partner program,85,85,50,48,10.56,https://wpvip.com/why-become-a-wordpress-vip-partner-tech/,0,0,0.00,0.42,128,"17, 29, 52, 41, 29, 52, 11, 29, 29, 52, 11, 52",2026-06-28,"Sitelinks, Reviews, Video, Video Carousel, Related searches",commercial,Organic
wordpress partner program,92,92,50,48,10.56,https://wpvip.com/partners/technology-partners/,0,0,0.00,0.42,128,"17, 29, 52, 41, 29, 52, 11, 29, 29, 52, 11, 52",2026-06-28,"Sitelinks, Reviews, Video, Video Carousel, Related searches",commercial,Organic
forrester b2b summit 2025,21,21,50,23,0.00,https://wpvip.com/event/forrester-b2b-summit-2026/,0,0,0.00,0.07,109,"11, 5, 2, 2, 2, 2, 1, 1, 1, 1, 1, 1",2026-07-02,"Sitelinks, Reviews, People also ask, Related searches",navigational,Organic
origin server,26,26,140,28,0.00,https://docs.wpvip.com/infrastructure/origin-servers/,0,0,0.00,0.01,104,"23, 19, 12, 19, 23, 23, 15, 6, 12, 5, 36, 19",2026-06-27,"Image pack, Sitelinks, Reviews, Video, Ads bottom, Video Carousel, People also ask, Related searches, Ads middle, AI overview",informational,Organic
what is a product information management system,67,67,110,38,6.11,https://wpvip.com/blog/pim-benefits-and-use-cases/,0,0,0.00,0.08,174,"64, 52, 52, 52, 64, 64, 64, 64, 82, 82, 100, 100",2026-07-19,"Sitelinks, Reviews, Video, People also ask, Related searches, AI overview",informational,Organic
headless wordpress london,55,55,40,1,0.00,https://wpvip.com/headless-wordpress/,0,0,0.00,0,253000,"18, 9, 27, 36, 36, 45, 45, 45, 45, 36, 36, 36",2026-07-12,"Reviews, Video, AI overview",informational,Organic
headless wordpress london,67,67,40,1,0.00,https://wpvip.com/headless-wordpress/,0,0,0.00,0,253000,"18, 9, 27, 36, 36, 45, 45, 45, 45, 36, 36, 36",2026-07-12,"Reviews, Video, AI overview",informational,Organic
wp graphql,4,4,110,53,0.00,https://wpvip.com/blog/wp-graphql-pros-and-cons-wordpress/,0,0,0.00,0.01,112,"66, 52, 42, 52, 52, 33, 52, 66, 80, 52, 42, 42",2026-06-17,"Sitelinks, Reviews, Video, People also ask, Related searches",navigational,People also ask
wp graphql,17,17,110,53,0.00,https://wpvip.com/blog/wp-graphql-pros-and-cons-wordpress/,0,0,0.00,0.01,112,"66, 52, 42, 52, 52, 33, 52, 66, 80, 52, 42, 42",2026-06-17,"Sitelinks, Reviews, Video, People also ask, Related searches",navigational,Organic
http cache-control no-cache definition,22,22,170,50,0.00,https://docs.wpvip.com/caching/page-cache/customize-behavior/cache-control-headers/,0,0,0.00,0,121,100,2026-07-11,"Sitelinks, Video, Video Carousel, People also ask, Related searches, AI overview",informational,Organic
current wcag version march 2026,76,76,90,36,0.00,https://wpvip.com/blog/ada-website-accessibility-deadline-2026/,0,0,0.00,0,174,100,2026-06-24,"Sitelinks, Video, People also ask, Related searches, AI overview",informational,Organic
node environment variables,36,36,210,38,0.00,https://docs.wpvip.com/node-js/environment-variables/,0,0,0.00,0.33,129,"21, 26, 21, 26, 21, 17, 39, 14, 11, 14, 17, 5",2026-05-31,"Image pack, Sitelinks, Video, People also ask, Related searches, Discussions and forums, AI overview",informational,Organic
wp.wpenginepowered.com,44,44,50,9,0.00,https://wpvip.com/resource/wp-engine-vs-wordpress-vip/,0,0,0.00,0.01,193000,"11, 0, 77, 44, 77, 77, 100, 77, 77, 77, 77, 77",2026-07-09,"Sitelinks, Reviews, Video, People also ask, AI overview",informational,Organic
wp.wpenginepowered.com,78,78,50,9,0.00,https://wpvip.com/why-wordpress-vip/how-we-compare/wp-engine/,0,0,0.00,0.01,193000,"11, 0, 77, 44, 77, 77, 100, 77, 77, 77, 77, 77",2026-07-09,"Sitelinks, Reviews, Video, People also ask, AI overview",informational,Organic
web traffic analytics tools,9,9,210,68,0.00,https://wpvip.com/blog/web-analytics-software-tools/,0,0,0.00,0.33,39,"22, 4, 66, 54, 35, 81, 54, 29, 35, 35, 54, 22",2026-07-18,"Sitelinks, Reviews, Video, People also ask, Related searches, AI overview",informational,People also ask
cdn for wordpress free,41,41,90,28,6.99,https://wpvip.com/blog/wordpress-cdn/,0,0,0.00,0.3,126,"100, 53, 35, 7, 7, 12, 7, 7, 12, 5, 5, 7",2026-06-18,"Sitelinks, Reviews, Video, Video Carousel, People also ask, Related searches, Discussions and forums, AI overview","commercial, informational",Organic
scalable wordpress hosting,14,14,210,22,0.00,https://wpvip.com/blog/wordpress-scalability/,0,0,0.00,0.02,156,"12, 23, 15, 3, 36, 44, 7, 10, 23, 23, 36, 23",2026-06-13,"Sitelinks, Video, Video Carousel, Discussions and forums, AI overview",informational,Organic
opensource dxp,24,24,70,13,0.00,https://wpvip.com/glossary/digital-experience-platform/,0,0,0.00,0.14,126,"28, 35, 50, 50, 64, 50, 78, 64, 64, 64, 64, 50",2026-06-30,"Sitelinks, Reviews, Video, Ads top, People also ask, Related searches, Ads middle, AI overview",informational,Organic
onetrust wordpress,4,4,40,10,0.00,https://wpvip.com/partner/onetrust-preferencechoice/,0,0,0.00,0.29,107,"28, 28, 71, 71, 42, 71, 71, 42, 71, 100, 100, 28",2026-07-13,"Reviews, Video, Related searches, AI overview",informational,Organic
mavlers,9,9,140,30,5.96,https://wpvip.com/partner/mavlers/,0,0,0.00,0.22,111,"23, 18, 28, 23, 28, 35, 28, 18, 15, 23, 18, 15",2026-06-09,"Knowledge panel, Image pack, Video, Image, People also ask, Related searches",navigational,Image pack
mavlers,9,9,140,30,5.96,https://wpvip.com/partner/mavlers/,0,0,0.00,0.22,111,"23, 18, 28, 23, 28, 35, 28, 18, 15, 23, 18, 15",2026-06-09,"Knowledge panel, Image pack, Video, Image, People also ask, Related searches",navigational,Image pack
mavlers,22,22,140,30,5.96,https://wpvip.com/partner/mavlers/,0,0,0.00,0.22,111,"23, 18, 28, 23, 28, 35, 28, 18, 15, 23, 18, 15",2026-06-09,"Knowledge panel, Image pack, Video, Image, People also ask, Related searches",navigational,Organic
multidots,1,1,90,48,32.06,https://wpvip.com/partner/multidots/,0,0,0.00,0.11,105,"52, 52, 52, 82, 64, 41, 41, 41, 41, 41, 41, 41",2026-06-28,"Knowledge panel, Sitelinks, Reviews, Video, People also ask, Related searches",navigational,People also ask
multidots,3,3,90,48,32.06,https://wpvip.com/partner/multidots/,0,0,0.00,0.11,105,"52, 52, 52, 82, 64, 41, 41, 41, 41, 41, 41, 41",2026-06-28,"Knowledge panel, Sitelinks, Reviews, Video, People also ask, Related searches",navigational,Organic
wordpress redirect_canonical function documentation,12,12,40,16,0.00,https://docs.wpvip.com/redirects/,0,0,0.00,0,106,"77, 11, 22, 100, 77, 11, 11, 11, 22",2026-06-27,"Sitelinks, Reviews, Video, AI overview",informational,Organic
wordpress redirect_canonical function documentation,37,37,40,16,0.00,https://docs.wpvip.com/redirects/wordpress-plugins/,0,0,0.00,0,106,"77, 11, 22, 100, 77, 11, 11, 11, 22",2026-06-27,"Sitelinks, Reviews, Video, AI overview",informational,Organic
forrester conference 2026,11,11,40,43,4.60,https://wpvip.com/events/forrester-b2b-summit-2026/,0,0,0.00,0.28,95,"0, 0, 0, 0, 0, 35, 35, 14, 14, 78, 78, 100",2026-07-21,"Sitelinks, Related searches, AI overview",navigational,Organic
response header,38,38,110,62,0.00,https://docs.wpvip.com/caching/page-cache/http-headers/,0,0,0.00,0.33,133,"29, 29, 29, 22, 35, 29, 18, 14, 22, 22, 18, 18",2026-07-20,"Video, People also ask, Related searches, AI overview",informational,Organic
response header,40,40,110,62,0.00,https://docs.wpvip.com/caching/page-cache/http-headers/,0,0,0.00,0.33,133,"29, 29, 29, 22, 35, 29, 18, 14, 22, 22, 18, 18",2026-07-20,"Video, People also ask, Related searches, AI overview",informational,Organic
enterprise cms solutions,35,35,110,24,50.11,https://wpvip.com/blog/10-best-enterprise-content-management-systems/,0,0,0.00,0.09,95,"64, 82, 64, 82, 82, 29, 11, 11, 41, 100, 100, 82",2026-05-28,"Sitelinks, Video, People also ask, Related searches, AI overview","commercial, informational",Organic
wordpress multi site manager,17,17,30,29,17.38,https://wpvip.com/blog/inside-wordpress-vips-multisite-management/,0,0,0.00,0.06,134,"27, 9, 63, 0, 36, 18, 18, 18, 18, 18, 81, 27",2026-07-20,"Sitelinks, Video, Video Carousel, People also ask, Related searches",informational,Organic
wordpress multi site manager,25,25,30,29,17.38,https://wpvip.com/blog/wordpress-multisite/,0,0,0.00,0.06,134,"27, 9, 63, 0, 36, 18, 18, 18, 18, 18, 81, 27",2026-07-20,"Sitelinks, Video, Video Carousel, People also ask, Related searches",informational,Organic
worpress.com,33,33,110,100,3.05,https://wpvip.com/,0,0,0.00,0.41,603000000,"0, 100, 0, 0, 0, 0, 0, 0, 0, 3, 3, 1",2026-06-04,"Sitelinks, Video, Video Carousel, People also ask",navigational,Organic
the european accessibility act 2025,77,77,50,33,0.00,https://wpvip.com/blog/eu-accessibility-act-2025/,0,0,0.00,0.33,147,"45, 100, 100, 63, 45, 100, 27, 45, 18, 18, 18, 18",2026-06-04,"Sitelinks, Video, Ads bottom, Video Carousel, People also ask, Related searches, AI overview",informational,Organic
metadata tagging best practices,12,12,30,14,2.72,https://wpvip.com/blog/5-tagging-best-practices-content-strategy/,0,0,0.00,0.11,129,"33, 22, 77, 44, 55, 33, 11, 11, 22, 22, 22, 44",2026-07-03,"Sitelinks, Reviews, Video, People also ask, Related searches, AI overview",commercial,Organic
web analytics solution,12,12,50,58,0.00,https://wpvip.com/blog/web-analytics-software-tools/,0,0,0.00,0.01,137,"0, 0, 100, 100, 35, 14, 21, 21, 14, 14, 50, 100",2026-07-01,"Knowledge panel, Sitelinks, Reviews, Video, Video Carousel, Related searches",informational,Organic
ttl dns meaning,43,43,40,25,0.00,https://docs.wpvip.com/domains/check-dns-record-time-to-live/,0,0,0.00,0.01,120,"26, 26, 26, 19, 7, 7, 19, 7, 7, 19, 7, 7",2026-05-21,"Sitelinks, Video, People also ask, Related searches, Short videos, AI overview",informational,Organic
ttl dns meaning,58,58,40,25,0.00,https://docs.wpvip.com/domains/check-dns-record-time-to-live/,0,0,0.00,0.01,120,"26, 26, 26, 19, 7, 7, 19, 7, 7, 19, 7, 7",2026-05-21,"Sitelinks, Video, People also ask, Related searches, Short videos, AI overview",informational,Organic
what are the best cms systems,55,55,30,53,9.05,https://wpvip.com/blog/10-best-enterprise-content-management-systems/?itm_source=parsely-api,0,0,0.00,0.15,146,"7, 7, 42, 7, 7, 7, 7, 7, 7, 7, 7, 7",2026-06-15,"Sitelinks, Reviews, Video, Ads bottom, People also ask, Related searches, Discussions and forums, Ads middle, AI overview",commercial,Organic
what are the best cms systems,84,84,30,53,9.05,https://wpvip.com/blog/10-best-enterprise-content-management-systems/,0,0,0.00,0.15,146,"7, 7, 42, 7, 7, 7, 7, 7, 7, 7, 7, 7",2026-06-15,"Sitelinks, Reviews, Video, Ads bottom, People also ask, Related searches, Discussions and forums, Ads middle, AI overview",commercial,Organic
scalable hosting solutions for wordpress,23,23,50,18,0.00,https://wpvip.com/blog/wordpress-scalability/,0,0,0.00,0,146,"0, 0, 27, 27, 27, 63, 81, 81, 63, 100",2026-07-19,"Sitelinks, Reviews, Video, Video Carousel, Related searches",informational,Organic
wordpress com premium plan,28,28,40,35,4.36,https://wpvip.com/,0,0,0.00,0.09,105,"18, 18, 18, 100, 18, 18, 63, 63, 18, 100, 18, 18",2026-06-01,"Sitelinks, Video, Video Carousel, People also ask, Related searches","informational, transactional",Organic
most recent product information management pim tool,56,56,50,,0.00,https://wpvip.com/blog/pim-benefits-and-use-cases/,0,0,0.00,0,169,"100, 0, 0",2026-07-03,"Sitelinks, Reviews, Video, People also ask, Related searches, AI overview",informational,Organic
answer engine optimization aeo vs seo unterschiede,1,1,50,10,0.00,https://wpvip.com/blog/aeo-vs-seo-answer-engine-optimization/,0,0,0.00,0,176,"100, 100",2026-07-07,"Sitelinks, Reviews, Video, Video Carousel, Related searches, AI overview","commercial, informational",AI overview
answer engine optimization aeo vs seo unterschiede,16,16,50,10,0.00,https://wpvip.com/blog/aeo-vs-seo-answer-engine-optimization/,0,0,0.00,0,176,"100, 100",2026-07-07,"Sitelinks, Reviews, Video, Video Carousel, Related searches, AI overview","commercial, informational",Organic
happy cog,23,23,390,23,6.45,https://wpvip.com/partner/happy-cog/,0,0,0.00,0.06,108,"19, 29, 44, 54, 81, 44, 67, 44, 36, 36, 29, 29",2026-06-11,"Knowledge panel, Image pack, Video, Related searches",navigational,Organic
power in-app help experiences using cms content and ai,7,7,40,12,0.00,https://wpvip.com/blog/ai-cms/,0,0,0.00,0,90300000,"100, 100",2026-07-18,"Reviews, Video, Video Carousel, People also ask, Related searches",informational,People also ask
wp course,19,19,40,51,0.00,https://learn.wpvip.com/,0,0,0.00,0.33,107,"28, 42, 14, 100, 57, 71, 100, 71, 100, 100, 71, 0",2026-06-24,"Knowledge panel, Reviews, Video, Video Carousel, People also ask, Related searches",informational,Organic
node 20 eol,14,14,170,35,5.33,https://customerhub.wpvip.com/lobby/2026/01/29/end-of-life-for-node-js-v20/,0,0,0.00,0.24,93,"5, 28, 43, 28, 28, 28, 28, 28, 43, 66, 100, 100",2026-07-05,"Video, Video Carousel, People also ask, Related searches, AI overview",informational,Organic
wp plugin install,5,5,90,35,2.60,https://docs.wpvip.com/wordpress-skeleton/plugins-directory/,0,0,0.00,0.1,125,"64, 82, 64, 41, 41, 100, 23, 29, 23, 82, 64, 64",2026-06-24,"Video, Video Carousel, People also ask, Related searches, AI overview",informational,People also ask
connatix.com,68,68,90,25,23.12,https://wpvip.com/partner/connatix/,0,0,0.00,0.14,1450000,"64, 50, 78, 78, 100, 50, 64, 64, 64, 50, 35, 50",2026-07-12,"Reviews, Video, People also ask, AI overview",informational,Organic
digital experience platform benefits,50,50,50,23,0.00,https://wpvip.com/glossary/digital-experience-platform/,0,0,0.00,0.33,124,"36, 81, 63, 45, 63, 36, 45, 100, 27, 36, 18, 27",2026-06-21,"Sitelinks, Video, Ads bottom, People also ask, Related searches, AI overview",informational,Organic
digital experience platform benefits,51,51,50,23,0.00,https://wpvip.com/glossary/digital-experience-platform/,0,0,0.00,0.33,124,"36, 81, 63, 45, 63, 36, 45, 100, 27, 36, 18, 27",2026-06-21,"Sitelinks, Video, Ads bottom, People also ask, Related searches, AI overview",informational,Organic
what are website migration services,12,12,50,12,0.00,https://wpvip.com/glossary/website-migration/,0,0,0.00,0,171,"11, 100, 77, 77, 55",2026-06-18,"Sitelinks, Reviews, Video, People also ask, Related searches, AI overview",informational,Organic
news vip,4,4,30,30,1.39,https://wpvip.com/news-corp-case-studies/,0,0,0.00,0.2,84,"11, 11, 15, 19, 19, 7, 7, 7, 7, 7, 7, 3",2026-05-23,"Sitelinks, Video, People also ask, Related searches",navigational,Organic
news vip,11,11,30,30,1.39,https://wpvip.com/news-corp-case-studies/,0,0,0.00,0.2,84,"11, 11, 15, 19, 19, 7, 7, 7, 7, 7, 7, 3",2026-05-23,"Sitelinks, Video, People also ask, Related searches",navigational,Organic
parsely ai,3,3,40,35,2.89,https://wpvip.com/blog/parsely-sage-ai-editorial-intelligence/,0,0,0.00,0.31,116,"11, 17, 17, 11, 11, 0, 0, 23, 0, 0, 100, 64",2026-07-21,"Sitelinks, Reviews, Video, Related searches",navigational,Organic
parsely ai,82,82,40,35,2.89,https://customerhub.wpvip.com/lobby/2025/08/26/introducing-the-parse-ly-support-ai-agent-quick-support-at-your-fingertips/,0,0,0.00,0.31,116,"11, 17, 17, 11, 11, 0, 0, 23, 0, 0, 100, 64",2026-07-21,"Sitelinks, Reviews, Video, Related searches",navigational,Organic
wordpress query monitor,6,6,70,34,0.00,https://docs.wpvip.com/performance/query-monitor/,0,0,0.00,0.02,127,"50, 50, 64, 50, 50, 64, 35, 35, 14, 14, 14, 50",2026-06-05,"Sitelinks, Video, Video Carousel, People also ask, Related searches, Discussions and forums",navigational,Organic
wordpress query monitor,27,27,70,34,0.00,https://docs.wpvip.com/performance/query-monitor/enable/,0,0,0.00,0.02,127,"50, 50, 64, 50, 50, 64, 35, 35, 14, 14, 14, 50",2026-06-05,"Sitelinks, Video, Video Carousel, People also ask, Related searches, Discussions and forums",navigational,Organic
wordpress.com vs wpengine,6,6,50,11,0.00,https://wpvip.com/resource/wp-engine-vs-wordpress-vip/,0,0,0.00,0.33,103,"18, 9, 100, 45, 45, 63, 45, 18, 18, 45, 81, 63",2026-07-09,"Sitelinks, Reviews, Video, People also ask, Related searches, Discussions and forums, AI overview","commercial, informational",Organic
wordpress scan for vulnerabilities,39,39,140,46,6.10,https://wpvip.com/vulnerability-management/,0,0,0.00,0.29,131,"80, 80, 66, 52, 66, 66, 66, 66, 52, 52, 80, 66",2026-07-14,"Sitelinks, Reviews, Video, Ads top, Ads bottom, Related searches",commercial,Organic
aprimo.com,43,43,40,30,0.00,https://wpvip.com/partner/aprimo/,0,0,0.00,0.14,633000,"33, 33, 44, 100, 77, 0, 0, 77, 77, 77, 44, 0",2026-07-12,"Sitelinks, Reviews, Video, People also ask, AI overview",navigational,Organic
al jazeera developer docs tutorial,1,1,70,13,0.00,https://wpvip.com/case-studies/al-jazeera-headless-wordpress/,0,0,0.00,0,9060000,"100, 0, 0, 0, 0, 0",2026-06-21,"Reviews, Video, People also ask, Related searches, AI overview",informational,AI overview
al jazeera developer docs tutorial,13,13,70,13,0.00,https://wpvip.com/case-studies/al-jazeera-headless-wordpress/,0,0,0.00,0,9060000,"100, 0, 0, 0, 0, 0",2026-06-21,"Reviews, Video, People also ask, Related searches, AI overview",informational,Organic
current wordpress version 2025,7,7,50,,0.00,https://customerhub.wpvip.com/platform-release-schedule/,0,0,0.00,0,103,"100, 14, 7",2026-06-14,"Reviews, Video, Video Carousel, People also ask, Related searches, AI overview",informational,Organic
wordpress plugin rest api,22,22,40,39,0.00,https://docs.wpvip.com/wordpress-on-vip/wordpress-rest-api/,0,0,0.00,0.33,105,"14, 14, 78, 78, 14, 14, 14, 14, 14, 14, 14, 14",2026-06-02,"Sitelinks, Video, Video Carousel, People also ask, Related searches, Discussions and forums, AI overview",informational,Organic
führende enterprise content-management-systeme 2025,49,49,90,28,0.00,https://wpvip.com/blog/10-best-enterprise-content-management-systems/,0,0,0.00,0,193000,"17, 100, 53, 10, 0, 0, 0, 0",2026-07-11,"Sitelinks, Reviews, Video, People also ask, Related searches, AI overview",commercial,Organic
curl show headers,23,23,210,20,0.00,https://docs.wpvip.com/caching/page-cache/http-headers/retrieve-headers/,0,0,0.00,0.33,106,"36, 36, 29, 44, 36, 19, 29, 23, 23, 29, 15, 29",2026-06-13,"Sitelinks, Video, Video Carousel, People also ask, Related searches, AI overview",informational,Organic
wordpress minimum php version 2026,29,29,40,7,0.00,https://customerhub.wpvip.com/lobby/2026/01/21/planning-your-2026-php-8-3-update/,0,0,0.00,0,39,"80, 60, 100, 80",2026-07-19,"Sitelinks, Video, Featured snippet, People also ask, Related searches",informational,Organic
web cms enterprise,1,1,50,43,0.00,https://wpvip.com/blog/10-best-enterprise-content-management-systems/,0,0,0.00,0.33,105,"42, 42, 57, 42, 71, 57, 100, 100, 57, 71, 71, 100",2026-07-08,"Sitelinks, Reviews, Video, Ads bottom, People also ask, Related searches, Ads middle, AI overview",commercial,AI overview
web cms enterprise,18,18,50,43,0.00,https://wpvip.com/blog/enterprise-cms/,0,0,0.00,0.33,105,"42, 42, 57, 42, 71, 57, 100, 100, 57, 71, 71, 100",2026-07-08,"Sitelinks, Reviews, Video, Ads bottom, People also ask, Related searches, Ads middle, AI overview",commercial,Organic
web cms enterprise,55,55,50,43,0.00,https://wpvip.com/blog/10-best-enterprise-content-management-systems/,0,0,0.00,0.33,105,"42, 42, 57, 42, 71, 57, 100, 100, 57, 71, 71, 100",2026-07-08,"Sitelinks, Reviews, Video, Ads bottom, People also ask, Related searches, Ads middle, AI overview",commercial,Organic
pim database,51,51,210,30,10.14,https://wpvip.com/glossary/product-information-management/,0,0,0.00,0.38,130,"28, 28, 18, 23, 15, 28, 35, 23, 54, 54, 100, 44",2026-07-06,"Reviews, Video, Ads bottom, Video Carousel, People also ask, Related searches, AI overview",informational,Organic
how to tell if site is wordpress,64,64,70,19,0.00,https://docs.wpvip.com/launch-a-site/testing-your-site/,0,0,0.00,0.02,152,"42, 34, 34, 34, 26, 19, 34, 26, 26, 26, 26, 26",2026-07-14,"Sitelinks, Reviews, Video, People also ask, Related searches, Discussions and forums, AI overview",informational,Organic
pim means,57,57,30,36,4.19,https://wpvip.com/glossary/product-information-management/,0,0,0.00,0.01,136,"45, 9, 9, 27, 27, 27, 18, 18, 100, 18, 18, 9",2026-07-17,"Reviews, Video, Video Carousel, People also ask, Related searches, AI overview",informational,Organic
seo vs aeo,20,20,590,27,2.06,https://wpvip.com/blog/aeo-vs-seo-answer-engine-optimization/,0,0,0.00,0.19,128,"7, 48, 48, 26, 59, 72, 88, 88, 48, 48, 100, 72",2026-06-15,"Sitelinks, Reviews, Video, People also ask, Related searches, Short videos, AI overview",commercial,Organic
wordpress 6.7 1,18,18,50,18,0.00,https://wpvip.com/blog/wordpress-6-7/,0,0,0.00,0.18,108,"82, 35, 12, 12, 7, 7, 5, 5, 5, 0, 0, 0",2026-05-24,"Sitelinks, Video, Video Carousel, People also ask, Related searches",informational,Organic
cdn for wordpress website,13,13,110,25,5.78,https://wpvip.com/blog/wordpress-cdn/,0,0,0.00,0.17,130,"42, 100, 66, 33, 42, 42, 52, 42, 52, 33, 33, 42",2026-06-17,"Sitelinks, Reviews, Video, Video Carousel, People also ask, Related searches, AI overview","commercial, informational",Organic
content delivery network wordpress,6,6,40,44,0.00,https://wpvip.com/glossary/content-delivery-networks-cdns/,0,0,0.00,0.02,152,"36, 27, 36, 45, 100, 18, 18, 36, 36, 18, 18, 18",2026-05-27,"Sitelinks, Video, Video Carousel, People also ask, Related searches, AI overview",informational,Organic
content delivery network wordpress,30,30,40,44,0.00,https://wpvip.com/glossary/content-delivery-networks-cdns/,0,0,0.00,0.02,152,"36, 27, 36, 45, 100, 18, 18, 36, 36, 18, 18, 18",2026-05-27,"Sitelinks, Video, Video Carousel, People also ask, Related searches, AI overview",informational,Organic
content delivery network wordpress,48,48,40,44,0.00,https://wpvip.com/blog/wordpress-cdn/,0,0,0.00,0.02,152,"36, 27, 36, 45, 100, 18, 18, 36, 36, 18, 18, 18",2026-05-27,"Sitelinks, Video, Video Carousel, People also ask, Related searches, AI overview",informational,Organic
digital publishing news,45,45,210,40,0.00,https://wpvip.com/blog/digital-publishing-trends-media-guide/,0,0,0.00,0,64,"3, 3, 3, 3, 100, 100, 100, 66, 23, 3, 3, 0",2026-07-11,"Video, Video Carousel, People also ask, Related searches",informational,Organic
enterprise wordpress hosting,1,1,720,29,23.74,https://wpvip.com/wordpress-platform/,0,0,0.00,0.2,164,"20, 30, 30, 67, 67, 67, 67, 55, 76, 100, 45, 45",2026-06-13,"Sitelinks, Reviews, Video, Related searches, AI overview",informational,AI overview
enterprise wordpress hosting,35,35,720,29,23.74,https://wpvip.com/,0,0,0.00,0.2,164,"20, 30, 30, 67, 67, 67, 67, 55, 76, 100, 45, 45",2026-06-13,"Sitelinks, Reviews, Video, Related searches, AI overview",informational,Organic
enterprise wordpress hosting,63,63,720,29,23.74,https://wpvip.com/enterprise-wordpress-hosting/,0,0,0.00,0.2,164,"20, 30, 30, 67, 67, 67, 67, 55, 76, 100, 45, 45",2026-06-13,"Sitelinks, Reviews, Video, Related searches, AI overview",informational,Organic
enterprise wordpress hosting,86,86,720,29,23.74,https://wpvip.com/blog/best-wordpress-hosting/,0,0,0.00,0.2,164,"20, 30, 30, 67, 67, 67, 67, 55, 76, 100, 45, 45",2026-06-13,"Sitelinks, Reviews, Video, Related searches, AI overview",informational,Organic
enterprise wordpress hosting,93,93,720,29,23.74,https://wpvip.com/blog/best-wordpress-hosting/,0,0,0.00,0.2,164,"20, 30, 30, 67, 67, 67, 67, 55, 76, 100, 45, 45",2026-06-13,"Sitelinks, Reviews, Video, Related searches, AI overview",informational,Organic
wordpress enterprise,52,52,390,35,27.43,https://learn.wpvip.com/course/enterprise-performance/,0,0,0.00,0.28,104,"54, 54, 54, 44, 44, 44, 44, 66, 100, 66, 66, 81",2026-07-01,"Sitelinks, Video, Ads bottom, People also ask, Related searches, AI overview",informational,Organic
wordpress enterprise,78,78,390,35,27.43,https://wpvip.com/blog/wordpress-6-5/,0,0,0.00,0.28,104,"54, 54, 54, 44, 44, 44, 44, 66, 100, 66, 66, 81",2026-07-01,"Sitelinks, Video, Ads bottom, People also ask, Related searches, AI overview",informational,Organic
wordpress enterprise,81,81,390,35,27.43,https://wpvip.com/blog/best-practices-for-building-an-enterprise-wordpress-website/,0,0,0.00,0.28,104,"54, 54, 54, 44, 44, 44, 44, 66, 100, 66, 66, 81",2026-07-01,"Sitelinks, Video, Ads bottom, People also ask, Related searches, AI overview",informational,Organic
wordpress enterprise,87,87,390,35,27.43,https://wpvip.com/wordpress-vip-enterprise-support/,0,0,0.00,0.28,104,"54, 54, 54, 44, 44, 44, 44, 66, 100, 66, 66, 81",2026-07-01,"Sitelinks, Video, Ads bottom, People also ask, Related searches, AI overview",informational,Organic
wordpress enterprise,90,90,390,35,27.43,https://wpvip.com/blog/best-practices-for-building-an-enterprise-wordpress-website/,0,0,0.00,0.28,104,"54, 54, 54, 44, 44, 44, 44, 66, 100, 66, 66, 81",2026-07-01,"Sitelinks, Video, Ads bottom, People also ask, Related searches, AI overview",informational,Organic
wordpress enterprise,91,91,390,35,27.43,https://wpvip.com/case-studies/10-examples-of-enterprise-wordpress/,0,0,0.00,0.28,104,"54, 54, 54, 44, 44, 44, 44, 66, 100, 66, 66, 81",2026-07-01,"Sitelinks, Video, Ads bottom, People also ask, Related searches, AI overview",informational,Organic
wordpress enterprise,92,92,390,35,27.43,https://wpvip.com/resource/enterprise-wordpress-security/,0,0,0.00,0.28,104,"54, 54, 54, 44, 44, 44, 44, 66, 100, 66, 66, 81",2026-07-01,"Sitelinks, Video, Ads bottom, People also ask, Related searches, AI overview",informational,Organic
wordpress enterprise,93,93,390,35,27.43,https://wpvip.com/enterprise-search/,0,0,0.00,0.28,104,"54, 54, 54, 44, 44, 44, 44, 66, 100, 66, 66, 81",2026-07-01,"Sitelinks, Video, Ads bottom, People also ask, Related searches, AI overview",informational,Organic
wordpress enterprise,94,94,390,35,27.43,https://wpvip.com/wordpress-vip-for-enterprise/,0,0,0.00,0.28,104,"54, 54, 54, 44, 44, 44, 44, 66, 100, 66, 66, 81",2026-07-01,"Sitelinks, Video, Ads bottom, People also ask, Related searches, AI overview",informational,Organic
wordpress enterprise,95,95,390,35,27.43,https://wpvip.com/blog/enterprise-wordpress-migration/,0,0,0.00,0.28,104,"54, 54, 54, 44, 44, 44, 44, 66, 100, 66, 66, 81",2026-07-01,"Sitelinks, Video, Ads bottom, People also ask, Related searches, AI overview",informational,Organic
wordpress enterprise,96,96,390,35,27.43,https://wpvip.com/enterprise-wordpress-hosting/,0,0,0.00,0.28,104,"54, 54, 54, 44, 44, 44, 44, 66, 100, 66, 66, 81",2026-07-01,"Sitelinks, Video, Ads bottom, People also ask, Related searches, AI overview",informational,Organic
wordpress enterprise,97,97,390,35,27.43,https://wpvip.com/blog/best-wordpress-hosting/,0,0,0.00,0.28,104,"54, 54, 54, 44, 44, 44, 44, 66, 100, 66, 66, 81",2026-07-01,"Sitelinks, Video, Ads bottom, People also ask, Related searches, AI overview",informational,Organic
wordpress enterprise,98,98,390,35,27.43,https://learn.wpvip.com/course/enterprise-wordpress-security/,0,0,0.00,0.28,104,"54, 54, 54, 44, 44, 44, 44, 66, 100, 66, 66, 81",2026-07-01,"Sitelinks, Video, Ads bottom, People also ask, Related searches, AI overview",informational,Organic
wordpress multi factor authentication,6,6,170,48,2.82,https://docs.wpvip.com/security-controls/wordpress/enforce-2fa/,0,0,0.00,0.11,103,"53, 53, 100, 28, 53, 28, 23, 35, 28, 28, 28, 28",2026-07-05,"Sitelinks, Reviews, Video, Video Carousel, People also ask, Related searches, AI overview",informational,Organic
enterprise wordpress developer,1,1,50,7,0.00,https://wpvip.com/wordpress-platform/,0,0,0.00,0,125,"18, 18, 9, 45, 81, 81, 100, 81, 45, 45, 36, 18",2026-06-10,"Sitelinks, Video, Video Carousel, Related searches, AI overview",informational,AI overview
enterprise wordpress developer,1,1,50,7,0.00,https://learn.wpvip.com/,0,0,0.00,0,125,"18, 18, 9, 45, 81, 81, 100, 81, 45, 45, 36, 18",2026-06-10,"Sitelinks, Video, Video Carousel, Related searches, AI overview",informational,AI overview
enterprise wordpress developer,14,14,50,7,0.00,https://learn.wpvip.com/certification/,0,0,0.00,0,125,"18, 18, 9, 45, 81, 81, 100, 81, 45, 45, 36, 18",2026-06-10,"Sitelinks, Video, Video Carousel, Related searches, AI overview",informational,Organic
enterprise wordpress developer,63,63,50,7,0.00,https://wpvip.com/,0,0,0.00,0,125,"18, 18, 9, 45, 81, 81, 100, 81, 45, 45, 36, 18",2026-06-10,"Sitelinks, Video, Video Carousel, Related searches, AI overview",informational,Organic
enterprise wordpress developer,83,83,50,7,0.00,https://wpvip.com/wordpress-platform/,0,0,0.00,0,125,"18, 18, 9, 45, 81, 81, 100, 81, 45, 45, 36, 18",2026-06-10,"Sitelinks, Video, Video Carousel, Related searches, AI overview",informational,Organic
enterprise wordpress developer,96,96,50,7,0.00,https://learn.wpvip.com/course/enterprise-performance/,0,0,0.00,0,125,"18, 18, 9, 45, 81, 81, 100, 81, 45, 45, 36, 18",2026-06-10,"Sitelinks, Video, Video Carousel, Related searches, AI overview",informational,Organic
one of the advantages to wordpress being open source is,6,6,40,10,0.00,https://wpvip.com/blog/how-open-source-software-benefits-businesses/,0,0,0.00,0.33,164,"11, 64, 0, 100, 52, 11, 11, 11, 11, 11, 11, 11",2026-07-07,"Sitelinks, Reviews, Video, Video Carousel, People also ask, Related searches, Discussions and forums, AI overview",informational,Organic
best enterprise content management systems 2026,1,1,70,25,0.00,https://wpvip.com/blog/10-best-enterprise-content-management-systems/,0,0,0.00,0,182,"5, 100, 17, 29",2026-07-01,"Reviews, Video, Related searches, Discussions and forums, AI overview",commercial,AI overview
best enterprise content management systems 2026,27,27,70,25,0.00,https://wpvip.com/blog/10-best-enterprise-content-management-systems/,0,0,0.00,0,182,"5, 100, 17, 29",2026-07-01,"Reviews, Video, Related searches, Discussions and forums, AI overview",commercial,Organic
wordpress news today november 2025,18,18,50,17,0.00,https://customerhub.wpvip.com/platform-release-schedule/,0,0,0.00,0,127,"100, 0, 0, 0, 3, 3",2026-07-19,"Reviews, Video, People also ask, Related searches",informational,Organic
al jazeera rss all.xml,32,32,70,11,0.00,https://wpvip.com/case-studies/al-jazeera-headless-wordpress/,0,0,0.00,0,139,"5, 82, 100, 29, 0, 41, 0, 29",2026-07-13,"Sitelinks, Reviews, Video, People also ask, AI overview",informational,Organic
headless cms diagram,10,10,90,31,0.00,https://wpvip.com/resource/headless-cms-guide/,0,0,0.00,0.07,129,"7, 19, 53, 65, 26, 7, 53, 53, 26, 65, 26, 42",2026-06-29,"Image pack, Video, Image, Video Carousel, People also ask, Related searches, Discussions and forums, AI overview",informational,Organic
wordpress testing site,7,7,30,17,4.55,https://docs.wpvip.com/launch-a-site/testing-your-site/,0,0,0.00,0.12,108,"45, 63, 36, 45, 36, 36, 18, 9, 18, 0, 0, 63",2026-06-03,"Sitelinks, Video, Video Carousel, Related searches, Discussions and forums, AI overview",informational,Organic
what is product information management,74,74,320,37,3.42,https://wpvip.com/blog/pim-benefits-and-use-cases/,0,0,0.00,0.07,187,"54, 44, 66, 54, 44, 81, 66, 28, 23, 44, 81, 44",2026-07-01,"Sitelinks, Reviews, Video, People also ask, Related searches, AI overview",informational,Organic
vipsupport,12,12,40,7,0.00,https://customerhub.wpvip.com/lobby/2025/07/24/faster-answers-smarter-support-introducing-the-vip-support-ai-agent/,0,0,0.00,0.02,104,"0, 27, 100, 45, 45, 27, 18, 45, 0, 36, 45, 0",2026-07-13,"Sitelinks, Reviews, Video, People also ask, Related searches, AI overview",informational,Organic
secure enterprise content management for public sector agencies,20,20,70,5,0.00,https://wpvip.com/blog/enterprise-content-management-strategy/,0,0,0.00,0,202,"45, 100, 45",2026-06-26,"Reviews, Video, Related searches, AI overview",informational,Organic
secure enterprise content management for public sector agencies,59,59,70,5,0.00,https://wpvip.com/blog/enterprise-content-management-strategy/,0,0,0.00,0,202,"45, 100, 45",2026-06-26,"Reviews, Video, Related searches, AI overview",informational,Organic
wordpress 6.7 release notes november 2025,22,22,90,8,0.00,https://wpvip.com/blog/wordpress-6-7/,0,0,0.00,0,262000,"100, 1, 0, 0, 0, 0",2026-07-12,"Video, People also ask, Related searches, AI overview",informational,Organic
wordpress 6.7 release notes november 2025,64,64,90,8,0.00,https://customerhub.wpvip.com/platform-release-schedule/,0,0,0.00,0,262000,"100, 1, 0, 0, 0, 0",2026-07-12,"Video, People also ask, Related searches, AI overview",informational,Organic
wordpress 6.7 release notes november 2025,80,80,90,8,0.00,https://customerhub.wpvip.com/platform-release-schedule/,0,0,0.00,0,262000,"100, 1, 0, 0, 0, 0",2026-07-12,"Video, People also ask, Related searches, AI overview",informational,Organic
what are digital experience platforms,78,78,50,35,0.00,https://wpvip.com/blog/wordpress-digital-experience-platform/,0,0,0.00,0.04,162,"45, 36, 63, 81, 45, 18, 18, 27, 36, 36, 100, 63",2026-06-26,"Sitelinks, Video, Video Carousel, People also ask, Related searches, AI overview",informational,Organic
indexed though blocked by robots.txt wordpress,40,40,90,16,0.00,https://docs.wpvip.com/security-controls/robots-txt/,0,0,0.00,0.33,173,"5, 17, 0, 2, 10, 10, 5, 5, 100, 66, 43, 5",2026-06-09,"Sitelinks, Video, Video Carousel, People also ask, Related searches, AI overview",informational,Organic
indexed though blocked by robots.txt wordpress,49,49,90,16,0.00,https://docs.wpvip.com/security-controls/robots-txt/,0,0,0.00,0.33,173,"5, 17, 0, 2, 10, 10, 5, 5, 100, 66, 43, 5",2026-06-09,"Sitelinks, Video, Video Carousel, People also ask, Related searches, AI overview",informational,Organic
digital experience platform features,44,44,110,31,0.00,https://wpvip.com/glossary/digital-experience-platform/,0,0,0.00,0.33,127,"53, 65, 42, 42, 34, 15, 80, 100, 19, 26, 19, 26",2026-06-09,"Sitelinks, Video, Ads bottom, Video Carousel, Related searches, AI overview",informational,Organic
how to enable rest api in wordpress,13,13,40,21,0.00,https://docs.wpvip.com/wordpress-on-vip/wordpress-rest-api/,0,0,0.00,0.08,130,"42, 42, 42, 71, 57, 57, 71, 71, 28, 28, 28, 57",2026-05-30,"Sitelinks, Video, Video Carousel, People also ask, Related searches, Discussions and forums, AI overview",informational,Organic
what is wordpress gutenberg,5,5,30,28,2.08,https://wpvip.com/wordpress-gutenberg/,0,0,0.00,0.23,129,"11, 17, 17, 29, 29, 11, 11, 11, 11, 11, 11, 11",2026-06-08,"Sitelinks, Video, Ads bottom, Video Carousel, People also ask, Related searches, AI overview",informational,Organic
what is wordpress gutenberg,30,30,30,28,2.08,https://wpvip.com/blog/reasons-love-wordpress-gutenberg-editor/,0,0,0.00,0.23,129,"11, 17, 17, 29, 29, 11, 11, 11, 11, 11, 11, 11",2026-06-08,"Sitelinks, Video, Ads bottom, Video Carousel, People also ask, Related searches, AI overview",informational,Organic
european accessibility act applies from 28 june 2025 official,80,80,50,32,0.00,https://wpvip.com/blog/eu-accessibility-act-2025/,0,0,0.00,0,36,"57, 100",2026-07-17,"Reviews, Video, Related searches",informational,Organic
.vip domains,17,17,40,15,4.47,https://docs.wpvip.com/domains/map-a-domain/,0,0,0.00,0.2,109,"71, 42, 71, 71, 28, 0, 42, 57, 71, 71, 14, 14",2026-07-10,"Sitelinks, Reviews, Video, People also ask, Related searches, AI overview",informational,Organic
.vip domains,40,40,40,15,4.47,https://docs.wpvip.com/domains/convenience-domains/,0,0,0.00,0.2,109,"71, 42, 71, 71, 28, 0, 42, 57, 71, 71, 14, 14",2026-07-10,"Sitelinks, Reviews, Video, People also ask, Related searches, AI overview",informational,Organic
.vip domains,61,61,40,15,4.47,https://docs.wpvip.com/domains/primary-domain/,0,0,0.00,0.2,109,"71, 42, 71, 71, 28, 0, 42, 57, 71, 71, 14, 14",2026-07-10,"Sitelinks, Reviews, Video, People also ask, Related searches, AI overview",informational,Organic
.vip domains,85,85,40,15,4.47,https://docs.wpvip.com/guidebooks/prepare-for-launch/the-domain/,0,0,0.00,0.2,109,"71, 42, 71, 71, 28, 0, 42, 57, 71, 71, 14, 14",2026-07-10,"Sitelinks, Reviews, Video, People also ask, Related searches, AI overview",informational,Organic
product information management pim,50,50,170,39,10.14,https://wpvip.com/blog/pim-benefits-and-use-cases/,0,0,0.00,0.38,137,"44, 29, 29, 36, 19, 5, 5, 12, 6, 19, 100, 2",2026-07-18,"Sitelinks, Reviews, Video, People also ask, Related searches, AI overview","commercial, informational",Organic
deepmantic/wp-admin,22,0,390,45,0.00,https://docs.wpvip.com/security-controls/wordpress/,0,0,0.00,0,55700,"100, 0, 0, 0",2026-07-22,"Reviews, Video, People also ask, Related searches",informational,Organic
deepmantic/wp-admin,45,0,390,45,0.00,https://wpvip.com/capabilities/ecosystem/,0,0,0.00,0,55700,"100, 0, 0, 0",2026-07-22,"Reviews, Video, People also ask, Related searches",informational,Organic
deepmantic/wp-admin,54,0,390,45,0.00,https://docs.wpvip.com/plugins/automattic-plugins/,0,0,0.00,0,55700,"100, 0, 0, 0",2026-07-22,"Reviews, Video, People also ask, Related searches",informational,Organic
deepmantic/wp-admin,59,0,390,45,0.00,https://wpvip.com/about/,0,0,0.00,0,55700,"100, 0, 0, 0",2026-07-22,"Reviews, Video, People also ask, Related searches",informational,Organic
www.wordpress.com,29,29,210,100,6.70,https://wpvip.com/,0,0,0.00,0.31,0,"100, 26, 11, 9, 14, 11, 14, 11, 11, 32, 17, 4",2026-06-18,"Sitelinks, Reviews, Video, People also ask",navigational,Organic
mfa full form,77,77,90,72,0.00,https://wpvip.com/glossary/what-is-multi-factor-authentication-mfa/,0,0,0.00,0.01,135,"42, 42, 80, 66, 33, 42, 33, 33, 33, 66, 33, 42",2026-06-11,"Reviews, Video, Video Carousel, People also ask, Related searches, AI overview",informational,Organic
mfa full form,79,79,90,72,0.00,https://wpvip.com/glossary/what-is-multi-factor-authentication-mfa/,0,0,0.00,0.01,135,"42, 42, 80, 66, 33, 42, 33, 33, 33, 66, 33, 42",2026-06-11,"Reviews, Video, Video Carousel, People also ask, Related searches, AI overview",informational,Organic
headless cms architecture diagram,10,10,70,35,10.64,https://wpvip.com/resource/headless-cms-guide/,0,0,0.00,0.06,129,"9, 9, 33, 80, 66, 33, 9, 9, 100, 33, 33, 42",2026-06-15,"Image pack, Sitelinks, Video, Image, Ads top, Video Carousel, People also ask, Related searches, Ads middle, AI overview",informational,Organic
wordpress 6.7.1 security release december 2025,20,20,70,17,0.00,https://docs.wpvip.com/wordpress-on-vip/wordpress-upgrades/,0,0,0.00,0,8650,"100, 0, 0, 0, 0",2026-07-10,"Video, People also ask, Related searches, AI overview",informational,Organic
wp training courses,5,5,70,68,2.56,https://learn.wpvip.com/,0,0,0.00,0.12,128,"64, 82, 64, 23, 29, 41, 29, 29, 17, 23, 29, 82",2026-06-20,"Sitelinks, Reviews, Video, Video Carousel, People also ask, Related searches, Discussions and forums, AI overview",informational,Organic
wp training courses,45,45,70,68,2.56,https://learn.wpvip.com/all-courses/,0,0,0.00,0.12,128,"64, 82, 64, 23, 29, 41, 29, 29, 17, 23, 29, 82",2026-06-20,"Sitelinks, Reviews, Video, Video Carousel, People also ask, Related searches, Discussions and forums, AI overview",informational,Organic
personalization content marketing,11,11,90,29,0.00,https://wpvip.com/blog/content-personalization/,0,0,0.00,0.01,129,"35, 78, 78, 64, 50, 78, 64, 35, 50, 50, 100, 50",2026-07-20,"Sitelinks, Video, Video Carousel, People also ask, Related searches, AI overview",informational,Organic
wordpress.ocm,34,34,170,100,3.38,https://wpvip.com/,0,0,0.00,0.43,0,"0, 0, 0, 0, 0, 0, 1, 8, 10, 10, 16, 8",2026-07-09,"Sitelinks, Reviews, Video, Video Carousel, People also ask",navigational,Organic
what is higher than vip,16,16,40,22,0.00,https://wpvip.com/resource/wp-engine-vs-wordpress-vip/,0,0,0.00,0.33,155000000,"77, 22, 100, 22, 77, 22, 22, 22, 22, 77, 22, 22",2026-07-20,"Sitelinks, Reviews, Video, People also ask, Related searches",informational,Organic
headless wordpress website company,36,36,110,13,0.00,https://wpvip.com/headless-wordpress/,0,0,0.00,0.33,134,"29, 23, 82, 82, 82, 64, 100, 64, 82, 52, 52, 52",2026-06-30,"Sitelinks, Reviews, Video, Ads top, Video Carousel, Related searches, Ads middle, AI overview",informational,Organic
wordpress best practices 2022,12,12,50,7,0.00,https://wpvip.com/blog/wordpress-security-best-practices/,0,0,0.00,0.33,19000000,"14, 28, 28, 100, 57, 71, 100, 100, 100, 100, 100, 71",2026-06-24,"Sitelinks, Video, Related searches, Discussions and forums, AI overview","commercial, informational",Organic
aeo optimizer,39,39,50,51,11.05,https://wpvip.com/blog/answer-engine-optimization-strategies/,0,0,0.00,0.47,133,"0, 6, 0, 0, 0, 100, 3",2026-07-05,"Sitelinks, Reviews, Video, Ads top, Ads bottom, People also ask, Related searches","commercial, informational",Organic
aeo optimizer,42,42,50,51,11.05,https://wpvip.com/blog/answer-engine-optimization-strategies/,0,0,0.00,0.47,133,"0, 6, 0, 0, 0, 100, 3",2026-07-05,"Sitelinks, Reviews, Video, Ads top, Ads bottom, People also ask, Related searches","commercial, informational",Organic
parsely,34,34,4400,54,0.93,https://docs.wpvip.com/parse-ly/parsely-features/,0,0,0.00,0.48,112,"44, 44, 54, 44, 44, 36, 81, 24, 44, 19, 54, 44",2026-07-19,"Knowledge panel, Image pack, Sitelinks, Reviews, Video, People also ask, Related searches, AI overview",navigational,Organic
php logs,15,15,90,40,0.00,https://learn.wpvip.com/lesson/php-logs-errors-warnings-and-notices/,0,0,0.00,0.01,121,"12, 43, 10, 23, 23, 43, 28, 10, 17, 12, 10, 28",2026-06-07,"Sitelinks, Video, Video Carousel, People also ask, Related searches, AI overview",informational,Organic
cms for news magazine,6,6,50,7,0.00,https://wpvip.com/blog/the-wall-street-journal-wordpress/,0,0,0.00,0,158,"45, 36, 63, 100, 45, 81, 63, 45, 45, 27, 18, 9",2026-06-30,"Sitelinks, Reviews, Video, Ads bottom, People also ask, Related searches, Ads middle, AI overview",commercial,People also ask
php 8.2 end of life,15,15,30,14,3.59,https://customerhub.wpvip.com/lobby/2024/03/25/php-8-2-update-timeline/,0,0,0.00,0.1,108,"14, 21, 14, 14, 14, 50, 35, 14, 21, 14, 14, 35",2026-06-22,"Sitelinks, Video, Ads bottom, People also ask, Related searches, AI overview",informational,Organic
php 8.2 end of life,48,48,30,14,3.59,https://customerhub.wpvip.com/lobby/2024/12/17/planning-your-2025-php-8-2-update/,0,0,0.00,0.1,108,"14, 21, 14, 14, 14, 50, 35, 14, 21, 14, 14, 35",2026-06-22,"Sitelinks, Video, Ads bottom, People also ask, Related searches, AI overview",informational,Organic
php 8.2 end of life,67,67,30,14,3.59,https://customerhub.wpvip.com/lobby/2024/05/14/php-8-2-update-timeline-extended/,0,0,0.00,0.1,108,"14, 21, 14, 14, 14, 50, 35, 14, 21, 14, 14, 35",2026-06-22,"Sitelinks, Video, Ads bottom, People also ask, Related searches, AI overview",informational,Organic
wordpress plugin workflow,11,11,30,31,5.99,https://wpvip.com/blog/wordpress-workflow-automation/,0,0,0.00,0.21,107,"18, 36, 36, 18, 45, 45, 18, 18, 18, 18, 18, 18",2026-07-13,"Sitelinks, Reviews, Video, Video Carousel, Related searches, Ads middle, AI overview",informational,Organic
best practices for optimizing blog post for aeo,77,77,70,25,0.00,https://wpvip.com/blog/answer-engine-optimization-strategies/,0,0,0.00,0,170,"71, 100, 100",2026-07-01,"Sitelinks, Reviews, Video, Video Carousel, Related searches, AI overview","commercial, informational",Organic
best practices for optimizing blog post for aeo,80,80,70,25,0.00,https://wpvip.com/blog/answer-engine-optimization-strategies/,0,0,0.00,0,170,"71, 100, 100",2026-07-01,"Sitelinks, Reviews, Video, Video Carousel, Related searches, AI overview","commercial, informational",Organic
what is a dxp platform,51,51,40,26,14.84,https://wpvip.com/glossary/digital-experience-platform/,0,0,0.00,0.34,144,"11, 7, 26, 19, 7, 34, 7, 7, 7, 11, 7, 11",2026-07-01,"Sitelinks, Video, Video Carousel, People also ask, Related searches, AI overview",informational,Organic
wp cron job,7,7,90,33,0.00,https://docs.wpvip.com/wordpress-on-vip/cron-control/,0,0,0.00,0.02,127,"52, 66, 66, 23, 9, 52, 52, 23, 33, 42, 33, 42",2026-06-11,"Reviews, Video, Video Carousel, People also ask, Related searches, AI overview",commercial,People also ask
computer cache,2,2,390,69,0.11,https://wpvip.com/blog/caching/,0,0,0.00,0.02,176,"39, 17, 21, 21, 59, 59, 14, 26, 32, 39, 48, 59",2026-07-02,"Sitelinks, Reviews, Video, Video Carousel, People also ask, Related searches, Things to know, AI overview",informational,Things to know
omnichannel content-management,27,27,70,15,15.09,https://wpvip.com/blog/omnichannel-digital-experiences-cms-composable/,0,0,0.00,0.05,135,"36, 36, 100, 100, 81, 18, 27, 63, 81, 100, 81, 100",2026-06-30,"Sitelinks, Reviews, Video, People also ask, Related searches, AI overview",informational,Organic
wp plugin installation,2,2,50,37,0.00,https://docs.wpvip.com/wordpress-skeleton/plugins-directory/,0,0,0.00,0,122,"11, 77, 77, 100, 100, 55, 55, 44",2026-06-27,"Sitelinks, Video, Video Carousel, People also ask, Related searches, AI overview",informational,People also ask
xml rpc,29,29,390,54,2.04,https://docs.wpvip.com/security-controls/wordpress/xml-rpc/,0,0,0.00,0.01,120,"36, 19, 36, 54, 54, 54, 44, 29, 67, 44, 44, 23",2026-06-13,"Sitelinks, Video, Video Carousel, People also ask, Related searches, AI overview",informational,Organic
product information managment,46,46,50,38,10.14,https://wpvip.com/blog/pim-benefits-and-use-cases/,0,0,0.00,0.38,133,"29, 29, 17, 23, 100, 17, 23, 23, 41, 17, 23, 23",2026-07-05,"Sitelinks, Reviews, Video, Ads bottom, People also ask, Related searches, AI overview","commercial, informational",Organic
what is a headless wordpress site,21,21,50,26,0.15,https://wpvip.com/resource/headless-cms-guide/,0,0,0.00,0.14,148,"29, 41, 52, 52, 17, 11, 11, 5, 11, 41, 41, 17",2026-07-09,"Sitelinks, Video, People also ask, Related searches, AI overview",informational,Organic
dns a record ttl,6,6,40,30,0.00,https://docs.wpvip.com/domains/check-dns-record-time-to-live/,0,0,0.00,0.04,107,"50, 50, 50, 50, 35, 50, 14, 14, 14, 14, 14, 14",2026-06-26,"Sitelinks, Video, Video Carousel, People also ask, Related searches, AI overview",informational,Organic
ai vs human content,6,6,40,18,0.00,https://wpvip.com/blog/ai-vs-human-content-performance/,0,0,0.00,0.33,127,"44, 77, 55, 100, 77, 33, 22, 22, 22, 22, 22, 22",2026-06-07,"Sitelinks, Video, Video Carousel, People also ask, Related searches, AI overview","commercial, informational",Organic
wordpress outsourcing experts,64,64,260,,0.00,https://wpvip.com/partners/service-partners/,0,0,0.00,0.33,2240000,"0, 0, 2, 2, 1, 3, 2, 2, 2, 11, 37, 100",2026-07-19,"Reviews, Video, Video Carousel, Related searches, AI overview",informational,Organic
wordpress 6.7 release date november 2025,38,38,210,19,0.00,https://customerhub.wpvip.com/platform-release-schedule/,0,0,0.00,0,111,"100, 0, 0, 0, 0, 0",2026-07-11,"Sitelinks, Reviews, Video, People also ask, Related searches, AI overview",informational,Organic
new media marketing,39,39,170,45,0.00,https://wpvip.com/event/media-is-the-new-marketing-webinar/,0,0,0.00,0.03,136,"53, 43, 28, 34, 34, 34, 9, 81, 43, 81, 53, 65",2026-06-17,"Knowledge panel, Sitelinks, Reviews, Video, People also ask, Related searches, AI overview",informational,Organic
new media marketing,41,41,170,45,0.00,https://wpvip.com/event/media-is-the-new-marketing-webinar/,0,0,0.00,0.03,136,"53, 43, 28, 34, 34, 34, 9, 81, 43, 81, 53, 65",2026-06-17,"Knowledge panel, Sitelinks, Reviews, Video, People also ask, Related searches, AI overview",informational,Organic
wordpress updates san antonio,19,19,40,11,0.00,https://docs.wpvip.com/wordpress-on-vip/wordpress-upgrades/,0,0,0.00,0,14400000,"0, 42, 100, 100, 100, 57, 42, 57, 57",2026-07-09,"Reviews, Video, People also ask, AI overview",informational,Organic
wordpress updates san antonio,20,20,40,11,0.00,https://docs.wpvip.com/wordpress-on-vip/wordpress-upgrades/,0,0,0.00,0,14400000,"0, 42, 100, 100, 100, 57, 42, 57, 57",2026-07-09,"Reviews, Video, People also ask, AI overview",informational,Organic
wordpress updates san antonio,73,73,40,11,0.00,https://customerhub.wpvip.com/platform-release-schedule/,0,0,0.00,0,14400000,"0, 42, 100, 100, 100, 57, 42, 57, 57",2026-07-09,"Reviews, Video, People also ask, AI overview",informational,Organic
sailtrhu,13,13,30,23,11.27,https://wpvip.com/partner/sailthru/,0,0,0.00,0.06,107,"0, 0, 39, 0, 0, 0, 0, 0, 0, 0, 0, 0",2026-06-16,"Knowledge panel, Sitelinks, Reviews, Video, Ads bottom, People also ask, Related searches, AI overview",navigational,Organic
wordpress 6.9.1 release,1,1,70,19,0.00,https://customerhub.wpvip.com/lobby/2026/02/04/wordpress-6-9-1-maintenance-release/,0,0,0.00,0,99300,"100, 3, 7, 3, 3",2026-07-11,"Video, Video Carousel, People also ask, Related searches, AI overview",informational,AI overview
no cache header,28,28,90,50,0.00,https://docs.wpvip.com/caching/page-cache/customize-behavior/cache-control-headers/,0,0,0.00,0.33,126,"64, 41, 41, 64, 52, 52, 52, 52, 41, 29, 23, 64",2026-06-15,"Image pack, Sitelinks, Video, People also ask, Related searches, Discussions and forums, AI overview",informational,Organic
php 8.2 eol,51,51,110,16,3.95,https://customerhub.wpvip.com/lobby/2024/12/17/planning-your-2025-php-8-2-update/,0,0,0.00,0.09,107,"52, 100, 66, 66, 52, 80, 42, 42, 52, 66, 52, 52",2026-06-08,"Sitelinks, Video, People also ask, Related searches, AI overview",informational,Organic
enterprise content management products,67,67,50,42,0.00,https://wpvip.com/blog/10-best-enterprise-content-management-systems/,0,0,0.00,0.06,136,"11, 11, 11, 11, 29, 17, 41, 64, 82, 100, 29, 17",2026-06-03,"Sitelinks, Video, People also ask, Related searches, Ads middle, AI overview",informational,Organic
saas dam,58,58,50,7,28.89,https://wpvip.com/glossary/digital-asset-management/,0,0,0.00,0.71,135,"64, 64, 64, 35, 78, 14, 35, 14, 14, 14, 21, 14",2026-06-21,"Reviews, Video, Ads bottom, People also ask, Related searches, AI overview",informational,Organic
wp includes rest api,34,34,70,12,0.00,https://docs.wpvip.com/wordpress-on-vip/wordpress-rest-api/,0,0,0.00,0.04,106,"41, 11, 100, 52, 82, 11, 82, 11, 11, 11, 11, 11",2026-06-19,"Reviews, Video, Video Carousel, Related searches, Discussions and forums, AI overview",informational,Organic
wp db backup,8,8,40,29,0.77,https://docs.wpvip.com/databases/backups/,0,0,0.00,0.06,122,"71, 57, 100, 100, 100, 100, 57, 42, 28, 28, 28, 28",2026-07-10,"Sitelinks, Reviews, Video, Video Carousel, Related searches, Discussions and forums, AI overview",informational,Organic
wordpress persistent object cache explanation,7,7,50,2,0.00,https://docs.wpvip.com/caching/object-cache/,0,0,0.00,0,125,"63, 100, 0, 0",2026-06-11,"Sitelinks, Reviews, Video, Video Carousel, Related searches, AI overview",informational,Organic
wordpress theme directory,6,6,110,50,2.08,https://docs.wpvip.com/wordpress-skeleton/themes-directory/,0,0,0.00,0.18,107,"35, 22, 18, 18, 43, 43, 10, 6, 29, 0, 22, 22",2026-06-17,"Sitelinks, Video, People also ask, Related searches","navigational, transactional",People also ask
what is step-up authentication,66,66,30,16,4.04,https://docs.wpvip.com/manage-user-access/vip-dashboard/step-up-auth/,0,0,0.00,0.08,145,"100, 0, 50, 100, 50, 50, 75, 100, 100, 75, 100, 100",2026-07-21,"Sitelinks, Video, Video Carousel, People also ask, Related searches, AI overview",informational,Organic
post_in,1,1,40,36,0.00,https://docs.wpvip.com/databases/optimize-queries/using-post__not_in/,0,0,0.00,0.33,106,"0, 0, 100, 0, 0, 0, 0, 0, 0, 0, 0, 0",2026-06-14,"Sitelinks, Reviews, Related searches, AI overview",informational,AI overview
parse.ly login,6,6,50,34,0.00,https://docs.wpvip.com/parse-ly/parsely-features/,0,0,0.00,0.33,106,"0, 0, 0, 0, 0, 53, 65, 9, 0, 34, 28, 21",2026-07-05,"Sitelinks, Reviews, Related searches","navigational, transactional",Organic
github cloudspace,17,17,50,50,9.28,https://customerhub.wpvip.com/lobby/2024/02/05/cloud-development-environment-with-github-codespaces/,0,0,0.00,0.02,103,"100, 100, 100, 100, 77, 100, 100, 77, 0, 0, 0, 0",2026-06-12,"Sitelinks, Video, Related searches",navigational,Organic
http header cache control,31,31,90,48,0.00,https://docs.wpvip.com/caching/page-cache/customize-behavior/cache-control-headers/,0,0,0.00,0.33,113,"52, 52, 52, 64, 64, 64, 64, 41, 52, 64, 41, 41",2026-06-10,"Sitelinks, Video, Related searches, Discussions and forums, AI overview",informational,Organic
most secure cms,35,35,90,13,0.00,https://wpvip.com/blog/10-best-enterprise-content-management-systems/,0,0,0.00,0.33,145,"29, 17, 52, 64, 64, 82, 100, 11, 64, 23, 52, 41",2026-06-27,"Sitelinks, Reviews, Video, Ads bottom, People also ask, Related searches, AI overview",informational,Organic
top content management,33,33,50,36,13.78,https://wpvip.com/blog/10-best-enterprise-content-management-systems/?itm_source=parsely-api,0,0,0.00,0.29,127,"9, 63, 63, 45, 36, 45, 45, 18, 18, 18, 100, 100",2026-07-19,"Reviews, Video, Video Carousel, People also ask, Related searches, Discussions and forums",commercial,Organic
decoupled wordpress hosting,1,1,40,10,0.00,https://wpvip.com/headless-wordpress/,0,0,0.00,0,149,"44, 22, 100, 100, 33, 0, 11, 0, 33, 55, 55, 33",2026-07-16,"Sitelinks, Reviews, Video, Related searches, AI overview",informational,AI overview
decoupled wordpress hosting,94,94,40,10,0.00,https://wpvip.com/capabilities/ecosystem/,0,0,0.00,0,149,"44, 22, 100, 100, 33, 0, 11, 0, 33, 55, 55, 33",2026-07-16,"Sitelinks, Reviews, Video, Related searches, AI overview",informational,Organic
parse.ly dashboard,13,13,40,23,9.62,https://learn.wpvip.com/parsely/,0,0,0.00,0.04,108,"18, 9, 36, 9, 0, 0, 100, 18, 18, 18, 100, 18",2026-06-09,"Sitelinks, Video, Related searches",informational,Organic
headless wordpress wpengine,29,29,40,,0.00,https://wpvip.com/headless-wordpress/,0,0,0.00,0.33,105,"18, 18, 81, 63, 45, 18, 27, 27, 100, 18, 18, 18",2026-07-14,"Sitelinks, Video, Ads bottom, Video Carousel, People also ask, Related searches, Discussions and forums","informational, navigational",Organic
headless wordpress agency,33,33,90,11,0.00,https://wpvip.com/headless-wordpress/,0,0,0.00,0.33,150,"64, 35, 35, 100, 100, 64, 21, 28, 64, 100, 64, 64",2026-06-12,"Sitelinks, Reviews, Video, Ads top, Video Carousel, Related searches, Ads middle, AI overview",informational,Organic
how do enterprises justify ai-driven cms investments to executive leadership,32,32,50,5,0.00,https://wpvip.com/blog/ai-cms/,0,0,0.00,0,4890000,"80, 100",2026-07-18,"Sitelinks, Reviews, Video, People also ask",informational,Organic
wordpress.com,39,39,9900,97,3.38,https://wpvip.com/,0,0,0.00,0.43,0,"100, 81, 100, 54, 81, 54, 54, 54, 81, 54, 54, 44",2026-07-20,"Sitelinks, Reviews, Video, Video Carousel, People also ask",navigational,Organic
migrate from sitecore to wordpress,1,1,50,0,0.00,https://wpvip.com/resource/sitecore-vs-wordpress-vip/,0,0,0.00,0.33,170,"55, 77, 33, 77, 77, 77, 100, 100, 77, 55, 55, 33",2026-06-13,"Sitelinks, Reviews, Video, AI overview",informational,AI overview
migrate from sitecore to wordpress,22,22,50,0,0.00,https://wpvip.com/resource/sitecore-vs-wordpress-vip/,0,0,0.00,0.33,170,"55, 77, 33, 77, 77, 77, 100, 100, 77, 55, 55, 33",2026-06-13,"Sitelinks, Reviews, Video, AI overview",informational,Organic
web vitals score,27,27,50,43,0.00,https://wpvip.com/glossary/core-web-vitals/,0,0,0.00,0.04,134,"63, 18, 63, 27, 45, 18, 18, 18, 81, 18, 36, 100",2026-06-25,"Sitelinks, Reviews, Video, People also ask, Related searches, AI overview",informational,Organic
migrate site from sitecore to wordpress,33,33,50,0,0.00,https://wpvip.com/resource/sitecore-vs-wordpress-vip/,0,0,0.00,0,162,"33, 11, 55, 77, 77, 100, 100, 77, 44, 44, 33, 55",2026-07-07,"Sitelinks, Reviews, Video, Ads top, Discussions and forums, Ads middle, AI overview",informational,Organic
wp api json,13,13,70,29,0.00,https://docs.wpvip.com/wordpress-on-vip/wordpress-rest-api/,0,0,0.00,0.01,122,"50, 64, 50, 35, 50, 78, 50, 0, 50, 0, 50, 50",2026-06-11,"Sitelinks, Video, Video Carousel, People also ask, Related searches, AI overview",informational,Organic
what is seo and aeo,36,36,30,19,2.05,https://wpvip.com/blog/aeo-vs-seo-answer-engine-optimization/,0,0,0.00,0.23,181,"28, 28, 28, 42, 57, 57, 42, 42, 42, 28, 100, 28",2026-06-12,"Sitelinks, Video, People also ask, Related searches, AI overview",informational,Organic
aljezara,20,0,30,52,1.20,https://wpvip.com/case-studies/al-jazeera-headless-wordpress/,0,0,0.00,0.33,0,"0, 1, 0, 0, 0, 0, 0, 0, 0, 0, 44, 1",2026-07-22,"Top stories, Sitelinks, Reviews, Video, People also ask, Related searches",navigational,Organic
website governance,65,65,90,21,8.71,https://wpvip.com/blog/accessibility-governance-large-organizations/,0,0,0.00,0.03,115,"11, 11, 14, 11, 9, 7, 7, 5, 7, 7, 9, 14",2026-07-14,"Sitelinks, Reviews, Video, People also ask, Related searches, AI overview",informational,Organic
wp search and replace,3,3,110,22,4.57,https://docs.wpvip.com/vip-cli/wp-cli-with-vip-cli/search-replace/,0,0,0.00,0.02,129,"53, 80, 34, 34, 42, 42, 34, 26, 42, 42, 34, 42",2026-07-14,"Reviews, Video, Video Carousel, People also ask, Related searches, AI overview",informational,AI overview
advantages to open source software,1,1,110,43,0.00,https://wpvip.com/blog/how-open-source-software-benefits-businesses/,0,0,0.00,0.33,150,"100, 80, 26, 26, 26, 80, 42, 34, 19, 34, 26, 42",2026-06-01,"Sitelinks, Video, Video Carousel, People also ask, Related searches, AI overview",informational,AI overview
advantages to open source software,15,15,110,43,0.00,https://wpvip.com/blog/how-open-source-software-benefits-businesses/,0,0,0.00,0.33,150,"100, 80, 26, 26, 26, 80, 42, 34, 19, 34, 26, 42",2026-06-01,"Sitelinks, Video, Video Carousel, People also ask, Related searches, AI overview",informational,Organic
wordpress 6.7 release date news november 2025,64,64,110,13,0.00,https://customerhub.wpvip.com/platform-release-schedule/,0,0,0.00,0,109,"100, 0, 0, 0, 0, 0",2026-07-11,"Video, People also ask, Related searches, AI overview",informational,Organic
wordpress security update september 2025,27,27,140,15,0.00,https://customerhub.wpvip.com/platform-release-schedule/,0,0,0.00,0,111,"100, 0, 0, 0, 0, 0, 0",2026-06-15,"Reviews, Video, Video Carousel, People also ask, Related searches, AI overview",informational,Organic
wordpress multisite development,26,26,210,23,0.00,https://wpvip.com/glossary/wordpress-multisite/,0,0,0.00,0.05,105,"53, 42, 100, 100, 80, 53, 80, 80, 80, 80, 65, 80",2026-06-27,"Reviews, Video, Video Carousel, People also ask, Related searches, AI overview",informational,Organic
wordpress multisite development,68,68,210,23,0.00,https://docs.wpvip.com/wordpress-on-vip/multisites/,0,0,0.00,0.05,105,"53, 42, 100, 100, 80, 53, 80, 80, 80, 80, 65, 80",2026-06-27,"Reviews, Video, Video Carousel, People also ask, Related searches, AI overview",informational,Organic
headless enterprise,17,17,50,6,0.00,https://wpvip.com/blog/headless-cms-for-enterprise/,0,0,0.00,0.18,129,"45, 45, 36, 63, 81, 45, 100, 18, 27, 27, 18, 18",2026-06-22,"Sitelinks, Reviews, Video, Ads bottom, Video Carousel, People also ask, Related searches, Ads middle, AI overview",informational,Organic
is kff a reliable source,18,18,320,36,0.00,https://wpvip.com/case-studies/kff/,0,0,0.00,0.33,176,"36, 44, 29, 36, 15, 44, 100, 66, 44, 36, 54, 54",2026-06-19,"Sitelinks, Reviews, People also ask, Related searches, AI overview",informational,Organic
content marketing for business growth,1,1,140,30,0.00,https://wpvip.com/resource/content-marketing-strategy-guide/,0,0,0.00,0.01,155,"65, 65, 42, 80, 100, 42, 15, 19, 34, 34, 65, 26",2026-05-28,"Sitelinks, Video, Video Carousel, Related searches, AI overview",informational,AI overview
magento 2 robots.txt,47,47,70,6,0.00,https://docs.wpvip.com/security-controls/robots-txt/,0,0,0.00,0.03,106,"50, 50, 50, 0, 50, 35, 64, 50, 78, 64, 35, 14",2026-07-08,"Sitelinks, Video, Video Carousel, Discussions and forums",informational,Organic
example.com a record 93.184.216.34,70,70,40,8,0.00,https://docs.wpvip.com/domains/check-dns-record-time-to-live/,0,0,0.00,0,12600,"0, 0, 0, 0, 11, 5, 100, 64, 52",2026-07-16,"Reviews, Video, AI overview",informational,Organic
headless wordpress hosting with cdn,16,16,50,11,0.00,https://wpvip.com/headless-wordpress/,0,0,0.00,0,147,"22, 22, 100, 100, 44, 55, 100, 100, 77, 77, 22, 33",2026-07-02,"Sitelinks, Reviews, Video, Ads bottom, Related searches, AI overview",informational,Organic
xmlrpc,28,28,480,59,2.04,https://docs.wpvip.com/security-controls/wordpress/xml-rpc/,0,0,0.00,0.01,127,"32, 48, 39, 48, 39, 39, 48, 72, 59, 39, 72, 26",2026-06-18,"Reviews, People also ask, Related searches, AI overview",informational,Organic
http cache headers,18,18,90,48,0.00,https://docs.wpvip.com/caching/page-cache/customize-behavior/cache-control-headers/,0,0,0.00,0.33,117,"42, 42, 66, 52, 42, 42, 23, 23, 33, 33, 42, 33",2026-07-10,"Sitelinks, Video, Video Carousel, People also ask, Related searches",informational,Organic
drop down info plugin wordpress,7,7,590,10,0.00,https://docs.wpvip.com/wordpress-on-vip/drop-ins/,0,0,0.00,0,109,"100, 0, 0, 0",2026-05-29,"Sitelinks, Video, Video Carousel, People also ask, Related searches, Discussions and forums, AI overview",informational,People also ask
wordpress vulnerability today,53,53,880,40,0.00,https://wpvip.com/vulnerability-management/,0,0,0.00,0,14100000,"3, 13, 44, 44, 100, 16, 0, 0, 0",2026-06-27,"Video, Related searches, AI overview",informational,Organic
website analytics programs,13,13,260,40,13.11,https://wpvip.com/blog/web-analytics-software-tools/,0,0,0.00,0.09,126,"100, 54, 23, 18, 81, 28, 35, 28, 23, 18, 35, 23",2026-07-14,"Sitelinks, Video, Video Carousel, Related searches, AI overview",informational,Organic
check xml rpc,32,32,40,19,0.00,https://docs.wpvip.com/security-controls/wordpress/xml-rpc/,0,0,0.00,0.33,106,"78, 50, 14, 14, 100, 14, 64, 14, 14, 0, 14, 14",2026-07-06,"Sitelinks, Video, Related searches",informational,Organic
content funnel builders for b2b brands,13,13,40,9,0.00,https://wpvip.com/resource/content-marketing-funnel-guide/,0,0,0.00,0,150,"100, 57, 42, 0",2026-05-19,"Sitelinks, Video, Related searches, Discussions and forums, AI overview","commercial, informational",Organic
enterprise web content management system,1,1,260,41,0.00,https://wpvip.com/blog/10-best-enterprise-content-management-systems/,0,0,0.00,0.02,131,"18, 18, 54, 100, 43, 66, 66, 81, 14, 35, 54, 66",2026-06-26,"Sitelinks, Reviews, Video, Video Carousel, People also ask, Related searches, AI overview",informational,AI overview
digital experience platform dxp,45,45,110,44,23.10,https://wpvip.com/glossary/digital-experience-platform/,0,0,0.00,0.05,131,"52, 19, 52, 52, 52, 52, 66, 42, 33, 100, 33, 100",2026-06-03,"Sitelinks, Video, Ads bottom, Video Carousel, People also ask, Related searches, AI overview",informational,Organic
customized content,10,10,50,23,1.03,https://wpvip.com/blog/content-personalization/,0,0,0.00,0.05,129,"55, 55, 55, 55, 77, 77, 55, 100, 33, 55, 33, 22",2026-06-05,"Image pack, Sitelinks, Video, People also ask, Related searches, AI overview",informational,Organic
customized content,23,23,50,23,1.03,https://wpvip.com/glossary/what-is-content-personalization/,0,0,0.00,0.05,129,"55, 55, 55, 55, 77, 77, 55, 100, 33, 55, 33, 22",2026-06-05,"Image pack, Sitelinks, Video, People also ask, Related searches, AI overview",informational,Organic
what is the gutenberg editor in wordpress,1,1,30,23,0.92,https://wpvip.com/blog/reasons-love-wordpress-gutenberg-editor/,0,0,0.00,0.19,170,"18, 18, 18, 27, 27, 27, 18, 36, 36, 27, 27, 27",2026-06-24,"Sitelinks, Reviews, Video, Video Carousel, People also ask, Related searches, Discussions and forums, AI overview",informational,AI overview
what is the gutenberg editor in wordpress,5,5,30,23,0.92,https://wpvip.com/wordpress-gutenberg/,0,0,0.00,0.19,170,"18, 18, 18, 27, 27, 27, 18, 36, 36, 27, 27, 27",2026-06-24,"Sitelinks, Reviews, Video, Video Carousel, People also ask, Related searches, Discussions and forums, AI overview",informational,Organic
what is the gutenberg editor in wordpress,23,23,30,23,0.92,https://wpvip.com/glossary/wordpress-gutenberg-block-editor/,0,0,0.00,0.19,170,"18, 18, 18, 27, 27, 27, 18, 36, 36, 27, 27, 27",2026-06-24,"Sitelinks, Reviews, Video, Video Carousel, People also ask, Related searches, Discussions and forums, AI overview",informational,Organic
self hosted wordpress website,9,9,140,22,7.23,https://wpvip.com/blog/self-hosted-wordpress/,0,0,0.00,0.38,125,"35, 35, 18, 23, 44, 44, 11, 11, 11, 15, 15, 15",2026-06-26,"Sitelinks, Video, Video Carousel, People also ask, Related searches, AI overview",informational,Organic
dxp platform,40,40,390,36,22.14,https://wpvip.com/glossary/digital-experience-platform/,0,0,0.00,0.14,168,"81, 100, 28, 100, 100, 100, 44, 35, 54, 54, 54, 66",2026-06-08,"Sitelinks, Video, People also ask, Related searches, Ads middle, AI overview",informational,Organic
vary header http,22,22,50,34,0.00,https://docs.wpvip.com/caching/page-cache/customize-behavior/vary-http-response-header/,0,0,0.00,0.33,107,"55, 100, 55, 55, 77, 55, 55, 44, 55, 55, 22, 22",2026-07-17,"Sitelinks, Video, Related searches, AI overview",informational,Organic
enterprise cms platforms with strong developer flexibility,40,40,40,11,0.00,https://wpvip.com/blog/10-best-enterprise-content-management-systems/,0,0,0.00,0,180,"40, 100, 60",2026-07-17,"Sitelinks, Reviews, Video, People also ask, Related searches, Discussions and forums",commercial,Organic
enterprise cms platforms with strong developer flexibility,96,96,40,11,0.00,https://wpvip.com/blog/headless-cms-for-enterprise/,0,0,0.00,0,180,"40, 100, 60",2026-07-17,"Sitelinks, Reviews, Video, People also ask, Related searches, Discussions and forums",commercial,Organic
wordpress 7.0 release date,24,24,110,14,17.30,https://customerhub.wpvip.com/lobby/2026/04/06/wordpress-7-0-release-postponed/,0,0,0.00,0.02,94,"2, 0, 2, 2, 2, 2, 2, 2, 2, 19, 66, 100",2026-07-05,"Sitelinks, Video, People also ask, Related searches, AI overview",informational,Organic
website analytics services,18,18,260,100,12.20,https://wpvip.com/blog/web-analytics-software-tools/,0,0,0.00,0.02,131,"36, 54, 36, 9, 12, 44, 100, 81, 5, 9, 29, 36",2026-06-05,"Sitelinks, Video, People also ask, Related searches, Discussions and forums, AI overview",informational,Organic
composability definition,41,41,70,20,0.00,https://customerhub.wpvip.com/lobby/2024/06/07/what-is-composability-why-it-matters/,0,0,0.00,0.33,115,"34, 26, 53, 26, 53, 34, 7, 19, 11, 26, 19, 26",2026-06-17,"Sitelinks, Reviews, Video, Video Carousel, People also ask, Related searches, AI overview",informational,Organic
content intelligence software,14,14,50,7,0.00,https://wpvip.com/blog/content-intelligence-enterprise-cms-guide/,0,0,0.00,0.33,137,"45, 18, 100, 100, 81, 18, 18, 9, 36, 18, 27, 27",2026-06-30,"Sitelinks, Reviews, Video, Related searches, AI overview",informational,Organic
cache-control header,29,29,480,34,0.00,https://docs.wpvip.com/caching/page-cache/customize-behavior/cache-control-headers/,0,0,0.00,0.33,113,"25, 20, 20, 100, 16, 16, 16, 13, 11, 13, 25, 13",2026-05-29,"Sitelinks, Video, Video Carousel, People also ask, Related searches, AI overview",informational,Organic
cache-control header,31,31,480,34,0.00,https://docs.wpvip.com/caching/page-cache/customize-behavior/cache-control-headers/,0,0,0.00,0.33,113,"25, 20, 20, 100, 16, 16, 16, 13, 11, 13, 25, 13",2026-05-29,"Sitelinks, Video, Video Carousel, People also ask, Related searches, AI overview",informational,Organic
wp_schedule_event,37,37,50,14,0.00,https://docs.wpvip.com/wordpress-on-vip/cron-control/,0,0,0.00,0.01,110,"42, 34, 26, 34, 19, 19, 15, 7, 19, 15, 15, 15",2026-07-05,"Sitelinks, Video, Related searches, AI overview",informational,Organic
how to use cdn in wordpress,18,18,40,22,0.00,https://wpvip.com/blog/wordpress-cdn/,0,0,0.00,0.33,158,"35, 14, 21, 100, 100, 14, 14, 14, 14, 14, 14, 14",2026-06-22,"Sitelinks, Reviews, Video, Video Carousel, People also ask, AI overview",informational,Organic
best site analytics,7,7,50,32,16.95,https://wpvip.com/blog/web-analytics-software-tools/,0,0,0.00,0.09,134,"100, 50, 50, 21, 21, 78, 50, 50, 28, 14, 28, 7",2026-06-16,"Sitelinks, Video, Ads top, Related searches, Discussions and forums, Ads middle, AI overview",commercial,Organic
pim product information management,58,58,480,40,18.04,https://wpvip.com/blog/pim-benefits-and-use-cases/,0,0,0.00,0.41,130,"55, 55, 36, 30, 30, 36, 45, 55, 45, 36, 30, 30",2026-07-11,"Sitelinks, Reviews, Video, Ads top, People also ask, Related searches, AI overview","commercial, informational",Organic
sophio,46,46,90,23,0.00,https://wpvip.com/partner/sophi/,0,0,0.00,0.02,103,"52, 52, 64, 64, 52, 64, 52, 64, 52, 52, 41, 41",2026-06-15,"Knowledge panel, Image pack, Sitelinks, Reviews, Video, Related searches",navigational,Organic
web analytic software,8,8,50,33,9.29,https://wpvip.com/blog/web-analytics-software-tools/,0,0,0.00,0.1,128,"23, 23, 100, 100, 29, 17, 23, 41, 17, 11, 11, 0",2026-05-24,"Sitelinks, Video, Video Carousel, People also ask, Related searches, AI overview",informational,Organic
headless wordpress hosting,1,1,260,35,17.33,https://wpvip.com/headless-wordpress/,0,0,0.00,0.09,145,"53, 53, 43, 100, 100, 82, 28, 82, 66, 66, 53, 100",2026-06-01,"Sitelinks, Video, Ads top, Related searches, Discussions and forums, Ads middle, AI overview",informational,AI overview
headless wordpress hosting,77,77,260,35,17.33,https://wpvip.com/resource/headless-cms-guide/,0,0,0.00,0.09,145,"53, 53, 43, 100, 100, 82, 28, 82, 66, 66, 53, 100",2026-06-01,"Sitelinks, Video, Ads top, Related searches, Discussions and forums, Ads middle, AI overview",informational,Organic
wordpress vs headless cms,10,10,70,19,0.00,https://wpvip.com/blog/headless-wordpress-tradeoffs/,0,0,0.00,0.33,130,"17, 23, 41, 41, 41, 41, 41, 41, 52, 41, 29, 100",2026-07-13,"Sitelinks, Reviews, Video, Video Carousel, People also ask, Related searches, AI overview",commercial,Organic
wordpress vs headless cms,19,19,70,19,0.00,https://wpvip.com/blog/headless-wordpress-tradeoffs/,0,0,0.00,0.33,130,"17, 23, 41, 41, 41, 41, 41, 41, 52, 41, 29, 100",2026-07-13,"Sitelinks, Reviews, Video, Video Carousel, People also ask, Related searches, AI overview",commercial,Organic
wordpress vs headless cms,52,52,70,19,0.00,https://wpvip.com/blog/headless-vs-hybrid-wordpress/,0,0,0.00,0.33,130,"17, 23, 41, 41, 41, 41, 41, 41, 52, 41, 29, 100",2026-07-13,"Sitelinks, Reviews, Video, Video Carousel, People also ask, Related searches, AI overview",commercial,Organic
how many words for a blog post,20,20,40,35,0.00,https://wpvip.com/blog/ideal-word-count/,0,0,0.00,0.2,151,"22, 22, 44, 100, 77, 55, 77, 22, 22, 22, 22, 22",2026-06-30,"Sitelinks, Video, People also ask, Related searches, AI overview",informational,Organic
pim product information management system,48,48,50,35,16.78,https://wpvip.com/blog/pim-benefits-and-use-cases/,0,0,0.00,0.04,135,"50, 78, 100, 50, 50, 14, 14, 14, 28, 35, 35, 35",2026-06-17,"Sitelinks, Reviews, Video, Ads bottom, Video Carousel, People also ask, Related searches, Ads middle, AI overview",informational,Organic
onesignal create notification api fields ttl silent_push big_picture deep_link,50,50,170,17,0.00,https://wpvip.com/blog/six-questions-with-onesignal-on-using-push-notifications-to-keep-customers-engaged/,0,0,0.00,0,308,100,2026-07-11,"Video, Related searches, AI overview","informational, navigational",Organic
inurl:wpjson,18,18,70,16,0.00,https://docs.wpvip.com/wordpress-on-vip/wordpress-rest-api/,0,0,0.00,0.33,123,"0, 0, 0, 0, 0, 0, 80, 53, 100, 0, 53, 53",2026-06-24,"Sitelinks, Video, AI overview",informational,Organic
what is intelligent content management,40,40,110,20,0.00,https://wpvip.com/blog/content-intelligence-enterprise-cms-guide/,0,0,0.00,0,173,"19, 42, 100, 34",2026-07-09,"Sitelinks, Reviews, Video, Video Carousel, People also ask, Related searches, AI overview",informational,Organic
webdev studios,13,13,40,44,7.24,https://wpvip.com/partner/webdevstudios/,0,0,0.00,0.19,0,"22, 22, 22, 22, 22, 22, 22, 22, 77, 55, 100, 77",2026-07-19,"Sitelinks, Reviews, Video, People also ask, Related searches",navigational,Organic
iis set cache control header,42,42,50,7,0.00,https://docs.wpvip.com/caching/page-cache/customize-behavior/cache-control-headers/,0,0,0.00,0.33,107,"100, 14, 14, 78, 28, 14, 100, 14, 0, 14, 14, 14",2026-06-24,"Sitelinks, Video, People also ask, Related searches, AI overview",informational,Organic
content security policy block all mixed content,66,66,40,23,0.00,https://wpvip.com/blog/content-security-policy-guide/,0,0,0.00,0.03,149,"64, 100, 11, 11, 0, 11, 23, 11, 0, 11, 11, 11",2026-06-23,"Sitelinks, Video, People also ask, Related searches, AI overview",informational,Organic
curl print response headers,10,10,50,9,0.00,https://docs.wpvip.com/caching/page-cache/http-headers/retrieve-headers/,0,0,0.00,0.33,111,"41, 41, 41, 41, 52, 41, 52, 29, 11, 11, 11, 11",2026-07-06,"Sitelinks, Video, Related searches, AI overview",informational,Organic
software web analytics,19,19,260,54,13.11,https://wpvip.com/blog/web-analytics-software-tools/,0,0,0.00,0.03,131,"23, 100, 54, 23, 18, 81, 28, 35, 28, 23, 18, 35",2026-06-16,"Sitelinks, Video, People also ask, Related searches, AI overview",informational,Organic
software web analytics,20,20,260,54,13.11,https://wpvip.com/blog/web-analytics-software-tools/,0,0,0.00,0.03,131,"23, 100, 54, 23, 18, 81, 28, 35, 28, 23, 18, 35",2026-06-16,"Sitelinks, Video, People also ask, Related searches, AI overview",informational,Organic
wordpress 6.7 release candidate october 2025,37,37,480,12,0.00,https://customerhub.wpvip.com/platform-release-schedule/,0,0,0.00,0,19600,"100, 0, 0, 0, 0, 0, 0",2026-07-11,"Video, Video Carousel, People also ask, Related searches, AI overview",informational,Organic
wordpress personalized content,1,1,50,16,0.00,https://wpvip.com/glossary/what-is-content-personalization/,0,0,0.00,0.33,110,"18, 27, 18, 63, 45, 63, 81, 100, 45, 36, 63, 63",2026-06-12,"Reviews, Video, Video Carousel, People also ask, Related searches, Discussions and forums, AI overview",informational,AI overview
wordpress personalized content,9,9,50,16,0.00,https://wpvip.com/resource/how-to-achieve-personalization-with-enterprise-wordpress/,0,0,0.00,0.33,110,"18, 27, 18, 63, 45, 63, 81, 100, 45, 36, 63, 63",2026-06-12,"Reviews, Video, Video Carousel, People also ask, Related searches, Discussions and forums, AI overview",informational,Organic
wordpress personalized content,27,27,50,16,0.00,https://wpvip.com/blog/dynamic-content-personalization/,0,0,0.00,0.33,110,"18, 27, 18, 63, 45, 63, 81, 100, 45, 36, 63, 63",2026-06-12,"Reviews, Video, Video Carousel, People also ask, Related searches, Discussions and forums, AI overview",informational,Organic
wordpress personalized content,28,28,50,16,0.00,https://wpvip.com/blog/dynamic-content-personalization/,0,0,0.00,0.33,110,"18, 27, 18, 63, 45, 63, 81, 100, 45, 36, 63, 63",2026-06-12,"Reviews, Video, Video Carousel, People also ask, Related searches, Discussions and forums, AI overview",informational,Organic
wordpress personalized content,45,45,50,16,0.00,https://wpvip.com/glossary/what-is-content-personalization/,0,0,0.00,0.33,110,"18, 27, 18, 63, 45, 63, 81, 100, 45, 36, 63, 63",2026-06-12,"Reviews, Video, Video Carousel, People also ask, Related searches, Discussions and forums, AI overview",informational,Organic
implement subdirectory structure website architecture,79,79,480,16,0.00,https://docs.wpvip.com/wordpress-on-vip/multisites/subdomains-subdirectories/,0,0,0.00,0,180,"5, 100, 100, 7, 0",2026-06-25,"Sitelinks, Reviews, Video, Video Carousel, People also ask, Related searches, Questions and answers, AI overview",informational,Organic
access mcp,34,34,30,33,4.89,https://wpvip.com/blog/wordpress-mcp/,0,0,0.00,0.07,137,"11, 23, 11, 11, 11, 0, 11, 11, 11, 64, 11, 0",2026-07-21,"Reviews, Video, Video Carousel, People also ask, Related searches, AI overview",informational,Organic
wordpress 6.7,17,17,40,26,0.00,https://wpvip.com/blog/wordpress-6-7/,0,0,0.00,0.07,104,"3, 2, 2, 2, 1, 2, 2, 3, 3, 2, 3, 5",2026-06-02,"Video, People also ask","informational, transactional",Organic
content tagging,11,11,170,14,0.00,https://wpvip.com/blog/5-tagging-best-practices-content-strategy/,0,0,0.00,0.33,132,"28, 34, 34, 81, 100, 53, 53, 0, 53, 81, 100, 65",2026-06-11,"Sitelinks, Reviews, Video, People also ask, Related searches, AI overview",informational,Organic
content tags,8,8,50,15,0.00,https://wpvip.com/blog/5-tagging-best-practices-content-strategy/,0,0,0.00,0.33,134,"23, 11, 17, 41, 41, 29, 41, 5, 23, 100, 29, 52",2026-06-20,"Sitelinks, Reviews, Video, People also ask, Related searches, AI overview",informational,Organic
does nasa use drupal,30,30,90,22,0.00,https://wpvip.com/case-studies/nasa-web-modernization-wordpress/,0,0,0.00,0,105,"0, 100, 5, 0",2026-06-10,"Sitelinks, Video, People also ask, AI overview",informational,Organic
does nasa use drupal,66,66,90,22,0.00,https://wpvip.com/blog/wordpress-vip-nasa/,0,0,0.00,0,105,"0, 100, 5, 0",2026-06-10,"Sitelinks, Video, People also ask, AI overview",informational,Organic
best content management platform for financial services,37,37,50,14,0.00,https://wpvip.com/blog/10-best-enterprise-content-management-systems/?itm_source=parsely-api,0,0,0.00,0,211,"100, 100, 11",2026-06-22,"Sitelinks, Reviews, Video, Ads bottom, People also ask, Related searches, AI overview",commercial,Organic
best content management platform for financial services,43,43,50,14,0.00,https://wpvip.com/blog/10-best-enterprise-content-management-systems/?itm_source=parsely-api,0,0,0.00,0,211,"100, 100, 11",2026-06-22,"Sitelinks, Reviews, Video, Ads bottom, People also ask, Related searches, AI overview",commercial,Organic
when dealing with performance evaluations pim has what meaning,44,44,70,7,0.00,https://wpvip.com/blog/pim-benefits-and-use-cases/,0,0,0.00,0.33,183,"19, 26, 26, 19, 26, 26, 80, 26, 26, 15, 15, 7",2026-07-20,"Reviews, People also ask, Related searches, AI overview",informational,Organic
sitecore web,1,1,50,20,10.57,https://wpvip.com/resource/sitecore-vs-wordpress-vip/,0,0,0.00,0.3,118,"18, 18, 63, 81, 100, 63, 36, 18, 18, 18, 18, 27",2026-06-27,"Sitelinks, Video, Video Carousel, People also ask, Related searches, AI overview","informational, navigational",People also ask
wcag news 2026,71,71,70,19,0.00,https://wpvip.com/blog/ada-website-accessibility-deadline-2026/,0,0,0.00,0,106,"100, 9, 0",2026-06-09,"Video, Related searches",informational,Organic
wpvo,12,12,40,42,0.27,https://docs.wpvip.com/vip-cli/commands/dev-env/,0,0,0.00,0.33,158,"8, 1, 5, 0, 0, 0, 0, 0, 0, 0, 0, 0",2026-05-31,"Top stories, Video, People also ask, Related searches",navigational,Organic
wordpress gutenburg,2,2,50,32,1.63,https://wpvip.com/glossary/wordpress-gutenberg-block-editor/,0,0,0.00,0.25,109,"66, 0, 7, 43, 2, 0, 23, 0, 28, 0, 0, 0",2026-07-04,"Sitelinks, Reviews, Video, Video Carousel, People also ask, Related searches, AI overview",navigational,AI overview
wordpress gutenburg,4,4,50,32,1.63,https://wpvip.com/wordpress-gutenberg/,0,0,0.00,0.25,109,"66, 0, 7, 43, 2, 0, 23, 0, 28, 0, 0, 0",2026-07-04,"Sitelinks, Reviews, Video, Video Carousel, People also ask, Related searches, AI overview",navigational,Organic
wordpress gutenburg,24,24,50,32,1.63,https://wpvip.com/glossary/wordpress-gutenberg-block-editor/,0,0,0.00,0.25,109,"66, 0, 7, 43, 2, 0, 23, 0, 28, 0, 0, 0",2026-07-04,"Sitelinks, Reviews, Video, Video Carousel, People also ask, Related searches, AI overview",navigational,Organic
elasticsearch woocommerce,15,15,40,15,0.00,https://docs.wpvip.com/wordpress-on-vip/search-options/elasticsearch/,0,0,0.00,0.24,107,"33, 22, 55, 22, 22, 44, 33, 55, 100, 33, 55, 55",2026-07-16,"Reviews, Video, Video Carousel, Related searches, AI overview",informational,Organic
export wordpress db,10,10,50,24,0.00,https://docs.wpvip.com/databases/export-a-file-for-migration/,0,0,0.00,0.01,108,"55, 77, 77, 44, 55, 77, 55, 55, 44, 22, 22, 22",2026-06-06,"Sitelinks, Video, Video Carousel, People also ask, Related searches, Discussions and forums, AI overview",informational,Organic
geographically redundant,25,25,50,19,0.00,https://docs.wpvip.com/infrastructure/disaster-recovery/geographical-redundancy/,0,0,0.00,0.33,122,"22, 22, 77, 44, 55, 77, 100, 77, 55, 55, 22, 22",2026-06-10,"Video, Video Carousel, People also ask, Related searches, AI overview",informational,Organic
wordpress editorial workflow,31,31,50,11,0.00,https://wpvip.com/blog/wordpress-workflow-automation/,0,0,0.00,0.21,105,"22, 22, 77, 55, 77, 77, 77, 77, 77, 55, 77, 100",2026-07-09,"Sitelinks, Reviews, Video, Video Carousel, Related searches, Discussions and forums, AI overview",informational,Organic
wordpress enterprise hosting,1,1,140,61,55.11,https://wpvip.com/,0,0,0.00,0.14,125,"19, 15, 9, 23, 19, 12, 12, 12, 36, 19, 29, 29",2026-07-18,"Sitelinks, Reviews, Video Carousel, People also ask, Related searches, AI overview",informational,AI overview
wordpress enterprise hosting,27,27,140,61,55.11,https://wpvip.com/capabilities/performance/,0,0,0.00,0.14,125,"19, 15, 9, 23, 19, 12, 12, 12, 36, 19, 29, 29",2026-07-18,"Sitelinks, Reviews, Video Carousel, People also ask, Related searches, AI overview",informational,Organic
wordpress enterprise hosting,58,58,140,61,55.11,https://wpvip.com/capabilities/enterprise-wordpress-hosting/,0,0,0.00,0.14,125,"19, 15, 9, 23, 19, 12, 12, 12, 36, 19, 29, 29",2026-07-18,"Sitelinks, Reviews, Video Carousel, People also ask, Related searches, AI overview",informational,Organic
wordpress enterprise hosting,76,76,140,61,55.11,https://wpvip.com/blog/best-wordpress-hosting/,0,0,0.00,0.14,125,"19, 15, 9, 23, 19, 12, 12, 12, 36, 19, 29, 29",2026-07-18,"Sitelinks, Reviews, Video Carousel, People also ask, Related searches, AI overview",informational,Organic
what version of wordpress do i have,57,57,70,24,0.00,https://docs.wpvip.com/wordpress-on-vip/wordpress-upgrades/,0,0,0.00,0.33,151,"5, 2, 7, 10, 4, 4, 7, 4, 5, 12, 15, 10",2026-07-03,"Sitelinks, Reviews, Video, Video Carousel, People also ask, Related searches, Discussions and forums, AI overview",informational,Organic
what is persistent object cache in wordpress,6,6,50,11,0.00,https://docs.wpvip.com/caching/object-cache/,0,0,0.00,0,123,"100, 100, 0, 0",2026-06-04,"Sitelinks, Video, Video Carousel, People also ask, Related searches, AI overview",informational,Organic
does wiplus.com.co have a blog,47,47,170,25,0.00,https://wpvip.com/blog/,0,0,0.00,0,3360000,"19, 100",2026-06-11,"Reviews, Video, People also ask, AI overview",informational,Organic
does wiplus.com.co have a blog,54,54,170,25,0.00,https://wpvip.com/blog/,0,0,0.00,0,3360000,"19, 100",2026-06-11,"Reviews, Video, People also ask, AI overview",informational,Organic
what does migrating a website mean,1,1,260,21,0.00,https://wpvip.com/glossary/website-migration/,0,0,0.00,0.02,167,"66, 18, 23, 44, 54, 18, 28, 100, 28, 54, 66, 66",2026-06-02,"Sitelinks, Video, People also ask, Related searches, AI overview",informational,AI overview
what does migrating a website mean,16,16,260,21,0.00,https://wpvip.com/glossary/website-migration/,0,0,0.00,0.02,167,"66, 18, 23, 44, 54, 18, 28, 100, 28, 54, 66, 66",2026-06-02,"Sitelinks, Video, People also ask, Related searches, AI overview",informational,Organic
major components,9,9,90,29,0.00,https://learn.wpvip.com/lesson/what-are-the-major-components-involved/,0,0,0.00,0.33,106,"21, 15, 15, 28, 43, 43, 28, 21, 28, 28, 21, 28",2026-06-28,"Image pack, Reviews, Video, People also ask, Related searches, AI overview",informational,Organic
woocommerce caching,24,24,40,15,0.00,https://docs.wpvip.com/plugins/woocommerce/caching-for-woocommerce/,0,0,0.00,0.33,100,"14, 14, 64, 50, 28, 28, 28, 28, 35, 28, 35, 14",2026-06-26,"Sitelinks, Reviews, Video, Related searches, Discussions and forums, AI overview",informational,Organic
wpweb,52,52,1600,15,5.79,https://wpvip.com/,0,0,0.00,0.01,139,"16, 5, 44, 10, 10, 10, 29, 100, 100, 3, 7, 5",2026-07-14,"Reviews, Video, Related searches",commercial,Organic
cache control headers,27,27,90,44,0.00,https://docs.wpvip.com/caching/page-cache/customize-behavior/cache-control-headers/,0,0,0.00,0.01,121,"12, 10, 7, 15, 12, 12, 15, 7, 7, 2, 7, 2",2026-06-03,"Sitelinks, Video, People also ask, Related searches, AI overview",informational,Organic
wp_nonce_field documentation,34,34,40,12,0.00,https://docs.wpvip.com/security/validating-sanitizing-and-escaping/,0,0,0.00,0,109,"33, 100, 55, 11, 100, 0, 0",2026-06-06,"Sitelinks, Video, People also ask, Related searches, AI overview",informational,Organic
open source software advantages,38,38,110,26,0.00,https://wpvip.com/blog/how-open-source-software-benefits-businesses/,0,0,0.00,0.33,127,"80, 42, 42, 42, 80, 52, 33, 66, 52, 42, 33, 33",2026-07-21,"Sitelinks, Reviews, Video, Video Carousel, People also ask, Related searches, Discussions and forums, AI overview",informational,Organic
storage caching,1,1,90,39,2.17,https://wpvip.com/blog/caching/,0,0,0.00,0.09,131,"0, 0, 66, 100, 80, 14, 23, 52, 66, 52, 52, 66",2026-06-30,"Sitelinks, Video, People also ask, Related searches, Things to know, AI overview",informational,Things to know
wordpress two factor authentication,7,7,320,48,2.89,https://docs.wpvip.com/security-controls/wordpress/enforce-2fa/,0,0,0.00,0.09,100,"54, 81, 54, 66, 44, 66, 44, 44, 28, 44, 28, 44",2026-06-24,"Sitelinks, Reviews, Video, Video Carousel, People also ask, AI overview",informational,Organic
hsts user roles,25,25,40,22,0.00,https://docs.wpvip.com/tls/enable-hsts/,0,0,0.00,0,2150000,"100, 0, 0",2026-06-18,"Video, People also ask, Related searches, AI overview",informational,Organic
hsts user roles,31,31,40,22,0.00,https://docs.wpvip.com/tls/enable-hsts/,0,0,0.00,0,2150000,"100, 0, 0",2026-06-18,"Video, People also ask, Related searches, AI overview",informational,Organic
when did wordpress come out,46,46,70,48,0.00,https://customerhub.wpvip.com/platform-release-schedule/,0,0,0.00,0.33,176,"43, 23, 12, 17, 28, 17, 17, 5, 5, 5, 5, 5",2026-06-05,"Sitelinks, Video, People also ask, Related searches, AI overview",informational,Organic
when did wordpress come out,52,52,70,48,0.00,https://customerhub.wpvip.com/platform-release-schedule/,0,0,0.00,0.33,176,"43, 23, 12, 17, 28, 17, 17, 5, 5, 5, 5, 5",2026-06-05,"Sitelinks, Video, People also ask, Related searches, AI overview",informational,Organic
full page cache,10,10,140,21,0.00,https://docs.wpvip.com/caching/page-cache/,0,0,0.00,0.33,131,"13, 3, 0, 0, 0, 0, 0, 0, 0, 0, 0, 0",2026-06-21,"Sitelinks, Reviews, Video, Video Carousel, People also ask, Related searches, AI overview",informational,Organic
scalable+wordpress+hosting,16,16,70,19,0.00,https://wpvip.com/blog/wordpress-scalability/,0,0,0.00,0.03,152,"100, 4, 18, 4, 14, 4, 4, 4, 4, 4, 4, 6",2026-06-26,"Sitelinks, Video, Ads bottom, Related searches, Discussions and forums, Ads middle, AI overview",informational,Organic
wordpress api key,53,53,90,21,8.58,https://docs.wpvip.com/wordpress-on-vip/wordpress-rest-api/,0,0,0.00,0.05,103,"53, 35, 5, 12, 10, 43, 10, 28, 5, 7, 28, 17",2026-06-01,"Sitelinks, Video, Ads bottom, Video Carousel, People also ask, Related searches, AI overview",informational,Organic
wordpress api key,59,59,90,21,8.58,https://docs.wpvip.com/wordpress-on-vip/wordpress-rest-api/,0,0,0.00,0.05,103,"53, 35, 5, 12, 10, 43, 10, 28, 5, 7, 28, 17",2026-06-01,"Sitelinks, Video, Ads bottom, Video Carousel, People also ask, Related searches, AI overview",informational,Organic
is fid still a core web vital 2025,33,0,50,26,0.00,https://wpvip.com/glossary/core-web-vitals/,0,0,0.00,0,157,"7, 100, 78, 50, 50, 35, 0, 7",2026-07-22,"Sitelinks, Reviews, Video, Featured snippet, People also ask, Related searches",informational,Organic
marketing content types,23,23,40,38,5.14,https://wpvip.com/blog/8-types-of-content-marketing/,0,0,0.00,0.04,134,"36, 9, 9, 27, 100, 45, 27, 100, 45, 27, 18, 18",2026-06-04,"Sitelinks, Video, Video Carousel, People also ask, Related searches, AI overview",informational,Organic
top digital media services with subscription flexibility,64,64,70,7,0.00,https://wpvip.com/blog/subscription-models-media-growth/,0,0,0.00,0.86,202,"15, 0, 3, 5, 1, 3, 100, 6, 6, 5, 8, 1",2026-05-30,"Video, People also ask, Ads middle, AI overview",informational,Organic
wordpress single login,7,7,110,12,13.56,https://docs.wpvip.com/security-controls/wordpress/sso/,0,0,0.00,0.12,111,"33, 66, 66, 66, 33, 52, 52, 100, 33, 33, 33, 52",2026-06-18,"Reviews, Video, Ads top, Video Carousel, People also ask, Related searches, Ads middle, AI overview","navigational, transactional",People also ask
how to access admin in wordpress,14,14,110,40,0.28,https://docs.wpvip.com/manage-user-access/wordpress/,0,0,0.00,0.11,149,"100, 100, 64, 50, 78, 100, 64, 64, 78, 78, 100, 78",2026-07-16,"Sitelinks, Video, Video Carousel, People also ask, Related searches, AI overview",informational,Organic
tools that support simultaneous editing and version control for posts,11,11,40,27,0.00,https://wpvip.com/blog/collaborative-editing-wordpress-vip/,0,0,0.00,0,195,"9, 0, 18, 9, 63, 100, 45, 27, 27, 18, 27",2026-06-12,"Sitelinks, Reviews, Video, Ads bottom, Video Carousel, People also ask, Related searches, AI overview",informational,Organic
environment variables node js,22,22,90,36,0.00,https://docs.wpvip.com/node-js/environment-variables/,0,0,0.00,0.33,105,"3, 34, 28, 34, 28, 28, 34, 28, 28, 28, 28, 34",2026-05-30,"Sitelinks, Video, Video Carousel, Related searches, Discussions and forums, AI overview",informational,Organic
wordpress vip self-hosted servers on-premises,17,17,210,24,0.00,https://wpvip.com/glossary/managed-wordpress-hosting/,0,0,0.00,0,4310000,"3, 100, 100, 8, 0, 0",2026-07-10,"Sitelinks, Reviews, Video, Video Carousel, Related searches, AI overview",informational,Organic
wordpress vip self-hosted servers on-premises,23,23,210,24,0.00,https://wpvip.com/blog/wordpress-vip-developers/,0,0,0.00,0,4310000,"3, 100, 100, 8, 0, 0",2026-07-10,"Sitelinks, Reviews, Video, Video Carousel, Related searches, AI overview",informational,Organic
wordpress vip self-hosted servers on-premises,36,36,210,24,0.00,https://wpvip.com/blog/custom-deployments/,0,0,0.00,0,4310000,"3, 100, 100, 8, 0, 0",2026-07-10,"Sitelinks, Reviews, Video, Video Carousel, Related searches, AI overview",informational,Organic
wordpress vip self-hosted servers on-premises,41,41,210,24,0.00,https://wpvip.com/blog/best-practices-for-building-an-enterprise-wordpress-website/,0,0,0.00,0,4310000,"3, 100, 100, 8, 0, 0",2026-07-10,"Sitelinks, Reviews, Video, Video Carousel, Related searches, AI overview",informational,Organic
wordpress vip self-hosted servers on-premises,54,54,210,24,0.00,https://wpvip.com/resource/wp-engine-vs-wordpress-vip/,0,0,0.00,0,4310000,"3, 100, 100, 8, 0, 0",2026-07-10,"Sitelinks, Reviews, Video, Video Carousel, Related searches, AI overview",informational,Organic
wordpress vip self-hosted servers on-premises,60,60,210,24,0.00,https://docs.wpvip.com/guidebooks/develop-on-wpvip/wpvip-infrastructure/,0,0,0.00,0,4310000,"3, 100, 100, 8, 0, 0",2026-07-10,"Sitelinks, Reviews, Video, Video Carousel, Related searches, AI overview",informational,Organic
wordpress vip self-hosted servers on-premises,67,67,210,24,0.00,https://docs.wpvip.com/infrastructure/origin-servers/,0,0,0.00,0,4310000,"3, 100, 100, 8, 0, 0",2026-07-10,"Sitelinks, Reviews, Video, Video Carousel, Related searches, AI overview",informational,Organic
wordpress vip self-hosted servers on-premises,71,71,210,24,0.00,https://wpvip.com/capabilities/enterprise-wordpress-hosting/,0,0,0.00,0,4310000,"3, 100, 100, 8, 0, 0",2026-07-10,"Sitelinks, Reviews, Video, Video Carousel, Related searches, AI overview",informational,Organic
wordpress vip self-hosted servers on-premises,78,78,210,24,0.00,https://docs.wpvip.com/infrastructure/origin-servers/,0,0,0.00,0,4310000,"3, 100, 100, 8, 0, 0",2026-07-10,"Sitelinks, Reviews, Video, Video Carousel, Related searches, AI overview",informational,Organic
wordpress vip self-hosted servers on-premises,80,80,210,24,0.00,https://wpvip.com/wordpress-vip-faq/,0,0,0.00,0,4310000,"3, 100, 100, 8, 0, 0",2026-07-10,"Sitelinks, Reviews, Video, Video Carousel, Related searches, AI overview",informational,Organic
wordpress vip self-hosted servers on-premises,82,82,210,24,0.00,https://wpvip.com/blog/best-wordpress-hosting/,0,0,0.00,0,4310000,"3, 100, 100, 8, 0, 0",2026-07-10,"Sitelinks, Reviews, Video, Video Carousel, Related searches, AI overview",informational,Organic
wordpress vip self-hosted servers on-premises,83,83,210,24,0.00,https://wpvip.com/pricing/,0,0,0.00,0,4310000,"3, 100, 100, 8, 0, 0",2026-07-10,"Sitelinks, Reviews, Video, Video Carousel, Related searches, AI overview",informational,Organic
wordpress vip self-hosted servers on-premises,85,85,210,24,0.00,https://wpvip.com/wordpress-vip-for-enterprise/,0,0,0.00,0,4310000,"3, 100, 100, 8, 0, 0",2026-07-10,"Sitelinks, Reviews, Video, Video Carousel, Related searches, AI overview",informational,Organic
wordpress vip self-hosted servers on-premises,86,86,210,24,0.00,https://wpvip.com/infrastructure/,0,0,0.00,0,4310000,"3, 100, 100, 8, 0, 0",2026-07-10,"Sitelinks, Reviews, Video, Video Carousel, Related searches, AI overview",informational,Organic
wordpress vip self-hosted servers on-premises,88,88,210,24,0.00,https://wpvip.com/blog/secure-wordpress-hosting/,0,0,0.00,0,4310000,"3, 100, 100, 8, 0, 0",2026-07-10,"Sitelinks, Reviews, Video, Video Carousel, Related searches, AI overview",informational,Organic
wordpress vip self-hosted servers on-premises,90,90,210,24,0.00,https://wpvip.com/blog/best-wordpress-hosting/,0,0,0.00,0,4310000,"3, 100, 100, 8, 0, 0",2026-07-10,"Sitelinks, Reviews, Video, Video Carousel, Related searches, AI overview",informational,Organic
wordpress vip self-hosted servers on-premises,91,91,210,24,0.00,https://wpvip.com/blog/wordpress-cdn/,0,0,0.00,0,4310000,"3, 100, 100, 8, 0, 0",2026-07-10,"Sitelinks, Reviews, Video, Video Carousel, Related searches, AI overview",informational,Organic
wordpress vip self-hosted servers on-premises,94,94,210,24,0.00,https://docs.wpvip.com/infrastructure/edge-servers/,0,0,0.00,0,4310000,"3, 100, 100, 8, 0, 0",2026-07-10,"Sitelinks, Reviews, Video, Video Carousel, Related searches, AI overview",informational,Organic
wordpress vip self-hosted servers on-premises,96,96,210,24,0.00,https://wpvip.com/infrastructure/,0,0,0.00,0,4310000,"3, 100, 100, 8, 0, 0",2026-07-10,"Sitelinks, Reviews, Video, Video Carousel, Related searches, AI overview",informational,Organic
wordpress vip self-hosted servers on-premises,97,97,210,24,0.00,https://docs.wpvip.com/infrastructure/environments/,0,0,0.00,0,4310000,"3, 100, 100, 8, 0, 0",2026-07-10,"Sitelinks, Reviews, Video, Video Carousel, Related searches, AI overview",informational,Organic
best cms hosting for small business 2026,46,46,50,9,0.00,https://wpvip.com/blog/10-best-enterprise-content-management-systems/,0,0,0.00,0,159,"18, 100, 36",2026-07-01,"Sitelinks, Reviews, Video, Ads bottom, Video Carousel, Related searches, AI overview","commercial, informational",Organic
how do i access wordpress admin,6,6,90,31,0.67,https://docs.wpvip.com/manage-user-access/wordpress/,0,0,0.00,0.1,159,"52, 100, 52, 42, 33, 52, 19, 42, 9, 52, 33, 23",2026-06-05,"Sitelinks, Video, Video Carousel, People also ask, Related searches, AI overview",informational,Organic
multisite wordpress hosting,12,12,50,20,20.01,https://wpvip.com/glossary/wordpress-multisite/,0,0,0.00,0.14,148,"27, 27, 18, 100, 63, 36, 45, 45, 81, 63, 18, 36",2026-07-05,"Sitelinks, Video, Ads top, Ads bottom, Video Carousel, Related searches, AI overview",informational,Organic
multisite wordpress hosting,33,33,50,20,20.01,https://wpvip.com/blog/wordpress-multisite/,0,0,0.00,0.14,148,"27, 27, 18, 100, 63, 36, 45, 45, 81, 63, 18, 36",2026-07-05,"Sitelinks, Video, Ads top, Ads bottom, Video Carousel, Related searches, AI overview",informational,Organic
omnichannel content management,13,13,320,17,0.00,https://wpvip.com/blog/omnichannel-content-management/,0,0,0.00,0.01,134,"28, 44, 35, 81, 81, 28, 5, 3, 44, 81, 100, 100",2026-06-14,"Sitelinks, Reviews, Video, People also ask, Related searches, AI overview",informational,Organic
you discovered a premium feature,62,62,110,23,0.00,https://customerhub.wpvip.com/lobby/2026/05/22/new-features-application-overview-redesign-and-feature-discovery-page/,0,0,0.00,0.33,143,"7, 7, 53, 42, 42, 26, 42, 53, 53, 42, 42, 53",2026-06-26,"Sitelinks, Video, People also ask, Related searches, AI overview",informational,Organic
content marketing types,19,19,110,35,5.14,https://wpvip.com/blog/8-types-of-content-marketing/,0,0,0.00,0.04,124,"14, 22, 18, 22, 35, 22, 14, 14, 29, 22, 18, 22",2026-06-24,"Sitelinks, Reviews, Video, People also ask, Related searches, AI overview",informational,Organic
analytics tools for website,15,15,30,39,12.29,https://wpvip.com/blog/web-analytics-software-tools/,0,0,0.00,0.11,20,"2, 10, 10, 17, 5, 17, 2, 2, 0, 0, 28, 2",2026-07-18,"Sitelinks, Video, People also ask, Related searches, AI overview","commercial, informational",Organic
node 20 end of life,18,18,70,40,5.78,https://customerhub.wpvip.com/lobby/2026/01/29/end-of-life-for-node-js-v20/,0,0,0.00,0.25,94,"9, 9, 9, 9, 9, 9, 33, 9, 52, 100, 52, 66",2026-07-17,"Sitelinks, Video, Video Carousel, People also ask, Related searches, AI overview",informational,Organic
what is gutenberg wordpress,1,1,50,15,0.00,https://wpvip.com/glossary/wordpress-gutenberg-block-editor/,0,0,0.00,0.07,129,"7, 7, 28, 23, 23, 5, 5, 10, 10, 12, 10, 17",2026-06-26,"Sitelinks, Reviews, Video, Ads bottom, Video Carousel, People also ask, Related searches, AI overview",informational,AI overview
what is gutenberg wordpress,4,4,50,15,0.00,https://wpvip.com/wordpress-gutenberg/,0,0,0.00,0.07,129,"7, 7, 28, 23, 23, 5, 5, 10, 10, 12, 10, 17",2026-06-26,"Sitelinks, Reviews, Video, Ads bottom, Video Carousel, People also ask, Related searches, AI overview",informational,Organic
what is gutenberg wordpress,84,84,50,15,0.00,https://wpvip.com/glossary/wordpress-gutenberg-block-editor/,0,0,0.00,0.07,129,"7, 7, 28, 23, 23, 5, 5, 10, 10, 12, 10, 17",2026-06-26,"Sitelinks, Reviews, Video, Ads bottom, Video Carousel, People also ask, Related searches, AI overview",informational,Organic
what is gutenberg wordpress,87,87,50,15,0.00,https://wpvip.com/glossary/wordpress-gutenberg-block-editor/,0,0,0.00,0.07,129,"7, 7, 28, 23, 23, 5, 5, 10, 10, 12, 10, 17",2026-06-26,"Sitelinks, Reviews, Video, Ads bottom, Video Carousel, People also ask, Related searches, AI overview",informational,Organic
wordpress plugin redirection,37,37,40,30,0.73,https://docs.wpvip.com/redirects/wordpress-plugins/,0,0,0.00,0.33,115,"0, 0, 0, 100, 0, 3, 0, 0, 26, 42, 0, 3",2026-06-29,"Sitelinks, Reviews, Video, Video Carousel, Related searches",informational,Organic
wpengine headless,6,6,30,26,19.92,https://wpvip.com/headless-wordpress/,0,0,0.00,0.4,184,"22, 22, 55, 55, 33, 22, 22, 22, 22, 22, 22, 100",2026-07-01,"Sitelinks, Reviews, Video, People also ask, Related searches",navigational,People also ask
wpengine headless,6,6,30,26,19.92,https://wpvip.com/glossary/headless-content-management-systems/,0,0,0.00,0.4,184,"22, 22, 55, 55, 33, 22, 22, 22, 22, 22, 22, 100",2026-07-01,"Sitelinks, Reviews, Video, People also ask, Related searches",navigational,People also ask
wpengine headless,36,36,30,26,19.92,https://wpvip.com/headless-wordpress/,0,0,0.00,0.4,184,"22, 22, 55, 55, 33, 22, 22, 22, 22, 22, 22, 100",2026-07-01,"Sitelinks, Reviews, Video, People also ask, Related searches",navigational,Organic
wordpress release news,51,51,70,25,0.00,https://customerhub.wpvip.com/platform-release-schedule/,0,0,0.00,0,258,"2, 12, 100, 10, 0, 0, 0",2026-05-30,"Video, People also ask, Related searches",informational,Organic
cms with real-time collaboration features reviews,1,1,50,13,0.00,https://wpvip.com/blog/10-best-enterprise-content-management-systems/,0,0,0.00,0,135,"100, 27, 0",2026-05-19,"Video, People also ask, Related searches, AI overview",commercial,AI overview
reaktiv,6,6,50,18,0.00,https://wpvip.com/partner/reaktiv/,0,0,0.00,0.33,111,"33, 42, 33, 23, 9, 52, 9, 9, 100, 9, 9, 9",2026-06-08,"Image pack, Sitelinks, Video, Video Carousel, Related searches",navigational,Organic
best enterprise-level content security providers 2025,7,7,40,20,0.00,https://wpvip.com/blog/10-best-enterprise-content-management-systems/,0,0,0.00,0,176,"100, 0, 100, 35, 0, 0, 0, 0, 0",2026-06-25,"Sitelinks, Reviews, Video, Related searches, AI overview",commercial,Organic
benefits of an open source software,26,26,110,43,0.00,https://wpvip.com/blog/how-open-source-software-benefits-businesses/,0,0,0.00,0.01,146,"100, 66, 33, 4, 100, 52, 42, 33, 33, 33, 52, 52",2026-07-03,"Sitelinks, Reviews, Video, Video Carousel, People also ask, Related searches, AI overview",informational,Organic
word count of a website,26,26,50,35,0.21,https://wpvip.com/blog/ideal-word-count/,0,0,0.00,0.08,150,"0, 1, 0, 0, 0, 0, 0, 0, 67, 0, 1, 0",2026-07-05,"Sitelinks, Reviews, Video, Related searches, AI overview",informational,Organic
wordpress robots.txt: mastering seo ultimate guide latest-templates.com,76,76,50,9,0.00,https://docs.wpvip.com/security-controls/robots-txt/,0,0,0.00,0.33,113000,"0, 0, 0, 0, 0, 0, 0, 9, 100, 52, 52, 52",2026-07-20,"Reviews, Video, Video Carousel",informational,Organic
wordpress robots.txt: mastering seo ultimate guide latest-templates.com,82,82,50,9,0.00,https://docs.wpvip.com/security-controls/robots-txt/,0,0,0.00,0.33,113000,"0, 0, 0, 0, 0, 0, 0, 9, 100, 52, 52, 52",2026-07-20,"Reviews, Video, Video Carousel",informational,Organic
enterprise content management definition,35,35,170,50,13.50,https://wpvip.com/blog/enterprise-content-management/,0,0,0.00,0.01,134,"54, 22, 18, 29, 43, 35, 54, 43, 29, 29, 22, 22",2026-06-24,"Sitelinks, Reviews, Video, Video Carousel, People also ask, Related searches, AI overview",informational,Organic
wordpress command palette,12,12,40,27,0.00,https://customerhub.wpvip.com/lobby/2026/05/22/new-feature-command-palette-in-vip-dashboard/,0,0,0.00,0.03,103,"11, 11, 11, 17, 64, 23, 17, 23, 52, 41, 29, 11",2026-06-19,"Sitelinks, Reviews, Video, Video Carousel, Related searches",informational,Organic
scalable wordpress host,15,15,40,20,0.00,https://wpvip.com/blog/wordpress-scalability/,0,0,0.00,0.03,150,"0, 63, 27, 45, 36, 27, 27, 27, 27, 36, 36, 63",2026-07-11,"Sitelinks, Reviews, Video, Ads bottom, Related searches, Discussions and forums, AI overview",informational,Organic
wordpress with react,19,19,90,29,7.83,https://wpvip.com/blog/wordpress-react/,0,0,0.00,0.03,109,"23, 15, 15, 15, 15, 18, 18, 23, 11, 11, 11, 11",2026-07-20,"Sitelinks, Video, Video Carousel, People also ask, Related searches, Discussions and forums",informational,Organic
how to find the wordpress version,83,83,50,18,0.00,https://docs.wpvip.com/wordpress-on-vip/wordpress-upgrades/,0,0,0.00,0.33,158,"77, 77, 77, 77, 77, 22, 0, 0, 22, 55, 55, 100",2026-07-05,"Sitelinks, Reviews, Video, Video Carousel, People also ask, Related searches, AI overview",informational,Organic
headline testing,14,14,70,55,3.06,https://wpvip.com/headline-testing/,0,0,0.00,0.1,123,"29, 52, 29, 100, 100, 52, 11, 5, 29, 29, 64, 29",2026-06-17,"Sitelinks, Reviews, Video, Video Carousel, People also ask, Related searches, AI overview",informational,Organic
top website analytics tools 2024,21,21,70,18,0.00,https://wpvip.com/blog/web-analytics-software-tools/,0,0,0.00,0,142,"50, 35, 35, 50, 35, 21, 7, 50, 78, 100, 100, 78",2026-06-14,"Sitelinks, Reviews, Video, Video Carousel, Related searches, AI overview","commercial, informational",Organic
ariscielle novicio,26,26,40,5,0.00,https://wpvip.com/event/vip-media-product-forum-2026/,0,0,0.00,0.33,573,"42, 57, 42, 57, 57, 71, 100, 42, 28, 42, 42, 28",2026-06-08,"Image pack, Video",informational,Organic
minimum word count for seo,23,23,40,25,0.00,https://wpvip.com/blog/ideal-word-count/,0,0,0.00,0.13,133,"52, 29, 11, 52, 41, 17, 11, 11, 11, 11, 11, 11",2026-06-30,"Sitelinks, Reviews, Video, Video Carousel, People also ask, Related searches, AI overview",informational,Organic
best content management platforms for enterprises 2025,37,37,40,18,0.00,https://wpvip.com/blog/10-best-enterprise-content-management-systems/,0,0,0.00,0,156,"55, 100, 22, 11",2026-05-19,"Sitelinks, Video, Related searches, AI overview",commercial,Organic
enterprise digital,10,10,140,36,8.24,https://wpvip.com/blog/enterprise-digital-transformation/,0,0,0.00,0.1,113,"17, 43, 53, 66, 17, 100, 43, 17, 12, 7, 5, 12",2026-06-03,"Video, Ads bottom, Video Carousel, People also ask, Related searches, AI overview",informational,Organic
wordpress enterprise solution,1,1,70,35,0.00,https://wpvip.com/,0,0,0.00,0.33,95,"35, 50, 100, 78, 28, 14, 7, 35, 35, 28, 28, 50",2026-07-04,"Sitelinks, Reviews, Video, People also ask, Related searches, AI overview",informational,AI overview
wordpress enterprise solution,87,87,70,35,0.00,https://wpvip.com/case-studies/10-examples-of-enterprise-wordpress/,0,0,0.00,0.33,95,"35, 50, 100, 78, 28, 14, 7, 35, 35, 28, 28, 50",2026-07-04,"Sitelinks, Reviews, Video, People also ask, Related searches, AI overview",informational,Organic
wordpress ecosystem,3,3,30,15,6.01,https://wpvip.com/wordpress-ecosystem/,0,0,0.00,0.42,107,"40, 40, 80, 80, 40, 100, 40, 40, 80, 80, 40, 80",2026-07-18,"Reviews, Video, Video Carousel, People also ask, Related searches","informational, transactional",Organic
database vip,9,9,30,8,8.30,https://docs.wpvip.com/databases/access/,0,0,0.00,0.06,112,"18, 18, 18, 18, 100, 18, 18, 18, 18, 18, 18, 18",2026-07-20,"Video, People also ask, Related searches, AI overview",informational,Organic
database vip,21,21,30,8,8.30,https://docs.wpvip.com/databases/import/import-with-vip-cli/,0,0,0.00,0.06,112,"18, 18, 18, 18, 100, 18, 18, 18, 18, 18, 18, 18",2026-07-20,"Video, People also ask, Related searches, AI overview",informational,Organic
database vip,34,34,30,8,8.30,https://docs.wpvip.com/databases/import/,0,0,0.00,0.06,112,"18, 18, 18, 18, 100, 18, 18, 18, 18, 18, 18, 18",2026-07-20,"Video, People also ask, Related searches, AI overview",informational,Organic
database vip,42,42,30,8,8.30,https://docs.wpvip.com/vip-local-development-environment/add-database-content/,0,0,0.00,0.06,112,"18, 18, 18, 18, 100, 18, 18, 18, 18, 18, 18, 18",2026-07-20,"Video, People also ask, Related searches, AI overview",informational,Organic
database vip,44,44,30,8,8.30,https://docs.wpvip.com/databases/backups/access/,0,0,0.00,0.06,112,"18, 18, 18, 18, 100, 18, 18, 18, 18, 18, 18, 18",2026-07-20,"Video, People also ask, Related searches, AI overview",informational,Organic
database vip,47,47,30,8,8.30,https://docs.wpvip.com/databases/backups/,0,0,0.00,0.06,112,"18, 18, 18, 18, 100, 18, 18, 18, 18, 18, 18, 18",2026-07-20,"Video, People also ask, Related searches, AI overview",informational,Organic
database vip,49,49,30,8,8.30,https://docs.wpvip.com/vip-cli/commands/,0,0,0.00,0.06,112,"18, 18, 18, 18, 100, 18, 18, 18, 18, 18, 18, 18",2026-07-20,"Video, People also ask, Related searches, AI overview",informational,Organic
database vip,51,51,30,8,8.30,https://docs.wpvip.com/databases/import/multisite-database-imports/,0,0,0.00,0.06,112,"18, 18, 18, 18, 100, 18, 18, 18, 18, 18, 18, 18",2026-07-20,"Video, People also ask, Related searches, AI overview",informational,Organic
database vip,53,53,30,8,8.30,https://docs.wpvip.com/performance/insights-metrics/database-metrics/,0,0,0.00,0.06,112,"18, 18, 18, 18, 100, 18, 18, 18, 18, 18, 18, 18",2026-07-20,"Video, People also ask, Related searches, AI overview",informational,Organic
database vip,55,55,30,8,8.30,https://docs.wpvip.com/guidebooks/develop-on-wpvip/wpvip-infrastructure/,0,0,0.00,0.06,112,"18, 18, 18, 18, 100, 18, 18, 18, 18, 18, 18, 18",2026-07-20,"Video, People also ask, Related searches, AI overview",informational,Organic
database vip,57,57,30,8,8.30,https://docs.wpvip.com/vip-cli/commands/db/,0,0,0.00,0.06,112,"18, 18, 18, 18, 100, 18, 18, 18, 18, 18, 18, 18",2026-07-20,"Video, People also ask, Related searches, AI overview",informational,Organic
database vip,58,58,30,8,8.30,https://docs.wpvip.com/databases/data-sync/,0,0,0.00,0.06,112,"18, 18, 18, 18, 100, 18, 18, 18, 18, 18, 18, 18",2026-07-20,"Video, People also ask, Related searches, AI overview",informational,Organic
database vip,59,59,30,8,8.30,https://docs.wpvip.com/databases/backups/limitations/,0,0,0.00,0.06,112,"18, 18, 18, 18, 100, 18, 18, 18, 18, 18, 18, 18",2026-07-20,"Video, People also ask, Related searches, AI overview",informational,Organic
database vip,61,61,30,8,8.30,https://docs.wpvip.com/local-development/add-site-content/,0,0,0.00,0.06,112,"18, 18, 18, 18, 100, 18, 18, 18, 18, 18, 18, 18",2026-07-20,"Video, People also ask, Related searches, AI overview",informational,Organic
database vip,63,63,30,8,8.30,https://docs.wpvip.com/databases/backups/database-backup-shipping/,0,0,0.00,0.06,112,"18, 18, 18, 18, 100, 18, 18, 18, 18, 18, 18, 18",2026-07-20,"Video, People also ask, Related searches, AI overview",informational,Organic
database vip,65,65,30,8,8.30,https://docs.wpvip.com/vip-cli/commands/backup/db/,0,0,0.00,0.06,112,"18, 18, 18, 18, 100, 18, 18, 18, 18, 18, 18, 18",2026-07-20,"Video, People also ask, Related searches, AI overview",informational,Organic
database vip,67,67,30,8,8.30,https://wpvip.com/blog/optimize-developer-experience/,0,0,0.00,0.06,112,"18, 18, 18, 18, 100, 18, 18, 18, 18, 18, 18, 18",2026-07-20,"Video, People also ask, Related searches, AI overview",informational,Organic
database vip,69,69,30,8,8.30,https://docs.wpvip.com/manage-user-access/vip-dashboard/org-roles/,0,0,0.00,0.06,112,"18, 18, 18, 18, 100, 18, 18, 18, 18, 18, 18, 18",2026-07-20,"Video, People also ask, Related searches, AI overview",informational,Organic
database vip,70,70,30,8,8.30,https://docs.wpvip.com/databases/backups/download-a-full-database-backup/,0,0,0.00,0.06,112,"18, 18, 18, 18, 100, 18, 18, 18, 18, 18, 18, 18",2026-07-20,"Video, People also ask, Related searches, AI overview",informational,Organic
database vip,72,72,30,8,8.30,https://docs.wpvip.com/databases/partial-database-exports/configuration-file/,0,0,0.00,0.06,112,"18, 18, 18, 18, 100, 18, 18, 18, 18, 18, 18, 18",2026-07-20,"Video, People also ask, Related searches, AI overview",informational,Organic
database vip,73,73,30,8,8.30,https://docs.wpvip.com/vip-cli/commands/import/sql/,0,0,0.00,0.06,112,"18, 18, 18, 18, 100, 18, 18, 18, 18, 18, 18, 18",2026-07-20,"Video, People also ask, Related searches, AI overview",informational,Organic
database vip,75,75,30,8,8.30,https://docs.wpvip.com/databases/export-a-file-for-migration/,0,0,0.00,0.06,112,"18, 18, 18, 18, 100, 18, 18, 18, 18, 18, 18, 18",2026-07-20,"Video, People also ask, Related searches, AI overview",informational,Organic
database vip,76,76,30,8,8.30,https://docs.wpvip.com/wordpress-on-vip/search-options/,0,0,0.00,0.06,112,"18, 18, 18, 18, 100, 18, 18, 18, 18, 18, 18, 18",2026-07-20,"Video, People also ask, Related searches, AI overview",informational,Organic
database vip,77,77,30,8,8.30,https://docs.wpvip.com/databases/backups/download-a-database-backup-for-a-network-site/,0,0,0.00,0.06,112,"18, 18, 18, 18, 100, 18, 18, 18, 18, 18, 18, 18",2026-07-20,"Video, People also ask, Related searches, AI overview",informational,Organic
database vip,78,78,30,8,8.30,https://docs.wpvip.com/vip-cli/commands/dev-env/sync/sql/,0,0,0.00,0.06,112,"18, 18, 18, 18, 100, 18, 18, 18, 18, 18, 18, 18",2026-07-20,"Video, People also ask, Related searches, AI overview",informational,Organic
database vip,79,79,30,8,8.30,https://docs.wpvip.com/vip-cli/commands/import/validate-sql/,0,0,0.00,0.06,112,"18, 18, 18, 18, 100, 18, 18, 18, 18, 18, 18, 18",2026-07-20,"Video, People also ask, Related searches, AI overview",informational,Organic
what is multisite wordpress,7,6,70,37,1.82,https://wpvip.com/blog/wordpress-multisite/,0,0,0.00,0.07,103,"64, 64, 35, 50, 50, 50, 35, 50, 50, 35, 78, 64",2026-07-22,"Sitelinks, Video Carousel, People also ask, Related searches, AI overview",informational,Organic
what is multisite wordpress,27,0,70,37,1.82,https://docs.wpvip.com/wordpress-on-vip/multisites/,0,0,0.00,0.07,103,"64, 64, 35, 50, 50, 50, 35, 50, 50, 35, 78, 64",2026-07-22,"Sitelinks, Video Carousel, People also ask, Related searches, AI overview",informational,Organic
digital experience platform definition,41,41,110,29,0.00,https://wpvip.com/glossary/digital-experience-platform/,0,0,0.00,0.33,114,"66, 66, 80, 80, 52, 66, 100, 19, 23, 52, 33, 9",2026-07-18,"Sitelinks, Video, Video Carousel, People also ask, Related searches, AI overview",informational,Organic
what is dxp,35,35,390,31,17.99,https://wpvip.com/glossary/digital-experience-platform/,0,0,0.00,0.29,105,"66, 81, 100, 100, 66, 54, 100, 81, 81, 81, 66, 66",2026-07-01,"Sitelinks, Video, Video Carousel, People also ask, Related searches, AI overview",informational,Organic
omnichannel content creation,14,14,70,21,0.00,https://wpvip.com/blog/omnichannel-content-management/,0,0,0.00,0.33,125,"63, 63, 36, 63, 63, 100, 63, 81, 81, 63, 45, 36",2026-05-30,"Sitelinks, Video, Video Carousel, People also ask, Related searches, AI overview",informational,Organic
wordpress 6.7 release notes,11,11,90,20,0.00,https://wpvip.com/blog/wordpress-6-7/,0,0,0.00,0,106,"6, 3, 1, 3, 8, 8, 28, 100, 35, 3, 3, 1",2026-06-12,"Reviews, Video, People also ask, Related searches",informational,Organic
database import,1,1,70,30,5.37,https://docs.wpvip.com/databases/import/,0,0,0.00,0.23,128,"0, 0, 100, 0, 0, 0, 44, 0, 0, 0, 0, 0",2026-07-18,"Sitelinks, Reviews, Video, People also ask, Related searches, AI overview",informational,AI overview
wordpss,17,17,30,100,3.25,https://wpvip.com/,0,0,0.00,0.52,0,"0, 0, 0, 0, 0, 0, 0, 0, 100, 0, 0, 0",2026-07-20,"Sitelinks, Reviews, Video, Video Carousel, People also ask, Related searches","navigational, transactional",Organic
wp logs,17,17,140,27,6.46,https://docs.wpvip.com/logs/,0,0,0.00,0.04,191,"0, 0, 1, 0, 1, 0, 1, 1, 0, 1, 1, 100",2026-07-12,"Sitelinks, Reviews, Video, People also ask, Related searches, AI overview",informational,Organic
wp engine multisite,20,20,40,17,28.81,https://wpvip.com/glossary/wordpress-multisite/,0,0,0.00,0.14,107,"18, 18, 81, 45, 27, 100, 18, 18, 18, 18, 18, 81",2026-06-26,"Sitelinks, Video, Video Carousel, People also ask, Related searches, Discussions and forums",navigational,Organic
wp engine multisite,32,32,40,17,28.81,https://wpvip.com/blog/wordpress-multisite/,0,0,0.00,0.14,107,"18, 18, 81, 45, 27, 100, 18, 18, 18, 18, 18, 81",2026-06-26,"Sitelinks, Video, Video Carousel, People also ask, Related searches, Discussions and forums",navigational,Organic
wp engine multisite,73,73,40,17,28.81,https://docs.wpvip.com/wordpress-on-vip/multisites/,0,0,0.00,0.14,107,"18, 18, 81, 45, 27, 100, 18, 18, 18, 18, 18, 81",2026-06-26,"Sitelinks, Video, Video Carousel, People also ask, Related searches, Discussions and forums",navigational,Organic
wpengine cron job,17,17,50,15,0.00,https://docs.wpvip.com/wordpress-on-vip/cron-control/,0,0,0.00,0.01,100,"14, 14, 28, 100, 71, 71, 100, 100, 100, 100, 71, 71",2026-06-24,"Reviews, Video, Video Carousel, Related searches",commercial,Organic
https://www.wordpress.com,30,30,390,100,9.04,https://wpvip.com/,0,0,0.00,0.04,500000000,"24, 8, 16, 16, 30, 30, 36, 16, 20, 24, 45, 13",2026-07-06,"Sitelinks, Reviews, Video, People also ask",navigational,Organic
ip restriction,14,14,140,19,5.32,https://docs.wpvip.com/security-controls/ip-restrictions/,0,0,0.00,0.01,122,"80, 52, 66, 66, 42, 52, 66, 100, 66, 66, 66, 100",2026-05-31,"Video, Video Carousel, People also ask, Related searches, AI overview",informational,Organic
pimis,46,46,110,5,0.00,https://wpvip.com/glossary/product-information-management/,0,0,0.00,0.33,120,"14, 14, 9, 5, 5, 9, 7, 14, 17, 0, 11, 26",2026-06-17,"Reviews, Video, People also ask, Related searches",informational,Organic
wordpress multisite network,64,64,50,41,15.42,https://wpvip.com/glossary/wordpress-multisite/,0,0,0.00,0.09,150,"81, 100, 18, 36, 63, 45, 18, 18, 45, 18, 18, 18",2026-06-14,"Sitelinks, Video, Video Carousel, People also ask, AI overview",informational,Organic
wpcom,46,46,110,29,7.14,https://wpvip.com/,0,0,0.00,0.13,274000,"3, 3, 3, 3, 3, 100, 28, 23, 18, 3, 3, 3",2026-07-11,"Sitelinks, Video, People also ask, Related searches",informational,Organic
breach.vip,25,25,110,22,0.00,https://wpvip.com/security/,0,0,0.00,0.33,6290000,"4, 0, 2, 0, 0, 2, 54, 100, 22, 43, 35, 0",2026-06-02,"Sitelinks, Video, People also ask",informational,Organic
enterprise content management software cost 2025,31,31,40,29,0.00,https://wpvip.com/blog/10-best-enterprise-content-management-systems/,0,0,0.00,0,103,"100, 44, 0",2026-05-21,"Sitelinks, Video, People also ask, Related searches, AI overview",informational,Organic
what is hybrid headless dxp,20,20,50,14,0.00,https://wpvip.com/blog/headless-vs-hybrid-cms-architecture-comparison/,0,0,0.00,0,200,"100, 63, 0, 45, 9, 81, 63",2026-07-11,"Sitelinks, Reviews, Video, People also ask, AI overview",informational,Organic
what is hybrid headless dxp,54,54,50,14,0.00,https://wpvip.com/glossary/hybrid-cms/,0,0,0.00,0,200,"100, 63, 0, 45, 9, 81, 63",2026-07-11,"Sitelinks, Reviews, Video, People also ask, AI overview",informational,Organic
what is hybrid headless dxp,92,92,50,14,0.00,https://wpvip.com/blog/why-hybrid-cms-beats-headless/,0,0,0.00,0,200,"100, 63, 0, 45, 9, 81, 63",2026-07-11,"Sitelinks, Reviews, Video, People also ask, AI overview",informational,Organic
sitecore to wordpress migration service,54,54,50,0,0.00,https://wpvip.com/resource/sitecore-vs-wordpress-vip/,0,0,0.00,0,147,"18, 27, 27, 45, 63, 45, 100, 63, 27, 27, 45, 36",2026-06-12,"Sitelinks, Reviews, Video, AI overview",informational,Organic
mu-plugins,16,16,70,38,0.00,https://learn.wpvip.com/lesson/wordpress-must-use-plugins-mu-plugins/,0,0,0.00,0.33,103,"33, 23, 19, 42, 23, 33, 52, 33, 42, 42, 23, 42",2026-07-13,"Sitelinks, Reviews, Video, Video Carousel, People also ask, Related searches, AI overview",informational,Organic
mu-plugins,48,48,70,38,0.00,https://docs.wpvip.com/wordpress-skeleton/client-mu-plugins-directory/,0,0,0.00,0.33,103,"33, 23, 19, 42, 23, 33, 52, 33, 42, 42, 23, 42",2026-07-13,"Sitelinks, Reviews, Video, Video Carousel, People also ask, Related searches, AI overview",informational,Organic
wordpress 6.6.2 release notes september 2025,11,11,40,0,0.00,https://customerhub.wpvip.com/lobby/2024/09/10/wordpress-6-6-2-maintenance-release/,0,0,0.00,0,1320,"100, 0, 0, 0",2026-05-18,"People also ask, Related searches, AI overview",informational,Organic
hybrid cms,39,39,880,13,0.00,https://wpvip.com/glossary/hybrid-cms/,0,0,0.00,0.33,158,"16, 24, 30, 81, 62, 36, 62, 62, 81, 100, 81, 45",2026-06-20,"Sitelinks, Reviews, Video, People also ask, Related searches, AI overview",informational,Organic
how to purge cache in wordpress,53,53,210,30,1.16,https://docs.wpvip.com/caching/page-cache/purging/purge-tools/,0,0,0.00,0.07,133,"28, 66, 43, 35, 82, 82, 66, 12, 17, 23, 100, 53",2026-05-30,"Sitelinks, Video, Video Carousel, People also ask, AI overview",informational,Organic
multi site,9,9,140,30,9.66,https://wpvip.com/blog/wordpress-multisite/,0,0,0.00,0.01,132,"43, 35, 43, 43, 22, 10, 14, 35, 14, 35, 18, 35",2026-06-27,"Image pack, Sitelinks, Reviews, Video, Video Carousel, People also ask, Related searches, AI overview",informational,Organic
multi site,85,85,140,30,9.66,https://wpvip.com/glossary/wordpress-multisite/,0,0,0.00,0.01,132,"43, 35, 43, 43, 22, 10, 14, 35, 14, 35, 18, 35",2026-06-27,"Image pack, Sitelinks, Reviews, Video, Video Carousel, People also ask, Related searches, AI overview",informational,Organic
block ip in wordpress,10,10,30,17,1.48,https://docs.wpvip.com/security-controls/ip-restrictions/,0,0,0.00,0.08,109,"18, 18, 18, 36, 27, 100, 45, 36, 18, 18, 18, 18",2026-06-18,"Sitelinks, Reviews, Video, Video Carousel, People also ask, Related searches, Discussions and forums, AI overview",informational,Organic
word count on a website,28,28,70,38,0.21,https://wpvip.com/blog/ideal-word-count/,0,0,0.00,0.08,150,"0, 0, 0, 0, 0, 0, 0, 0, 100, 0, 28, 1",2026-07-05,"Sitelinks, Reviews, Video, Video Carousel, People also ask, Related searches, AI overview",informational,Organic
headless wordpress vue,45,45,50,16,0.00,https://wpvip.com/headless-wordpress/,0,0,0.00,0.04,127,"22, 22, 22, 77, 77, 77, 77, 100, 77, 44, 44, 44",2026-06-10,"Sitelinks, Video, Video Carousel, Related searches, AI overview",informational,Organic
curl return headers,15,15,70,16,0.00,https://docs.wpvip.com/caching/page-cache/http-headers/retrieve-headers/,0,0,0.00,0.33,107,"100, 63, 100, 63, 63, 63, 45, 45, 45, 45, 45, 45",2026-05-31,"Sitelinks, Video, Related searches, AI overview",informational,Organic
multisite vs wpml,3,3,70,24,0.00,https://wpvip.com/blog/wordpress-multisite/,0,0,0.00,0,125,"0, 0, 0, 50, 50, 50, 50, 35, 100, 100, 78, 50",2026-06-23,"Sitelinks, Reviews, Video, People also ask, Related searches, AI overview",commercial,People also ask
online web analytics tools,13,13,90,31,0.00,https://wpvip.com/blog/web-analytics-software-tools/,0,0,0.00,0.33,129,"23, 52, 19, 42, 100, 33, 52, 80, 33, 9, 19, 9",2026-06-01,"Sitelinks, Video, Video Carousel, Related searches, Discussions and forums, AI overview",informational,Organic
sitelets wordpress multisite plugin features,15,15,40,17,0.00,https://wpvip.com/blog/wordpress-multisite/,0,0,0.00,0,483,"100, 0, 0",2026-06-19,"Video, Video Carousel, People also ask, AI overview",informational,Organic
cache stampede,24,24,140,40,0.00,https://wpvip.com/blog/wordpress-caching/,0,0,0.00,0.33,114,"22, 35, 22, 10, 22, 22, 18, 22, 29, 29, 29, 54",2026-06-10,"Sitelinks, Video, Image, Video Carousel, People also ask, Related searches, AI overview",informational,Organic
how to scale wordpress,1,1,90,21,0.00,https://wpvip.com/blog/wordpress-scalability/,0,0,0.00,0.01,125,"11, 11, 64, 64, 52, 29, 41, 82, 82, 100, 82, 64",2026-06-30,"Sitelinks, Reviews, Video, People also ask, Discussions and forums, AI overview",informational,AI overview
how to scale wordpress,55,55,90,21,0.00,https://wpvip.com/blog/auto-scaling-with-wordpress/,0,0,0.00,0.01,125,"11, 11, 64, 64, 52, 29, 41, 82, 82, 100, 82, 64",2026-06-30,"Sitelinks, Reviews, Video, People also ask, Discussions and forums, AI overview",informational,Organic
node.js 20 end of life date,9,9,210,25,0.00,https://customerhub.wpvip.com/lobby/2026/01/29/end-of-life-for-node-js-v20/,0,0,0.00,0,100,"66, 15, 0, 19, 100, 0, 19",2026-06-18,"Sitelinks, Video, Video Carousel, People also ask, Related searches, AI overview",informational,Organic
wordpress set domain in wp config,53,53,40,19,0.00,https://docs.wpvip.com/domains/map-a-domain/,0,0,0.00,0,144,"14, 50, 100, 14, 14, 14, 14, 64, 14, 14, 0, 0",2026-07-09,"Sitelinks, Reviews, Video, Video Carousel, Related searches, AI overview",informational,Organic
digital experience dx,58,58,30,28,13.74,https://wpvip.com/glossary/digital-experience-platform/,0,0,0.00,0.38,198,"63, 36, 18, 18, 18, 18, 18, 18, 27, 18, 18, 18",2026-06-16,"Sitelinks, Video, Video Carousel, People also ask, Related searches, AI overview",informational,Organic
hsts implementation,45,45,50,48,0.00,https://docs.wpvip.com/tls/enable-hsts/,0,0,0.00,0.33,128,"6, 6, 6, 6, 6, 6, 6, 6, 100, 6, 6, 6",2026-07-07,"Sitelinks, Reviews, Video, People also ask, Related searches, AI overview",informational,Organic
hsts implementation,50,50,50,48,0.00,https://docs.wpvip.com/tls/enable-hsts/,0,0,0.00,0.33,128,"6, 6, 6, 6, 6, 6, 6, 6, 100, 6, 6, 6",2026-07-07,"Sitelinks, Reviews, Video, People also ask, Related searches, AI overview",informational,Organic
max age header,19,19,40,48,0.00,https://docs.wpvip.com/caching/page-cache/customize-behavior/cache-control-headers/,0,0,0.00,0.33,104,"63, 63, 63, 81, 45, 18, 18, 18, 18, 18, 18, 18",2026-06-10,"Sitelinks, Video, People also ask, Related searches",informational,Organic
american eagle advertising agency,10,10,50,44,7.75,https://wpvip.com/partner/americaneagle-com/,0,0,0.00,0.15,158,"9, 9, 66, 100, 9, 9, 14, 9, 9, 9, 9, 23",2026-06-26,"Sitelinks, Reviews, Video, Video Carousel, People also ask, Related searches",navigational,Organic
better robots txt,19,19,70,71,0.00,https://docs.wpvip.com/security-controls/robots-txt/,0,0,0.00,0.33,133,"52, 80, 52, 33, 33, 23, 23, 14, 9, 9, 9, 33",2026-06-25,"Sitelinks, Reviews, Video, Video Carousel, Related searches, AI overview",navigational,Organic
wordpress versions,11,11,480,52,12.96,https://docs.wpvip.com/wordpress-on-vip/wordpress-upgrades/,0,0,0.00,0.04,107,"48, 48, 39, 48, 26, 59, 48, 32, 39, 32, 72, 39",2026-06-18,"Sitelinks, Reviews, Video, People also ask, Related searches, Discussions and forums, AI overview","informational, navigational",Organic
dns cache ttl,25,25,40,32,0.00,https://docs.wpvip.com/domains/check-dns-record-time-to-live/,0,0,0.00,0.33,124,"44, 55, 33, 55, 44, 55, 55, 22, 22, 22, 22, 44",2026-06-12,"Sitelinks, Video, Video Carousel, People also ask, Related searches, AI overview","commercial, informational",Organic
aeo meaning in seo,17,17,70,49,2.51,https://wpvip.com/blog/aeo-vs-seo-answer-engine-optimization/,0,0,0.00,0.17,133,"11, 11, 11, 11, 11, 41, 41, 82, 11, 100, 100, 64",2026-07-09,"Sitelinks, Reviews, Video, Ads bottom, Video Carousel, People also ask, Related searches, Short videos, Ads middle, AI overview",informational,Organic
wordpress enterprise development,34,34,90,6,0.00,https://wpvip.com/blog/best-practices-for-building-an-enterprise-wordpress-website/,0,0,0.00,0.33,104,"14, 14, 64, 64, 50, 100, 100, 78, 64, 50, 50, 64",2026-06-26,"Sitelinks, Reviews, Video, People also ask, Related searches, AI overview",informational,Organic
wordpress enterprise development,63,63,90,6,0.00,https://wpvip.com/wordpress-platform/,0,0,0.00,0.33,104,"14, 14, 64, 64, 50, 100, 100, 78, 64, 50, 50, 64",2026-06-26,"Sitelinks, Reviews, Video, People also ask, Related searches, AI overview",informational,Organic
wordpress enterprise development,81,81,90,6,0.00,https://learn.wpvip.com/course/enterprise-wordpress-development-build-test-and-deployment/,0,0,0.00,0.33,104,"14, 14, 64, 64, 50, 100, 100, 78, 64, 50, 50, 64",2026-06-26,"Sitelinks, Reviews, Video, People also ask, Related searches, AI overview",informational,Organic
wordpress enterprise development,88,88,90,6,0.00,https://wpvip.com/blog/wordpress-vip-developers/,0,0,0.00,0.33,104,"14, 14, 64, 64, 50, 100, 100, 78, 64, 50, 50, 64",2026-06-26,"Sitelinks, Reviews, Video, People also ask, Related searches, AI overview",informational,Organic
wordpress enterprise development,92,92,90,6,0.00,https://learn.wpvip.com/,0,0,0.00,0.33,104,"14, 14, 64, 64, 50, 100, 100, 78, 64, 50, 50, 64",2026-06-26,"Sitelinks, Reviews, Video, People also ask, Related searches, AI overview",informational,Organic
wordpress enterprise development,95,95,90,6,0.00,https://wpvip.com/wordpress-vip-for-enterprise/,0,0,0.00,0.33,104,"14, 14, 64, 64, 50, 100, 100, 78, 64, 50, 50, 64",2026-06-26,"Sitelinks, Reviews, Video, People also ask, Related searches, AI overview",informational,Organic
wordpress enterprise development,96,96,90,6,0.00,https://wpvip.com/resource/enterprise-wordpress-security/,0,0,0.00,0.33,104,"14, 14, 64, 64, 50, 100, 100, 78, 64, 50, 50, 64",2026-06-26,"Sitelinks, Reviews, Video, People also ask, Related searches, AI overview",informational,Organic
wordpress enterprise development,97,97,90,6,0.00,https://wpvip.com/wordpress-vip-for-developers/,0,0,0.00,0.33,104,"14, 14, 64, 64, 50, 100, 100, 78, 64, 50, 50, 64",2026-06-26,"Sitelinks, Reviews, Video, People also ask, Related searches, AI overview",informational,Organic
wordpress enterprise development,98,98,90,6,0.00,https://wpvip.com/enterprise-wordpress-hosting/,0,0,0.00,0.33,104,"14, 14, 64, 64, 50, 100, 100, 78, 64, 50, 50, 64",2026-06-26,"Sitelinks, Reviews, Video, People also ask, Related searches, AI overview",informational,Organic
wordpress enterprise development,99,99,90,6,0.00,https://learn.wpvip.com/course/enterprise-performance/,0,0,0.00,0.33,104,"14, 14, 64, 64, 50, 100, 100, 78, 64, 50, 50, 64",2026-06-26,"Sitelinks, Reviews, Video, People also ask, Related searches, AI overview",informational,Organic
network vip,18,18,90,18,0.00,https://learn.wpvip.com/lesson/vip-dashboard-network-sites/,0,0,0.00,0.33,143,"15, 18, 11, 18, 15, 15, 11, 8, 8, 11, 11, 44",2026-06-13,"Image pack, Sitelinks, Video, People also ask, Related searches, AI overview",informational,Organic
what is pim software used for,61,61,50,31,0.00,https://wpvip.com/blog/pim-benefits-and-use-cases/,0,0,0.00,0.33,172,"22, 22, 100, 77, 44, 77, 77, 100, 100, 55, 55, 55",2026-06-30,"Sitelinks, Reviews, Video, Video Carousel, People also ask, Related searches, AI overview",informational,Organic
what is the meaning of pim,96,96,70,39,0.00,https://wpvip.com/glossary/product-information-management/,0,0,0.00,0.02,165,"26, 34, 34, 34, 34, 26, 34, 34, 42, 15, 7, 7",2026-06-15,"Sitelinks, Reviews, Video, People also ask, Related searches, Discussions and forums, AI overview",informational,Organic
headless wordpress security,1,1,50,13,0.00,https://wpvip.com/blog/headless-wordpress-tradeoffs/,0,0,0.00,0.33,133,"9, 9, 23, 33, 33, 33, 42, 33, 23, 14, 9, 23",2026-07-02,"Sitelinks, Reviews, Video, Video Carousel, Related searches, Discussions and forums, AI overview",informational,AI overview
headless wordpress security,5,5,50,13,0.00,https://wpvip.com/blog/headless-wordpress-tradeoffs/,0,0,0.00,0.33,133,"9, 9, 23, 33, 33, 33, 42, 33, 23, 14, 9, 23",2026-07-02,"Sitelinks, Reviews, Video, Video Carousel, Related searches, Discussions and forums, AI overview",informational,Organic
headless wordpress security,32,32,50,13,0.00,https://wpvip.com/headless-wordpress/,0,0,0.00,0.33,133,"9, 9, 23, 33, 33, 33, 42, 33, 23, 14, 9, 23",2026-07-02,"Sitelinks, Reviews, Video, Video Carousel, Related searches, Discussions and forums, AI overview",informational,Organic
enterprise cms software,25,25,50,31,0.00,https://wpvip.com/blog/10-best-enterprise-content-management-systems/,0,0,0.00,0.12,131,"44, 44, 77, 100, 22, 22, 22, 22, 77, 55, 55, 55",2026-07-14,"Sitelinks, Reviews, Video, People also ask, Related searches, Discussions and forums, AI overview","commercial, informational",Organic
tebra cms to wordpress migration developer expert,20,20,320,4,0.00,https://wpvip.com/blog/enterprise-wordpress-migration/,0,0,0.00,0,1170,"1, 81, 100, 29, 0, 0",2026-07-10,"Reviews, Video, People also ask, Ads middle, AI overview",informational,Organic
wordpress 6.7 release date october 2025,37,37,260,28,0.00,https://customerhub.wpvip.com/platform-release-schedule/,0,0,0.00,0,110,"100, 0, 0, 0, 0, 0",2026-06-18,"Reviews, Video, Ads bottom, People also ask, Related searches, AI overview",informational,Organic
is vip domain safe,8,8,40,13,0.00,https://docs.wpvip.com/security/phishing/,0,0,0.00,0.08,106,"18, 100, 100, 18, 18, 18, 18, 18, 18, 18, 18, 18",2026-06-02,"Sitelinks, Video, Ads bottom, People also ask, Related searches, Discussions and forums, Ads middle, AI overview",informational,Organic
is vip domain safe,12,12,40,13,0.00,https://docs.wpvip.com/security/phishing/,0,0,0.00,0.08,106,"18, 100, 100, 18, 18, 18, 18, 18, 18, 18, 18, 18",2026-06-02,"Sitelinks, Video, Ads bottom, People also ask, Related searches, Discussions and forums, Ads middle, AI overview",informational,Organic
dns verification record,27,27,30,29,1.83,https://docs.wpvip.com/domains/verification/,0,0,0.00,0.19,129,"18, 100, 18, 18, 18, 18, 18, 18, 18, 18, 18, 18",2026-07-06,"Sitelinks, Video, Ads top, Ads bottom, Video Carousel, People also ask, Related searches, Discussions and forums, AI overview",informational,Organic
dxp meaning,62,62,210,25,0.00,https://wpvip.com/glossary/digital-experience-platform/,0,0,0.00,0.03,125,"34, 21, 81, 81, 65, 100, 53, 65, 100, 34, 53, 43",2026-06-27,"Sitelinks, Video, Video Carousel, People also ask, Related searches, AI overview",informational,Organic
dxp meaning,75,75,210,25,0.00,https://wpvip.com/glossary/digital-experience-platform/,0,0,0.00,0.03,125,"34, 21, 81, 81, 65, 100, 53, 65, 100, 34, 53, 43",2026-06-27,"Sitelinks, Video, Video Carousel, People also ask, Related searches, AI overview",informational,Organic
wordpress company virginia,62,62,90,6,0.00,https://wpvip.com/,0,0,0.00,0.33,117,"27, 100, 45, 81, 81, 81, 81, 81, 81, 81, 63, 63",2026-06-15,"Knowledge panel, Reviews, Video, AI overview","commercial, informational",Organic
cached query,31,31,40,24,0.00,https://docs.wpvip.com/caching/query-cache/,0,0,0.00,0.01,118,"100, 0, 71, 100, 100, 57, 71, 71, 28, 28, 28, 28",2026-07-08,"Sitelinks, Video, Video Carousel, People also ask, Related searches, AI overview",informational,Organic
cached query,49,49,40,24,0.00,https://docs.wpvip.com/caching/query-cache/,0,0,0.00,0.01,118,"100, 0, 71, 100, 100, 57, 71, 71, 28, 28, 28, 28",2026-07-08,"Sitelinks, Video, Video Carousel, People also ask, Related searches, AI overview",informational,Organic
forrester 2026,14,14,70,62,2.30,https://wpvip.com/events/forrester-b2b-summit-2026/,0,0,0.00,1,130,"3, 6, 21, 6, 9, 15, 6, 9, 12, 28, 34, 100",2026-07-19,"Knowledge panel, Reviews, Video, Image, Video Carousel, People also ask, Related searches, AI overview",informational,Organic
multisite seo,21,21,90,23,0.00,https://wpvip.com/glossary/wordpress-multisite/,0,0,0.00,0.33,121,"17, 11, 11, 11, 29, 64, 64, 82, 100, 100, 64, 100",2026-06-11,"Sitelinks, Reviews, Video, Video Carousel, People also ask, Related searches, Discussions and forums, AI overview","commercial, informational",Organic
required check,11,11,70,23,0.00,https://docs.wpvip.com/code-deployment/github-repository/required-status-checks/,0,0,0.00,0.33,108,"9, 9, 9, 52, 52, 80, 0, 33, 42, 23, 33, 23",2026-07-13,"Image pack, Sitelinks, Video, People also ask, Related searches, AI overview",informational,Organic
what is wp multisite,5,5,50,34,1.82,https://wpvip.com/blog/wordpress-multisite/,0,0,0.00,0.1,12200000,"5, 5, 5, 0, 3, 5, 3, 3, 3, 5, 3, 8",2026-05-28,"Sitelinks, Video, Video Carousel, People also ask, Related searches, AI overview",informational,People also ask
what is wp multisite,5,5,50,34,1.82,https://wpvip.com/glossary/wordpress-multisite/,0,0,0.00,0.1,12200000,"5, 5, 5, 0, 3, 5, 3, 3, 3, 5, 3, 8",2026-05-28,"Sitelinks, Video, Video Carousel, People also ask, Related searches, AI overview",informational,People also ask
what is wp multisite,44,44,50,34,1.82,https://wpvip.com/glossary/wordpress-multisite/,0,0,0.00,0.1,12200000,"5, 5, 5, 0, 3, 5, 3, 3, 3, 5, 3, 8",2026-05-28,"Sitelinks, Video, Video Carousel, People also ask, Related searches, AI overview",informational,Organic
training wordpress,12,10,260,72,2.53,https://learn.wpvip.com/,0,0,0.00,0.38,138,"29, 54, 44, 36, 44, 36, 23, 23, 36, 19, 36, 23",2026-07-22,"Knowledge panel, Reviews, Video, Video Carousel, People also ask, Related searches",transactional,Organic
headless content management system,43,43,590,75,16.13,https://wpvip.com/glossary/headless-content-management-systems/,0,0,0.00,0.15,154,"72, 72, 48, 72, 48, 88, 100, 72, 21, 21, 39, 48",2026-07-01,"Sitelinks, Reviews, Video, People also ask, Related searches, AI overview",informational,Organic
list of fedramp certified companies,54,54,40,34,4.55,https://wpvip.com/blog/wordpress-vip-is-fedramp-authorized/,0,0,0.00,0.32,126,"78, 50, 50, 64, 35, 14, 14, 14, 14, 14, 14, 14",2026-05-27,"Sitelinks, Ads top, Ads bottom, People also ask, Related searches","commercial, navigational",Organic
cve-2025-67779.,26,26,210,40,0.00,https://customerhub.wpvip.com/lobby/2025/12/11/security-update-additional-next-js-react-server-components-vulnerabilities-cve-2025-55183-cve-2025-55184-cve-2025-67779/,0,0,0.00,0.09,110,"54, 54, 54, 54, 54, 54, 54, 54, 0, 0, 0, 0",2026-07-09,"Video, Related searches",informational,Organic
feedback to client sample odesk,65,65,390,24,0.00,https://customerhub.wpvip.com/lobby/2009/01/12/odesk-wordpress-most-in-demand/,0,0,0.00,0.33,26000,"1, 1, 1, 1, 8, 8, 30, 45, 67, 55, 55, 100",2026-07-12,"Sitelinks, Reviews, Video, Video Carousel, People also ask, Related searches, AI overview",informational,Organic
caching queries,32,32,40,22,0.00,https://docs.wpvip.com/caching/query-cache/,0,0,0.00,0.01,135,"63, 0, 45, 63, 63, 36, 45, 45, 18, 18, 18, 45",2026-07-15,"Sitelinks, Video, People also ask, Related searches, AI overview",informational,Organic
california government funding for managed wordpress hosting,1,1,90,10,0.00,https://wpvip.com/case-studies/public-sector-ca/,0,0,0.00,0,918000,"28, 100",2026-06-24,"Reviews, Video, People also ask, Related searches, AI overview",informational,AI overview
california government funding for managed wordpress hosting,8,8,90,10,0.00,https://wpvip.com/wordpress-vip-for-government/,0,0,0.00,0,918000,"28, 100",2026-06-24,"Reviews, Video, People also ask, Related searches, AI overview",informational,People also ask
california government funding for managed wordpress hosting,25,25,90,10,0.00,https://wpvip.com/wordpress-vip-for-government/,0,0,0.00,0,918000,"28, 100",2026-06-24,"Reviews, Video, People also ask, Related searches, AI overview",informational,Organic
accessibility wordpress,20,20,50,33,3.01,https://wpvip.com/blog/wordpress-accessibility/,0,0,0.00,0.5,125,"11, 23, 29, 100, 100, 29, 0, 0, 11, 11, 11, 11",2026-06-13,"Sitelinks, Reviews, Video, Ads top, Ads bottom, Video Carousel, Related searches, AI overview",informational,Organic
accessibility wordpress,37,37,50,33,3.01,https://wpvip.com/blog/wordpress-accessibility/,0,0,0.00,0.5,125,"11, 23, 29, 100, 100, 29, 0, 0, 11, 11, 11, 11",2026-06-13,"Sitelinks, Reviews, Video, Ads top, Ads bottom, Video Carousel, Related searches, AI overview",informational,Organic
answer engine optimization aeo services,18,18,50,38,19.77,https://wpvip.com/blog/answer-engine-optimization-strategies/,0,0,0.00,0.05,181,"0, 0, 0, 0, 0, 11, 5, 64, 82, 52, 29, 100",2026-06-22,"Sitelinks, Reviews, Video, Video Carousel, Related searches, Ads middle, AI overview",informational,Organic
answer engine optimization aeo services,51,51,50,38,19.77,https://wpvip.com/blog/answer-engine-optimization-strategies/,0,0,0.00,0.05,181,"0, 0, 0, 0, 0, 11, 5, 64, 82, 52, 29, 100",2026-06-22,"Sitelinks, Reviews, Video, Video Carousel, Related searches, Ads middle, AI overview",informational,Organic
sitecore to wordpress migration,33,33,90,0,7.35,https://wpvip.com/resource/sitecore-vs-wordpress-vip/,0,0,0.00,0.29,107,"29, 29, 52, 64, 52, 82, 100, 52, 52, 41, 52, 52",2026-06-27,"Sitelinks, Reviews, Video, Discussions and forums, AI overview",informational,Organic
what is self hosted wordpress,11,11,30,18,6.32,https://wpvip.com/blog/self-hosted-wordpress/,0,0,0.00,0.27,141,"22, 22, 22, 100, 33, 33, 22, 22, 22, 22, 22, 22",2026-06-30,"Sitelinks, Reviews, Video, Video Carousel, People also ask, Related searches, AI overview",informational,Organic
wordpress cron wp-cron documentation,1,1,50,13,0.00,https://docs.wpvip.com/wordpress-on-vip/cron-control/,0,0,0.00,0,107,"5, 5, 100, 64, 17, 0, 5",2026-06-19,"Sitelinks, Video, Related searches, AI overview",informational,AI overview
word press vip,1,1,50,21,28.09,https://wpvip.com/wordpress-vip-faq/,0,0,0.00,0.51,0,"9, 6, 6, 53, 3, 100, 3, 3, 6, 6, 6, 6",2026-06-30,"Sitelinks, Reviews, Video, Video Carousel, People also ask, Related searches",navigational,People also ask
login vip,11,11,70,17,5.72,https://docs.wpvip.com/vip-dashboard/vip-dashboard-log-in/,0,0,0.00,0.01,107,"0, 0, 0, 0, 0, 0, 88, 0, 0, 0, 0, 0",2026-05-28,"Video, Related searches","navigational, transactional",Organic
percentage of websites using wordpress 2025 or 2026,50,50,50,43,0.00,https://wpvip.com/blog/website-roi-why-websites-matter-2026/,0,0,0.00,0,149,"57, 100",2026-07-18,"Sitelinks, Video, People also ask, Related searches",informational,Organic
wordpress vip partner,3,3,40,18,12.51,https://wpvip.com/,0,0,0.00,0.46,102,"28, 28, 100, 71, 100, 57, 100, 71, 28, 28, 42, 28",2026-07-13,"Sitelinks, Reviews, Video, People also ask, Related searches",navigational,Organic
wordpress vip partner,4,4,40,18,12.51,https://wpvip.com/wordpress-vip-for-saas-cms/,0,0,0.00,0.46,102,"28, 28, 100, 71, 100, 57, 100, 71, 28, 28, 42, 28",2026-07-13,"Sitelinks, Reviews, Video, People also ask, Related searches",navigational,People also ask
wordpress vip partner,8,8,40,18,12.51,https://wpvip.com/why-become-a-wordpress-vip-partner-agency/,0,0,0.00,0.46,102,"28, 28, 100, 71, 100, 57, 100, 71, 28, 28, 42, 28",2026-07-13,"Sitelinks, Reviews, Video, People also ask, Related searches",navigational,Organic
wordpress vip partner,12,12,40,18,12.51,https://wpvip.com/contact/,0,0,0.00,0.46,102,"28, 28, 100, 71, 100, 57, 100, 71, 28, 28, 42, 28",2026-07-13,"Sitelinks, Reviews, Video, People also ask, Related searches",navigational,Organic
wordpress vip partner,22,22,40,18,12.51,https://wpvip.com/partner-announcements/teckpert-named-wordpress-vip-public-sector-agency-partner/,0,0,0.00,0.46,102,"28, 28, 100, 71, 100, 57, 100, 71, 28, 28, 42, 28",2026-07-13,"Sitelinks, Reviews, Video, People also ask, Related searches",navigational,Organic
wordpress vip partner,27,27,40,18,12.51,https://wpvip.com/wordpress-vip-agile-content-platform/,0,0,0.00,0.46,102,"28, 28, 100, 71, 100, 57, 100, 71, 28, 28, 42, 28",2026-07-13,"Sitelinks, Reviews, Video, People also ask, Related searches",navigational,Organic
wordpress vip partner,30,30,40,18,12.51,https://wpvip.com/partner/10up/,0,0,0.00,0.46,102,"28, 28, 100, 71, 100, 57, 100, 71, 28, 28, 42, 28",2026-07-13,"Sitelinks, Reviews, Video, People also ask, Related searches",navigational,Organic
wordpress vip partner,37,37,40,18,12.51,https://wpvip.com/why-become-a-wordpress-vip-partner-tech/,0,0,0.00,0.46,102,"28, 28, 100, 71, 100, 57, 100, 71, 28, 28, 42, 28",2026-07-13,"Sitelinks, Reviews, Video, People also ask, Related searches",navigational,Organic
wordpress vip partner,42,42,40,18,12.51,https://wpvip.com/partner/rtcamp/,0,0,0.00,0.46,102,"28, 28, 100, 71, 100, 57, 100, 71, 28, 28, 42, 28",2026-07-13,"Sitelinks, Reviews, Video, People also ask, Related searches",navigational,Organic
wordpress vip partner,45,45,40,18,12.51,https://wpvip.com/partner-announcements/teckpert-named-wordpress-vip-public-sector-agency-partner/,0,0,0.00,0.46,102,"28, 28, 100, 71, 100, 57, 100, 71, 28, 28, 42, 28",2026-07-13,"Sitelinks, Reviews, Video, People also ask, Related searches",navigational,Organic
wordpress vip partner,50,50,40,18,12.51,https://wpvip.com/partner-announcements/human-made-wordpress-vip-gold-agency-partner/,0,0,0.00,0.46,102,"28, 28, 100, 71, 100, 57, 100, 71, 28, 28, 42, 28",2026-07-13,"Sitelinks, Reviews, Video, People also ask, Related searches",navigational,Organic
wordpress vip partner,51,51,40,18,12.51,https://wpvip.com/partner/syde/,0,0,0.00,0.46,102,"28, 28, 100, 71, 100, 57, 100, 71, 28, 28, 42, 28",2026-07-13,"Sitelinks, Reviews, Video, People also ask, Related searches",navigational,Organic
wordpress vip partner,53,53,40,18,12.51,https://wpvip.com/blog/siteimprove-wordpress/,0,0,0.00,0.46,102,"28, 28, 100, 71, 100, 57, 100, 71, 28, 28, 42, 28",2026-07-13,"Sitelinks, Reviews, Video, People also ask, Related searches",navigational,Organic
wordpress vip partner,57,57,40,18,12.51,https://wpvip.com/solutions/engineering-teams/,0,0,0.00,0.46,102,"28, 28, 100, 71, 100, 57, 100, 71, 28, 28, 42, 28",2026-07-13,"Sitelinks, Reviews, Video, People also ask, Related searches",navigational,Organic
wordpress vip partner,58,58,40,18,12.51,https://wpvip.com/blog/,0,0,0.00,0.46,102,"28, 28, 100, 71, 100, 57, 100, 71, 28, 28, 42, 28",2026-07-13,"Sitelinks, Reviews, Video, People also ask, Related searches",navigational,Organic
wordpress vip partner,59,59,40,18,12.51,https://wpvip.com/blog/agency-partner-showcase-media-publishing-success/,0,0,0.00,0.46,102,"28, 28, 100, 71, 100, 57, 100, 71, 28, 28, 42, 28",2026-07-13,"Sitelinks, Reviews, Video, People also ask, Related searches",navigational,Organic
wordpress vip partner,62,62,40,18,12.51,https://wpvip.com/about/,0,0,0.00,0.46,102,"28, 28, 100, 71, 100, 57, 100, 71, 28, 28, 42, 28",2026-07-13,"Sitelinks, Reviews, Video, People also ask, Related searches",navigational,Organic
wordpress vip partner,64,64,40,18,12.51,https://wpvip.com/partner/the-code-company/,0,0,0.00,0.46,102,"28, 28, 100, 71, 100, 57, 100, 71, 28, 28, 42, 28",2026-07-13,"Sitelinks, Reviews, Video, People also ask, Related searches",navigational,Organic
wordpress vip partner,67,67,40,18,12.51,https://wpvip.com/wordpress-ecosystem/,0,0,0.00,0.46,102,"28, 28, 100, 71, 100, 57, 100, 71, 28, 28, 42, 28",2026-07-13,"Sitelinks, Reviews, Video, People also ask, Related searches",navigational,Organic
wordpress vip partner,68,68,40,18,12.51,https://wpvip.com/wordpress-ecosystem/,0,0,0.00,0.46,102,"28, 28, 100, 71, 100, 57, 100, 71, 28, 28, 42, 28",2026-07-13,"Sitelinks, Reviews, Video, People also ask, Related searches",navigational,Organic
wordpress vip partner,69,69,40,18,12.51,https://wpvip.com/capabilities/enterprise-content-creation/,0,0,0.00,0.46,102,"28, 28, 100, 71, 100, 57, 100, 71, 28, 28, 42, 28",2026-07-13,"Sitelinks, Reviews, Video, People also ask, Related searches",navigational,Organic
wordpress vip partner,70,70,40,18,12.51,https://wpvip.com/resources/webinars/launched-wordpress-vips-newest-product-solutions/,0,0,0.00,0.46,102,"28, 28, 100, 71, 100, 57, 100, 71, 28, 28, 42, 28",2026-07-13,"Sitelinks, Reviews, Video, People also ask, Related searches",navigational,Organic
wordpress vip partner,71,71,40,18,12.51,https://wpvip.com/resource/ecommerce-content-marketing/,0,0,0.00,0.46,102,"28, 28, 100, 71, 100, 57, 100, 71, 28, 28, 42, 28",2026-07-13,"Sitelinks, Reviews, Video, People also ask, Related searches",navigational,Organic
wordpress vip partner,72,72,40,18,12.51,https://wpvip.com/pricing/,0,0,0.00,0.46,102,"28, 28, 100, 71, 100, 57, 100, 71, 28, 28, 42, 28",2026-07-13,"Sitelinks, Reviews, Video, People also ask, Related searches",navigational,Organic
wordpress vip partner,73,73,40,18,12.51,https://wpvip.com/partner/developress/,0,0,0.00,0.46,102,"28, 28, 100, 71, 100, 57, 100, 71, 28, 28, 42, 28",2026-07-13,"Sitelinks, Reviews, Video, People also ask, Related searches",navigational,Organic
wordpress vip partner,74,74,40,18,12.51,https://wpvip.com/author/wordpressvipteam/,0,0,0.00,0.46,102,"28, 28, 100, 71, 100, 57, 100, 71, 28, 28, 42, 28",2026-07-13,"Sitelinks, Reviews, Video, People also ask, Related searches",navigational,Organic
wordpress vip partner,75,75,40,18,12.51,https://customerhub.wpvip.com/lobby-category/customerhub-programs/featured-partner-program/page/2/,0,0,0.00,0.46,102,"28, 28, 100, 71, 100, 57, 100, 71, 28, 28, 42, 28",2026-07-13,"Sitelinks, Reviews, Video, People also ask, Related searches",navigational,Organic
wordpress vip partner,76,76,40,18,12.51,https://wpvip.com/blog/why-customers-love-wordpress-vip/,0,0,0.00,0.46,102,"28, 28, 100, 71, 100, 57, 100, 71, 28, 28, 42, 28",2026-07-13,"Sitelinks, Reviews, Video, People also ask, Related searches",navigational,Organic
wordpress vip partner,77,77,40,18,12.51,https://wpvip.com/solutions/marketers/,0,0,0.00,0.46,102,"28, 28, 100, 71, 100, 57, 100, 71, 28, 28, 42, 28",2026-07-13,"Sitelinks, Reviews, Video, People also ask, Related searches",navigational,Organic
wordpress vip partner,78,78,40,18,12.51,https://wpvip.com/solutions/marketers/,0,0,0.00,0.46,102,"28, 28, 100, 71, 100, 57, 100, 71, 28, 28, 42, 28",2026-07-13,"Sitelinks, Reviews, Video, People also ask, Related searches",navigational,Organic
wordpress vip partner,79,79,40,18,12.51,https://wpvip.com/enterprise-support/,0,0,0.00,0.46,102,"28, 28, 100, 71, 100, 57, 100, 71, 28, 28, 42, 28",2026-07-13,"Sitelinks, Reviews, Video, People also ask, Related searches",navigational,Organic
wordpress vip partner,80,80,40,18,12.51,https://customerhub.wpvip.com/lobby/2012/03/14/featured-partner-program/,0,0,0.00,0.46,102,"28, 28, 100, 71, 100, 57, 100, 71, 28, 28, 42, 28",2026-07-13,"Sitelinks, Reviews, Video, People also ask, Related searches",navigational,Organic
wordpress vip partner,81,81,40,18,12.51,https://wpvip.com/capabilities/,0,0,0.00,0.46,102,"28, 28, 100, 71, 100, 57, 100, 71, 28, 28, 42, 28",2026-07-13,"Sitelinks, Reviews, Video, People also ask, Related searches",navigational,Organic
wordpress vip partner,82,82,40,18,12.51,https://wpvip.com/wordpress-vip-premier/,0,0,0.00,0.46,102,"28, 28, 100, 71, 100, 57, 100, 71, 28, 28, 42, 28",2026-07-13,"Sitelinks, Reviews, Video, People also ask, Related searches",navigational,Organic
wordpress vip partner,83,83,40,18,12.51,https://customerhub.wpvip.com/lobby-category/customerhub-programs/featured-partner-program/page/11/,0,0,0.00,0.46,102,"28, 28, 100, 71, 100, 57, 100, 71, 28, 28, 42, 28",2026-07-13,"Sitelinks, Reviews, Video, People also ask, Related searches",navigational,Organic
wordpress vip partner,84,84,40,18,12.51,https://docs.wpvip.com/,0,0,0.00,0.46,102,"28, 28, 100, 71, 100, 57, 100, 71, 28, 28, 42, 28",2026-07-13,"Sitelinks, Reviews, Video, People also ask, Related searches",navigational,Organic
wordpress vip partner,85,85,40,18,12.51,https://customerhub.wpvip.com/lobby/2024/02/12/ndevr-wordpress-vip-gold-agency-partner/,0,0,0.00,0.46,102,"28, 28, 100, 71, 100, 57, 100, 71, 28, 28, 42, 28",2026-07-13,"Sitelinks, Reviews, Video, People also ask, Related searches",navigational,Organic
wordpress vip partner,86,86,40,18,12.51,https://wpvip.com/content-management-system/,0,0,0.00,0.46,102,"28, 28, 100, 71, 100, 57, 100, 71, 28, 28, 42, 28",2026-07-13,"Sitelinks, Reviews, Video, People also ask, Related searches",navigational,Organic
wordpress vip partner,87,87,40,18,12.51,https://wpvip.com/fr/,0,0,0.00,0.46,102,"28, 28, 100, 71, 100, 57, 100, 71, 28, 28, 42, 28",2026-07-13,"Sitelinks, Reviews, Video, People also ask, Related searches",navigational,Organic
wordpress vip partner,88,88,40,18,12.51,https://wpvip.com/blog/hire-wordpress-developer/,0,0,0.00,0.46,102,"28, 28, 100, 71, 100, 57, 100, 71, 28, 28, 42, 28",2026-07-13,"Sitelinks, Reviews, Video, People also ask, Related searches",navigational,Organic
wordpress vip partner,89,89,40,18,12.51,https://wpvip.com/wordpress-platform/,0,0,0.00,0.46,102,"28, 28, 100, 71, 100, 57, 100, 71, 28, 28, 42, 28",2026-07-13,"Sitelinks, Reviews, Video, People also ask, Related searches",navigational,Organic
wordpress vip partner,90,90,40,18,12.51,https://wpvip.com/blog/what-is-wordpress-vip/,0,0,0.00,0.46,102,"28, 28, 100, 71, 100, 57, 100, 71, 28, 28, 42, 28",2026-07-13,"Sitelinks, Reviews, Video, People also ask, Related searches",navigational,Organic
wordpress vip partner,91,91,40,18,12.51,https://wpvip.com/wordpress-vip-enterprise-support/,0,0,0.00,0.46,102,"28, 28, 100, 71, 100, 57, 100, 71, 28, 28, 42, 28",2026-07-13,"Sitelinks, Reviews, Video, People also ask, Related searches",navigational,Organic
wordpress vip partner,92,92,40,18,12.51,https://wpvip.com/event/content-analytics-for-wordpress-webinar/,0,0,0.00,0.46,102,"28, 28, 100, 71, 100, 57, 100, 71, 28, 28, 42, 28",2026-07-13,"Sitelinks, Reviews, Video, People also ask, Related searches",navigational,Organic
wordpress vip partner,93,93,40,18,12.51,https://wpvip.com/services/,0,0,0.00,0.46,102,"28, 28, 100, 71, 100, 57, 100, 71, 28, 28, 42, 28",2026-07-13,"Sitelinks, Reviews, Video, People also ask, Related searches",navigational,Organic
wordpress vip partner,94,94,40,18,12.51,https://wpvip.com/blog/run-the-web-vip/,0,0,0.00,0.46,102,"28, 28, 100, 71, 100, 57, 100, 71, 28, 28, 42, 28",2026-07-13,"Sitelinks, Reviews, Video, People also ask, Related searches",navigational,Organic
wordpress vip partner,95,95,40,18,12.51,https://wpvip.com/products/,0,0,0.00,0.46,102,"28, 28, 100, 71, 100, 57, 100, 71, 28, 28, 42, 28",2026-07-13,"Sitelinks, Reviews, Video, People also ask, Related searches",navigational,Organic
ai content management system,45,45,210,29,10.62,https://wpvip.com/blog/ai-cms/,0,0,0.00,0.12,149,"5, 35, 53, 10, 100, 82, 82, 43, 35, 53, 12, 66",2026-06-11,"Sitelinks, Video, Ads bottom, People also ask, Related searches, AI overview",informational,Organic
wordpress partner,26,26,140,14,30.01,https://wpvip.com/partners/technology-partners/,0,0,0.00,0.2,108,"34, 43, 34, 53, 53, 34, 53, 6, 65, 65, 34, 28",2026-06-24,"Sitelinks, Reviews, Video, Video Carousel, People also ask, Related searches",informational,Organic
wordpress partner,49,49,140,14,30.01,https://wpvip.com/why-become-a-wordpress-vip-partner-tech/,0,0,0.00,0.2,108,"34, 43, 34, 53, 53, 34, 53, 6, 65, 65, 34, 28",2026-06-24,"Sitelinks, Reviews, Video, Video Carousel, People also ask, Related searches",informational,Organic
wordpress partner,69,69,140,14,30.01,https://wpvip.com/why-become-a-wordpress-vip-partner-agency/,0,0,0.00,0.2,108,"34, 43, 34, 53, 53, 34, 53, 6, 65, 65, 34, 28",2026-06-24,"Sitelinks, Reviews, Video, Video Carousel, People also ask, Related searches",informational,Organic
wordpress partner,79,79,140,14,30.01,https://wpvip.com/blog/agency-partner-showcase-media-publishing-success/,0,0,0.00,0.2,108,"34, 43, 34, 53, 53, 34, 53, 6, 65, 65, 34, 28",2026-06-24,"Sitelinks, Reviews, Video, Video Carousel, People also ask, Related searches",informational,Organic
wordpress partner,83,83,140,14,30.01,https://wpvip.com/blog/hire-wordpress-developer/,0,0,0.00,0.2,108,"34, 43, 34, 53, 53, 34, 53, 6, 65, 65, 34, 28",2026-06-24,"Sitelinks, Reviews, Video, Video Carousel, People also ask, Related searches",informational,Organic
wpengine add user,8,8,70,22,0.00,https://docs.wpvip.com/manage-user-access/wordpress/,0,0,0.00,0.33,106,"27, 18, 81, 63, 63, 81, 100, 63, 81, 81, 18, 81",2026-07-13,"Sitelinks, Video, Video Carousel, People also ask, Related searches, AI overview",informational,People also ask
huge acquia partner,59,59,40,18,0.00,https://wpvip.com/wordpress-vip-vs-acquia/,0,0,0.00,0,33700,"100, 55, 0, 0",2026-06-02,"Sitelinks, Video, Ads bottom, People also ask, Related searches, AI overview",informational,Organic
how to display from salesforce to wordpress,16,16,210,21,0.00,https://wpvip.com/wordpress-vip-for-salesforce/,0,0,0.00,0,138,"100, 0, 0, 0, 0, 0, 0, 0, 0, 0, 0, 0",2026-07-18,"Reviews, Video, Video Carousel, People also ask, Related searches, AI overview",informational,Organic
sitecore to wordpress,1,1,110,2,0.00,https://wpvip.com/resource/sitecore-vs-wordpress-vip/,0,0,0.00,0.01,34,"33, 23, 19, 52, 52, 52, 66, 100, 66, 52, 52, 52",2026-06-01,AI overview,informational,AI overview
pim marketing,57,57,90,23,7.55,https://wpvip.com/blog/pim-benefits-and-use-cases/,0,0,0.00,0.24,129,"19, 15, 19, 15, 9, 6, 2, 15, 19, 12, 9, 12",2026-07-08,"Sitelinks, Reviews, Video, Ads bottom, Video Carousel, People also ask, Related searches, AI overview",informational,Organic
wordpress multisite seo,28,28,70,20,0.00,https://wpvip.com/blog/wordpress-multisite/,0,0,0.00,0.08,103,"11, 7, 7, 19, 19, 7, 42, 42, 42, 53, 42, 42",2026-06-12,"Sitelinks, Video, People also ask, Related searches, Discussions and forums, AI overview",informational,Organic
wordpress multisite seo,42,42,70,20,0.00,https://wpvip.com/blog/wordpress-multisite/,0,0,0.00,0.08,103,"11, 7, 7, 19, 19, 7, 42, 42, 42, 53, 42, 42",2026-06-12,"Sitelinks, Video, People also ask, Related searches, Discussions and forums, AI overview",informational,Organic
wordpress multisite seo,58,58,70,20,0.00,https://wpvip.com/glossary/wordpress-multisite/,0,0,0.00,0.08,103,"11, 7, 7, 19, 19, 7, 42, 42, 42, 53, 42, 42",2026-06-12,"Sitelinks, Video, People also ask, Related searches, Discussions and forums, AI overview",informational,Organic
wordpress 6.7 release january 2026,12,12,50,14,0.00,https://customerhub.wpvip.com/platform-release-schedule/,0,0,0.00,0,1020000,"100, 0, 0",2026-06-15,"Reviews, Video, Ads bottom, People also ask, Related searches, AI overview",informational,Organic
wordpress reverse proxy,42,42,40,35,0.00,https://docs.wpvip.com/reverse-proxy/configure/,0,0,0.00,0.01,101,"0, 0, 3, 2, 1, 0, 0, 0, 0, 0, 0, 0",2026-07-13,"Sitelinks, Video, Video Carousel, Related searches, AI overview",informational,Organic
omnichannel cms,25,25,320,15,0.00,https://wpvip.com/blog/omnichannel-digital-experiences-cms-composable/,0,0,0.00,0.33,156,"29, 54, 36, 81, 81, 29, 4, 2, 36, 100, 54, 44",2026-06-17,"Sitelinks, Reviews, Video, People also ask, AI overview",informational,Organic
best website analytics,12,12,110,34,13.04,https://wpvip.com/blog/web-analytics-software-tools/,0,0,0.00,0.24,129,"29, 41, 41, 17, 82, 64, 41, 100, 41, 100, 82, 64",2026-07-08,"Sitelinks, Video, Related searches, AI overview",commercial,Organic
wp engine headless,31,31,40,31,37.72,https://wpvip.com/headless-wordpress/,0,0,0.00,0.26,104,"27, 27, 63, 63, 45, 18, 18, 18, 18, 18, 18, 81",2026-06-26,"Sitelinks, Reviews, Video, Ads top, Ads bottom, Video Carousel, Related searches, Discussions and forums",navigational,Organic
github pr checks,16,16,50,33,0.00,https://docs.wpvip.com/code-deployment/github-repository/required-status-checks/,0,0,0.00,0.01,107,"50, 50, 50, 50, 50, 50, 35, 35, 14, 14, 14, 14",2026-07-09,"Sitelinks, Video, Video Carousel, Related searches, Discussions and forums, AI overview",informational,Organic
forrester wave cms,7,7,30,22,147.24,https://wpvip.com/resource/forrester-wave-content-management-systems-2025/,0,0,0.00,0.34,133,"9, 9, 14, 14, 9, 9, 23, 9, 9, 42, 9, 9",2026-07-19,"Image pack, Video, Related searches, AI overview",informational,Organic
forrester wave cms,20,20,30,22,147.24,https://wpvip.com/resources/webinars/ai-content-management-forrester-research/,0,0,0.00,0.34,133,"9, 9, 14, 14, 9, 9, 23, 9, 9, 42, 9, 9",2026-07-19,"Image pack, Video, Related searches, AI overview",informational,Organic
forrester wave cms,36,36,30,22,147.24,https://wpvip.com/blog/forrester-wave-content-management-system/,0,0,0.00,0.34,133,"9, 9, 14, 14, 9, 9, 23, 9, 9, 42, 9, 9",2026-07-19,"Image pack, Video, Related searches, AI overview",informational,Organic
forrester wave cms,55,55,30,22,147.24,https://wpvip.com/resources/reports/forrester-wave-2023/,0,0,0.00,0.34,133,"9, 9, 14, 14, 9, 9, 23, 9, 9, 42, 9, 9",2026-07-19,"Image pack, Video, Related searches, AI overview",informational,Organic
forrester wave cms,62,62,30,22,147.24,https://wpvip.com/resources/reports/forrester-wave-2023/,0,0,0.00,0.34,133,"9, 9, 14, 14, 9, 9, 23, 9, 9, 42, 9, 9",2026-07-19,"Image pack, Video, Related searches, AI overview",informational,Organic
wordpress web vitals,32,32,110,15,0.00,https://wpvip.com/blog/measuring-core-web-vitals-on-wordpress/,0,0,0.00,0.33,122,"41, 11, 100, 100, 52, 29, 100, 41, 64, 82, 100, 100",2026-07-06,"Reviews, Video, Ads bottom, Video Carousel, People also ask, Related searches, Ads middle, AI overview",informational,Organic
wp company,43,43,90,22,16.94,https://wpvip.com/,0,0,0.00,0.16,135,"53, 42, 42, 34, 26, 53, 26, 19, 26, 42, 42, 42",2026-06-07,"Sitelinks, Video, People also ask, Related searches, AI overview",informational,Organic
word press .com,35,35,110,100,3.05,https://wpvip.com/,0,0,0.00,0.41,0,"0, 0, 0, 0, 0, 0, 0, 0, 0, 0, 0, 54",2026-06-17,"Sitelinks, Reviews, Video, Video Carousel, People also ask",navigational,Organic
multisite hosting,45,45,40,38,0.00,https://wpvip.com/blog/wordpress-multisite/,0,0,0.00,0.14,153,"28, 57, 28, 28, 100, 42, 57, 100, 71, 28, 28, 28",2026-07-16,"Sitelinks, Reviews, Video, Video Carousel, People also ask, Related searches, AI overview",informational,Organic
2 factor authentication for wordpress,6,6,140,54,2.82,https://docs.wpvip.com/security-controls/wordpress/enforce-2fa/,0,0,0.00,0.11,137,"35, 35, 29, 35, 29, 22, 18, 43, 18, 22, 22, 18",2026-07-05,"Sitelinks, Reviews, Video, Ads bottom, Video Carousel, People also ask, Related searches, Ads middle, AI overview",informational,Organic
cache-control no-store no-cache,15,15,40,52,0.00,https://docs.wpvip.com/caching/page-cache/customize-behavior/cache-control-headers/,0,0,0.00,0.33,108,"0, 0, 0, 0, 0, 0, 64, 0, 82, 0, 64, 82",2026-06-18,"Sitelinks, Video, People also ask, Related searches, Discussions and forums",informational,Organic
curl get response headers,12,12,90,13,0.00,https://docs.wpvip.com/caching/page-cache/http-headers/retrieve-headers/,0,0,0.00,0.33,107,"78, 78, 64, 64, 78, 64, 64, 50, 50, 50, 50, 78",2026-06-15,"Sitelinks, Video, Video Carousel, Related searches, AI overview",informational,Organic
sailthry,12,12,90,14,11.27,https://wpvip.com/partner/sailthru/,0,0,0.00,0.06,106,"0, 23, 44, 23, 0, 0, 23, 0, 0, 0, 0, 0",2026-06-02,"Knowledge panel, Video, Ads bottom, People also ask, Related searches",navigational,Organic
web page analytics tools,13,13,210,41,12.29,https://wpvip.com/blog/web-analytics-software-tools/,0,0,0.00,0.11,135,"81, 23, 12, 23, 15, 12, 12, 23, 19, 12, 36, 7",2026-06-26,"Sitelinks, Video, People also ask, Related searches, AI overview",informational,Organic
wp crontrol,9,9,90,19,0.00,https://docs.wpvip.com/wordpress-on-vip/cron-control/,0,0,0.00,0.04,191,"10, 8, 0, 7, 4, 3, 2, 0, 0, 0, 0, 1",2026-06-07,"Sitelinks, Video, Video Carousel, People also ask, Related searches",navigational,Organic
what does it mean to migrate a website,1,1,40,20,2.41,https://wpvip.com/glossary/website-migration/,0,0,0.00,0.3,166,"28, 28, 28, 100, 42, 57, 57, 28, 57, 57, 42, 57",2026-07-19,"Sitelinks, Reviews, Video, People also ask, Related searches, Discussions and forums, AI overview",informational,AI overview
what does it mean to migrate a website,8,8,40,20,2.41,https://wpvip.com/glossary/website-migration/,0,0,0.00,0.3,166,"28, 28, 28, 100, 42, 57, 57, 28, 57, 57, 42, 57",2026-07-19,"Sitelinks, Reviews, Video, People also ask, Related searches, Discussions and forums, AI overview",informational,Organic
wordpress multisite examples,70,70,90,19,0.00,https://docs.wpvip.com/wordpress-on-vip/multisites/,0,0,0.00,0.1,107,"29, 29, 64, 41, 64, 64, 64, 11, 41, 29, 52, 64",2026-07-18,"Sitelinks, Video, Video Carousel, Related searches, AI overview",informational,Organic
customer data integration cdi,34,34,40,20,0.00,https://wpvip.com/glossary/what-is-customer-data-integration/,0,0,0.00,0.06,133,"18, 18, 18, 100, 36, 27, 27, 27, 45, 27, 18, 36",2026-06-21,"Sitelinks, Video, People also ask, AI overview",informational,Organic
what is a redirect loop,14,14,480,23,0.00,https://learn.wpvip.com/lesson/redirect-loops-and-unexplained-redirects/,0,0,0.00,0.33,149,"9, 32, 11, 72, 59, 88, 88, 100, 59, 21, 17, 2",2026-06-19,"Sitelinks, Reviews, Video, Video Carousel, People also ask, Related searches, AI overview",informational,Organic
sitecore website development,1,1,170,10,0.00,https://wpvip.com/resource/sitecore-vs-wordpress-vip/,0,0,0.00,0.11,108,"53, 34, 100, 65, 65, 81, 53, 43, 53, 15, 21, 65",2026-07-13,"Sitelinks, Reviews, Video, Ads bottom, Video Carousel, People also ask, Related searches, Ads middle, AI overview","informational, navigational",People also ask
vip code,63,63,170,62,6.86,https://docs.wpvip.com/vip-code-analysis-bot/customize-the-bot/,0,0,0.00,0.01,91,"53, 35, 66, 17, 53, 43, 43, 53, 2, 66, 66, 23",2026-06-27,"Image pack, Sitelinks, Reviews, Video, Image, People also ask, Related searches, AI overview",informational,Organic
what are the tools helpful for managed wordpress enterprise hosting,12,12,50,12,0.00,https://wpvip.com/blog/best-wordpress-hosting/,0,0,0.00,0,180,"18, 100, 81, 0, 27, 63, 63",2026-05-31,"Sitelinks, Video, Ads bottom, People also ask, AI overview",informational,Organic
what are the tools helpful for managed wordpress enterprise hosting,52,52,50,12,0.00,https://wpvip.com/wordpress-platform/,0,0,0.00,0,180,"18, 100, 81, 0, 27, 63, 63",2026-05-31,"Sitelinks, Video, Ads bottom, People also ask, AI overview",informational,Organic
wordpress cron,14,14,110,38,0.00,https://docs.wpvip.com/wordpress-on-vip/cron-control/,0,0,0.00,0.02,102,"28, 43, 53, 34, 53, 15, 100, 6, 28, 28, 21, 28",2026-06-01,"Sitelinks, Video, People also ask, Related searches, AI overview",informational,Organic
kryteriononline support,7,7,70,27,0.00,https://learn.wpvip.com/certification/help/,0,0,0.00,0.02,144,"52, 52, 64, 52, 41, 23, 29, 29, 23, 29, 11, 17",2026-06-05,"Sitelinks, Video, Ads top, People also ask, Related searches",navigational,Organic
kryteriononline support,8,8,70,27,0.00,https://learn.wpvip.com/certification/help/,0,0,0.00,0.02,144,"52, 52, 64, 52, 41, 23, 29, 29, 23, 29, 11, 17",2026-06-05,"Sitelinks, Video, Ads top, People also ask, Related searches",navigational,Organic
access to wordpress admin,6,6,30,34,4.07,https://docs.wpvip.com/manage-user-access/wordpress/,0,0,0.00,0.16,103,"100, 71, 100, 71, 28, 28, 28, 28, 28, 28, 28, 28",2026-07-09,"Sitelinks, Video, Video Carousel, People also ask, Related searches, AI overview",informational,Organic
what is a wp2 password,91,91,590,12,0.04,https://docs.wpvip.com/security-controls/wordpress/enforce-2fa/,0,0,0.00,0.01,164,"44, 52, 52, 0, 24, 0, 0, 0, 0, 13, 0, 0",2026-06-02,"Sitelinks, Video, Video Carousel, People also ask, Related searches, Short videos, AI overview",informational,Organic
vip plugin,28,28,320,28,0.00,https://docs.wpvip.com/plugins/installing-plugins/,0,0,0.00,0.33,84,"1, 1, 1, 0, 0, 0, 0, 0, 0, 0, 0, 0",2026-07-02,"Sitelinks, Reviews, Video, People also ask, Related searches",informational,Organic
vip plugin,33,33,320,28,0.00,https://wpvip.com/blog/choosing-the-best-plugins-for-wordpress-vip/,0,0,0.00,0.33,84,"1, 1, 1, 0, 0, 0, 0, 0, 0, 0, 0, 0",2026-07-02,"Sitelinks, Reviews, Video, People also ask, Related searches",informational,Organic
vip plugin,46,46,320,28,0.00,https://docs.wpvip.com/plugins/third-party-plugins/,0,0,0.00,0.33,84,"1, 1, 1, 0, 0, 0, 0, 0, 0, 0, 0, 0",2026-07-02,"Sitelinks, Reviews, Video, People also ask, Related searches",informational,Organic
vip plugin,50,50,320,28,0.00,https://docs.wpvip.com/plugins/version-updates-and-maintenance/,0,0,0.00,0.33,84,"1, 1, 1, 0, 0, 0, 0, 0, 0, 0, 0, 0",2026-07-02,"Sitelinks, Reviews, Video, People also ask, Related searches",informational,Organic
vip plugin,51,51,320,28,0.00,https://docs.wpvip.com/plugins/third-party-plugins/,0,0,0.00,0.33,84,"1, 1, 1, 0, 0, 0, 0, 0, 0, 0, 0, 0",2026-07-02,"Sitelinks, Reviews, Video, People also ask, Related searches",informational,Organic
vip plugin,55,55,320,28,0.00,https://docs.wpvip.com/plugins/version-updates-and-maintenance/,0,0,0.00,0.33,84,"1, 1, 1, 0, 0, 0, 0, 0, 0, 0, 0, 0",2026-07-02,"Sitelinks, Reviews, Video, People also ask, Related searches",informational,Organic
vip plugin,61,61,320,28,0.00,https://docs.wpvip.com/plugins/automattic-plugins/,0,0,0.00,0.33,84,"1, 1, 1, 0, 0, 0, 0, 0, 0, 0, 0, 0",2026-07-02,"Sitelinks, Reviews, Video, People also ask, Related searches",informational,Organic
vip plugin,65,65,320,28,0.00,https://wpvip.com/,0,0,0.00,0.33,84,"1, 1, 1, 0, 0, 0, 0, 0, 0, 0, 0, 0",2026-07-02,"Sitelinks, Reviews, Video, People also ask, Related searches",informational,Organic
vip plugin,67,67,320,28,0.00,https://docs.wpvip.com/guidebooks/get-started/adding-plugins-and-themes/,0,0,0.00,0.33,84,"1, 1, 1, 0, 0, 0, 0, 0, 0, 0, 0, 0",2026-07-02,"Sitelinks, Reviews, Video, People also ask, Related searches",informational,Organic
wordpress integrations,31,31,260,17,13.10,https://docs.wpvip.com/integrations/,0,0,0.00,0.22,100,"17, 10, 28, 28, 82, 82, 100, 100, 82, 82, 66, 66",2026-06-18,"Sitelinks, Reviews, Video, Video Carousel, People also ask, Related searches, AI overview",informational,Organic
wordpress integration,17,17,110,28,6.51,https://wpvip.com/wordpress-ecosystem/,0,0,0.00,0.11,101,"52, 42, 4, 100, 100, 80, 52, 42, 42, 52, 52, 33",2026-06-10,"Video, Video Carousel, People also ask, Related searches, AI overview",informational,Organic
web information architecture,21,21,170,57,4.27,https://wpvip.com/blog/website-information-architecture/,0,0,0.00,0.15,133,"80, 80, 53, 65, 100, 65, 53, 65, 65, 65, 80, 65",2026-07-15,"Image pack, Sitelinks, Reviews, Video, People also ask, Related searches, AI overview",informational,Organic
evaluate west operators on aeo content,100,100,40,3,0.00,https://wpvip.com/blog/answer-engine-optimization-strategies/,0,0,0.00,0,162000,"100, 44, 0",2026-05-21,"Video, Related searches, AI overview",informational,Organic
object cache,8,8,110,29,1.97,https://docs.wpvip.com/caching/object-cache/,0,0,0.00,0.08,120,"64, 52, 64, 100, 64, 82, 82, 100, 41, 23, 29, 41",2026-06-19,"Sitelinks, Reviews, Video, Video Carousel, People also ask, Related searches, AI overview",informational,Organic
tags tips,20,20,70,17,0.00,https://wpvip.com/blog/5-tagging-best-practices-content-strategy/,0,0,0.00,0.33,117,"11, 82, 100, 11, 11, 11, 100, 52, 23, 11, 11, 11",2026-07-04,"Sitelinks, Reviews, Video, Video Carousel, People also ask, Related searches, AI overview",informational,Organic
what is answer engine optimization aeo vs seo,9,9,320,36,0.00,https://wpvip.com/blog/aeo-vs-seo-answer-engine-optimization/,0,0,0.00,0,199,"8, 100",2026-07-11,"Sitelinks, Reviews, Video, Video Carousel, People also ask, Related searches, AI overview","commercial, informational",Organic
wordpress for enterprise sites,1,1,50,17,0.00,https://wpvip.com/,0,0,0.00,0.33,104,"55, 33, 77, 77, 77, 100, 55, 33, 44, 77, 44, 44",2026-06-26,"Sitelinks, Reviews, Video, People also ask, Related searches, AI overview",informational,AI overview
wordpress for enterprise sites,20,20,50,17,0.00,https://wpvip.com/wordpress-platform/,0,0,0.00,0.33,104,"55, 33, 77, 77, 77, 100, 55, 33, 44, 77, 44, 44",2026-06-26,"Sitelinks, Reviews, Video, People also ask, Related searches, AI overview",informational,Organic
wordpress for enterprise sites,62,62,50,17,0.00,https://wpvip.com/case-studies/10-examples-of-enterprise-wordpress/,0,0,0.00,0.33,104,"55, 33, 77, 77, 77, 100, 55, 33, 44, 77, 44, 44",2026-06-26,"Sitelinks, Reviews, Video, People also ask, Related searches, AI overview",informational,Organic
wordpress for enterprise sites,83,83,50,17,0.00,https://wpvip.com/resource/enterprise-wordpress-security/,0,0,0.00,0.33,104,"55, 33, 77, 77, 77, 100, 55, 33, 44, 77, 44, 44",2026-06-26,"Sitelinks, Reviews, Video, People also ask, Related searches, AI overview",informational,Organic
wordpress for enterprise sites,91,91,50,17,0.00,https://wpvip.com/enterprise-wordpress-hosting/,0,0,0.00,0.33,104,"55, 33, 77, 77, 77, 100, 55, 33, 44, 77, 44, 44",2026-06-26,"Sitelinks, Reviews, Video, People also ask, Related searches, AI overview",informational,Organic
ddac conference,28,28,40,23,0.85,https://wpvip.com/event/ddac24/,0,0,0.00,0.3,138,"9, 9, 9, 100, 52, 9, 9, 9, 9, 9, 9, 9",2026-07-07,"Instant answer, Sitelinks, Reviews, Video, Ads top, Ads bottom, Video Carousel, People also ask, Related searches","informational, navigational",Organic
wordpress pim plugin,41,41,40,1,0.00,https://wpvip.com/wordpress-ecosystem/,0,0,0.00,0.33,137,"42, 28, 100, 100, 57, 28, 28, 71, 57, 71, 57, 57",2026-07-19,"Sitelinks, Reviews, Video, Related searches, AI overview",informational,Organic
wordpress pim plugin,76,76,40,1,0.00,https://wpvip.com/partners/technology-partners/,0,0,0.00,0.33,137,"42, 28, 100, 100, 57, 28, 28, 71, 57, 71, 57, 57",2026-07-19,"Sitelinks, Reviews, Video, Related searches, AI overview",informational,Organic
wordpress pim plugin,83,83,40,1,0.00,https://wpvip.com/partners/technology-partners/,0,0,0.00,0.33,137,"42, 28, 100, 100, 57, 28, 28, 71, 57, 71, 57, 57",2026-07-19,"Sitelinks, Reviews, Video, Related searches, AI overview",informational,Organic
wordpress failed to import media,27,27,40,9,0.00,https://docs.wpvip.com/vip-file-system/import-media-files/,0,0,0.00,0.07,121,"2, 2, 2, 6, 4, 2, 6, 12, 9, 2, 9, 9",2026-06-24,"Sitelinks, Reviews, Video, Related searches, AI overview",informational,Organic
fieldmanager,14,14,50,6,12.06,https://wpvip.com/partner/fieldmanager/,0,0,0.00,0.02,123,"19, 19, 23, 23, 23, 19, 42, 14, 14, 9, 100, 4",2026-06-06,"Video, Ads bottom, People also ask, Related searches",navigational,Organic
wordpress 6.7 release candidate december 2025,54,54,170,18,0.00,https://customerhub.wpvip.com/platform-release-schedule/,0,0,0.00,0,19700,100,2026-05-21,"Video, People also ask, Related searches, AI overview",informational,Organic
security advisory: cve-2025-66478,47,47,30,56,9.72,https://customerhub.wpvip.com/lobby/2025/12/04/security-advisory-react-and-next-js-vulnerabilities-cve-2025-66478-cve-2025-55182/,0,0,0.00,0.05,117,"71, 57, 42, 42, 42, 57, 42, 57, 28, 0, 0, 0",2026-06-18,"Sitelinks, Reviews, Video, Related searches, AI overview",informational,Organic
wordpress scalable hosting,12,12,40,16,0.00,https://wpvip.com/blog/wordpress-scalability/,0,0,0.00,0.02,153,"28, 0, 0, 0, 0, 71, 100, 100, 100, 100, 100, 100",2026-06-22,"Sitelinks, Reviews, Video, Related searches, Discussions and forums, AI overview",informational,Organic
wp newsroom,9,9,40,19,0.72,https://wpvip.com/newsroom/,0,0,0.00,0.01,174,"0, 0, 2, 6, 2, 0, 0, 0, 0, 54, 43, 0",2026-06-16,"Video, Video Carousel, People also ask, Related searches, AI overview",informational,Organic
forrester cms,8,8,30,28,177.42,https://wpvip.com/resource/forrester-wave-content-management-systems-2025/,0,0,0.00,0.49,135,"18, 18, 45, 45, 63, 18, 63, 18, 18, 18, 18, 18",2026-07-18,"Image pack, Video, People also ask, Related searches, AI overview",informational,Organic
forrester cms,16,16,30,28,177.42,https://wpvip.com/resources/webinars/ai-content-management-forrester-research/,0,0,0.00,0.49,135,"18, 18, 45, 45, 63, 18, 63, 18, 18, 18, 18, 18",2026-07-18,"Image pack, Video, People also ask, Related searches, AI overview",informational,Organic
forrester cms,41,41,30,28,177.42,https://wpvip.com/resources/reports/forrester-wave-content-management-systems-2025/,0,0,0.00,0.49,135,"18, 18, 45, 45, 63, 18, 63, 18, 18, 18, 18, 18",2026-07-18,"Image pack, Video, People also ask, Related searches, AI overview",informational,Organic
forrester cms,63,63,30,28,177.42,https://wpvip.com/resources/reports/forrester-wave-2023/,0,0,0.00,0.49,135,"18, 18, 45, 45, 63, 18, 63, 18, 18, 18, 18, 18",2026-07-18,"Image pack, Video, People also ask, Related searches, AI overview",informational,Organic
scale wordpress,10,10,40,23,0.00,https://wpvip.com/blog/wordpress-scalability/,0,0,0.00,0.06,102,"0, 11, 100, 55, 33, 33, 44, 77, 55, 55, 55, 55",2026-07-12,"Sitelinks, Reviews, Video, Video Carousel, People also ask, Related searches, Discussions and forums, AI overview",informational,Organic
scale wordpress,27,27,40,23,0.00,https://wpvip.com/auto-scaling/,0,0,0.00,0.06,102,"0, 11, 100, 55, 33, 33, 44, 77, 55, 55, 55, 55",2026-07-12,"Sitelinks, Reviews, Video, Video Carousel, People also ask, Related searches, Discussions and forums, AI overview",informational,Organic
scale wordpress,28,28,40,23,0.00,https://wpvip.com/auto-scaling/,0,0,0.00,0.06,102,"0, 11, 100, 55, 33, 33, 44, 77, 55, 55, 55, 55",2026-07-12,"Sitelinks, Reviews, Video, Video Carousel, People also ask, Related searches, Discussions and forums, AI overview",informational,Organic
scale wordpress,70,70,40,23,0.00,https://wpvip.com/blog/auto-scaling-with-wordpress/,0,0,0.00,0.06,102,"0, 11, 100, 55, 33, 33, 44, 77, 55, 55, 55, 55",2026-07-12,"Sitelinks, Reviews, Video, Video Carousel, People also ask, Related searches, Discussions and forums, AI overview",informational,Organic
kryterion online support,6,6,70,24,0.00,https://learn.wpvip.com/certification/help/,0,0,0.00,0.02,147,"66, 42, 33, 42, 33, 19, 23, 23, 19, 23, 9, 14",2026-06-05,"Sitelinks, Video, Related searches",navigational,Organic
ai powered cms,1,1,30,43,10.76,https://wpvip.com/blog/ai-cms/,0,0,0.00,0.2,140,"27, 18, 18, 18, 18, 18, 18, 18, 18, 18, 100, 45",2026-07-20,"Reviews, Video, Video Carousel, People also ask, Related searches, Discussions and forums, AI overview",informational,AI overview
curl get header,27,27,90,12,0.00,https://docs.wpvip.com/caching/page-cache/http-headers/retrieve-headers/,0,0,0.00,0.33,122,"53, 53, 42, 53, 34, 42, 42, 34, 19, 26, 26, 34",2026-06-03,"Sitelinks, Video, Video Carousel, Related searches, AI overview",informational,Organic
most secure content management platform for regulated industries 2025,25,25,40,17,0.00,https://wpvip.com/blog/10-best-enterprise-content-management-systems/,0,0,0.00,0,269000000,"29, 100, 52, 5, 0, 0, 0, 0",2026-07-12,"Reviews, Video, People also ask, Related searches, AI overview",informational,Organic
tag important,28,28,70,34,0.00,https://wpvip.com/blog/5-tagging-best-practices-content-strategy/,0,0,0.00,0.01,124,"80, 34, 26, 19, 26, 26, 11, 15, 11, 11, 26, 19",2026-06-29,"Image pack, Sitelinks, Video, Video Carousel, People also ask, Related searches, AI overview",informational,Organic
best enterprise cloud content management usability,55,55,140,14,0.00,https://wpvip.com/blog/10-best-enterprise-content-management-systems/,0,0,0.00,0,134,100,2026-07-14,"Reviews, Video, Related searches, AI overview",commercial,Organic
query monitor,7,7,140,29,10.81,https://docs.wpvip.com/performance/query-monitor/,0,0,0.00,0.13,187,"80, 65, 100, 53, 100, 65, 53, 26, 42, 42, 42, 34",2026-06-10,"Sitelinks, Video, Video Carousel, People also ask, Related searches, Discussions and forums",navigational,Organic
free cdn wordpress,56,56,320,25,6.99,https://wpvip.com/blog/wordpress-cdn/,0,0,0.00,0.3,118,"3, 100, 36, 5, 100, 20, 1, 1, 1, 3, 3, 2",2026-06-04,"Sitelinks, Video, Video Carousel, People also ask, AI overview",informational,Organic
tools analytics for online reading list,94,94,40,5,0.00,https://wpvip.com/blog/web-analytics-software-tools/,0,0,0.00,0,2050000000,"57, 100, 0",2026-07-11,"Sitelinks, Reviews, Video, Related searches, Discussions and forums, AI overview",informational,Organic
web dev studios,14,14,70,46,7.24,https://wpvip.com/partner/webdevstudios/,0,0,0.00,0.19,136,"21, 21, 15, 21, 81, 21, 15, 15, 9, 9, 12, 12",2026-07-20,"Sitelinks, Reviews, Video, People also ask, Related searches",navigational,Organic
every.to cms,8,8,40,52,0.00,https://wpvip.com/blog/ai-cms/,0,0,0.00,0,134,"100, 14",2026-07-01,"Video, People also ask, Related searches, AI overview","informational, navigational",People also ask
every.to cms,39,39,40,52,0.00,https://wpvip.com/blog/ai-cms/,0,0,0.00,0,134,"100, 14",2026-07-01,"Video, People also ask, Related searches, AI overview","informational, navigational",Organic
every.to cms,41,41,40,52,0.00,https://wpvip.com/blog/ai-cms/,0,0,0.00,0,134,"100, 14",2026-07-01,"Video, People also ask, Related searches, AI overview","informational, navigational",Organic
wp cli search replace,1,1,70,12,0.00,https://docs.wpvip.com/vip-cli/wp-cli-with-vip-cli/search-replace/,0,0,0.00,0.01,107,"52, 41, 52, 41, 52, 29, 41, 29, 11, 41, 100, 11",2026-07-14,"Reviews, Video, Video Carousel, Related searches, AI overview",informational,AI overview
best content management software,26,26,40,35,14.16,https://wpvip.com/blog/10-best-enterprise-content-management-systems/?itm_source=parsely-api,0,0,0.00,0.21,150,"9, 9, 23, 66, 33, 9, 9, 9, 9, 14, 23, 9",2026-06-30,"Reviews, Video, Video Carousel, People also ask, Related searches, AI overview",commercial,Organic
worldexpress.com,54,54,30,72,3.05,https://wpvip.com/,0,0,0.00,0.41,521000000,"0, 100, 100, 0, 0, 0, 0, 0, 0, 0, 0, 0",2026-06-09,"Video, People also ask",commercial,Organic
worldexpress.com,68,68,30,72,3.05,https://wpvip.com/,0,0,0.00,0.41,521000000,"0, 100, 100, 0, 0, 0, 0, 0, 0, 0, 0, 0",2026-06-09,"Video, People also ask",commercial,Organic
worldexpress.com,84,84,30,72,3.05,https://wpvip.com/,0,0,0.00,0.41,521000000,"0, 100, 100, 0, 0, 0, 0, 0, 0, 0, 0, 0",2026-06-09,"Video, People also ask",commercial,Organic
product information management market,78,78,140,43,0.00,https://wpvip.com/blog/pim-benefits-and-use-cases/,0,0,0.00,0.33,137,"100, 15, 81, 65, 65, 28, 28, 53, 34, 34, 53, 34",2026-06-27,"Sitelinks, Reviews, Video, People also ask, Related searches, AI overview",informational,Organic
website analytics software,13,13,320,52,13.11,https://wpvip.com/blog/web-analytics-software-tools/,0,0,0.00,0.03,125,"66, 81, 54, 44, 36, 100, 36, 29, 29, 15, 44, 29",2026-06-22,"Sitelinks, Video, Video Carousel, People also ask, Related searches, AI overview",commercial,Organic
figma to wordpress,24,24,720,48,6.07,https://wpvip.com/blog/figma-to-wordpress/,0,0,0.00,0.25,106,"100, 37, 25, 31, 37, 31, 25, 31, 25, 68, 13, 16",2026-06-09,"Sitelinks, Video, Video Carousel, People also ask, Related searches, Short videos, AI overview",informational,Organic
email vip,3,3,40,6,0.00,https://docs.wpvip.com/wordpress-on-vip/email/,0,0,0.00,0.33,122,"14, 14, 14, 14, 50, 50, 64, 14, 14, 14, 14, 14",2026-06-29,"Reviews, Video, Video Carousel, People also ask, Related searches, AI overview",informational,Organic
wordpress wordpress integration,17,17,70,18,0.00,https://wpvip.com/wordpress-ecosystem/,0,0,0.00,0.33,104,"9, 0, 36, 63, 81, 100, 81, 100, 100, 63, 63, 63",2026-07-13,"Reviews, Video, Video Carousel, People also ask, Related searches, Discussions and forums, AI overview",informational,Organic
wordpress wordpress integration,39,39,70,18,0.00,https://docs.wpvip.com/integrations/,0,0,0.00,0.33,104,"9, 0, 36, 63, 81, 100, 81, 100, 100, 63, 63, 63",2026-07-13,"Reviews, Video, Video Carousel, People also ask, Related searches, Discussions and forums, AI overview",informational,Organic
personal information management,76,76,110,24,3.99,https://wpvip.com/blog/pim-benefits-and-use-cases/,0,0,0.00,0.02,137,"42, 23, 23, 66, 100, 66, 23, 42, 42, 100, 42, 66",2026-07-07,"Knowledge panel, Sitelinks, Video, People also ask, Related searches, AI overview",informational,Organic
wordpress 6.6.2 release september 2025,15,15,40,4,0.00,https://customerhub.wpvip.com/lobby/2024/09/10/wordpress-6-6-2-maintenance-release/,0,0,0.00,0,111,"100, 0, 0, 0, 0, 0, 0",2026-06-21,"Reviews, Video, People also ask, Related searches, AI overview",informational,Organic
what is multisite in wordpress,5,5,70,38,1.82,https://wpvip.com/blog/wordpress-multisite/,0,0,0.00,0.07,148,"63, 63, 36, 45, 63, 36, 45, 63, 63, 45, 100, 81",2026-07-10,"Sitelinks, Video, Video Carousel, People also ask, Related searches, AI overview",informational,Organic
what is multisite in wordpress,46,46,70,38,1.82,https://docs.wpvip.com/wordpress-on-vip/multisites/,0,0,0.00,0.07,148,"63, 63, 36, 45, 63, 36, 45, 63, 63, 45, 100, 81",2026-07-10,"Sitelinks, Video, Video Carousel, People also ask, Related searches, AI overview",informational,Organic
wp business web,33,33,480,32,5.87,https://wpvip.com/,0,0,0.00,0.03,78,"30, 20, 0, 54, 100, 0, 0, 0, 0, 36, 0, 0",2026-06-15,"Sitelinks, Video, Video Carousel, People also ask, Related searches",navigational,Organic
hardening wordpress official documentation,40,40,40,16,0.00,https://docs.wpvip.com/,0,0,0.00,0,105,"100, 55, 55, 44, 55, 11, 0, 0",2026-07-10,"Sitelinks, Reviews, Video, Related searches, AI overview",informational,Organic
wordpress vip agencies,16,16,50,10,0.00,https://wpvip.com/partner-application/,0,0,0.00,0.14,129,"11, 11, 11, 44, 55, 44, 77, 100, 77, 77, 44, 77",2026-06-24,"Reviews, Video, Related searches",navigational,Organic
wordpress vip agencies,24,24,50,10,0.00,https://wpvip.com/partner/syde/,0,0,0.00,0.14,129,"11, 11, 11, 44, 55, 44, 77, 100, 77, 77, 44, 77",2026-06-24,"Reviews, Video, Related searches",navigational,Organic
wordpress vip agencies,28,28,50,10,0.00,https://wpvip.com/partners/technology-partners/,0,0,0.00,0.14,129,"11, 11, 11, 44, 55, 44, 77, 100, 77, 77, 44, 77",2026-06-24,"Reviews, Video, Related searches",navigational,Organic
wordpress vip agencies,31,31,50,10,0.00,https://wpvip.com/partner/10up/,0,0,0.00,0.14,129,"11, 11, 11, 44, 55, 44, 77, 100, 77, 77, 44, 77",2026-06-24,"Reviews, Video, Related searches",navigational,Organic
wordpress vip agencies,48,48,50,10,0.00,https://wpvip.com/why-become-a-wordpress-vip-partner-agency/,0,0,0.00,0.14,129,"11, 11, 11, 44, 55, 44, 77, 100, 77, 77, 44, 77",2026-06-24,"Reviews, Video, Related searches",navigational,Organic
wordpress vip agencies,57,57,50,10,0.00,https://wpvip.com/partner/the-code-company/,0,0,0.00,0.14,129,"11, 11, 11, 44, 55, 44, 77, 100, 77, 77, 44, 77",2026-06-24,"Reviews, Video, Related searches",navigational,Organic
wordpress vip agencies,64,64,50,10,0.00,https://wpvip.com/blog/agency-partner-showcase-media-publishing-success/,0,0,0.00,0.14,129,"11, 11, 11, 44, 55, 44, 77, 100, 77, 77, 44, 77",2026-06-24,"Reviews, Video, Related searches",navigational,Organic
wordpress vip agencies,69,69,50,10,0.00,https://wpvip.com/contact/,0,0,0.00,0.14,129,"11, 11, 11, 44, 55, 44, 77, 100, 77, 77, 44, 77",2026-06-24,"Reviews, Video, Related searches",navigational,Organic
wordpress vip agencies,73,73,50,10,0.00,https://wpvip.com/why-become-a-wordpress-vip-partner-tech/,0,0,0.00,0.14,129,"11, 11, 11, 44, 55, 44, 77, 100, 77, 77, 44, 77",2026-06-24,"Reviews, Video, Related searches",navigational,Organic
wordpress vip agencies,75,75,50,10,0.00,https://wpvip.com/partner/rtcamp/,0,0,0.00,0.14,129,"11, 11, 11, 44, 55, 44, 77, 100, 77, 77, 44, 77",2026-06-24,"Reviews, Video, Related searches",navigational,Organic
wordpress vip agencies,79,79,50,10,0.00,https://wpvip.com/content-management-system/,0,0,0.00,0.14,129,"11, 11, 11, 44, 55, 44, 77, 100, 77, 77, 44, 77",2026-06-24,"Reviews, Video, Related searches",navigational,Organic
wordpress vip agencies,80,80,50,10,0.00,https://wpvip.com/wordpress-vip-for-developers/,0,0,0.00,0.14,129,"11, 11, 11, 44, 55, 44, 77, 100, 77, 77, 44, 77",2026-06-24,"Reviews, Video, Related searches",navigational,Organic
wordpress vip agencies,81,81,50,10,0.00,https://wpvip.com/partner/developress/,0,0,0.00,0.14,129,"11, 11, 11, 44, 55, 44, 77, 100, 77, 77, 44, 77",2026-06-24,"Reviews, Video, Related searches",navigational,Organic
wordpress vip agencies,82,82,50,10,0.00,https://wpvip.com/partner-announcements/itineris-wordpress-vip-partner/,0,0,0.00,0.14,129,"11, 11, 11, 44, 55, 44, 77, 100, 77, 77, 44, 77",2026-06-24,"Reviews, Video, Related searches",navigational,Organic
wordpress vip agencies,83,83,50,10,0.00,https://wpvip.com/about/,0,0,0.00,0.14,129,"11, 11, 11, 44, 55, 44, 77, 100, 77, 77, 44, 77",2026-06-24,"Reviews, Video, Related searches",navigational,Organic
wordpress vip agencies,84,84,50,10,0.00,https://wpvip.com/pricing/,0,0,0.00,0.14,129,"11, 11, 11, 44, 55, 44, 77, 100, 77, 77, 44, 77",2026-06-24,"Reviews, Video, Related searches",navigational,Organic
wordpress vip agencies,85,85,50,10,0.00,https://wpvip.com/wordpress-vip-agile-content-platform/,0,0,0.00,0.14,129,"11, 11, 11, 44, 55, 44, 77, 100, 77, 77, 44, 77",2026-06-24,"Reviews, Video, Related searches",navigational,Organic
wordpress vip agencies,86,86,50,10,0.00,https://wpvip.com/services/,0,0,0.00,0.14,129,"11, 11, 11, 44, 55, 44, 77, 100, 77, 77, 44, 77",2026-06-24,"Reviews, Video, Related searches",navigational,Organic
wordpress vip agencies,87,87,50,10,0.00,https://wpvip.com/wordpress-ecosystem/,0,0,0.00,0.14,129,"11, 11, 11, 44, 55, 44, 77, 100, 77, 77, 44, 77",2026-06-24,"Reviews, Video, Related searches",navigational,Organic
wordpress vip agencies,88,88,50,10,0.00,https://wpvip.com/wordpress-vip-for-media/,0,0,0.00,0.14,129,"11, 11, 11, 44, 55, 44, 77, 100, 77, 77, 44, 77",2026-06-24,"Reviews, Video, Related searches",navigational,Organic
wordpress vip agencies,89,89,50,10,0.00,https://wpvip.com/wordpress-platform/,0,0,0.00,0.14,129,"11, 11, 11, 44, 55, 44, 77, 100, 77, 77, 44, 77",2026-06-24,"Reviews, Video, Related searches",navigational,Organic
wordpress vip agencies,90,90,50,10,0.00,https://wpvip.com/wordpress-ecosystem/,0,0,0.00,0.14,129,"11, 11, 11, 44, 55, 44, 77, 100, 77, 77, 44, 77",2026-06-24,"Reviews, Video, Related searches",navigational,Organic
wordpress vip agencies,91,91,50,10,0.00,https://wpvip.com/services/,0,0,0.00,0.14,129,"11, 11, 11, 44, 55, 44, 77, 100, 77, 77, 44, 77",2026-06-24,"Reviews, Video, Related searches",navigational,Organic
wordpress vip agencies,92,92,50,10,0.00,https://wpvip.com/pricing/,0,0,0.00,0.14,129,"11, 11, 11, 44, 55, 44, 77, 100, 77, 77, 44, 77",2026-06-24,"Reviews, Video, Related searches",navigational,Organic
wordpress vip agencies,93,93,50,10,0.00,https://wpvip.com/wordpress-platform/,0,0,0.00,0.14,129,"11, 11, 11, 44, 55, 44, 77, 100, 77, 77, 44, 77",2026-06-24,"Reviews, Video, Related searches",navigational,Organic
wordpress vip agencies,94,94,50,10,0.00,https://wpvip.com/developers/,0,0,0.00,0.14,129,"11, 11, 11, 44, 55, 44, 77, 100, 77, 77, 44, 77",2026-06-24,"Reviews, Video, Related searches",navigational,Organic
wordpress vip agencies,95,95,50,10,0.00,https://wpvip.com/wordpress-development/,0,0,0.00,0.14,129,"11, 11, 11, 44, 55, 44, 77, 100, 77, 77, 44, 77",2026-06-24,"Reviews, Video, Related searches",navigational,Organic
wordpress vip agencies,96,96,50,10,0.00,https://wpvip.com/products/,0,0,0.00,0.14,129,"11, 11, 11, 44, 55, 44, 77, 100, 77, 77, 44, 77",2026-06-24,"Reviews, Video, Related searches",navigational,Organic
wordpress vip agencies,97,97,50,10,0.00,https://wpvip.com/blog/what-is-wordpress-vip/,0,0,0.00,0.14,129,"11, 11, 11, 44, 55, 44, 77, 100, 77, 77, 44, 77",2026-06-24,"Reviews, Video, Related searches",navigational,Organic
wordpress vip agencies,98,98,50,10,0.00,https://wpvip.com/wordpress-vip-enterprise-support/,0,0,0.00,0.14,129,"11, 11, 11, 44, 55, 44, 77, 100, 77, 77, 44, 77",2026-06-24,"Reviews, Video, Related searches",navigational,Organic
wordpress vip agencies,99,99,50,10,0.00,https://wpvip.com/enterprise-wordpress-hosting/,0,0,0.00,0.14,129,"11, 11, 11, 44, 55, 44, 77, 100, 77, 77, 44, 77",2026-06-24,"Reviews, Video, Related searches",navigational,Organic
core web vitals.,3,3,50,,4.17,https://wpvip.com/glossary/core-web-vitals/,0,0,0.00,0.11,132,"0, 0, 0, 0, 0, 0, 0, 0, 0, 13, 0, 0",2026-07-05,"Sitelinks, Reviews, Video, People also ask, Related searches, Things to know, AI overview",informational,Things to know
figma to divi,57,57,110,24,7.35,https://wpvip.com/blog/figma-to-wordpress/,0,0,0.00,0.26,106,"52, 23, 52, 42, 42, 52, 52, 66, 100, 52, 66, 52",2026-07-20,"Sitelinks, Video, People also ask, Related searches, AI overview",informational,Organic
advanced wordpress development,3,3,40,28,0.00,https://learn.wpvip.com/certification/,0,0,0.00,0.05,123,"18, 18, 45, 100, 81, 36, 18, 18, 18, 27, 27, 27",2026-06-04,"Sitelinks, Video, Ads bottom, Video Carousel, Related searches, AI overview",informational,Organic
advanced wordpress development,38,38,40,28,0.00,https://learn.wpvip.com/course/advanced-wordpress-debugging/,0,0,0.00,0.05,123,"18, 18, 45, 100, 81, 36, 18, 18, 18, 27, 27, 27",2026-06-04,"Sitelinks, Video, Ads bottom, Video Carousel, Related searches, AI overview",informational,Organic
benefits of product information management,5,5,40,22,0.00,https://wpvip.com/blog/pim-benefits-and-use-cases/,0,0,0.00,0.33,193,"27, 27, 18, 81, 81, 27, 18, 18, 27, 18, 18, 27",2026-06-20,"Sitelinks, Reviews, Video, People also ask, Related searches, AI overview",informational,People also ask
aeo and ai,31,31,90,30,0.00,https://wpvip.com/blog/aeo-vs-seo-answer-engine-optimization/,0,0,0.00,0,134,"66, 0, 14, 100, 52",2026-06-01,"Video, Video Carousel, People also ask, Related searches, AI overview",informational,Organic
online publishing trends,6,6,40,16,0.00,https://wpvip.com/blog/digital-publishing-trends-media-guide/,0,0,0.00,0.33,133,"0, 0, 0, 0, 0, 0, 35, 100, 100, 35, 35, 28",2026-07-18,"Reviews, Video, Video Carousel, Related searches",informational,Organic
enterprise content management system comparison,25,25,70,18,0.00,https://wpvip.com/blog/10-best-enterprise-content-management-systems/,0,0,0.00,0.33,138,"7, 7, 7, 34, 34, 19, 42, 53, 53, 7, 19, 19",2026-06-14,"Sitelinks, Reviews, Video, Related searches, Discussions and forums, AI overview",commercial,Organic
directory wordpress themes,5,5,40,37,2.99,https://docs.wpvip.com/wordpress-skeleton/themes-directory/,0,0,0.00,0.25,99,"5, 2, 28, 17, 7, 7, 12, 12, 12, 10, 12, 10",2026-07-13,"Sitelinks, Reviews, Video, People also ask, Related searches, AI overview",commercial,People also ask
pim stands for,57,57,140,27,0.00,https://wpvip.com/blog/pim-benefits-and-use-cases/,0,0,0.00,0.03,130,"41, 52, 100, 82, 82, 100, 100, 100, 64, 52, 64, 82",2026-07-11,"Reviews, Video, Video Carousel, People also ask, Related searches, AI overview",informational,Organic
pim stands for,58,58,140,27,0.00,https://wpvip.com/blog/pim-benefits-and-use-cases/,0,0,0.00,0.03,130,"41, 52, 100, 82, 82, 100, 100, 100, 64, 52, 64, 82",2026-07-11,"Reviews, Video, Video Carousel, People also ask, Related searches, AI overview",informational,Organic
headless cms vs wordpress,28,28,210,5,3.43,https://wpvip.com/blog/headless-vs-hybrid-wordpress/,0,0,0.00,0.08,132,"6, 53, 65, 65, 65, 81, 65, 43, 81, 100, 81, 53",2026-07-06,"Sitelinks, Reviews, Video, Video Carousel, People also ask, Related searches, Discussions and forums, AI overview",commercial,Organic
headless cms vs wordpress,62,62,210,5,3.43,https://wpvip.com/blog/headless-vs-hybrid-wordpress/,0,0,0.00,0.08,132,"6, 53, 65, 65, 65, 81, 65, 43, 81, 100, 81, 53",2026-07-06,"Sitelinks, Reviews, Video, Video Carousel, People also ask, Related searches, Discussions and forums, AI overview",commercial,Organic
wordpress gutenberg,15,15,590,54,1.63,https://wpvip.com/glossary/wordpress-gutenberg-block-editor/,0,0,0.00,0.25,108,"45, 30, 36, 36, 30, 36, 20, 24, 36, 30, 36, 45",2026-07-18,"Sitelinks, Reviews, Video, Video Carousel, People also ask, Related searches, AI overview",informational,Organic
what is redirect loop,15,15,480,22,0.00,https://learn.wpvip.com/lesson/redirect-loops-and-unexplained-redirects/,0,0,0.00,0.33,125,"24, 4, 45, 30, 55, 45, 100, 36, 13, 10, 1, 1",2026-07-11,"Sitelinks, Reviews, Video, Video Carousel, People also ask, AI overview",informational,Organic
javascript optimization and security,35,35,90,21,9.39,https://docs.wpvip.com/security/javascript-security-recommendations/,0,0,0.00,0.13,6510,"0, 0, 11, 11, 11, 100, 64, 82, 64, 64, 64, 64",2026-07-09,"Sitelinks, Reviews, Video, People also ask, Related searches, Discussions and forums, AI overview",informational,Organic
block ip address wordpress,10,10,50,19,1.48,https://docs.wpvip.com/security-controls/ip-restrictions/,0,0,0.00,0.08,108,"18, 18, 18, 63, 81, 100, 45, 45, 36, 27, 27, 36",2026-06-19,"Sitelinks, Reviews, Video, Video Carousel, People also ask, Related searches, Discussions and forums, AI overview",informational,Organic
vip domain meaning,14,14,50,5,0.00,https://docs.wpvip.com/domains/convenience-domains/,0,0,0.00,0.04,77,"78, 78, 100, 14, 21, 21, 21, 21, 14, 14, 14, 14",2026-06-03,"Sitelinks, Video, People also ask, Related searches, AI overview",informational,Organic
vip domain meaning,34,34,50,5,0.00,https://docs.wpvip.com/domains/,0,0,0.00,0.04,77,"78, 78, 100, 14, 21, 21, 21, 21, 14, 14, 14, 14",2026-06-03,"Sitelinks, Video, People also ask, Related searches, AI overview",informational,Organic
vip domain meaning,51,51,50,5,0.00,https://docs.wpvip.com/domains/fqdn/,0,0,0.00,0.04,77,"78, 78, 100, 14, 21, 21, 21, 21, 14, 14, 14, 14",2026-06-03,"Sitelinks, Video, People also ask, Related searches, AI overview",informational,Organic
vip domain meaning,61,61,50,5,0.00,https://docs.wpvip.com/domains/map-a-domain/,0,0,0.00,0.04,77,"78, 78, 100, 14, 21, 21, 21, 21, 14, 14, 14, 14",2026-06-03,"Sitelinks, Video, People also ask, Related searches, AI overview",informational,Organic
vip domain meaning,65,65,50,5,0.00,https://docs.wpvip.com/domains/point-dns-to-vip/,0,0,0.00,0.04,77,"78, 78, 100, 14, 21, 21, 21, 21, 14, 14, 14, 14",2026-06-03,"Sitelinks, Video, People also ask, Related searches, AI overview",informational,Organic
jetpack ai assistant wordpress,3,3,70,30,0.00,https://wpvip.com/jetpack-ai/,0,0,0.00,0.19,100,"2, 2, 4, 4, 2, 19, 7, 7, 15, 4, 2, 10",2026-07-07,"Sitelinks, Reviews, Video, Video Carousel, People also ask, Related searches, Discussions and forums, AI overview","informational, navigational",Organic
wordpress 6.7 news,10,10,70,26,0.00,https://wpvip.com/blog/wordpress-6-7/,0,0,0.00,0,122,"0, 0, 0, 0, 4, 22, 100, 6, 14, 6, 0, 0",2026-06-06,"Video, Ads bottom, Video Carousel, People also ask, Related searches, AI overview",informational,Organic
self hosting on wordpress,12,12,210,20,7.23,https://wpvip.com/blog/self-hosted-wordpress/,0,0,0.00,0.38,126,"54, 54, 23, 23, 44, 44, 81, 0, 81, 0, 0, 0",2026-07-19,"Sitelinks, Video, Video Carousel, People also ask, Related searches",informational,Organic
wordpress workflow plugin,15,15,30,22,5.99,https://wpvip.com/blog/wordpress-workflow-automation/,0,0,0.00,0.21,101,"18, 36, 27, 18, 45, 45, 18, 18, 18, 18, 18, 27",2026-07-13,"Sitelinks, Reviews, Video, Ads bottom, Video Carousel, Related searches, Discussions and forums, AI overview",informational,Organic
rest api in wordpress,2,2,30,39,6.42,https://docs.wpvip.com/wordpress-on-vip/wordpress-rest-api/,0,0,0.00,0.04,131,"0, 0, 3, 11, 100, 0, 0, 0, 0, 0, 11, 3",2026-07-05,"Sitelinks, Reviews, Video, Video Carousel, People also ask, Related searches, AI overview","informational, navigational",Organic
rest api in wordpress,16,16,30,39,6.42,https://wpvip.com/glossary/wordpress-rest-api-for-the-enterprise/,0,0,0.00,0.04,131,"0, 0, 3, 11, 100, 0, 0, 0, 0, 0, 11, 3",2026-07-05,"Sitelinks, Reviews, Video, Video Carousel, People also ask, Related searches, AI overview","informational, navigational",Organic
rest api in wordpress,29,29,30,39,6.42,https://learn.wpvip.com/course/mastering-the-wordpress-rest-api/,0,0,0.00,0.04,131,"0, 0, 3, 11, 100, 0, 0, 0, 0, 0, 11, 3",2026-07-05,"Sitelinks, Reviews, Video, Video Carousel, People also ask, Related searches, AI overview","informational, navigational",Organic
seo tagging best practices,16,16,140,47,0.00,https://wpvip.com/blog/5-tagging-best-practices-content-strategy/,0,0,0.00,0.06,125,"64, 64, 52, 64, 100, 82, 41, 64, 100, 82, 82, 64",2026-06-21,"Sitelinks, Video, Video Carousel, People also ask, Related searches, AI overview",commercial,Organic
seo tagging best practices,27,27,140,47,0.00,https://wpvip.com/blog/5-tagging-best-practices-content-strategy/,0,0,0.00,0.06,125,"64, 64, 52, 64, 100, 82, 41, 64, 100, 82, 82, 64",2026-06-21,"Sitelinks, Video, Video Carousel, People also ask, Related searches, AI overview",commercial,Organic
definition enterprise content management,50,50,110,35,0.00,https://wpvip.com/blog/enterprise-content-management/,0,0,0.00,0.01,131,"66, 33, 33, 52, 80, 33, 52, 52, 66, 52, 0, 66",2026-07-09,"Reviews, Video, Video Carousel, People also ask, Related searches, AI overview",informational,Organic
figma wordpress,23,23,50,55,5.03,https://wpvip.com/blog/figma-to-wordpress/,0,0,0.00,0.23,109,"2, 2, 2, 2, 48, 2, 2, 2, 2, 2, 2, 2",2026-07-18,"Sitelinks, Reviews, Video, Video Carousel, People also ask, Related searches, Short videos, Discussions and forums",informational,Organic
wordpress 6.7 released today,6,6,50,6,0.00,https://wpvip.com/blog/wordpress-6-7/,0,0,0.00,0,106,"19, 100, 23, 0, 0, 0",2026-06-12,"Video, Video Carousel, People also ask, Related searches, AI overview",informational,Organic
is wordpress scalable,12,12,70,16,0.00,https://wpvip.com/blog/wordpress-scalability/,0,0,0.00,0.06,134,"28, 14, 21, 100, 78, 64, 28, 28, 28, 50, 35, 50",2026-06-22,"Sitelinks, Reviews, Video, People also ask, Discussions and forums, AI overview",informational,Organic
what is the best product analytics platform for web services,25,25,70,28,0.00,https://wpvip.com/blog/web-analytics-software-tools/,0,0,0.00,0.03,160,"1, 0, 0, 0, 0, 0, 0, 0, 0, 0, 0, 0",2026-07-11,"Sitelinks, Reviews, Video, Video Carousel, Related searches, Discussions and forums, AI overview",commercial,Organic
wordpress multisite review,13,13,50,20,0.00,https://wpvip.com/blog/wordpress-multisite/,0,0,0.00,0.33,129,"28, 28, 0, 71, 71, 28, 100, 100, 100, 100, 71, 100",2026-06-24,"Sitelinks, Reviews, Video, Video Carousel, People also ask, Related searches, Discussions and forums, AI overview","commercial, informational",Organic
wordpress wp cron php,27,27,40,33,0.00,https://docs.wpvip.com/wordpress-on-vip/cron-control/,0,0,0.00,0.04,42,"33, 19, 23, 33, 33, 9, 9, 9, 14, 14, 9, 9",2026-07-08,"Sitelinks, People also ask, Related searches",informational,Organic
wc logger,22,22,70,10,0.00,https://docs.wpvip.com/plugins/woocommerce/woocommerce-debug-logging/,0,0,0.00,0.33,1520000,"78, 78, 50, 28, 64, 50, 35, 14, 14, 14, 14, 100",2026-06-19,"Reviews, Video, Related searches, AI overview",informational,Organic
vippluggin,28,28,170,7,0.00,https://wpvip.com/blog/choosing-the-best-plugins-for-wordpress-vip/,0,0,0.00,0.33,75,"0, 0, 0, 0, 0, 0, 1, 3, 0, 4, 0, 0",2026-06-19,"Sitelinks, Reviews","informational, transactional",Organic
vippluggin,42,42,170,7,0.00,https://docs.wpvip.com/plugins/,0,0,0.00,0.33,75,"0, 0, 0, 0, 0, 0, 1, 3, 0, 4, 0, 0",2026-06-19,"Sitelinks, Reviews","informational, transactional",Organic
best content management,24,24,30,39,14.22,https://wpvip.com/blog/10-best-enterprise-content-management-systems/?itm_source=parsely-api,0,0,0.00,0.1,125,"5, 5, 5, 5, 28, 12, 7, 5, 5, 5, 5, 10",2026-06-22,"Reviews, Video, Ads bottom, Video Carousel, People also ask, Related searches, Discussions and forums, AI overview",commercial,Organic
best content management platform for government agencies,1,1,70,8,0.00,https://wpvip.com/blog/10-best-enterprise-content-management-systems/,0,0,0.00,0,199,"100, 63, 18",2026-06-17,"Sitelinks, Reviews, Video, People also ask, Related searches, Discussions and forums, AI overview",commercial,AI overview
best content management platform for government agencies,37,37,70,8,0.00,https://wpvip.com/blog/10-best-enterprise-content-management-systems/,0,0,0.00,0,199,"100, 63, 18",2026-06-17,"Sitelinks, Reviews, Video, People also ask, Related searches, Discussions and forums, AI overview",commercial,Organic
what is a composable dxp,38,38,320,21,14.53,https://wpvip.com/glossary/digital-experience-platform/,0,0,0.00,0.03,163,"35, 43, 35, 100, 100, 82, 82, 100, 82, 82, 66, 82",2026-06-21,"Sitelinks, Reviews, Video, People also ask, AI overview",informational,Organic
inurl:wp-json,17,17,70,0,0.00,https://docs.wpvip.com/wordpress-on-vip/wordpress-rest-api/,0,0,0.00,0.14,122,"0, 0, 0, 0, 0, 80, 0, 100, 0, 53, 53, 3",2026-07-09,"Sitelinks, Video, AI overview",informational,Organic
inurl:wp-json,29,29,70,0,0.00,https://docs.wpvip.com/wordpress-on-vip/wordpress-rest-api/,0,0,0.00,0.14,122,"0, 0, 0, 0, 0, 80, 0, 100, 0, 53, 53, 3",2026-07-09,"Sitelinks, Video, AI overview",informational,Organic
wpengine reverse proxy,25,25,40,21,0.00,https://docs.wpvip.com/reverse-proxy/,0,0,0.00,0.33,106,"18, 18, 18, 27, 81, 45, 100, 81, 18, 18, 18, 18",2026-06-12,"Sitelinks, Video, Related searches",informational,Organic
jetpack.com,69,69,90,68,2.85,https://docs.wpvip.com/wordpress-on-vip/jetpack/,0,0,0.00,0.11,0,"23, 28, 17, 23, 28, 17, 17, 12, 23, 23, 28, 12",2026-06-20,"Sitelinks, Reviews, Video, People also ask",navigational,Organic
wordpress digital asset management,1,1,90,9,22.12,https://wpvip.com/glossary/digital-asset-management/,0,0,0.00,0.33,124,"8, 22, 6, 18, 18, 29, 22, 4, 22, 22, 14, 10",2026-06-03,"Sitelinks, Video, Related searches, AI overview",informational,AI overview
ttl meaning dns,17,17,140,28,0.00,https://docs.wpvip.com/domains/check-dns-record-time-to-live/,0,0,0.00,0.33,122,"43, 35, 23, 23, 28, 28, 43, 28, 23, 35, 35, 43",2026-06-19,"Sitelinks, Video, Video Carousel, People also ask, AI overview",informational,Organic
content+analytics,20,20,30,20,12.75,https://wpvip.com/glossary/content-analytics/,0,0,0.00,0.17,134,"81, 100, 36, 0, 0, 0, 0, 9, 18, 0",2026-07-21,"Sitelinks, Reviews, Video, Video Carousel, People also ask, Related searches, AI overview",informational,Organic
wp cron php,25,25,50,36,0.00,https://docs.wpvip.com/wordpress-on-vip/cron-control/,0,0,0.00,0.02,134,"64, 50, 28, 35, 50, 50, 21, 35, 14, 14, 14, 28",2026-06-17,"Sitelinks, Reviews, Video, People also ask, Related searches, AI overview",informational,Organic
enterprise content management guide,16,16,50,41,0.00,https://wpvip.com/blog/enterprise-content-management-strategy/,0,0,0.00,0,132,"27, 27, 36, 63, 63, 81, 100, 63, 18, 18, 18, 18",2026-07-13,"Reviews, Video, People also ask, Related searches, AI overview",informational,Organic
enterprise content management guide,64,64,50,41,0.00,https://wpvip.com/blog/enterprise-content-management/,0,0,0.00,0,132,"27, 27, 36, 63, 63, 81, 100, 63, 18, 18, 18, 18",2026-07-13,"Reviews, Video, People also ask, Related searches, AI overview",informational,Organic
php error_reporting,16,16,90,45,6.38,https://docs.wpvip.com/wordpress-on-vip/php/error-reporting/,0,0,0.00,0.09,114,"23, 18, 23, 15, 15, 15, 11, 15, 11, 11, 11, 8",2026-06-27,"Sitelinks, Video, Ads bottom, Video Carousel, Related searches, AI overview",informational,Organic
vortex needs access to a file that is write protected,32,32,40,20,0.00,https://docs.wpvip.com/security-controls/access-controlled-files/,0,0,0.00,0.33,155,"7, 7, 7, 7, 7, 7, 7, 7, 100, 7, 7, 7",2026-07-18,"Sitelinks, Reviews, Video, People also ask, Related searches, AI overview",informational,Organic
yoast.com,54,54,170,70,3.57,https://wpvip.com/partner/yoast/,0,0,0.00,0.33,3240000,"5, 4, 48, 100, 11, 9, 3, 4, 11, 5, 3, 4",2026-06-01,"Video, Video Carousel, People also ask",navigational,Organic
.vip domain,37,37,1300,18,4.47,https://docs.wpvip.com/domains/convenience-domains/,0,0,0.00,0.2,91,"44, 100, 3, 5, 5, 7, 5, 8, 1, 5, 2, 4",2026-07-21,"Sitelinks, Reviews, Video, People also ask, Related searches, AI overview",commercial,Organic
.vip domain,40,40,1300,18,4.47,https://docs.wpvip.com/domains/convenience-domains/,0,0,0.00,0.2,91,"44, 100, 3, 5, 5, 7, 5, 8, 1, 5, 2, 4",2026-07-21,"Sitelinks, Reviews, Video, People also ask, Related searches, AI overview",commercial,Organic
wordpress 6.7 release candidate news september 2025,8,8,50,20,0.00,https://customerhub.wpvip.com/lobby/2025/08/05/wordpress-6-7-3-maintenance-release-with-backported-versions/,0,0,0.00,0,14600,"100, 0, 0, 0, 0, 2, 5",2026-06-20,"Reviews, Video, People also ask, Related searches, AI overview",informational,Organic
wordpress 6.7 release candidate news september 2025,64,64,50,20,0.00,https://customerhub.wpvip.com/platform-release-schedule/,0,0,0.00,0,14600,"100, 0, 0, 0, 0, 2, 5",2026-06-20,"Reviews, Video, People also ask, Related searches, AI overview",informational,Organic
product information management trends,57,57,40,29,0.00,https://wpvip.com/blog/pim-benefits-and-use-cases/,0,0,0.00,0.33,137,"71, 28, 71, 100, 28, 28, 0, 100, 71, 28, 42, 28",2026-07-17,"Sitelinks, Reviews, Video, Related searches, AI overview",informational,Organic
strategyless. com,22,22,140,10,0.00,https://wpvip.com/blog/less-is-more-content-strategy/,0,0,0.00,0.33,186000,"0, 5, 0, 0, 0, 0, 100, 100, 82, 82, 43, 43",2026-06-12,"Video, People also ask",informational,Organic
fedramp certified vendors,15,15,50,45,10.09,https://wpvip.com/blog/wordpress-vip-is-fedramp-authorized/,0,0,0.00,0.22,0,"19, 11, 34, 53, 26, 7, 7, 15, 15, 15, 11, 15",2026-06-30,"Sitelinks, People also ask, Related searches, Discussions and forums, Ads middle, AI overview",informational,Organic
commit messages,11,11,110,40,0.00,https://docs.wpvip.com/guidebooks/developer-best-practices/create-a-good-commit-message/,0,0,0.00,0.33,133,"52, 41, 64, 82, 82, 100, 41, 41, 82, 29, 41, 64",2026-06-25,"Image pack, Sitelinks, Video, Video Carousel, People also ask, Related searches, AI overview",informational,Organic
login-live.blogbot.com,15,15,40,12,0.00,https://wpvip.com/blog/bot-fatigue-customer-trust/,0,0,0.00,0.33,9150,"5, 100, 11, 17, 5, 17, 11, 0",2026-07-16,"Sitelinks, Reviews, Video","navigational, transactional",Organic
platforms that integrate with wordpress plugins,1,1,70,10,0.00,https://wpvip.com/wordpress-ecosystem/,0,0,0.00,0,160,"22, 77, 100, 77",2026-07-04,"Sitelinks, Reviews, Video, Video Carousel, People also ask, Related searches, AI overview",informational,AI overview
best enterprise content management systems 2025,51,51,50,26,0.00,https://wpvip.com/blog/10-best-enterprise-content-management-systems/,0,0,0.00,0,180,"0, 0, 28, 21, 14, 78, 100, 64, 35, 7",2026-07-05,"Sitelinks, Reviews, Video, People also ask, Related searches, AI overview",commercial,Organic
how to add users to wordpress,1,1,40,27,2.86,https://docs.wpvip.com/manage-user-access/wordpress/,0,0,0.00,0.2,134,"0, 9, 9, 9, 9, 9, 9, 9, 9, 9, 100, 9",2026-07-12,"Sitelinks, Reviews, Video, Video Carousel, People also ask, Related searches, Discussions and forums, AI overview",informational,AI overview
how to add users to wordpress,2,2,40,27,2.86,https://docs.wpvip.com/manage-user-access/wordpress/,0,0,0.00,0.2,134,"0, 9, 9, 9, 9, 9, 9, 9, 9, 9, 100, 9",2026-07-12,"Sitelinks, Reviews, Video, Video Carousel, People also ask, Related searches, Discussions and forums, AI overview",informational,Organic
wordpress multiple domains,9,9,40,25,0.00,https://docs.wpvip.com/domains/multiple-domains/,0,0,0.00,0.16,106,"45, 45, 81, 81, 27, 18, 18, 36, 45, 18, 18, 27",2026-07-12,"Sitelinks, Reviews, Video, People also ask, Related searches",informational,Organic
wordpress call center gamification,59,59,40,0,0.00,https://wpvip.com/partners/technology-partners/,0,0,0.00,0,270000,"14, 28, 42, 100, 71, 57, 57, 57, 57, 42, 42, 71",2026-07-18,"Sitelinks, Reviews, Video, Video Carousel, Related searches, AI overview",informational,Organic
wordpress call center gamification,64,64,40,0,0.00,https://wpvip.com/partners/technology-partners/,0,0,0.00,0,270000,"14, 28, 42, 100, 71, 57, 57, 57, 57, 42, 42, 71",2026-07-18,"Sitelinks, Reviews, Video, Video Carousel, Related searches, AI overview",informational,Organic
cloudflare wordpress cdn,15,15,110,48,5.99,https://wpvip.com/blog/wordpress-cdn/,0,0,0.00,0.04,107,"64, 64, 100, 52, 52, 52, 64, 82, 64, 52, 52, 100",2026-06-19,"Sitelinks, Reviews, Video, Ads top, Ads bottom, Video Carousel, People also ask, Related searches, AI overview",informational,Organic
rest api -d,35,0,140,31,2.87,https://wpvip.com/glossary/wordpress-rest-api-for-the-enterprise/,0,0,0.00,0.02,163000000,"0, 55, 0, 0, 0, 0, 0, 0, 0, 0, 0, 0",2026-07-23,"Video, Video Carousel, People also ask, Related searches",informational,Organic
wordpress vip services,1,1,50,22,0.00,https://wpvip.com/package-definitions/,0,0,0.00,0,108,"9, 9, 81, 63, 63, 63, 81, 45, 100, 27, 18, 63",2026-07-09,"Sitelinks, Reviews, Video, Video Carousel, People also ask, Related searches, Discussions and forums, AI overview","informational, navigational",AI overview
wordpress vip services,1,1,50,22,0.00,https://wpvip.com/wordpress-vip-for-developers/,0,0,0.00,0,108,"9, 9, 81, 63, 63, 63, 81, 45, 100, 27, 18, 63",2026-07-09,"Sitelinks, Reviews, Video, Video Carousel, People also ask, Related searches, Discussions and forums, AI overview","informational, navigational",AI overview
wordpress vip services,1,1,50,22,0.00,https://wpvip.com/wordpress-vip-faq/,0,0,0.00,0,108,"9, 9, 81, 63, 63, 63, 81, 45, 100, 27, 18, 63",2026-07-09,"Sitelinks, Reviews, Video, Video Carousel, People also ask, Related searches, Discussions and forums, AI overview","informational, navigational",AI overview
two step authentication wordpress,2,2,140,48,2.82,https://docs.wpvip.com/security-controls/wordpress/enforce-2fa/,0,0,0.00,0.11,104,"66, 35, 18, 22, 54, 35, 10, 22, 18, 18, 18, 8",2026-07-09,"Sitelinks, Reviews, Video, Video Carousel, People also ask, Related searches, AI overview",informational,People also ask
two step authentication wordpress,5,5,140,48,2.82,https://docs.wpvip.com/security-controls/wordpress/enforce-2fa/,0,0,0.00,0.11,104,"66, 35, 18, 22, 54, 35, 10, 22, 18, 18, 18, 8",2026-07-09,"Sitelinks, Reviews, Video, Video Carousel, People also ask, Related searches, AI overview",informational,Organic
wp_redirect,44,44,40,11,0.00,https://docs.wpvip.com/redirects/,0,0,0.00,0.01,127,"26, 26, 19, 26, 19, 26, 7, 7, 7, 7, 7, 7",2026-06-06,"Sitelinks, Video, Related searches",informational,Organic
wp engine cron jobs,27,27,70,16,0.00,https://docs.wpvip.com/wordpress-on-vip/cron-control/,0,0,0.00,0.33,104,"33, 33, 77, 77, 77, 100, 100, 77, 77, 77, 77, 100",2026-06-30,"Reviews, Video, Video Carousel, People also ask, Related searches",commercial,Organic
wordpress learning course,12,12,90,72,3.15,https://learn.wpvip.com/,0,0,0.00,0.02,114,"9, 52, 52, 80, 42, 33, 33, 42, 52, 52, 33, 52",2026-06-03,"Sitelinks, Video, Video Carousel, People also ask, Related searches","informational, transactional",Organic
what is aeo like seo,19,19,40,25,0.00,https://wpvip.com/blog/aeo-vs-seo-answer-engine-optimization/,0,0,0.00,0.48,173,"100, 11, 23, 11, 11, 11, 23, 23, 11, 11, 11, 11",2026-05-21,"Sitelinks, Video, Video Carousel, People also ask, Related searches, AI overview",informational,Organic
most secure wordpress hosting service,29,29,70,51,0.00,https://wpvip.com/blog/secure-wordpress-hosting/,0,0,0.00,0.02,157,"14, 14, 52, 52, 33, 4, 4, 19, 23, 19, 100, 23",2026-07-13,"Sitelinks, Reviews, Video, Ads bottom, Video Carousel, Related searches, AI overview",informational,Organic
what is website analytics software,35,35,40,44,0.00,https://wpvip.com/blog/web-analytics-software-tools/,0,0,0.00,0,145,"0, 0, 80, 100, 33, 0, 0, 0, 0, 0, 0",2026-06-09,"Sitelinks, Video, Featured snippet, Video Carousel, People also ask, Related searches",informational,Organic
wordpress 6.5 new plugin capabilities,42,42,170,3,0.00,https://wpvip.com/blog/wordpress-6-5/,0,0,0.00,0,91,"0, 3, 0, 54, 0, 66, 28, 44, 100, 44, 0, 0",2026-05-31,"Sitelinks, Video, Video Carousel, People also ask, Related searches, AI overview",informational,Organic
core web vitals monitoring,50,50,70,45,14.44,https://wpvip.com/glossary/core-web-vitals/,0,0,0.00,0.08,133,"52, 9, 9, 66, 9, 33, 23, 23, 42, 33, 23, 14",2026-06-17,"Sitelinks, Reviews, Video, Video Carousel, People also ask, Related searches, AI overview",informational,Organic
core web vitals webinar,13,13,90,2,0.00,https://wpvip.com/event/webinar-core-web-vitals/,0,0,0.00,0.33,536000,"9, 15, 15, 28, 21, 21, 28, 34, 21, 21, 21, 100",2026-06-20,"Reviews, Video, Video Carousel, AI overview",informational,Organic
is wordpress com a scam,39,39,50,14,0.00,https://docs.wpvip.com/security/phishing/,0,0,0.00,0.01,127,"52, 11, 100, 23, 11, 52, 11, 41, 11, 11, 11, 11",2026-07-07,"Sitelinks, Reviews, Video, Video Carousel, People also ask, Related searches, Discussions and forums, AI overview",informational,Organic
faq sections aeo performance llms,36,36,40,13,0.00,https://wpvip.com/blog/answer-engine-optimization-strategies/,0,0,0.00,0,190,"22, 100, 100, 100, 33, 22, 0, 11, 11",2026-07-12,"Reviews, Video, AI overview",informational,Organic
nasa website cms 2024,1,1,40,27,0.00,https://wpvip.com/case-studies/nasa-web-modernization-wordpress/,0,0,0.00,0,3050000,"100, 0, 0",2026-06-19,"Sitelinks, Video, Related searches, AI overview",navigational,AI overview
recurrent media,5,5,40,29,0.00,https://wpvip.com/case-studies/recurrent-ventures/,0,0,0.00,0.33,73,"3, 3, 2, 3, 3, 5, 3, 3, 1, 3, 1, 1",2026-07-15,"Sitelinks, People also ask, Related searches",navigational,Organic
web analytics database,55,55,70,100,15.15,https://wpvip.com/blog/web-analytics-software-tools/,0,0,0.00,0.04,132,"81, 100, 100, 100, 63, 81, 45, 36, 27, 27, 45, 100",2026-06-14,"Sitelinks, Video, Video Carousel, Related searches, AI overview",informational,Organic
what does ttl mean in dns,18,18,210,28,2.39,https://docs.wpvip.com/domains/check-dns-record-time-to-live/,0,0,0.00,0.03,146,"80, 80, 80, 80, 65, 65, 80, 65, 80, 80, 53, 65",2026-06-17,"Sitelinks, Video, People also ask, Short videos, Discussions and forums, AI overview",informational,Organic
headless cms guide,3,3,40,30,0.00,https://wpvip.com/resource/headless-cms-guide/,0,0,0.00,0.71,120,"22, 22, 100, 100, 33, 22, 22, 0, 22, 77, 44, 22",2026-07-17,"Sitelinks, Video, Video Carousel, Related searches, Discussions and forums, AI overview",informational,Organic
wordpress 6.6 release date,27,27,70,37,0.00,https://customerhub.wpvip.com/platform-release-schedule/,0,0,0.00,0.33,100,"0, 0, 0, 0, 0, 0, 0, 1, 13, 0, 0, 0",2026-07-03,"Sitelinks, Video, People also ask, Related searches, AI overview",informational,Organic
a dns ttl determines what,33,33,110,34,0.00,https://docs.wpvip.com/domains/check-dns-record-time-to-live/,0,0,0.00,0.33,148,"35, 35, 28, 23, 35, 35, 28, 28, 35, 23, 23, 28",2026-06-06,"Sitelinks, Video, Video Carousel, People also ask, Related searches, AI overview",informational,Organic
wordpress vip partners,11,11,260,19,36.34,https://wpvip.com/partner/10up/,0,0,0.00,0.24,145,"28, 43, 43, 66, 66, 82, 82, 43, 82, 100, 66, 66",2026-06-08,"Sitelinks, Video, People also ask","informational, navigational",Organic
wordpress vip partners,20,20,260,19,36.34,https://wpvip.com/why-become-a-wordpress-vip-partner-tech/,0,0,0.00,0.24,145,"28, 43, 43, 66, 66, 82, 82, 43, 82, 100, 66, 66",2026-06-08,"Sitelinks, Video, People also ask","informational, navigational",Organic
wordpress vip partners,29,29,260,19,36.34,https://wpvip.com/,0,0,0.00,0.24,145,"28, 43, 43, 66, 66, 82, 82, 43, 82, 100, 66, 66",2026-06-08,"Sitelinks, Video, People also ask","informational, navigational",Organic
wordpress vip partners,32,32,260,19,36.34,https://wpvip.com/partner/syde/,0,0,0.00,0.24,145,"28, 43, 43, 66, 66, 82, 82, 43, 82, 100, 66, 66",2026-06-08,"Sitelinks, Video, People also ask","informational, navigational",Organic
wordpress vip partners,37,37,260,19,36.34,https://wpvip.com/,0,0,0.00,0.24,145,"28, 43, 43, 66, 66, 82, 82, 43, 82, 100, 66, 66",2026-06-08,"Sitelinks, Video, People also ask","informational, navigational",Organic
wordpress vip partners,44,44,260,19,36.34,https://wpvip.com/partner-announcements/human-made-wordpress-vip-gold-agency-partner/,0,0,0.00,0.24,145,"28, 43, 43, 66, 66, 82, 82, 43, 82, 100, 66, 66",2026-06-08,"Sitelinks, Video, People also ask","informational, navigational",Organic
wordpress vip partners,51,51,260,19,36.34,https://wpvip.com/partner-announcements/human-made-wordpress-vip-gold-agency-partner/,0,0,0.00,0.24,145,"28, 43, 43, 66, 66, 82, 82, 43, 82, 100, 66, 66",2026-06-08,"Sitelinks, Video, People also ask","informational, navigational",Organic
wordpress vip partners,63,63,260,19,36.34,https://wpvip.com/wordpress-vip-for-developers/,0,0,0.00,0.24,145,"28, 43, 43, 66, 66, 82, 82, 43, 82, 100, 66, 66",2026-06-08,"Sitelinks, Video, People also ask","informational, navigational",Organic
wordpress vip partners,67,67,260,19,36.34,https://wpvip.com/partner/the-code-company/,0,0,0.00,0.24,145,"28, 43, 43, 66, 66, 82, 82, 43, 82, 100, 66, 66",2026-06-08,"Sitelinks, Video, People also ask","informational, navigational",Organic
wordpress vip partners,70,70,260,19,36.34,https://wpvip.com/partner/mavlers/,0,0,0.00,0.24,145,"28, 43, 43, 66, 66, 82, 82, 43, 82, 100, 66, 66",2026-06-08,"Sitelinks, Video, People also ask","informational, navigational",Organic
wordpress vip partners,74,74,260,19,36.34,https://wpvip.com/about/,0,0,0.00,0.24,145,"28, 43, 43, 66, 66, 82, 82, 43, 82, 100, 66, 66",2026-06-08,"Sitelinks, Video, People also ask","informational, navigational",Organic
wordpress vip partners,76,76,260,19,36.34,https://wpvip.com/resource/ecommerce-content-marketing/,0,0,0.00,0.24,145,"28, 43, 43, 66, 66, 82, 82, 43, 82, 100, 66, 66",2026-06-08,"Sitelinks, Video, People also ask","informational, navigational",Organic
wordpress vip partners,78,78,260,19,36.34,https://wpvip.com/contact/,0,0,0.00,0.24,145,"28, 43, 43, 66, 66, 82, 82, 43, 82, 100, 66, 66",2026-06-08,"Sitelinks, Video, People also ask","informational, navigational",Organic
wordpress vip partners,80,80,260,19,36.34,https://wpvip.com/events/,0,0,0.00,0.24,145,"28, 43, 43, 66, 66, 82, 82, 43, 82, 100, 66, 66",2026-06-08,"Sitelinks, Video, People also ask","informational, navigational",Organic
wordpress vip partners,81,81,260,19,36.34,https://wpvip.com/wordpress-development/,0,0,0.00,0.24,145,"28, 43, 43, 66, 66, 82, 82, 43, 82, 100, 66, 66",2026-06-08,"Sitelinks, Video, People also ask","informational, navigational",Organic
wordpress vip partners,82,82,260,19,36.34,https://wpvip.com/blog/,0,0,0.00,0.24,145,"28, 43, 43, 66, 66, 82, 82, 43, 82, 100, 66, 66",2026-06-08,"Sitelinks, Video, People also ask","informational, navigational",Organic
wordpress vip partners,83,83,260,19,36.34,https://wpvip.com/wordpress-vip-for-developers/,0,0,0.00,0.24,145,"28, 43, 43, 66, 66, 82, 82, 43, 82, 100, 66, 66",2026-06-08,"Sitelinks, Video, People also ask","informational, navigational",Organic
wordpress vip partners,84,84,260,19,36.34,https://wpvip.com/pricing/,0,0,0.00,0.24,145,"28, 43, 43, 66, 66, 82, 82, 43, 82, 100, 66, 66",2026-06-08,"Sitelinks, Video, People also ask","informational, navigational",Organic
wordpress vip partners,86,86,260,19,36.34,https://wpvip.com/blog/why-customers-love-wordpress-vip/,0,0,0.00,0.24,145,"28, 43, 43, 66, 66, 82, 82, 43, 82, 100, 66, 66",2026-06-08,"Sitelinks, Video, People also ask","informational, navigational",Organic
wordpress vip partners,87,87,260,19,36.34,https://wpvip.com/wordpress-platform/,0,0,0.00,0.24,145,"28, 43, 43, 66, 66, 82, 82, 43, 82, 100, 66, 66",2026-06-08,"Sitelinks, Video, People also ask","informational, navigational",Organic
wordpress vip partners,88,88,260,19,36.34,https://wpvip.com/content-management-system/,0,0,0.00,0.24,145,"28, 43, 43, 66, 66, 82, 82, 43, 82, 100, 66, 66",2026-06-08,"Sitelinks, Video, People also ask","informational, navigational",Organic
wordpress vip partners,89,89,260,19,36.34,https://wpvip.com/services/,0,0,0.00,0.24,145,"28, 43, 43, 66, 66, 82, 82, 43, 82, 100, 66, 66",2026-06-08,"Sitelinks, Video, People also ask","informational, navigational",Organic
wordpress vip partners,90,90,260,19,36.34,https://wpvip.com/services/,0,0,0.00,0.24,145,"28, 43, 43, 66, 66, 82, 82, 43, 82, 100, 66, 66",2026-06-08,"Sitelinks, Video, People also ask","informational, navigational",Organic
wordpress vip partners,91,91,260,19,36.34,https://wpvip.com/enterprise-wordpress-hosting/,0,0,0.00,0.24,145,"28, 43, 43, 66, 66, 82, 82, 43, 82, 100, 66, 66",2026-06-08,"Sitelinks, Video, People also ask","informational, navigational",Organic
wordpress vip partners,92,92,260,19,36.34,https://wpvip.com/wordpress-vip-premier/,0,0,0.00,0.24,145,"28, 43, 43, 66, 66, 82, 82, 43, 82, 100, 66, 66",2026-06-08,"Sitelinks, Video, People also ask","informational, navigational",Organic
wordpress vip partners,93,93,260,19,36.34,https://wpvip.com/wordpress-vip-agile-content-platform/,0,0,0.00,0.24,145,"28, 43, 43, 66, 66, 82, 82, 43, 82, 100, 66, 66",2026-06-08,"Sitelinks, Video, People also ask","informational, navigational",Organic
wordpress vip partners,94,94,260,19,36.34,https://wpvip.com/wordpress-vip-enterprise-support/,0,0,0.00,0.24,145,"28, 43, 43, 66, 66, 82, 82, 43, 82, 100, 66, 66",2026-06-08,"Sitelinks, Video, People also ask","informational, navigational",Organic
wordpress vip partners,95,95,260,19,36.34,https://wpvip.com/wordpress-vip-faq/,0,0,0.00,0.24,145,"28, 43, 43, 66, 66, 82, 82, 43, 82, 100, 66, 66",2026-06-08,"Sitelinks, Video, People also ask","informational, navigational",Organic
wordpress vip partners,96,96,260,19,36.34,https://wpvip.com/blog/hire-wordpress-developer/,0,0,0.00,0.24,145,"28, 43, 43, 66, 66, 82, 82, 43, 82, 100, 66, 66",2026-06-08,"Sitelinks, Video, People also ask","informational, navigational",Organic
wordpress vip partners,97,97,260,19,36.34,https://wpvip.com/products/,0,0,0.00,0.24,145,"28, 43, 43, 66, 66, 82, 82, 43, 82, 100, 66, 66",2026-06-08,"Sitelinks, Video, People also ask","informational, navigational",Organic
wordpress vip partners,98,98,260,19,36.34,https://wpvip.com/blog/run-the-web-vip/,0,0,0.00,0.24,145,"28, 43, 43, 66, 66, 82, 82, 43, 82, 100, 66, 66",2026-06-08,"Sitelinks, Video, People also ask","informational, navigational",Organic
wordpress vip partners,99,99,260,19,36.34,https://docs.wpvip.com/,0,0,0.00,0.24,145,"28, 43, 43, 66, 66, 82, 82, 43, 82, 100, 66, 66",2026-06-08,"Sitelinks, Video, People also ask","informational, navigational",Organic
ai is killing the web,21,21,50,46,0.00,https://wpvip.com/blog/ai-is-killing-web-traffic/,0,0,0.00,0.04,161,"0, 0, 100, 19, 80, 52, 9, 9, 9, 9, 9, 9",2026-07-12,"Sitelinks, Video, Video Carousel, Related searches, Discussions and forums, AI overview",informational,Organic
optimizing existing website content for aeo,20,20,40,29,0.00,https://wpvip.com/blog/answer-engine-optimization-strategies/,0,0,0.00,0,175,"20, 60, 60, 100, 80, 100, 80, 80, 60, 80",2026-07-17,"Sitelinks, Video, Video Carousel, Related searches, Discussions and forums, AI overview",informational,Organic
gutenberg for wordpress,2,2,170,69,1.69,https://wpvip.com/wordpress-gutenberg/,0,0,0.00,0.16,107,"29, 29, 18, 35, 29, 29, 22, 18, 35, 81, 22, 43",2026-06-23,"Sitelinks, Reviews, Video, Ads bottom, Video Carousel, People also ask, Related searches, AI overview",navigational,AI overview
gutenberg for wordpress,2,2,170,69,1.69,https://wpvip.com/glossary/wordpress-gutenberg-block-editor/,0,0,0.00,0.16,107,"29, 29, 18, 35, 29, 29, 22, 18, 35, 81, 22, 43",2026-06-23,"Sitelinks, Reviews, Video, Ads bottom, Video Carousel, People also ask, Related searches, AI overview",navigational,AI overview
gutenberg for wordpress,4,4,170,69,1.69,https://wpvip.com/wordpress-gutenberg/,0,0,0.00,0.16,107,"29, 29, 18, 35, 29, 29, 22, 18, 35, 81, 22, 43",2026-06-23,"Sitelinks, Reviews, Video, Ads bottom, Video Carousel, People also ask, Related searches, AI overview",navigational,Organic
wordpress services for agencies,10,10,40,19,0.00,https://wpvip.com/partners/service-partners/,0,0,0.00,0,37,"0, 0, 55, 77, 55, 100, 77, 44, 44, 33, 44, 44",2026-07-20,"Video, Video Carousel, Related searches",informational,Organic
how to modify/adjust roles and permissions in wordpress,15,34,480,8,0.00,https://docs.wpvip.com/wordpress-on-vip/customize-user-roles/,0,0,0.00,0,132,"100, 0, 0, 0",2026-07-22,"Sitelinks, Video, Video Carousel, Related searches, Discussions and forums",informational,Organic
uploads folder,18,18,110,14,3.21,https://docs.wpvip.com/vip-file-system/modify-uploads-directory/,0,0,0.00,0.27,129,"19, 19, 34, 26, 26, 26, 15, 34, 19, 80, 100, 80",2026-06-20,"Sitelinks, Reviews, Video, Video Carousel, Related searches, AI overview",informational,Organic
best blog word count for seo,21,21,40,50,0.00,https://wpvip.com/blog/ideal-word-count/,0,0,0.00,0.05,160,"22, 33, 33, 100, 44, 44, 77, 22, 22, 22, 22, 22",2026-06-28,"Sitelinks, Video, Video Carousel, People also ask, Related searches, AI overview","commercial, informational",Organic
vip file,19,19,50,7,0.00,https://docs.wpvip.com/vip-file-system/media-uploads/,0,0,0.00,0.33,100,"34, 34, 34, 6, 21, 6, 6, 6, 6, 6, 6, 6",2026-06-27,"Image pack, Reviews, Video, People also ask, Related searches, AI overview",informational,Organic
vip file,40,40,50,7,0.00,https://docs.wpvip.com/changelog/infrastructure/vip-file-system-performance-improvements/,0,0,0.00,0.33,100,"34, 34, 34, 6, 21, 6, 6, 6, 6, 6, 6, 6",2026-06-27,"Image pack, Reviews, Video, People also ask, Related searches, AI overview",informational,Organic
professional wordpress design and development,21,21,50,15,7.76,https://learn.wpvip.com/certification/,0,0,0.00,0.09,164,"21, 6, 6, 43, 12, 21, 15, 6, 34, 6, 6, 9",2026-06-03,"Knowledge panel, Sitelinks, Video, Ads bottom, Related searches, AI overview",informational,Organic
web analytics software,15,15,320,62,13.11,https://wpvip.com/blog/web-analytics-software-tools/,0,0,0.00,0.03,126,"54, 66, 54, 44, 44, 100, 36, 29, 29, 19, 19, 29",2026-06-18,"Sitelinks, Video, Ads bottom, Video Carousel, People also ask, Related searches, Things to know, Ads middle, AI overview",informational,Organic
vip.mobi,38,87,40,14,0.00,https://wpvip.com/,0,0,0.00,0.33,126000,"10, 6, 4, 8, 29, 18, 10, 8, 8, 2, 6, 0",2026-07-22,"Reviews, People also ask",informational,Organic
top web traffic analytics tools 2024,8,8,90,26,0.00,https://wpvip.com/blog/web-analytics-software-tools/,0,0,0.00,0,164,"50, 35, 64, 50, 35, 14, 78, 100, 100, 100, 100, 78",2026-06-25,"Sitelinks, Reviews, Video, People also ask, Related searches, AI overview","commercial, informational",People also ask
wordpress update december 2025,17,17,70,30,0.00,https://customerhub.wpvip.com/platform-release-schedule/,0,0,0.00,0,110,"100, 9, 14, 14, 19",2026-07-11,"Sitelinks, Reviews, Video, Video Carousel, People also ask, Related searches, AI overview",informational,Organic
wordpress update december 2025,21,21,70,30,0.00,https://customerhub.wpvip.com/platform-release-schedule/,0,0,0.00,0,110,"100, 9, 14, 14, 19",2026-07-11,"Sitelinks, Reviews, Video, Video Carousel, People also ask, Related searches, AI overview",informational,Organic
sitecore cms developer,1,1,70,16,0.00,https://wpvip.com/resource/sitecore-vs-wordpress-vip/,0,0,0.00,0.05,108,"29, 17, 64, 52, 41, 41, 29, 41, 64, 41, 52, 52",2026-07-05,"Sitelinks, Reviews, Video, People also ask, Related searches, Discussions and forums, AI overview","informational, navigational",People also ask
wordpress development for enterprise,36,36,40,,0.00,https://wpvip.com/,0,0,0.00,0.33,99,"60, 40, 100, 80, 60, 80, 100, 100, 80, 80, 80, 60",2026-07-19,"Sitelinks, Reviews, Video, People also ask, Related searches, AI overview",informational,Organic
enterprise level cms,11,11,90,18,19.41,https://wpvip.com/blog/enterprise-cms/,0,0,0.00,0.25,146,"28, 35, 35, 78, 100, 64, 64, 100, 50, 64, 64, 35",2026-06-03,"Sitelinks, Video, People also ask, Related searches, Discussions and forums, Ads middle, AI overview",informational,Organic
enterprise level cms,47,47,90,18,19.41,https://wpvip.com/blog/10-best-enterprise-content-management-systems/,0,0,0.00,0.25,146,"28, 35, 35, 78, 100, 64, 64, 100, 50, 64, 64, 35",2026-06-03,"Sitelinks, Video, People also ask, Related searches, Discussions and forums, Ads middle, AI overview",informational,Organic
new relic user types,11,11,40,27,0.00,https://docs.wpvip.com/manage-user-access/new-relic/,0,0,0.00,0.15,0,"28, 28, 50, 28, 28, 28, 28, 14, 28, 28, 28, 21",2026-07-05,"Sitelinks, Video, Ads top, People also ask, Related searches, Ads middle, AI overview",navigational,Organic
word count comparison pre post suggestion,6,6,70,10,0.00,https://wpvip.com/blog/ideal-word-count/,0,0,0.00,0,424000000,"29, 100, 23, 0",2026-06-17,"Sitelinks, Reviews, Video, Video Carousel, People also ask","commercial, informational",Organic
measure web vitals,23,23,50,37,0.00,https://wpvip.com/glossary/core-web-vitals/,0,0,0.00,0.05,135,"33, 23, 42, 66, 23, 9, 9, 9, 9, 9, 9, 14",2026-06-30,"Sitelinks, Reviews, Video, Ads bottom, Related searches, Ads middle, AI overview",informational,Organic
cache-control: no-store,29,29,140,50,0.00,https://docs.wpvip.com/caching/page-cache/customize-behavior/cache-control-headers/,0,0,0.00,0.33,87,"0, 0, 1, 0, 1, 1, 0, 0, 2, 100, 0, 0",2026-06-13,"Sitelinks, Video, Video Carousel, People also ask, Related searches, Discussions and forums, AI overview",informational,Organic
wordpress core update,10,10,50,19,0.00,https://docs.wpvip.com/wordpress-on-vip/wordpress-upgrades/,0,0,0.00,0.01,99,"42, 42, 15, 19, 42, 7, 7, 7, 7, 7, 7, 7",2026-07-05,"Sitelinks, Reviews, Video, Video Carousel, People also ask, Related searches, AI overview",informational,Organic
wordpress core update,41,41,50,19,0.00,https://customerhub.wpvip.com/platform-release-schedule/,0,0,0.00,0.01,99,"42, 42, 15, 19, 42, 7, 7, 7, 7, 7, 7, 7",2026-07-05,"Sitelinks, Reviews, Video, Video Carousel, People also ask, Related searches, AI overview",informational,Organic
enterprise wordpress development,53,53,480,6,12.33,https://wpvip.com/,0,0,0.00,0.1,125,"29, 23, 23, 54, 66, 66, 100, 81, 81, 81, 81, 66",2026-06-14,"Sitelinks, Reviews, Video, Related searches, AI overview","commercial, informational",Organic
wordpress vip pricing,1,1,170,26,25.44,https://wpvip.com/faq/,0,0,0.00,0.45,107,"43, 28, 65, 53, 65, 65, 81, 12, 100, 53, 43, 53",2026-07-21,"Sitelinks, Reviews, Video, People also ask, Related searches, AI overview",transactional,AI overview
wordpress vip pricing,1,1,170,26,25.44,https://wpvip.com/resource/wp-engine-vs-wordpress-vip/,0,0,0.00,0.45,107,"43, 28, 65, 53, 65, 65, 81, 12, 100, 53, 43, 53",2026-07-21,"Sitelinks, Reviews, Video, People also ask, Related searches, AI overview",transactional,AI overview
wordpress vip pricing,1,1,170,26,25.44,https://wpvip.com/capabilities/performance/,0,0,0.00,0.45,107,"43, 28, 65, 53, 65, 65, 81, 12, 100, 53, 43, 53",2026-07-21,"Sitelinks, Reviews, Video, People also ask, Related searches, AI overview",transactional,AI overview
wordpress vip pricing,8,8,170,26,25.44,https://wpvip.com/,0,0,0.00,0.45,107,"43, 28, 65, 53, 65, 65, 81, 12, 100, 53, 43, 53",2026-07-21,"Sitelinks, Reviews, Video, People also ask, Related searches, AI overview",transactional,Organic
wordpress vip pricing,30,30,170,26,25.44,https://wpvip.com/package-definitions/,0,0,0.00,0.45,107,"43, 28, 65, 53, 65, 65, 81, 12, 100, 53, 43, 53",2026-07-21,"Sitelinks, Reviews, Video, People also ask, Related searches, AI overview",transactional,Organic
wordpress vip pricing,41,41,170,26,25.44,https://wpvip.com/pricing/enhanced-package/,0,0,0.00,0.45,107,"43, 28, 65, 53, 65, 65, 81, 12, 100, 53, 43, 53",2026-07-21,"Sitelinks, Reviews, Video, People also ask, Related searches, AI overview",transactional,Organic
wordpress vip pricing,44,44,170,26,25.44,https://wpvip.com/capabilities/performance/,0,0,0.00,0.45,107,"43, 28, 65, 53, 65, 65, 81, 12, 100, 53, 43, 53",2026-07-21,"Sitelinks, Reviews, Video, People also ask, Related searches, AI overview",transactional,Organic
wordpress vip pricing,48,48,170,26,25.44,https://wpvip.com/pricing/standard-package/,0,0,0.00,0.45,107,"43, 28, 65, 53, 65, 65, 81, 12, 100, 53, 43, 53",2026-07-21,"Sitelinks, Reviews, Video, People also ask, Related searches, AI overview",transactional,Organic
wordpress vip pricing,56,56,170,26,25.44,https://wpvip.com/enterprise-content-management-system/,0,0,0.00,0.45,107,"43, 28, 65, 53, 65, 65, 81, 12, 100, 53, 43, 53",2026-07-21,"Sitelinks, Reviews, Video, People also ask, Related searches, AI overview",transactional,Organic
wordpress vip pricing,61,61,170,26,25.44,https://wpvip.com/blog/,0,0,0.00,0.45,107,"43, 28, 65, 53, 65, 65, 81, 12, 100, 53, 43, 53",2026-07-21,"Sitelinks, Reviews, Video, People also ask, Related searches, AI overview",transactional,Organic
wordpress vip pricing,64,64,170,26,25.44,https://wpvip.com/pricing/signature-package/,0,0,0.00,0.45,107,"43, 28, 65, 53, 65, 65, 81, 12, 100, 53, 43, 53",2026-07-21,"Sitelinks, Reviews, Video, People also ask, Related searches, AI overview",transactional,Organic
wordpress vip pricing,65,65,170,26,25.44,https://wpvip.com/capabilities/enterprise-wordpress-hosting/,0,0,0.00,0.45,107,"43, 28, 65, 53, 65, 65, 81, 12, 100, 53, 43, 53",2026-07-21,"Sitelinks, Reviews, Video, People also ask, Related searches, AI overview",transactional,Organic
wordpress vip pricing,68,68,170,26,25.44,https://wpvip.com/hosting-tos/,0,0,0.00,0.45,107,"43, 28, 65, 53, 65, 65, 81, 12, 100, 53, 43, 53",2026-07-21,"Sitelinks, Reviews, Video, People also ask, Related searches, AI overview",transactional,Organic
wordpress vip pricing,70,70,170,26,25.44,https://wpvip.com/why-wordpress-vip/how-we-compare/,0,0,0.00,0.45,107,"43, 28, 65, 53, 65, 65, 81, 12, 100, 53, 43, 53",2026-07-21,"Sitelinks, Reviews, Video, People also ask, Related searches, AI overview",transactional,Organic
wordpress vip pricing,71,71,170,26,25.44,https://wpvip.com/blog/wordpress-org-vs-wordpress-com-vs-wordpress-vip-whats-the-difference/,0,0,0.00,0.45,107,"43, 28, 65, 53, 65, 65, 81, 12, 100, 53, 43, 53",2026-07-21,"Sitelinks, Reviews, Video, People also ask, Related searches, AI overview",transactional,Organic
wordpress vip pricing,72,72,170,26,25.44,https://wpvip.com/resources/,0,0,0.00,0.45,107,"43, 28, 65, 53, 65, 65, 81, 12, 100, 53, 43, 53",2026-07-21,"Sitelinks, Reviews, Video, People also ask, Related searches, AI overview",transactional,Organic
wordpress vip pricing,73,73,170,26,25.44,https://wpvip.com/blog/vip-platform-improvements/,0,0,0.00,0.45,107,"43, 28, 65, 53, 65, 65, 81, 12, 100, 53, 43, 53",2026-07-21,"Sitelinks, Reviews, Video, People also ask, Related searches, AI overview",transactional,Organic
wordpress vip pricing,74,74,170,26,25.44,https://docs.wpvip.com/,0,0,0.00,0.45,107,"43, 28, 65, 53, 65, 65, 81, 12, 100, 53, 43, 53",2026-07-21,"Sitelinks, Reviews, Video, People also ask, Related searches, AI overview",transactional,Organic
wordpress vip pricing,75,75,170,26,25.44,https://wpvip.com/blog/secure-wordpress-hosting/,0,0,0.00,0.45,107,"43, 28, 65, 53, 65, 65, 81, 12, 100, 53, 43, 53",2026-07-21,"Sitelinks, Reviews, Video, People also ask, Related searches, AI overview",transactional,Organic
wordpress vip pricing,76,76,170,26,25.44,https://learn.wpvip.com/,0,0,0.00,0.45,107,"43, 28, 65, 53, 65, 65, 81, 12, 100, 53, 43, 53",2026-07-21,"Sitelinks, Reviews, Video, People also ask, Related searches, AI overview",transactional,Organic
wordpress vip pricing,77,77,170,26,25.44,https://customerhub.wpvip.com/,0,0,0.00,0.45,107,"43, 28, 65, 53, 65, 65, 81, 12, 100, 53, 43, 53",2026-07-21,"Sitelinks, Reviews, Video, People also ask, Related searches, AI overview",transactional,Organic
cache control no cache,25,25,140,47,0.00,https://docs.wpvip.com/caching/page-cache/customize-behavior/cache-control-headers/,0,0,0.00,0.33,114,"43, 43, 35, 29, 29, 35, 35, 22, 18, 18, 14, 35",2026-06-21,"Sitelinks, Video, People also ask, Related searches, AI overview",informational,Organic
wordpress hardening guide official documentation,37,37,210,14,0.00,https://docs.wpvip.com/,0,0,0.00,0,116,"54, 43, 100, 54, 29, 6, 2",2026-06-23,"Sitelinks, Reviews, Video, Related searches, AI overview",informational,Organic
wpcustom.co,55,55,260,0,0.00,https://docs.wpvip.com/vip-cli/wp-cli-with-vip-cli/write-custom-wp-cli-commands/,0,0,0.00,0,423000,100,2026-07-06,"Reviews, Video, AI overview",informational,Organic
apm database,40,40,30,41,10.14,https://wpvip.com/glossary/application-performance-monitoring-apm/,0,0,0.00,0.38,135,"18, 18, 18, 18, 100, 18, 18, 18, 18, 18, 18, 18",2026-07-13,"Sitelinks, Reviews, Video, Ads bottom, Video Carousel, People also ask, Related searches, Ads middle, AI overview",informational,Organic
fivethirtyeight's,23,23,40,58,0.00,https://wpvip.com/case-studies/fivethirtyeight-election-night/,0,0,0.00,0.33,50700,"0, 13, 0, 0, 0, 0, 0, 0, 0, 0, 0, 0",2026-06-17,"Reviews, Video, Video Carousel, Related searches",informational,Organic
kpis for comparing omnichannel media metrics attention scores,17,17,40,14,0.00,https://wpvip.com/blog/content-marketing-kpis/,0,0,0.00,0,503000,"100, 57, 57, 0",2026-05-19,"Video, People also ask, Related searches, AI overview",informational,Organic
caching content,16,16,90,59,0.00,https://wpvip.com/blog/caching/,0,0,0.00,0.33,127,"64, 50, 64, 50, 64, 100, 64, 50, 78, 78, 78, 78",2026-06-26,"Sitelinks, Reviews, Video, Video Carousel, People also ask, Related searches, AI overview",informational,Organic
wordpress rest api plugin,27,27,40,35,0.00,https://docs.wpvip.com/wordpress-on-vip/wordpress-rest-api/,0,0,0.00,0.02,107,"2, 11, 11, 2, 2, 2, 2, 2, 2, 2, 2, 2",2026-07-07,"Reviews, Video, Video Carousel, People also ask, Related searches, Discussions and forums, AI overview",informational,Organic
wordpress rest api plugin,37,37,40,35,0.00,https://docs.wpvip.com/wordpress-on-vip/wordpress-rest-api/,0,0,0.00,0.02,107,"2, 11, 11, 2, 2, 2, 2, 2, 2, 2, 2, 2",2026-07-07,"Reviews, Video, Video Carousel, People also ask, Related searches, Discussions and forums, AI overview",informational,Organic
testewp,26,26,90,13,5.81,https://docs.wpvip.com/launch-a-site/testing-your-site/,0,0,0.00,0.26,8020,"17, 29, 29, 52, 52, 82, 100, 64, 52, 41, 52, 41",2026-06-26,"Reviews, Video, Ads bottom, People also ask, Related searches, AI overview",informational,Organic
vip db,15,15,30,4,8.30,https://docs.wpvip.com/databases/access/,0,0,0.00,0.06,109,"11, 11, 11, 11, 64, 11, 11, 11, 11, 11, 11, 11",2026-07-20,"Reviews, Video, People also ask, Related searches",informational,Organic
vip db,44,44,30,4,8.30,https://docs.wpvip.com/vip-cli/commands/db/phpmyadmin/,0,0,0.00,0.06,109,"11, 11, 11, 11, 64, 11, 11, 11, 11, 11, 11, 11",2026-07-20,"Reviews, Video, People also ask, Related searches",informational,Organic
vip db,55,55,30,4,8.30,https://docs.wpvip.com/vip-local-development-environment/add-database-content/,0,0,0.00,0.06,109,"11, 11, 11, 11, 64, 11, 11, 11, 11, 11, 11, 11",2026-07-20,"Reviews, Video, People also ask, Related searches",informational,Organic
vip db,65,65,30,4,8.30,https://docs.wpvip.com/vip-cli/commands/,0,0,0.00,0.06,109,"11, 11, 11, 11, 64, 11, 11, 11, 11, 11, 11, 11",2026-07-20,"Reviews, Video, People also ask, Related searches",informational,Organic
vip db,67,67,30,4,8.30,https://docs.wpvip.com/databases/import/,0,0,0.00,0.06,109,"11, 11, 11, 11, 64, 11, 11, 11, 11, 11, 11, 11",2026-07-20,"Reviews, Video, People also ask, Related searches",informational,Organic
vip db,70,70,30,4,8.30,https://docs.wpvip.com/vip-cli/commands/backup/db/,0,0,0.00,0.06,109,"11, 11, 11, 11, 64, 11, 11, 11, 11, 11, 11, 11",2026-07-20,"Reviews, Video, People also ask, Related searches",informational,Organic
vip db,72,72,30,4,8.30,https://docs.wpvip.com/databases/backups/,0,0,0.00,0.06,109,"11, 11, 11, 11, 64, 11, 11, 11, 11, 11, 11, 11",2026-07-20,"Reviews, Video, People also ask, Related searches",informational,Organic
vip db,73,73,30,4,8.30,https://docs.wpvip.com/databases/import/import-with-vip-cli/,0,0,0.00,0.06,109,"11, 11, 11, 11, 64, 11, 11, 11, 11, 11, 11, 11",2026-07-20,"Reviews, Video, People also ask, Related searches",informational,Organic
vip db,75,75,30,4,8.30,https://docs.wpvip.com/databases/partial-database-exports/,0,0,0.00,0.06,109,"11, 11, 11, 11, 64, 11, 11, 11, 11, 11, 11, 11",2026-07-20,"Reviews, Video, People also ask, Related searches",informational,Organic
vip db,76,76,30,4,8.30,https://docs.wpvip.com/performance/insights-metrics/database-metrics/,0,0,0.00,0.06,109,"11, 11, 11, 11, 64, 11, 11, 11, 11, 11, 11, 11",2026-07-20,"Reviews, Video, People also ask, Related searches",informational,Organic
vip db,77,77,30,4,8.30,https://wpvip.com/blog/optimize-developer-experience/,0,0,0.00,0.06,109,"11, 11, 11, 11, 64, 11, 11, 11, 11, 11, 11, 11",2026-07-20,"Reviews, Video, People also ask, Related searches",informational,Organic
vip db,78,78,30,4,8.30,https://docs.wpvip.com/databases/backups/access/,0,0,0.00,0.06,109,"11, 11, 11, 11, 64, 11, 11, 11, 11, 11, 11, 11",2026-07-20,"Reviews, Video, People also ask, Related searches",informational,Organic
wordpress enterprise website development agency,63,63,40,12,13.64,https://wpvip.com/partners/,0,0,0.00,0.06,166,"0, 0, 11, 77, 100, 55, 55, 44, 33, 44, 77, 55",2026-06-22,"Sitelinks, Reviews, Video, Ads top, Related searches, Ads middle, AI overview",informational,Organic
wordpress deployment,25,25,50,19,13.99,https://docs.wpvip.com/code-deployment/default-deployment/build-and-deploy/,0,0,0.00,0.19,53,"100, 64, 78, 35, 50, 21, 14, 14, 14, 14, 14, 14",2026-06-04,"Sitelinks, Video, Ads bottom, Video Carousel, People also ask, Related searches",informational,Organic
digital experience platform examples,25,0,90,38,7.08,https://wpvip.com/glossary/digital-experience-platform/,0,0,0.00,0.23,103,"26, 7, 42, 65, 26, 80, 34, 100, 26, 15, 11, 11",2026-07-22,"Image pack, Sitelinks, Video, Video Carousel, People also ask, Related searches, Discussions and forums, AI overview",informational,Organic
how is a theme developed,82,82,70,21,0.00,https://learn.wpvip.com/lesson/theme-development-structure/,0,0,0.00,0.33,177,"52, 9, 9, 9, 9, 9, 52, 100, 66, 52, 33, 42",2026-06-10,"Sitelinks, Video, Video Carousel, People also ask, Related searches, Discussions and forums, AI overview",informational,Organic
enterprise content management systems used by fortune 500 companies,35,35,50,23,0.00,https://wpvip.com/blog/10-best-enterprise-content-management-systems/,0,0,0.00,0,60100000,"57, 57, 100, 71",2026-07-14,"Reviews, Video, Ads bottom, People also ask, Related searches, Ads middle, AI overview","commercial, informational",Organic
enterprise content management systems used by fortune 500 companies,55,55,50,23,0.00,https://wpvip.com/blog/10-best-enterprise-content-management-systems/,0,0,0.00,0,60100000,"57, 57, 100, 71",2026-07-14,"Reviews, Video, Ads bottom, People also ask, Related searches, Ads middle, AI overview","commercial, informational",Organic
wpengine ip address,35,35,50,19,0.00,https://docs.wpvip.com/security-controls/ip-restrictions/,0,0,0.00,0.33,42,"22, 22, 22, 77, 55, 55, 100, 100, 77, 77, 55, 77",2026-06-12,"Sitelinks, People also ask, Related searches, AI overview",informational,Organic
wpengine ip address,47,47,50,19,0.00,https://docs.wpvip.com/infrastructure/ip-ranges/,0,0,0.00,0.33,42,"22, 22, 22, 77, 55, 55, 100, 100, 77, 77, 55, 77",2026-06-12,"Sitelinks, People also ask, Related searches, AI overview",informational,Organic
digital analytics tools,34,34,260,41,15.93,https://wpvip.com/blog/web-analytics-software-tools/,0,0,0.00,0.07,131,"13, 8, 7, 3, 10, 8, 3, 13, 1, 1, 3, 1",2026-05-29,"Sitelinks, Video, Ads bottom, People also ask, Related searches, AI overview",commercial,Organic
wordpress 6.7 release october 2025 news,22,22,90,27,0.00,https://wpvip.com/blog/wordpress-6-7/,0,0,0.00,0,463000,"100, 2, 0, 0, 2, 4",2026-06-22,"Video, People also ask, Related searches, AI overview",informational,Organic
wordpress 6.7 release october 2025 news,61,61,90,27,0.00,https://customerhub.wpvip.com/platform-release-schedule/,0,0,0.00,0,463000,"100, 2, 0, 0, 2, 4",2026-06-22,"Video, People also ask, Related searches, AI overview",informational,Organic
wordpress hosting enterprise,1,1,70,37,23.74,https://wpvip.com/wordpress-platform/,0,0,0.00,0.2,129,"17, 17, 29, 100, 100, 82, 41, 29, 29, 41, 52, 29",2026-06-03,"Sitelinks, Video, People also ask, Related searches, AI overview",informational,AI overview
wordpress hosting enterprise,37,37,70,37,23.74,https://wpvip.com/enterprise-wordpress-hosting/,0,0,0.00,0.2,129,"17, 17, 29, 100, 100, 82, 41, 29, 29, 41, 52, 29",2026-06-03,"Sitelinks, Video, People also ask, Related searches, AI overview",informational,Organic
wordpress hosting enterprise,68,68,70,37,23.74,https://wpvip.com/blog/best-wordpress-hosting/,0,0,0.00,0.2,129,"17, 17, 29, 100, 100, 82, 41, 29, 29, 41, 52, 29",2026-06-03,"Sitelinks, Video, People also ask, Related searches, AI overview",informational,Organic
wordpress hosting enterprise,74,74,70,37,23.74,https://wpvip.com/,0,0,0.00,0.2,129,"17, 17, 29, 100, 100, 82, 41, 29, 29, 41, 52, 29",2026-06-03,"Sitelinks, Video, People also ask, Related searches, AI overview",informational,Organic
wordpress 6.5 release date,13,13,50,19,0.00,https://wpvip.com/blog/wordpress-6-5/,0,0,0.00,0.33,106,"0, 0, 0, 64, 50, 78, 50, 21, 21, 100, 35, 14",2026-06-12,"Sitelinks, Video, People also ask, Related searches, AI overview",informational,Organic
wordpress 6.5 release date,51,51,50,19,0.00,https://customerhub.wpvip.com/platform-release-schedule/,0,0,0.00,0.33,106,"0, 0, 0, 64, 50, 78, 50, 21, 21, 100, 35, 14",2026-06-12,"Sitelinks, Video, People also ask, Related searches, AI overview",informational,Organic
wordpress restful api,2,2,30,38,4.33,https://learn.wpvip.com/course/mastering-the-wordpress-rest-api/,0,0,0.00,0.04,103,"15, 0, 0, 1, 2, 2, 0, 0, 19, 1, 1, 1",2026-06-24,"Sitelinks, Reviews, Video, Video Carousel, People also ask, Related searches, AI overview","informational, navigational",Organic
wordpress restful api,17,17,30,38,4.33,https://docs.wpvip.com/wordpress-on-vip/wordpress-rest-api/,0,0,0.00,0.04,103,"15, 0, 0, 1, 2, 2, 0, 0, 19, 1, 1, 1",2026-06-24,"Sitelinks, Reviews, Video, Video Carousel, People also ask, Related searches, AI overview","informational, navigational",Organic
wordpress restful api,19,19,30,38,4.33,https://wpvip.com/glossary/wordpress-rest-api-for-the-enterprise/,0,0,0.00,0.04,103,"15, 0, 0, 1, 2, 2, 0, 0, 19, 1, 1, 1",2026-06-24,"Sitelinks, Reviews, Video, Video Carousel, People also ask, Related searches, AI overview","informational, navigational",Organic
what does a pim do,76,76,40,33,5.82,https://wpvip.com/blog/pim-benefits-and-use-cases/,0,0,0.00,0.18,181,"41, 41, 23, 29, 23, 11, 11, 11, 11, 17, 17, 11",2026-06-03,"Sitelinks, Video, Video Carousel, People also ask, Related searches, AI overview",informational,Organic
taxonomy content strategy,11,11,50,18,0.00,https://wpvip.com/blog/content-taxonomy-setup/,0,0,0.00,0.21,128,"7, 7, 7, 7, 7, 7, 7, 65, 65, 26, 26, 26",2026-07-18,"Sitelinks, Video, Video Carousel, People also ask, Related searches",informational,Organic
http cache control,22,22,50,47,0.00,https://docs.wpvip.com/caching/page-cache/customize-behavior/cache-control-headers/,0,0,0.00,0.01,114,"26, 26, 26, 19, 26, 19, 7, 7, 19, 7, 7, 7",2026-06-09,"Sitelinks, Video, Video Carousel, Related searches, Discussions and forums",informational,Organic
mfa for wordpress,5,5,30,44,4.11,https://docs.wpvip.com/security-controls/wordpress/enforce-2fa/,0,0,0.00,0.57,123,"28, 28, 71, 71, 57, 28, 28, 28, 28, 28, 28, 100",2026-06-30,"Reviews, Video, Ads bottom, Video Carousel, Related searches, AI overview","commercial, informational",Organic
information architecture website,29,29,70,53,6.12,https://wpvip.com/blog/website-information-architecture/,0,0,0.00,0.1,131,"8, 6, 29, 6, 18, 10, 35, 10, 14, 10, 35, 10",2026-06-15,"Image pack, Sitelinks, Video, Ads top, People also ask, Related searches, AI overview",informational,Organic
file transformation service,28,28,50,0,0.00,https://docs.wpvip.com/vip-file-system/image-files/transformations/,0,0,0.00,0,718000000,"0, 28, 71, 100, 71, 71, 71, 71, 100",2026-06-10,"Sitelinks, Video, Ads top, Related searches, Ads middle, AI overview",informational,Organic
how headless cms works,22,22,70,41,0.00,https://wpvip.com/resource/headless-cms-guide/,0,0,0.00,0.03,129,"33, 42, 100, 100, 33, 9, 9, 9, 19, 52, 23, 19",2026-07-10,"Sitelinks, Video, Video Carousel, People also ask, Related searches, Short videos, Discussions and forums, AI overview",informational,Organic
how headless cms works,27,27,70,41,0.00,https://wpvip.com/resource/headless-cms-guide/,0,0,0.00,0.03,129,"33, 42, 100, 100, 33, 9, 9, 9, 19, 52, 23, 19",2026-07-10,"Sitelinks, Video, Video Carousel, People also ask, Related searches, Short videos, Discussions and forums, AI overview",informational,Organic
php error_reporting all,23,23,70,41,4.95,https://docs.wpvip.com/wordpress-on-vip/php/error-reporting/,0,0,0.00,0.09,123,"52, 41, 41, 29, 29, 41, 41, 41, 41, 41, 41, 41",2026-06-16,"Sitelinks, Video, Video Carousel, People also ask, Related searches, Discussions and forums, AI overview",informational,Organic
vip88.world -,49,49,720,46,0.00,https://wpvip.com/,0,0,0.00,0,2580000000,"100, 0, 0, 0, 0, 0, 0, 0",2026-07-11,"Reviews, Video, AI overview",informational,Organic
how to login as admin in wordpress,22,22,50,36,0.71,https://docs.wpvip.com/manage-user-access/wordpress/,0,0,0.00,0.09,107,"0, 0, 0, 9, 9, 19, 14, 19, 100, 52, 33, 42",2026-07-14,"Reviews, Video, Video Carousel, People also ask, Related searches, AI overview",transactional,Organic
self host wordpress site,10,10,30,23,7.73,https://wpvip.com/blog/self-hosted-wordpress/,0,0,0.00,0.47,120,"100, 18, 18, 27, 27, 9, 18, 18, 27, 18, 9, 18",2026-05-20,"Sitelinks, Video, Video Carousel, People also ask, Related searches, AI overview",informational,Organic
wordpress security release september 2025,11,11,50,24,0.00,https://customerhub.wpvip.com/platform-release-schedule/,0,0,0.00,0,114,"100, 0, 0, 0, 0, 0, 0",2026-06-21,"Reviews, Video, People also ask, Related searches, AI overview",informational,Organic
expression engine vs wordpress,30,30,70,12,0.00,https://wpvip.com/resource/wp-engine-vs-wordpress-vip/,0,0,0.00,0.02,117,"27, 27, 18, 81, 63, 27, 81, 100, 81, 63, 45, 45",2026-06-21,"Sitelinks, Reviews, Video, People also ask, Related searches, Discussions and forums, AI overview",commercial,Organic
what is aeo answer engine optimization,46,46,70,48,1.60,https://wpvip.com/blog/answer-engine-optimization-strategies/,0,0,0.00,0.05,184,"6, 9, 9, 6, 6, 6, 100, 9, 21, 53, 34, 34",2026-06-27,"Sitelinks, Reviews, Video, Ads bottom, Video Carousel, People also ask, Related searches, Ads middle, AI overview",informational,Organic
beste enterprise content-management software 2025,40,40,40,26,0.00,https://wpvip.com/blog/10-best-enterprise-content-management-systems/?itm_source=parsely-api,0,0,0.00,0,186,"100, 100, 28, 7, 0, 0, 0, 0",2026-06-30,"Sitelinks, Reviews, Video, Related searches, AI overview",commercial,Organic
beste enterprise content-management software 2025,50,50,40,26,0.00,https://wpvip.com/blog/10-best-enterprise-content-management-systems/,0,0,0.00,0,186,"100, 100, 28, 7, 0, 0, 0, 0",2026-06-30,"Sitelinks, Reviews, Video, Related searches, AI overview",commercial,Organic
how to see if a site is wordpress,46,46,90,17,0.00,https://docs.wpvip.com/launch-a-site/testing-your-site/,0,0,0.00,0.02,137,"82, 82, 52, 52, 52, 64, 52, 52, 52, 41, 52, 64",2026-07-14,"Sitelinks, Reviews, Video, Video Carousel, People also ask, Related searches, AI overview",informational,Organic
action_scheduler_run_queue,1,1,50,5,0.00,https://docs.wpvip.com/wordpress-on-vip/action-scheduler/,0,0,0.00,0.04,110,"5, 5, 100, 7, 5, 5, 5, 5, 5, 5, 5, 5",2026-06-11,"Sitelinks, Reviews, Video, People also ask, Related searches, AI overview",informational,AI overview
how many words should be in a blog post,16,16,70,3,1.29,https://wpvip.com/blog/ideal-word-count/,0,0,0.00,0.16,46,"42, 34, 19, 26, 26, 34, 19, 19, 26, 19, 15, 19",2026-07-20,"Sitelinks, People also ask, Related searches, Discussions and forums, AI overview",informational,Organic
saas cms platforms with cloud hosting and business integrations,46,46,50,10,0.00,https://wpvip.com/solutions/saas-cms/,0,0,0.00,0,165,"9, 36, 100, 18",2026-07-10,"Reviews, Video, Ads bottom, People also ask, AI overview",informational,Organic
how scalable is wordpress,8,8,70,17,0.00,https://wpvip.com/blog/wordpress-scalability/,0,0,0.00,0.01,135,"21, 14, 14, 100, 78, 50, 21, 28, 50, 78, 78, 78",2026-06-22,"Sitelinks, Reviews, Video, People also ask, Related searches, Discussions and forums, AI overview",informational,Organic
difference between seo and aeo answer engine optimization,13,13,110,16,0.00,https://wpvip.com/blog/aeo-vs-seo-answer-engine-optimization/,0,0,0.00,0,1050000,"2, 0, 5, 100",2026-07-18,"Sitelinks, Reviews, Video, Video Carousel, Related searches",informational,Organic
dxp software,48,48,210,51,18.83,https://wpvip.com/glossary/digital-experience-platform/,0,0,0.00,0.05,127,"43, 53, 21, 100, 100, 43, 100, 28, 100, 65, 53, 53",2026-06-12,"Sitelinks, Reviews, Video, People also ask, Related searches, AI overview",informational,Organic
wordpress partners,63,63,110,24,28.91,https://wpvip.com/why-become-a-wordpress-vip-partner-tech/,0,0,0.00,0.36,177000000,"35, 28, 100, 78, 64, 78, 100, 78, 78, 64, 100, 78",2026-07-07,"Reviews, Video, People also ask, Related searches",informational,Organic
wordpress partners,69,69,110,24,28.91,https://wpvip.com/why-become-a-wordpress-vip-partner-agency/,0,0,0.00,0.36,177000000,"35, 28, 100, 78, 64, 78, 100, 78, 78, 64, 100, 78",2026-07-07,"Reviews, Video, People also ask, Related searches",informational,Organic
wordpress partners,74,74,110,24,28.91,https://wpvip.com/,0,0,0.00,0.36,177000000,"35, 28, 100, 78, 64, 78, 100, 78, 78, 64, 100, 78",2026-07-07,"Reviews, Video, People also ask, Related searches",informational,Organic
wordpress partners,79,79,110,24,28.91,https://wpvip.com/why-become-a-wordpress-vip-partner-agency/,0,0,0.00,0.36,177000000,"35, 28, 100, 78, 64, 78, 100, 78, 78, 64, 100, 78",2026-07-07,"Reviews, Video, People also ask, Related searches",informational,Organic
wordpress partners,84,84,110,24,28.91,https://wpvip.com/blog/agency-partner-showcase-media-publishing-success/,0,0,0.00,0.36,177000000,"35, 28, 100, 78, 64, 78, 100, 78, 78, 64, 100, 78",2026-07-07,"Reviews, Video, People also ask, Related searches",informational,Organic
wordpress partners,86,86,110,24,28.91,https://wpvip.com/wordpress-ecosystem/,0,0,0.00,0.36,177000000,"35, 28, 100, 78, 64, 78, 100, 78, 78, 64, 100, 78",2026-07-07,"Reviews, Video, People also ask, Related searches",informational,Organic
is wordpress a headless cms,17,17,50,23,0.00,https://wpvip.com/resource/headless-cms-guide/,0,0,0.00,0.07,146,"52, 41, 64, 82, 29, 11, 11, 11, 11, 23, 23, 41",2026-06-27,"Sitelinks, Reviews, Video, Video Carousel, People also ask, Related searches, AI overview",informational,Organic
wordpress api json,13,13,50,29,0.00,https://docs.wpvip.com/wordpress-on-vip/wordpress-rest-api/,0,0,0.00,0.01,108,"23, 33, 23, 33, 42, 52, 33, 0, 19, 0, 33, 33",2026-06-11,"Sitelinks, Reviews, Video, People also ask, Related searches, Discussions and forums, AI overview",informational,Organic
fedramp for saas providers,54,54,70,23,0.00,https://wpvip.com/blog/wordpress-vip-is-fedramp-authorized/,0,0,0.00,0,110,"11, 17, 17, 82, 100, 52, 41, 41, 41, 52, 41, 64",2026-06-14,"Sitelinks, Reviews, Ads bottom, People also ask, Related searches, Discussions and forums, AI overview",informational,Organic
what is onesignal com,17,17,50,33,0.00,https://wpvip.com/blog/six-questions-with-onesignal-on-using-push-notifications-to-keep-customers-engaged/,0,0,0.00,0.33,101,"11, 11, 11, 11, 11, 64, 11, 11, 11, 11, 64, 64",2026-07-20,"Sitelinks, Reviews, Video, People also ask, Related searches, AI overview",navigational,Organic
what is onesignal com,23,23,50,33,0.00,https://wpvip.com/blog/six-questions-with-onesignal-on-using-push-notifications-to-keep-customers-engaged/,0,0,0.00,0.33,101,"11, 11, 11, 11, 11, 64, 11, 11, 11, 11, 64, 64",2026-07-20,"Sitelinks, Reviews, Video, People also ask, Related searches, AI overview",navigational,Organic
wordpress two-factor authentication,1,1,40,38,2.89,https://docs.wpvip.com/security-controls/wordpress/enforce-2fa/,0,0,0.00,0.09,104,"42, 0, 0, 42, 71, 100, 71, 71, 100, 71, 57, 71",2026-06-12,"Sitelinks, Reviews, Video, Video Carousel, People also ask, Related searches, AI overview",informational,AI overview
wordpress two-factor authentication,3,3,40,38,2.89,https://docs.wpvip.com/security-controls/wordpress/enforce-2fa/,0,0,0.00,0.09,104,"42, 0, 0, 42, 71, 100, 71, 71, 100, 71, 57, 71",2026-06-12,"Sitelinks, Reviews, Video, Video Carousel, People also ask, Related searches, AI overview",informational,People also ask
wordpress two-factor authentication,7,7,40,38,2.89,https://docs.wpvip.com/security-controls/wordpress/enforce-2fa/,0,0,0.00,0.09,104,"42, 0, 0, 42, 71, 100, 71, 71, 100, 71, 57, 71",2026-06-12,"Sitelinks, Reviews, Video, Video Carousel, People also ask, Related searches, AI overview",informational,Organic
al jazeera smart film phone number,14,0,90,37,0.00,https://wpvip.com/case-studies/al-jazeera-headless-wordpress/,0,0,0.00,0,654000,100,2026-07-23,"Reviews, Video, People also ask, Related searches",informational,Organic
responsive images for wordpress,1,1,90,19,0.00,https://docs.wpvip.com/vip-file-system/image-files/responsive-images/,0,0,0.00,0.01,130,"14, 19, 19, 66, 42, 42, 52, 52, 42, 66, 42, 52",2026-06-24,"Sitelinks, Reviews, Video, Video Carousel, People also ask, Related searches, AI overview",informational,AI overview
certification wordpress,1,1,30,31,2.60,https://learn.wpvip.com/certification/,0,0,0.00,0.24,132,"45, 45, 45, 100, 27, 27, 9, 18, 18, 9, 0, 9",2026-06-15,"Sitelinks, Reviews, Video, People also ask, Related searches, Discussions and forums, AI overview",commercial,AI overview
certification wordpress,30,30,30,31,2.60,https://learn.wpvip.com/certification/faqs/,0,0,0.00,0.24,132,"45, 45, 45, 100, 27, 27, 9, 18, 18, 9, 0, 9",2026-06-15,"Sitelinks, Reviews, Video, People also ask, Related searches, Discussions and forums, AI overview",commercial,Organic
what is a dxp,55,55,390,30,16.83,https://wpvip.com/glossary/digital-experience-platform/,0,0,0.00,0.13,109,"66, 35, 54, 81, 100, 81, 54, 44, 54, 54, 44, 54",2026-06-11,"Sitelinks, Video, Video Carousel, People also ask, Related searches, AI overview",informational,Organic
top product analytics service for enhancing digital platforms,1,1,50,23,0.00,https://wpvip.com/blog/web-analytics-software-tools/,0,0,0.00,0,180,"36, 0, 100, 0, 9, 36, 45, 45, 81, 63",2026-07-18,"Sitelinks, Reviews, Video, People also ask, Related searches, AI overview","commercial, informational",AI overview
content analytics tools,16,16,210,46,10.41,https://wpvip.com/blog/web-analytics-software-tools/,0,0,0.00,0.05,128,"35, 35, 43, 54, 43, 66, 100, 43, 14, 29, 18, 35",2026-06-27,"Sitelinks, Video, Video Carousel, People also ask, Related searches, AI overview","commercial, informational",Organic
personalization of content,14,14,40,27,5.16,https://wpvip.com/blog/content-personalization/,0,0,0.00,0.02,131,"22, 22, 22, 100, 100, 44, 22, 22, 44, 44, 22, 22",2026-06-13,"Sitelinks, Video, People also ask, Related searches, AI overview",informational,Organic
omnichannel content,20,20,210,21,0.00,https://wpvip.com/blog/omnichannel-content-management/,0,0,0.00,0.01,134,"28, 43, 10, 82, 100, 53, 43, 35, 82, 82, 100, 43",2026-06-22,"Sitelinks, Reviews, Video, Video Carousel, People also ask, Related searches, AI overview",informational,Organic
wordpress json,23,23,70,36,0.00,https://docs.wpvip.com/wordpress-on-vip/wordpress-rest-api/,0,0,0.00,0.01,108,"52, 42, 42, 52, 42, 52, 33, 33, 19, 33, 33, 33",2026-06-21,"Sitelinks, Reviews, Video, People also ask, Related searches, AI overview",informational,Organic
wordpress 6.7 release news september 2025,28,28,70,25,0.00,https://wpvip.com/blog/wordpress-6-7/,0,0,0.00,0,345000,"100, 0, 0, 0, 0, 2, 2",2026-06-18,"Reviews, Video, People also ask, Related searches, AI overview",informational,Organic
wordpress 6.7 release news september 2025,64,64,70,25,0.00,https://customerhub.wpvip.com/platform-release-schedule/,0,0,0.00,0,345000,"100, 0, 0, 0, 0, 2, 2",2026-06-18,"Reviews, Video, People also ask, Related searches, AI overview",informational,Organic
wordpress 6.7 release news september 2025,76,76,70,25,0.00,https://customerhub.wpvip.com/platform-release-schedule/,0,0,0.00,0,345000,"100, 0, 0, 0, 0, 2, 2",2026-06-18,"Reviews, Video, People also ask, Related searches, AI overview",informational,Organic
wordpress 6.7 release news september 2025,89,89,70,25,0.00,https://customerhub.wpvip.com/platform-release-schedule/,0,0,0.00,0,345000,"100, 0, 0, 0, 0, 2, 2",2026-06-18,"Reviews, Video, People also ask, Related searches, AI overview",informational,Organic
accessibility law 2026,71,71,40,40,1.19,https://wpvip.com/blog/ada-website-accessibility-deadline-2026/,0,0,0.00,0.07,116,"28, 57, 57, 57, 28, 71, 100, 57, 57, 42, 28, 28",2026-07-09,"Sitelinks, Reviews, Video, People also ask, Related searches, AI overview",informational,Organic
stripxss,27,27,70,10,0.00,https://docs.wpvip.com/security/javascript-security-recommendations/,0,0,0.00,0,605,"100, 100, 14, 14, 14, 14, 14, 100, 100, 64, 28, 35",2026-06-02,"Sitelinks, Video, People also ask",informational,Organic
wp enterprise,16,16,70,18,0.00,https://wpvip.com/wordpress-platform/,0,0,0.00,0.08,105,"36, 100, 81, 45, 63, 45, 27, 63, 63, 45, 63, 45",2026-06-29,"Reviews, Video, Ads top, People also ask, Related searches, Ads middle, AI overview",commercial,Organic
wp enterprise,54,54,70,18,0.00,https://wpvip.com/enterprise-commerce/,0,0,0.00,0.08,105,"36, 100, 81, 45, 63, 45, 27, 63, 63, 45, 63, 45",2026-06-29,"Reviews, Video, Ads top, People also ask, Related searches, Ads middle, AI overview",commercial,Organic
wp enterprise,67,67,70,18,0.00,https://wpvip.com/wordpress-vip-for-enterprise/,0,0,0.00,0.08,105,"36, 100, 81, 45, 63, 45, 27, 63, 63, 45, 63, 45",2026-06-29,"Reviews, Video, Ads top, People also ask, Related searches, Ads middle, AI overview",commercial,Organic
wp enterprise,77,77,70,18,0.00,https://wpvip.com/enterprise-search/,0,0,0.00,0.08,105,"36, 100, 81, 45, 63, 45, 27, 63, 63, 45, 63, 45",2026-06-29,"Reviews, Video, Ads top, People also ask, Related searches, Ads middle, AI overview",commercial,Organic
wp enterprise,83,83,70,18,0.00,https://wpvip.com/wordpress-vip-for-enterprise/,0,0,0.00,0.08,105,"36, 100, 81, 45, 63, 45, 27, 63, 63, 45, 63, 45",2026-06-29,"Reviews, Video, Ads top, People also ask, Related searches, Ads middle, AI overview",commercial,Organic
wp enterprise,85,85,70,18,0.00,https://learn.wpvip.com/,0,0,0.00,0.08,105,"36, 100, 81, 45, 63, 45, 27, 63, 63, 45, 63, 45",2026-06-29,"Reviews, Video, Ads top, People also ask, Related searches, Ads middle, AI overview",commercial,Organic
wp enterprise,87,87,70,18,0.00,https://wpvip.com/wordpress-vip-enterprise-support/,0,0,0.00,0.08,105,"36, 100, 81, 45, 63, 45, 27, 63, 63, 45, 63, 45",2026-06-29,"Reviews, Video, Ads top, People also ask, Related searches, Ads middle, AI overview",commercial,Organic
wp enterprise,89,89,70,18,0.00,https://wpvip.com/resource/enterprise-wordpress-security/,0,0,0.00,0.08,105,"36, 100, 81, 45, 63, 45, 27, 63, 63, 45, 63, 45",2026-06-29,"Reviews, Video, Ads top, People also ask, Related searches, Ads middle, AI overview",commercial,Organic
wp enterprise,90,90,70,18,0.00,https://wpvip.com/enterprise-wordpress-hosting/,0,0,0.00,0.08,105,"36, 100, 81, 45, 63, 45, 27, 63, 63, 45, 63, 45",2026-06-29,"Reviews, Video, Ads top, People also ask, Related searches, Ads middle, AI overview",commercial,Organic
wp enterprise,92,92,70,18,0.00,https://wpvip.com/about/,0,0,0.00,0.08,105,"36, 100, 81, 45, 63, 45, 27, 63, 63, 45, 63, 45",2026-06-29,"Reviews, Video, Ads top, People also ask, Related searches, Ads middle, AI overview",commercial,Organic
wp enterprise,94,94,70,18,0.00,https://learn.wpvip.com/course/enterprise-wordpress-security/,0,0,0.00,0.08,105,"36, 100, 81, 45, 63, 45, 27, 63, 63, 45, 63, 45",2026-06-29,"Reviews, Video, Ads top, People also ask, Related searches, Ads middle, AI overview",commercial,Organic
wordpress 6.7 release news october 2025,41,41,170,14,0.00,https://customerhub.wpvip.com/platform-release-schedule/,0,0,0.00,0,610000,"100, 2, 0, 0, 1, 2",2026-06-19,"Reviews, Video, People also ask, Related searches, AI overview",informational,Organic
wordpress 6.7 release news october 2025,73,73,170,14,0.00,https://customerhub.wpvip.com/platform-release-schedule/,0,0,0.00,0,610000,"100, 2, 0, 0, 1, 2",2026-06-19,"Reviews, Video, People also ask, Related searches, AI overview",informational,Organic
wpengine vs,17,17,40,17,13.62,https://wpvip.com/resource/wp-engine-vs-wordpress-vip/,0,0,0.00,0.33,133,"33, 22, 77, 77, 100, 77, 44, 22, 22, 22, 33, 22",2026-06-26,"Sitelinks, Reviews, Video, Video Carousel, People also ask, Related searches, Discussions and forums, AI overview",commercial,Organic
wordpress classes,19,19,210,68,2.96,https://learn.wpvip.com/,0,0,0.00,0.42,103,"43, 54, 14, 54, 43, 29, 43, 54, 54, 54, 22, 22",2026-06-06,"Knowledge panel, Sitelinks, Video, Video Carousel, People also ask, Related searches","informational, transactional",Organic
headless wordpress setup,9,9,40,,0.00,https://wpvip.com/resource/headless-cms-guide/,0,0,0.00,0.08,100,"22, 22, 77, 100, 44, 22, 22, 22, 22, 77, 55, 22",2026-07-17,"Sitelinks, Video, Video Carousel, Related searches, Discussions and forums, AI overview",informational,Organic
wordpress website monitoring,4,4,70,14,0.00,https://docs.wpvip.com/logs/audit-log/,0,0,0.00,0.43,128,"50, 35, 100, 78, 78, 35, 35, 35, 35, 35, 35, 35",2026-06-26,"Sitelinks, Reviews, Video, Video Carousel, People also ask, Related searches, AI overview",informational,People also ask
what is a wordpress multisite,5,5,50,31,1.82,https://wpvip.com/blog/wordpress-multisite/,0,0,0.00,0.07,146,"0, 12, 28, 28, 10, 12, 35, 5, 23, 2, 10, 12",2026-07-22,"Sitelinks, Video, Video Carousel, People also ask, Related searches, AI overview",informational,Organic
what is a wordpress multisite,53,59,50,31,1.82,https://docs.wpvip.com/wordpress-on-vip/multisites/,0,0,0.00,0.07,146,"0, 12, 28, 28, 10, 12, 35, 5, 23, 2, 10, 12",2026-07-22,"Sitelinks, Video, Video Carousel, People also ask, Related searches, AI overview",informational,Organic
dxp wordpress,9,9,40,11,0.00,https://wpvip.com/blog/proprietary-dxp-vs-wordpress-vip/,0,0,0.00,0.1,119,"19, 4, 9, 14, 19, 14, 100, 14, 14, 9, 9, 19",2026-06-03,"Sitelinks, Video, Ads bottom, People also ask, Related searches, AI overview",informational,Organic
dxp wordpress,56,56,40,11,0.00,https://wpvip.com/blog/wordpress-digital-experience-platform/,0,0,0.00,0.1,119,"19, 4, 9, 14, 19, 14, 100, 14, 14, 9, 9, 19",2026-06-03,"Sitelinks, Video, Ads bottom, People also ask, Related searches, AI overview",informational,Organic
dxp wordpress,84,84,40,11,0.00,https://wpvip.com/blog/the-dxp-is-dead-whats-next/,0,0,0.00,0.1,119,"19, 4, 9, 14, 19, 14, 100, 14, 14, 9, 9, 19",2026-06-03,"Sitelinks, Video, Ads bottom, People also ask, Related searches, AI overview",informational,Organic
content intelligence,25,25,880,24,12.53,https://wpvip.com/blog/content-intelligence-enterprise-cms-guide/,0,0,0.00,0.14,136,"24, 24, 67, 67, 55, 100, 100, 100, 100, 67, 76, 45",2026-07-01,"Reviews, Video, Video Carousel, People also ask, Related searches, AI overview",informational,Organic
content intelligence,44,44,880,24,12.53,https://wpvip.com/content-intelligence/,0,0,0.00,0.14,136,"24, 24, 67, 67, 55, 100, 100, 100, 100, 67, 76, 45",2026-07-01,"Reviews, Video, Video Carousel, People also ask, Related searches, AI overview",informational,Organic
content intelligence,47,47,880,24,12.53,https://wpvip.com/content-intelligence/,0,0,0.00,0.14,136,"24, 24, 67, 67, 55, 100, 100, 100, 100, 67, 76, 45",2026-07-01,"Reviews, Video, Video Carousel, People also ask, Related searches, AI overview",informational,Organic
benefits of wp upgrader for wordpress sites,12,12,50,0,0.00,https://wpvip.com/blog/reasons-love-wordpress-gutenberg-editor/,0,0,0.00,0,167,"71, 0, 28, 71, 71, 71, 71, 71, 100, 71, 71, 71",2026-06-08,"Sitelinks, Video, Video Carousel, People also ask, AI overview",informational,Organic
wordpress company,11,11,390,97,17.55,https://wpvip.com/,0,0,0.00,0.18,104,"81, 100, 100, 81, 43, 54, 81, 18, 66, 100, 100, 100",2026-07-02,"Local pack, Sitelinks, Reviews, Video, Video Carousel, People also ask, Related searches, AI overview",informational,Organic
tagging strategy,18,18,90,23,0.00,https://wpvip.com/blog/5-tagging-best-practices-content-strategy/,0,0,0.00,0.33,129,"12, 7, 10, 12, 19, 7, 3, 2, 10, 12, 15, 12",2026-06-04,"Sitelinks, Video, Image, People also ask, Related searches, AI overview",informational,Organic
available life dashboard website domains 2026,91,91,90,46,0.00,https://wpvip.com/blog/ada-website-accessibility-deadline-2026/,0,0,0.00,0,189,"100, 0",2026-06-24,"Sitelinks, Reviews, Video, People also ask, Related searches, AI overview","commercial, informational",Organic
decoupled website,4,4,40,20,0.00,https://wpvip.com/resource/decoupled-wordpress/,0,0,0.00,0.02,112,"42, 28, 71, 100, 71, 71, 71, 57, 42, 28, 28, 28",2026-07-01,"Reviews, Video, People also ask, Discussions and forums, AI overview",informational,Organic
header vary,19,19,70,33,0.00,https://docs.wpvip.com/caching/page-cache/customize-behavior/vary-http-response-header/,0,0,0.00,0.33,106,"52, 52, 82, 23, 29, 41, 41, 29, 29, 41, 41, 41",2026-06-19,"Sitelinks, Video, People also ask, Related searches, AI overview",informational,Organic
digital asset management wordpress,1,1,50,8,55.12,https://wpvip.com/glossary/digital-asset-management/,0,0,0.00,0.29,123,"22, 22, 77, 77, 77, 77, 22, 22, 100, 33, 44, 100",2026-06-30,"Sitelinks, Reviews, Video, Related searches, AI overview",informational,AI overview
content marketing kpis,26,26,880,31,11.34,https://wpvip.com/blog/content-marketing-kpis/,0,0,0.00,0.06,134,"45, 55, 100, 100, 45, 100, 76, 45, 55, 100, 55, 76",2026-07-04,"Sitelinks, Reviews, Video, Video Carousel, People also ask, Related searches, Discussions and forums, AI overview",informational,Organic
what is a brands voice,37,37,30,45,4.96,https://wpvip.com/resources/ebooks/find-your-brand-voice/,0,0,0.00,0.1,175,"0, 0, 0, 0, 3, 3, 0, 3, 3, 100, 3, 7",2026-07-20,"Sitelinks, Reviews, Video, Video Carousel, People also ask, Related searches, Short videos, AI overview",informational,Organic
american eagle web design,11,11,320,50,8.51,https://wpvip.com/partner/americaneagle-com/,0,0,0.00,0.36,119,"8, 5, 7, 7, 13, 8, 11, 7, 8, 13, 16, 16",2026-06-10,"Sitelinks, Video, Ads top, People also ask, Related searches, Ads middle",navigational,Organic
wpengine custom domain,2,2,40,17,0.00,https://docs.wpvip.com/domains/,0,0,0.00,0.01,45,"28, 28, 28, 71, 71, 71, 100, 71, 57, 42, 71, 71",2026-06-24,"Sitelinks, Video Carousel, People also ask, Related searches, Discussions and forums",informational,People also ask
what is an enterprise content management system,40,40,50,41,14.70,https://wpvip.com/blog/enterprise-content-management-strategy/,0,0,0.00,0.05,177,"28, 35, 100, 78, 50, 78, 14, 21, 14, 14, 14, 14",2026-07-20,"Sitelinks, Reviews, Video, Video Carousel, People also ask, Related searches, AI overview",informational,Organic
wp business intelligence,22,22,50,22,0.00,https://wpvip.com/content-intelligence/,0,0,0.00,0.11,117,"22, 22, 22, 33, 33, 100, 100, 77, 77, 77, 55, 55",2026-07-09,"Sitelinks, Reviews, Video, People also ask, Related searches, AI overview",informational,Organic
wp business intelligence,34,34,50,22,0.00,https://wpvip.com/content-intelligence/,0,0,0.00,0.11,117,"22, 22, 22, 33, 33, 100, 100, 77, 77, 77, 55, 55",2026-07-09,"Sitelinks, Reviews, Video, People also ask, Related searches, AI overview",informational,Organic
wp business intelligence,73,73,50,22,0.00,https://wpvip.com/blog/introducing-content-intelligence/,0,0,0.00,0.11,117,"22, 22, 22, 33, 33, 100, 100, 77, 77, 77, 55, 55",2026-07-09,"Sitelinks, Reviews, Video, People also ask, Related searches, AI overview",informational,Organic
sitecore migration to wordpress,30,30,50,0,0.00,https://wpvip.com/resource/sitecore-vs-wordpress-vip/,0,0,0.00,0,113,"14, 14, 7, 35, 50, 35, 100, 64, 50, 35, 28, 21",2026-06-12,"Sitelinks, Reviews, Video, Video Carousel, AI overview",informational,Organic
wordpress xmlrpc,24,24,110,32,8.54,https://docs.wpvip.com/security-controls/wordpress/xml-rpc/,0,0,0.00,0.04,104,"28, 35, 35, 35, 43, 28, 28, 23, 17, 10, 17, 17",2026-07-19,AI overview,informational,Organic
best cms for government,48,48,90,1,0.00,https://wpvip.com/blog/10-best-enterprise-content-management-systems/,0,0,0.00,0.33,148,"50, 78, 78, 100, 100, 64, 35, 28, 28, 50, 50, 50",2026-06-04,"Sitelinks, Video, People also ask, Related searches, Discussions and forums, AI overview",commercial,Organic
forrester conference,23,23,70,50,4.20,https://wpvip.com/event/forrester-b2b-summit-2026/,0,0,0.00,0.3,106,"35, 23, 43, 12, 12, 5, 23, 5, 10, 17, 17, 23",2026-06-09,"Sitelinks, Video, People also ask, Related searches",navigational,Organic
enterprise managed wordpress hosting,1,1,170,47,0.00,https://wpvip.com/glossary/managed-wordpress-hosting/,0,0,0.00,0.08,148,"34, 26, 34, 100, 80, 80, 100, 65, 80, 53, 80, 80",2026-06-27,"Sitelinks, Video, Video Carousel, People also ask, Related searches, AI overview",informational,AI overview
enterprise managed wordpress hosting,95,95,170,47,0.00,https://wpvip.com/blog/best-wordpress-hosting/,0,0,0.00,0.08,148,"34, 26, 34, 100, 80, 80, 100, 65, 80, 53, 80, 80",2026-06-27,"Sitelinks, Video, Video Carousel, People also ask, Related searches, AI overview",informational,Organic
wordpress enterprise support,1,1,70,10,0.00,https://wpvip.com/,0,0,0.00,0.33,102,"3, 2, 9, 9, 5, 2, 1, 5, 7, 9, 9, 11",2026-07-13,"Sitelinks, Reviews, Video, People also ask, Related searches, AI overview",informational,AI overview
wordpress enterprise support,1,1,70,10,0.00,https://wpvip.com/enterprise-support/,0,0,0.00,0.33,102,"3, 2, 9, 9, 5, 2, 1, 5, 7, 9, 9, 11",2026-07-13,"Sitelinks, Reviews, Video, People also ask, Related searches, AI overview",informational,AI overview
wordpress enterprise support,12,12,70,10,0.00,https://wpvip.com/,0,0,0.00,0.33,102,"3, 2, 9, 9, 5, 2, 1, 5, 7, 9, 9, 11",2026-07-13,"Sitelinks, Reviews, Video, People also ask, Related searches, AI overview",informational,Organic
wordpress enterprise support,59,59,70,10,0.00,https://wpvip.com/enterprise-support/,0,0,0.00,0.33,102,"3, 2, 9, 9, 5, 2, 1, 5, 7, 9, 9, 11",2026-07-13,"Sitelinks, Reviews, Video, People also ask, Related searches, AI overview",informational,Organic
wordpress enterprise support,63,63,70,10,0.00,https://wpvip.com/enterprise-support/,0,0,0.00,0.33,102,"3, 2, 9, 9, 5, 2, 1, 5, 7, 9, 9, 11",2026-07-13,"Sitelinks, Reviews, Video, People also ask, Related searches, AI overview",informational,Organic
wordpress enterprise support,86,86,70,10,0.00,https://wpvip.com/wordpress-platform/,0,0,0.00,0.33,102,"3, 2, 9, 9, 5, 2, 1, 5, 7, 9, 9, 11",2026-07-13,"Sitelinks, Reviews, Video, People also ask, Related searches, AI overview",informational,Organic
wordpress enterprise support,94,94,70,10,0.00,https://wpvip.com/capabilities/enterprise-wordpress-hosting/,0,0,0.00,0.33,102,"3, 2, 9, 9, 5, 2, 1, 5, 7, 9, 9, 11",2026-07-13,"Sitelinks, Reviews, Video, People also ask, Related searches, AI overview",informational,Organic
how to use a headless cms,8,8,70,35,0.00,https://wpvip.com/resource/headless-cms-guide/,0,0,0.00,0.79,149,"7, 11, 42, 42, 11, 7, 7, 3, 100, 34, 26, 7",2026-06-30,"Sitelinks, Reviews, Video, Video Carousel, People also ask, Related searches, Discussions and forums, AI overview",informational,Organic
wordpress 6.5 new plugin capabilities introduced,12,12,50,2,0.00,https://wpvip.com/blog/wordpress-6-5/,0,0,0.00,0,133,"50, 0, 28, 28, 100, 64, 64, 0, 0",2026-06-09,"Sitelinks, Video, People also ask, Related searches, AI overview",informational,Organic
gutenberg plugin,26,26,70,15,1.88,https://wpvip.com/wordpress-gutenberg/,0,0,0.00,0.18,105,"5, 100, 23, 28, 17, 7, 5, 5, 5, 5, 5, 7",2026-07-03,"Sitelinks, Reviews, Video, Video Carousel, People also ask, Related searches, AI overview",navigational,Organic
gutenberg plugin,28,28,70,15,1.88,https://wpvip.com/wordpress-gutenberg/,0,0,0.00,0.18,105,"5, 100, 23, 28, 17, 7, 5, 5, 5, 5, 5, 7",2026-07-03,"Sitelinks, Reviews, Video, Video Carousel, People also ask, Related searches, AI overview",navigational,Organic
business directory wordpress plugin,9,9,40,71,1.88,https://docs.wpvip.com/wordpress-skeleton/plugins-directory/,0,0,0.00,0.22,117,"18, 27, 27, 36, 36, 63, 36, 27, 45, 45, 36, 36",2026-06-16,"Sitelinks, Reviews, Video, People also ask, Related searches, Ads middle",commercial,People also ask
web.vitals,24,24,30,84,5.23,https://wpvip.com/glossary/core-web-vitals/,0,0,0.00,0.23,132,"0, 0, 0, 0, 0, 0, 0, 0, 0, 0, 100, 0",2026-07-20,"Sitelinks, Video, People also ask, Things to know, AI overview",informational,Organic
wordpress 6.6.2 security release september 2025,17,17,90,10,0.00,https://customerhub.wpvip.com/platform-release-schedule/,0,0,0.00,0,3460,"100, 0, 0, 0, 0, 0, 0",2026-06-17,"Reviews, Video, People also ask, Related searches, AI overview",informational,Organic
wordpress 6.6.2 security release september 2025,96,96,90,10,0.00,https://customerhub.wpvip.com/lobby-category/software-updates/security/,0,0,0.00,0,3460,"100, 0, 0, 0, 0, 0, 0",2026-06-17,"Reviews, Video, People also ask, Related searches, AI overview",informational,Organic
topic vip,74,74,90,26,0.00,https://wpvip.com/,0,0,0.00,0.33,253000000,"0, 0, 0, 0, 0, 0, 8, 8, 8, 16, 8, 20",2026-06-21,"Reviews, Video, People also ask, Related searches, AI overview",informational,Organic
benefits of headless wordpress setup,21,21,40,11,0.00,https://wpvip.com/blog/headless-wordpress-tradeoffs/,0,0,0.00,0,151,"28, 100, 100, 28, 14",2026-05-20,"Sitelinks, Video, Video Carousel, Related searches, Discussions and forums, AI overview",informational,Organic
fedramp certification companies,18,18,50,32,0.00,https://wpvip.com/blog/wordpress-vip-is-fedramp-authorized/,0,0,0.00,0,106,"28, 28, 14, 14, 100, 71, 100, 100, 100, 100, 71, 100",2026-06-22,"Sitelinks, Reviews, People also ask, Related searches, Discussions and forums, AI overview","informational, navigational",Organic
wordpress audit,5,5,70,32,0.00,https://docs.wpvip.com/logs/audit-log/,0,0,0.00,0.43,100,"19, 19, 23, 23, 14, 42, 23, 23, 33, 42, 42, 52",2026-07-05,"Sitelinks, Reviews, Video, Ads top, Video Carousel, People also ask, Related searches, Discussions and forums, Ads middle, AI overview",commercial,People also ask
wordpress audit,12,12,70,32,0.00,https://docs.wpvip.com/logs/audit-log/,0,0,0.00,0.43,100,"19, 19, 23, 23, 14, 42, 23, 23, 33, 42, 42, 52",2026-07-05,"Sitelinks, Reviews, Video, Ads top, Video Carousel, People also ask, Related searches, Discussions and forums, Ads middle, AI overview",commercial,Organic
multi site wordpress seo,28,28,50,14,0.00,https://wpvip.com/blog/wordpress-multisite/,0,0,0.00,0,135,"18, 0, 9, 36, 45, 18, 81, 81, 81, 81, 45, 100",2026-06-23,"Sitelinks, Video, Video Carousel, People also ask",informational,Organic
multi site wordpress seo,29,29,50,14,0.00,https://wpvip.com/blog/wordpress-multisite/,0,0,0.00,0,135,"18, 0, 9, 36, 45, 18, 81, 81, 81, 81, 45, 100",2026-06-23,"Sitelinks, Video, Video Carousel, People also ask",informational,Organic
multi site wordpress seo,53,53,50,14,0.00,https://wpvip.com/blog/wordpress-multisite/,0,0,0.00,0,135,"18, 0, 9, 36, 45, 18, 81, 81, 81, 81, 45, 100",2026-06-23,"Sitelinks, Video, Video Carousel, People also ask",informational,Organic
multi site wordpress seo,68,68,50,14,0.00,https://wpvip.com/glossary/wordpress-multisite/,0,0,0.00,0,135,"18, 0, 9, 36, 45, 18, 81, 81, 81, 81, 45, 100",2026-06-23,"Sitelinks, Video, Video Carousel, People also ask",informational,Organic
wp multisite,15,15,210,35,19.07,https://wpvip.com/glossary/wordpress-multisite/,0,0,0.00,0.3,131,"30, 36, 20, 8, 8, 10, 10, 8, 5, 24, 8, 13",2026-07-02,"Reviews, Video, Video Carousel, People also ask, Related searches, AI overview",informational,Organic
wp multisite,30,30,210,35,19.07,https://docs.wpvip.com/wordpress-on-vip/multisites/,0,0,0.00,0.3,131,"30, 36, 20, 8, 8, 10, 10, 8, 5, 24, 8, 13",2026-07-02,"Reviews, Video, Video Carousel, People also ask, Related searches, AI overview",informational,Organic
content generation speed,12,12,50,14,0.00,https://wpvip.com/blog/accelerating-your-content-creation-process/,0,0,0.00,0,134,"22, 77, 55, 44, 77, 55, 33, 22, 100, 55, 44, 100",2026-06-07,"Video, Video Carousel, People also ask, AI overview",informational,Organic
what is content personalization,1,1,170,41,0.00,https://wpvip.com/glossary/what-is-content-personalization/,0,0,0.00,0.02,129,"35, 12, 100, 82, 28, 12, 43, 43, 82, 43, 43, 35",2026-06-28,"Sitelinks, Video, Video Carousel, People also ask, Related searches, AI overview",informational,AI overview
wordpress 6.7 release candidate today,13,13,90,28,0.00,https://wpvip.com/blog/wordpress-6-7/,0,0,0.00,0,106,"43, 100, 17, 0, 0, 0, 0, 0",2026-06-28,"Video, People also ask, Related searches, AI overview",informational,Organic
vip dev,15,15,90,14,0.00,https://docs.wpvip.com/vip-cli/commands/dev-env/start/,0,0,0.00,0.02,100,"81, 100, 100, 100, 63, 63, 100, 100, 100, 63, 100, 100",2026-07-18,"Reviews, Video, Image, Related searches",informational,Organic
vip dev,35,35,90,14,0.00,https://docs.wpvip.com/vip-cli/commands/dev-env/destroy/,0,0,0.00,0.02,100,"81, 100, 100, 100, 63, 63, 100, 100, 100, 63, 100, 100",2026-07-18,"Reviews, Video, Image, Related searches",informational,Organic
vip dev,45,45,90,14,0.00,https://docs.wpvip.com/vip-cli/commands/dev-env/start/,0,0,0.00,0.02,100,"81, 100, 100, 100, 63, 63, 100, 100, 100, 63, 100, 100",2026-07-18,"Reviews, Video, Image, Related searches",informational,Organic
vip dev,51,51,90,14,0.00,https://docs.wpvip.com/vip-cli/commands/dev-env/update/,0,0,0.00,0.02,100,"81, 100, 100, 100, 63, 63, 100, 100, 100, 63, 100, 100",2026-07-18,"Reviews, Video, Image, Related searches",informational,Organic
vip dev,64,64,90,14,0.00,https://docs.wpvip.com/vip-local-development-environment/dev-env-advanced-usage/,0,0,0.00,0.02,100,"81, 100, 100, 100, 63, 63, 100, 100, 100, 63, 100, 100",2026-07-18,"Reviews, Video, Image, Related searches",informational,Organic
vip dev,67,67,90,14,0.00,https://docs.wpvip.com/vip-local-development-environment/,0,0,0.00,0.02,100,"81, 100, 100, 100, 63, 63, 100, 100, 100, 63, 100, 100",2026-07-18,"Reviews, Video, Image, Related searches",informational,Organic
vip dev,69,69,90,14,0.00,https://docs.wpvip.com/vip-cli/commands/dev-env/import/,0,0,0.00,0.02,100,"81, 100, 100, 100, 63, 63, 100, 100, 100, 63, 100, 100",2026-07-18,"Reviews, Video, Image, Related searches",informational,Organic
vip dev,71,71,90,14,0.00,https://docs.wpvip.com/vip-cli/commands/dev-env/info/,0,0,0.00,0.02,100,"81, 100, 100, 100, 63, 63, 100, 100, 100, 63, 100, 100",2026-07-18,"Reviews, Video, Image, Related searches",informational,Organic
vip dev,73,73,90,14,0.00,https://docs.wpvip.com/vip-cli/commands/dev-env/exec/,0,0,0.00,0.02,100,"81, 100, 100, 100, 63, 63, 100, 100, 100, 63, 100, 100",2026-07-18,"Reviews, Video, Image, Related searches",informational,Organic
vip dev,74,74,90,14,0.00,https://docs.wpvip.com/vip-cli/commands/dev-env/sync/,0,0,0.00,0.02,100,"81, 100, 100, 100, 63, 63, 100, 100, 100, 63, 100, 100",2026-07-18,"Reviews, Video, Image, Related searches",informational,Organic
vip dev,77,77,90,14,0.00,https://docs.wpvip.com/vip-local-development-environment/,0,0,0.00,0.02,100,"81, 100, 100, 100, 63, 63, 100, 100, 100, 63, 100, 100",2026-07-18,"Reviews, Video, Image, Related searches",informational,Organic
vip dev,79,79,90,14,0.00,https://docs.wpvip.com/vip-local-development-environment/requirements/,0,0,0.00,0.02,100,"81, 100, 100, 100, 63, 63, 100, 100, 100, 63, 100, 100",2026-07-18,"Reviews, Video, Image, Related searches",informational,Organic
vip dev,81,81,90,14,0.00,https://docs.wpvip.com/vip-local-development-environment/basic-usage/,0,0,0.00,0.02,100,"81, 100, 100, 100, 63, 63, 100, 100, 100, 63, 100, 100",2026-07-18,"Reviews, Video, Image, Related searches",informational,Organic
vip dev,82,82,90,14,0.00,https://docs.wpvip.com/vip-cli/commands/dev-env/envvar/,0,0,0.00,0.02,100,"81, 100, 100, 100, 63, 63, 100, 100, 100, 63, 100, 100",2026-07-18,"Reviews, Video, Image, Related searches",informational,Organic
vip dev,84,84,90,14,0.00,https://docs.wpvip.com/vip-local-development-environment/load-application-code/,0,0,0.00,0.02,100,"81, 100, 100, 100, 63, 63, 100, 100, 100, 63, 100, 100",2026-07-18,"Reviews, Video, Image, Related searches",informational,Organic
vip dev,85,85,90,14,0.00,https://docs.wpvip.com/vip-local-development-environment/use-enterprise-search/,0,0,0.00,0.02,100,"81, 100, 100, 100, 63, 63, 100, 100, 100, 63, 100, 100",2026-07-18,"Reviews, Video, Image, Related searches",informational,Organic
vip dev,87,87,90,14,0.00,https://wpvip.com/blog/optimize-developer-experience/,0,0,0.00,0.02,100,"81, 100, 100, 100, 63, 63, 100, 100, 100, 63, 100, 100",2026-07-18,"Reviews, Video, Image, Related searches",informational,Organic
vip dev,90,90,90,14,0.00,https://docs.wpvip.com/local-development/,0,0,0.00,0.02,100,"81, 100, 100, 100, 63, 63, 100, 100, 100, 63, 100, 100",2026-07-18,"Reviews, Video, Image, Related searches",informational,Organic
vip dev,91,91,90,14,0.00,https://docs.wpvip.com/guidebooks/develop-on-wpvip/,0,0,0.00,0.02,100,"81, 100, 100, 100, 63, 63, 100, 100, 100, 63, 100, 100",2026-07-18,"Reviews, Video, Image, Related searches",informational,Organic
vip dev,92,92,90,14,0.00,https://docs.wpvip.com/guidebooks/developer-best-practices/,0,0,0.00,0.02,100,"81, 100, 100, 100, 63, 63, 100, 100, 100, 63, 100, 100",2026-07-18,"Reviews, Video, Image, Related searches",informational,Organic
vip veteran,19,19,30,37,2.33,https://wpvip.com/partner/veterans-co/,0,0,0.00,0.3,135,"0, 0, 0, 0, 0, 0, 24, 0, 0, 0, 0, 0",2026-07-09,"Knowledge panel, Sitelinks, Reviews, Video, Ads top, Ads bottom, People also ask, Related searches",navigational,Organic
sql explain,25,25,390,31,2.58,https://learn.wpvip.com/lesson/using-explain-to-analyze-sql-queries/,0,0,0.00,0.07,125,"54, 44, 66, 66, 66, 54, 66, 54, 44, 66, 44, 44",2026-06-07,"Sitelinks, Video, Video Carousel, People also ask, Related searches, Discussions and forums, AI overview",informational,Organic
server origin,28,28,50,19,0.00,https://docs.wpvip.com/infrastructure/origin-servers/,0,0,0.00,0.33,125,"6, 65, 21, 21, 34, 21, 15, 9, 6, 6, 6, 6",2026-06-14,"Sitelinks, Video, Video Carousel, People also ask, Related searches, AI overview",informational,Organic
what is parsely com,6,6,110,27,0.02,https://docs.wpvip.com/parse-ly/parsely-features/,0,0,0.00,0.03,109,"29, 0, 29, 2, 35, 0, 35, 18, 22, 43, 43, 43",2026-07-22,"Sitelinks, Reviews, Video, People also ask, Related searches, AI overview",informational,Organic
link webmaster tools to analytics,81,81,50,32,0.00,https://wpvip.com/blog/web-analytics-software-tools/,0,0,0.00,0.33,185,"28, 64, 64, 100, 78, 64, 14, 0, 14, 14, 28, 14",2026-06-07,"Video, People also ask, AI overview",informational,Organic
rest api wordpress plugin,51,51,40,33,0.00,https://docs.wpvip.com/wordpress-on-vip/wordpress-rest-api/,0,0,0.00,0.33,131,"0, 0, 4, 4, 0, 0, 0, 0, 0, 0, 0, 0",2026-05-31,"Sitelinks, Video, Video Carousel, People also ask, Discussions and forums, AI overview",informational,Organic
curl get headers,23,23,110,15,0.00,https://docs.wpvip.com/caching/page-cache/http-headers/retrieve-headers/,0,0,0.00,0.33,106,"28, 43, 23, 23, 28, 35, 7, 2, 100, 10, 10, 12",2026-06-05,"Sitelinks, Video Carousel, Related searches, AI overview",informational,Organic
stale-while-revalidate,33,33,110,41,0.00,https://docs.wpvip.com/caching/page-cache/http-headers/stale-responses/,0,0,0.00,0.33,113,"2, 2, 2, 0, 2, 43, 2, 43, 29, 66, 22, 35",2026-07-10,"Sitelinks, Video, Video Carousel, Related searches",informational,Organic
wordpress 6.7 news today,6,6,50,30,0.00,https://wpvip.com/blog/wordpress-6-7/,0,0,0.00,0,128,"64, 100, 78, 50, 14, 0, 0, 0",2026-07-11,"Reviews, Video, Video Carousel, People also ask, Related searches, AI overview",informational,Organic
pim capabilities,56,56,30,10,5.97,https://wpvip.com/blog/pim-benefits-and-use-cases/,0,0,0.00,0.39,134,"28, 28, 28, 42, 100, 57, 28, 28, 28, 28, 28, 28",2026-06-24,"Sitelinks, Reviews, Video, Video Carousel, People also ask, Related searches, AI overview",informational,Organic
wordpress and gdpr,12,12,110,23,7.26,https://wpvip.com/vip-and-the-gdpr/,0,0,0.00,0.03,134,"42, 66, 42, 42, 33, 100, 80, 52, 42, 33, 33, 100",2026-06-18,"Sitelinks, Reviews, Video, Ads bottom, Video Carousel, People also ask, Related searches, AI overview",informational,Organic
what is cache stampede,21,21,40,38,0.00,https://wpvip.com/blog/wordpress-caching/,0,0,0.00,0.01,111,"9, 9, 9, 9, 9, 9, 9, 9, 9, 9, 100, 9",2026-07-20,"Sitelinks, Video, Video Carousel, People also ask, Related searches, AI overview",informational,Organic
where does google get its information,52,52,210,58,0.00,https://wpvip.com/blog/google-traffic-referral-sources/,0,0,0.00,0.33,147,"65, 43, 43, 43, 65, 81, 65, 65, 100, 65, 81, 81",2026-07-07,"Sitelinks, Reviews, Video, People also ask, Related searches, AI overview","informational, transactional",Organic
dxp architecture,31,31,110,4,17.63,https://wpvip.com/glossary/digital-experience-platform/,0,0,0.00,0.12,120,"52, 52, 29, 82, 100, 64, 52, 82, 52, 29, 64, 82",2026-06-03,"Image pack, Sitelinks, Video, Image, Video Carousel, People also ask, Related searches, AI overview",informational,Organic
wordpress certified developer certification,30,30,50,10,0.00,https://learn.wpvip.com/certification/faqs/,0,0,0.00,0.33,104,"11, 82, 52, 100, 11, 11, 11, 11, 11, 0, 11, 11",2026-06-17,"Sitelinks, Reviews, Video, People also ask, Related searches, Discussions and forums, AI overview",commercial,Organic
wordpress certified developer certification,54,54,50,10,0.00,https://learn.wpvip.com/certification/beta-certification-exam/,0,0,0.00,0.33,104,"11, 82, 52, 100, 11, 11, 11, 11, 11, 0, 11, 11",2026-06-17,"Sitelinks, Reviews, Video, People also ask, Related searches, Discussions and forums, AI overview",commercial,Organic
knowledge pillars wordpress,9,9,90,18,0.00,https://learn.wpvip.com/certification/,0,0,0.00,0.02,123,"4, 8, 4, 4, 22, 22, 22, 29, 35, 35, 14, 14",2026-06-29,"Sitelinks, Reviews, Video, People also ask, Related searches",navigational,People also ask
webvitals,19,19,480,85,5.62,https://wpvip.com/glossary/core-web-vitals/,0,0,0.00,0.23,131,"20, 36, 13, 100, 76, 30, 0, 8, 76, 45, 24, 10",2026-06-14,"Sitelinks, Reviews, Video, People also ask, Related searches, Short videos, Things to know, AI overview",informational,Organic
webvitals,20,20,480,85,5.62,https://wpvip.com/glossary/core-web-vitals/,0,0,0.00,0.23,131,"20, 36, 13, 100, 76, 30, 0, 8, 76, 45, 24, 10",2026-06-14,"Sitelinks, Reviews, Video, People also ask, Related searches, Short videos, Things to know, AI overview",informational,Organic
seo migration website checklist glorvix.com,40,40,210,20,0.00,https://wpvip.com/blog/seo-checklist-for-website-migration/,0,0,0.00,0,3070,"100, 20, 0, 8, 0, 1, 1, 2, 0, 0, 0, 0",2026-06-29,"Reviews, Video, AI overview",commercial,Organic
mso content marketing strategy practice operations growth independence,55,55,110,0,0.00,https://wpvip.com/blog/less-is-more-content-strategy/,0,0,0.00,0,148000,"2, 100, 12, 0",2026-06-08,"Sitelinks, Video, People also ask, Related searches, AI overview",informational,Organic
best cmss for enterprise capabilities and cost-effectiveness 2025,1,1,50,10,0.00,https://wpvip.com/blog/10-best-enterprise-content-management-systems/,0,0,0.00,0,221000,"100, 64, 29, 5, 0, 0, 11, 11",2026-06-27,"Reviews, Video, People also ask, Related searches, AI overview",commercial,AI overview
best cmss for enterprise capabilities and cost-effectiveness 2025,20,20,50,10,0.00,https://wpvip.com/blog/10-best-enterprise-content-management-systems/,0,0,0.00,0,221000,"100, 64, 29, 5, 0, 0, 11, 11",2026-06-27,"Reviews, Video, People also ask, Related searches, AI overview",commercial,Organic
hard paywall implementation challenges media subscription models,53,53,110,9,0.00,https://wpvip.com/blog/subscription-models-media-growth/,0,0,0.00,0,165,"100, 0",2026-06-20,"Video, Video Carousel, Related searches, AI overview",informational,Organic
http://www.wordpress.com,20,20,90,100,9.04,https://wpvip.com/,0,0,0.00,0.04,499000000,"2, 0, 2, 0, 2, 4, 4, 29, 2, 54, 100, 22",2026-06-27,"Sitelinks, Reviews, Video, People also ask",navigational,Organic
migrate a website,9,9,90,37,13.11,https://wpvip.com/glossary/website-migration/,0,0,0.00,0.12,106,"1, 0, 1, 8, 28, 11, 15, 35, 54, 18, 5, 11",2026-07-17,"Sitelinks, Video, Video Carousel, People also ask, Related searches, Discussions and forums, AI overview",informational,Organic
wp services,13,13,110,15,3.88,https://wpvip.com/,0,0,0.00,0.13,148,"66, 52, 80, 33, 80, 100, 80, 52, 33, 23, 23, 19",2026-06-28,"Sitelinks, Reviews, Video, Related searches, AI overview",informational,Organic
wordpress for enterprise content management,1,1,50,18,0.00,https://wpvip.com/glossary/enterprise-content-management-systems/,0,0,0.00,0.33,149,"41, 41, 17, 41, 52, 29, 29, 5, 23, 17, 17, 23",2026-06-15,"Sitelinks, Reviews, Video, Video Carousel, People also ask, Related searches, AI overview",informational,AI overview
wordpress for enterprise content management,1,1,50,18,0.00,https://wpvip.com/blog/enterprise-content-management/,0,0,0.00,0.33,149,"41, 41, 17, 41, 52, 29, 29, 5, 23, 17, 17, 23",2026-06-15,"Sitelinks, Reviews, Video, Video Carousel, People also ask, Related searches, AI overview",informational,AI overview
wordpress for enterprise content management,1,1,50,18,0.00,https://wpvip.com/,0,0,0.00,0.33,149,"41, 41, 17, 41, 52, 29, 29, 5, 23, 17, 17, 23",2026-06-15,"Sitelinks, Reviews, Video, Video Carousel, People also ask, Related searches, AI overview",informational,AI overview
wordpress for enterprise content management,1,1,50,18,0.00,https://wpvip.com/glossary/enterprise-content-management-systems/,0,0,0.00,0.33,149,"41, 41, 17, 41, 52, 29, 29, 5, 23, 17, 17, 23",2026-06-15,"Sitelinks, Reviews, Video, Video Carousel, People also ask, Related searches, AI overview",informational,AI overview
wordpress for enterprise content management,16,16,50,18,0.00,https://wpvip.com/glossary/enterprise-content-management-systems/,0,0,0.00,0.33,149,"41, 41, 17, 41, 52, 29, 29, 5, 23, 17, 17, 23",2026-06-15,"Sitelinks, Reviews, Video, Video Carousel, People also ask, Related searches, AI overview",informational,Organic
wordpress for enterprise content management,48,48,50,18,0.00,https://wpvip.com/blog/enterprise-content-management-strategy/,0,0,0.00,0.33,149,"41, 41, 17, 41, 52, 29, 29, 5, 23, 17, 17, 23",2026-06-15,"Sitelinks, Reviews, Video, Video Carousel, People also ask, Related searches, AI overview",informational,Organic
wordpress for enterprise content management,90,90,50,18,0.00,https://wpvip.com/blog/enterprise-content-management-platforms/,0,0,0.00,0.33,149,"41, 41, 17, 41, 52, 29, 29, 5, 23, 17, 17, 23",2026-06-15,"Sitelinks, Reviews, Video, Video Carousel, People also ask, Related searches, AI overview",informational,Organic
wordpress workflow management,10,10,40,22,0.00,https://wpvip.com/blog/wordpress-workflow-automation/,0,0,0.00,0.18,103,"28, 28, 100, 50, 21, 14, 14, 14, 14, 14, 28, 14",2026-07-03,"Sitelinks, Reviews, Video, Video Carousel, Related searches, AI overview",informational,Organic
wordpress phildelphia,54,54,70,0,0.00,https://wpvip.com/event/wordpress-vip-philly-networking-and-happy-hour/,0,0,0.00,0,105,"29, 29, 41, 100, 100, 82, 11, 5, 11, 11, 17, 5",2026-05-29,AI overview,informational,Organic
aeo answer engine optimization definition,34,34,90,47,0.00,https://wpvip.com/blog/answer-engine-optimization-strategies/,0,0,0.00,0,133,"0, 9, 15, 28, 0, 0, 53, 100, 0, 43",2026-07-05,"Sitelinks, Reviews, Video, Video Carousel, Related searches, AI overview",informational,Organic
fedramp certified cloud providers,12,12,50,41,18.32,https://wpvip.com/blog/wordpress-vip-is-fedramp-authorized/,0,0,0.00,0.25,106,"18, 27, 27, 63, 81, 63, 36, 36, 63, 63, 63, 63",2026-06-17,"Sitelinks, Ads bottom, People also ask, Related searches, AI overview",navigational,Organic
how well does wordpress scale,9,9,50,26,0.00,https://wpvip.com/blog/wordpress-scalability/,0,0,0.00,0,155,"0, 0, 100, 100, 42, 100, 100, 100, 100, 57, 57, 57",2026-07-06,"Sitelinks, Reviews, Video, People also ask, AI overview",informational,Organic
enterprise web cms,17,17,170,27,0.00,https://wpvip.com/blog/enterprise-cms/,0,0,0.00,0.03,128,"6, 6, 5, 10, 13, 8, 10, 10, 8, 8, 13, 16",2026-06-03,"Sitelinks, Video, Ads bottom, People also ask, Related searches, Discussions and forums, AI overview",informational,Organic
enterprise web cms,34,34,170,27,0.00,https://wpvip.com/blog/10-best-enterprise-content-management-systems/,0,0,0.00,0.03,128,"6, 6, 5, 10, 13, 8, 10, 10, 8, 8, 13, 16",2026-06-03,"Sitelinks, Video, Ads bottom, People also ask, Related searches, Discussions and forums, AI overview",informational,Organic
enterprise web cms,49,49,170,27,0.00,https://wpvip.com/blog/10-best-enterprise-content-management-systems/,0,0,0.00,0.03,128,"6, 6, 5, 10, 13, 8, 10, 10, 8, 8, 13, 16",2026-06-03,"Sitelinks, Video, Ads bottom, People also ask, Related searches, Discussions and forums, AI overview",informational,Organic
enterprise digitalization,14,14,90,30,8.24,https://wpvip.com/blog/enterprise-digital-transformation/,0,0,0.00,0.1,129,"26, 26, 42, 65, 34, 34, 11, 19, 34, 42, 53, 65",2026-06-10,"Sitelinks, Video, People also ask, Ads middle, AI overview",informational,Organic
why open source software,23,23,40,42,0.00,https://wpvip.com/blog/how-open-source-software-benefits-businesses/,0,0,0.00,0.33,130,"100, 100, 18, 18, 18, 18, 18, 18, 18, 18, 18, 18",2026-06-02,"Sitelinks, Video, Video Carousel, People also ask, Related searches, Discussions and forums, AI overview",informational,Organic
wpengine plans,2,2,140,40,19.67,https://wpvip.com/resource/wp-engine-vs-wordpress-vip/,0,0,0.00,0.4,86,"18, 22, 22, 29, 22, 22, 14, 18, 22, 14, 22, 100",2026-07-21,"Sitelinks, Video, People also ask, Related searches","navigational, transactional",People also ask
wp tangerine,38,38,70,13,11.01,https://wpvip.com/,0,0,0.00,0.54,162,"50, 50, 35, 64, 35, 50, 50, 35, 35, 50, 50, 50",2026-06-17,"Sitelinks, Reviews, Video, People also ask, Related searches, AI overview",informational,Organic
onesignal news,12,12,390,40,0.00,https://wpvip.com/blog/six-questions-with-onesignal-on-using-push-notifications-to-keep-customers-engaged/,0,0,0.00,0.33,1860000,"0, 0, 0, 2, 3, 100, 0, 34, 0, 0, 0, 0",2026-06-27,"Top stories, Reviews, Video, People also ask, Related searches","navigational, transactional",Organic
#strategyless.com,18,18,140,25,0.00,https://wpvip.com/blog/less-is-more-content-strategy/,0,0,0.00,0.33,296000,"2, 0, 0, 0, 0, 100, 35, 82, 100, 53, 43, 28",2026-06-29,"Reviews, Video, People also ask, AI overview",informational,Organic
maintenance plugin config,35,35,1900,16,0.00,https://docs.wpvip.com/plugins/automattic-plugins/maintenance-mode/,0,0,0.00,0,105,100,2026-06-25,"Reviews, Video, Video Carousel, Related searches, AI overview",informational,Organic
product information management retail,44,44,40,32,0.00,https://wpvip.com/blog/pim-benefits-and-use-cases/,0,0,0.00,0.33,142,"100, 42, 100, 100, 42, 14, 0, 42, 42, 42, 42, 71",2026-06-30,"Sitelinks, Reviews, Video, Video Carousel, Related searches, Ads middle, AI overview",informational,Organic
product information management retail,49,49,40,32,0.00,https://wpvip.com/blog/pim-benefits-and-use-cases/,0,0,0.00,0.33,142,"100, 42, 100, 100, 42, 14, 0, 42, 42, 42, 42, 71",2026-06-30,"Sitelinks, Reviews, Video, Video Carousel, Related searches, Ads middle, AI overview",informational,Organic
how to access wordpress admin,24,24,210,35,0.28,https://docs.wpvip.com/manage-user-access/wordpress/,0,0,0.00,0.11,162,"29, 23, 100, 23, 23, 19, 15, 15, 15, 15, 19, 23",2026-07-06,"Reviews, Video, Video Carousel, People also ask, Related searches, AI overview",informational,Organic
april 2026 accessibility deadline,69,69,70,35,2.28,https://wpvip.com/blog/ada-website-accessibility-deadline-2026/,0,0,0.00,0.15,114,"0, 0, 35, 35, 50, 78, 64, 100, 78, 78, 14, 21",2026-07-09,"Reviews, Video, People also ask, Related searches, AI overview","commercial, informational",Organic
http vary,17,17,140,32,0.00,https://docs.wpvip.com/caching/page-cache/customize-behavior/vary-http-response-header/,0,0,0.00,0.33,105,"23, 18, 18, 100, 11, 11, 81, 3, 3, 3, 3, 3",2026-05-30,"Sitelinks, Video, People also ask, Related searches",informational,Organic
what is latest wordpress version,10,10,110,28,7.44,https://docs.wpvip.com/wordpress-on-vip/wordpress-upgrades/,0,0,0.00,0.02,133,"33, 66, 100, 100, 66, 80, 23, 33, 42, 23, 66, 33",2026-07-14,"Reviews, Video, Video Carousel, People also ask, Related searches, AI overview",informational,Organic
wordpress online training,18,18,110,67,2.57,https://learn.wpvip.com/,0,0,0.00,0.18,115,"100, 82, 52, 82, 64, 64, 41, 64, 64, 82, 82, 82",2026-07-07,"Reviews, Video, Video Carousel, People also ask, Related searches",commercial,Organic
wordpress 6.7 released news,6,6,40,10,0.00,https://wpvip.com/blog/wordpress-6-7/,0,0,0.00,0,102,"100, 35, 0, 0, 0",2026-06-04,"Video, Video Carousel, People also ask, Related searches, AI overview",informational,Organic
benefits of consultancy for pim selection,44,44,40,0,0.00,https://wpvip.com/blog/pim-benefits-and-use-cases/,0,0,0.00,0,115,"28, 57, 71, 100, 57, 0",2026-05-20,"Sitelinks, People also ask, AI overview",informational,Organic
benefits of consultancy for pim selection,51,51,40,0,0.00,https://wpvip.com/blog/pim-benefits-and-use-cases/,0,0,0.00,0,115,"28, 57, 71, 100, 57, 0",2026-05-20,"Sitelinks, People also ask, AI overview",informational,Organic
multisite website development,20,20,50,6,0.00,https://wpvip.com/glossary/wordpress-multisite/,0,0,0.00,0,138,"11, 11, 22, 77, 77, 100, 77, 77, 100, 77, 44, 0",2026-06-23,"Sitelinks, Reviews, Video, Video Carousel, People also ask, Related searches, Discussions and forums, AI overview",informational,Organic
answer engine optimization vs seo differences and best practices,25,25,90,16,0.00,https://wpvip.com/blog/aeo-vs-seo-answer-engine-optimization/,0,0,0.00,0,206,"50, 100",2026-06-30,"Sitelinks, Reviews, Video, Video Carousel, Related searches, AI overview","commercial, informational",Organic
what is a headless content management system,60,60,40,48,5.26,https://wpvip.com/glossary/headless-content-management-systems/,0,0,0.00,0.5,175,"22, 44, 100, 100, 33, 22, 22, 22, 33, 33, 22, 22",2026-06-26,"Sitelinks, Reviews, Video, Video Carousel, People also ask, Related searches, AI overview",informational,Organic
ttl in dns,6,6,170,27,2.61,https://docs.wpvip.com/domains/check-dns-record-time-to-live/,0,0,0.00,0.01,121,"20, 13, 10, 13, 10, 10, 10, 20, 6, 6, 24, 10",2026-06-13,"Sitelinks, Video, Video Carousel, People also ask, Related searches, Short videos, AI overview",informational,Organic
analytics tool for website,24,24,260,67,12.29,https://wpvip.com/blog/web-analytics-software-tools/,0,0,0.00,0.11,133,"36, 36, 44, 36, 29, 29, 15, 29, 23, 1, 23, 36",2026-07-19,"Sitelinks, Video, People also ask, Related searches, AI overview",commercial,Organic
okdo,12,12,320,28,0.43,https://wpvip.com/case-studies/launching-a-global-ecommerce-platform-for-okdo/,0,0,0.00,0.02,106,"68, 7, 3, 5, 68, 2, 0, 13, 0, 5, 5, 8",2026-07-04,"Image pack, Sitelinks, Reviews, Video, Image, Video Carousel, People also ask, Related searches",informational,Organic
wordpress cdn plugin,55,55,30,28,2.44,https://wpvip.com/blog/wordpress-cdn/,0,0,0.00,0.15,127,"1, 1, 1, 1, 5, 3, 1, 1, 1, 1, 1, 1",2026-06-05,"Sitelinks, Video, People also ask, Related searches, AI overview",informational,Organic
pim system meaning,70,70,90,40,0.00,https://wpvip.com/glossary/product-information-management/,0,0,0.00,0.06,135,"52, 52, 64, 41, 41, 82, 52, 64, 41, 41, 41, 52",2026-07-20,"Sitelinks, Reviews, Video, Video Carousel, People also ask, Related searches, AI overview",informational,Organic
custom enterprise cms,39,39,40,14,0.00,https://wpvip.com/blog/10-best-enterprise-content-management-systems/,0,0,0.00,0.33,124,"28, 28, 71, 71, 42, 100, 71, 42, 57, 42, 42, 57",2026-07-13,"Sitelinks, Reviews, Video, People also ask, Related searches, Discussions and forums, AI overview",informational,Organic
custom enterprise cms,71,71,40,14,0.00,https://wpvip.com/blog/enterprise-cms-personalization-architecture/,0,0,0.00,0.33,124,"28, 28, 71, 71, 42, 100, 71, 42, 57, 42, 42, 57",2026-07-13,"Sitelinks, Reviews, Video, People also ask, Related searches, Discussions and forums, AI overview",informational,Organic
aeo ai engine optimization,73,73,210,54,11.10,https://wpvip.com/blog/answer-engine-optimization-strategies/,0,0,0.00,0.56,131,"18, 4, 43, 35, 66, 43, 66, 54, 54, 43, 54, 100",2026-07-03,"Sitelinks, Reviews, Video, Ads bottom, People also ask, Related searches, Ads middle, AI overview",informational,Organic
invention web,8,8,70,46,0.00,https://wpvip.com/future-of-the-web-2026/,0,0,0.00,0.08,135,"0, 100, 43, 5, 5, 5, 5, 5, 5, 5, 5, 5",2026-06-26,"Sitelinks, Video, People also ask, Related searches, Things to know, AI overview",informational,Things to know
word count for blog posts,13,13,40,35,0.00,https://wpvip.com/blog/ideal-word-count/,0,0,0.00,0.04,154,"18, 18, 36, 81, 81, 45, 45, 18, 18, 18, 18, 18",2026-06-30,"Sitelinks, Reviews, Video, Video Carousel, People also ask, Related searches, AI overview",informational,Organic
wpeni,39,39,170,56,2.43,https://wpvip.com/resource/wp-engine-vs-wordpress-vip/,0,0,0.00,0.33,2540,"0, 0, 0, 0, 0, 100, 0, 0, 0, 0, 0, 0",2026-06-30,"Sitelinks, Reviews, Video, Video Carousel, People also ask, Related searches",navigational,Organic
tag suggestions,29,29,590,27,0.00,https://wpvip.com/blog/5-tagging-best-practices-content-strategy/,0,0,0.00,0.33,124,"24, 24, 8, 62, 55, 30, 6, 24, 100, 62, 36, 30",2026-06-02,"Video, People also ask, Related searches, AI overview",informational,Organic
content management software companies,42,42,140,45,8.99,https://wpvip.com/blog/10-best-enterprise-content-management-systems/?itm_source=parsely-api,0,0,0.00,0.01,133,"15, 53, 81, 53, 65, 34, 34, 21, 65, 43, 34, 53",2026-06-22,"Sitelinks, Reviews, Video, Video Carousel, Related searches, Discussions and forums, AI overview","commercial, informational",Organic
wordpress block ip,6,6,90,20,1.48,https://docs.wpvip.com/security-controls/ip-restrictions/,0,0,0.00,0.08,108,"5, 5, 12, 53, 53, 28, 12, 53, 17, 17, 12, 12",2026-06-19,"Sitelinks, Reviews, Video, Video Carousel, People also ask, Related searches, Discussions and forums, AI overview",informational,Organic
best free website analytics tools,19,19,70,35,7.02,https://wpvip.com/blog/web-analytics-software-tools/,0,0,0.00,0.27,154,"21, 14, 35, 64, 64, 64, 100, 14, 35, 14, 50, 78",2026-06-15,"Sitelinks, Reviews, Video, Ads bottom, People also ask, Related searches, Discussions and forums, AI overview",commercial,Organic
wordpress plugin directory,8,8,390,77,2.45,https://docs.wpvip.com/wordpress-skeleton/plugins-directory/,0,0,0.00,0.16,105,"54, 29, 29, 100, 36, 54, 23, 29, 54, 15, 67, 54",2026-06-29,"Sitelinks, Video, Video Carousel, People also ask, Related searches, AI overview",informational,Organic
webdevstudios,9,9,90,46,6.35,https://wpvip.com/partner/webdevstudios/,0,0,0.00,0.09,172,"4, 29, 4, 22, 54, 35, 4, 4, 4, 4, 4, 35",2026-06-10,"Sitelinks, Video, People also ask, Related searches",navigational,Organic
purge from cache,14,14,50,18,0.63,https://docs.wpvip.com/caching/page-cache/purging/purge-tools/,0,0,0.00,0.03,134,"41, 41, 23, 41, 41, 41, 41, 11, 29, 0, 29, 52",2026-07-21,"Video, Video Carousel, People also ask, Related searches, AI overview",informational,Organic
purge from cache,50,50,50,18,0.63,https://docs.wpvip.com/caching/page-cache/purging/,0,0,0.00,0.03,134,"41, 41, 23, 41, 41, 41, 41, 11, 29, 0, 29, 52",2026-07-21,"Video, Video Carousel, People also ask, Related searches, AI overview",informational,Organic
purge from cache,68,68,50,18,0.63,https://docs.wpvip.com/caching/page-cache/purging/automatic-purging-for-wp/,0,0,0.00,0.03,134,"41, 41, 23, 41, 41, 41, 41, 11, 29, 0, 29, 52",2026-07-21,"Video, Video Carousel, People also ask, Related searches, AI overview",informational,Organic
web analyzer tools,24,24,390,41,10.15,https://wpvip.com/blog/web-analytics-software-tools/,0,0,0.00,0.07,445,"0, 100, 67, 13, 13, 76, 20, 16, 10, 16, 0, 55",2026-06-04,"Sitelinks, Video, Ads bottom, Video Carousel, Related searches, Discussions and forums",informational,Organic
what is aeo in seo,16,16,90,53,2.28,https://wpvip.com/blog/aeo-vs-seo-answer-engine-optimization/,0,0,0.00,0.25,206,"7, 7, 7, 7, 11, 7, 34, 42, 34, 100, 65, 65",2026-07-09,"Sitelinks, Reviews, Video, People also ask, Related searches, Short videos, AI overview",informational,Organic
cron jobs wordpress,11,11,30,13,2.61,https://docs.wpvip.com/wordpress-on-vip/cron-control/,0,0,0.00,0.03,100,"63, 9, 36, 18, 27, 18, 81, 0, 18, 27, 27, 27",2026-07-19,"Sitelinks, Reviews, Video, Video Carousel, People also ask, Related searches",commercial,Organic
mfa wordpress,3,3,170,48,2.82,https://docs.wpvip.com/security-controls/wordpress/enforce-2fa/,0,0,0.00,0.11,122,"54, 54, 29, 18, 54, 35, 10, 14, 43, 29, 54, 54",2026-07-05,"Reviews, Video, Video Carousel, People also ask, Related searches, AI overview",informational,People also ask
wp env,31,31,50,18,0.00,https://docs.wpvip.com/infrastructure/environments/manage-environment-variables/,0,0,0.00,0.03,114,"64, 50, 21, 50, 64, 50, 0, 35, 35, 50, 7, 0",2026-06-03,"Sitelinks, Video, Video Carousel, People also ask, Related searches, AI overview",informational,Organic
tag strategy,25,25,70,53,5.08,https://wpvip.com/blog/5-tagging-best-practices-content-strategy/,0,0,0.00,0.03,134,"100, 63, 27, 100, 100, 45, 36, 27, 63, 45, 81, 63",2026-06-15,"Image pack, Reviews, Video, People also ask, Related searches, AI overview",informational,Organic
tag strategy,30,30,70,53,5.08,https://wpvip.com/blog/5-tagging-best-practices-content-strategy/,0,0,0.00,0.03,134,"100, 63, 27, 100, 100, 45, 36, 27, 63, 45, 81, 63",2026-06-15,"Image pack, Reviews, Video, People also ask, Related searches, AI overview",informational,Organic
fivethirtyeight election,25,25,170,51,0.00,https://wpvip.com/case-studies/fivethirtyeight-election-night/,0,0,0.00,0,287000,"0, 0, 0, 0, 16, 0, 0, 0, 0, 0, 0, 0",2026-06-13,"Sitelinks, Reviews, Video",informational,Organic
https://onecognizant.cognizant.com,88,88,110,18,0.00,https://wpvip.com/partner/cognizant-digital-experience/,0,0,0.00,0.33,12800,"4, 44, 1, 0, 1, 0, 54, 0, 0, 12, 54, 0",2026-06-26,"Reviews, Video, People also ask",commercial,Organic
https://onecognizant.cognizant.com,95,95,110,18,0.00,https://wpvip.com/partner/cognizant-digital-experience/,0,0,0.00,0.33,12800,"4, 44, 1, 0, 1, 0, 54, 0, 0, 12, 54, 0",2026-06-26,"Reviews, Video, People also ask",commercial,Organic
what is current wordpress version,11,11,170,31,7.44,https://docs.wpvip.com/wordpress-on-vip/wordpress-upgrades/,0,0,0.00,0.02,141,"65, 80, 80, 80, 42, 65, 53, 65, 65, 42, 80, 53",2026-07-14,"Sitelinks, Video, Video Carousel, People also ask, Related searches, AI overview",informational,Organic
node.js 20 lts end of life date,23,23,50,28,0.00,https://customerhub.wpvip.com/lobby/2026/01/29/end-of-life-for-node-js-v20/,0,0,0.00,0,44,"0, 100, 82, 0, 0, 0, 0, 100, 0",2026-07-11,"Sitelinks, Video, Featured snippet, People also ask, Related searches",informational,Organic
wordpress enterprise agency,22,22,480,20,27.43,https://wpvip.com/,0,0,0.00,0.28,157,"2, 2, 7, 8, 5, 5, 4, 7, 13, 20, 79, 100",2026-07-05,"Sitelinks, Reviews, Video, People also ask, Related searches, Discussions and forums, AI overview",informational,Organic
wordpress devops,41,41,50,13,0.00,https://docs.wpvip.com/code-deployment/default-deployment/build-and-deploy/,0,0,0.00,0.02,104,"29, 29, 29, 52, 29, 11, 29, 29, 29, 64, 17, 23",2026-06-03,"Sitelinks, Video, Video Carousel, People also ask, Related searches, Discussions and forums, AI overview",informational,Organic
seo site migration checklist,66,66,720,23,2.27,https://wpvip.com/blog/seo-checklist-for-website-migration/,0,0,0.00,0.01,117,"24, 36, 36, 100, 67, 36, 76, 20, 45, 76, 45, 36",2026-06-19,"Sitelinks, Reviews, Video, Related searches, AI overview",informational,Organic
caching control,26,26,320,49,0.00,https://docs.wpvip.com/caching/page-cache/customize-behavior/cache-control-headers/,0,0,0.00,0.33,134,"100, 100, 81, 66, 81, 66, 66, 54, 43, 54, 54, 66",2026-06-04,"Sitelinks, Video, Video Carousel, People also ask, Related searches, AI overview",informational,Organic
wordpress image cdn,33,33,40,14,0.00,https://wpvip.com/blog/wordpress-cdn/,0,0,0.00,0.16,132,"33, 33, 19, 23, 23, 23, 23, 9, 19, 9, 9, 19",2026-07-03,"Sitelinks, Reviews, Video, Video Carousel, Related searches, AI overview",informational,Organic
wordpress 5.6.1,64,64,50,9,0.00,https://customerhub.wpvip.com/lobby/2021/02/22/wordpress-5-6-2-maintenance-release/,0,0,0.00,0.33,75000,"0, 2, 0, 2, 2, 2, 100, 5, 5, 5, 5, 5",2026-06-06,"Sitelinks, People also ask",commercial,Organic
commit msg,33,33,110,41,0.00,https://docs.wpvip.com/guidebooks/developer-best-practices/create-a-good-commit-message/,0,0,0.00,0.33,133,"53, 34, 28, 28, 43, 28, 43, 28, 12, 53, 43, 53",2026-06-04,"Sitelinks, Video, Video Carousel, People also ask, Related searches",informational,Organic
atlas headless wp,43,43,70,10,0.00,https://wpvip.com/headless-wordpress/,0,0,0.00,0.33,194,"9, 9, 42, 33, 42, 52, 52, 33, 66, 33, 19, 14",2026-07-12,"Reviews, Video, Ads bottom, Video Carousel, Related searches, Discussions and forums, AI overview",informational,Organic
atlas headless wp,65,65,70,10,0.00,https://wpvip.com/resource/headless-cms-guide/,0,0,0.00,0.33,194,"9, 9, 42, 33, 42, 52, 52, 33, 66, 33, 19, 14",2026-07-12,"Reviews, Video, Ads bottom, Video Carousel, Related searches, Discussions and forums, AI overview",informational,Organic
enterprise cms integration,28,28,40,19,0.00,https://wpvip.com/blog/10-best-enterprise-content-management-systems/,0,0,0.00,0,95,"71, 100, 14",2026-07-08,"Sitelinks, Reviews, Video, People also ask, Related searches, Discussions and forums, AI overview","commercial, informational",Organic
http_response_header,15,15,50,14,0.00,https://docs.wpvip.com/caching/page-cache/http-headers/,0,0,0.00,0.33,103,"11, 11, 11, 11, 11, 100, 64, 64, 11, 11, 11, 11",2026-07-06,"Sitelinks, Video, People also ask, Related searches",informational,Organic
http_response_header,30,30,50,14,0.00,https://docs.wpvip.com/caching/page-cache/http-headers/add-edit-or-remove/,0,0,0.00,0.33,103,"11, 11, 11, 11, 11, 100, 64, 64, 11, 11, 11, 11",2026-07-06,"Sitelinks, Video, People also ask, Related searches",informational,Organic
http_response_header,32,32,50,14,0.00,https://docs.wpvip.com/caching/page-cache/http-headers/add-edit-or-remove/,0,0,0.00,0.33,103,"11, 11, 11, 11, 11, 100, 64, 64, 11, 11, 11, 11",2026-07-06,"Sitelinks, Video, People also ask, Related searches",informational,Organic
digital experience platform services,49,49,110,34,0.00,https://wpvip.com/glossary/digital-experience-platform/,0,0,0.00,0.07,130,"15, 26, 26, 100, 100, 42, 34, 42, 65, 26, 34, 34",2026-06-09,"Sitelinks, Video, Ads bottom, Video Carousel, People also ask, Related searches, AI overview","commercial, informational",Organic
best web analytics platforms for website performance 2025,1,1,40,14,0.00,https://wpvip.com/blog/web-analytics-software-tools/,0,0,0.00,0,182,"100, 44, 0",2026-05-21,"Sitelinks, Video, Video Carousel, AI overview",informational,AI overview
best web analytics platforms for website performance 2025,8,8,40,14,0.00,https://wpvip.com/blog/web-analytics-software-tools/,0,0,0.00,0,182,"100, 44, 0",2026-05-21,"Sitelinks, Video, Video Carousel, AI overview",informational,Organic
tagging internet,30,30,30,14,5.61,https://wpvip.com/blog/5-tagging-best-practices-content-strategy/,0,0,0.00,0.02,132,"41, 29, 41, 29, 29, 0, 11, 17, 11, 11, 0, 0",2026-06-29,"Video, Video Carousel, People also ask, Related searches, AI overview",informational,Organic
best real-time analytics tools for websites 2025,15,15,40,24,0.00,https://wpvip.com/blog/web-analytics-software-tools/,0,0,0.00,0,163,"100, 71, 0",2026-05-27,"Sitelinks, Video, Ads bottom, Video Carousel, Related searches, Discussions and forums, AI overview",commercial,Organic
wordpress category structure topical map pillar content strategy,48,48,70,3,0.00,https://wpvip.com/blog/content-taxonomy-setup/,0,0,0.00,0,75300,"15, 100, 42, 7, 3, 3",2026-07-09,"Sitelinks, Video, Video Carousel, Related searches, AI overview",informational,Organic
wp encryption,23,23,30,15,6.41,https://docs.wpvip.com/tls/lets-encrypt/,0,0,0.00,0.41,114,"28, 28, 100, 28, 28, 28, 28, 28, 28, 28, 28, 28",2026-05-20,"Sitelinks, Video, Video Carousel, People also ask, Related searches","informational, transactional",Organic
wordpress certification,46,46,390,18,2.86,https://learn.wpvip.com/,0,0,0.00,0.3,104,"54, 44, 54, 66, 54, 54, 66, 54, 54, 36, 44, 36",2026-07-17,"Sitelinks, Reviews, Video, People also ask, Related searches, Discussions and forums, AI overview","commercial, informational",Organic
tools to analyze website traffic,1,1,70,60,0.00,https://wpvip.com/blog/web-analytics-software-tools/,0,0,0.00,0.33,148,"0, 0, 0, 7, 53, 26, 7, 19, 19, 15, 80, 100",2026-06-24,"Sitelinks, Reviews, Video, People also ask, Related searches, Discussions and forums, AI overview",commercial,AI overview
what is time to live in dns,20,20,260,48,2.59,https://docs.wpvip.com/domains/check-dns-record-time-to-live/,0,0,0.00,0.02,162,"54, 54, 19, 44, 44, 15, 44, 6, 19, 54, 23, 36",2026-06-11,"Sitelinks, Video, Video Carousel, People also ask, Related searches, Short videos, Discussions and forums, AI overview",informational,Organic
evaluate the digital publishing company wordpress on multimedia content,1,1,40,17,0.00,https://wpvip.com/blog/digital-publishing-trends-media-guide/,0,0,0.00,0,3670000,"9, 9, 18, 100, 100, 63, 9, 9, 0, 0, 36",2026-07-12,"Sitelinks, Reviews, Video, People also ask, Related searches, AI overview",informational,AI overview
evaluate the digital publishing company wordpress on multimedia content,74,74,40,17,0.00,https://wpvip.com/resources/reports/digital-publishing-trends/,0,0,0.00,0,3670000,"9, 9, 18, 100, 100, 63, 9, 9, 0, 0, 36",2026-07-12,"Sitelinks, Reviews, Video, People also ask, Related searches, AI overview",informational,Organic
wordpress responsive images,1,1,110,23,0.00,https://docs.wpvip.com/vip-file-system/image-files/responsive-images/,0,0,0.00,0.02,106,"11, 11, 64, 52, 52, 64, 64, 64, 100, 82, 82, 100",2026-07-07,"Reviews, Video, Video Carousel, People also ask, Related searches, AI overview",informational,AI overview
enterprise scalability solutions for drupal,84,84,40,1,0.00,https://wpvip.com/blog/wordpress-scalability/,0,0,0.00,0,151,"14, 14, 100, 100, 42, 100, 100, 57, 57, 42, 42, 57",2026-07-14,"Sitelinks, Reviews, Video, Related searches, AI overview",informational,Organic
enterprise content management roadmap,18,18,110,25,0.00,https://wpvip.com/blog/enterprise-content-management-strategy/,0,0,0.00,0.33,133,"35, 35, 28, 78, 100, 64, 100, 100, 100, 78, 78, 100",2026-06-21,"Sitelinks, Reviews, Video, Related searches, AI overview",informational,Organic
pentest wordpress,18,18,40,23,15.22,https://docs.wpvip.com/security/penetration-testing/,0,0,0.00,0.57,126,"18, 36, 36, 36, 100, 27, 27, 18, 18, 18, 18, 18",2026-07-13,"Sitelinks, Reviews, Video, Video Carousel, Related searches",informational,Organic
drupal dxp,27,27,50,14,0.00,https://wpvip.com/glossary/digital-experience-platform/,0,0,0.00,0.18,106,"15, 19, 19, 19, 26, 26, 26, 15, 15, 19, 7, 26",2026-06-09,"Video, Video Carousel, People also ask, Related searches",informational,Organic
what is a digital experience platform,57,57,390,38,16.00,https://wpvip.com/glossary/digital-experience-platform/,0,0,0.00,0.02,169,"3, 3, 3, 4, 7, 3, 1, 7, 4, 3, 2, 4",2026-06-22,"Sitelinks, Video, Video Carousel, People also ask, Related searches, AI overview",informational,Organic
content-security-policy-report-only,82,89,70,19,6.41,https://wpvip.com/blog/content-security-policy-guide/,0,0,0.00,0.08,178,"80, 19, 4, 4, 14, 23, 4, 42, 23, 33, 52, 52",2026-07-22,"Sitelinks, Video, Related searches, AI overview",informational,Organic
automattic wordpress,12,12,90,64,4.86,https://wpvip.com/automattic-products/,0,0,0.00,0.11,108,"11, 9, 9, 17, 7, 7, 7, 7, 9, 7, 7, 11",2026-06-03,"Sitelinks, Video, People also ask, Related searches, Discussions and forums",navigational,Organic
hybrid headless,15,15,70,9,0.00,https://wpvip.com/glossary/hybrid-cms/,0,0,0.00,0.57,192,"11, 19, 19, 19, 42, 42, 42, 53, 7, 7, 7, 7",2026-07-12,"Image pack, Reviews, Video, Video Carousel, People also ask, Related searches, AI overview","commercial, informational",Organic
hybrid headless,30,30,70,9,0.00,https://wpvip.com/blog/headless-vs-hybrid-cms-architecture-comparison/,0,0,0.00,0.57,192,"11, 19, 19, 19, 42, 42, 42, 53, 7, 7, 7, 7",2026-07-12,"Image pack, Reviews, Video, Video Carousel, People also ask, Related searches, AI overview","commercial, informational",Organic
hybrid headless,71,71,70,9,0.00,https://wpvip.com/blog/why-hybrid-cms-beats-headless/,0,0,0.00,0.57,192,"11, 19, 19, 19, 42, 42, 42, 53, 7, 7, 7, 7",2026-07-12,"Image pack, Reviews, Video, Video Carousel, People also ask, Related searches, AI overview","commercial, informational",Organic
hybrid headless,85,85,70,9,0.00,https://wpvip.com/blog/headless-vs-hybrid-wordpress/,0,0,0.00,0.57,192,"11, 19, 19, 19, 42, 42, 42, 53, 7, 7, 7, 7",2026-07-12,"Image pack, Reviews, Video, Video Carousel, People also ask, Related searches, AI overview","commercial, informational",Organic
hybrid headless,88,88,70,9,0.00,https://wpvip.com/blog/headless-vs-hybrid-wordpress/,0,0,0.00,0.57,192,"11, 19, 19, 19, 42, 42, 42, 53, 7, 7, 7, 7",2026-07-12,"Image pack, Reviews, Video, Video Carousel, People also ask, Related searches, AI overview","commercial, informational",Organic
best cache plugin for woocommerce,45,45,30,18,3.50,https://docs.wpvip.com/plugins/woocommerce/caching-for-woocommerce/,0,0,0.00,0.43,124,"40, 40, 60, 100, 80, 40, 40, 40, 40, 40, 40, 40",2026-07-19,"Sitelinks, Reviews, Video, Video Carousel, Related searches, Discussions and forums",commercial,Organic
best web statistics platforms for websites 2025,18,18,40,13,0.00,https://wpvip.com/blog/web-analytics-software-tools/,0,0,0.00,0,133,"100, 71, 0",2026-05-27,"Sitelinks, Video, AI overview",commercial,Organic
digital analytics platforms,25,25,390,45,14.68,https://wpvip.com/blog/web-analytics-software-tools/,0,0,0.00,0.02,135,"15, 44, 29, 44, 36, 36, 100, 100, 54, 81, 44, 36",2026-06-03,"Sitelinks, Video, Video Carousel, People also ask, Related searches, Ads middle, AI overview","commercial, informational",Organic
http_cache_control,25,25,40,49,0.00,https://docs.wpvip.com/caching/page-cache/customize-behavior/cache-control-headers/,0,0,0.00,0.01,118,"45, 9, 63, 45, 63, 45, 18, 18, 18, 18, 18, 18",2026-06-04,"Video, Video Carousel, People also ask, Related searches",informational,Organic
wordpress 6.7 release date 2025,19,19,70,28,0.00,https://customerhub.wpvip.com/platform-release-schedule/,0,0,0.00,0,106,"4, 33, 80, 100, 66, 14, 4, 4, 0, 0",2026-07-11,"Reviews, Video, People also ask, Related searches, AI overview",informational,Organic
saas wordpress,1,1,70,17,5.74,https://wpvip.com/wordpress-vip-for-saas-cms/,0,0,0.00,0.28,22100000,"28, 28, 100, 78, 50, 35, 50, 50, 64, 35, 50, 50",2026-06-27,"Sitelinks, Reviews, Video, Video Carousel, Related searches, AI overview",informational,AI overview
sitecore to wordpress site migration,53,53,50,0,0.00,https://wpvip.com/resource/sitecore-vs-wordpress-vip/,0,0,0.00,0,148,"14, 28, 14, 71, 71, 71, 100, 100, 100, 71, 57, 57",2026-06-24,"Reviews, Video, Discussions and forums, AI overview",informational,Organic
best website analytics tool,1,1,30,27,17.08,https://wpvip.com/blog/web-analytics-software-tools/,0,0,0.00,0.18,129,"9, 18, 36, 27, 9, 27, 36, 27, 45, 27, 18, 18",2026-06-24,"Sitelinks, Video, Video Carousel, Related searches, Discussions and forums, AI overview",commercial,AI overview
parse ly login,15,15,210,31,0.00,https://docs.wpvip.com/parse-ly/parsely-features/,0,0,0.00,0.01,96,"28, 18, 18, 11, 23, 35, 54, 44, 44, 44, 28, 28",2026-06-19,"Sitelinks, Reviews, Video, People also ask, Related searches","navigational, transactional",Organic
european accessibility act 2025,54,54,390,37,1.37,https://wpvip.com/blog/eu-accessibility-act-2025/,0,0,0.00,0.11,130,"88, 88, 100, 14, 26, 26, 5, 9, 32, 11, 9, 11",2026-07-06,"Sitelinks, Reviews, Video, People also ask, Related searches, AI overview",informational,Organic
multiprem,76,76,140,24,0.00,https://wpvip.com/glossary/wordpress-multisite/,0,0,0.00,0.33,5640,"66, 80, 42, 33, 52, 66, 100, 66, 100, 66, 80, 66",2026-07-07,"Sitelinks, Related searches, AI overview",informational,Organic
business offering strategy content types,33,33,40,,0.00,https://wpvip.com/blog/8-types-of-content-marketing/,0,0,0.00,0,136,"100, 0, 0",2026-06-18,"Sitelinks, Reviews, Video, Video Carousel, People also ask, Related searches, AI overview",informational,Organic
wordpress cdn,27,27,260,28,8.83,https://wpvip.com/glossary/content-delivery-networks-cdns/,0,0,0.00,0.22,110000,"44, 44, 66, 35, 66, 8, 66, 100, 28, 15, 15, 44",2026-07-11,"Sitelinks, Reviews, Video, People also ask, Related searches, Ads middle, AI overview",informational,Organic
content marketing formats,19,19,110,36,7.46,https://wpvip.com/blog/8-types-of-content-marketing/,0,0,0.00,0.5,134,"12, 21, 34, 43, 34, 21, 43, 43, 100, 43, 28, 12",2026-06-12,"Sitelinks, Reviews, Video, Ads bottom, People also ask, Related searches, Ads middle, AI overview",informational,Organic
content marketing formats,21,21,110,36,7.46,https://wpvip.com/blog/8-types-of-content-marketing/,0,0,0.00,0.5,134,"12, 21, 34, 43, 34, 21, 43, 43, 100, 43, 28, 12",2026-06-12,"Sitelinks, Reviews, Video, Ads bottom, People also ask, Related searches, Ads middle, AI overview",informational,Organic
wcag news january 2026,73,73,50,12,0.00,https://wpvip.com/blog/ada-website-accessibility-deadline-2026/,0,0,0.00,0,159,"100, 0, 0",2026-06-15,"Reviews, Video, Related searches, AI overview",informational,Organic
wcag news january 2026,87,87,50,12,0.00,https://wpvip.com/blog/ada-website-accessibility-deadline-2026/,0,0,0.00,0,159,"100, 0, 0",2026-06-15,"Reviews, Video, Related searches, AI overview",informational,Organic
content-security-policy best practices,4,4,40,37,6.80,https://wpvip.com/blog/content-security-policy-guide/,0,0,0.00,0.14,132,"57, 71, 28, 100, 100, 42, 71, 57, 28, 14, 57, 0",2026-06-12,"Sitelinks, Video, Ads bottom, Related searches, AI overview",commercial,AI overview
content-security-policy best practices,13,13,40,37,6.80,https://wpvip.com/blog/content-security-policy-guide/,0,0,0.00,0.14,132,"57, 71, 28, 100, 100, 42, 71, 57, 28, 14, 57, 0",2026-06-12,"Sitelinks, Video, Ads bottom, Related searches, AI overview",commercial,Organic
best cms tools 2026,22,22,40,14,0.00,https://wpvip.com/blog/10-best-enterprise-content-management-systems/,0,0,0.00,0,117,"0, 44, 100, 22",2026-07-15,"Sitelinks, Reviews, Video, Ads bottom, Video Carousel, Related searches, AI overview",commercial,Organic
wordpress 6.5 brand-new plugin capabilities,16,16,40,2,0.00,https://wpvip.com/blog/wordpress-6-5/,0,0,0.00,0,149,"14, 0, 7, 78, 100, 50, 64, 0, 0, 0",2026-06-27,"Reviews, Video, Video Carousel, People also ask, AI overview",informational,Organic
what is content tagging,13,13,40,11,0.00,https://wpvip.com/blog/5-tagging-best-practices-content-strategy/,0,0,0.00,0.33,136,"18, 18, 18, 45, 18, 18, 18, 36, 45, 45, 100, 63",2026-07-20,"Sitelinks, Video, People also ask, Related searches, AI overview",informational,Organic
wordpress security news september 2025,59,59,40,7,0.00,https://customerhub.wpvip.com/lobby-category/software-updates/security/,0,0,0.00,0,6060000,"100, 0, 0, 0, 0, 0, 0",2026-06-23,"Reviews, Video, Related searches, AI overview",informational,Organic
node process environment,29,29,70,32,0.00,https://docs.wpvip.com/node-js/environment-variables/,0,0,0.00,0.33,134,"42, 66, 33, 23, 33, 33, 33, 23, 33, 33, 33, 23",2026-06-17,"Sitelinks, Video, Video Carousel, Related searches, Discussions and forums, AI overview",informational,Organic
sitecore to wordpress migration developers,43,43,40,5,0.00,https://wpvip.com/resource/sitecore-vs-wordpress-vip/,0,0,0.00,0,151,"28, 14, 71, 71, 71, 100, 71, 71, 71, 57, 42, 57",2026-07-18,"Sitelinks, Reviews, Video, Discussions and forums, AI overview",informational,Organic
ip address restrictions,10,10,110,7,0.00,https://docs.wpvip.com/security-controls/ip-restrictions/,0,0,0.00,0.33,131,"52, 33, 23, 33, 33, 52, 80, 42, 42, 66, 80, 100",2026-07-05,"Video, Video Carousel, People also ask, Related searches, Discussions and forums, AI overview",informational,Organic
wordpress secure hosting,26,16,90,60,20.18,https://wpvip.com/blog/secure-wordpress-hosting/,0,0,0.00,0.1,115,"26, 34, 53, 53, 34, 65, 7, 15, 15, 11, 34, 80",2026-07-22,"Sitelinks, Video, Video Carousel, Related searches, AI overview",informational,Organic
sitemap vs information architecture,72,72,50,25,0.00,https://wpvip.com/blog/website-information-architecture/,0,0,0.00,0.01,131,"15, 11, 11, 8, 0, 11, 18, 8, 11, 8, 6, 8",2026-06-26,"Sitelinks, Video, Video Carousel, People also ask, Related searches, AI overview","commercial, informational",Organic
percentage of websites using wordpress 2026,61,61,40,42,0.00,https://wpvip.com/blog/website-roi-why-websites-matter-2026/,0,0,0.00,0,135,"7, 0, 100, 0",2026-07-10,"Sitelinks, Reviews, Video, People also ask, Related searches, AI overview",informational,Organic
mississippi wordpress management,31,31,40,3,0.00,https://wpvip.com/wordpress-management/,0,0,0.00,0,1820000,"0, 17, 41, 0, 17, 5, 41, 100, 23, 17, 11, 0",2026-07-18,"Reviews, Video, People also ask, AI overview",informational,Organic
mississippi wordpress management,77,77,40,3,0.00,https://wpvip.com/capabilities/performance/,0,0,0.00,0,1820000,"0, 17, 41, 0, 17, 5, 41, 100, 23, 17, 11, 0",2026-07-18,"Reviews, Video, People also ask, AI overview",informational,Organic
wordpress [vc_row] what is this code called,75,75,210,7,0.00,https://docs.wpvip.com/vip-cli/advanced-usage/,0,0,0.00,0,150,"100, 0, 0, 0, 0, 0, 0, 0, 0, 0",2026-07-15,"Sitelinks, Video, People also ask, Related searches, AI overview",informational,Organic
wordpress [vc_row] what is this code called,80,80,210,7,0.00,https://docs.wpvip.com/vip-cli/advanced-usage/,0,0,0.00,0,150,"100, 0, 0, 0, 0, 0, 0, 0, 0, 0",2026-07-15,"Sitelinks, Video, People also ask, Related searches, AI overview",informational,Organic
digitalriver,30,30,590,52,5.20,https://wpvip.com/blog/six-questions-with-digital-river/,0,0,0.00,0.02,106,"27, 13, 16, 24, 13, 10, 16, 7, 16, 8, 7, 24",2026-06-13,"Knowledge panel, Sitelinks, Reviews, Video, People also ask, Related searches, Things to know, AI overview",informational,Organic
top cms platforms for enterprise digital transformation 2025,29,29,40,9,0.00,https://wpvip.com/blog/10-best-enterprise-content-management-systems/,0,0,0.00,0,160,"57, 100, 42, 28, 57, 28, 71, 71",2026-07-13,"Sitelinks, Reviews, Video, Related searches, AI overview",commercial,Organic
multi-site,12,12,50,29,9.66,https://wpvip.com/blog/wordpress-multisite/,0,0,0.00,0.01,134,"1, 1, 1, 4, 2, 1, 0, 12, 5, 5, 5, 15",2026-07-01,"Sitelinks, Reviews, Video, Video Carousel, People also ask, Related searches, AI overview",informational,Organic
multi-site,84,84,50,29,9.66,https://wpvip.com/glossary/wordpress-multisite/,0,0,0.00,0.01,134,"1, 1, 1, 4, 2, 1, 0, 12, 5, 5, 5, 15",2026-07-01,"Sitelinks, Reviews, Video, Video Carousel, People also ask, Related searches, AI overview",informational,Organic
content-security-policy examples,35,35,40,46,3.75,https://wpvip.com/blog/content-security-policy-guide/,0,0,0.00,0.16,132,"42, 57, 100, 71, 100, 100, 71, 28, 0, 28, 28, 0",2026-07-12,"Sitelinks, Video, People also ask, Related searches, AI overview",informational,Organic
b2b content marketing funnel,20,20,480,28,0.00,https://wpvip.com/resource/content-marketing-funnel-guide/,0,0,0.00,0.33,135,"44, 54, 54, 100, 54, 100, 100, 100, 100, 100, 100, 100",2026-07-08,"Sitelinks, Reviews, Video, Video Carousel, Related searches, AI overview",informational,Organic
multisite for seo,45,45,320,22,0.00,https://wpvip.com/blog/wordpress-multisite/,0,0,0.00,0,139,"100, 0, 0, 0, 0, 0, 0",2026-06-16,"Sitelinks, Reviews, Video, Video Carousel, People also ask, Discussions and forums, AI overview",informational,Organic
google analytics vs webmaster tools,61,61,50,12,0.00,https://wpvip.com/blog/web-analytics-software-tools/,0,0,0.00,0,132,"0, 0, 100, 100, 63, 81, 45, 63, 27, 63, 36, 81",2026-07-01,"Sitelinks, Reviews, Video, Video Carousel, People also ask, Related searches, AI overview",informational,Organic
apmplus,24,24,30,13,2.36,https://wpvip.com/glossary/application-performance-monitoring-apm/,0,0,0.00,0.05,105,"100, 23, 52, 11, 0, 0, 0, 0, 0, 64, 0, 0",2026-06-29,"Sitelinks, Reviews, Video, Image",commercial,Organic
wpgraphql,13,13,140,58,0.00,https://wpvip.com/blog/wp-graphql-pros-and-cons-wordpress/,0,0,0.00,0.01,0,"18, 18, 23, 18, 18, 18, 23, 28, 23, 18, 28, 18",2026-07-06,"Sitelinks, Reviews, Video, Video Carousel, People also ask, Related searches",navigational,Organic
leading content management systems for enterprises 2025,52,52,40,22,0.00,https://wpvip.com/blog/10-best-enterprise-content-management-systems/,0,0,0.00,0,138,"29, 100, 52, 0, 0, 0, 0, 0",2026-07-12,"Sitelinks, Reviews, Video, Video Carousel, People also ask, Related searches",commercial,Organic
enterprise web content management,15,15,170,45,0.00,https://wpvip.com/blog/enterprise-content-management/,0,0,0.00,0.02,133,"4, 4, 14, 66, 22, 54, 35, 100, 29, 35, 29, 35",2026-06-26,"Knowledge panel, Sitelinks, Reviews, Video, People also ask, Related searches, AI overview",informational,Organic
enterprise web content management,26,26,170,45,0.00,https://wpvip.com/blog/enterprise-content-management/,0,0,0.00,0.02,133,"4, 4, 14, 66, 22, 54, 35, 100, 29, 35, 29, 35",2026-06-26,"Knowledge panel, Sitelinks, Reviews, Video, People also ask, Related searches, AI overview",informational,Organic
enterprise web content management,42,42,170,45,0.00,https://wpvip.com/blog/enterprise-cms/,0,0,0.00,0.02,133,"4, 4, 14, 66, 22, 54, 35, 100, 29, 35, 29, 35",2026-06-26,"Knowledge panel, Sitelinks, Reviews, Video, People also ask, Related searches, AI overview",informational,Organic
why content marketing plus seo 39 celsius,30,30,110,18,0.00,https://wpvip.com/resource/how-to-do-better-content-marketing/,0,0,0.00,0,4950000,"4, 4, 4, 4, 4, 4, 81, 54, 100, 22, 29, 4",2026-06-06,"Video, People also ask, AI overview",informational,Organic
word press org,78,78,320,46,7.97,https://wpvip.com/blog/wordpress-org-vs-wordpress-com-vs-wordpress-vip-whats-the-difference/,0,0,0.00,0.43,0,"67, 44, 54, 12, 19, 67, 19, 23, 23, 19, 44, 23",2026-07-20,"Sitelinks, Reviews, Video, Video Carousel, People also ask",navigational,Organic
stale while revalidate,35,35,210,40,0.00,https://docs.wpvip.com/caching/page-cache/http-headers/stale-responses/,0,0,0.00,0.33,114,"81, 81, 65, 81, 65, 100, 65, 34, 65, 65, 65, 81",2026-07-10,"Sitelinks, Video, Image, Related searches, Discussions and forums, AI overview",informational,Organic
wp_is_application_passwords_available basic auth,9,9,40,,0.00,https://docs.wpvip.com/security-controls/basic-authentication/,0,0,0.00,0,114,"100, 57, 14",2026-07-11,"Sitelinks, Reviews, Video, Related searches, AI overview",informational,Organic
disseminating response policy to the void anomalies,16,16,70,21,0.00,https://docs.wpvip.com/performance/insights-metrics/anomalies/,0,0,0.00,0.33,189,"100, 100, 66, 19, 23, 9, 9, 9, 9, 9, 23, 9",2026-06-10,"Sitelinks, Video, Video Carousel, People also ask, Related searches, Discussions and forums",informational,Organic
conference wordpress,14,14,30,30,3.69,https://wpvip.com/events/,0,0,0.00,0.04,125,"0, 0, 36, 63, 0, 45, 45, 45, 0, 18, 18, 0",2026-06-22,"Reviews, Video, Video Carousel, Related searches","commercial, informational",Organic
product information management benefits,1,1,40,15,0.00,https://wpvip.com/blog/pim-benefits-and-use-cases/,0,0,0.00,0.33,138,"45, 18, 18, 63, 63, 18, 36, 18, 27, 27, 18, 27",2026-06-01,"Sitelinks, Video, Video Carousel, People also ask, Related searches, AI overview",informational,AI overview
self hosting wordpress,11,11,90,18,7.83,https://wpvip.com/blog/self-hosted-wordpress/,0,0,0.00,0.38,145,"34, 15, 34, 42, 19, 80, 26, 34, 80, 26, 26, 19",2026-06-22,"Sitelinks, Video, Video Carousel, People also ask, Related searches, AI overview",informational,Organic
ada compliance 2026,57,57,40,40,2.88,https://wpvip.com/blog/ada-website-accessibility-deadline-2026/,0,0,0.00,0.33,95,"18, 18, 18, 27, 18, 45, 45, 36, 36, 63, 100, 18",2026-06-24,"Reviews, Video, Ads bottom, People also ask, Related searches, AI overview",informational,Organic
best practices for meta tags,33,33,30,44,3.51,https://wpvip.com/blog/5-tagging-best-practices-content-strategy/,0,0,0.00,0.11,152,"100, 11, 0, 44, 33, 11, 33, 33, 22, 22, 22, 22",2026-06-06,"Sitelinks, Video, Video Carousel, People also ask, Related searches, Discussions and forums, AI overview",commercial,Organic
wordpress.cpom,40,40,30,97,3.38,https://wpvip.com/blog/wordpress-org-vs-wordpress-com-vs-wordpress-vip-whats-the-difference/,0,0,0.00,0.43,0,"0, 0, 0, 0, 0, 0, 0, 0, 0, 0, 13, 0",2026-07-21,"Sitelinks, Reviews, Video, Video Carousel, People also ask",navigational,Organic
wordpress.cpom,73,73,30,97,3.38,https://wpvip.com/,0,0,0.00,0.43,0,"0, 0, 0, 0, 0, 0, 0, 0, 0, 0, 13, 0",2026-07-21,"Sitelinks, Reviews, Video, Video Carousel, People also ask",navigational,Organic
pim define,90,90,40,33,2.77,https://wpvip.com/glossary/product-information-management/,0,0,0.00,0.04,130,"35, 50, 50, 7, 7, 7, 7, 78, 7, 50, 7, 7",2026-07-05,"Reviews, Video, Video Carousel, People also ask, Related searches, AI overview",informational,Organic
website migrations,1,1,480,50,13.11,https://wpvip.com/glossary/website-migration/,0,0,0.00,0.12,127,"10, 16, 55, 36, 55, 3, 5, 100, 30, 67, 24, 45",2026-07-06,"Video, Ads bottom, People also ask, Related searches, Ads middle, AI overview",informational,AI overview
count the words on a website,32,32,140,34,0.21,https://wpvip.com/blog/ideal-word-count/,0,0,0.00,0.08,161,"0, 0, 0, 0, 0, 0, 0, 0, 67, 81, 0, 12",2026-07-05,"Sitelinks, Reviews, Video, Video Carousel, Related searches, AI overview",informational,Organic
count the words on a website,43,43,140,34,0.21,https://wpvip.com/blog/ideal-word-count/,0,0,0.00,0.08,161,"0, 0, 0, 0, 0, 0, 0, 0, 67, 81, 0, 12",2026-07-05,"Sitelinks, Reviews, Video, Video Carousel, Related searches, AI overview",informational,Organic
2fa wordpress,4,4,40,47,2.82,https://docs.wpvip.com/security-controls/wordpress/enforce-2fa/,0,0,0.00,0.11,123,"42, 9, 19, 19, 52, 0, 66, 0, 0, 0, 19, 23",2026-07-07,"Reviews, Video, Video Carousel, People also ask, Related searches",informational,Organic
wpengine cron,14,14,50,16,0.00,https://docs.wpvip.com/wordpress-on-vip/cron-control/,0,0,0.00,0.01,103,"7, 7, 7, 26, 19, 19, 34, 34, 26, 26, 26, 19",2026-06-12,"Reviews, Video, Ads bottom, Video Carousel, Related searches",informational,Organic
brand voice list,5,5,30,26,5.50,https://wpvip.com/resource/how-to-find-your-brand-voice/,0,0,0.00,0.19,137,"11, 11, 23, 23, 23, 23, 29, 23, 17, 11, 11, 23",2026-07-20,"Sitelinks, Reviews, Video, Video Carousel, People also ask, Related searches, AI overview",informational,People also ask
american eagle developers,10,10,70,38,0.00,https://wpvip.com/partner/americaneagle-com/,0,0,0.00,0.07,108,"17, 11, 41, 52, 52, 52, 41, 41, 52, 29, 52, 41",2026-06-27,"Sitelinks, Reviews, Video, People also ask, Related searches",navigational,Organic
wordpress 6.8.3 vulnerabilities,30,30,50,18,0.00,https://customerhub.wpvip.com/lobby/2025/09/30/wordpress-6-8-3-security-release/,0,0,0.00,0.02,2760,"0, 0, 0, 0, 14, 100, 52, 33, 23, 23, 19, 0",2026-07-09,"Video, People also ask, Related searches, Discussions and forums, AI overview",informational,Organic
jetpack search,7,7,40,28,6.25,https://docs.wpvip.com/wordpress-on-vip/search-options/jetpack-search/,0,0,0.00,0.16,144,"14, 23, 14, 19, 19, 23, 23, 19, 19, 19, 19, 19",2026-05-29,"Video, People also ask, Related searches",navigational,Organic
wordpress recommended php version 2026,26,26,110,11,0.00,https://customerhub.wpvip.com/lobby/2026/01/21/planning-your-2026-php-8-3-update/,0,0,0.00,0,172,"17, 64, 100",2026-06-21,"Sitelinks, Reviews, Video, Video Carousel, People also ask, Related searches, Discussions and forums, AI overview",informational,Organic
wordpress recommended php version 2026,63,63,110,11,0.00,https://customerhub.wpvip.com/platform-release-schedule/,0,0,0.00,0,172,"17, 64, 100",2026-06-21,"Sitelinks, Reviews, Video, Video Carousel, People also ask, Related searches, Discussions and forums, AI overview",informational,Organic
tagging web,22,22,50,48,3.31,https://wpvip.com/blog/5-tagging-best-practices-content-strategy/,0,0,0.00,0.03,130,"0, 0, 0, 0, 0, 0, 0, 0, 0, 0, 100, 0",2026-07-05,"Sitelinks, Reviews, Video, Video Carousel, People also ask, Related searches, AI overview",informational,Organic
viplogs,14,14,170,18,0.00,https://docs.wpvip.com/vip-cli/commands/slowlogs/,0,0,0.00,0.33,137,"0, 100, 23, 100, 43, 23, 43, 35, 28, 28, 28, 43",2026-07-11,"Sitelinks, Video, Related searches, AI overview",navigational,Organic
multisite,41,41,260,37,19.28,https://docs.wpvip.com/wordpress-on-vip/multisites/,0,0,0.00,0.04,131,"36, 23, 44, 44, 36, 44, 36, 36, 54, 36, 36, 44",2026-07-01,"Image pack, Reviews, Video, People also ask, Related searches, AI overview",informational,Organic
multisite,69,69,260,37,19.28,https://wpvip.com/glossary/wordpress-multisite/,0,0,0.00,0.04,131,"36, 23, 44, 44, 36, 44, 36, 36, 54, 36, 36, 44",2026-07-01,"Image pack, Reviews, Video, People also ask, Related searches, AI overview",informational,Organic
workflow plugin wordpress,16,16,30,23,5.99,https://wpvip.com/blog/wordpress-workflow-automation/,0,0,0.00,0.21,116,"18, 36, 63, 36, 45, 45, 18, 18, 18, 18, 18, 18",2026-06-26,"Sitelinks, Reviews, Video, Ads bottom, Video Carousel, Related searches, Discussions and forums, AI overview",informational,Organic
workflow plugin wordpress,17,17,30,23,5.99,https://wpvip.com/blog/wordpress-workflow-automation/,0,0,0.00,0.21,116,"18, 36, 63, 36, 45, 45, 18, 18, 18, 18, 18, 18",2026-06-26,"Sitelinks, Reviews, Video, Ads bottom, Video Carousel, Related searches, Discussions and forums, AI overview",informational,Organic
headless wordpress development,18,18,110,11,0.00,https://wpvip.com/headless-wordpress/,0,0,0.00,0.04,126,"42, 34, 19, 100, 80, 42, 11, 15, 26, 34, 53, 65",2026-06-13,"Sitelinks, Video, Ads top, Video Carousel, People also ask, Related searches, Discussions and forums, AI overview",informational,Organic
pim benefits,36,36,40,16,0.00,https://wpvip.com/blog/pim-benefits-and-use-cases/,0,0,0.00,0.01,140,"71, 42, 57, 100, 71, 42, 42, 28, 57, 57, 42, 42",2026-06-03,"Sitelinks, Video, Video Carousel, People also ask, Related searches, Discussions and forums, AI overview",informational,Organic
dns ttl value,16,16,50,30,0.00,https://docs.wpvip.com/domains/check-dns-record-time-to-live/,0,0,0.00,0.07,113,"18, 18, 63, 45, 45, 63, 81, 18, 18, 36, 36, 45",2026-07-05,"Sitelinks, Video, People also ask, Related searches, AI overview","commercial, informational",Organic
enterprise web platforms,24,24,50,21,0.00,https://wpvip.com/blog/10-best-enterprise-content-management-systems/,0,0,0.00,0.07,103,"0, 0, 45, 63, 36, 81, 100, 63, 45, 27, 27, 45",2026-06-27,"Sitelinks, Reviews, Video, Ads bottom, People also ask, Related searches, Discussions and forums, AI overview",commercial,Organic
wordpress vs wpengine,22,22,90,34,0.00,https://wpvip.com/resource/wp-engine-vs-wordpress-vip/,0,0,0.00,0.06,127,"4, 4, 5, 12, 12, 15, 19, 19, 9, 12, 6, 9",2026-05-31,"Sitelinks, Video, Video Carousel, People also ask, Related searches, Short videos, Discussions and forums, AI overview","commercial, informational",Organic
real time editing,9,9,110,24,6.09,https://customerhub.wpvip.com/lobby/2026/01/07/collaborative-editing-is-here-real-time-collaboration-and-notes/,0,0,0.00,0.02,117,"66, 42, 33, 23, 19, 66, 14, 33, 66, 66, 66, 100",2026-06-14,"Reviews, Video, Video Carousel, People also ask, Related searches, Discussions and forums, Ads middle, AI overview",informational,Organic
gutenberg blocks wordpress,3,3,30,46,1.60,https://wpvip.com/wordpress-gutenberg/,0,0,0.00,0.24,124,"27, 18, 36, 18, 18, 18, 18, 18, 18, 18, 81, 18",2026-06-11,"Sitelinks, Reviews, Video, Ads bottom, Video Carousel, People also ask, Related searches, AI overview",informational,Organic
how to search only .gov websites,42,42,320,10,0.00,https://wpvip.com/blog/search-architecture-government-website/,0,0,0.00,0.33,25900000,"100, 0, 0, 0, 0, 0, 0, 0, 0, 0, 0, 0",2026-06-10,"Video, People also ask, Related searches, AI overview",informational,Organic
invite members,52,52,90,29,10.25,https://docs.wpvip.com/manage-user-access/vip-dashboard/invite-new-users/,0,0,0.00,0.06,126,"8, 10, 10, 10, 3, 3, 3, 3, 20, 0, 0, 3",2026-06-24,"Video, Video Carousel, People also ask, Related searches","informational, transactional",Organic
dxp solution,18,18,90,27,12.71,https://wpvip.com/glossary/digital-experience-platform/,0,0,0.00,0.15,106,"14, 19, 42, 100, 100, 42, 23, 19, 23, 14, 33, 19",2026-06-17,"Sitelinks, Reviews, Video, Ads bottom, People also ask, Related searches, AI overview",informational,Organic
website analytics platform,1,1,30,37,21.35,https://wpvip.com/blog/web-analytics-software-tools/,0,0,0.00,0.08,132,"27, 36, 45, 18, 36, 100, 0, 18, 9, 18, 9, 9",2026-06-30,"Sitelinks, Video, Ads bottom, Video Carousel, Related searches, AI overview",informational,AI overview
website analytics platform,17,17,30,37,21.35,https://wpvip.com/blog/web-analytics-software-tools/,0,0,0.00,0.08,132,"27, 36, 45, 18, 36, 100, 0, 18, 9, 18, 9, 9",2026-06-30,"Sitelinks, Video, Ads bottom, Video Carousel, Related searches, AI overview",informational,Organic
how to get to wordpress admin,23,23,140,23,0.67,https://docs.wpvip.com/manage-user-access/wordpress/,0,0,0.00,0.1,174,"80, 65, 53, 42, 42, 34, 53, 34, 42, 42, 42, 53",2026-05-30,"Video, Video Carousel, People also ask, Related searches, AI overview",informational,Organic
advantages of an open source software,14,14,90,29,0.00,https://wpvip.com/blog/how-open-source-software-benefits-businesses/,0,0,0.00,0.33,147,"100, 63, 100, 45, 81, 100, 63, 63, 45, 63, 63, 100",2026-06-16,"Sitelinks, Reviews, Video, Video Carousel, People also ask, Related searches, AI overview",informational,Organic
omnichannel experience architecture diagram visualization,1,1,50,11,0.00,https://wpvip.com/blog/omnichannel-content-management/,0,0,0.00,0,888000,"4, 100, 0, 0",2026-07-03,"Sitelinks, Reviews, Video, Related searches, AI overview",informational,AI overview
wp engine php 8,42,42,50,18,0.00,https://wpvip.com/blog/how-to-prepare-your-wordpress-site-for-php-8/,0,0,0.00,0.33,112,"22, 22, 77, 55, 55, 77, 100, 77, 77, 55, 55, 55",2026-07-09,"Sitelinks, Reviews, Video, Related searches, AI overview",informational,Organic
https //wordpress.com,24,24,390,98,3.05,https://wpvip.com/,0,0,0.00,0.41,515000000,"0, 0, 0, 0, 0, 0, 41, 100, 30, 0, 0, 41",2026-06-04,"Sitelinks, Video, Ads bottom, People also ask",navigational,Organic
xml-rpc,28,28,720,56,1.48,https://docs.wpvip.com/security-controls/wordpress/xml-rpc/,0,0,0.00,0.01,136,"54, 0, 100, 1, 1, 10, 2, 10, 0, 7, 8, 5",2026-07-14,"Reviews, Video, People also ask, Related searches, Short videos, Discussions and forums, AI overview",informational,Organic
evaluate the public relations company wordpress on wordpress engine,69,69,40,0,0.00,https://wpvip.com/partners/,0,0,0.00,0,6310000,"0, 33, 100, 77, 100, 77, 22, 33, 33, 11, 33",2026-06-30,"Reviews, Video, Video Carousel, People also ask, AI overview",informational,Organic
robot.txt wordpress,1,1,140,31,1.11,https://docs.wpvip.com/security-controls/robots-txt/,0,0,0.00,0.33,120,"3, 5, 3, 0, 0, 0, 1, 15, 54, 23, 81, 100",2026-06-13,"Sitelinks, Reviews, Video, Video Carousel, People also ask, Related searches, AI overview",informational,AI overview
http response header cache control,27,27,50,43,0.00,https://docs.wpvip.com/caching/page-cache/customize-behavior/cache-control-headers/,0,0,0.00,0.33,115,"82, 64, 82, 11, 100, 0, 11, 11, 0, 11, 11, 11",2026-06-17,"Sitelinks, Video, Video Carousel, People also ask, Related searches, Discussions and forums, AI overview",informational,Organic
wordpress accesibility,10,10,40,41,4.15,https://wpvip.com/blog/wordpress-accessibility/,0,0,0.00,0.44,104,"21, 14, 21, 21, 7, 0, 100, 78, 35, 0, 0, 0",2026-07-09,"Reviews, Video, Ads top, Video Carousel, People also ask, Related searches, Ads middle, AI overview",commercial,Organic
wordpress restrict file access,13,13,40,16,0.00,https://docs.wpvip.com/security-controls/access-controlled-files/,0,0,0.00,0,104,"7, 7, 100, 7, 7, 7, 7, 7, 7, 3, 7, 7",2026-06-26,"Sitelinks, Reviews, Video, Video Carousel, Related searches, Discussions and forums, AI overview",informational,Organic
what is current version of wordpress,17,17,110,31,7.44,https://docs.wpvip.com/wordpress-on-vip/wordpress-upgrades/,0,0,0.00,0.02,131,"65, 26, 34, 26, 26, 65, 42, 53, 42, 34, 34, 34",2026-07-14,"Sitelinks, Reviews, Video, Video Carousel, People also ask, Related searches, AI overview",informational,Organic
how to set content security policy,54,54,40,38,4.73,https://wpvip.com/blog/content-security-policy-guide/,0,0,0.00,0.22,187,"57, 57, 57, 71, 100, 28, 71, 28, 57, 28, 28, 28",2026-06-03,"Sitelinks, Video, Video Carousel, People also ask, Related searches, Discussions and forums, AI overview",informational,Organic
core web vitals definition,47,47,110,62,0.00,https://wpvip.com/glossary/core-web-vitals/,0,0,0.00,0.33,132,"28, 21, 100, 100, 28, 28, 9, 9, 6, 65, 28, 43",2026-07-08,"Sitelinks, Reviews, Video, Video Carousel, People also ask, Related searches, AI overview",informational,Organic
autoscaling wordpress,5,5,40,20,0.00,https://wpvip.com/auto-scaling/,0,0,0.00,0,111,"100, 14, 78, 14, 14, 7, 14, 14, 14, 14, 21, 35",2026-06-07,"Sitelinks, Video, Video Carousel, Discussions and forums, AI overview",informational,Organic
autoscaling wordpress,30,30,40,20,0.00,https://wpvip.com/blog/auto-scaling-with-wordpress/,0,0,0.00,0,111,"100, 14, 78, 14, 14, 7, 14, 14, 14, 14, 21, 35",2026-06-07,"Sitelinks, Video, Video Carousel, Discussions and forums, AI overview",informational,Organic
all-in-one enterprise content systems providers,14,14,40,14,0.00,https://wpvip.com/blog/10-best-enterprise-content-management-systems/,0,0,0.00,0,179,"100, 57, 0",2026-05-27,"Video, Video Carousel, People also ask, Related searches, AI overview","commercial, informational",Organic
wcag 3.0 current status january 2026,76,76,50,,0.00,https://wpvip.com/blog/ada-website-accessibility-deadline-2026/,0,0,0.00,0,146,"100, 5, 0",2026-06-11,"Sitelinks, Video, People also ask, Related searches, AI overview",informational,Organic
wcag 3.0 current status january 2026,81,81,50,,0.00,https://wpvip.com/blog/ada-website-accessibility-deadline-2026/,0,0,0.00,0,146,"100, 5, 0",2026-06-11,"Sitelinks, Video, People also ask, Related searches, AI overview",informational,Organic
does answer engine optimization replace seo,44,44,40,,0.00,https://wpvip.com/blog/aeo-vs-seo-answer-engine-optimization/,0,0,0.00,0,176,"100, 9, 0",2026-06-18,"Sitelinks, Reviews, Video, Ads bottom, Video Carousel, People also ask, Related searches, Discussions and forums, AI overview",informational,Organic
mindgrub technologies,19,19,140,19,1.02,https://wpvip.com/partner/mindgrub/,0,0,0.00,0.1,109,"5, 5, 5, 7, 4, 4, 5, 8, 3, 4, 2, 4",2026-06-18,"Knowledge panel, Reviews, Video, People also ask, Related searches",informational,Organic
wordpress vs wp engine,1,1,70,49,0.00,https://wpvip.com/resource/wp-engine-vs-wordpress-vip/,0,0,0.00,0.12,128,"9, 6, 5, 12, 15, 15, 6, 2, 5, 6, 6, 6",2026-06-22,"Sitelinks, Reviews, Video, People also ask, Related searches, Discussions and forums, AI overview","commercial, informational",AI overview
wordpress multisite plugins,14,14,30,22,2.62,https://wpvip.com/blog/wordpress-multisite/,0,0,0.00,0.04,102,"14, 0, 21, 21, 14, 21, 35, 0, 35, 35, 14, 14",2026-06-12,"Sitelinks, Reviews, Video, Video Carousel, People also ask, Related searches, Discussions and forums, AI overview",informational,Organic
aeo tools content optimization,42,42,210,35,0.00,https://wpvip.com/blog/answer-engine-optimization-strategies/,0,0,0.00,0,152,"3, 35, 35, 54, 100, 44, 28, 18, 23, 28",2026-06-28,"Sitelinks, Reviews, Video, Video Carousel, Related searches, AI overview",informational,Organic
sso for wordpress,1,1,50,14,16.76,https://docs.wpvip.com/security-controls/wordpress/sso/,0,0,0.00,0.18,5900000,"9, 66, 9, 9, 9, 14, 100, 4, 9, 52, 4, 9",2026-06-27,"Sitelinks, Reviews, Video, Related searches, AI overview",informational,AI overview
wp database backup,6,6,50,31,0.77,https://docs.wpvip.com/databases/backups/,0,0,0.00,0.06,128,"77, 55, 77, 77, 100, 77, 44, 33, 22, 22, 22, 22",2026-07-22,"Sitelinks, Reviews, Video, Video Carousel, Related searches, AI overview",informational,Organic
wordpress 6.7 release candidate november 2025,14,14,320,16,0.00,https://wpvip.com/blog/wordpress-6-7/,0,0,0.00,0,106,"100, 0, 0, 0, 1, 0",2026-07-11,"Sitelinks, Reviews, Video, People also ask, Related searches, AI overview",informational,Organic
wordpress 6.7 release candidate november 2025,40,40,320,16,0.00,https://customerhub.wpvip.com/platform-release-schedule/,0,0,0.00,0,106,"100, 0, 0, 0, 1, 0",2026-07-11,"Sitelinks, Reviews, Video, People also ask, Related searches, AI overview",informational,Organic
aeo in terms of seo,13,13,90,49,0.00,https://wpvip.com/blog/aeo-vs-seo-answer-engine-optimization/,0,0,0.00,0,187,"14, 14, 9, 80, 100",2026-06-24,"Sitelinks, Video, Video Carousel, People also ask, Related searches, AI overview",informational,Organic
aeo in terms of seo,19,19,90,49,0.00,https://wpvip.com/blog/aeo-vs-seo-answer-engine-optimization/,0,0,0.00,0,187,"14, 14, 9, 80, 100",2026-06-24,"Sitelinks, Video, Video Carousel, People also ask, Related searches, AI overview",informational,Organic
wordpress salesforce,14,14,70,29,17.92,https://wpvip.com/wordpress-vip-for-salesforce/,0,0,0.00,0.03,106,"19, 26, 19, 53, 42, 53, 26, 26, 3, 7, 3, 15",2026-06-14,"Reviews, Video, Video Carousel, People also ask, Related searches, AI overview",informational,Organic
wordpress scaling,26,26,70,26,0.00,https://wpvip.com/blog/wordpress-scalability/,0,0,0.00,0.06,109,"28, 14, 50, 78, 64, 35, 28, 50, 64, 100, 100, 64",2026-07-11,"Sitelinks, Reviews, Video, Video Carousel, Related searches, AI overview",informational,Organic
wordpress updates december 2025,14,14,70,25,0.00,https://customerhub.wpvip.com/platform-release-schedule/,0,0,0.00,0,108,"100, 14, 9, 14, 14",2026-07-11,"Reviews, Video, Video Carousel, People also ask, Related searches, AI overview",informational,Organic
why wp,45,45,110,36,3.14,https://wpvip.com/,0,0,0.00,0.06,127,"42, 52, 52, 52, 100, 52, 42, 52, 33, 33, 52, 42",2026-07-17,"Sitelinks, Video, Video Carousel, People also ask, Related searches, Discussions and forums, AI overview",informational,Organic
how to optimize for aeo,13,13,110,20,6.01,https://wpvip.com/blog/answer-engine-optimization-strategies/,0,0,0.00,0.31,181,"4, 4, 10, 10, 8, 6, 4, 66, 35, 4, 22, 100",2026-06-20,"Sitelinks, Reviews, Video, Ads bottom, Video Carousel, Related searches, Discussions and forums, AI overview",informational,Organic
best answer engine optimization solutions for enterprise software companies,41,41,50,17,0.00,https://wpvip.com/blog/answer-engine-optimization-strategies/,0,0,0.00,0,167,"27, 18, 45, 100, 100, 81, 27, 45, 0",2026-06-02,"Sitelinks, Video, People also ask, Related searches, AI overview",commercial,Organic
wordpress enterprise cms,1,1,70,14,0.00,https://wpvip.com/blog/enterprise-cms/,0,0,0.00,0.33,126,"44, 55, 44, 100, 100, 44, 22, 77, 100, 100, 77, 55",2026-06-15,"Sitelinks, Reviews, Video, Ads bottom, Video Carousel, People also ask, Related searches, AI overview",informational,AI overview
wordpress enterprise cms,1,1,70,14,0.00,https://wpvip.com/blog/10-best-enterprise-content-management-systems/,0,0,0.00,0.33,126,"44, 55, 44, 100, 100, 44, 22, 77, 100, 100, 77, 55",2026-06-15,"Sitelinks, Reviews, Video, Ads bottom, Video Carousel, People also ask, Related searches, AI overview",informational,AI overview
wpscam,34,34,50,48,0.00,https://wpvip.com/blog/new-wpscan-security-features-what-it-means-for-wordpress-vip-customers/,0,0,0.00,0,104,"0, 0, 43, 100, 0, 0, 0, 0, 0, 2, 2, 0",2026-07-10,"Sitelinks, Reviews, Video, People also ask, Related searches",navigational,Organic
npm install dependency,15,15,90,40,0.00,https://docs.wpvip.com/node-js/manage-dependencies/,0,0,0.00,0.33,104,"29, 22, 14, 14, 22, 14, 18, 18, 14, 14, 10, 14",2026-06-21,"Sitelinks, Video, People also ask, Related searches, AI overview",informational,Organic
wordpress for large scale sites,22,22,40,,0.00,https://wpvip.com/blog/wordpress-scalability/,0,0,0.00,0.36,121,"4, 4, 14, 14, 6, 4, 0, 4, 8, 10, 10, 18",2026-07-20,"Sitelinks, Video, People also ask, Related searches, AI overview",informational,Organic
open source advantages,27,13,70,25,0.00,https://wpvip.com/blog/how-open-source-software-benefits-businesses/,0,0,0.00,0.33,123,"15, 21, 15, 21, 21, 12, 28, 15, 21, 21, 21, 21",2026-07-23,"Sitelinks, Reviews, Video, People also ask, Related searches, AI overview",informational,Organic
woocommerce enterprise,12,12,90,30,0.00,https://wpvip.com/enterprise-commerce/,0,0,0.00,0.2,103,"19, 14, 42, 52, 52, 9, 52, 66, 100, 33, 42, 42",2026-06-26,"Reviews, Video, Ads top, People also ask, Related searches, Ads middle",transactional,Organic
sohpi,36,36,50,22,0.00,https://wpvip.com/partner/sophi/,0,0,0.00,0.04,16000,"0, 0, 0, 0, 0, 0, 100, 0, 18, 0, 0, 0",2026-06-29,"Image pack, Reviews, Video",informational,Organic
wordpress plugin integration,6,6,40,31,0.00,https://wpvip.com/wordpress-ecosystem/,0,0,0.00,0.33,105,"28, 28, 71, 71, 57, 100, 100, 57, 71, 57, 28, 28",2026-07-09,"Reviews, Video, Video Carousel, People also ask, Related searches, Discussions and forums, AI overview",informational,Organic
leading pim solutions for managing product data,52,52,90,31,0.00,https://wpvip.com/blog/pim-benefits-and-use-cases/,0,0,0.00,0,195,"0, 3, 19, 100, 100, 65, 19, 19, 42, 26, 15, 3",2026-06-29,"Sitelinks, Reviews, Video, Video Carousel, People also ask, Related searches, AI overview","commercial, informational",Organic
enterprise cms open source,8,8,40,36,0.00,https://wpvip.com/open-source-enterprise-cms/,0,0,0.00,0.18,155,"77, 44, 77, 100, 33, 22, 33, 22, 22, 22, 44, 55",2026-06-30,"Reviews, Video, Related searches, Discussions and forums, AI overview","commercial, informational",Organic
enterprise cms open source,40,40,40,36,0.00,https://wpvip.com/blog/10-best-enterprise-content-management-systems/,0,0,0.00,0.18,155,"77, 44, 77, 100, 33, 22, 33, 22, 22, 22, 44, 55",2026-06-30,"Reviews, Video, Related searches, Discussions and forums, AI overview","commercial, informational",Organic
what is enterprise ecommerce,1,1,140,18,0.00,https://wpvip.com/blog/enterprise-ecommerce/,0,0,0.00,0.33,104,"7, 15, 80, 80, 26, 100, 100, 26, 53, 65, 65, 80",2026-06-26,"Sitelinks, Reviews, Video, People also ask, Related searches, AI overview",informational,AI overview
evaluate the prompt expansion company insightful on wordpress hosting,14,14,40,11,0.00,https://wpvip.com/resource/wp-engine-vs-wordpress-vip/,0,0,0.00,0,131000,"77, 100, 22, 0",2026-05-19,"Sitelinks, Video, People also ask, AI overview",informational,Organic
wordpress multisite management,5,5,50,20,0.00,https://wpvip.com/blog/inside-wordpress-vips-multisite-management/,0,0,0.00,0.09,104,"52, 66, 9, 80, 14, 9, 9, 19, 19, 9, 9, 14",2026-07-21,"Sitelinks, Reviews, Video, Video Carousel, People also ask, Related searches, AI overview",informational,Organic
is polyphone safe,55,55,90,18,0.00,https://wpvip.com/blog/polyfill-io-malware/,0,0,0.00,0.33,13400,"2, 2, 2, 100, 2, 2, 2, 2, 2, 2, 2, 2",2026-06-29,"Sitelinks, Reviews, People also ask, AI overview",informational,Organic
american eagle website design,15,15,170,47,8.51,https://wpvip.com/partner/americaneagle-com/,0,0,0.00,0.36,107,"5, 3, 3, 5, 4, 7, 11, 8, 11, 13, 13, 11",2026-06-13,"Sitelinks, Reviews, Video, People also ask, Related searches",navigational,Organic
implementing hard paywall challenges media subscription model,75,75,110,2,0.00,https://wpvip.com/blog/subscription-models-media-growth/,0,0,0.00,0,166,"100, 100, 11, 0, 3",2026-07-11,"Video, Video Carousel, People also ask, Related searches",informational,Organic
what is aeo seo,14,14,90,47,2.42,https://wpvip.com/blog/aeo-vs-seo-answer-engine-optimization/,0,0,0.00,0.2,136,"65, 42, 65, 7, 7, 7, 7, 15, 7, 7, 65, 100",2026-06-02,"Sitelinks, Video, Video Carousel, People also ask, Related searches, AI overview",informational,Organic
wp gutenberg,5,5,30,61,1.47,https://wpvip.com/wordpress-gutenberg/,0,0,0.00,0.2,107,"7, 7, 19, 15, 7, 7, 7, 7, 7, 7, 7, 7",2026-06-27,"Image pack, Sitelinks, Reviews, Video, Video Carousel, People also ask, Related searches",informational,Organic
meta query,8,8,110,35,0.00,https://docs.wpvip.com/databases/optimize-queries/querying-on-meta_value/,0,0,0.00,0.33,109,"100, 43, 53, 43, 28, 21, 28, 28, 43, 28, 21, 21",2026-07-07,"Sitelinks, Video, People also ask, Related searches, AI overview",informational,Organic
blog word count,3,3,70,68,0.00,https://wpvip.com/blog/ideal-word-count/,0,0,0.00,0.07,123,"29, 29, 52, 100, 52, 23, 29, 17, 41, 29, 29, 23",2026-06-29,"Sitelinks, Reviews, Video, Video Carousel, People also ask, Related searches, AI overview",informational,Organic
free site analytics tools,24,24,30,41,9.99,https://wpvip.com/blog/web-analytics-software-tools/,0,0,0.00,0.07,131,"40, 40, 100, 40, 40, 60, 100, 60, 60, 40, 40, 60",2026-06-24,"Sitelinks, Video, Related searches, Discussions and forums, AI overview",informational,Organic
withvip,32,32,70,13,0.00,https://docs.wpvip.com/vip-file-system/import-media-files/with-vip-cli/,0,0,0.00,0.33,5760000,"0, 0, 0, 0, 64, 11, 11, 64, 82, 64, 64, 100",2026-06-24,"Sitelinks, Reviews, Video, People also ask",informational,Organic
withvip,64,64,70,13,0.00,https://docs.wpvip.com/vip-cli/wp-cli-with-vip-cli/,0,0,0.00,0.33,5760000,"0, 0, 0, 0, 64, 11, 11, 64, 82, 64, 64, 100",2026-06-24,"Sitelinks, Reviews, Video, People also ask",informational,Organic
withvip,71,71,70,13,0.00,https://docs.wpvip.com/vip-cli/wp-cli-with-vip-cli/,0,0,0.00,0.33,5760000,"0, 0, 0, 0, 64, 11, 11, 64, 82, 64, 64, 100",2026-06-24,"Sitelinks, Reviews, Video, People also ask",informational,Organic
withvip,85,85,70,13,0.00,https://docs.wpvip.com/vip-cli/target-environments/,0,0,0.00,0.33,5760000,"0, 0, 0, 0, 64, 11, 11, 64, 82, 64, 64, 100",2026-06-24,"Sitelinks, Reviews, Video, People also ask",informational,Organic
personalization wordpress,17,17,70,21,0.00,https://wpvip.com/blog/dynamic-content-personalization/,0,0,0.00,0.02,114,"36, 45, 36, 63, 63, 100, 63, 63, 63, 45, 45, 45",2026-06-04,"Video, Video Carousel, People also ask, Related searches, Discussions and forums",informational,Organic
personalization wordpress,20,20,70,21,0.00,https://wpvip.com/blog/dynamic-content-personalization/,0,0,0.00,0.02,114,"36, 45, 36, 63, 63, 100, 63, 63, 63, 45, 45, 45",2026-06-04,"Video, Video Carousel, People also ask, Related searches, Discussions and forums",informational,Organic
fast headless wordpress hosting,6,6,40,22,0.00,https://wpvip.com/headless-wordpress/,0,0,0.00,0,149,"44, 22, 100, 100, 44, 0, 0, 11, 44, 55, 33, 22",2026-06-30,"Sitelinks, Video, Video Carousel, Related searches, Discussions and forums, AI overview",informational,Organic
wp cli commands,27,27,90,24,2.84,https://docs.wpvip.com/vip-cli/wp-cli-with-vip-cli/wp-cli-commands-on-vip/,0,0,0.00,0.05,100,"26, 26, 26, 26, 26, 26, 42, 26, 19, 26, 100, 26",2026-06-10,"Sitelinks, Video, People also ask, Related searches, Discussions and forums, AI overview",informational,Organic
wordpress 7 release date,26,26,70,15,0.00,https://customerhub.wpvip.com/lobby/2026/04/06/wordpress-7-0-release-postponed/,0,0,0.00,0.01,97,"4, 4, 4, 4, 4, 4, 4, 4, 4, 10, 35, 100",2026-07-20,"Sitelinks, Video, People also ask, Related searches, AI overview",informational,Organic
aeo prompt,39,39,390,20,0.00,https://wpvip.com/blog/answer-engine-optimization-strategies/,0,0,0.00,0,134,"100, 0, 0, 0, 0",2026-06-29,"Reviews, Video, AI overview",informational,Organic
best content management systems 2026 comparison,23,23,50,15,0.00,https://wpvip.com/blog/10-best-enterprise-content-management-systems/,0,0,0.00,0,115,"0, 100, 77, 22",2026-07-08,"Sitelinks, Reviews, Video, Video Carousel, Related searches, AI overview",commercial,Organic
in the vip com,6,6,40,30,0.00,https://docs.wpvip.com/vip-local-development-environment/requirements/,0,0,0.00,0.33,276,"0, 17, 0, 0, 41, 0, 41, 52, 52, 41, 29, 11",2026-06-25,"Reviews, Video, People also ask",informational,Organic
in the vip com,26,26,40,30,0.00,https://dashboard.wpvip.com/,0,0,0.00,0.33,276,"0, 17, 0, 0, 41, 0, 41, 52, 52, 41, 29, 11",2026-06-25,"Reviews, Video, People also ask",informational,Organic
in the vip com,58,58,40,30,0.00,https://dashboard.wpvip.com/,0,0,0.00,0.33,276,"0, 17, 0, 0, 41, 0, 41, 52, 52, 41, 29, 11",2026-06-25,"Reviews, Video, People also ask",informational,Organic
enterprise wordpress,24,24,390,22,27.43,https://wpvip.com/wp-content/uploads/2021/01/10-case-studies-enterprise-wordpress.pdf,0,0,0.00,0.28,107,"35, 35, 66, 66, 66, 44, 100, 81, 100, 44, 81, 54",2026-07-22,"Sitelinks, Reviews, Video, People also ask, Related searches, AI overview",informational,Organic
enterprise wordpress,53,53,390,22,27.43,https://wpvip.com/capabilities/performance/,0,0,0.00,0.28,107,"35, 35, 66, 66, 66, 44, 100, 81, 100, 44, 81, 54",2026-07-22,"Sitelinks, Reviews, Video, People also ask, Related searches, AI overview",informational,Organic
enterprise wordpress,81,81,390,22,27.43,https://wpvip.com/case-studies/10-examples-of-enterprise-wordpress/,0,0,0.00,0.28,107,"35, 35, 66, 66, 66, 44, 100, 81, 100, 44, 81, 54",2026-07-22,"Sitelinks, Reviews, Video, People also ask, Related searches, AI overview",informational,Organic
enterprise wordpress,87,87,390,22,27.43,https://learn.wpvip.com/course/enterprise-performance/,0,0,0.00,0.28,107,"35, 35, 66, 66, 66, 44, 100, 81, 100, 44, 81, 54",2026-07-22,"Sitelinks, Reviews, Video, People also ask, Related searches, AI overview",informational,Organic
what is content marketing funnel,23,23,70,34,0.00,https://wpvip.com/resource/content-marketing-funnel-guide/,0,0,0.00,0.04,158,"9, 9, 9, 14, 9, 9, 14, 14, 42, 66, 100, 66",2026-07-11,"Reviews, Video, Video Carousel, People also ask, Related searches, AI overview",informational,Organic
benefits of using open source software,20,20,50,34,0.00,https://wpvip.com/blog/how-open-source-software-benefits-businesses/,0,0,0.00,0.33,152,"18, 18, 36, 45, 100, 36, 36, 45, 63, 45, 63, 45",2026-06-30,"Sitelinks, Reviews, Video Carousel, People also ask, Related searches, Short videos, AI overview",informational,Organic
