Anchor,Domains,Backlinks,First seen,Last seen
hosted by pressable.,234,2117839,2020-08-07,2026-07-23
pressable,1216,164416,2017-07-16,2026-07-23
hosted by pressable,52,41252,2020-06-11,2026-07-23
<EmptyAnchor>,161,3745,2022-11-12,2026-07-23
pressable.com,525,3279,2018-02-20,2026-07-23
pressable.,5,3065,2023-11-29,2026-07-23
"telegram @seo_anomaly - seo backlinks, pbn, traffic boost, link indexing",40,1675,2026-04-07,2026-07-23
"telegram @seo_anomaly - seo backlinks, black-links, traffic boost, link indexing",100,1400,2025-12-03,2026-07-23
可按压,2,1387,2023-11-21,2026-07-15
has a nice landing page on malware cleaning and hack recovery,3,1168,2025-03-11,2026-07-23
visit website,55,1089,2022-06-14,2026-07-23
backlinks for pressable.com,596,995,2025-10-28,2026-07-05
hosted on pressable.,3,870,2022-11-19,2026-07-23
and hosted by pressable,2,838,2020-07-19,2026-07-23
zippykid.com,111,832,2022-09-30,2026-07-23
https://pressable.com/wpminute,12,778,2025-07-09,2026-07-23
zippykid,189,719,2021-05-05,2026-07-23
pressable.com (opens in a new window),1,521,2026-06-25,2026-07-23
"pressable san antonio, texas, united states visit career page",1,447,2024-01-04,2026-07-23
partners,1,419,2025-07-15,2026-07-16
https://wpdatacenter.com/,4,329,2026-02-14,2026-07-22
deployed on our system,16,298,2023-01-12,2026-07-23
send your site live,16,298,2023-01-12,2026-07-23
clicking here,10,290,2023-03-29,2026-07-23
kb,56,231,2023-05-27,2026-07-22
wpdatacenter.com,102,201,2024-07-28,2026-07-22
pressable cache management,2,191,2024-04-24,2026-07-23
wordpressengine.com,95,191,2025-01-30,2026-07-23
possible with the pressable ap,1,185,2024-01-15,2026-07-23
tg @bhs_links - best seo links - https://t.me/bhs_links,59,177,2026-06-22,2026-07-14
help,40,168,2023-08-17,2026-07-23
my,33,161,2023-11-28,2026-07-23
divi,29,154,2023-09-16,2026-07-23
tg @bhs_links - best seo links - https://telegram.me/bhs_links,57,154,2026-07-14,2026-07-23
http://pressable.com/,9,149,2023-06-09,2026-07-23
https://pressable.com/,48,139,2022-06-21,2026-07-23
visit →,4,139,2026-06-24,2026-07-23
https://pressable.com/legal/privacy-policy,130,136,2024-06-28,2026-07-22
perks & benefits of joining pressable!,38,126,2025-07-10,2026-07-23
here,34,119,2022-10-08,2026-07-23
pressable blog,3,119,2022-12-21,2026-07-23
visit pressable,36,109,2023-02-04,2026-07-22
premium site plan [linux],1,108,2025-07-06,2026-07-23
signature 1 [linux],1,108,2025-07-06,2026-07-23
signature 2 [linux],1,108,2025-07-06,2026-07-23
signature 3 [linux],1,108,2025-07-06,2026-07-23
signature 4 [linux],1,108,2025-07-06,2026-07-23
signature 5 [linux],1,108,2025-07-06,2026-07-23
signature 6 [linux],1,108,2025-07-06,2026-07-23
signature 7 [linux],1,108,2025-07-06,2026-07-23
signature 8 [linux],1,108,2025-07-06,2026-07-23
somewhere,1,102,2025-10-02,2026-07-22
https://pressable.com,60,101,2023-07-03,2026-07-22
"partner=pressable, size=s, pro=off, dark mode=on, solid bg=on",1,96,2026-03-15,2026-07-14
hosted på pressable.,2,80,2022-11-19,2026-07-22
https://my.pressable.com,6,77,2023-05-28,2026-07-21
partners partners,1,77,2025-07-10,2026-05-20
vid luther,28,75,2021-04-19,2026-07-23
status,51,73,2023-09-20,2026-07-23
managed wordpress hosting,19,65,2022-10-08,2026-07-23
automattic for agencies,39,64,2026-01-09,2026-07-22
thumbnail,1,61,2026-04-10,2026-07-12
visit,17,57,2024-11-15,2026-07-23
truly incredible wordpress hosting by pressable,11,54,2024-12-24,2026-07-22
http://pressable.com,16,53,2023-09-14,2026-07-23
128287. zippykid.com,18,52,2023-06-12,2026-07-23
pressablewp.com,40,50,2025-08-04,2026-06-19
pressable hosting official certified partner,1,49,2026-04-01,2026-07-16
wordpress hosting plans from pressable,3,46,2023-08-17,2026-07-23
perks & benefits of joining pressable,39,45,2026-04-22,2026-07-21
website,20,44,2021-12-17,2026-07-23
.com,1,43,2026-04-16,2026-05-04
https://pressable.com/?utm_source=automattic&utm_…,1,43,2025-05-03,2026-04-05
mentioned site,1,43,2025-05-03,2026-04-05
my.pressable.com,15,41,2023-06-18,2026-07-22
word press - pressable,1,41,2023-11-15,2026-07-22
hospedado pelo pressable,1,40,2025-12-09,2026-07-23
dns record types explained – pressable – more than hosting,1,39,2021-05-14,2026-07-22
homepage,5,38,2022-09-07,2026-07-22
pricing,10,32,2023-03-23,2026-07-23
source,2,32,2026-04-21,2026-06-11
contact,11,31,2022-12-09,2026-07-23
we know a host,1,31,2025-09-30,2026-06-05
automattic's hosting company pressable offers to buy out your wp engine contract,2,30,2026-02-25,2026-07-22
pressable hosting,14,30,2023-09-12,2026-07-22
carousel image,1,28,2023-06-13,2026-07-22
terms of service,7,28,2024-02-07,2026-07-21
[read more],1,27,2024-07-22,2026-07-23
visit site,15,27,2024-12-12,2026-07-22
https://pressable.com/?utm_source=automattic&utm_medium=rpc&utm_campaign=concierge%20referral&utm_term=concierge,1,26,2023-07-11,2026-07-14
pressable api setup guide,5,26,2026-02-18,2026-07-22
more info here,1,24,2024-11-25,2026-07-18
my.pressable.com/documentation/api/v1,5,24,2026-02-18,2026-07-18
pressable - how to use wordpress as a headless cms,1,24,2026-02-27,2026-07-07
pressable git deploy guide,5,24,2026-02-18,2026-07-18
pressable ssh guide,5,24,2026-02-18,2026-07-18
pressable ssh key setup,5,24,2026-02-18,2026-07-18
pressable wp-cli guide,5,24,2026-02-18,2026-07-18
start now,1,24,2025-10-25,2026-04-06
http://zippykid.com/,4,23,2023-08-16,2026-07-23
https://pressable.com/wpcom/,4,23,2023-08-18,2026-07-20
jetpack security,7,23,2023-12-26,2026-07-17
join our telegram https://t.me/s/darksidelinks,17,23,2026-03-01,2026-07-08
offer details,4,23,2026-02-07,2026-07-14
how does a cdn work? - pressable (en),1,22,2026-03-20,2026-07-18
shop,12,22,2025-08-03,2026-07-22
visit pressable →,10,22,2026-03-11,2026-07-22
"$ 129,17 / mo.",1,21,2025-07-27,2026-07-18
"$ 20,83 / mo.",1,21,2025-07-09,2026-07-18
"$ 291,67 / mo.",1,21,2025-07-27,2026-07-18
"$ 350,00 / mo.",1,21,2025-07-27,2026-07-18
"$ 37,50 / mo.",1,21,2025-07-27,2026-07-18
"$ 454,17 / mo.",1,21,2025-07-27,2026-07-18
"$ 50,00 / mo.",1,21,2025-07-27,2026-07-18
"$ 562,50 / mo.",1,21,2025-07-27,2026-07-18
"$ 75,00 / mo.",1,21,2025-07-27,2026-07-18
https://pressable.com/blog/head-to-head-performance-comparis...,18,19,2025-04-05,2026-07-18
https://pressable.com/pricing/,7,19,2023-01-19,2026-07-23
knowledge base,11,19,2022-04-01,2026-07-23
see pressable plans,8,19,2023-12-06,2026-07-22
buy now,2,18,2025-10-28,2026-07-16
https://pressable.com/legal/privacy-policy/,4,18,2026-02-11,2026-07-23
legal,5,18,2024-06-25,2026-07-21
learn more,10,17,2023-09-28,2026-07-16
blog,7,16,2023-03-31,2026-07-22
https://pressable.com/why-and-how-to-switch-from-wix-to-wordpress/,1,16,2025-09-06,2026-07-08
pressable logo,7,16,2023-05-07,2026-07-23
"pressable,",3,16,2025-10-11,2026-07-22
"scaling woocommerce for large stores handling 100,000+ products",5,16,2025-04-03,2026-07-21
https://wordpressengine.com/,4,15,2026-01-30,2026-07-22
open pressable contact,5,15,2026-04-09,2026-07-08
the best possible option,2,15,2025-11-12,2026-07-23
view product,1,15,2026-07-12,2026-07-23
why pressable,5,15,2026-04-07,2026-07-22
click to see our data centres privacy policy,12,14,2025-11-09,2026-07-21
get pressable open_in_new,1,14,2026-03-11,2026-06-17
reach out to our support team,1,14,2023-05-31,2026-07-21
truly incredible wordpress hosting by pressable (en),1,14,2026-02-26,2026-07-07
woocommerce hosting,5,14,2023-09-09,2026-07-21
edge cache,2,13,2025-04-30,2026-07-21
pressable will credit back your current wp engine contract and match their pricing,10,13,2024-10-21,2026-07-22
about us,4,12,2024-11-30,2026-07-21
affiliate program,4,12,2025-04-10,2026-07-21
case studies,3,12,2025-09-21,2026-07-21
company,6,12,2026-03-17,2026-07-21
flush the cdn,1,12,2025-04-30,2026-07-21
notes,1,12,2025-04-30,2026-07-21
pressable: using composer for modern wordpress development,1,12,2026-02-28,2026-07-07
schedule a demo,4,12,2023-12-20,2026-07-21
visit original website,1,12,2026-07-15,2026-07-22
visit pressable.com,8,12,2024-01-31,2026-07-20
www.pressable.com,11,12,2023-06-25,2026-07-23
zippykid - the next generation of wordpress hosting,3,12,2024-02-15,2026-07-21
burley storage,4,11,2023-09-02,2026-07-23
careers,3,11,2025-04-10,2026-07-21
documented process,1,11,2024-11-14,2026-07-23
ebooks,3,11,2025-04-10,2026-07-21
helpful document,1,11,2024-11-14,2026-07-23
plugin,1,11,2024-11-14,2026-07-23
press kit,3,11,2024-12-09,2026-07-21
pressable website,10,11,2023-09-04,2026-07-21
pressable will buy out your current wp engine contract and match their pricing,8,11,2024-10-20,2026-07-22
scalable infrastructure,6,11,2025-07-20,2026-07-21
support policy,2,11,2026-03-17,2026-07-21
api documentation,2,10,2026-03-17,2026-07-21
api reference,1,10,2024-02-13,2026-07-01
automate,2,10,2026-03-17,2026-07-21
build,2,10,2026-03-17,2026-07-21
collaborate,2,10,2026-03-17,2026-07-21
cookies,2,10,2026-03-17,2026-07-21
developer portal,1,10,2024-02-13,2026-07-01
dns a record,1,10,2024-01-05,2026-04-24
dns a records (links to an external site.) links to an external site.,1,10,2024-01-10,2026-04-26
ecommerce hosting,2,10,2026-03-17,2026-07-21
get this plan,1,10,2025-03-10,2026-07-22
hire a wordpress agency,2,10,2026-03-17,2026-07-21
http://www.pressable.com,7,10,2024-03-12,2026-07-21
jetpack security daily,3,10,2022-04-01,2026-07-23
manage,2,10,2026-03-17,2026-07-21
managed wordpress hosting for woocommerce sites | pressable,1,10,2025-12-28,2026-05-16
pageviews,1,10,2023-08-17,2026-07-19
phrases of service,4,10,2026-02-08,2026-07-22
read more >,1,10,2023-07-08,2026-06-19
security,1,10,2023-09-10,2026-07-01
see more reviews,2,10,2023-12-29,2026-06-26
sitemap,2,10,2026-03-17,2026-07-21
skip to main content,2,10,2026-03-17,2026-07-21
sla,2,10,2026-03-17,2026-07-21
understanding shared vs. dedicated hosting,3,10,2025-04-23,2026-07-23
view api docs,1,10,2024-02-13,2026-07-01
web hosting,2,10,2026-03-17,2026-07-21
web tools,2,10,2026-03-17,2026-07-21
webinars,2,10,2026-03-17,2026-07-21
— pressable.com,1,10,2026-07-17,2026-07-17
24/7 expert support,1,9,2026-05-10,2026-06-26
automatic failover,1,9,2026-05-10,2026-06-26
a记录,4,9,2024-01-28,2026-07-17
changelog,1,9,2026-05-10,2026-06-26
check pressable +,1,9,2023-07-29,2026-04-02
compare plans,1,9,2026-05-10,2026-06-26
curious? here's what the buzz is about.,1,9,2025-07-17,2026-05-02
for agencies,1,9,2026-05-10,2026-06-26
for premium plans,1,9,2026-05-10,2026-06-26
free global cdn,1,9,2026-05-10,2026-06-26
get high-traffic hosting,1,9,2026-05-10,2026-06-26
handle any traffic demands,1,9,2026-05-10,2026-06-26
high quality dofollow backlinks da 50 pa 40 premium pbn network service pressable.com rank first page google fast seo link building buy backlinks online cheap,5,9,2026-06-29,2026-07-22
how i lost 30 pounds in 2010 – a weight loss guide for developers,1,9,2024-07-25,2026-07-22
how to test your wordpress cache,1,9,2025-02-26,2026-07-22
learn how to find out if your multisite will work on pressable,1,9,2026-05-10,2026-06-26
learn more about free migrations,1,9,2026-05-10,2026-06-26
learn why online support is better,1,9,2026-05-10,2026-06-26
log in,1,9,2026-05-10,2026-06-26
managed woocommerce hosting,1,9,2026-05-10,2026-06-26
personal,1,9,2024-11-01,2026-07-22
pressionável,4,9,2024-12-15,2026-07-15
privacy policy,4,9,2024-12-15,2026-07-21
read about hosting speed and reliability,1,9,2026-05-10,2026-06-26
start your plan,1,9,2026-05-10,2026-06-26
start your site,1,9,2026-05-10,2026-06-26
status.pressable.com,8,9,2024-03-22,2026-07-21
test wordpress beta versions,1,9,2023-09-13,2026-07-19
titan email,1,9,2026-05-10,2026-06-26
tk,1,9,2026-05-10,2026-06-26
understanding dns record types,4,9,2023-06-13,2026-07-22
web application firewall,1,9,2026-05-10,2026-06-26
what you need to know about multiple domain hosting,2,9,2025-05-24,2026-07-21
wordpress daily backups,1,9,2026-05-10,2026-06-26
wordpress hosting for agencies,1,9,2026-05-10,2026-06-26
данным,4,9,2024-02-13,2026-07-20
get hosting,6,8,2023-06-16,2026-07-17
get pressable,6,8,2023-09-06,2026-07-20
https://zippykid.com/,3,8,2026-03-01,2026-07-23
pressable privacy statement,8,8,2025-07-15,2026-07-20
promo to help users migrate to pressable from wp engine,1,8,2024-10-04,2026-07-23
se pressable-planer,2,8,2025-02-16,2026-07-17
things i learnt as a ceo in 2012,4,8,2024-06-26,2026-07-20
vezi planurile pressable,2,8,2025-04-28,2026-07-13
wp cloud as a service,1,8,2024-03-12,2026-07-23
zippy kid,6,8,2023-09-07,2026-07-23
zobacz plany pressable,2,8,2025-03-29,2026-06-13
δες τα σχέδια pressable,2,8,2025-03-23,2026-07-15
‘migrating from python to wordpress.’ check it out.,1,8,2024-06-25,2026-07-22
"$ 129,17 / ay.",1,7,2025-07-29,2026-07-18
"$ 129,17 / мес.",1,7,2025-08-18,2026-07-22
"$ 129,17 /bln.",1,7,2025-07-29,2026-07-23
"$ 129,17 /lună",1,7,2025-08-04,2026-07-19
"$ 129,17 /mes.",1,7,2025-08-07,2026-07-20
"$ 129,17 /mi.",1,7,2025-08-09,2026-07-21
"$ 129,17 /mo.",1,7,2025-08-04,2026-07-08
"$ 129,17 /mois",1,7,2025-08-04,2026-07-20
$ 129.17 /mo.,1,7,2025-07-22,2026-07-22
$ 129.17 /月,1,7,2025-07-09,2026-07-22
$ 129.17 /月。,1,7,2025-07-17,2026-07-02
"$ 20,83 / ay.",1,7,2025-07-16,2026-07-18
"$ 20,83 / мес.",1,7,2025-07-16,2026-07-22
"$ 20,83 /bln.",1,7,2025-07-17,2026-07-23
"$ 20,83 /lună",1,7,2025-07-17,2026-07-19
"$ 20,83 /mes.",1,7,2025-07-16,2026-07-20
"$ 20,83 /mi.",1,7,2025-07-18,2026-07-21
"$ 20,83 /mo.",1,7,2025-07-17,2026-07-08
"$ 20,83 /mois",1,7,2025-07-15,2026-07-20
$ 20.83 /mo.,1,7,2025-07-22,2026-07-22
$ 20.83 /月,1,7,2025-07-09,2026-07-22
$ 20.83 /月。,1,7,2025-07-09,2026-07-02
"$ 291,67 / ay.",1,7,2025-07-29,2026-07-18
"$ 291,67 / мес.",1,7,2025-08-18,2026-07-22
"$ 291,67 /bln.",1,7,2025-07-29,2026-07-23
"$ 291,67 /lună",1,7,2025-08-04,2026-07-19
"$ 291,67 /mes.",1,7,2025-08-07,2026-07-20
"$ 291,67 /mi.",1,7,2025-08-09,2026-07-21
"$ 291,67 /mo.",1,7,2025-08-04,2026-07-08
"$ 291,67 /mois",1,7,2025-08-04,2026-07-20
$ 291.67 /mo.,1,7,2025-07-22,2026-07-22
$ 291.67 /月,1,7,2025-07-09,2026-07-22
$ 291.67 /月。,1,7,2025-07-17,2026-07-02
"$ 350,00 / ay.",1,7,2025-07-29,2026-07-18
"$ 350,00 / мес.",1,7,2025-08-18,2026-07-22
"$ 350,00 /bln.",1,7,2025-07-29,2026-07-23
"$ 350,00 /lună",1,7,2025-08-04,2026-07-19
"$ 350,00 /mes.",1,7,2025-08-07,2026-07-20
"$ 350,00 /mi.",1,7,2025-08-09,2026-07-21
"$ 350,00 /mo.",1,7,2025-08-04,2026-07-08
"$ 350,00 /mois",1,7,2025-08-04,2026-07-20
$ 350.00 /mo.,1,7,2025-07-22,2026-07-22
$ 350.00 /月,1,7,2025-07-09,2026-07-22
$ 350.00 /月。,1,7,2025-07-17,2026-07-02
"$ 37,50 / ay.",1,7,2025-07-29,2026-07-18
"$ 37,50 / мес.",1,7,2025-08-18,2026-07-22
"$ 37,50 /bln.",1,7,2025-07-29,2026-07-23
"$ 37,50 /lună",1,7,2025-08-04,2026-07-19
"$ 37,50 /mes.",1,7,2025-08-07,2026-07-20
"$ 37,50 /mi.",1,7,2025-08-09,2026-07-21
"$ 37,50 /mo.",1,7,2025-08-04,2026-07-08
"$ 37,50 /mois",1,7,2025-08-04,2026-07-20
$ 37.50 /mo.,1,7,2025-07-22,2026-07-22
$ 37.50 /月,1,7,2025-07-09,2026-07-22
$ 37.50 /月。,1,7,2025-07-17,2026-07-02
"$ 454,17 / ay.",1,7,2025-07-29,2026-07-18
"$ 454,17 / мес.",1,7,2025-08-18,2026-07-22
"$ 454,17 /bln.",1,7,2025-07-29,2026-07-23
"$ 454,17 /lună",1,7,2025-08-04,2026-07-19
"$ 454,17 /mes.",1,7,2025-08-07,2026-07-20
"$ 454,17 /mi.",1,7,2025-08-09,2026-07-21
"$ 454,17 /mo.",1,7,2025-08-04,2026-07-08
"$ 454,17 /mois",1,7,2025-08-04,2026-07-20
$ 454.17 /mo.,1,7,2025-07-22,2026-07-22
$ 454.17 /月,1,7,2025-07-09,2026-07-22
$ 454.17 /月。,1,7,2025-07-17,2026-07-02
"$ 50,00 / ay.",1,7,2025-07-29,2026-07-18
"$ 50,00 / мес.",1,7,2025-08-18,2026-07-22
"$ 50,00 /bln.",1,7,2025-07-29,2026-07-23
"$ 50,00 /lună",1,7,2025-08-04,2026-07-19
"$ 50,00 /mes.",1,7,2025-08-07,2026-07-20
"$ 50,00 /mi.",1,7,2025-08-09,2026-07-21
"$ 50,00 /mo.",1,7,2025-08-04,2026-07-08
"$ 50,00 /mois",1,7,2025-08-04,2026-07-20
$ 50.00 /mo.,1,7,2025-07-22,2026-07-22
$ 50.00 /月,1,7,2025-07-09,2026-07-22
$ 50.00 /月。,1,7,2025-07-17,2026-07-02
"$ 562,50 / ay.",1,7,2025-07-29,2026-07-18
"$ 562,50 / мес.",1,7,2025-08-18,2026-07-22
"$ 562,50 /bln.",1,7,2025-07-29,2026-07-23
"$ 562,50 /lună",1,7,2025-08-04,2026-07-19
"$ 562,50 /mes.",1,7,2025-08-07,2026-07-20
"$ 562,50 /mi.",1,7,2025-08-09,2026-07-21
"$ 562,50 /mo.",1,7,2025-08-04,2026-07-08
"$ 562,50 /mois",1,7,2025-08-04,2026-07-20
$ 562.50 /mo.,1,7,2025-07-22,2026-07-22
$ 562.50 /月,1,7,2025-07-09,2026-07-22
$ 562.50 /月。,1,7,2025-07-17,2026-07-02
"$ 75,00 / ay.",1,7,2025-07-29,2026-07-18
"$ 75,00 / мес.",1,7,2025-08-18,2026-07-22
"$ 75,00 /bln.",1,7,2025-07-29,2026-07-23
"$ 75,00 /lună",1,7,2025-08-04,2026-07-19
"$ 75,00 /mes.",1,7,2025-08-07,2026-07-20
"$ 75,00 /mi.",1,7,2025-08-09,2026-07-21
"$ 75,00 /mo.",1,7,2025-08-04,2026-07-08
"$ 75,00 /mois",1,7,2025-08-04,2026-07-20
$ 75.00 /mo.,1,7,2025-07-22,2026-07-22
$ 75.00 /月,1,7,2025-07-09,2026-07-22
$ 75.00 /月。,1,7,2025-07-17,2026-07-02
[[1]],1,7,2025-04-11,2026-01-15
advertising a deal,6,7,2024-10-05,2026-07-10
contact support option contact support option pin,1,7,2026-04-06,2026-07-23
dns record types explained,3,7,2023-06-13,2026-07-23
documentation,3,7,2022-04-01,2026-07-22
features,5,7,2023-09-08,2026-07-21
how to get your wordpress site ready for retina display,3,7,2025-04-12,2026-07-16
https://pressable.com/knowledgebase/php-update-faq/,1,7,2024-05-31,2026-07-11
https://pressable.com/wpe-contract-buyout/,7,7,2024-09-29,2026-07-21
https://www.pressable.com,7,7,2024-08-01,2026-07-07
learn more here,1,7,2025-06-28,2026-07-16
managed wordpress hosting services by pressable,2,7,2026-04-28,2026-07-02
migrate to woocommerce and pressable,2,7,2025-07-21,2026-07-21
my.pressable.com/settings/security,1,7,2026-04-22,2026-07-21
pressable home,4,7,2024-11-15,2026-07-21
pressable partner,1,7,2026-04-19,2026-07-16
pressable.com truly incredible wordpress hosting by pressable,1,7,2025-08-14,2026-03-30
pressable.com ↗,4,7,2026-03-14,2026-07-23
speed up your wedding photography website in less than 5 minutes.,1,7,2025-02-26,2026-07-23
ssh,2,7,2024-05-08,2026-07-23
try pressable,6,7,2023-10-12,2026-07-21
try pressable →,1,7,2026-07-13,2026-07-22
wordpress cloud hosting platform | wp cloud | pressable,1,7,2025-12-26,2026-05-31
1- pressable,1,6,2024-09-13,2026-07-23
"articles by alfred bassetti, sales operations specialist",1,6,2026-04-28,2026-07-02
digital ocean digital ocean,1,6,2024-11-02,2026-07-18
how to clone a website to staging pressable,5,6,2025-03-24,2026-05-19
how to make wordpress faster without the use of a plugin,1,6,2024-07-22,2026-07-23
https://pressable.com/careers/,5,6,2023-11-27,2026-07-17
its knowledge base,6,6,2026-05-06,2026-07-13
know more,1,6,2024-02-04,2026-07-22
learn more about headless wordpress,1,6,2026-02-27,2026-07-07
link,2,6,2024-11-09,2026-07-23
mypressable control panel,2,6,2023-03-08,2026-07-17
official pressable pricing,1,6,2024-05-19,2026-07-16
open pressable hosting,5,6,2026-04-07,2026-07-22
open pressable pricing,6,6,2026-04-10,2026-07-08
pressable api applications,5,6,2026-03-11,2026-07-20
pressable contact,5,6,2026-04-09,2026-07-08
pressable managed wordpress hosting,3,6,2023-09-14,2026-07-16
pressable official site,2,6,2025-03-08,2026-07-05
pressable.com/blog/2015/01/08/ad…,1,6,2025-03-04,2026-07-11
pressable: wordpress automation: google docs to wordpress workflow,1,6,2026-02-24,2026-07-04
provide particulars,4,6,2026-02-09,2026-07-22
read the post,1,6,2025-03-29,2026-05-29
switching between subdomains and subdirectories in wordpress multisite,3,6,2026-01-30,2026-07-22
use code repository5,1,6,2025-04-21,2026-04-26
v2.pressablecdn.com,1,6,2025-04-26,2026-07-19
view pressable plans,1,6,2026-03-31,2026-07-05
view source ↗,1,6,2026-07-17,2026-07-17
visit website →,3,6,2026-03-27,2026-07-21
where wordpress works best,5,6,2025-03-20,2026-07-18
6,4,5,2025-03-01,2026-07-12
advanced wp-cli commands for comments and revisions,2,5,2025-03-08,2026-07-22
agencies,3,5,2023-08-18,2026-07-04
contact page,1,5,2025-07-18,2026-07-08
contact support,1,5,2025-03-03,2026-07-11
database issues,2,5,2023-06-26,2026-07-14
drückbar,5,5,2024-02-03,2026-07-18
easy-to-use dashboard,5,5,2026-04-09,2026-07-09
free ssl certificates - pressable,1,5,2024-07-27,2026-04-15
get now,2,5,2025-07-11,2026-07-23
go to login page,1,5,2023-01-24,2026-03-16
go to website,5,5,2024-05-11,2026-06-26
head-to-head performance comparison of nginx and apache,4,5,2024-04-01,2026-07-22
help desk,1,5,2024-01-24,2026-06-16
helpful dns management basics,2,5,2024-06-23,2026-07-20
how i lost 30 pounds in 2010. a simple guide for overweight hackers like me,2,5,2024-08-10,2026-07-22
how to migrate shopify to wordpress and woocommerce,3,5,2025-03-07,2026-07-21
http://my.pressable.com,1,5,2023-03-17,2026-04-24
https://pressable.com/blog/benefits-of-using-schema-for-wordpress/,1,5,2024-03-11,2026-07-18
https://pressable.com/blog/what-is-gpl/,3,5,2025-11-13,2026-06-14
https://pressable.com/features/free-ssl-certificates/,1,5,2024-07-27,2026-04-15
https://pressable.com/managed-wordpress-hosting/,4,5,2024-04-10,2026-07-05
https://pressable.com/wordpress-cloud-hosting-platform/,2,5,2025-01-13,2026-05-21
https://www.zippykid.com/2013/04/23/partnership-with-google-...,3,5,2026-05-15,2026-07-20
identifying which cluster your site is on,1,5,2024-03-18,2026-07-18
knowledgebase article,1,5,2025-03-03,2026-07-11
link icon,1,5,2025-07-02,2026-06-15
"managed wordpress hosting that speaks fluent ai. from “do this” to done, in one prompt.",1,5,2026-07-03,2026-07-22
mpcp news center alert,1,5,2025-03-03,2026-07-11
mysql 5.5 ga launchd issues with snow leopard,1,5,2024-07-26,2026-07-22
official link,2,5,2025-08-02,2026-07-15
open pressable,5,5,2026-04-16,2026-07-05
open pressable build guidance,5,5,2026-04-09,2026-07-08
open pressable company page,5,5,2026-04-09,2026-07-09
pressable - sign in,4,5,2022-05-26,2026-07-17
pressable guarantee,1,5,2024-01-04,2026-07-22
pressable wordpress hosting,4,5,2023-07-09,2026-07-14
pressable.com › blog › using-server-name-indication-sni-better-ssl-encryption what is sni (server name indication) & how to use it - pressable,1,5,2025-11-21,2026-04-03
pressable’s managed wordpress hosting,1,5,2024-11-13,2026-07-15
re-introducing the pressable wordpress community lounge,2,5,2024-11-22,2026-07-18
read more,4,5,2023-08-29,2026-07-19
ready to decide? get pressable arrow_forward,1,5,2026-03-11,2026-06-17
resource page,1,5,2023-09-16,2026-07-22
sftp,1,5,2025-02-10,2026-06-05
the jetpack security plugin,5,5,2025-07-17,2026-07-20
tracking visitor behavior with google analytics,3,5,2023-09-12,2026-07-22
unknown,1,5,2026-03-18,2026-04-07
visit now,2,5,2024-01-10,2026-07-23
visit pressable hosting,5,5,2026-04-10,2026-07-08
visit pressable pricing,5,5,2026-04-10,2026-07-08
visit site →,2,5,2026-04-11,2026-07-22
what is wordpress multisite & when to use it? – pressable,1,5,2026-01-12,2026-07-06
woocommerce tasks,1,5,2025-07-21,2026-01-19
wordpress hosting,3,5,2023-10-04,2026-07-18
вот,4,5,2024-08-29,2026-07-09
プレス可能,4,5,2024-12-17,2026-07-16
10,3,4,2024-10-03,2026-07-23
7. pressable,2,4,2026-03-29,2026-07-18
9,4,4,2024-11-04,2026-07-11
advisory,4,4,2021-05-13,2026-07-13
best pinterest tool sitetosocial.com to grow your website traffic fully automated,1,4,2026-04-20,2026-06-30
best practices for implementing a scalable wordpress site,3,4,2025-01-18,2026-07-21
bisa ditekan,2,4,2025-10-12,2026-07-22
can be found here,1,4,2025-12-22,2026-07-16
click here to sign up for pressable’s affiliate program.,1,4,2025-03-09,2026-07-17
contact support option contact support option,1,4,2022-12-09,2026-07-03
de pressable.com,1,4,2025-02-09,2026-07-17
divi.pressable.com,4,4,2023-09-12,2026-07-12
do you really need a dedicated ip address for seo benefits?,2,4,2024-03-02,2026-07-14
early beta testers,3,4,2026-01-13,2026-05-24
ecommerce,2,4,2024-01-01,2026-07-04
free staging environment,2,4,2022-10-04,2026-07-10
get offer,1,4,2026-05-08,2026-07-15
get started with pressable,2,4,2025-05-19,2026-07-11
get started with pressable!,2,4,2022-12-07,2026-07-09
"get up to $2,500 when migrating your existing woocommerce store to pressable premium.",4,4,2025-08-27,2026-07-22
go to pressable,3,4,2024-12-17,2026-07-21
here.,2,4,2024-04-14,2026-07-06
high quality dofollow backlinks da 50 pa 40 premium pbn network service wpdatacenter.com rank first page google fast seo link building buy backlinks online cheap,3,4,2026-07-01,2026-07-23
hospedado por pressable,1,4,2025-09-14,2026-07-18
how to read and understand wordpress hosting benchmark results,4,4,2023-09-23,2026-07-21
how to setup a local wordpress development environment,4,4,2023-06-18,2026-07-21
https://kb.pressable.com/ article/dns-record-types- explained/,1,4,2023-08-06,2026-07-05
https://kb.pressable.com/getting-started/how-do-i-assign-a-domain-to-my-website/,1,4,2025-07-02,2026-04-17
https://pressable.com/2019/06/11/enterp ... hats-that/,2,4,2023-09-15,2026-06-17
https://pressable.com/affiliate-program/,3,4,2025-02-25,2026-07-19
https://pressable.com/how-to-performance-test-a-website/,1,4,2024-06-24,2026-04-09
https://pressable.com/knowledgebase/get-started-with-pressable-mcp/,3,4,2026-04-30,2026-07-15
https://pressable.com/knowledgebase/php-update-faqs/,1,4,2026-01-15,2026-06-22
https://www.zippykid.com/2013/02/21/do-you-need-a-dedicated-ip-address-for-seo/,2,4,2024-02-27,2026-07-20
https://zippykid.com,4,4,2023-10-06,2026-07-20
is offering to buy out your contract,1,4,2024-09-28,2026-07-23
kb.pressable.com,4,4,2023-12-06,2026-07-19
les quatre plans d'hébergement géré de pressable,1,4,2023-08-17,2026-07-22
managed wordpress hosting from pressable,3,4,2024-07-06,2026-07-22
migrating from shopify to woocommerce,4,4,2025-12-25,2026-07-21
mypressable,2,4,2024-03-05,2026-07-07
"on html sanitization, what, why, how",1,4,2023-12-13,2026-07-22
open pressable dashboard page,4,4,2026-04-18,2026-07-09
our telegram chanel https://t.me/s/quarterlinks25,4,4,2025-07-13,2026-04-17
php 8.1 removal,1,4,2025-11-11,2026-06-22
plans,3,4,2022-10-08,2026-07-11
presionable,3,4,2024-07-28,2026-07-19
pressable (managed hosting),2,4,2023-06-09,2026-07-22
"pressable is owned by automattic,",1,4,2025-07-17,2026-03-15
pressable privacy policy,4,4,2023-06-12,2026-07-22
pressable wordpress hosting plan 10 sites for $37.50/month,1,4,2023-08-17,2026-07-16
pressable は,1,4,2025-11-03,2026-07-20
pressable's website,1,4,2026-03-12,2026-07-19
pressable.com-,1,4,2025-12-07,2026-07-19
pressable은,1,4,2026-01-20,2026-07-22
pressbar,1,4,2025-01-18,2026-04-21
pricing page,1,4,2026-01-13,2026-07-18
pricing plans,2,4,2023-09-11,2026-07-21
range of plans,1,4,2024-08-07,2026-07-23
read more right-arrow,1,4,2023-09-29,2026-06-21
resources on the php 8.1 removal notice,1,4,2025-11-11,2026-06-22
scalable resources,1,4,2024-05-05,2026-07-21
see pricing,2,4,2023-09-28,2026-07-21
sign up,2,4,2023-08-23,2026-06-19
staging websites and clones,4,4,2026-04-18,2026-07-08
supply particulars,3,4,2026-02-08,2026-07-17
tools,2,4,2024-02-14,2026-07-20
turning off production mode,1,4,2025-09-11,2026-07-02
verify here,1,4,2023-09-01,2026-07-07
view pressable affiliate program,1,4,2026-03-31,2026-06-22
view pricing,3,4,2023-09-14,2026-07-18
visit the pressable website,2,4,2023-05-31,2026-07-10
visit wordpressengine.com for latest info,2,4,2025-02-21,2026-07-07
visit ↗,1,4,2026-07-05,2026-07-21
why is my css not updating on my website? - pressable,4,4,2025-03-02,2026-07-23
will increase,2,4,2024-08-03,2026-07-14
woocommerce vs. bigcommerce: which is best for your business needs?,4,4,2026-01-20,2026-07-21
woocommerce vs. shopify: choosing the right platform for your ecommerce business,4,4,2025-12-01,2026-07-21
wordpress vs. craft cms: which is right for your business site?,4,4,2026-01-03,2026-07-21
your guide to full site editing with wordpress 6.0,4,4,2024-07-25,2026-07-22
$19 per month,3,3,2023-08-19,2026-07-16
12 actionable tips to improve your google pagespeed insights score,2,3,2023-09-29,2026-07-21
5 common woocommerce issues and how to fix them ...,2,3,2023-09-09,2026-07-15
7 common wordpress errors and how to fix them,3,3,2023-06-13,2026-07-21
7 ecommerce kpis you should be measuring (and how to optimize them),3,3,2026-01-20,2026-07-21
7 places to include seo keywords on your website - pressable,2,3,2025-01-27,2026-07-11
75% reduction in page sizes,2,3,2024-04-19,2026-07-12
a blog post here,1,3,2022-10-04,2026-07-10
a pressable,2,3,2025-02-06,2026-07-18
a robust hosting like pressable,3,3,2023-10-06,2026-07-12
account,1,3,2024-11-05,2026-06-30
added it,1,3,2024-02-08,2026-07-18
address,2,3,2024-11-14,2026-07-01
affordable wordpress hosting,2,3,2024-07-22,2026-07-21
ai content moderation tools for wordpress: fighting back against ai spam,3,3,2026-01-10,2026-07-21
ansättbar,3,3,2025-08-12,2026-05-31
around the clock wordpress hosting support with pressable,3,3,2026-03-17,2026-07-21
best wordpress hosting,2,3,2026-03-17,2026-07-21
blogs,2,3,2022-12-09,2026-07-22
click here to explore their hosting plans,2,3,2025-05-15,2026-07-17
cracking the server cluster code,2,3,2025-09-30,2026-07-21
customer support,2,3,2024-01-11,2026-07-22
developer toolkit update: automation & ui enhancements,3,3,2026-03-01,2026-06-03
different plans,1,3,2024-08-12,2026-07-10
"dns management: zones, record types, and record composition",2,3,2025-08-07,2026-07-09
email delivery troubleshooting and smtp plugins,2,3,2024-04-09,2026-07-21
essayez pressable maintenant !,1,3,2025-03-04,2026-06-28
exclusive to readers only,1,3,2025-05-16,2026-04-30
fair use,3,3,2025-03-02,2026-07-16
fluid typography,2,3,2024-10-15,2026-07-23
get discount,1,3,2024-08-12,2026-07-10
get pressable — from $19/mo,1,3,2026-06-19,2026-07-12
get this deal,1,3,2023-07-16,2026-07-22
go,1,3,2024-08-01,2026-07-16
high quality dofollow backlinks da 50 pa 40 premium pbn network service wordpressengine.com rank first page google fast seo link building buy backlinks online cheap,2,3,2026-07-01,2026-07-15
hosting,2,3,2026-05-18,2026-06-12
how does a cdn work? - pressable,1,3,2025-03-10,2026-03-23
how to access these logs here,1,3,2022-10-04,2026-07-10
how to build a dxp platform with wordpress,3,3,2026-02-24,2026-07-21
how to create eye-catching announcements,1,3,2025-02-27,2026-06-04
how to deploy changes to your wordpress site from github,2,3,2024-02-12,2026-07-22
how to minimize woocommerce order fraud,3,3,2025-09-28,2026-07-21
http://help.pressable.com/,1,3,2023-09-18,2026-07-14
http://my.pressable.com/,1,3,2026-04-23,2026-05-23
http://status.pressable.com/2015/01/11/resolved-chicago-data-center-outage/,1,3,2023-06-21,2026-07-20
http://zippykid.com,3,3,2021-12-14,2026-07-20
https://pressable.com/blog/2014/12/23/dns-record-types-explained/,3,3,2023-07-08,2026-07-12
https://pressable.com/blog/down-server-troubleshooting-tips/,3,3,2025-03-01,2026-07-12
https://pressable.com/blog/how-to-accurately-measure-network-performance/,3,3,2024-11-04,2026-07-11
https://pressable.com/case-studies/,2,3,2026-03-17,2026-07-05
https://pressable.com/contact/,2,3,2024-04-10,2026-07-05
https://pressable.com/development-services/,2,3,2024-09-11,2026-07-05
https://pressable.com/features/automate/,2,3,2024-07-24,2026-07-05
https://pressable.com/features/automate/advanced-automatic-wordpress-updates/,2,3,2026-03-17,2026-07-05
https://pressable.com/features/automate/wordpress-automatic-failover/,2,3,2024-07-24,2026-07-05
https://pressable.com/features/automate/wordpress-content-delivery-network/,2,3,2024-07-24,2026-07-05
https://pressable.com/features/automate/wordpress-daily-backups/,2,3,2024-07-24,2026-07-05
https://pressable.com/features/automate/wordpress-scalability-customization-hosting/,2,3,2026-03-17,2026-07-05
https://pressable.com/features/automate/wordpress-updates/,2,3,2026-03-17,2026-07-05
https://pressable.com/features/build/,2,3,2026-03-17,2026-07-05
https://pressable.com/features/build/30-day-wordpress-hosting-guarantee/,2,3,2024-07-24,2026-07-05
https://pressable.com/features/build/free-managed-wordpress-migrations/,2,3,2024-07-24,2026-07-05
https://pressable.com/features/build/free-wordpress-ssl-certificates/,2,3,2026-03-17,2026-07-05
https://pressable.com/features/build/wordpress-cloud-hosting-platform/,2,3,2026-03-17,2026-07-05
https://pressable.com/features/build/wordpress-staging-environments/,2,3,2024-07-24,2026-07-05
https://pressable.com/features/collaborate/24-7-online-wordpress-support/,2,3,2024-07-24,2026-07-05
https://pressable.com/features/collaborate/wordpress-hosting-with-email/,2,3,2024-07-24,2026-07-05
https://pressable.com/features/collaborate/wordpress-performance-monitoring-optimization/,2,3,2024-07-24,2026-07-05
https://pressable.com/features/manage/,2,3,2026-03-17,2026-07-05
https://pressable.com/features/manage/100-percent-uptime-guarantee/,2,3,2026-03-17,2026-07-05
https://pressable.com/features/manage/easy-to-use-wordpress-hosting-dashboard/,2,3,2026-03-17,2026-07-05
https://pressable.com/features/manage/jetpack-security/,2,3,2024-07-24,2026-07-05
https://pressable.com/features/manage/web-application-firewall/,2,3,2024-07-24,2026-07-05
https://pressable.com/features/manage/wordpress-hack-recovery-assistance/,2,3,2024-07-24,2026-07-05
https://pressable.com/features/manage/wordpress-malware-scanning-threat-monitoring/,2,3,2024-07-24,2026-07-05
https://pressable.com/knowledgebase/extracting-a-single-site-from-a-multisite/,3,3,2023-09-06,2026-07-22
https://pressable.com/knowledgebase/how-do-i-add-a-collaborator-guest-account-to-my-site/,2,3,2024-12-20,2026-07-15
https://pressable.com/legal/,2,3,2023-09-03,2026-07-05
https://pressable.com/mcp/,2,3,2026-04-30,2026-07-05
https://pressable.com/solutions/managed-wordpress-hosting-for-agencies/,2,3,2024-04-10,2026-07-05
https://pressable.com/solutions/managed-wordpress-hosting-for-high-traffic-websites/,2,3,2024-04-10,2026-07-05
https://pressable.com/solutions/managed-wordpress-hosting-for-web-developers/,2,3,2024-04-10,2026-07-05
https://pressable.com/solutions/managed-wordpress-hosting-for-woo-websites/,2,3,2024-04-10,2026-07-05
https://pressable.com/white-label-managed-wordpress-hosting/,2,3,2026-03-17,2026-07-05
https://www.zippykid.com/,3,3,2024-12-30,2026-04-30
https://www.zippykid.com/pricing/,2,3,2023-09-12,2026-07-22
in this second article of our dns management series we explore various dns record types and their importance to your online presence.,1,3,2023-06-13,2026-07-20
indrukbare,3,3,2025-01-04,2026-07-07
investors,2,3,2023-12-22,2026-07-20
is wordpress easy to learn?,3,3,2025-12-13,2026-07-21
jess’s recent explainer on wp cloud,3,3,2024-03-17,2026-07-17
jetpack safety,3,3,2026-04-12,2026-07-18
knowledgebase,1,3,2024-11-05,2026-06-30
kortingscode voor code voor 15% korting op plannen bij pressable bij automattic,1,3,2025-12-31,2026-05-14
learn pressable pricing,1,3,2023-08-13,2026-07-06
linked here,3,3,2025-09-17,2026-06-02
links for pressable.com telegram @happygrannypies,3,3,2024-11-16,2026-05-02
live web,1,3,2024-12-26,2026-04-11
more detail/get hosting,1,3,2024-08-12,2026-07-10
more info,3,3,2023-09-25,2026-07-12
no preview available yet,1,3,2023-06-06,2026-02-12
o pressable,1,3,2025-05-16,2026-07-16
official pressable website,1,3,2023-09-10,2026-01-30
official pricing,2,3,2024-01-18,2026-06-26
official website,3,3,2023-09-12,2026-07-13
outgrowing squarespace? how woocommerce opens the door to growth,3,3,2025-12-20,2026-07-21
performance testing for wordpress agency client sites,3,3,2026-02-18,2026-07-21
plugin homepage,3,3,2025-08-30,2026-07-02
plugin website,3,3,2026-01-18,2026-07-15
post,1,3,2018-06-09,2026-06-24
prasowanie,3,3,2025-12-15,2026-06-22
press,3,3,2024-07-01,2026-07-19
pressabile,2,3,2023-12-31,2026-07-04
pressable affiliate program,3,3,2025-02-27,2026-07-16
pressable cookie policy,3,3,2025-03-07,2026-07-19
pressable features,2,3,2025-03-21,2026-07-01
pressable official website,3,3,2025-04-12,2026-07-11
pressable plans,2,3,2025-10-21,2026-07-22
pressable pricing,3,3,2025-03-21,2026-07-01
pressable review,1,3,2025-03-19,2026-03-02
pressable-logo,1,3,2022-10-02,2026-06-15
pressable-logo.png,1,3,2023-10-18,2026-05-20
pressable.com › blog › using-server-name-indication-sni-better what is sni (server name indication) & how to use it - pressable,1,3,2026-01-04,2026-06-27
pressable.com/,2,3,2026-03-29,2026-07-14
pressable.com/pricing,2,3,2026-03-22,2026-07-13
pressable.com/wpminute,2,3,2025-08-30,2026-05-24
pressable:,3,3,2024-01-08,2026-07-22
pressable’s partner program,3,3,2025-06-11,2026-07-21
published an article here,1,3,2022-10-04,2026-07-10
rank math vs yoast,3,3,2025-11-19,2026-07-21
resource,1,3,2025-12-19,2026-05-20
resource center,2,3,2022-12-09,2026-07-22
see pressable’s hosting plans for small and medium-sized businesses.,3,3,2022-06-21,2026-07-08
shared vs. cloud hosting: making the right choice for your business,2,3,2024-03-11,2026-07-21
"simple managed wordpress hosting.design, build, and launch wordpress websites on a managed hosting platform created by automattic – the same minds that brought you wordpress, woocommerce, and jetpack.",1,3,2025-10-15,2026-07-23
smiley.zippykid.com,3,3,2024-01-19,2026-04-29
start my website,1,3,2020-04-10,2026-06-27
support,1,3,2020-02-04,2026-06-30
sur le site du fournisseur,1,3,2026-05-16,2026-07-03
tap here to explore pressable hosting,1,3,2025-05-04,2026-07-21
the best ai chatbots for wordpress,3,3,2025-11-24,2026-07-21
the lessons i learned as ceo of zippykid in 2012,1,3,2024-06-22,2026-07-19
this kb article,1,3,2023-06-01,2026-07-14
titan,2,3,2022-11-23,2026-07-22
trouble with files being uploaded properly to sites,1,3,2026-04-23,2026-07-19
tryckbar,1,3,2025-05-21,2026-04-16
turn your slow website into a speed demon: performance testing tips,2,3,2024-06-28,2026-07-21
updated dns,1,3,2023-12-26,2026-05-01
"used by us pressable pressable we’re dedicated to more than managed wordpress hosting. what sets pressable apart from the rest? it’s simple: service. we’re dedicated to you, your company, and your sites —in that order. get started now!",1,3,2023-08-23,2026-07-16
varios sitios,1,3,2026-07-15,2026-07-17
view &nearr;,1,3,2026-06-19,2026-07-20
view website,2,3,2023-08-28,2026-07-14
visit official website,3,3,2026-01-13,2026-07-21
visit pressable!,1,3,2023-12-05,2026-06-21
visita pressable,2,3,2024-07-04,2026-07-08
web en direct,1,3,2024-12-26,2026-04-11
what is divi hosting?,2,3,2025-04-26,2026-07-21
what is gpl? here's what developers and legal professionals need to know,3,3,2024-11-27,2026-07-21
white label wordpress: customizing the wordpress admin for wordpress agency clients,3,3,2026-02-18,2026-07-21
woocommerce database optimization with query monitor,3,3,2025-12-05,2026-07-21
woocommerce performance troubleshooting: diagnosing speed issues step-by-step,3,3,2026-01-13,2026-07-21
woocommerce subscription strategies: how to build recurring revenue for your store,3,3,2025-12-13,2026-07-21
wordpress,2,3,2026-05-25,2026-07-18
wordpress 6.3 release - what to expect,3,3,2024-01-25,2026-07-23
wordpress automation: importing content from google docs to wordpress,3,3,2025-12-19,2026-07-21
wordpress database optimization: guide to enhancing site speed,3,3,2024-08-07,2026-07-21
wordpress local seo: an introduction to local search for smbs,3,3,2025-11-02,2026-07-21
wordpress multisite to single site extraction,2,3,2024-03-05,2026-07-21
"wordpress news, articles, and blog posts - pressable",2,3,2026-04-04,2026-07-02
wp cloud,3,3,2024-09-08,2026-07-17
wpforms vs gravity forms,3,3,2025-12-05,2026-07-21
your ssl/tls encryption mode is set,1,3,2025-08-22,2026-05-31
zippykid is now pressable,2,3,2025-03-08,2026-07-13
πίεση,2,3,2025-05-25,2026-06-30
قابل للضغط,3,3,2024-08-07,2026-07-17
押せる,1,3,2025-12-25,2026-04-21
页面大小降低了75%,1,3,2024-02-26,2026-07-04
(source),2,2,2023-11-08,2026-07-06
100% uptime guarantee,2,2,2023-10-12,2026-07-21
17,1,2,2024-07-17,2026-07-09
18 must-have wordpress marketing automation tools,2,2,2025-09-04,2026-07-20
2.0 platform,1,2,2025-02-25,2026-05-24
20 common wordpress seo mistakes to avoid in 2022: what experts suggest,1,2,2023-09-29,2026-06-21
24/7 support,2,2,2023-10-12,2026-06-22
3 things every startup should know about domain names,1,2,2024-02-16,2026-07-12
3rd year in business,1,2,2024-02-09,2026-07-20
5 common woocommerce issues and how to fix them - pressable,2,2,2022-01-26,2026-07-04
5 ways ai for ecommerce can boost sales on your woocommerce store,2,2,2025-11-20,2026-07-21
7 places to include seo keywords on your website,2,2,2025-06-17,2026-07-21
75% du poids des pages,1,2,2024-03-07,2026-06-22
8,1,2,2026-02-14,2026-07-13
[23],1,2,2025-06-25,2026-07-11
[2],2,2,2026-03-02,2026-07-02
a complete guide to accessibility on wordpress,2,2,2025-12-08,2026-07-21
a guide for improving wordpress' server response time,2,2,2026-03-17,2026-07-21
a guide to understanding wordpress architecture,2,2,2024-08-04,2026-07-21
"a pressable,",1,2,2025-12-25,2026-07-11
a página oficial de preços da pressable,1,2,2025-11-12,2026-07-16
a record queries,1,2,2024-01-12,2026-07-20
a sweetheart deal,2,2,2025-01-13,2026-07-21
a wordpress user's guide to effective and reliable website caching,2,2,2026-03-17,2026-07-21
activate deal,1,2,2025-12-02,2026-04-23
activating jetpack security daily,1,2,2022-12-09,2026-07-22
activating your free jetpack license,2,2,2026-01-12,2026-07-02
advanced woocommerce cart abandonment strategies,2,2,2025-09-06,2026-07-21
advanced woocommerce security strategies,2,2,2024-11-06,2026-07-22
agency wordpress hosting | pressable,1,2,2026-04-28,2026-05-12
all you need to know about free wordpress themes,2,2,2026-03-17,2026-07-21
also zippykid,1,2,2024-02-08,2026-07-15
an article at zippykid,2,2,2026-01-02,2026-04-05
api application,1,2,2025-03-07,2026-07-16
appeal to viewers on google,2,2,2024-08-13,2026-06-02
"articles by jessica frick, vice president of operations",1,2,2026-04-28,2026-07-02
assigning your domain,2,2,2026-01-12,2026-07-02
auto-scaling wordpress that exceeds expectations,2,2,2025-06-02,2026-07-21
"auto-scaling, high availability wordpress hosting",1,2,2025-05-15,2026-07-11
base level plan,2,2,2023-08-17,2026-07-20
batcache,2,2,2024-11-20,2026-07-20
best practices,1,2,2024-02-08,2026-07-23
best woocommerce hosting,2,2,2023-09-08,2026-07-21
best wordpress integrations for workflow automation,2,2,2025-09-25,2026-07-21
besuchen sie pressable,2,2,2024-11-26,2026-07-07
better position themselves,2,2,2024-07-25,2026-07-20
bild direkt,1,2,2026-01-30,2026-07-06
billing options to choose plan billing options to choose plan pin,1,2,2026-04-06,2026-07-22
boost wordpress agency client retention with pressable,2,2,2026-02-20,2026-07-21
boosting website speed through image optimization,1,2,2025-12-12,2026-06-20
broken link checker,1,2,2026-04-15,2026-07-16
brought it to my attention,1,2,2025-05-09,2026-07-10
buy at pressable official site,1,2,2026-03-21,2026-07-06
caching types available in pressable,2,2,2026-03-17,2026-07-21
celebrating wordpress at 20,2,2,2026-03-17,2026-07-21
check out pressable here,2,2,2025-05-01,2026-07-20
check price,2,2,2023-09-03,2026-07-16
check pricing,1,2,2024-05-24,2026-07-19
check them out here,2,2,2024-11-16,2026-07-21
check website,1,2,2023-09-13,2026-07-21
checkout pressable,2,2,2023-09-10,2026-07-18
chicago data center outage,1,2,2024-08-30,2026-04-23
choose pressable plan choose pressable plan pin,1,2,2026-04-06,2026-07-22
choosing a wordpress host wisely,2,2,2025-09-10,2026-07-21
cliccate qui per esplorare i loro piani di hosting,1,2,2025-12-28,2026-05-01
click here to become a part of pressable today,1,2,2025-06-15,2026-07-04
click here to visit pressable,2,2,2023-09-05,2026-07-21
clique aqui para explorar os planos de hospedagem,1,2,2026-01-21,2026-07-18
cliquez ici,1,2,2026-01-14,2026-07-22
commencer avec pressable,2,2,2024-03-05,2026-05-03
comparison of nginx and apache,2,2,2025-10-15,2026-07-14
compañero estratégico,1,2,2026-07-16,2026-07-18
comprehensive resource center on pressable,1,2,2022-12-07,2026-07-09
connecting to the pressable api,2,2,2024-08-01,2026-07-21
considering using zippykid,1,2,2025-04-18,2026-07-09
contact us,2,2,2024-06-25,2026-07-21
continue to merchant store,1,2,2024-12-12,2026-06-12
counts visits,1,2,2025-03-14,2026-07-23
cover the costs of contract,2,2,2024-09-30,2026-07-13
crippling issues,2,2,2023-08-17,2026-07-13
customer service tools,1,2,2024-05-20,2026-05-24
customers from their reviews,2,2,2023-06-14,2026-07-04
da pressable.com,1,2,2025-12-03,2026-07-14
de officiële prijspagina van pressable,1,2,2025-11-06,2026-07-14
dedicated hosting,2,2,2023-03-17,2026-06-17
defining server-side caching: an in-depth look,2,2,2026-03-17,2026-07-21
demo,1,2,2025-01-09,2026-07-05
di pressable.com,1,2,2025-02-25,2026-07-18
die offizielle preisseite von pressable,1,2,2025-11-06,2026-07-22
differences between wordpress.org and wordpress.com,2,2,2022-02-13,2026-06-02
discover pressable,2,2,2025-02-26,2026-07-19
dns management: record types and when to use them,2,2,2025-08-07,2026-07-09
dns management: registrars and nameservers,2,2,2025-08-09,2026-07-09
docs,2,2,2026-06-03,2026-07-18
drupal vs. wordpress: comparing open source content management systems,2,2,2025-11-13,2026-07-21
e-commerce store utilizing scheduled actions,1,2,2025-07-17,2026-05-11
easy scaling without the stress,2,2,2025-10-21,2026-06-11
ebook library,1,2,2022-12-09,2026-07-22
email marketing,2,2,2024-01-19,2026-06-02
en savoir plus,2,2,2023-09-06,2026-07-09
enabling mypressable two-factor authentication (2fa ...,1,2,2025-12-12,2026-02-04
enabling mypressable two-factor authentication (2fa) | pressable,1,2,2025-12-26,2026-02-04
error logs,2,2,2026-01-12,2026-07-02
essayer maintenant en savoir plus,1,2,2026-05-24,2026-05-24
essayez pressable ici,1,2,2025-01-18,2026-07-15
example haro backlink,1,2,2023-10-15,2026-07-22
excellent post,1,2,2024-11-20,2026-07-18
explore pressable,2,2,2025-07-06,2026-07-19
explore pressable now,1,2,2025-09-30,2026-06-24
faqs regarding our server migration,1,2,2026-03-29,2026-04-29
fast wordpress host,1,2,2024-08-15,2026-07-16
find out why agencies are switching.,1,2,2025-07-03,2026-04-25
fluid typefaces,2,2,2024-12-25,2026-07-18
free global content delivery network (cdn) - pressable,1,2,2023-09-07,2026-04-18
free ssl certificates,2,2,2024-04-10,2026-07-21
friendly team of experts,2,2,2023-06-07,2026-07-17
gatsby vs. next.js: headless wordpress showdown,2,2,2026-03-17,2026-04-04
generative engine optimization: how to optimize your woocommerce store for ai search,2,2,2025-11-09,2026-07-21
get managed wordpress,1,2,2026-04-11,2026-07-07
get pressable now!,1,2,2023-09-14,2026-06-19
get pressable →,2,2,2026-04-12,2026-07-22
get to know pressable’s great wordpress and woocommerce hosting,1,2,2025-01-26,2026-07-21
go pressable,1,2,2025-02-20,2026-06-19
google’s research on mobile abandonment,1,2,2026-05-21,2026-07-07
guidance in the knowledge base,1,2,2025-11-15,2026-05-01
guide to hosting types and requirements,2,2,2025-09-09,2026-07-20
haga clic aquí para explorar sus planes,1,2,2025-12-28,2026-07-14
harnessing the power of wordpress and ai,2,2,2026-03-17,2026-07-21
head-to-head performance,2,2,2025-10-15,2026-07-14
help portal,1,2,2023-09-02,2026-07-20
here’s how to use it,1,2,2023-12-02,2026-07-15
hosting for good: end the backlog,2,2,2023-12-13,2026-07-21
hosting plans,2,2,2025-06-02,2026-07-21
hosting platform,2,2,2023-08-17,2026-07-13
how do i add a collaborator guest account to my site?,1,2,2026-03-17,2026-07-21
how to add enterprise-level search capabilities to your wordpress site,2,2,2025-10-13,2026-07-21
how to automatically update wordpress plugins,2,2,2024-07-29,2026-07-21
how to build a real estate site on wordpress,2,2,2026-03-17,2026-05-01
how to change your php version,2,2,2024-08-14,2026-07-13
how to choose the best wordpress hosting,2,2,2024-10-03,2026-07-23
how to compare and select fast managed wordpress hosting,2,2,2024-04-03,2026-07-21
how to create a responsive table in wordpress,2,2,2023-06-19,2026-07-21
how to create a staging site for wordpress,2,2,2026-03-17,2026-07-21
how to customize wordpress without breaking your theme,2,2,2025-10-13,2026-07-21
how to improve your wordpress site’s search experience,2,2,2025-10-27,2026-01-06
how to launch your website in pressable,1,2,2022-04-01,2026-07-22
"how to make wordpress load faster, tips to optimize the server",1,2,2025-09-09,2026-06-20
"how to make wordpress load faster, without the use of plugins",1,2,2024-07-23,2026-07-19
how to point siteground.com dns records to pressable,2,2,2025-08-31,2026-07-21
how to prepare your woocommerce store for a high-traffic product drop,2,2,2025-10-07,2026-07-21
how to price building a wordpress website,2,2,2023-07-27,2026-07-21
how to resell wordpress hosting services,2,2,2025-12-15,2026-07-21
how to upload a video to wordpress,2,2,2026-02-18,2026-07-21
how to use keyword mapping to improve wordpress seo,2,2,2026-03-17,2026-07-21
how to use wordpress and sensei to build a learning management system,2,2,2024-06-19,2026-07-21
http://chat.pressable.com,1,2,2026-02-23,2026-03-27
http://kb.pressable.com/pressable-tutorials/identify-cluster-site/,1,2,2025-02-22,2026-07-19
http://pressable.com/affiliate-program/,1,2,2025-05-09,2026-03-23
http://pressable.com/blog/cluster-server-meaning/,1,2,2025-09-30,2026-02-25
http://pressable.com/careers/,1,2,2025-06-22,2026-03-23
http://pressable.com/case-studies/,1,2,2025-07-05,2026-03-23
http://pressable.com/company/,1,2,2025-05-09,2026-03-23
http://pressable.com/contact/,1,2,2025-05-09,2026-03-23
http://pressable.com/ebooks/,1,2,2025-10-19,2026-03-23
http://pressable.com/ecommerce-hosting/,1,2,2025-10-19,2026-03-23
http://pressable.com/features/automate/,1,2,2025-05-09,2026-03-23
http://pressable.com/features/automate/advanced-automatic-wordpress-updates/,1,2,2025-05-09,2026-03-23
http://pressable.com/features/automate/wordpress-automatic-failover/,1,2,2025-05-09,2026-03-23
http://pressable.com/features/automate/wordpress-content-delivery-network/,1,2,2025-05-09,2026-03-23
http://pressable.com/features/automate/wordpress-daily-backups/,1,2,2025-05-09,2026-03-23
http://pressable.com/features/automate/wordpress-scalability-customization-hosting/,1,2,2025-05-09,2026-03-23
http://pressable.com/features/automate/wordpress-updates/,1,2,2025-05-09,2026-03-23
http://pressable.com/features/build/,1,2,2025-05-09,2026-03-23
http://pressable.com/features/build/30-day-wordpress-hosting-guarantee/,1,2,2025-05-09,2026-03-23
http://pressable.com/features/build/free-managed-wordpress-migrations/,1,2,2025-05-09,2026-03-23
http://pressable.com/features/build/free-wordpress-ssl-certificates/,1,2,2025-05-09,2026-03-23
http://pressable.com/features/build/wordpress-cloud-hosting-platform/,1,2,2025-05-09,2026-03-23
http://pressable.com/features/build/wordpress-staging-environments/,1,2,2025-05-09,2026-03-23
http://pressable.com/features/collaborate/24-7-online-wordpress-support/,1,2,2025-05-09,2026-03-23
http://pressable.com/features/collaborate/wordpress-hosting-with-email/,1,2,2025-05-09,2026-03-23
http://pressable.com/features/collaborate/wordpress-performance-monitoring-optimization/,1,2,2025-05-09,2026-03-23
http://pressable.com/features/manage/,1,2,2025-05-09,2026-03-23
http://pressable.com/features/manage/100-percent-uptime-guarantee/,1,2,2025-05-09,2026-03-23
http://pressable.com/features/manage/easy-to-use-wordpress-hosting-dashboard/,1,2,2025-05-09,2026-03-23
http://pressable.com/features/manage/jetpack-security/,1,2,2025-05-09,2026-03-23
http://pressable.com/features/manage/web-application-firewall/,1,2,2025-05-09,2026-03-23
http://pressable.com/features/manage/wordpress-hack-recovery-assistance/,1,2,2025-05-09,2026-03-23
http://pressable.com/features/manage/wordpress-malware-scanning-threat-monitoring/,1,2,2025-05-09,2026-03-23
http://pressable.com/for-agencies/,1,2,2025-05-09,2026-03-23
http://pressable.com/legal/,1,2,2025-05-09,2026-03-23
http://pressable.com/legal/cookie-policy/,1,2,2025-05-09,2026-03-23
http://pressable.com/legal/privacy-policy/,1,2,2025-05-09,2026-03-23
http://pressable.com/legal/sla/,1,2,2025-05-09,2026-03-23
http://pressable.com/managed-web-hosting/,1,2,2025-10-19,2026-03-23
http://pressable.com/managed-wordpress-hosting/,1,2,2025-05-09,2026-03-23
http://pressable.com/press-kit/,1,2,2025-05-09,2026-03-23
http://pressable.com/pricing/,1,2,2025-05-09,2026-03-23
http://pressable.com/report-a-concern/,1,2,2025-09-19,2026-03-23
http://pressable.com/robots.txt,2,2,2025-04-13,2026-06-02
http://pressable.com/sitemap/,1,2,2025-05-09,2026-03-23
http://pressable.com/solutions/managed-wordpress-hosting-for-agencies/,1,2,2025-05-09,2026-03-23
http://pressable.com/solutions/managed-wordpress-hosting-for-high-traffic-websites/,1,2,2025-05-09,2026-03-23
http://pressable.com/solutions/managed-wordpress-hosting-for-small-medium-sized-businesses/,1,2,2025-05-09,2026-03-23
http://pressable.com/solutions/managed-wordpress-hosting-for-web-developers/,1,2,2025-05-09,2026-03-23
http://pressable.com/solutions/managed-wordpress-hosting-for-woo-websites/,1,2,2025-05-09,2026-03-23
http://pressable.com/web-tools/,1,2,2025-05-09,2026-03-23
http://pressable.com/webinars/,1,2,2025-10-19,2026-03-23
http://pressable.com/woocommerce-hosting/,1,2,2025-10-19,2026-03-23
http://status.pressable.com/2015/01/21/current-outage-breakdown-and-full-information/,1,2,2024-07-27,2026-07-13
http://status.pressable.com/2015/01/24/all-systems-operational/,2,2,2018-06-09,2026-07-21
http://www.zippykid.com/,2,2,2023-08-17,2026-07-19
http://zippykid.com/2012/05/01/explanation-of-recent-outages-over-the-past-we…,1,2,2025-10-07,2026-05-06
https:// pressable .com,2,2,2024-05-26,2026-07-18
https:// pressable .com/pricing,2,2,2023-09-09,2026-07-18
https://my. pressable .com,2,2,2024-05-26,2026-07-18
https://my. pressable .com/checkout?p=pro,2,2,2023-09-09,2026-07-18
https://my.pressable.com/checkout?p=signature-1-monthly,1,2,2025-08-06,2026-07-05
https://my.pressable.com/checkout?p=signature-4-monthly,1,2,2025-08-06,2026-07-05
https://my.pressable.com/documentation/api/v1,1,2,2025-03-20,2026-07-05
https://my.pressable.com/help,1,2,2023-09-11,2026-04-18
https://my.pressable.com/login,1,2,2023-07-03,2026-05-15
https://pressable.com/7-places-to-include-search-engine-optimization-seo-keywords-on-your-website/,1,2,2025-01-27,2026-05-11
https://pressable.com/agency-offer-2026/,1,2,2026-03-17,2026-05-15
https://pressable.com/blog,2,2,2025-09-04,2026-07-06
https://pressable.com/blog/,2,2,2026-04-22,2026-06-30
https://pressable.com/blog/2015/03/12/case-for-against-akismet/,2,2,2023-09-27,2026-07-21
https://pressable.com/blog/2015/10/15/reverse-proxy-plugin-for-using-a-hosted-wordpress-site-in-a-subdirectory/,1,2,2023-12-17,2026-04-18
https://pressable.com/blog/7-mistakes-to-avoid-when-using-canonical-tags-on-your-wordpress-website/,1,2,2026-01-18,2026-07-20
https://pressable.com/blog/ddos-attack-prevention/,2,2,2024-10-18,2026-07-19
https://pressable.com/blog/mastering-wordpress-migrations/,1,2,2024-07-17,2026-07-09
https://pressable.com/blog/pressable-mcp-control-your-wordpress-hosting-with-ai/,2,2,2026-05-25,2026-07-23
https://pressable.com/blog/tips-to-improve-google-pagespeed-insights-score/,2,2,2024-12-19,2026-06-04
https://pressable.com/blog/wordpress-architecture/,1,2,2026-02-14,2026-07-11
https://pressable.com/case-studies/wodobo/,1,2,2026-02-02,2026-07-10
https://pressable.com/changelog/feature-release-wordpress-mcp-adapter-beta/,1,2,2026-05-18,2026-07-15
https://pressable.com/company/,1,2,2026-03-17,2026-07-05
https://pressable.com/ebooks/,1,2,2026-03-17,2026-07-05
https://pressable.com/ecommerce-hosting/,1,2,2026-03-17,2026-07-05
https://pressable.com/for-agencies/,1,2,2026-03-17,2026-07-05
https://pressable.com/how-to-choose-the-best-wordpress-hosting-in-2021/,2,2,2023-09-14,2026-07-04
https://pressable.com/knowledgebase/,2,2,2024-09-22,2026-06-02
https://pressable.com/knowledgebase/how-to-test-for-plugin-and-theme-conflicts/,2,2,2026-03-28,2026-04-07
https://pressable.com/knowledgebase/will-my-multisite-work-on-pressable/,1,2,2026-01-31,2026-07-05
https://pressable.com/legal/cookie-policy/,1,2,2024-07-24,2026-07-05
https://pressable.com/legal/sla/,1,2,2026-03-17,2026-07-05
https://pressable.com/managed-web-hosting/,1,2,2026-03-17,2026-07-05
https://pressable.com/php-update-assistance/,1,2,2025-11-08,2026-07-10
https://pressable.com/premium-offer-2026/,1,2,2026-03-17,2026-05-15
https://pressable.com/press-kit/,1,2,2026-03-17,2026-07-05
https://pressable.com/pricing,2,2,2025-04-12,2026-06-27
https://pressable.com/privacy-policy/,2,2,2026-06-03,2026-07-01
https://pressable.com/report-a-concern/,1,2,2026-03-17,2026-07-05
https://pressable.com/sitemap/,1,2,2026-03-17,2026-07-05
https://pressable.com/solutions/managed-wordpress-hosting-for-small-medium-sized-businesses/,1,2,2024-04-10,2026-05-15
https://pressable.com/the-dangers-of-unlicensed-wordpress-plugins/,2,2,2023-09-17,2026-07-17
https://pressable.com/web-tools/,1,2,2026-03-17,2026-07-05
https://pressable.com/webinars/,1,2,2026-03-17,2026-07-05
https://pressable.com/woocommerce-hosting/,1,2,2026-03-17,2026-07-05
https://v2.pressablecdn.com,1,2,2026-03-28,2026-07-13
https://www.150187067.v2.pressablecdn.com/wp-content/uploads/total-1.png),1,2,2025-09-18,2026-06-17
https://www.pressable.com/,1,2,2025-11-23,2026-05-13
https://www.zippykid.com,2,2,2025-04-16,2026-04-20
https://www.zippykid.com/2012/09/11/introducing-smushkid-optimize-images-to-speed-up-your-website/,1,2,2024-02-09,2026-07-20
https://www.zippykid.com/resources/kb/pre-sales-faq/can-you-migrate-my-website-for-me/this,2,2,2025-10-22,2026-04-02
https://zippykid.com/blog,1,2,2026-04-23,2026-05-16
implementing single sign-on (sso) in wordpress,2,2,2026-03-18,2026-05-01
improve your productivity,2,2,2023-09-04,2026-07-17
in case you missed it: ai workflows for wordpress and woocommerce,1,2,2026-07-07,2026-07-21
indrukbaar,1,2,2026-02-08,2026-04-17
inmotion hosting,2,2,2023-09-12,2026-07-21
inmotion hosting privacy policy,2,2,2024-06-09,2026-07-21
integrating woocommerce with an external erp,2,2,2026-02-04,2026-07-21
introducing mainwp’s new extension for pressable,2,2,2024-01-06,2026-07-22
introducing smushkid – optimize images to speed up your website.,1,2,2024-03-02,2026-07-14
is wordpress secure? must-know wordpress security best practices,2,2,2026-03-17,2026-07-21
join program,2,2,2026-01-25,2026-07-07
kan du klikke her for at udforske deres hostingplaner,1,2,2025-12-29,2026-07-13
kan presses,2,2,2024-12-07,2026-06-30
klik dan hier om hun hostingpakketten te bekijken,1,2,2026-01-23,2026-07-15
la page officielle des tarifs de pressable,1,2,2025-11-06,2026-07-15
la pagina ufficiale dei prezzi di pressable,1,2,2025-11-06,2026-07-15
la página de precios oficial de pressable,1,2,2026-01-31,2026-06-06
la página oficial de precios de pressable,1,2,2025-11-03,2026-07-22
learn more ›,2,2,2025-07-07,2026-05-31
leur documentation,2,2,2026-05-28,2026-07-22
lien,1,2,2026-05-24,2026-05-24
"line篩選,l...",1,2,2025-09-19,2026-04-29
managed wordpress hosting benefits: what they are and why you want them,2,2,2026-03-17,2026-07-21
mapapansin,2,2,2024-11-17,2026-05-16
mehr erfahren,1,2,2026-07-07,2026-07-15
melapress file monitor,1,2,2026-04-15,2026-07-16
meta tags,2,2,2025-03-17,2026-06-02
multidot,1,2,2026-07-16,2026-07-18
multiple site hosting,2,2,2023-09-11,2026-07-23
multiple website hosting,1,2,2026-03-17,2026-07-21
my.pressable.com pressable - sign in,1,2,2026-02-12,2026-03-12
my.pressable.com › agency › auth pressable,1,2,2026-02-12,2026-03-12
observations on the wordpress ecosystem from wordcamp san francisco 2013,2,2,2024-02-13,2026-01-20
official pricing page,1,2,2026-04-25,2026-07-07
optimization of your cta,2,2,2023-12-16,2026-07-22
optimize performance with the right web server monitoring tools and metrics,2,2,2026-03-17,2026-07-21
optimizing woocommerce: a guide to high traffic | pressable,1,2,2026-04-28,2026-07-12
our rebranding,1,2,2025-07-12,2026-05-24
page,2,2,2024-09-27,2026-07-17
partnered with google pagespeed,1,2,2024-03-01,2026-07-11
password generator,1,2,2026-03-17,2026-07-21
performance,2,2,2025-10-21,2026-06-11
php versions and why they matter,2,2,2023-09-12,2026-07-22
php workers affect wordpress,2,2,2025-10-21,2026-06-11
"php workers, concurrency, and what they mean for your site (pressable)",1,2,2026-01-18,2026-02-01
plans and pricing,2,2,2023-08-28,2026-07-10
plans starting at $17.50/month,2,2,2023-08-21,2026-07-14
positive customer reviews,2,2,2023-12-24,2026-07-13
pot avea 2 site-uri web pe wordpress?,1,2,2023-06-12,2026-04-02
potential issues,2,2,2024-07-15,2026-07-22
premier hosting platform,1,2,2025-07-07,2026-07-23
premium hosting,2,2,2026-05-17,2026-07-21
prensable,1,2,2025-02-03,2026-01-31
pressable (managed wordpress),1,2,2023-09-25,2026-07-16
pressable (opens in new tab),1,2,2026-05-30,2026-06-20
pressable 2364,1,2,2024-07-19,2026-07-06
pressable 545,1,2,2024-09-30,2026-06-02
pressable about (automattic-owned),1,2,2026-04-25,2026-07-07
pressable advertisement.,1,2,2025-12-20,2026-07-20
pressable api,2,2,2024-09-08,2026-07-17
pressable api native api,1,2,2025-02-09,2026-04-18
pressable api pressable api native api,1,2,2026-02-01,2026-05-28
pressable documentation pressable documentation pin,1,2,2026-04-06,2026-07-22
pressable expands mcp server with new wordpress management tools.,1,2,2026-07-04,2026-07-12
pressable internet hosting,2,2,2025-03-27,2026-07-11
pressable knowledge base,2,2,2026-05-31,2026-07-20
pressable logo.,1,2,2025-07-03,2026-05-05
pressable main page on agencies for best wordpress web hosting,1,2,2025-01-26,2026-07-21
pressable mcp,2,2,2026-05-20,2026-07-19
pressable mcp (hosting-mcp),1,2,2026-07-07,2026-07-15
pressable service level agreement,2,2,2024-02-02,2026-01-31
pressable standard pricing page for best wordpress web hosting,1,2,2025-01-26,2026-07-21
pressable status page,2,2,2025-03-11,2026-07-16
pressable support,1,2,2025-10-19,2026-07-22
pressable support - wp engine alternatives,1,2,2023-07-09,2026-06-20
pressable woocommerce hosting,1,2,2026-05-19,2026-07-14
pressable wordpress affiliate program and you,1,2,2024-03-16,2026-07-08
pressable के प्लान देखें,1,2,2026-02-12,2026-06-30
pressable – managed wordpress hosting,1,2,2026-01-17,2026-07-13
pressable ↗,2,2,2026-06-29,2026-07-13
pressable の公式価格ページ,1,2,2025-11-03,2026-05-04
"pressable, 2024",2,2,2025-08-24,2026-07-20
"pressable, a leading managed wordpress hosting provider",1,2,2026-03-12,2026-06-26
pressable-referral,2,2,2024-06-16,2026-05-04
pressable.com › knowledgebase › pressable-onepress-login pressable onepress login,1,2,2026-02-12,2026-03-12
pressable.com/plans,1,2,2026-04-28,2026-07-10
pressable.com/wpe-contract-b…,1,2,2026-04-23,2026-05-02
pressable.comの,1,2,2025-12-10,2026-05-03
pressable: managed wordpress by automattic,2,2,2025-08-08,2026-07-22
pressables officiella prissida,1,2,2025-11-03,2026-07-14
pressables officielle prisside,1,2,2026-01-20,2026-07-18
pressable’s,2,2,2023-06-03,2026-07-06
pressable’s advice,2,2,2026-07-09,2026-07-20
pressable’s guide,2,2,2025-08-30,2026-07-21
pressable’s migration checklist,2,2,2026-07-09,2026-07-20
pressable’s offerings,1,2,2025-03-08,2026-02-28
pressable’s official site,1,2,2026-07-03,2026-07-21
pressableを試す,1,2,2025-12-27,2026-07-13
pressable을 사용해 보세요,1,2,2026-01-23,2026-07-22
pressable의 공식 가격 페이지를,1,2,2026-01-20,2026-07-18
pressing,2,2,2024-08-16,2026-07-21
pressosabile,1,2,2025-02-25,2026-02-03
privacy,2,2,2025-03-08,2026-07-21
probeer pressable hier,1,2,2025-12-24,2026-07-15
probieren sie pressable hier aus,1,2,2025-12-30,2026-07-22
production and development modes,1,2,2024-02-22,2026-07-18
professional-grade wordpress email hosting powered by titan,2,2,2026-02-23,2026-07-21
pruebe pressable aquí,1,2,2025-01-18,2026-07-17
prøv pressable her,1,2,2025-12-23,2026-07-15
puristettavissa,2,2,2025-01-09,2026-07-04
quitarle clientes a wpengine,1,2,2024-10-24,2026-06-29
reach out to us today,2,2,2023-12-24,2026-07-13
read this and follow it,1,2,2024-02-17,2026-07-20
referral link,1,2,2025-11-03,2026-07-08
reglas clave de seo,1,2,2026-07-16,2026-07-18
reinforce wordpress security with two-factor authentication,2,2,2026-01-20,2026-07-21
remote working,2,2,2022-02-13,2026-06-02
request a demo of pressable's managed wordpress hosting,1,2,2026-04-28,2026-07-02
request demo,1,2,2023-12-23,2026-07-21
resource center support resource center support pin,1,2,2026-04-06,2026-07-22
"rise up to $2,500 when migrating your current woocommerce retailer to pressable premium.",2,2,2025-08-23,2026-07-18
"rise up to $2,500 when migrating your present woocommerce retailer to pressable premium.",2,2,2025-08-27,2026-07-16
say hello to the new mypressable dashboard experience,2,2,2024-06-22,2026-07-21
scalable wordpress guide,2,2,2025-09-10,2026-07-20
scegli pressable,2,2,2024-10-27,2026-06-30
schedule a consultation with us,2,2,2023-12-14,2026-07-04
screenshot of pressable.com,1,2,2026-03-19,2026-07-22
screenshot of pressable.com screenshot of pressable.com,1,2,2024-10-22,2026-07-04
see how easy switching can be.,1,2,2025-07-03,2026-04-18
see plans,1,2,2023-08-23,2026-07-11
server-side caching,2,2,2025-10-17,2026-07-13
servidor web pressable,1,2,2023-11-30,2026-07-10
setting up email accounts in pressable,2,2,2023-10-07,2026-07-21
several layers of caching,1,2,2024-11-12,2026-07-20
sign up here,2,2,2026-03-15,2026-07-22
sign up today,1,2,2024-01-15,2026-07-15
significantly faster than competing seo plugins,1,2,2025-11-29,2026-07-18
so go check out pressable!,1,2,2023-12-01,2026-07-11
social media marketing,2,2,2022-02-13,2026-06-02
speed up your wordpress site by optimizing autoloaded data,2,2,2026-03-17,2026-07-21
speeding things up,2,2,2024-07-29,2026-07-05
ssl certificates,2,2,2024-08-08,2026-07-12
staging areas,2,2,2024-06-22,2026-07-04
"stand up to $2,500 when migrating your current woocommerce retailer to pressable premium.",2,2,2025-08-26,2026-07-21
start with pressable,1,2,2023-05-28,2026-07-19
starting out as a wordpress freelancer in 2022,2,2,2026-03-17,2026-07-21
state of the word 2022: our top takeaways | pressable,1,2,2026-04-16,2026-07-02
stay connected to pressable news,2,2,2026-03-17,2026-07-21
stay on your website for longer,2,2,2023-12-20,2026-06-02
stlačitelný,2,2,2025-06-26,2026-07-09
strengthening cyber security with intrusion detection systems,2,2,2024-11-06,2026-07-21
sudden spike in visitors,2,2,2025-03-16,2026-07-07
take a peek at the $100/site deal.,1,2,2025-07-03,2026-04-21
tap here to explore pressable,1,2,2025-06-14,2026-06-24
templates and themes,2,2,2022-02-13,2026-06-02
testa pressable här,1,2,2025-12-26,2026-07-16
"tg發帖,tg自...",1,2,2025-09-19,2026-06-01
the ability to press,2,2,2023-08-28,2026-07-18
the pressable,2,2,2024-01-07,2026-07-17
the pressable blog,1,2,2025-06-07,2026-05-02
the role of php workers in your wordpress site’s efficiency,1,2,2025-12-12,2026-06-20
the seo framework automatically generates improvements to product listings including critical seo metadata,1,2,2025-11-29,2026-07-18
the top 5 woocommerce seo plugins,2,2,2026-03-17,2026-07-21
the true price of a woocommerce store,2,2,2024-07-29,2026-07-21
the ultimate guide to selecting the best woocommerce hosting for your online store,2,2,2024-08-06,2026-07-22
"themes, plugins, and database queries",1,2,2026-05-21,2026-07-07
this,1,2,2024-03-14,2026-06-16
tips for growing your agency or freelance business in 2021 – pressable,2,2,2025-03-06,2026-07-13
tips for speeding up wordpress server response time,1,2,2025-12-12,2026-06-20
tips on building a successful wordpress sales funnel: your guide to boosting conversions,2,2,2025-10-01,2026-07-21
transfer your wordpress site using our flawless migration plan,2,2,2025-01-20,2026-07-21
try it now learn more,1,2,2026-05-19,2026-05-19
try now,1,2,2025-11-24,2026-04-03
try pressable here,2,2,2024-09-27,2026-07-15
try pressable — from $25/mo →,1,2,2026-04-11,2026-07-21
try.pressable.com,2,2,2025-12-10,2026-07-11
trykbar,1,2,2026-01-01,2026-04-13
ttps://pressable.com/legal/privacy-policy,2,2,2025-03-15,2026-07-07
twpressable,2,2,2024-03-07,2026-07-11
understanding php workers: how they impact your wordpress site's performance,2,2,2023-11-19,2026-07-22
understanding server-side caching: a closer examination,1,2,2025-12-12,2026-06-20
uptime guarantee,1,2,2024-01-18,2026-07-21
use web app,2,2,2025-04-04,2026-07-04
using the pressable automated migration plugin,2,2,2026-03-17,2026-07-21
van pressable.com,1,2,2025-02-09,2026-07-13
velocímetro,1,2,2026-07-16,2026-07-18
ver ofertas,2,2,2024-11-11,2026-06-17
ver precios,1,2,2026-04-28,2026-07-04
view privacy policy,1,2,2024-12-28,2026-07-07
view site,2,2,2026-02-22,2026-06-06
view source listing →,1,2,2026-07-07,2026-07-08
view terms of service,1,2,2024-12-28,2026-07-07
visit here,1,2,2023-12-16,2026-07-18
visit program,2,2,2026-04-17,2026-07-20
visit site ↗,1,2,2026-06-28,2026-07-16
visit ,1,2,2024-10-28,2026-07-08
visitar sitio oficial,2,2,2026-01-13,2026-03-27
visiter le site,1,2,2026-07-10,2026-07-23
von pressable.com,1,2,2025-02-09,2026-07-13
web application firewall (waf),2,2,2024-08-08,2026-07-17
webinar archive,1,2,2022-12-09,2026-07-22
webp image guide: how to use webp format with wordpress,2,2,2024-07-27,2026-07-21
what are wordpress block patterns and how to use them?,2,2,2026-03-17,2026-07-21
what are wordpress nonces and how to use them,2,2,2025-10-13,2026-07-21
what is pressable?,2,2,2025-03-05,2026-07-21
what is wordpress and why it’s the best choice for building your business website,2,2,2025-03-17,2026-07-21
what is wp cloud? a complete guide for developers and website owners,2,2,2024-11-02,2026-07-22
what to do when a wordpress plugin breaks your site,2,2,2025-11-29,2026-07-21
what to do when your server is down: essential troubleshooting tips,2,2,2026-03-17,2026-07-21
when your web design client fails to deliver content,2,2,2025-02-06,2026-07-21
why a wordpress cdn matters,2,2,2025-09-09,2026-07-21
why you need jetpack for wordpress,2,2,2026-03-17,2026-07-21
woocommerce conversion rate optimization: a data-driven approach,2,2,2026-02-04,2026-07-21
wordable,1,2,2026-03-09,2026-06-06
wordpress 6.3 release – what to expect,2,2,2024-01-09,2026-07-10
wordpress automation with no code automation tools,2,2,2026-03-23,2026-05-01
wordpress cookie consent: what site owners need to know,2,2,2025-11-20,2026-07-21
wordpress course monetization: pricing strategies and revenue models,2,2,2026-01-22,2026-07-21
wordpress gutenberg updates: all you need to know,2,2,2026-03-17,2026-07-21
wordpress hosting solution,2,2,2023-12-14,2026-07-04
wordpress image optimization for better performance,1,2,2026-03-25,2026-07-12
wordpress migration seo checklist: protect your rankings during site transfers,2,2,2025-10-27,2026-07-21
wordpress optimization practices for peak site performance,2,2,2023-12-22,2026-07-21
wordpress personalization: how to display tailored content to visitors,2,2,2026-02-04,2026-07-21
wordpress plugins,2,2,2024-08-13,2026-06-02
wordpress vs. ghost: comparing open-source blog and newsletter solutions,2,2,2025-10-27,2026-07-21
wordpress web hosting by zippykid,1,2,2024-04-03,2026-07-10
wordpress.com,1,2,2026-02-08,2026-06-26
wp minute x pressable,1,2,2026-03-17,2026-07-21
wp101,2,2,2023-09-11,2026-07-18
yoast seo,2,2,2024-08-13,2026-06-02
yoast seo works with woocommerce,1,2,2025-11-29,2026-07-18
you will need to implement a custom-redirects file by following the guidance in pressable’s documentation,1,2,2026-01-16,2026-05-17
được hỗ trợ bởi sla,1,2,2024-01-14,2026-07-14
натискне,2,2,2024-12-09,2026-05-02
прессованной,2,2,2025-03-20,2026-06-22
مشکل woocommerce,2,2,2024-09-20,2026-07-09
ดูแผนโฮสติ้งของ pressable,1,2,2025-03-04,2026-06-09
こちらをクリックしてホスティングプランをご覧ください,1,2,2025-12-27,2026-07-22
ページサイズの75%縮小,1,2,2024-02-08,2026-07-17
内蔵,1,2,2026-01-25,2026-07-16
可压,2,2,2024-08-26,2026-06-22
在 pressable 官网购买,1,2,2026-04-18,2026-07-13
开始使用 pressable,2,2,2024-01-07,2026-07-21
打开网站,1,2,2026-04-05,2026-07-19
監視,1,2,2026-01-30,2026-07-14
立即访问,1,2,2025-11-26,2026-04-01
链接直达,2,2,2024-06-22,2026-04-29
누르는,1,2,2026-01-26,2026-04-16
여기를 클릭하세요,1,2,2026-01-20,2026-07-15
👉 tap here to explore pressable,1,2,2025-06-14,2026-05-01
🔥 get started with pressable now,1,2,2025-01-19,2026-07-22
🔥get started with pressable now,1,2,2025-02-02,2026-07-19
"!! end of summer sale !! get 50% off all new monthly plans thru the end of 2020 with promo code summer50 *promotion ends on sept. 16, 2020. valid for new customer purchases only.",1,1,2024-06-26,2026-06-02
"""3 wordpress plugins that developers can’t live without - developer's pick""",1,1,2024-10-15,2026-07-11
$17.50 per month,1,1,2023-12-25,2026-07-21
$20.83 per month,1,1,2026-05-16,2026-07-18
$20.83/mo,1,1,2026-05-30,2026-05-30
"$5,000",1,1,2025-12-01,2026-07-08
"$55,000 per day",1,1,2025-09-20,2026-07-06
(2),1,1,2024-11-04,2026-07-16
(3),1,1,2024-11-04,2026-07-16
(pressable.com),1,1,2026-03-09,2026-05-09
.,1,1,2026-04-02,2026-05-12
0.50 seconds or less,1,1,2024-11-12,2026-07-16
1 click cloning of a site,1,1,2024-01-30,2026-07-18
10 best options for managed wordpress hosting 3,1,1,2024-05-18,2026-07-21
10 lead magnet ideas to use on your wordpress site,1,1,2026-03-17,2026-07-21
10 pro tips for securing your wordpress websites,1,1,2026-03-17,2026-07-21
10 woocommerce seo tips to boost your rankings,1,1,2026-03-17,2026-07-21
100-site plan,1,1,2025-05-04,2026-07-14
11,1,1,2025-02-05,2026-07-17
1200 x 630,1,1,2025-05-24,2026-04-30
13 tips for wordpress website management,1,1,2026-03-17,2026-07-21
15 ways to improve wordpress performance,1,1,2026-03-17,2026-07-21
151008292,1,1,2026-02-27,2026-03-30
16,1,1,2024-11-21,2026-07-08
18 must-have wordpress marketing automation tools for a scalable b2b marketing funnel,1,1,2026-03-17,2026-07-21
2,1,1,2024-07-25,2026-06-03
2 months free,1,1,2023-10-12,2026-05-02
2 months free hosting,1,1,2025-03-24,2026-06-03
2. pressable,1,1,2026-05-23,2026-07-23
2. pressable — premium managed wordpress hosting,1,1,2026-04-13,2026-07-02
2. what is gpl ? here&#39;s what developers and legal professionals need... [pressable.com],1,1,2026-03-02,2026-07-02
2. what is gpl? here's what developers and legal ... [pressable.com],1,1,2026-03-02,2026-07-02
20 common wordpress seo mistakes to avoid,1,1,2026-03-17,2026-07-21
2025年5家速度最快的wordpress网站托管主机推荐（已测试） 2025年5家速度最快的wordpress网站托管主机推荐（已测试）,1,1,2025-04-13,2026-02-10
24/7 service,1,1,2024-01-30,2026-02-03
25 долларов в,1,1,2025-12-26,2026-06-07
30-day mbg →,1,1,2026-04-20,2026-05-08
30-day money-back guarantee on all pressable hosting plans,1,1,2026-03-17,2026-07-21
32,1,1,2025-01-26,2026-07-04
4,1,1,2025-03-07,2026-07-10
47,1,1,2025-10-20,2026-07-16
5 agency websites inspiring us,1,1,2026-03-17,2026-07-21
5 best plugins for your woocommerce store,1,1,2026-03-17,2026-07-21
5 common woocommerce issues and how to fix them,1,1,2026-03-17,2026-07-21
5 emerging web design trends for wordpress websites,1,1,2026-03-17,2026-07-21
5 keys to simplify wordpress maintenance and support,1,1,2026-03-17,2026-07-21
5 questions you need to ask a client before starting a new wordpress design project,1,1,2026-03-17,2026-07-21
5 tips for decreasing abandoned carts in your woocommerce store,1,1,2026-03-17,2026-07-21
5. pressable,1,1,2026-03-29,2026-07-12
58% of people,1,1,2025-04-05,2026-06-28
6 benefits of hosting your wordpress website on the cloud,1,1,2026-03-17,2026-07-21
6 places to entertain your inner child after wordcamp orlando,1,1,2025-06-27,2026-07-17
6 steps to creating more engaging blog articles,1,1,2026-03-17,2026-07-21
6. pressable,1,1,2023-09-11,2026-07-11
60 天全額退款保證,1,1,2026-05-31,2026-07-07
60-day full money-back guarantee,1,1,2026-05-31,2026-07-07
60-day money-back guarantee,1,1,2026-05-31,2026-07-07
7 mistakes to avoid when using canonical tags on your wordpress website,1,1,2026-03-17,2026-07-21
7 non-technical ways to speed up a slow wordpress site,1,1,2024-01-06,2026-07-14
7 places to include search engine optimization (seo) keywords on your website,1,1,2025-12-03,2026-07-20
7 popular ecommerce plugins for wordpress,1,1,2026-03-17,2026-07-21
8 easy steps to secure your woocommerce site,1,1,2026-03-17,2026-07-21
8 pro tips for building a killer woocommerce store,1,1,2026-03-17,2026-07-21
99.9% guaranteed uptime,1,1,2024-08-08,2026-02-03
[10],1,1,2026-05-07,2026-05-07
[11],1,1,2026-05-07,2026-05-07
[12],1,1,2024-11-10,2026-07-16
[20],1,1,2026-04-14,2026-06-03
[35],1,1,2025-03-13,2026-06-01
[3] pressable,1,1,2025-12-15,2026-03-30
[4,1,1,2026-05-08,2026-05-08
[5,1,1,2026-05-20,2026-05-20
[5] pressable blog (wordpress webhooks),1,1,2025-12-15,2026-04-08
[7],1,1,2026-04-14,2026-04-14
[9,1,1,2024-09-08,2026-06-13
[9],1,1,2026-05-07,2026-05-07
[[2]],1,1,2025-04-28,2026-02-17
[[3]],1,1,2025-04-11,2026-01-12
a clear write-up of how disruptive switching modes is later,1,1,2026-04-18,2026-07-15
a complete guide to starting your wordpress freelance business,1,1,2026-03-17,2026-07-21
a guide to client onboarding for wordpress agencies,1,1,2026-05-09,2026-06-29
a guide to custom gutenberg blocks,1,1,2026-03-17,2026-07-21
a guide to discovering the best wordpress themes,1,1,2026-03-17,2026-07-21
a guide to full site editing with wordpress,1,1,2026-03-17,2026-07-21
a guide to multilingual wordpress sites,1,1,2026-03-17,2026-07-21
a guide to mypressable control panel..,1,1,2023-09-08,2026-07-04
a guide to wordpress information architecture for businesses,1,1,2026-03-17,2026-07-21
a guide to wordpress maintenance contracts for agencies,1,1,2026-04-20,2026-06-04
a következőképpen módosíthatja a php verzióját,1,1,2024-10-23,2026-04-01
a local wordpress development site does take plenty of steps,1,1,2024-07-27,2026-06-16
a nice interview with cami kaos,1,1,2025-02-27,2026-07-16
a poorly managed database,1,1,2026-04-16,2026-06-25
a quick guide to wordpress multisite hosting,1,1,2026-03-17,2026-07-21
a range of managed wordpress hosting plans,1,1,2024-10-25,2026-06-25
a recap and full recording of our ai workflows for wordpress and woocommerce conversation,1,1,2026-07-22,2026-07-22
a record,1,1,2024-01-20,2026-07-17
a robust hosting platform from pressable,1,1,2024-09-14,2026-07-17
a robust hosting solution,1,1,2023-11-20,2026-07-17
a robust hosting solution – pressable.,1,1,2024-05-09,2026-03-30
about,1,1,2026-07-10,2026-07-18
about page,1,1,2024-06-26,2026-07-12
about pressable,1,1,2024-11-22,2026-07-04
absence,1,1,2025-11-08,2026-07-21
access your server space via sftp,1,1,2023-09-01,2026-07-10
accessing a wordpress database with pressable,1,1,2026-03-17,2026-07-21
accessing backups,1,1,2026-03-17,2026-07-21
accessing web server logs for your site,1,1,2026-03-17,2026-07-21
accessing wordpress error logs on your site,1,1,2026-03-17,2026-07-21
acelerar,1,1,2026-07-16,2026-07-18
achieved top tier status,1,1,2024-11-09,2026-07-21
acuerdo de nivel de servicio,1,1,2024-05-14,2026-01-16
add captcha or recaptcha to your wordpress site,1,1,2026-03-17,2026-07-21
add your site to pressable,1,1,2023-09-01,2026-07-16
adding a new site to your pressable account,1,1,2026-03-17,2026-07-21
adding automation to your wordpress site part ii,1,1,2026-04-20,2026-07-11
adding automation to your wordpress site – part i,1,1,2025-05-06,2026-07-10
adding custom headers to your wordpress site,1,1,2026-03-17,2026-07-21
adding custom redirects,1,1,2026-01-29,2026-07-02
adding custom redirects with custom-redirects.php,1,1,2026-03-17,2026-07-21
adding dns records in pressable,1,1,2026-03-17,2026-07-21
adding multiple domains in pressable,1,1,2026-03-17,2026-07-21
adding mx records automatically in pressable,1,1,2026-03-17,2026-07-21
adding tags on your wordpress website,1,1,2026-03-17,2026-07-21
addressing wordpress's 'err_connection_timed_out' error,1,1,2026-03-17,2026-07-21
addweb,1,1,2026-06-30,2026-07-11
advanced techniques for woocommerce speed optimization,1,1,2026-03-17,2026-07-21
advanced wordpress security: web application firewalls (waf),1,1,2025-10-27,2026-06-27
affiliate program page,1,1,2026-05-02,2026-05-21
affiliate referral agreement,1,1,2026-03-17,2026-07-21
affordable hosting,1,1,2024-07-23,2026-07-04
află mai mult ›,1,1,2023-12-14,2026-03-02
agency incentive 2026,1,1,2026-03-17,2026-07-21
agency wordpress hosting,1,1,2026-03-17,2026-07-21
"ai content moderation tools for wordpress: fighting back against ai spam wordpress has always had a spam problem, but it’s become orders of magnitude worse since the rise of generative ai. it costs almost nothing to produce thousands of human-sounding spam comments and articles. that makes manual moderation impractical and older methods of spam prevention inadequate. pressable",1,1,2026-01-07,2026-02-02
al construir tu tienda,1,1,2026-07-16,2026-07-18
all systems operational,1,1,2021-04-18,2026-06-24
aller au pressable logo pressable portail de facturation,1,1,2026-04-17,2026-07-06
allowed pressable storage space,1,1,2026-03-17,2026-07-21
allowing caching for wpml and wcml on pressable,1,1,2026-03-17,2026-07-21
allows font sizes to adjust,1,1,2025-02-10,2026-07-06
alojamiento premium,1,1,2024-04-01,2026-07-05
alojamiento prensable,1,1,2025-04-06,2026-07-12
an a record in dns,1,1,2024-11-10,2026-07-16
an announcement,1,1,2025-04-22,2026-07-22
an in-depth guide to creating block patterns in wordpress,1,1,2026-03-17,2026-07-21
anfitrión,1,1,2026-07-16,2026-07-18
announcements,1,1,2026-03-17,2026-07-21
antonio garza,1,1,2026-05-27,2026-05-27
använd webb-app,1,1,2026-05-05,2026-05-05
api,1,1,2025-05-07,2026-07-21
apis von openai oder anthropic direkt,1,1,2026-07-03,2026-07-19
aplicaciones como,1,1,2026-07-16,2026-07-18
apoyo,1,1,2026-07-16,2026-07-18
apply here,1,1,2026-05-21,2026-07-13
apretable,1,1,2026-01-19,2026-07-10
"april product update: navigation, organization, and efficiency",1,1,2026-05-09,2026-06-29
aquí,1,1,2026-07-16,2026-07-18
are you making these common wordpress mistakes?,1,1,2026-03-17,2026-07-21
are your web fonts legal? a guide to font licensing for wordpress agencies,1,1,2026-03-17,2026-07-21
around the clock wordpress support that radiates expertise - pressable,1,1,2026-04-28,2026-07-02
article,1,1,2024-07-12,2026-07-14
"articles by obatarhe ""tarhe"" otughwor, customer success engineer",1,1,2026-04-28,2026-07-02
"articles by zach wiesman, director of customer success",1,1,2026-04-28,2026-07-02
"articles by zach wiesman, director of operations",1,1,2026-07-02,2026-07-02
artificial intelligence,1,1,2026-01-07,2026-02-02
"as google’s research shows, user experience degrades rapidly with slow load times",1,1,2025-09-25,2026-07-11
ask the support staff to restore a backup for you,1,1,2024-11-26,2026-07-10
assign a custom staging domain to your pressable site,1,1,2026-03-17,2026-07-21
assigning a domain to your pressable site,1,1,2026-03-17,2026-07-21
author site,1,1,2026-07-07,2026-07-07
auto-update email notifications,1,1,2026-03-17,2026-07-21
automated backups,1,1,2026-03-17,2026-07-21
automated wordpress updates,1,1,2024-11-12,2026-07-17
automatic daily backups,1,1,2024-04-10,2026-06-22
automatic daily site backups,1,1,2026-04-25,2026-07-19
automatic failover service,1,1,2024-04-10,2026-06-22
automatic managed wordpress updates,1,1,2026-03-17,2026-07-21
"automatic updates, performance optimization, malware scans, and daily backups",1,1,2026-06-11,2026-07-10
automatic wordpress core updates: testing & notifications,1,1,2026-03-17,2026-07-21
automating agency workflows with wordpress webhooks,1,1,2026-03-17,2026-07-21
automating wordpress security: top tips to safeguard your site from cyberattacks,1,1,2026-03-17,2026-07-21
automattic / pressable hosting costs cut in half zero downtime · enterprise migration,1,1,2026-07-04,2026-07-06
automattic / pressable خفض تكاليف الاستضافة للنصف بدون توقف · ترحيل enterprise,1,1,2026-06-26,2026-06-26
automattic invests in pressable,1,1,2025-11-07,2026-07-09
averting disaster: automated wordpress website backups,1,1,2026-03-17,2026-07-21
aws powers roughly 31.5% of the global cloud infrastructure market,1,1,2026-06-14,2026-07-12
aws vs. pressable,1,1,2026-03-17,2026-07-21
banned plugins at pressable,1,1,2024-01-08,2026-07-18
bash command execution on individual sites,1,1,2026-03-17,2026-07-21
basic authentication,1,1,2026-03-17,2026-07-21
basılabilir,1,1,2025-11-07,2026-07-17
bay area web solutions - development services - pressable,1,1,2026-04-13,2026-04-21
baza extinsă de cunoștințe,1,1,2023-12-06,2026-07-06
beaver builder vs. elementor: which page builder is better for marketing teams?,1,1,2026-03-17,2026-07-21
begin bij pressable,1,1,2026-04-09,2026-07-18
bekijk hier pressable,1,1,2025-01-29,2026-01-02
benchmarking wordpress for better results and less pain,1,1,2023-12-19,2026-07-22
benefits,1,1,2024-03-25,2026-01-04
benefits of openverse for wordpress sites,1,1,2026-03-17,2026-07-21
benefits of openverse for wordpress sites - pressable,1,1,2025-06-25,2026-07-16
benefits of using schema for wordpress,1,1,2026-03-17,2026-07-21
best ecommerce hosting,1,1,2026-03-17,2026-07-21
best ecommerce wordpress hosting,1,1,2026-03-17,2026-07-21
best hosting solutions for managed wordpress websites in 2025 pressable,1,1,2025-08-22,2026-02-01
best inventory management for woocommerce,1,1,2026-03-17,2026-07-21
best practices for ddos attack prevention and protection,1,1,2026-03-17,2026-07-21
best practices for ddos attack prevention and protection | pressable,1,1,2026-07-02,2026-07-02
best practices for implementing scalable hosting,1,1,2024-04-11,2026-07-18
best practices for scalable wordpress sites,1,1,2026-04-18,2026-07-10
best practices for securing your pressable account ownership,1,1,2026-03-17,2026-07-21
best web hosting: experience pressable's unmatched performance,1,1,2026-04-04,2026-04-26
best wordpress cloud hosting,1,1,2024-11-15,2026-05-16
best wordpress staging plugin,1,1,2026-03-17,2026-07-21
big stores like root science and mint mobile use woocommerce,1,1,2025-08-07,2026-07-20
billing for wordpress hosting without confusing your clients,1,1,2026-03-17,2026-07-21
billing options to choose plan billing options to choose plan,1,1,2022-09-23,2026-07-03
blog posts,1,1,2024-01-19,2026-06-02
blog sites,1,1,2026-04-09,2026-07-11
boleh ditekan,1,1,2026-04-20,2026-05-24
"boosting conversions, not load times: performance-focused a/b testing of landing pages in wordpress",1,1,2026-03-17,2026-07-21
brand & community lead,1,1,2026-03-17,2026-07-21
browser info,1,1,2026-03-17,2026-07-21
brug webapp,1,1,2024-12-10,2026-04-25
bruk nettapp,1,1,2026-05-25,2026-05-25
build locally. sync seamlessly. wordpress studio now works with pressable.,1,1,2026-03-17,2026-07-21
build recurring revenue through structured maintenance plans,1,1,2026-06-21,2026-07-21
build websites better with pressable wordpress hosting,1,1,2026-03-03,2026-06-24
building decoupled (headless) wordpress sites with wpgraphql,1,1,2026-03-17,2026-07-21
building your business as a wordpress freelancer,1,1,2026-03-17,2026-07-21
built woocommerce,1,1,2025-03-15,2026-07-13
built-in server-side caching,1,1,2025-06-15,2026-02-18
burley storage units,1,1,2025-11-09,2026-06-22
but reserves the subdomain multisite,1,1,2026-06-12,2026-07-10
caching,1,1,2024-09-08,2026-07-17
caching and cdn information,1,1,2026-07-11,2026-07-11
caching improves website performance,1,1,2025-08-06,2026-04-10
caminhos absolutos,1,1,2025-02-05,2026-07-17
can iframes harm your wordpress website's seo?,1,1,2026-03-17,2026-07-21
can pressable register a domain for me?,1,1,2026-03-17,2026-07-21
cbd hosting,1,1,2026-03-17,2026-07-21
ccpsc certification test answers ? ccpsc new test camp ? new ccpsc copyright ↘ ➡ www.pdfvce.com ️⬅️ is best website to obtain ✔ ccpsc ️✔️ for free download ?formal ccpsc test,1,1,2026-07-02,2026-07-23
ccpsc certification test answers ? ccpsc new test camp ? new ccpsc dumps sheet ↘ ➡ www.pdfvce.com ️⬅️ is best website to obtain ✔ ccpsc ️✔️ for free download ?formal ccpsc test,1,1,2026-05-22,2026-07-02
cdn documentation,1,1,2026-05-31,2026-07-07
certificado ssl,1,1,2026-07-16,2026-07-18
change account level php version for new sites,1,1,2026-03-17,2026-07-21
changing a website display name,1,1,2026-03-17,2026-07-21
chat with sales,1,1,2026-03-17,2026-07-21
check deals,1,1,2024-02-09,2026-06-20
check if your site is in one of the following clusters,1,1,2023-11-30,2026-04-23
check it out,1,1,2024-10-25,2026-06-25
check latest prices,1,1,2023-12-10,2026-06-21
check out pressable,1,1,2024-09-06,2026-07-02
check pressable,1,1,2023-07-19,2026-01-06
check pressable pricing,1,1,2026-04-18,2026-04-18
check pressable →,1,1,2026-05-05,2026-07-01
check price on: pressable,1,1,2025-03-30,2026-06-05
choose pressable plan choose pressable plan,1,1,2022-12-09,2026-07-03
choose the best one,1,1,2025-09-22,2026-06-07
choosing between php and javascript: all you need to know,1,1,2026-03-17,2026-07-21
choosing your wordpress multisite url structure,1,1,2026-03-17,2026-07-21
claim exclusive deal,1,1,2026-06-23,2026-07-14
clearing your divi css cache,1,1,2026-03-17,2026-07-21
clicca qui per esplorare le loro offerte,1,1,2026-05-01,2026-07-14
click here if not redirected automatically.,1,1,2026-07-19,2026-07-19
click to reach the website,1,1,2024-09-01,2026-05-22
cliquez ici pour explorer leurs plans d'hébergement,1,1,2025-05-15,2026-02-03
cloning your website,1,1,2026-07-11,2026-07-11
cloud hosting advantages,1,1,2025-08-12,2026-01-15
cloudflare vs. pressable,1,1,2026-03-17,2026-07-21
cloudways,1,1,2026-07-22,2026-07-22
cloudways vs. pressable,1,1,2026-03-17,2026-07-21
cmo at pressable,1,1,2026-07-05,2026-07-21
cms detector,1,1,2026-03-17,2026-07-21
code: ghost,1,1,2025-01-30,2026-04-25
code: summer50,1,1,2025-01-30,2026-04-25
collaborator,1,1,2024-09-08,2026-07-17
comece com a pressable,1,1,2026-04-09,2026-04-25
comece com pressable,1,1,2023-12-11,2026-05-16
comienza con pressable,1,1,2023-05-27,2026-06-05
coming soon: new mypressable dashboard experience,1,1,2026-03-17,2026-07-21
comment corriger l’erreur err_too_many_redirects,1,1,2026-03-09,2026-06-23
common mistakes when choosing a wordpress host (and how to avoid them),1,1,2026-03-17,2026-07-21
common vectors for malware and how to mitigate them,1,1,2026-03-17,2026-07-21
company website,1,1,2023-05-30,2026-01-04
complete guide to accessibility in wordpress,1,1,2026-03-12,2026-06-26
complimentary access to jetpack security daily,1,1,2023-10-12,2026-06-22
comprehensive level of ongoing customer support.,1,1,2024-01-30,2026-02-03
compressible,1,1,2025-06-01,2026-02-19
configure your pressable website,1,1,2024-02-05,2026-07-16
connect to ssh on pressable,1,1,2026-03-17,2026-07-21
consider your website’s,1,1,2025-04-19,2026-07-13
consulter le site,1,1,2026-02-28,2026-05-10
consultez pressable ici,1,1,2025-03-08,2026-01-02
consultor seo en colombia,1,1,2026-07-16,2026-07-18
contact sales,1,1,2024-02-29,2026-07-21
content delivery network,1,1,2024-01-10,2026-07-17
contentious landing page,1,1,2024-10-08,2026-04-13
continue reading →,1,1,2026-04-19,2026-06-03
contract buyout offer,1,1,2024-09-28,2026-07-14
contratto di servizio di pressable,1,1,2024-05-05,2026-01-16
control panel,1,1,2025-07-02,2026-02-28
cookie,1,1,2023-09-01,2026-05-31
cookie policy,1,1,2026-03-17,2026-07-21
copy your wordpress pages: the easy way | pressable,1,1,2026-04-28,2026-07-02
core web vitals,1,1,2026-03-30,2026-05-19
core web vitals: how to improve your website's first input delay (fid),1,1,2026-03-17,2026-07-21
cracking the server cluster code: everything you need to know,1,1,2023-12-19,2026-07-22
crafting amazing wordpress experiences,1,1,2026-03-17,2026-07-21
create site templates,1,1,2026-03-17,2026-07-21
creating a woocommerce multisite environment in wordpress,1,1,2026-03-17,2026-07-21
creative ways to offer memberships,1,1,2026-03-17,2026-07-21
críticas positivas de los clientes,1,1,2026-07-16,2026-07-18
curious? here’s what the buzz is about.,1,1,2025-07-04,2026-04-17
customer reviews,1,1,2026-03-17,2026-07-21
customer stories,1,1,2024-06-26,2026-06-02
customer success agent,1,1,2025-10-21,2026-07-23
customization options,1,1,2021-06-21,2026-07-13
customized for any business,1,1,2024-09-11,2026-07-10
có thể ép,1,1,2025-11-08,2026-07-16
có thể ép được,1,1,2025-10-30,2026-06-22
códigos utm,1,1,2026-07-16,2026-07-18
daha fazla bilgi edinin,1,1,2025-11-05,2026-06-24
dai un'occhiata a pressiable qui,1,1,2025-02-20,2026-01-02
daily backups,1,1,2023-06-09,2026-02-03
dapat ditekan,1,1,2025-11-08,2026-07-15
dapatkan pressable,1,1,2024-12-13,2026-06-30
dashboard di pressable,1,1,2026-04-25,2026-07-20
dashboard von pressable,1,1,2026-04-30,2026-07-07
"database optimisation removes spam comments, expired transients",1,1,2026-06-04,2026-07-16
database optimization matters,1,1,2025-04-11,2026-07-19
datacenter certifications and regulatory compliance,1,1,2026-03-17,2026-07-21
"ddos protection, and threat monitoring",1,1,2023-12-30,2026-02-03
dealing with php issues,1,1,2026-03-17,2026-07-21
"dealing with the google safe browsing ""dangerous site ahead"" warning",1,1,2026-03-17,2026-07-21
debugging your wordpress website,1,1,2026-03-17,2026-07-21
dedicated word press hosting,1,1,2023-10-06,2026-07-07
dedicated wordpress hosting from pressable,1,1,2026-03-27,2026-06-30
default datacenter selection for new sites,1,1,2026-03-17,2026-07-21
delete symlinks and plugins from pressable-hosted sites,1,1,2026-03-17,2026-07-21
demand generation lead,1,1,2026-03-17,2026-07-21
deploy from github,1,1,2026-03-17,2026-07-21
descubrir pressable,1,1,2025-12-18,2026-01-31
desk: a new way to tell stories,1,1,2024-06-26,2026-07-14
desván del pastor,1,1,2026-07-16,2026-07-18
details,1,1,2025-03-02,2026-07-20
diagnosing and mitigating php worker saturation,1,1,2026-03-17,2026-07-21
"differences between php versions 7.4, 8.1, 8.2 and 8.3",1,1,2024-11-14,2026-07-15
"differences between php versions 8.1, 8.2 and 8.3",1,1,2026-03-17,2026-07-21
direct link,1,1,2023-08-18,2026-07-18
directamente,1,1,2026-07-03,2026-07-19
directement les api d’openai ou d’anthropic,1,1,2026-07-03,2026-07-19
disabling a site,1,1,2026-03-17,2026-07-21
disallow them,1,1,2025-09-13,2026-01-04
disallowed plugins on pressable,1,1,2026-03-17,2026-07-21
disallowing gptbots from accessing your site content,1,1,2026-03-17,2026-07-21
discount code,1,1,2026-01-28,2026-01-28
discover pressable’s offerings here.,1,1,2025-04-12,2026-03-02
dmca notice,1,1,2026-03-17,2026-07-21
dns,1,1,2026-07-16,2026-07-18
dns lookup tool,1,1,2026-03-17,2026-07-21
dns made easy and pressable,1,1,2026-03-17,2026-07-21
dns management,1,1,2023-09-29,2026-07-10
dns management: record types and when to use them this article is part three in a series dedicated to the dns management; dns record types explained. we recommend you… kb.pressable.com,1,1,2025-12-16,2026-07-14
dns record types and usage explained - pressable,1,1,2024-06-23,2026-06-01
dns records,1,1,2023-06-12,2026-07-08
dns records for email authentication & deliverability,1,1,2026-03-17,2026-07-21
do i need managed wordpress hosting?,1,1,2022-10-08,2026-06-13
docker vs. pressable,1,1,2026-03-17,2026-07-21
documentación de pressable mcp,1,1,2026-07-20,2026-07-20
documentation on our api,1,1,2025-03-02,2026-07-21
does pressable offer phpmyadmin access..,1,1,2024-08-01,2026-07-04
does pressable offer ssl certificates?,1,1,2026-03-17,2026-07-21
does pressable support sites in subfolders?,1,1,2026-03-17,2026-07-21
does pressable support the use of a reverse proxy?,1,1,2026-03-17,2026-07-21
does pressable support wp-cli?,1,1,2026-03-17,2026-07-21
domain not found error when accessing site,1,1,2026-03-17,2026-07-21
domain setup wizard,1,1,2026-03-17,2026-07-21
dorado,1,1,2026-07-16,2026-07-18
download file,1,1,2026-06-17,2026-06-17
dreamhost vs. pressable,1,1,2026-03-17,2026-07-21
drowning in plugins,1,1,2025-04-28,2026-06-05
drukbaar,1,1,2025-02-09,2026-02-28
duplikits site templates,1,1,2026-03-17,2026-07-21
e-book on full site editing,1,1,2023-08-20,2026-07-07
e-books,1,1,2023-09-21,2026-05-30
e-commerce websites,1,1,2025-02-13,2026-05-04
e-n computers’ 2024 calculation,1,1,2026-05-15,2026-05-15
easily manage multiple wordpress sites from one dashboard,1,1,2026-03-17,2026-07-21
easily manage multiple wordpress sites – pressable ↗,1,1,2025-07-07,2026-07-12
easy wordpress hosting,1,1,2026-03-17,2026-07-21
easy-to-use managed wordpress hosting dashboard,1,1,2025-03-02,2026-07-04
easy-to-use wordpress hosting dashboard & control panel,1,1,2026-03-17,2026-07-21
ecommerce hosting by pressable,1,1,2026-03-17,2026-07-21
een heldere uitleg over hoe disruptief het is om later van modus te wisselen,1,1,2026-04-18,2026-07-17
elegir pressable,1,1,2024-12-13,2026-07-21
email policy link,1,1,2023-10-02,2026-06-06
emerging tech,1,1,2026-02-08,2026-03-07
"emerging tech, b2b tag",1,1,2026-01-19,2026-02-05
empresa de alojamiento web premium,1,1,2024-04-27,2026-07-04
emulate a dns change by updating your hosts file - pressable knowledge basepressable knowledge base,1,1,2023-11-16,2026-02-09
enable wordpress maintenance mode,1,1,2026-03-17,2026-07-21
enabling mypressable two-factor authentication..,1,1,2024-11-22,2026-07-04
enabling two-factor authentication (2fa) and passkeys in mypressable,1,1,2026-03-17,2026-07-21
end of summer sale - get 50% off all new monthly plans w/c summer50,1,1,2025-01-30,2026-04-25
enhance product recommendations,1,1,2026-04-13,2026-07-08
enhanced performance,1,1,2026-04-25,2026-07-19
enterprise wordpress hosting,1,1,2026-03-17,2026-07-21
essayez pressable pour seulement 15 $ par mois avec notre offre spéciale,1,1,2024-01-01,2026-06-18
esta también es una excelente manera de aumentar la mrr,1,1,2026-07-16,2026-07-18
estabilidad y confiabilidad,1,1,2026-07-16,2026-07-18
establecer una,1,1,2026-07-16,2026-07-18
experimente pressable aqui,1,1,2026-03-22,2026-07-21
expert assistance,1,1,2024-09-08,2026-07-17
expertly managed web hosting,1,1,2026-03-17,2026-07-21
explora la documentación de pressable,1,1,2026-07-20,2026-07-20
explore managed hosting with pressable,1,1,2025-05-06,2026-07-05
explore pressable ➔,1,1,2024-02-07,2026-04-29
facebook sharing debugging: 301 errors on facebook shares,1,1,2026-03-17,2026-07-21
faqs article,1,1,2026-05-01,2026-05-01
fast and managed wordpress hosting by zippykid,1,1,2026-04-08,2026-06-22
fast pressable.com web 1 ref,1,1,2026-06-21,2026-06-21
fast wordpress hosting,1,1,2026-03-17,2026-07-21
fastest website hosting service,1,1,2024-08-02,2026-07-08
favicon pressable.com primary,1,1,2026-01-13,2026-03-09
favicon.ico,1,1,2022-10-11,2026-07-21
feature release: integrated cron job management,1,1,2026-03-17,2026-07-21
feature release: jump to site search,1,1,2026-03-17,2026-07-21
feature release: site details ui overhaul,1,1,2026-03-17,2026-07-21
feature release: wordpress mcp adapter (beta),1,1,2026-03-17,2026-07-21
"fees, promo codes, cancellations, and refunds",1,1,2026-03-17,2026-07-21
fieldguide.pressable.com,1,1,2025-12-10,2026-04-30
fight itself over hosting,1,1,2024-04-07,2026-06-13
file type not permitted when uploading media,1,1,2026-03-17,2026-07-21
financial resources from automattic,1,1,2018-03-29,2026-07-11
find a wordpress development partner,1,1,2026-03-17,2026-07-21
find the right plan,1,1,2023-10-12,2026-06-22
find your plan,1,1,2024-09-11,2026-07-10
finn ut mer,1,1,2026-05-25,2026-05-25
fique até us $ 2.500 ao migrar sua loja woocommerce existente para prêmio pressível.,1,1,2025-08-27,2026-07-04
first year at the company,1,1,2024-02-25,2026-07-16
five emails that will grow your woocommerce revenue,1,1,2026-03-17,2026-07-21
fix elementor “server error (500 error)” when saving posts,1,1,2026-03-17,2026-07-21
fixing err_too_many_redirects in wordpress,1,1,2026-03-17,2026-07-21
fluid typography in this guide,1,1,2024-11-26,2026-07-20
"fluid typography: understanding what it is, why, and how to use it",1,1,2026-03-17,2026-07-21
flyingfish web design & website care - development services,1,1,2026-04-29,2026-04-29
follow pressable on social media,1,1,2023-09-12,2026-07-07
fonte,1,1,2025-03-16,2026-07-14
fotón cdn,1,1,2024-06-22,2026-07-08
free automatic failover,1,1,2026-03-17,2026-07-21
free automatic failover for website reliability | pressable,1,1,2026-02-24,2026-06-09
free global content delivery network,1,1,2026-03-17,2026-07-21
free jetpack security - pressable,1,1,2026-04-28,2026-07-02
free managed migrations,1,1,2023-10-12,2026-06-22
free on every pressable plan,1,1,2026-07-12,2026-07-21
free premium maxcdn,1,1,2024-06-24,2026-07-21
free wordpress hosting is anything but,1,1,2026-03-17,2026-07-21
free wordpress hosting: how it can cost you | pressable,1,1,2026-04-28,2026-07-02
freelance contracts: where do i even start? - pressable,1,1,2024-11-04,2026-07-17
freelancers,1,1,2026-02-03,2026-06-02
frustrate consumers,1,1,2023-06-25,2026-07-18
full site editing with wordpress,1,1,2023-06-18,2026-07-12
funnels and event tracking in google analytics and mixpanel | zippykid,1,1,2025-02-04,2026-05-29
funnels and event tracking in google analytics and mixpanel | zippykid | web apps | scoop.it,1,1,2025-02-04,2026-05-29
g2 summer report: pressable tops 10 managed hosting categories,1,1,2026-03-17,2026-07-21
ga4 for wordpress: everything you need to know to master your data,1,1,2026-03-17,2026-07-21
gdpr policies,1,1,2024-12-03,2026-07-18
gehe zu pressable logo pressable abrechnungsportal,1,1,2026-07-03,2026-07-22
get 2 months free now,1,1,2023-10-12,2026-05-02
get deal,1,1,2025-11-07,2026-07-12
get more ratings and reviews with these 8 wordpress plugins,1,1,2026-03-17,2026-07-21
get pressable business →,1,1,2026-04-12,2026-07-22
get pressable hosting,1,1,2026-03-30,2026-07-11
get pressable now,1,1,2025-11-07,2026-07-12
get pressable personal →,1,1,2026-04-12,2026-07-22
get pressable pro →,1,1,2026-04-12,2026-07-22
get started,1,1,2026-06-23,2026-07-14
get started now,1,1,2025-12-16,2026-07-13
get started today,1,1,2025-03-15,2026-07-13
get started with pressable hosting from $20.83/month,1,1,2026-05-17,2026-07-21
get started with pressable mcp,1,1,2026-07-20,2026-07-20
get started with pressable mcp | pressable the model context protocol (mcp) is an open standard that allows ai assistants to connect to external services and take real actions on your behalf. the pressable.com,1,1,2026-04-12,2026-06-11
get started with pressable today!,1,1,2025-03-07,2026-07-16
get started with pressable.com ($20.83/month),1,1,2026-05-17,2026-07-21
get this deal here,1,1,2024-07-28,2026-07-20
getting started with model context protocol (mcp) on pressable,1,1,2026-03-17,2026-07-21
getting support - pressable knowledge base,1,1,2026-04-18,2026-04-18
git deployment documentation,1,1,2026-05-31,2026-07-07
git integration,1,1,2024-11-12,2026-07-17
git push,1,1,2024-12-16,2026-07-22
github and circleci deployment via sftp,1,1,2026-03-17,2026-07-21
github integration update: now syncing must-use (mu) plugins,1,1,2026-03-17,2026-07-21
github workflows for wordpress teams,1,1,2026-05-31,2026-07-16
global content delivery network,1,1,2023-10-12,2026-06-22
globe,1,1,2024-05-18,2026-05-02
go to hosting link,1,1,2026-03-06,2026-07-06
go to official website →,1,1,2026-05-11,2026-07-07
go to pressable logo pressable billing portal,1,1,2025-07-13,2026-07-04
google cloud vs. pressable,1,1,2026-03-17,2026-07-21
google safe browsing,1,1,2025-10-21,2026-07-03
google.com logo security & manual actions,1,1,2026-02-11,2026-04-13
google’s own data indicates that 53% of mobile users will abandon a page that takes longer than three seconds to load,1,1,2025-09-25,2026-07-11
goto pressable.com,1,1,2025-05-12,2026-01-22
gran hosting,1,1,2026-07-16,2026-07-18
gratis certificados ssl,1,1,2026-07-16,2026-07-18
guidance for cbd and hemp products,1,1,2026-03-17,2026-07-21
guide to creating block patterns in wordpress,1,1,2025-08-17,2026-07-09
guía de wp,1,1,2026-07-15,2026-07-18
gå till hemsidan,1,1,2026-04-04,2026-07-21
halaman status pressable,1,1,2026-04-09,2026-04-17
has,1,1,2023-12-17,2026-07-21
headless wordpress hosting,1,1,2026-03-17,2026-07-21
helpful guide,1,1,2025-02-07,2026-07-16
helpful pressable online knowledge base,1,1,2023-09-01,2026-07-10
here's more info.,1,1,2025-03-08,2026-07-07
high traffic / enterprise,1,1,2024-08-18,2026-06-02
hire an expert,1,1,2026-03-17,2026-07-21
hit by an outage,1,1,2023-08-21,2026-07-21
home,1,1,2023-06-14,2026-07-16
homepage - pressable knowledge base,1,1,2023-11-08,2026-04-18
homepage →,1,1,2026-07-15,2026-07-15
host de wordpress administrado,1,1,2026-07-16,2026-07-18
host your business with pressable,1,1,2026-03-17,2026-07-21
hosting 25+ wordpress sites the easy way,1,1,2026-03-17,2026-07-21
hosting data centers,1,1,2026-03-17,2026-07-21
hosting essentials,1,1,2026-03-17,2026-07-21
hosting for agencies,1,1,2025-03-10,2026-07-04
hosting for good,1,1,2026-03-17,2026-07-21
hosting for good: 15/10 foundation,1,1,2026-03-17,2026-07-21
hosting for good: extension foundation,1,1,2026-03-17,2026-07-21
hosting for good: it gets better,1,1,2026-03-17,2026-07-21
hosting for good: little sun,1,1,2026-03-17,2026-07-21
hosting for woocommerce websites,1,1,2024-03-02,2026-06-06
hosting provider,1,1,2024-06-26,2026-07-17
hosting solution,1,1,2026-01-25,2026-03-19
hosting solutions,1,1,2026-03-17,2026-07-21
hot takes from state of the word,1,1,2026-03-17,2026-07-21
how a web application firewall protects your wordpress website,1,1,2026-03-17,2026-07-21
how agencies can benefit from a client retention system,1,1,2026-03-17,2026-07-21
how can i access web server error logs with pressable | pressable,1,1,2026-06-18,2026-06-18
how can i access wordpress error logs with pressable | pressable,1,1,2026-01-09,2026-03-24
how can i expand my freelance or design business?,1,1,2026-03-17,2026-07-21
how cdn works at pressable,1,1,2026-03-17,2026-07-21
how do i add a collaborator to my site?,1,1,2025-04-26,2026-07-03
how do i add a collaborator to my site? - pressable ...,1,1,2023-06-06,2026-02-12
how do i add a collaborator to my site?..,1,1,2024-11-22,2026-07-04
how do i assign a domain to my website on pressable hosting?,1,1,2026-04-28,2026-07-02
how do i cancel my pressable account?,1,1,2026-03-17,2026-07-21
how do i change ip addresses?,1,1,2026-05-01,2026-05-01
how do i login to pressable's help portal and track a ticket?,1,1,2024-07-23,2026-02-12
how do i move a site off of pressable?,1,1,2026-03-17,2026-07-21
how do i obtain ftp/sftp access? - pressable,1,1,2024-06-28,2026-07-17
how do i restore a site from backup in pressable?,1,1,2026-03-17,2026-07-21
how do you test for theme and plugin conflicts?,1,1,2026-03-17,2026-07-21
how does batcache page caching work?,1,1,2026-03-17,2026-07-21
how does pressable deal with updates?,1,1,2026-03-17,2026-07-21
how managed wordpress hosting reduces your ops workload and boosts productivity,1,1,2026-03-17,2026-07-21
how many wordpress plugins are too many plugins?,1,1,2026-03-17,2026-07-21
how maxburst audits 200 industrial sites in under 45 minutes with pressable mcp,1,1,2026-07-02,2026-07-20
how much does pressable cost?,1,1,2026-03-17,2026-07-21
how much does wordpress hosting cost?,1,1,2026-03-29,2026-03-29
how much traffic can woocommerce handle?,1,1,2026-03-17,2026-07-21
how pressable protects companies from hackers,1,1,2026-03-17,2026-07-21
how sandbox sites work on pressable,1,1,2026-03-17,2026-07-21
"how sites, staging websites, and website clones work at pressable",1,1,2026-03-17,2026-07-21
how to access phpmyadmin with wordpress,1,1,2026-03-17,2026-07-21
how to accurately measure network performance,1,1,2026-03-17,2026-07-21
how to accurately measure network performance | pressable,1,1,2026-07-02,2026-07-02
how to activate jetpack premium at pressable - pressable ...,1,1,2024-01-06,2026-02-12
how to add and manage egress firewall rules,1,1,2026-03-17,2026-07-21
how to add custom fonts to your wordpress website,1,1,2026-03-17,2026-07-21
how to add custom fonts to your wordpress website - add font to wordpress,1,1,2025-10-05,2026-07-08
how to add custom headers in pressable,1,1,2026-01-29,2026-07-02
how to add firewall rules in pressable,1,1,2026-01-29,2026-07-02
how to add or change the domain of a wordpress multisite,1,1,2026-03-17,2026-07-21
how to automate white-label wordpress hosting with whmcs,1,1,2026-03-17,2026-04-04
how to backup wordpress files and databases,1,1,2026-03-17,2026-07-21
how to build a custom wordpress editorial workflow,1,1,2026-05-23,2026-07-07
how to build a wordpress editorial workflow that scales with your site,1,1,2026-03-17,2026-07-21
how to build killer wordpress landing pages that convert,1,1,2026-03-17,2026-07-21
how to build recurring revenue for your wordpress agency,1,1,2026-03-17,2026-07-21
how to change your pressable billing information,1,1,2026-03-17,2026-07-21
how to change your wordpress database prefix,1,1,2026-03-17,2026-07-21
how to choose the best wordpress theme for your website,1,1,2026-03-17,2026-07-21
how to choose the right ecommerce platform for your business,1,1,2026-03-17,2026-07-21
how to choose the right image file type for your wordpress website,1,1,2026-03-17,2026-07-21
how to choose the right image type for ... - pressable,1,1,2025-06-19,2026-07-04
how to choose the right managed wordpress hosting provider,1,1,2026-04-22,2026-07-18
how to choose the right managed wordpress hosting provider?,1,1,2026-03-17,2026-07-21
how to clean up bloated database tables,1,1,2026-03-17,2026-07-21
how to clear cache in wordpress,1,1,2026-03-17,2026-07-21
how to clear server cache at pressable,1,1,2023-06-02,2026-07-17
how to clear your browser cache,1,1,2026-03-17,2026-07-21
how to clone a website to staging,1,1,2026-03-17,2026-07-21
how to clone a website to staging | pressable knowledgebase,1,1,2026-04-29,2026-04-29
how to configure your nameservers for pressable,1,1,2026-03-17,2026-07-21
how to connect your domain in pressable,1,1,2024-01-16,2026-07-21
how to convert a wordpress site into a multisite,1,1,2026-03-17,2026-07-21
how to correctly configure your yoast xml sitemap and advanced settings in wordpress,1,1,2026-03-17,2026-07-21
how to create a custom page template in wordpress,1,1,2026-03-17,2026-07-21
how to create a multilingual online store with woocommerce + weglot,1,1,2026-03-17,2026-07-21
how to create custom meta tags for a wordpress website,1,1,2026-03-17,2026-07-21
how to create ssh keys,1,1,2026-03-17,2026-07-21
how to create ssh keys - pressable,1,1,2025-11-26,2026-04-11
how to customize woocommerce product pages: 5 high-impact techniques to boost sales,1,1,2026-03-17,2026-07-21
how to debug a wordpress website - pressable,1,1,2026-04-23,2026-07-06
how to decrease your ttfb time,1,1,2026-03-17,2026-07-21
how to delete a wordpress site from your pressable account,1,1,2026-03-17,2026-07-21
how to delete a wordpress user,1,1,2026-03-17,2026-07-21
how to deploy changes to your wordpress site from github zippykid.com,1,1,2026-04-08,2026-04-08
how to deploy to your sites using git,1,1,2026-03-17,2026-07-21
how to deploy to your sites using git - pressable,1,1,2026-01-02,2026-03-01
how to diagnose and resolve memory exhaustion errors at pressable,1,1,2026-03-17,2026-07-21
how to disable a wordpress site with pressable | pressable - turn off wordpress site,1,1,2025-10-05,2026-07-14
how to duplicate a page in wordpress,1,1,2026-03-17,2026-07-21
how to edit your wordpress database safely,1,1,2026-03-17,2026-07-21
how to effectively scale your woocommerce store,1,1,2026-03-17,2026-07-21
how to effectively scale your woocommerce store - pressable,1,1,2025-08-20,2026-01-11
how to evaluate a wordpress plugin before installing it,1,1,2026-03-17,2026-07-21
how to extract pressable backups,1,1,2026-03-17,2026-07-21
how to flush the cache in popular wordpress page builders,1,1,2026-03-17,2026-07-21
how to flush wordpress site cache and purge edge cache (cdn),1,1,2026-03-17,2026-07-21
how to get support from the pressable support team,1,1,2026-03-17,2026-07-21
how to hire the best wordpress developer for your site,1,1,2026-03-17,2026-07-21
how to import a pressable site backup into localwp,1,1,2026-03-17,2026-07-21
how to improve core web vitals on your wordpress site,1,1,2026-03-17,2026-07-21
how to improve website conversions with chatbots,1,1,2026-03-17,2026-07-21
how to improve your wordpress site's search experience,1,1,2026-03-17,2026-07-21
how to increase your woocommerce security,1,1,2026-03-17,2026-07-21
how to install a wordpress theme,1,1,2026-03-17,2026-07-21
how to integrate facebook and instagram with your woocommerce website,1,1,2026-03-17,2026-07-21
how to manage cron jobs at pressable,1,1,2026-03-17,2026-07-21
how to manually backup your site in pressable,1,1,2026-03-17,2026-07-21
how to migrate a site to pressable,1,1,2026-03-17,2026-07-21
how to migrate weebly to wordpress: the complete guide,1,1,2026-03-17,2026-07-21
how to mitigate the impact of ai scraper bots on wordpress sites,1,1,2026-03-17,2026-07-21
how to modify your cache control header in pressable,1,1,2026-03-17,2026-07-21
how to offload wordpress media to aws s3,1,1,2026-03-17,2026-07-21
how to optimise website speed,1,1,2025-08-22,2026-07-11
how to optimize ctas on your wordpress site to boost leads and sales,1,1,2026-03-17,2026-07-21
how to optimize images in wordpress for better website performance,1,1,2026-03-17,2026-07-21
how to perform a wordpress security audit,1,1,2025-08-28,2026-01-22
how to perform wordpress benchmark testing,1,1,2026-03-17,2026-07-21
how to point cloudflare dns records to pressable,1,1,2026-03-17,2026-07-21
how to point godaddy dns records to pressable,1,1,2026-03-17,2026-07-21
how to point google domains dns records to pressable,1,1,2026-03-17,2026-07-21
how to point name.com dns records to pressable,1,1,2026-03-17,2026-07-21
how to point namecheap dns records to pressable,1,1,2026-03-17,2026-07-21
how to point namecheap dns records to pressable - pressable,1,1,2026-03-13,2026-03-13
how to point porkbun dns records to pressable,1,1,2026-03-17,2026-07-21
how to point register.com dns records to pressable,1,1,2026-03-17,2026-07-21
how to point wordpress.com dns records to pressable,1,1,2026-03-17,2026-07-21
how to prevent batcache page caching on pressable,1,1,2026-03-17,2026-07-21
how to protect your wordpress website from content scrapers,1,1,2026-03-17,2026-07-21
how to protect your wordpress website from sql injection cyber attacks,1,1,2026-03-17,2026-07-21
how to push code from github to wordpress,1,1,2024-07-27,2026-07-20
how to read a pagespeed insights or gtmetrix test,1,1,2026-03-17,2026-07-21
how to recognize and stop wordpress bot attacks,1,1,2026-03-17,2026-07-21
how to reduce the bounce rate of your wordpress website,1,1,2026-03-17,2026-07-21
how to reduce ttfb time (time-to-first-byte) - pressable,1,1,2025-12-18,2026-04-19
how to reset a wordpress site on pressable,1,1,2026-03-17,2026-07-21
how to reset your wordpress admin password,1,1,2026-03-17,2026-07-21
how to reset your wordpress admin password..,1,1,2023-06-07,2026-07-04
how to retain custom css when updating a wordpress theme,1,1,2026-03-17,2026-07-21
how to run successful seo experiments on a high-traffic wordpress site,1,1,2026-03-17,2026-07-21
how to set up a business continuity plan for your wordpress website,1,1,2026-03-17,2026-07-21
how to set up a wordpress test site,1,1,2026-03-17,2026-07-21
how to speed up wordpress site load time,1,1,2026-03-17,2026-07-21
how to speed up your site with pressable’s caching,1,1,2026-03-17,2026-07-21
how to switch from wix to wordpress,1,1,2026-01-16,2026-01-25
how to test for plugin and theme conflicts - pressable,1,1,2023-09-11,2026-04-05
how to update dns settings when you switch wordpress hosting providers,1,1,2026-03-17,2026-07-21
how to update your profile and password,1,1,2026-03-17,2026-07-21
how to update your wordpress theme while preserving custom css,1,1,2026-03-17,2026-07-21
how to upgrade your pressable account,1,1,2026-03-17,2026-07-21
how to upgrade your pressable account..,1,1,2024-11-22,2026-07-04
"how to upload a video to wordpress wordpress is primarily a text- and image-focused content management system, but there’s no reason a business shouldn’t add video to its content publishing mix. as we’ll see, video drives engagement and increases dwell time. many users also prefer video over text when consuming content. pressable",1,1,2026-02-08,2026-03-07
how to use ai to transform your wordpress website | pressable,1,1,2026-07-02,2026-07-02
how to use custom css with wordpress,1,1,2026-03-17,2026-07-21
how to use keyword mapping to improve seo – pressable,1,1,2024-08-31,2026-01-22
how to use keyword mapping to improve wordpress seo | pressable,1,1,2026-07-02,2026-07-02
how to use shell commands,1,1,2026-03-17,2026-07-21
how to use wordpress,1,1,2024-11-03,2026-07-13
how to use wordpress as a headless cms,1,1,2026-03-17,2026-07-21
how to use wp-cli,1,1,2026-03-17,2026-07-21
how to use wp-cli - pressable,1,1,2026-03-18,2026-07-08
how to use wp_query to expand your wordpress site's functions,1,1,2026-03-17,2026-07-21
how visits are calculated,1,1,2026-03-17,2026-07-21
how you can easily manage multiple wordpress sites,1,1,2026-03-17,2026-07-21
how you can easily manage multiple wordpress sites - pressable,1,1,2024-01-09,2026-04-24
http headers checker,1,1,2026-03-17,2026-07-21
http://pressable.com/blog/,1,1,2026-03-19,2026-03-19
http://pressable.com/blog/2013/06/04/zippykid-and-wishlist-member-plugin-change-in-policy/,1,1,2024-07-12,2026-07-17
http://pressable.com/blog/head-to-head-performance-comparison-of-nginx-and-apache/,1,1,2025-11-24,2026-04-29
http://pressable.com/sitemap.xml,1,1,2023-09-28,2026-06-02
http://sftp.pressable.com/hotfmgambia/wp-content/uploads/2016/08/01-09-2016-askan_bi.mp3,1,1,2023-12-13,2026-07-16
http://sftp.pressable.com/hotfmgambia/wp-content/uploads/2016/08/08-09-2016-tabuli_mam_katty.mp3,1,1,2024-11-05,2026-07-17
http://sftp.pressable.com/hotfmgambia/wp-content/uploads/2016/08/14-09-2016-tabuli_mam_katty.mp3,1,1,2023-06-18,2026-07-17
http://sftp.pressable.com/hotfmgambia/wp-content/uploads/2016/08/16-08-2016%20-%20tabul%27i%20mam%20katty.mp3,1,1,2024-08-14,2026-07-08
http://sftp.pressable.com/hotfmgambia/wp-content/uploads/2016/08/17%2008%202016%20-%20tabul%27i%20mam%20katty.mp3,1,1,2023-09-12,2026-07-08
http://sftp.pressable.com/hotfmgambia/wp-content/uploads/2016/08/17-08-2016%20-%20dan%20sa%20doleh.mp3,1,1,2024-11-05,2026-07-03
http://sftp.pressable.com/hotfmgambia/wp-content/uploads/2016/08/18-08-2016%20-%20tabul%27i%20mam%20katty.mp3,1,1,2023-09-12,2026-07-08
http://sftp.pressable.com/hotfmgambia/wp-content/uploads/2016/08/20-08-2016%20-%20veteran%20sports%20with%20faraba%20fofana.mp3,1,1,2023-06-11,2026-07-03
http://sftp.pressable.com/hotfmgambia/wp-content/uploads/2016/08/22-08-2016%20-%20tabul%27i%20mam%20katty.mp3,1,1,2024-08-14,2026-07-08
http://sftp.pressable.com/hotfmgambia/wp-content/uploads/2016/08/23-08-2016%20-%20tabul%27i%20mam%20katty.mp3,1,1,2024-11-05,2026-07-08
http://sftp.pressable.com/hotfmgambia/wp-content/uploads/2016/08/25-08-2016-tabuli_mam_katty.mp3,1,1,2023-09-12,2026-07-08
http://sftp.pressable.com/hotfmgambia/wp-content/uploads/2016/08/29-08-2016-tabuli_mam_katty.mp3,1,1,2023-06-15,2026-07-08
http://sftp.pressable.com/hotfmgambia/wp-content/uploads/2016/08/30-08-2016-tabuli_mam_katty.mp3,1,1,2023-09-12,2026-07-08
http://sftp.pressable.com/hotfmgambia/wp-content/uploads/2016/08/31-08-2016-tabuli_mam_katty.mp3,1,1,2023-09-12,2026-07-08
http://sftp.pressable.com/hotfmgambia/wp-content/uploads/2016/11/15-9-2016-tabuli_mam_katty.mp3,1,1,2024-08-14,2026-07-17
http://sftp.pressable.com/hotfmgambia/wp-content/uploads/2016/11/27-9-2016-tabuli_mam_katty.mp3,1,1,2024-02-01,2026-07-17
http://sftp.pressable.com/hotfmgambia/wp-content/uploads/2016/11/28-10-2016-veteran%20sports%20-%20super%20nawatten.mp3,1,1,2024-06-21,2026-07-19
http://sftp.pressable.com/hotfmgambia/wp-content/uploads/2016/11/30-09-2016-%20veteran%20sports.mp3,1,1,2023-09-17,2026-07-12
http://sftp.pressable.com/hotfmgambia/wp-content/uploads/2016/11/6-9-2016-tabuli_mam_katty.mp3,1,1,2024-08-14,2026-07-17
http://sftp.pressable.com/hotfmgambia/wp-content/uploads/2016/11/tabul_mam_katty_1-11-2016.mp3,1,1,2024-06-21,2026-07-22
http://sftp.pressable.com/hotfmgambia/wp-content/uploads/2016/11/tabul_mam_katty_10-11-2016.mp3,1,1,2023-09-16,2026-07-22
http://sftp.pressable.com/hotfmgambia/wp-content/uploads/2016/11/tabul_mam_katty_3-11-2016.mp3,1,1,2024-01-07,2026-07-22
http://sftp.pressable.com/hotfmgambia/wp-content/uploads/2016/11/tabuli_mam-katty_21-11-2016.mp3,1,1,2024-08-15,2026-07-22
http://sftp.pressable.com/hotfmgambia/wp-content/uploads/2016/11/tabuli_mam_katty-03_10_2016.mp3,1,1,2024-08-03,2026-07-06
http://sftp.pressable.com/hotfmgambia/wp-content/uploads/2016/11/tabuli_mam_katty-05_10_2016.mp3,1,1,2023-12-28,2026-07-06
http://sftp.pressable.com/hotfmgambia/wp-content/uploads/2016/11/tabuli_mam_katty-12_10_2016.mp3,1,1,2024-07-08,2026-07-06
http://sftp.pressable.com/hotfmgambia/wp-content/uploads/2016/11/tabuli_mam_katty_02_11_2016.mp3,1,1,2023-08-19,2026-07-22
http://sftp.pressable.com/hotfmgambia/wp-content/uploads/2016/11/tabuli_mam_katty_06_10_2016.mp3,1,1,2025-03-07,2026-07-06
http://sftp.pressable.com/hotfmgambia/wp-content/uploads/2016/11/tabuli_mam_katty_13_10_2016.mp3,1,1,2023-09-04,2026-07-06
http://sftp.pressable.com/hotfmgambia/wp-content/uploads/2016/11/tabuli_mam_katty_14_11_2016.mp3,1,1,2024-08-15,2026-07-22
http://sftp.pressable.com/hotfmgambia/wp-content/uploads/2016/11/tabuli_mam_katty_15-11-2016.mp3,1,1,2024-08-15,2026-07-22
http://sftp.pressable.com/hotfmgambia/wp-content/uploads/2016/11/tabuli_mam_katty_16_11_2016.mp3,1,1,2023-09-16,2026-07-22
http://sftp.pressable.com/hotfmgambia/wp-content/uploads/2016/11/tabuli_mam_katty_19_10_2016.mp3,1,1,2023-12-28,2026-07-06
http://sftp.pressable.com/hotfmgambia/wp-content/uploads/2016/11/tabuli_mam_katty_20_10_2016.mp3,1,1,2024-08-03,2026-07-06
http://sftp.pressable.com/hotfmgambia/wp-content/uploads/2016/11/tabuli_mam_katty_24_10_2016.mp3,1,1,2024-01-27,2026-07-06
http://sftp.pressable.com/hotfmgambia/wp-content/uploads/2016/11/tabuli_mam_katty_25_10_2016.mp3,1,1,2024-01-27,2026-07-06
http://sftp.pressable.com/hotfmgambia/wp-content/uploads/2016/11/tabuli_mam_katty_31_10_2016.mp3,1,1,2024-08-03,2026-07-06
http://www.zippykid.com/2012/05/06/how-to-update-your-wordpress-site-automatically-using-github-and-deployhq/,1,1,2024-11-19,2026-07-15
http://www.zippykid.com/pricing/,1,1,2021-07-11,2026-07-15
http://zippykid.com/2010/05/symfony-mysql5-5-error/,1,1,2023-09-14,2026-07-12
http://zippykid.com/blog/2009/08/building-php-5-3-packages-on-ubuntu-9-04-jaunty-for-apache-2/,1,1,2024-07-28,2026-05-25
https://automattic.pxf.io/c/5784163/2150830/22744,1,1,2025-05-24,2026-04-30
https://kb.pressable.com/article/dns-record-types-explained/,1,1,2026-03-20,2026-07-17
https://my.pressable.com/sites,1,1,2026-01-23,2026-07-10
https://pressable.com/15-performance-improvements-wordpress/,1,1,2024-01-14,2026-07-03
https://pressable.com/2018/07/31/how-to-effectively-scale-your-woocommerce-store/,1,1,2025-08-20,2026-01-11
https://pressable.com/2019/09/17/13-tips-for-wordpress-website-management/,1,1,2025-03-08,2026-06-04
https://pressable.com/2021/04/22/how-to-use-wordpress-and-sensei-to-build-a-learning-management-system/,1,1,2024-09-03,2026-07-16
https://pressable.com/4-big-woocommerce-store-trends-for-2021/,1,1,2024-06-26,2026-07-17
https://pressable.com/8-pro-tips-for-building-a-killer-woocommerce-store/,1,1,2024-11-17,2026-01-24
https://pressable.com/?s=%22%3e%3cimg+src%3dx+onerror%3djavascript%3aalert%28document.cookie%29%3e&post_type=knowledgebase,1,1,2024-06-19,2026-07-22
https://pressable.com/?utm_source=automattic&#038;utm_medium=rpc&#038;utm_campaign=concierge%20referral&#038;utm_term=concierge,1,1,2025-11-21,2026-07-16
https://pressable.com/?utm_source=automattic&utm_medium=rpc&utm_campaign=concierge%20referra...,1,1,2023-06-13,2026-07-04
https://pressable.com/?utm_source=wordpresscom&utm_medium=referral&utm_campaign=footerlink,1,1,2023-09-09,2026-07-04
https://pressable.com/about,1,1,2026-05-04,2026-05-31
https://pressable.com/blog-ads-sitemap.xml,1,1,2022-10-19,2026-02-10
https://pressable.com/blog/2013/02/2...dress-for-seo/,1,1,2024-01-19,2026-02-10
https://pressable.com/blog/2013/02/21/do-you-need-a-dedicated-ip-address-for-seo/,1,1,2025-03-28,2026-02-09
https://pressable.com/blog/2015/01/08/advanced-wp-cli-commands-comments-revisions/,1,1,2025-06-10,2026-07-19
https://pressable.com/blog/2016/02/11/what-is-wordpress-multisite-and-when-should-you-use-it/,1,1,2026-01-12,2026-05-03
https://pressable.com/blog/2016/08/25/3-wordpress-plugins-developers-cant-live-without/,1,1,2024-10-15,2026-07-11
https://pressable.com/blog/2016/11/17/responsive-wordpress-design/,1,1,2025-03-07,2026-07-13
https://pressable.com/blog/7-places-to-include-search-engine-optimization-seo-keywords-on-your-website/,1,1,2025-11-11,2026-07-19
https://pressable.com/blog/advanced-woocommerce-cart-abandonment-strategies/,1,1,2025-09-06,2026-01-27
https://pressable.com/blog/advanced-woocommerce-speed-optimization/,1,1,2026-03-26,2026-03-26
https://pressable.com/blog/ai-for-ecommerce/,1,1,2026-04-05,2026-05-20
https://pressable.com/blog/fix-err_too_many_redirects/,1,1,2025-12-19,2026-06-27
"https://pressable.com/blog/head-to-...red that nginx is,a substantial edge in speed",1,1,2024-07-29,2026-07-09
"https://pressable.com/blog/head-to-head-performance-comparison-of-nginx-and-apache/#:~:text=geeksforgeeks discovered that nginx is,a substantial edge in speed",1,1,2024-07-29,2026-07-09
https://pressable.com/blog/how-pressable-mcp-is-changing-the-game-for-wordpress-agencies-a-live-breakdown-with-matt-medeiros-and-phill-clapham/,1,1,2026-06-08,2026-06-08
https://pressable.com/blog/how-to-recognize-and-stop-wordpress-bot-attacks/,1,1,2025-04-05,2026-07-08
https://pressable.com/blog/managed-wordpress-hosting-vs-self-hosting/,1,1,2026-03-03,2026-03-03
https://pressable.com/blog/pressable-mcp-just-got-a-lot-more-powerful/,1,1,2026-06-10,2026-06-10
https://pressable.com/blog/shared-hosting-vs-dedicated-hosting/,1,1,2024-06-13,2026-01-03
https://pressable.com/blog/understanding-how-ssl-works/,1,1,2024-06-16,2026-07-15
https://pressable.com/blog/use-lessons-learned-to-improve-online-sales/,1,1,2026-02-18,2026-06-17
https://pressable.com/blog/what-is-the-role-of-intrusion-detection-systems-ids-in-cyber-safety-and-security/,1,1,2024-11-03,2026-07-05
https://pressable.com/blog/why-pressable-doesnt-offer-phone-support-and-why-thats-a-good-thing/,1,1,2026-05-19,2026-06-02
https://pressable.com/blog/woocommerce-conversion-rate-optimization/,1,1,2026-06-21,2026-06-21
https://pressable.com/blog/woocommerce-multisite/,1,1,2025-07-04,2026-03-31
https://pressable.com/blog/woocommerce-seo-plugin/,1,1,2026-04-24,2026-07-05
https://pressable.com/blog/wordpress-security-audit/,1,1,2025-08-28,2026-01-22
https://pressable.com/careers-sitemap.xml,1,1,2022-10-19,2026-02-10
https://pressable.com/case-studies,1,1,2026-05-04,2026-05-31
https://pressable.com/changelog/,1,1,2026-05-19,2026-06-02
https://pressable.com/customer-reviews-sitemap.xml,1,1,2025-02-26,2026-02-10
https://pressable.com/customers-sitemap.xml,1,1,2022-10-19,2026-02-10
https://pressable.com/docs,1,1,2026-05-04,2026-05-31
https://pressable.com/ebooks-sitemap.xml,1,1,2022-10-19,2026-02-10
https://pressable.com/faq,1,1,2026-05-04,2026-05-31
https://pressable.com/features,1,1,2026-05-04,2026-05-31
https://pressable.com/features-sitemap.xml,1,1,2024-08-01,2026-02-10
https://pressable.com/features/,1,1,2026-05-19,2026-06-02
https://pressable.com/features/100-percent-uptime,1,1,2024-02-13,2026-05-28
https://pressable.com/features/hack-recovery-assistance/,1,1,2023-10-29,2026-07-03
https://pressable.com/features/wordpress-daily-backups/,1,1,2026-04-14,2026-04-14
https://pressable.com/features/wordpress-performance-monitoring-optimization/,1,1,2026-05-07,2026-05-07
https://pressable.com/feed/atom/,1,1,2026-03-13,2026-03-13
https://pressable.com/free-trial/,1,1,2026-06-21,2026-07-20
https://pressable.com/host-with-pressable-wporg/,1,1,2026-05-25,2026-07-04
https://pressable.com/how-to-choose-the-right-image-file-type-for-your-wordpress-website/,1,1,2026-05-03,2026-05-03
https://pressable.com/integrations,1,1,2026-05-04,2026-05-31
https://pressable.com/knowledgebase-categories-sitemap.xml,1,1,2022-10-19,2026-02-10
https://pressable.com/knowledgebase-sitemap.xml,1,1,2024-11-14,2026-02-10
https://pressable.com/knowledgebase/adding-or-changing-the-domain-on-a-wordpress-multisite/,1,1,2024-10-12,2026-07-14
https://pressable.com/knowledgebase/disabling-a-site/,1,1,2025-03-23,2026-05-30
https://pressable.com/knowledgebase/edge-cache/,1,1,2024-11-10,2026-07-16
https://pressable.com/knowledgebase/filezilla-sftp-securely-transfer-files/,1,1,2025-10-19,2026-03-12
https://pressable.com/knowledgebase/how-to-point-siteground-com-dns-records-to-pressable/,1,1,2025-08-31,2026-01-23
https://pressable.com/knowledgebase/light-weight-404s-for-static-files/,1,1,2025-06-05,2026-05-14
https://pressable.com/migrations,1,1,2025-11-24,2026-07-16
https://pressable.com/mpcp-ads-sitemap.xml,1,1,2025-02-26,2026-02-10
https://pressable.com/page-sitemap.xml,1,1,2022-10-19,2026-02-10
https://pressable.com/partner-features-sitemap.xml,1,1,2022-10-19,2026-02-10
https://pressable.com/plans-sitemap.xml,1,1,2024-11-14,2026-02-10
https://pressable.com/post-sitemap.xml,1,1,2024-11-14,2026-02-10
https://pressable.com/pricing/premium-sites/,1,1,2026-05-19,2026-06-02
https://pressable.com/privacy-policy,1,1,2025-11-28,2026-01-06
https://pressable.com/products,1,1,2026-05-04,2026-05-31
https://pressable.com/request-demo/,1,1,2026-05-19,2026-06-02
https://pressable.com/robots.txt,1,1,2022-10-19,2026-02-10
https://pressable.com/sitemap.xml,1,1,2026-03-13,2026-03-13
https://pressable.com/solutions/,1,1,2026-05-19,2026-06-02
https://pressable.com/solutions/managed-wordpress-hosting-for-web-developers,1,1,2024-02-13,2026-05-28
https://pressable.com/what-is-wordpress-multisite-and-when-should-you-use-it/,1,1,2023-06-26,2026-05-02
https://pressable.com/what-to-do-if-your-wordpress-site-gets-hacked/,1,1,2023-09-13,2026-07-21
https://pressable.com/why-and-how-to-switch-from-squarespace-to-wordpress/,1,1,2025-03-03,2026-07-17
https://pressable.com/wordpress-hosting/affordable,1,1,2026-02-20,2026-04-15
https://pressable.com/wpminutebecome,1,1,2025-09-28,2026-04-08
https://pressable.com/your-guide-to-understanding-the-types-of-wordpress-hosting/,1,1,2024-01-16,2026-07-06
https://wpengine.com/legal/privacy/,1,1,2025-03-28,2026-06-29
https://www.zippykid.com/2012/07/30/tracking-visitor-behavior-with-google-analytics/,1,1,2026-04-30,2026-07-09
https://zippykid.com/2011/11/30/using-alfred-app-to-add-things-to-your-remember-the-milk-rtm-lists</guid>,1,1,2025-03-03,2026-01-01
https://zippykid.com/2011/11/30/using-alfred-app-to-add-things-to-your-remember-the-milk-rtm-lists</link>,1,1,2025-03-03,2026-01-01
https://zippykid.com/about,1,1,2026-04-23,2026-05-16
https://zippykid.com/case-studies,1,1,2026-04-23,2026-05-16
https://zippykid.com/docs,1,1,2026-04-23,2026-05-16
https://zippykid.com/faq,1,1,2026-04-23,2026-05-16
https://zippykid.com/features,1,1,2026-04-23,2026-05-16
https://zippykid.com/integrations,1,1,2026-04-23,2026-05-16
https://zippykid.com/pricing,1,1,2026-04-23,2026-05-16
https://zippykid.com/products,1,1,2026-04-23,2026-05-16
icon go to proxi go to pressable,1,1,2025-08-24,2026-07-20
identifying key areas to include keywords on your website,1,1,2024-06-25,2026-04-28
image source,1,1,2024-11-01,2026-07-14
image via pressable.,1,1,2024-05-30,2026-07-12
imforza is a pressable pro partner,1,1,2026-03-22,2026-07-21
implementing a headless woocommerce site,1,1,2026-03-17,2026-07-21
improving online sales using real customer feedback and urgency,1,1,2026-05-13,2026-06-14
include your target keyword,1,1,2024-10-04,2026-07-04
incompatibility with an old plugin or theme is the most common issue,1,1,2025-09-25,2026-07-11
increased visibility,1,1,2024-12-06,2026-07-08
industry best practices,1,1,2026-07-17,2026-07-17
infraestrutura escalável,1,1,2026-04-16,2026-07-04
install the pressable cache management plugin,1,1,2024-07-23,2026-07-21
installing migration tools on both source and destination,1,1,2026-05-13,2026-07-13
instructions here,1,1,2024-11-09,2026-07-21
integrating custom fonts starts,1,1,2025-05-25,2026-04-13
"integrating pos with woocommerce: simplify sales, inventory, and customer management",1,1,2026-03-17,2026-07-21
interserver vs. pressable,1,1,2026-03-17,2026-07-21
introduced the gnu general public license,1,1,2024-10-09,2026-07-21
introducing bash command bookmarks,1,1,2026-03-17,2026-07-21
introducing mainwp's new extension for pressable,1,1,2026-03-17,2026-07-21
introducing: account-level github authorization,1,1,2026-03-17,2026-07-21
introducing: advanced search and replace,1,1,2026-03-17,2026-07-21
introducing: advanced site details,1,1,2026-03-17,2026-07-21
introducing: advanced site metrics,1,1,2026-03-17,2026-07-21
introducing: apm insights,1,1,2026-03-17,2026-07-21
introducing: bash command execution,1,1,2026-03-17,2026-07-21
introducing: basic authentication,1,1,2026-03-17,2026-07-21
introducing: bulk operations,1,1,2026-03-17,2026-07-21
introducing: cross-site restores and improved site environment access,1,1,2026-03-17,2026-07-21
introducing: custom staging domains,1,1,2026-03-17,2026-07-21
introducing: duplikit sites,1,1,2026-03-17,2026-07-21
introducing: easier migrations and a domain setup wizard,1,1,2026-03-17,2026-07-21
introducing: easy site transfers,1,1,2026-03-17,2026-07-21
introducing: easy ssl information,1,1,2026-03-17,2026-07-21
introducing: edge cache,1,1,2026-03-17,2026-07-21
introducing: edge cache defensive mode,1,1,2026-03-17,2026-07-21
introducing: egress firewall rules,1,1,2026-03-17,2026-07-21
introducing: enhanced data sync,1,1,2026-03-17,2026-07-21
introducing: enhanced plugin management,1,1,2026-03-17,2026-07-21
introducing: git integration enhancements,1,1,2026-03-17,2026-07-21
introducing: global site tags,1,1,2026-03-17,2026-07-21
introducing: maintenance mode,1,1,2026-03-17,2026-07-21
introducing: mypressable notifications,1,1,2026-03-17,2026-07-21
introducing: on-demand backups,1,1,2026-03-17,2026-07-21
introducing: onepress login,1,1,2026-03-17,2026-07-21
introducing: performance report badges,1,1,2026-03-17,2026-07-21
introducing: php file system permissions,1,1,2026-03-17,2026-07-21
introducing: plugin and theme update reports,1,1,2026-03-17,2026-07-21
introducing: pressable activity logs,1,1,2026-03-17,2026-07-21
introducing: pressable's refer-a-friend program,1,1,2026-03-17,2026-07-21
introducing: sandbox sites,1,1,2026-03-17,2026-07-21
introducing: smart security alerts,1,1,2026-03-17,2026-07-21
introducing: the pressable update calendar,1,1,2026-03-17,2026-07-21
introducing: two-factor authentication with sms,1,1,2026-03-17,2026-07-21
introducing: white label performance reports,1,1,2026-03-17,2026-07-21
introducing: wordpress plugin and theme actions,1,1,2026-03-17,2026-07-21
ir a pressable logo pressable portal de facturación,1,1,2026-07-20,2026-07-20
is akismet already configured?,1,1,2026-03-17,2026-07-21
is pressable hipaa compliant?,1,1,2026-03-17,2026-07-21
is your woocommerce store pci compliant? why it matters for security and trust,1,1,2026-03-17,2026-07-21
isaac castillo’s case,1,1,2023-05-07,2026-07-04
javascript search engine optimization (seo): how to optimize javascript pages for search engines,1,1,2026-03-17,2026-07-21
jetpack premium,1,1,2023-09-28,2026-06-02
jetpack premium version,1,1,2023-09-11,2026-07-21
jetpack security activation guide,1,1,2026-04-18,2026-07-19
jetpack セキュリティプラグイン,1,1,2026-02-12,2026-06-21
join affiliate program →,1,1,2025-09-30,2026-01-04
join pressable affiliate program,1,1,2026-06-15,2026-07-19
join pressable affiliate →,1,1,2026-05-23,2026-07-07
"june product update: bulk operations, a major mcp expansion, and smarter team controls",1,1,2026-07-11,2026-07-21
"june product update: bulk operations, a major mcp expansion, and smarter team controls - pressable",1,1,2026-07-02,2026-07-19
kai,1,1,2025-09-01,2026-07-20
keep your sites’ plugins and themes secure with security alerts,1,1,2026-03-17,2026-07-21
keyboard arrow top right streamline icon: https://streamlinehq.com visit website,1,1,2025-07-25,2026-03-06
klicka här för att utforska deras hostingplaner,1,1,2026-03-24,2026-07-20
"klicken sie hier, um die angebote zu entdecken",1,1,2026-03-21,2026-07-14
klik dan hier om hun hostingplannen te verkennen,1,1,2025-05-23,2026-02-02
knowledgebase articles,1,1,2024-01-18,2026-07-20
kolla in pressbar här,1,1,2025-05-27,2026-01-01
kortingscode,1,1,2025-12-31,2026-05-14
külasta pressable'i,1,1,2026-07-08,2026-07-08
landing page,1,1,2023-06-09,2026-05-22
landing pages we love: why they work,1,1,2026-03-17,2026-07-21
language,1,1,2026-01-30,2026-06-14
lanzar y ejecutar el sitio web,1,1,2026-07-16,2026-07-18
large woocommerce,1,1,2025-03-26,2026-07-23
las api de openai o anthropic,1,1,2026-07-03,2026-07-19
last week’s outage,1,1,2018-06-09,2026-06-03
launch post,1,1,2026-05-20,2026-07-19
launching your site in pressable,1,1,2026-03-17,2026-07-21
learn more about pressable,1,1,2024-08-24,2026-07-19
learn more about pressable’s features,1,1,2026-06-21,2026-07-07
learn more pressidium,1,1,2024-01-15,2026-07-05
learndash vs lifterlms: which wordpress lms is right for you?,1,1,2026-03-17,2026-07-21
legal guidelines,1,1,2026-03-17,2026-07-21
let’s get started!,1,1,2023-11-23,2026-07-12
library of free ebooks,1,1,2023-10-24,2026-07-20
light weight 404s for static files,1,1,2026-03-17,2026-07-21
link to pressable.com,1,1,2026-05-10,2026-05-10
linking a staging site to a production site on pressable,1,1,2026-03-17,2026-07-21
lire la suite,1,1,2025-01-17,2026-07-12
litespeed vs. pressable,1,1,2026-03-17,2026-07-21
local development with wordpress studio,1,1,2026-03-17,2026-07-21
localbusiness schema,1,1,2026-03-26,2026-07-19
login for support,1,1,2025-10-25,2026-04-04
logo clearing your divi css cache | pressable pressable,1,1,2025-11-16,2026-07-22
logo of monitor,1,1,2024-06-25,2026-05-31
logo pressurizzato,1,1,2024-07-11,2026-01-16
logotipo prensable,1,1,2024-07-04,2026-01-10
los hackers están mejorando,1,1,2026-07-16,2026-07-18
los hermanos mayores de photon,1,1,2024-06-22,2026-07-08
los hosts administrados como pressable tienen,1,1,2026-07-16,2026-07-18
läs mer,1,1,2026-05-05,2026-05-05
lær mere,1,1,2025-05-02,2026-04-25
l’extension jetpack security,1,1,2026-05-03,2026-07-01
making a clone,1,1,2024-01-28,2026-07-10
making money with wordpress: do you need to be a developer?,1,1,2026-03-17,2026-07-21
making money with wordpress: do you need to be a developer? – pressable,1,1,2024-03-26,2026-05-16
making the connection between your two accounts isn’t straightforward,1,1,2023-09-01,2026-07-10
making the switch to managed wordpress hosting,1,1,2026-03-17,2026-07-21
malware scanning,1,1,2024-09-08,2026-07-17
manage your version from within your site’s settings.,1,1,2023-08-20,2026-07-07
managed ecommerce website hosting,1,1,2024-03-22,2026-07-23
managed hosting for developers,1,1,2024-04-10,2026-06-22
managed hosting or cloud hosting? how to find the best fit for your business,1,1,2026-03-17,2026-07-21
managed hosting platform,1,1,2026-01-16,2026-01-25
"managed hosting provider, pressable",1,1,2024-07-02,2026-04-24
managed service,1,1,2025-03-10,2026-07-10
managed wordpress hosting ...,1,1,2023-09-08,2026-07-04
managed wordpress hosting for agencies,1,1,2026-03-17,2026-07-21
managed wordpress hosting for high – traffic websites – pressable,1,1,2026-07-15,2026-07-15
managed wordpress hosting for woocommerce sites,1,1,2026-03-17,2026-07-21
managed wordpress hosting plans,1,1,2024-09-08,2026-07-17
managed wordpress hosting services,1,1,2022-02-13,2026-06-02
managed wordpress hosting vs. self-hosting: what are the trade-offs?,1,1,2026-03-17,2026-07-21
managed wordpress hosting with pressable,1,1,2026-03-17,2026-07-21
managed wordpress hosting: a deep dive into pressable's features,1,1,2026-03-17,2026-07-21
managedwordpress hosting,1,1,2024-07-26,2026-06-19
managing ads.txt in wordpress,1,1,2026-03-17,2026-07-21
managing user registrations,1,1,2025-08-29,2026-07-04
managing woocommerce traffic spikes,1,1,2025-09-16,2026-07-20
managing woocommerce traffic spikes: tips on scaling your storefront,1,1,2026-03-17,2026-07-21
managing wordpress sites using wp-cli,1,1,2026-04-01,2026-07-16
managing your wordpress plugins on pressable,1,1,2026-03-17,2026-07-21
manually do so via ftp,1,1,2024-07-14,2026-07-10
manually migrating your wordpress site to pressable,1,1,2026-03-17,2026-07-21
master the landing page: why it works & how to build,1,1,2026-04-28,2026-07-02
maximize your agency's potential with automattic and pressable,1,1,2026-03-17,2026-07-21
maximizing recurring revenue for wordpress web design agencies,1,1,2026-03-17,2026-07-21
maximizing woocommerce performance with proper use of cart fragments,1,1,2026-03-17,2026-07-21
mcp,1,1,2026-05-28,2026-07-23
mcps,1,1,2026-05-25,2026-07-13
mejor alojamiento,1,1,2026-07-16,2026-07-17
mejora de wp,1,1,2026-07-16,2026-07-18
mengiklankan kesepakatan,1,1,2024-11-03,2026-07-21
mentions 15 august 2023 using instawp to migrate wordpress websites to pressable visit site mentions,1,1,2026-05-30,2026-07-05
"methodical, data-driven practice",1,1,2025-09-06,2026-07-13
mi.pressable.com/configuración/seguridad,1,1,2026-04-30,2026-07-07
migrate a site,1,1,2026-03-17,2026-07-21
"migrate your existing woocommerce store to a squeeze premium up to $2,500.",1,1,2025-08-24,2026-02-19
migrate your localwp site to pressable,1,1,2026-03-17,2026-07-21
migrating woocommerce orders and customers between sites,1,1,2026-03-17,2026-07-21
migrating your wordpress domain: essential tips to avoid losing seo,1,1,2026-03-17,2026-07-21
mira presionable aquí,1,1,2025-03-08,2026-01-04
mistakes,1,1,2026-05-02,2026-07-23
mit pressable starten,1,1,2025-03-23,2026-04-20
mjesto,1,1,2026-07-09,2026-07-09
"modern developers use wp-cli for site setup, maintenance, migrations, and automation tasks",1,1,2026-02-19,2026-07-16
modifying cache times in batcache,1,1,2026-03-17,2026-07-21
modifying cache times in batcache - pressable,1,1,2023-10-03,2026-07-19
modifying your local hosts file to test before dns updates,1,1,2026-03-17,2026-07-21
monitor your site’s performance,1,1,2024-11-12,2026-07-17
monitoring and managing your disk usage at pressable,1,1,2026-03-17,2026-07-21
monitoring article,1,1,2024-11-04,2026-07-06
monthly wordpress hosting,1,1,2026-03-17,2026-07-21
more,1,1,2025-12-05,2026-06-29
more information,1,1,2023-12-13,2026-07-06
most managed wordpress hosting companies,1,1,2023-09-11,2026-03-23
mulai dengan pressable,1,1,2026-02-16,2026-07-10
multisite can serve your growing needs,1,1,2024-10-07,2026-07-18
mx record checker,1,1,2026-03-17,2026-07-21
my pressable dashboard,1,1,2025-02-27,2026-07-17
my.pressable.com › login pressable - sign in,1,1,2026-02-09,2026-02-09
mypressable account report sections,1,1,2026-03-17,2026-07-21
mypressable control panel basics,1,1,2026-03-17,2026-07-21
mypressable control panel basics - pressable knowledge base,1,1,2024-01-06,2026-02-12
mypressable dashboard,1,1,2026-04-19,2026-04-19
mypressable playground,1,1,2023-10-12,2026-06-22
mypressable reports section,1,1,2026-03-17,2026-07-21
más información,1,1,2024-04-26,2026-07-11
más información en la publicación del blog de pressable,1,1,2026-07-20,2026-07-20
necessary content,1,1,2024-03-16,2026-06-06
needs outpace what it was designed to manage,1,1,2026-05-05,2026-07-10
neem pressable,1,1,2024-12-14,2026-06-03
neglecting canonical tags,1,1,2023-12-23,2026-07-14
new and improved pressable control panel,1,1,2024-07-04,2026-07-04
new feature: ssl certificate reset,1,1,2026-03-17,2026-07-21
new github integration: configurable deployment paths & .deployignore support,1,1,2026-03-17,2026-07-21
new webhooks added,1,1,2026-03-17,2026-07-21
news center: the place for pressable news,1,1,2026-03-17,2026-07-21
nice tutorial on clearing the cache,1,1,2025-08-10,2026-06-17
nine different plans,1,1,2024-11-01,2026-07-14
no easy button to push,1,1,2024-11-10,2026-07-19
"no jargon, just real steps that ranked zippykid.com in 8 weeks on seoflox.com.",1,1,2025-01-25,2026-01-02
not offer domain registration,1,1,2026-05-28,2026-07-23
o plugin jetpack security,1,1,2026-02-12,2026-06-18
object caching with memcache,1,1,2026-03-17,2026-07-21
obtener hosting,1,1,2026-06-08,2026-07-17
obtener pressable,1,1,2026-04-28,2026-07-03
obtenez l'hébergement,1,1,2023-06-22,2026-07-04
obtenga la mejor experiencia posible con el alojamiento administrado de wordpress dedicado a la tienda woocommerce.,1,1,2026-07-16,2026-07-18
obtenir pressable,1,1,2024-12-13,2026-06-19
odwiedź stronę,1,1,2025-12-19,2026-01-01
odwiedź stronę ↗,1,1,2025-12-21,2026-06-11
offered to buy out wp engine customers’ contracts,1,1,2026-04-16,2026-07-07
offering to host wp engine customers instead,1,1,2024-10-14,2026-07-09
official pressable blog > plugin and themes category,1,1,2025-10-24,2026-07-16
official site,1,1,2026-01-10,2026-07-13
official website https://pressable.com/,1,1,2025-01-21,2026-06-03
official website pressable.com/,1,1,2023-07-16,2026-06-07
official wordpress.com partner logo,1,1,2026-03-26,2026-07-19
olvidar usar,1,1,2026-07-16,2026-07-18
on the supplier's site,1,1,2026-05-19,2026-05-19
on their website,1,1,2026-05-19,2026-05-19
ontdek meer,1,1,2026-04-30,2026-04-30
open,1,1,2026-06-06,2026-06-15
open domain,1,1,2026-05-30,2026-05-30
open live pricing page,1,1,2026-06-06,2026-06-15
open pressable dashboard,1,1,2026-04-09,2026-07-04
open pressable overview,1,1,2026-06-21,2026-07-08
open pressable wordpress resources,1,1,2026-06-21,2026-07-07
open site,1,1,2026-01-08,2026-04-23
open_in_new,1,1,2024-11-18,2026-06-29
openai or anthropic apis directly,1,1,2026-07-02,2026-07-17
openai or anthropic apis immediately,1,1,2026-07-05,2026-07-22
optimize,1,1,2026-03-30,2026-05-09
optimize your website performance with web server monitoring,1,1,2026-07-02,2026-07-02
optimized wordpress hosting,1,1,2026-03-17,2026-07-21
optimizing woocommerce product pages for faster load times on mobile,1,1,2026-03-17,2026-07-21
org url>>,1,1,2024-06-23,2026-06-01
other helpful features,1,1,2024-09-11,2026-07-10
others have had [url=“http://tech.davemx.com/2010/firefox-font-face-not-working-on-different-domain/”]similar problems,1,1,2024-03-04,2026-06-18
our 5 favorite wordpress theme builders,1,1,2026-03-17,2026-07-21
outbound ips,1,1,2026-06-29,2026-07-17
overage documentation,1,1,2026-06-13,2026-06-13
overriding home_url() and site_url() for headless wordpress setups on pressable,1,1,2026-03-17,2026-07-21
p pressable logo,1,1,2026-07-21,2026-07-21
page de statut de pressable,1,1,2026-04-09,2026-04-25
painel do pressable,1,1,2026-04-30,2026-07-07
panel de control de pressable,1,1,2026-04-30,2026-07-07
pantheon vs. pressable,1,1,2026-03-17,2026-07-21
partner details,1,1,2026-03-17,2026-07-21
password protecting your pressable site,1,1,2026-03-17,2026-07-21
pelajari pressable,1,1,2026-04-06,2026-04-06
performance lab plugin for wordpress: when and why to use it,1,1,2026-03-17,2026-07-21
photon cdn,1,1,2024-09-13,2026-07-01
photon’s older sibling,1,1,2024-09-13,2026-07-01
php info & limitations on pressable,1,1,2026-03-17,2026-07-21
php info on pressable,1,1,2026-07-11,2026-07-11
php update faqs,1,1,2026-03-17,2026-07-21
"php versions: what's the difference between php 7.2, 7.3 , and 7.4?",1,1,2024-11-16,2026-07-10
"php workers, concurrency, and what they mean for your site",1,1,2026-03-17,2026-07-21
pick a plan and sign up today,1,1,2022-10-08,2026-06-13
places to include seo keywords,1,1,2025-12-25,2026-07-05
planning your ecommerce advertising for the holidays,1,1,2026-03-17,2026-07-21
plataforma de alojamiento web premium,1,1,2024-04-01,2026-07-05
platform-as-a-service,1,1,2025-05-10,2026-07-11
play around,1,1,2024-11-04,2026-07-19
play around with its control panel,1,1,2024-01-21,2026-07-07
plugin & theme update reports,1,1,2026-03-17,2026-07-21
plugin homepage ↗ (opens in a new tab),1,1,2026-07-14,2026-07-14
plugin jetpack security,1,1,2026-03-26,2026-07-08
plugin page,1,1,2026-04-04,2026-07-19
plugin policy page,1,1,2026-05-26,2026-07-03
plugins are disallowed,1,1,2023-12-29,2026-07-10
point your domain to the new site,1,1,2024-01-28,2026-07-10
point your namecheap domain to pressable,1,1,2023-09-01,2026-07-16
popular wordpress hosting,1,1,2024-08-01,2026-06-10
por favor revisa la imagen,1,1,2026-07-16,2026-07-18
portalul lor de ajutor,1,1,2023-12-06,2026-07-06
posjetite pressable,1,1,2026-07-09,2026-07-09
power of workflow automation,1,1,2026-01-08,2026-07-16
powerful wordpress hosting features - pressable,1,1,2025-12-05,2026-05-17
ppressable’s pricing page,1,1,2025-09-21,2026-02-27
practical tips for budgeting and planning wordpress site growth,1,1,2025-09-14,2026-06-30
premibile,1,1,2025-11-08,2026-07-17
premium hosting platform,1,1,2026-05-12,2026-07-09
premium incentive 2026,1,1,2026-03-17,2026-07-21
premium site plan,1,1,2025-07-10,2026-07-18
premium site plans,1,1,2026-03-17,2026-07-21
premium web hosting company,1,1,2023-12-03,2026-06-23
premium web hosting platform,1,1,2024-01-21,2026-07-21
premium wordpress hosting,1,1,2026-03-17,2026-07-21
presat,1,1,2025-12-08,2026-06-22
pressable (formerly zippykid),1,1,2025-03-15,2026-07-16
pressable .com,1,1,2025-02-04,2026-05-29
pressable 101,1,1,2024-08-01,2026-07-04
pressable 101 knowledgebase,1,1,2026-06-15,2026-07-01
pressable 5 agency websites inspiring us,1,1,2023-11-04,2026-07-20
pressable activity logs,1,1,2026-03-17,2026-07-21
pressable advanced automatic wordpress updates,1,1,2025-08-30,2026-07-20
pressable as a live hosting example,1,1,2026-04-15,2026-06-20
pressable berichtet,1,1,2026-07-11,2026-07-19
pressable besuchen,1,1,2025-06-16,2026-07-14
pressable billing resources,1,1,2026-03-17,2026-07-21
pressable blocks writes to advanced-cache.php,1,1,2026-04-18,2026-07-16
pressable blokkeert schrijfbewerkingen naar advanced-cache.php,1,1,2026-04-15,2026-07-13
pressable brand kit asset pressable brand kit,1,1,2025-01-16,2026-07-12
pressable built-in caching,1,1,2024-11-07,2026-07-20
pressable cache management plugin,1,1,2024-11-20,2026-07-20
pressable cache purge,1,1,2024-08-19,2026-07-07
pressable case study: worship times boosts morale after switching to pressable,1,1,2026-02-22,2026-06-24
pressable cbd and hemp guidance pressable explains cbd and hemp-derived product requirements for covered sites.,1,1,2026-07-01,2026-07-17
pressable cbd and hemp guidance pressable publishes rules for cbd and hemp-derived product sites hosted on its platform.,1,1,2026-07-01,2026-07-17
pressable channel partner program,1,1,2024-01-10,2026-07-16
pressable cms detector,1,1,2025-08-12,2026-07-15
pressable company page,1,1,2026-06-15,2026-07-01
pressable contact page,1,1,2024-07-19,2026-07-19
pressable dashboard,1,1,2026-04-22,2026-07-17
pressable documentation pressable documentation,1,1,2024-06-22,2026-06-08
pressable earns top tier across every category in the 2026 review signal benchmarks,1,1,2026-07-11,2026-07-21
pressable entdecken,1,1,2025-12-30,2026-02-22
pressable expands its mcp server with new wordpress management tools.,1,1,2026-06-13,2026-06-13
"pressable explains that the wordpress rest api uses json over standard http endpoints, such as /wp-json/wp/v2/posts , and works with familiar verbs like get, post, put, and delete",1,1,2026-07-01,2026-07-18
pressable for your wordpress hosting,1,1,2025-12-27,2026-07-15
pressable guarantee (opens in a new window),1,1,2026-03-30,2026-05-21
pressable has launched a model context protocol (mcp) integration,1,1,2026-04-24,2026-07-13
pressable have been actively migrating customers off these old versions,1,1,2025-09-25,2026-07-11
pressable hosting 1 pressable hosting 1,1,1,2022-09-25,2026-07-05
pressable hosting backups,1,1,2025-10-09,2026-07-15
pressable hosting features,1,1,2025-03-21,2026-02-28
pressable hosting insights,1,1,2025-03-08,2026-02-28
pressable hosting logo,1,1,2026-02-08,2026-07-16
pressable hosting logo pressable,1,1,2024-11-18,2026-01-18
pressable hosting overview,1,1,2025-04-07,2026-02-28
pressable hosting platform,1,1,2025-08-19,2026-07-15
pressable hosting services,1,1,2025-04-12,2026-02-27
pressable ile başlayın,1,1,2024-12-08,2026-06-10
pressable indique,1,1,2026-07-13,2026-07-21
pressable is a powerful managed wordpress hosting platform,1,1,2025-12-27,2026-07-15
pressable is more than just a hosting platform,1,1,2025-12-27,2026-07-15
pressable just launched mcp support,1,1,2026-04-15,2026-06-20
pressable kaufen,1,1,2024-12-13,2026-06-07
pressable knowledge base: homepage,1,1,2024-07-23,2026-02-12
pressable kullanın,1,1,2024-12-14,2026-07-13
pressable launched its mcp,1,1,2026-05-05,2026-06-28
pressable live chat page,1,1,2024-07-19,2026-07-19
pressable logo asset,1,1,2026-06-15,2026-07-01
pressable managed hosting instagram,1,1,2026-03-17,2026-07-21
pressable managed hosting pricing — official,1,1,2025-11-10,2026-07-03
pressable managed hosting pricing — verified,1,1,2026-05-10,2026-07-09
pressable managed wordpress hosting high-performance managed wordpress hosting powering the wapuu.app multisite backend.,1,1,2026-04-11,2026-07-18
pressable may be the best web hosting company for your online shop,1,1,2023-11-18,2026-07-09
pressable mcp just got a lot more powerful,1,1,2026-07-20,2026-07-20
pressable mcp release,1,1,2026-04-15,2026-06-20
pressable mcp — página oficial,1,1,2026-07-20,2026-07-20
pressable mcp: control your wordpress hosting with ai - pressable,1,1,2026-07-02,2026-07-19
pressable mcp: control your wordpress hosting with ai.,1,1,2026-04-20,2026-06-04
pressable migration plugin,1,1,2025-12-19,2026-07-22
pressable news and announcements,1,1,2026-04-04,2026-04-26
pressable notes,1,1,2025-09-25,2026-07-10
pressable offers flexible pricing plans,1,1,2025-12-27,2026-07-15
pressable official,1,1,2025-04-12,2026-02-27
pressable official pricing page,1,1,2026-05-31,2026-07-07
pressable on pre-launch crawling and error thresholds,1,1,2026-06-26,2026-06-26
pressable onepress login,1,1,2026-03-17,2026-07-21
pressable online knowledge base,1,1,2024-01-18,2026-07-20
pressable overview,1,1,2025-03-21,2026-02-28
pressable partner directory,1,1,2026-05-12,2026-05-12
pressable password reset,1,1,2026-03-15,2026-07-22
pressable php support documentation,1,1,2024-08-06,2026-07-10
pressable plugin management,1,1,2025-12-11,2026-07-15
pressable press kit,1,1,2026-06-15,2026-07-01
"pressable pressable we’re dedicated to more than managed wordpress hosting. what sets pressable apart from the rest? it’s simple: service. we’re dedicated to you, your company, and your sites —in that order. get started now!",1,1,2023-09-01,2026-07-19
pressable pricing and plans,1,1,2025-04-13,2026-03-02
pressable pricing plans,1,1,2025-03-05,2026-02-27
pressable pricing plans.,1,1,2024-05-03,2026-07-16
pressable pro partner,1,1,2026-05-11,2026-07-23
pressable promotion terms and conditions,1,1,2026-03-17,2026-07-21
pressable ranks top tier with review signal’s wordpress hosting benchmarks,1,1,2026-03-17,2026-07-21
pressable reports,1,1,2026-07-11,2026-07-19
pressable reputation management,1,1,2026-07-03,2026-07-03
pressable reviews,1,1,2025-03-21,2026-02-27
pressable reviews: where wordpress works best,1,1,2023-12-26,2026-07-19
pressable service and platform considerations,1,1,2026-03-17,2026-07-21
pressable site guidelines,1,1,2026-03-22,2026-03-22
pressable site guidelines pressable publishes cannabis and marijuana product review guidance for hosted sites.,1,1,2026-07-01,2026-07-17
"pressable site guidelines pressable publishes cannabis and marijuana product review language, useful for comparison with bakedpress policy.",1,1,2026-06-30,2026-07-17
pressable sites and robots.txt,1,1,2026-03-17,2026-07-21
pressable status blog,1,1,2018-06-09,2026-06-03
pressable support: sign into,1,1,2024-07-23,2026-02-12
pressable team,1,1,2018-06-09,2026-06-03
pressable tos,1,1,2026-03-22,2026-03-22
pressable usa,1,1,2026-04-10,2026-07-06
pressable vs nexcess: an alternative comparison,1,1,2026-03-17,2026-07-21
pressable vs. godaddy,1,1,2026-03-17,2026-07-21
pressable vs. hostgator,1,1,2026-03-17,2026-07-21
pressable vs. hostinger,1,1,2026-03-17,2026-07-21
pressable vs. ionos,1,1,2026-03-17,2026-07-21
pressable vs. kinsta,1,1,2026-03-17,2026-07-21
pressable vs. namecheap,1,1,2026-03-17,2026-07-21
pressable vs. siteground,1,1,2026-03-17,2026-07-21
pressable vs. squarespace,1,1,2026-03-17,2026-07-21
pressable vs. weebly,1,1,2026-03-17,2026-07-21
pressable vs. wp engine,1,1,2026-03-17,2026-07-21
pressable vs. wp engine vs. kinsta,1,1,2026-03-17,2026-07-21
pressable vs. wp engine vs. kinsta: a hosting comparison — pressable,1,1,2026-07-01,2026-07-17
pressable vs. wp engine: comparison of managed web hosting providers,1,1,2026-06-17,2026-07-20
pressable web host homepage pressable web host homepage,1,1,2025-03-11,2026-07-12
pressable web hosting,1,1,2024-07-03,2026-07-15
pressable web hosting official website,1,1,2025-03-30,2026-06-05
pressable wordpress affiliate program..,1,1,2025-03-10,2026-07-04
pressable wordpress daily backups ↗,1,1,2025-07-02,2026-07-21
pressable wordpress hosting review,1,1,2025-03-08,2026-02-28
pressable » comments feed,1,1,2026-04-29,2026-06-20
pressable » feed,1,1,2026-04-29,2026-06-20
pressable – official site,1,1,2025-07-15,2026-07-13
"pressable ↗ quoted on title-tag, header, and crawl-budget mistakes. jump to mention",1,1,2026-06-17,2026-07-16
pressable で開始,1,1,2026-04-09,2026-05-02
pressable の詳細,1,1,2026-04-27,2026-04-27
pressable は、,1,1,2024-11-22,2026-05-14
pressable 官方定價頁,1,1,2026-05-31,2026-07-07
pressable 官方定價頁面,1,1,2026-05-31,2026-07-07
pressable 官方文件,1,1,2026-05-31,2026-07-07
pressable 官方狀態頁,1,1,2026-05-31,2026-07-07
pressable 官方頁面,1,1,2026-05-31,2026-07-07
pressable 文件,1,1,2026-05-31,2026-07-07
pressable 状态页面,1,1,2026-04-09,2026-04-28
pressable 知識庫,1,1,2026-05-31,2026-07-07
pressable 退款保證,1,1,2026-05-31,2026-07-07
pressable 살펴보기,1,1,2026-01-13,2026-01-13
pressable 상태 페이지,1,1,2026-04-09,2026-04-25
pressable's,1,1,2026-01-27,2026-01-27
pressable's advice on retaining custom css,1,1,2024-07-18,2026-06-02
pressable's affiliate program,1,1,2026-03-17,2026-07-21
pressable's article,1,1,2024-08-13,2026-07-03
pressable's discussion of wordpress personalization and tailored content,1,1,2026-07-01,2026-07-18
pressable's guide for wordpress agencies,1,1,2025-10-23,2026-07-13
pressable's insights.,1,1,2024-10-13,2026-06-29
pressable's multisite explanation,1,1,2024-10-26,2026-06-02
pressable's php version policy,1,1,2026-03-17,2026-07-21
pressable's refer-a-friend program,1,1,2026-03-17,2026-07-21
pressable's research on optimizing woocommerce for ai search,1,1,2026-03-15,2026-07-16
pressable's scaling guide,1,1,2026-04-17,2026-07-14
pressable's web application firewall (waf) for increased site security,1,1,2026-03-17,2026-07-21
"pressable, inc.",1,1,2026-06-20,2026-06-20
"pressable, inc. launches control panel feature. a few weeks back, pressable introduced a control panel feature that allowed you to select your primary datacenter. dec 16, 2020 | pressable.com",1,1,2026-03-24,2026-05-21
"pressable, inc. launches pressable control panel. pressable is proud to announce the launch of a new and improved pressable control panel with a sleek, modern look and improved user experience that makes everything – from migrating and creating websites, to managing daily backups and site settings, to staying up to date with site analytics and metrics – quick, easy and intuitive. feb 16, 2021 | pressable.com",1,1,2026-03-24,2026-05-21
"pressable, inc. partners with mainwp. pressable, inc. is thrilled to announce its partnership with mainwp, which provides a simple, yet powerful solution for this common challenge with its new pressable extension. jun 19, 2023 | pressable.com",1,1,2026-03-24,2026-05-21
"pressable, reliable wordpress hosting",1,1,2026-04-28,2026-07-12
pressable-dashboard,1,1,2026-05-01,2026-07-07
pressable-logo-light,1,1,2026-03-01,2026-07-05
pressable.com (hauptseite),1,1,2026-06-08,2026-07-15
pressable.com .,1,1,2026-03-16,2026-05-04
"pressable.com blog the pressable hosting blog if you run an agency, you’ve likely considered offering hosting as a core service. it’s the ultimate recurring revenue stream, in theory. in practice, mo…",1,1,2026-05-27,2026-05-27
"pressable.com blog the-extra-e-in-e-e-a-t e - e - a - t: the extra 'e' that could boost your seo | pressable the extra ‘e’ in e - e - a - t ask your favorite ai copy the link to a markdown format of this article for chatgpt, claude, gemini, or your favorite ai. google…",1,1,2026-04-28,2026-06-16
pressable.com coupons or promo codes,1,1,2023-12-21,2026-07-04
pressable.com highlights chat-with-sales chat with sales - pressable,1,1,2026-05-22,2026-06-21
pressable.com https://pressable.com › blog › what-is- gpl,1,1,2025-10-24,2026-02-02
pressable.com lightweight 404s for static files,1,1,2024-05-01,2026-01-03
pressable.com visit official website,1,1,2025-11-22,2026-06-07
pressable.com visit website,1,1,2024-08-18,2026-01-19
pressable.com › blog › 7-places 7 places to include seo keywords on your website,1,1,2026-02-01,2026-05-26
pressable.com › blog › 7-places-to-include-search 7 places to include seo keywords on your website,1,1,2026-02-08,2026-02-08
pressable.com › blog › how-to-automate-white-label-wordpress-hosting-with-whmcs how to automate white-label wordpress hosting with whmcs - ...,1,1,2026-03-15,2026-03-15
pressable.com › blog › improving-wordpress-server a guide for improving wordpress’ server response time,1,1,2025-08-14,2026-01-07
pressable.com › blog › what-is-gpl what is gpl ? a guide to the open source software license,1,1,2026-02-06,2026-02-06
pressable.com › blog › woocommerce-hosting-guide best woocommerce hosting: your complete guide | pressable,1,1,2026-02-22,2026-02-22
pressable.com › blog › wordpress-local-seo wordpress local seo : a guide to local search for smbs | pressable,1,1,2026-04-20,2026-04-20
pressable.com › blog › wordpress-marketing-automation 18 must-have wordpress marketing automation tools | pressable,1,1,2026-07-01,2026-07-01
pressable.com › changelog › streamline-your-security streamline your security: introducing login with passkeys,1,1,2026-03-12,2026-03-12
pressable.com › changelog › streamline-your-security-introducing-login-with-passkeys streamline your security: introducing login with passkeys - ...,1,1,2026-02-12,2026-02-12
pressable.com › company about pressable : where wordpress works best | pressable,1,1,2026-03-15,2026-03-15
pressable.com › google-cloud google cloud vs. pressable: wordpress hosting compared,1,1,2026-01-17,2026-01-17
pressable.com › knowledgebase › enabling-two-factor-authentication-2fa enabling mypressable two-factor authentication (2fa) | pressable,1,1,2026-02-12,2026-02-12
pressable.com › knowledgebase › ssl-troubleshooting ssl troubleshooting for the most common ssl issues,1,1,2026-03-15,2026-03-15
pressable.com › knowledgebase › understanding-and understanding and troubleshooting admin-ajax.php in wordpress,1,1,2026-03-10,2026-03-10
pressable.com › knowledgebase-categories › getting getting started with pressable 's wordpress hosting,1,1,2026-03-12,2026-03-12
pressable.com › knowledgebase-categories › getting-started getting started with pressable 's wordpress hosting,1,1,2026-02-12,2026-02-12
pressable.com › managed-wordpress-hosting › enterprise enterprise wordpress hosting by pressable,1,1,2026-05-19,2026-05-19
pressable.com › managed-wordpress-hosting › headless headless wordpress hosting by pressable,1,1,2026-03-15,2026-03-15
pressable.com › web-tools › cms-detector free cms detector - pressable.com,1,1,2026-02-03,2026-02-03
pressable.com › web-tools › robots-txt-tester robots.txt tester,1,1,2026-01-04,2026-06-01
pressable.com/a-quick-guide-to-wordpress-multisite-what-you-need-to-know/,1,1,2024-10-08,2026-07-07
pressable.com/blog,1,1,2026-04-28,2026-07-12
pressable.com/blog/2014/12/11/understanding-dns-record-types,1,1,2024-01-16,2026-07-22
pressable.com/blog/2016/04/2…,1,1,2025-03-23,2026-07-04
pressable.com/blog/7-places-to-include-search…,1,1,2025-11-23,2026-06-05
pressable.com/blog/optimizing-ecommerce-for-ai-sea...,1,1,2026-07-08,2026-07-08
pressable.com/company,1,1,2026-06-08,2026-07-15
pressable.com/data-centers,1,1,2026-06-08,2026-07-15
pressable.com/development-services/,1,1,2026-06-20,2026-07-18
pressable.com/features,1,1,2026-06-08,2026-07-15
pressable.com/knowledgebase/get-started-with-pressable-mcp/,1,1,2026-05-08,2026-05-08
pressable.com/knowledgebase/…,1,1,2026-04-12,2026-06-11
pressable.com/plans (preise),1,1,2026-06-08,2026-07-15
pressable.com/plans/,1,1,2026-06-13,2026-07-10
pressable.com/wpminute&nbsp;,1,1,2026-01-21,2026-07-16
pressable.com],1,1,2026-04-30,2026-07-03
pressable.comsafely remove wordpress plugins without breaking your site – pressable,1,1,2025-07-24,2026-03-11
pressable.comspeed up your wordpress site by optimizing autoloaded data,1,1,2025-07-24,2026-03-11
pressable.com’s gdpr policy,1,1,2026-02-26,2026-06-13
pressable: introduction to pci compliance for woocommerce ↗,1,1,2026-07-05,2026-07-13
"pressable: what we do, and how we can help",1,1,2025-03-28,2026-07-04
pressable: wordpress hosting for business owners,1,1,2025-05-06,2026-07-20
pressable: wordpress php compatibility guide ↗,1,1,2025-09-17,2026-07-15
pressable’s advice on retaining custom css,1,1,2026-06-02,2026-07-13
pressable’s article on server-side caching,1,1,2026-03-12,2026-06-21
pressable’s automation tools roundup,1,1,2025-09-04,2026-07-10
pressable’s benefits,1,1,2025-03-15,2026-07-12
pressable’s bulk tool functionality,1,1,2026-06-17,2026-07-20
pressable’s caching technique,1,1,2024-11-07,2026-07-21
pressable’s dns records documentation,1,1,2026-06-19,2026-07-20
pressable’s documentation,1,1,2026-05-31,2026-07-07
pressable’s git docs,1,1,2026-05-31,2026-07-07
pressable’s git feature,1,1,2024-02-05,2026-07-16
pressable’s gptbot guide,1,1,2026-01-03,2026-04-20
pressable’s guidance for cbd and hemp products,1,1,2026-04-16,2026-04-16
pressable’s guidance on woocommerce erp integration,1,1,2026-07-08,2026-07-20
pressable’s guide on server-side caching,1,1,2026-03-12,2026-06-21
pressable’s guide to recurring revenue for wordpress agencies,1,1,2026-05-20,2026-05-20
pressable’s guide to wordpress marketing automation tools,1,1,2025-09-04,2026-07-10
pressable’s hourly db backup capability,1,1,2026-04-24,2026-07-08
pressable’s insights.,1,1,2026-06-09,2026-07-20
pressable’s instructions,1,1,2024-01-05,2026-07-21
pressable’s knowledgebase,1,1,2024-03-02,2026-06-12
pressable’s multisite explanation,1,1,2026-06-02,2026-07-13
pressable’s object cache,1,1,2024-11-20,2026-07-20
pressable’s offerings here,1,1,2025-04-13,2026-03-02
pressable’s official pricing page,1,1,2025-11-03,2026-07-22
pressable’s overview,1,1,2026-06-11,2026-07-14
pressable’s own knowledge base,1,1,2026-05-31,2026-07-07
pressable’s prices,1,1,2023-08-17,2026-07-21
pressable’s pricing,1,1,2023-08-29,2026-07-06
pressable’s pricing plans,1,1,2023-10-12,2026-06-22
pressable’s refund policy,1,1,2026-05-31,2026-07-07
pressable’s service offerings,1,1,2025-03-21,2026-02-27
pressable’s user removal guide,1,1,2026-07-23,2026-07-23
pressable’ı keşfedin,1,1,2026-01-08,2026-01-08
pressableでホスト,1,1,2026-04-09,2026-07-14
pressableでホストされている,1,1,2026-04-09,2026-07-21
pressableによってホスト,1,1,2026-05-16,2026-07-13
pressableのmcp server,1,1,2026-04-22,2026-06-04
pressableの公式価格ページ,1,1,2026-05-04,2026-07-15
pressableの管理画面,1,1,2026-05-10,2026-07-15
pressable主机,1,1,2023-07-18,2026-06-28
pressable是一个不错的选择。,1,1,2026-03-08,2026-05-25
pressable로 시작,1,1,2023-06-07,2026-07-02
pressable에서 호스팅합니다.,1,1,2026-03-31,2026-06-01
pressalable_logo pressalable_logo,1,1,2024-05-07,2026-07-04
pressa­ble,1,1,2025-01-29,2026-02-16
pressbares logo,1,1,2024-11-26,2026-01-27
pressble,1,1,2025-06-10,2026-01-01
presseable,1,1,2025-06-14,2026-07-21
presserbar,1,1,2025-06-12,2026-01-04
pressesable,1,1,2023-05-29,2026-07-14
pressible,1,1,2025-11-08,2026-07-15
pressitav,1,1,2026-04-24,2026-04-24
presssable,1,1,2024-08-21,2026-07-19
pressuable,1,1,2026-06-23,2026-06-23
press­able,1,1,2024-12-05,2026-04-29
pressível,1,1,2026-04-16,2026-07-04
prevent sites from being hacked,1,1,2024-08-08,2026-07-18
prezračljiv,1,1,2025-10-30,2026-06-22
prešane,1,1,2025-01-09,2026-04-24
price your wordpress website: a guide to pricing | pressable,1,1,2026-04-28,2026-07-02
prices,1,1,2024-03-28,2026-07-11
pricing & plans,1,1,2026-03-17,2026-07-21
pricing.,1,1,2025-09-20,2026-02-18
privacy policy – pressable wordpress hosting – more than hosting,1,1,2026-02-25,2026-07-10
pro tips for getting the most out of yoast,1,1,2026-03-17,2026-07-21
proactive alerts regarding potential threats,1,1,2026-06-08,2026-07-03
probeer hier pressable,1,1,2025-01-27,2026-01-04
problemas paralizantes,1,1,2026-07-16,2026-07-18
product page,1,1,2026-05-20,2026-07-19
product updates,1,1,2026-03-17,2026-07-21
product website,1,1,2025-08-09,2026-07-20
programa de socios de pressable,1,1,2026-01-03,2026-07-13
promotional graphic announcing pressable as a women in tech seo partner. the pressable logo is displayed prominently on a light background with abstract pastel design elements and a “wtspartner” label.,1,1,2026-06-05,2026-07-20
protecting against phishing attempts,1,1,2026-03-17,2026-07-21
prova pressable qui,1,1,2026-03-23,2026-07-23
prova tryckbar här,1,1,2025-05-24,2026-01-04
proveedor de alojamiento,1,1,2026-07-16,2026-07-18
provider website,1,1,2026-06-15,2026-06-15
przekieruj do pressable.com,1,1,2026-03-31,2026-03-31
push a staging site into production,1,1,2026-03-17,2026-07-21
"página de redes sociales, proporcionará un valor real a los consumidores. darles consejos prácticos les ayuda, les demuestra que saben lo que está haciendo y les deja con un sentimiento positivo sobre su marca.",1,1,2026-07-16,2026-07-18
página de status da pressable,1,1,2026-04-09,2026-04-25
póngase en contacto con nosotros hoy,1,1,2026-07-16,2026-07-18
quick start guide: secure your site,1,1,2026-03-17,2026-07-21
rabattcode,1,1,2026-01-21,2026-01-21
randomizing posts in wordpress,1,1,2026-03-17,2026-07-21
rate limiting on 404 pages: the 428 error,1,1,2026-03-17,2026-07-21
read it,1,1,2024-12-09,2026-06-02
read more →,1,1,2026-04-17,2026-07-22
read original article here…. pressable.com,1,1,2023-08-24,2026-07-23
read the article…,1,1,2024-01-22,2026-07-17
reasons for migrating a wordpress site,1,1,2024-08-02,2026-07-04
recommended options,1,1,2024-01-28,2026-07-10
recovering from a failover cluster instance failure: a guide,1,1,2026-03-17,2026-07-21
recovering from a failover cluster instance failure: a guide – pressable,1,1,2025-03-03,2026-07-21
redirect to pressable.com,1,1,2026-04-01,2026-04-01
redirects checker,1,1,2026-03-17,2026-07-21
"redundant hardware, software, and network connectivity",1,1,2023-12-30,2026-02-03
refer-a-friend program terms,1,1,2026-03-17,2026-07-21
refunds available,1,1,2024-01-28,2026-07-10
registrador y servidor de nombres,1,1,2026-07-15,2026-07-18
report a concern,1,1,2026-03-17,2026-07-21
request a demo,1,1,2026-03-17,2026-07-21
request a demoget a deep dive into our platform.,1,1,2023-12-29,2026-06-02
request a migration,1,1,2026-03-17,2026-07-21
reseller wordpress hosting,1,1,2026-03-17,2026-07-21
"reselling wordpress hosting for agencies: pros, cons, and best practices",1,1,2026-03-17,2026-07-21
reset your passwords,1,1,2026-03-17,2026-07-21
resmi siteyi ziyaret et,1,1,2026-01-13,2026-03-30
resource center support resource center support,1,1,2022-12-09,2026-07-03
resource page (opens in a new window),1,1,2024-03-24,2026-05-21
resources,1,1,2023-09-28,2026-06-02
"rest api in wordpress: when, why, and how to use it",1,1,2026-03-17,2026-07-21
restful api,1,1,2026-06-08,2026-07-07
restore a site in pressable using the automated restore tool,1,1,2026-03-17,2026-07-21
restoring a site from a .wpress backup file,1,1,2026-03-17,2026-07-21
restrict them,1,1,2025-09-13,2026-01-04
rethinking the customer journey,1,1,2026-03-17,2026-07-21
reverse proxy plugin for using a hosted wordpress site in a subdirectory,1,1,2023-12-31,2026-05-31
review pressable hosting,1,1,2026-06-21,2026-07-07
review signal wordpress hosting benchmarks,1,1,2024-11-26,2026-06-13
review signal’s wordpress hosting benchmarks,1,1,2024-04-10,2026-06-22
reviews,1,1,2024-12-09,2026-06-02
robots.txt,1,1,2026-01-09,2026-07-21
robots.txt tester,1,1,2026-03-17,2026-07-21
rock-solid guarantee,1,1,2023-08-17,2026-07-13
run a traceroute to diagnose timeout or connection errors,1,1,2026-03-17,2026-07-21
run bulk operations on your pressable sites,1,1,2026-03-17,2026-07-21
running a wordpress business,1,1,2026-03-17,2026-07-21
running smoothly,1,1,2023-12-31,2026-07-03
saiba mais,1,1,2025-04-09,2026-03-13
saidi,1,1,2026-07-08,2026-07-08
sandbox sites,1,1,2025-06-02,2026-01-16
saspiežams,1,1,2026-01-22,2026-06-22
save time with the woocommerce bulk product upload feature,1,1,2026-03-17,2026-07-21
scalability and growth potential of popular blogging platforms,1,1,2025-09-14,2026-07-01
scalable hosting,1,1,2026-03-17,2026-07-21
scale automatically,1,1,2024-09-08,2026-07-17
"scale your wordpress: automation tips for growth, efficiency, and reliability",1,1,2026-03-17,2026-07-21
scanning your site for cyber threats and malware,1,1,2023-10-12,2026-06-22
schauen sie sich hier pressable an,1,1,2025-03-07,2026-01-08
schedule a free demo,1,1,2023-12-28,2026-06-13
scopri pressable,1,1,2026-01-05,2026-02-27
screenshot of truly incredible wordpress hosting by pressable,1,1,2025-09-16,2026-05-30
seamless white glove wordpress migrations,1,1,2026-03-17,2026-07-21
seamless white glove wordpress migrations | pressable,1,1,2026-04-28,2026-07-02
search engine optimization,1,1,2026-03-17,2026-07-21
search engine optimization (seo),1,1,2023-12-20,2026-06-02
secret tips for social media success - pressable,1,1,2024-08-20,2026-07-09
secure website hosting,1,1,2025-12-31,2026-07-12
secure wordpress hosting with jetpack security,1,1,2026-03-17,2026-07-21
secure wordpress hosting with jetpack security | pressable,1,1,2026-07-02,2026-07-02
security and incident response,1,1,2026-03-17,2026-07-21
security features like ssl certificates and firewalls,1,1,2025-08-07,2026-07-23
security month: login credential safety and integrity,1,1,2023-12-31,2026-07-13
see current pricing →,1,1,2026-07-14,2026-07-14
see guide,1,1,2025-12-15,2026-04-08
see more,1,1,2022-06-11,2026-07-20
see pressable managed hosting at pressable ã¢ââ,1,1,2026-07-19,2026-07-19
see pressable.com plans,1,1,2025-01-12,2026-07-15
see pressable’s hosting plans for woocommerce,1,1,2023-08-24,2026-07-07
see the listing ↗,1,1,2026-06-17,2026-07-19
see why so many freelancers choose pressable for wordpress hosting.,1,1,2023-09-17,2026-07-12
seguridad,1,1,2026-07-16,2026-07-18
select a hosting provide,1,1,2022-02-13,2026-06-02
select your plan,1,1,2025-04-10,2026-06-02
selecting a hosting provider,1,1,2025-03-05,2026-07-11
sell smarter: how to set up flawless inventory management in woocommerce,1,1,2026-04-28,2026-07-02
seo experts recommend regular audits,1,1,2025-03-19,2026-07-11
seo keywords on your website,1,1,2025-11-11,2026-07-18
seo with wordpress: why it matters,1,1,2026-03-17,2026-07-21
seriously bud x pressable,1,1,2026-03-17,2026-07-21
server,1,1,2025-02-28,2026-05-02
server downtime,1,1,2024-11-17,2026-06-21
server-side cache,1,1,2025-03-03,2026-06-07
serverless architecture,1,1,2026-07-12,2026-07-12
service level agreement,1,1,2024-02-07,2026-07-21
service level-vereinbarung von pressable,1,1,2024-05-08,2026-01-25
setting up wordpress on laravel homestead,1,1,2026-03-17,2026-07-21
setup and use sftp to connect to your wordpress site,1,1,2026-03-17,2026-07-21
shared vs wordpress hosting: making the right choice,1,1,2026-03-17,2026-07-21
shop at pressable,1,1,2026-04-18,2026-07-16
shop now,1,1,2023-12-21,2026-07-04
shopify,1,1,2025-03-17,2026-06-02
si vous utilisez la méthode automatisée et qu’elle échoue,1,1,2026-03-21,2026-06-04
sign in,1,1,2026-02-03,2026-06-02
sign up and get started with pressable now,1,1,2025-12-27,2026-07-15
sign up for a personalized demo,1,1,2024-01-09,2026-07-17
sign up for pressable,1,1,2026-01-27,2026-01-27
sign up now,1,1,2024-07-26,2026-07-14
sign up now at pressable,1,1,2026-03-05,2026-03-05
signature 1,1,1,2025-07-10,2026-06-22
signature 2,1,1,2025-07-07,2026-07-09
signature 3,1,1,2025-07-09,2026-07-18
signature 4,1,1,2025-07-07,2026-07-13
signature 5,1,1,2025-07-07,2026-07-06
signature 6,1,1,2025-07-07,2026-07-11
signature 7,1,1,2025-07-10,2026-07-11
signature 8,1,1,2025-07-07,2026-07-06
since 2010,1,1,2023-12-26,2026-07-21
site,1,1,2026-07-07,2026-07-07
site guidelines,1,1,2026-03-17,2026-07-21
site link,1,1,2024-06-17,2026-07-17
site performance reports,1,1,2026-03-17,2026-07-21
site speed,1,1,2024-11-26,2026-06-13
site speed optimization,1,1,2026-03-17,2026-07-21
site web,1,1,2026-04-04,2026-07-14
siteleri ortaya çıkıyor,1,1,2026-04-15,2026-06-06
sitemap_index.xml,1,1,2026-01-09,2026-07-21
sitio,1,1,2026-06-10,2026-07-08
sitio web,1,1,2022-12-07,2026-07-14
skaffa pressable,1,1,2024-12-14,2026-06-04
skal du klikke her for at udforske deres hostingplaner,1,1,2025-12-20,2026-01-07
smart wordpress staging environments,1,1,2026-03-17,2026-07-21
soporte técnico,1,1,2026-07-16,2026-07-18
"source : pressable, 2024",1,1,2025-07-27,2026-06-09
source: pressable,1,1,2024-11-29,2026-05-24
sources,1,1,2024-01-25,2026-07-03
spaudžiamas,1,1,2025-01-20,2026-01-30
special wordpress hosting,1,1,2024-07-30,2026-06-20
speckyboy50,1,1,2025-03-23,2026-07-07
speed test,1,1,2024-08-18,2026-06-02
speed up your site with pressable’s caching,1,1,2026-04-18,2026-04-18
speed up your wordpress site by optimizing autoloaded data – pressable ↗,1,1,2025-10-22,2026-07-17
sponsor logo pressable san antonio's managed wordpress hosting. 4x the pageviews for $20.83/mo.,1,1,2025-12-20,2026-04-05
spooky savings - 15% off new wordpress hosting plans w/c ghost,1,1,2025-01-30,2026-04-25
squarespace,1,1,2025-03-17,2026-06-02
ssl certificate,1,1,2023-03-17,2026-06-17
ssl checker,1,1,2026-03-17,2026-07-21
ssl troubleshooting for the most common ssl issues,1,1,2026-03-17,2026-07-21
"staging, websites, and clones",1,1,2026-04-09,2026-07-04
staging-to-production guide,1,1,2026-05-26,2026-07-03
start free trial,1,1,2026-06-23,2026-07-14
start your agency on pressable →,1,1,2026-04-11,2026-07-22
start your woocommerce store on pressable →,1,1,2026-04-11,2026-07-22
starta med pressable,1,1,2023-09-20,2026-06-05
status update,1,1,2018-03-29,2026-07-11
step-by-step instructions,1,1,2025-12-16,2026-05-07
still under investigation by pressable,1,1,2024-08-10,2026-07-21
stlačiteľné,1,1,2026-05-04,2026-05-04
stored around the world,1,1,2023-10-02,2026-07-10
strategic partners,1,1,2023-09-28,2026-06-02
streamline your security: introducing login with passkeys,1,1,2026-03-17,2026-07-21
streamline your wordpress site handoff with managed wordpress hosting,1,1,2026-03-17,2026-07-21
streamline your workflow with the pressable api,1,1,2026-03-17,2026-07-21
stripe vs. square vs. paypal: choosing a payment gateway for your woocommerce store,1,1,2026-03-17,2026-07-21
su blog,1,1,2026-07-20,2026-07-20
subprocessor list,1,1,2026-03-17,2026-07-21
subscribe to our newsletter,1,1,2023-09-12,2026-07-07
summer 2022 g2 reports,1,1,2024-11-26,2026-06-13
summer30,1,1,2024-10-22,2026-07-22
summer50,1,1,2024-10-22,2026-07-22
swiss army knife,1,1,2024-02-02,2026-07-20
switch to pressable - agencies,1,1,2026-03-17,2026-07-21
switch to pressable managed hosting,1,1,2025-06-19,2026-07-13
"switch to pressable, today",1,1,2026-03-17,2026-07-21
switching from squarespace to wordpress,1,1,2026-01-16,2026-01-25
să accelerați timpul de încărcare a paginii,1,1,2024-07-03,2026-06-02
sử dụng ứng dụng web,1,1,2025-03-15,2026-02-14
tableau de bord de pressable,1,1,2026-04-25,2026-07-21
tap here to explore pressable for woocommerce,1,1,2025-07-03,2026-03-05
tap here to launch your woocommerce store with pressable hosting,1,1,2025-04-30,2026-04-27
tap here to see pressable pricing,1,1,2025-06-15,2026-06-07
tap here to start managing multiple sites the smart way with pressable,1,1,2025-07-15,2026-07-13
tap here to start your site with pressable,1,1,2025-05-07,2026-03-05
tap here to try pressable,1,1,2025-07-15,2026-07-05
tap here to try pressable and unlock your woocommerce store’s full potential,1,1,2025-07-03,2026-03-05
tap here to try pressable hosting,1,1,2025-05-07,2026-05-04
tap here to try pressable’s scalable hosting,1,1,2025-07-15,2026-07-13
tedxsa 2014 sponsor: pressable,1,1,2023-10-30,2026-07-21
terms,1,1,2026-07-10,2026-07-18
terms & conditions apply,1,1,2026-03-04,2026-04-28
testing wordpress beta versions,1,1,2026-03-17,2026-07-21
the 8 best lms plugins for wordpress,1,1,2026-03-17,2026-07-21
the best web hosting platform,1,1,2026-03-17,2026-07-21
the best wordpress contact form plugins,1,1,2026-03-17,2026-07-21
the best wp engine alternative,1,1,2026-03-17,2026-07-21
the capability to press,1,1,2025-03-03,2026-07-03
the clickable text of your link (anchor text) matters,1,1,2025-08-05,2026-07-04
the dangers of distributed denial-of-service (ddos) attacks to your wordpress website,1,1,2026-03-17,2026-07-21
the dangers of unlicensed wordpress plugins,1,1,2026-03-17,2026-07-21
the documentation,1,1,2026-05-28,2026-07-23
the dos and don'ts of using exit-intent pop-ups on your wordpress website,1,1,2026-03-17,2026-07-21
the extra ‘e’ in e-e-a-t,1,1,2026-03-17,2026-07-21
the general data protection regulation (gdpr),1,1,2026-03-17,2026-07-21
the hidden physics of woocommerce performance: build fast or pay forever,1,1,2026-03-17,2026-07-21
the knowledge base,1,1,2026-01-16,2026-07-19
the launch of “fresh smiles”,1,1,2026-04-28,2026-07-12
the mainwp pressable extension,1,1,2024-06-26,2026-07-05
the pressable affiliate program,1,1,2026-01-08,2026-06-02
the pressable cache management plugin,1,1,2026-03-17,2026-07-21
the pressable hosting blog,1,1,2026-04-28,2026-07-02
the real cost of a woocommerce store | pressable,1,1,2025-11-15,2026-07-10
the repository x pressable,1,1,2026-03-17,2026-07-21
the top tools for wordpress collaboration,1,1,2026-03-17,2026-07-21
the ultimate ecommerce cro guide,1,1,2026-03-17,2026-07-21
the ultimate holiday checklist for woocommerce stores,1,1,2026-03-17,2026-07-21
the zippy kid,1,1,2024-01-20,2026-07-18
the “exclude page from batcache” setting,1,1,2024-11-20,2026-07-20
their documentation,1,1,2026-06-05,2026-07-22
their website,1,1,2025-08-14,2026-01-07
there is a process,1,1,2026-05-28,2026-07-23
things i learnt as a ceo in 2012 zippykid.com,1,1,2026-04-14,2026-04-14
things we're thankful for,1,1,2026-03-17,2026-07-21
this blog explores pressable’s powerful wordpress hosting solutions,1,1,2025-12-27,2026-07-15
this in-depth guide by pressable,1,1,2026-03-12,2026-06-21
this means,1,1,2025-03-10,2026-07-10
this page,1,1,2026-05-23,2026-05-23
tipos básicos de registros dns,1,1,2026-07-16,2026-07-18
tips for building a great mobile experience for a woocommerce website,1,1,2026-03-17,2026-07-21
tips for building a wordpress site -..,1,1,2023-09-08,2026-07-04
tips for growing your agency or freelance business in 2021,1,1,2026-03-17,2026-07-21
tips for troubleshooting website performance issues,1,1,2026-03-17,2026-07-21
to create a staging site,1,1,2023-06-01,2026-07-21
tooling and integrations for resellers,1,1,2026-03-17,2026-07-21
top 10 beginning wordpress tips for building a wordpress website,1,1,2026-03-17,2026-07-21
top 10 wordpress seo plugins and tools to boost organic traffic,1,1,2026-03-17,2026-07-21
top 3 woocommerce sales tax extensions,1,1,2026-03-17,2026-07-21
top 6 tips to speed up woocommerce sites,1,1,2026-03-17,2026-07-21
training.pressable.com,1,1,2025-12-10,2026-04-30
trang,1,1,2026-05-26,2026-07-11
transferring a site to a different pressable account,1,1,2026-03-17,2026-07-21
transform clicks to sales with ecommerce landing pages,1,1,2026-03-17,2026-07-21
troubleshoot website performance issues on pressable,1,1,2026-04-18,2026-04-18
troubleshooting errors,1,1,2026-07-11,2026-07-11
troubleshooting site access issues after pointing your domain to pressable,1,1,2026-03-17,2026-07-21
truly incredible wordpress hosting by pressable — pressable,1,1,2026-07-01,2026-07-17
truy cập chương trình,1,1,2026-03-03,2026-04-19
try now →,1,1,2026-05-20,2026-07-19
try out pressable today!,1,1,2024-04-20,2026-06-18
tutorials,1,1,2026-02-05,2026-07-21
two-factor authorization,1,1,2024-08-08,2026-02-03
tìm hiểu thêm,1,1,2025-03-15,2026-02-14
ultimate woocommerce ssl setup guide,1,1,2026-03-17,2026-07-21
una serie de articulos,1,1,2026-07-16,2026-07-18
understand,1,1,2023-11-23,2026-07-20
understand and use transients in wordpress,1,1,2026-03-17,2026-07-21
understand and use transients in wordpress | pressable,1,1,2026-02-17,2026-07-15
understanding 429 errors,1,1,2026-03-17,2026-07-21
understanding abspath at pressable,1,1,2026-03-17,2026-07-21
understanding admin-ajax.php — pressable,1,1,2026-06-05,2026-07-01
understanding and troubleshooting admin-ajax.php in wordpress,1,1,2026-03-17,2026-07-21
understanding cache efficiency in your site metrics,1,1,2026-03-17,2026-07-21
understanding cdns: how they work and benefit your business,1,1,2024-07-27,2026-07-20
understanding cors errors,1,1,2026-03-17,2026-07-21
understanding how ssl works,1,1,2026-03-17,2026-07-21
understanding outbound ip addresses on pressable,1,1,2026-03-17,2026-07-21
understanding php filesystem permissions,1,1,2026-03-17,2026-07-21
understanding php workers: how they impact your wordpress site’s performance,1,1,2023-11-22,2026-07-11
understanding pressable's security and cloudflare's proxy,1,1,2026-03-17,2026-07-21
understanding shared vs. dedicated hosting: a comprehensive guide,1,1,2024-01-02,2026-07-20
understanding wordpress multisite: is it right for you?,1,1,2026-03-17,2026-07-21
up to 20%,1,1,2024-11-12,2026-07-16
update management workflows,1,1,2025-02-26,2026-07-09
update woocommerce,1,1,2025-08-29,2026-07-04
updating php 7.4 to 8+ faqs,1,1,2026-03-17,2026-07-21
updating your php version in wordpress,1,1,2026-03-17,2026-07-21
upgrade your wordpress hosting with total confidence,1,1,2026-05-29,2026-05-29
uptime is defined,1,1,2026-05-15,2026-05-15
uptime monitoring,1,1,2025-12-31,2026-03-01
usar aplicativo de web,1,1,2025-04-09,2026-03-13
use 2024 lessons learned to improve 2025 online sales,1,1,2026-03-17,2026-07-21
use a mu-plugin to do this,1,1,2024-11-20,2026-07-20
use pressable’s free managed migration service,1,1,2024-06-22,2026-07-21
use the classic wordpress troubleshooting method,1,1,2025-09-25,2026-07-11
use wp-cli to automate wordpress agency workflows,1,1,2025-08-09,2026-06-19
use wp-cli to automate wordpress agency workflows ↗,1,1,2025-05-30,2026-03-06
using advanced file manager with pressable,1,1,2026-03-17,2026-07-21
using apm insights to troubleshoot performance issues,1,1,2026-03-17,2026-07-21
using breadcrumb schema to optimize your website,1,1,2026-03-17,2026-07-21
using cloudflare with ssl with pressable,1,1,2026-03-17,2026-07-21
using email marketing to grow your ecommerce store,1,1,2026-03-17,2026-07-21
using filezilla sftp for secure file transfer - pressable,1,1,2025-10-19,2026-03-12
using multiple canonical tags,1,1,2026-07-21,2026-07-21
using search and replace on wordpress and your pressable site,1,1,2026-03-17,2026-07-21
using server name indication (sni) for better ssl encryption,1,1,2026-03-17,2026-07-21
using sftp for uploading files,1,1,2026-07-11,2026-07-11
using spf records with pressable,1,1,2026-03-17,2026-07-21
using ssh and wp-cli to manage your wordpress site,1,1,2026-03-17,2026-07-21
using sucuri with pressable,1,1,2026-03-17,2026-07-21
using the mainwp extension for pressable,1,1,2026-03-17,2026-07-21
using the pressable automated migration..,1,1,2024-11-22,2026-07-04
using the wordpress object cache to cache query results,1,1,2026-03-17,2026-07-21
using the wordpress query monitor plugin,1,1,2026-03-17,2026-07-21
using wordpress studio to sync your local site with pressable,1,1,2026-03-17,2026-07-21
using wp-cli to automate wordpress agency workflows,1,1,2026-03-17,2026-07-21
utiliser l'application web,1,1,2026-02-24,2026-02-24
uzyskaj ofertę pressable,1,1,2024-12-08,2026-01-08
ver planos,1,1,2026-06-11,2026-06-27
ver pressable,1,1,2026-06-27,2026-07-13
verify on pressable,1,1,2026-06-29,2026-07-06
very thorough read,1,1,2025-03-19,2026-04-18
vid luther firefox,1,1,2024-07-24,2026-07-20
vid lutherfirefox,1,1,2024-07-24,2026-07-04
view,1,1,2026-06-26,2026-07-16
view live pressable pricing page,1,1,2026-05-22,2026-05-30
view logo asset on pressable,1,1,2026-06-15,2026-07-01
view more,1,1,2024-08-02,2026-06-27
view pressable changelog ↗,1,1,2026-07-17,2026-07-17
view pressable hosting plans →,1,1,2025-11-24,2026-07-11
view pressable status | updates and notifications from the pressable system operators status page ↗,1,1,2026-06-08,2026-07-23
view pricing →,1,1,2026-05-12,2026-07-18
view privacy policy for pressable,1,1,2025-04-21,2026-07-18
view setup guide,1,1,2026-04-07,2026-05-13
view source page →,1,1,2026-02-17,2026-07-12
view wordpress hosting plans,1,1,2026-01-16,2026-01-25
virginiatech.pressable.com,1,1,2025-12-10,2026-04-30
visit author website,1,1,2023-08-18,2026-07-07
visit homepage,1,1,2026-03-04,2026-06-11
visit official plans,1,1,2026-06-11,2026-07-20
visit official site,1,1,2026-03-01,2026-05-23
visit official site (opens in new tab),1,1,2026-05-02,2026-05-21
visit official site →,1,1,2026-05-11,2026-07-07
visit our website,1,1,2024-07-26,2026-07-14
visit plugin homepage,1,1,2025-12-22,2026-05-07
visit pressable (agency partnerships),1,1,2026-07-13,2026-07-13
visit pressable (bppress15),1,1,2025-09-28,2026-03-02
visit pressable reputation management,1,1,2026-07-03,2026-07-03
visit pressable website,1,1,2024-09-12,2026-07-21
visit pressable website →,1,1,2026-04-28,2026-07-04
visit pressable website ↗,1,1,2026-03-14,2026-04-29
visit pressable ↗,1,1,2026-04-01,2026-07-18
visit pressable's website (opens in new tab),1,1,2026-07-22,2026-07-22
visit pressable.com →,1,1,2026-04-01,2026-04-01
visit pressable→,1,1,2023-03-17,2026-05-27
visit product,1,1,2026-05-23,2026-07-17
visit product website ⧉,1,1,2026-04-21,2026-04-21
visit provider,1,1,2026-04-13,2026-07-04
visit provider website (opens in a new window),1,1,2025-02-25,2026-07-10
visit retailer,1,1,2025-01-30,2026-04-25
visit store →,1,1,2026-07-18,2026-07-18
visit the official website,1,1,2026-04-22,2026-06-14
visit this website,1,1,2026-03-19,2026-07-18
visit website ↗,1,1,2026-04-20,2026-07-07
visita pressable.com,1,1,2025-02-05,2026-01-05
visitar sitio,1,1,2026-04-28,2026-07-03
visite pressable.com,1,1,2025-03-03,2026-01-05
visiter le site →,1,1,2026-07-18,2026-07-23
visiter ↗,1,1,2026-07-12,2026-07-20
vista de pagina,1,1,2026-07-16,2026-07-18
waf firewall,1,1,2024-04-10,2026-06-22
ways to reduce woocommerce cart abandonment,1,1,2026-03-17,2026-07-21
"we cracked the code for quick wins, helping wpdatacenter.com shine on seoflox.com.",1,1,2025-01-27,2026-01-10
we love wordpress,1,1,2024-01-09,2026-07-07
we streamlined our seo—see wordpressengine.com’s blueprint on seoflox.com.,1,1,2025-04-29,2026-01-08
web hosting for agencies,1,1,2026-03-17,2026-07-21
web hosting for agencies: built to support your business,1,1,2026-03-17,2026-07-21
web hosting providers – like,1,1,2026-01-16,2026-01-25
web uygulamasını kullan,1,1,2025-11-05,2026-06-24
webapp gebruiken,1,1,2026-04-30,2026-04-30
webbhotell,1,1,2023-09-11,2026-07-03
webhosting,1,1,2026-04-05,2026-07-21
webová stránka,1,1,2026-07-12,2026-07-12
website &nearr;,1,1,2026-06-19,2026-07-20
website caching for wordpress: improve speed and user experience,1,1,2026-07-02,2026-07-02
website icon visit website,1,1,2025-10-15,2026-01-16
website performance,1,1,2026-03-17,2026-07-21
website security,1,1,2026-03-17,2026-07-21
website=↗,1,1,2025-12-21,2026-06-11
webホストが,1,1,2026-02-26,2026-06-23
welcome to pressable 101: everything you need to know,1,1,2026-03-17,2026-07-21
what is gpl ? here’s what developers and legal professionals …,1,1,2025-10-24,2026-02-02
what is gpl? a guide to the open source software license - pressable,1,1,2026-01-03,2026-01-31
what is gpl? here's what developers and legal professionals ...,1,1,2026-05-07,2026-05-07
what is gpl? here’s what developers and legal professionals need to know,1,1,2025-09-30,2026-07-11
what is high availability hosting for wordpress?,1,1,2026-03-17,2026-07-21
"what is jetpack security, and how do i activate it in pressable?",1,1,2026-03-17,2026-07-21
what is proactive maintenance?,1,1,2026-03-17,2026-07-21
what is the difference between wordpress.com and wordpress.org?,1,1,2026-03-17,2026-07-21
what is the pressable support user?,1,1,2026-03-17,2026-07-21
what is the real cost of building a wordpress website?,1,1,2026-03-17,2026-07-21
what is the set jetpack license button?,1,1,2026-03-17,2026-07-21
what is wordpress multisite & when to use it? - pressable,1,1,2023-09-20,2026-01-29
"what is wordpress multisite, and when should you use it?",1,1,2026-03-17,2026-07-21
what is wp cloud: a complete guide for developers and website owners,1,1,2025-07-03,2026-04-18
"what makes a ""best"" wordpress hosting provider?",1,1,2026-03-17,2026-07-21
what makes pressable different?,1,1,2026-03-17,2026-07-21
what pressable can do and how we can help,1,1,2026-03-17,2026-07-21
what questions to ask a client,1,1,2025-03-04,2026-06-19
what sets pressable apart,1,1,2025-12-27,2026-07-15
what the best woocommerce themes have in common,1,1,2026-03-17,2026-07-21
what to do if your wordpress site gets hacked,1,1,2026-03-17,2026-07-21
what to expect from wordpress 6.1 – pressable,1,1,2024-11-02,2026-07-22
what wordpress default plugins are pre-installed on my site?,1,1,2026-03-17,2026-07-21
what wordpress file permissions should i use?,1,1,2026-03-17,2026-07-21
what’s new in wordpress 6.0,1,1,2024-06-19,2026-07-17
when do you need dedicated hosting?,1,1,2026-03-17,2026-07-21
when do you switch to enterprise wordpress hosting?,1,1,2026-03-17,2026-07-21
where are pressable data centers located?,1,1,2026-03-17,2026-07-21
where can i find the new ip addresses for my site?,1,1,2026-05-01,2026-05-01
where to start with freelance contracts,1,1,2026-03-17,2026-07-21
which cdn should i use on pressable?,1,1,2026-03-17,2026-07-21
white-label wordpress hosting for agencies,1,1,2026-05-09,2026-06-29
white-label wordpress hosting for profitable agencies | pressable,1,1,2026-04-26,2026-04-26
who is pressable best for?,1,1,2026-03-17,2026-07-21
why (and how) to migrate from wix to wordpress,1,1,2026-03-17,2026-07-21
why (and how) to switch from squarespace to wordpress,1,1,2026-03-17,2026-07-21
why a wordpress cdn is important to your website and your business,1,1,2026-03-17,2026-07-21
why choose pressable?,1,1,2026-03-17,2026-07-21
why choose woocommerce over shopify,1,1,2026-01-16,2026-01-25
why choose woocommerce over shopify?,1,1,2026-03-17,2026-07-21
"why does my site say ""briefly down for scheduled maintenance""?",1,1,2026-03-17,2026-07-21
why is my css not updating?,1,1,2026-03-17,2026-07-21
why it's smart to limit plugins on your wordpress site,1,1,2026-03-17,2026-07-21
why managed wordpress hosting is the ideal solution for developers and creatives,1,1,2026-03-17,2026-07-21
why pressable doesn't offer phone support (and why that's a good thing),1,1,2026-03-17,2026-07-21
why pressable?,1,1,2026-03-17,2026-07-21
why should you use wordpress for your website?,1,1,2026-03-17,2026-07-21
why wordpress is the best for podcast websites,1,1,2026-03-17,2026-07-21
wicked savings - 15% off new woocommerce hosting plans w/c ghost,1,1,2025-01-30,2026-04-25
will be disabled and removed,1,1,2023-12-29,2026-07-10
will buy your wp engine contract.,1,1,2024-10-04,2026-07-16
will gutenberg affect your website’s seo?,1,1,2024-11-06,2026-06-03
will my multisite work on pressable?,1,1,2026-03-17,2026-07-21
wix,1,1,2024-01-19,2026-06-02
woocommerce,1,1,2026-07-16,2026-07-18
woocommerce cron jobs: automating tasks ↗,1,1,2025-09-21,2026-03-04
woocommerce cron jobs: what they do and why they matter?,1,1,2026-03-17,2026-07-21
woocommerce dynamic pricing: how to boost ecommerce revenue with strategic pricing,1,1,2026-03-17,2026-07-21
woocommerce high-traffic event preparation guide: phase 1,1,1,2026-03-17,2026-07-21
woocommerce high-traffic event preparation guide: phase 2,1,1,2026-03-17,2026-07-21
woocommerce high-traffic event preparation guide: phase 3,1,1,2026-03-17,2026-07-21
woocommerce high-traffic event preparation guide: phase 4,1,1,2026-03-17,2026-07-21
woocommerce high-traffic event preparation guide: start here,1,1,2026-03-17,2026-07-21
woocommerce hosting by pressable,1,1,2026-03-17,2026-07-21
woocommerce hosting made ...,1,1,2023-09-08,2026-07-04
woocommerce migration: avoid downtime and data loss with these essential tips,1,1,2026-03-17,2026-07-21
woocommerce myths,1,1,2025-06-20,2026-02-03
woocommerce order attribution tracking cookies (sbjs_) and caching,1,1,2026-03-17,2026-07-21
woocommerce pim: product information management solutions for growing woocommerce stores,1,1,2026-03-17,2026-07-21
woocommerce platform,1,1,2024-08-10,2026-07-14
woocommerce store trends,1,1,2023-09-16,2026-07-17
"woocommerce vs. bigcommerce: which is best for your business needs? when it comes to setting up your wordpress ecommerce business site, choosing the right platform is a critical first step. this decision impacts everything for your business, from costs and scalability to daily management. it’s important to do the research upfront so you can make the right choice. pressable",1,1,2026-01-19,2026-02-05
woocommerce vs. magento (adobe commerce): which is better for your online store?,1,1,2026-03-17,2026-07-21
woocommerce vs. wix: woocommerce demystified for wix store owners,1,1,2026-03-17,2026-07-21
woocommerce website migration without downtime or data loss,1,1,2026-04-18,2026-06-12
woocommercehost your store on the wordpress.com network.,1,1,2023-09-28,2026-06-02
wordpress 3.6 upgrade news and policy – pressable …,1,1,2024-08-16,2026-04-08
wordpress 6.3: all the new features you need | pressable,1,1,2026-07-02,2026-07-02
wordpress accessibility for visually impaired users,1,1,2026-03-17,2026-07-21
wordpress affordable hosting,1,1,2024-07-22,2026-07-17
wordpress agency sops: standardizing your wordpress services,1,1,2026-04-20,2026-06-04
wordpress automation for developers: how to streamline your development workflows,1,1,2026-03-17,2026-07-21
wordpress automation: scheduling tasks in woocommerce with action scheduler,1,1,2026-03-17,2026-07-21
wordpress cleanup: how to uninstall wordpress plugins without breaking your site,1,1,2026-03-17,2026-07-21
wordpress cloud hosting platform | wp cloud,1,1,2026-03-17,2026-07-21
wordpress cloud hosting platform — wp cloud by pressable,1,1,2026-07-01,2026-07-17
wordpress collaborator permissions & management,1,1,2026-03-17,2026-07-21
wordpress composer: how to use composer for modern wordpress development,1,1,2026-03-17,2026-07-21
wordpress database optimization: guide to enhancing site speed - pressable - wordpress database optimization,1,1,2025-09-23,2026-07-04
wordpress development: what are custom fields and how do you use them?,1,1,2026-03-17,2026-07-21
wordpress downtime costs: why uptime guarantees matter,1,1,2026-03-17,2026-07-21
wordpress ecommerce,1,1,2026-03-17,2026-07-21
wordpress environment types,1,1,2026-03-17,2026-07-21
wordpress freelancers,1,1,2024-01-20,2026-06-19
wordpress github workflows: version control best practices for development teams,1,1,2026-03-17,2026-07-21
wordpress hosting and maintenance,1,1,2026-03-17,2026-07-21
wordpress hosting automation features with pressable,1,1,2026-03-01,2026-03-01
wordpress hosting by pressable,1,1,2023-11-19,2026-07-03
wordpress hosting company pressable,1,1,2023-09-02,2026-07-10
wordpress hosting features,1,1,2026-01-16,2026-01-25
wordpress hosting for agencies in multan,1,1,2026-05-02,2026-05-02
wordpress hosting for freelancers,1,1,2026-03-17,2026-07-21
wordpress hosting for high traffic websites,1,1,2026-03-17,2026-07-21
wordpress hosting for small and medium-sized businesses,1,1,2026-03-17,2026-07-21
wordpress hosting for web developers,1,1,2026-03-17,2026-07-21
wordpress hosting plans from zippykid,1,1,2022-05-02,2026-07-11
wordpress hosting platform,1,1,2024-07-22,2026-06-23
wordpress hosting provider,1,1,2026-02-21,2026-05-16
wordpress hosting services,1,1,2024-07-20,2026-07-06
wordpress hosting with email,1,1,2024-07-28,2026-06-06
wordpress hosting wordpress hosting,1,1,2024-11-15,2026-07-08
wordpress lead generation plugins: how to choose and use for maximum conversions,1,1,2026-03-17,2026-07-21
wordpress local seo guide,1,1,2025-12-03,2026-07-20
wordpress local seo guide for smbs,1,1,2026-03-02,2026-07-14
wordpress local seo: a strategy for small businesses,1,1,2025-12-03,2026-07-21
wordpress malware cleaning and hack recovery assistance,1,1,2026-03-17,2026-07-21
wordpress malware scanning & threat monitoring,1,1,2026-03-17,2026-07-21
wordpress migration plan,1,1,2026-03-30,2026-06-01
wordpress monitoring,1,1,2026-03-17,2026-07-21
wordpress news,1,1,2026-03-17,2026-07-21
"wordpress news, articles, and blog posts | pressable",1,1,2026-04-11,2026-04-26
wordpress performance budgets: setting and monitoring goals,1,1,2026-03-29,2026-03-29
wordpress performance monitoring and optimization,1,1,2026-03-17,2026-07-21
wordpress php compatibility guide,1,1,2026-03-17,2026-07-21
wordpress php versions: why you need to update | pressable,1,1,2026-02-25,2026-05-15
wordpress plugin and theme actions through mypressable control panel,1,1,2026-03-17,2026-07-21
wordpress plugin update scheduler,1,1,2025-02-26,2026-07-09
wordpress plugin update scheduler and performance reports,1,1,2026-03-17,2026-07-21
wordpress plugins & themes,1,1,2026-03-17,2026-07-21
wordpress security 101 - pressable,1,1,2024-11-17,2026-07-09
wordpress security checklist: how to give your wordpress site a security audit,1,1,2026-03-17,2026-07-21
wordpress seo migration checklist,1,1,2025-12-15,2026-07-13
wordpress site bug fix,1,1,2024-06-25,2026-06-09
wordpress site down? common issues and fixes,1,1,2026-03-17,2026-07-21
wordpress site setup,1,1,2025-11-03,2026-07-03
wordpress sites,1,1,2023-10-04,2026-06-07
wordpress speed problems: is it your host or website?,1,1,2026-03-17,2026-07-21
wordpress studio sync now works with pressable,1,1,2026-03-17,2026-07-21
wordpress tips & tricks,1,1,2026-03-17,2026-07-21
wordpress training newcastle,1,1,2024-08-03,2026-05-03
wordpress turns 20: a journey from blog to web powerhouse,1,1,2026-07-02,2026-07-02
wordpress tutorials,1,1,2026-03-17,2026-07-21
wordpress two-factor authentication plugin,1,1,2026-06-20,2026-07-20
wordpress uptime monitoring: ensuring maximum website availability,1,1,2026-03-17,2026-07-21
wordpress vs. substack: find the best platform for your newsletter,1,1,2026-03-17,2026-07-21
wordpress web application firewall (waf) solutions,1,1,2026-03-17,2026-07-21
wordpress website example screenshot,1,1,2024-08-13,2026-03-24
wordpress-based professional hosting service,1,1,2024-09-20,2026-06-26
wordpresshost your websites where wordpress works best.,1,1,2023-09-28,2026-06-02
working with a wordpress hosting provider,1,1,2023-09-06,2026-02-03
worry-free malware scanning and threat monitoring pressable,1,1,2024-06-29,2026-07-07
wp beginner x pressable,1,1,2026-03-17,2026-07-21
wp cloud: the ultimate wordpress cloud hosting guide,1,1,2026-07-02,2026-07-02
wp engine site migration,1,1,2026-03-17,2026-07-21
wp-cli commands,1,1,2026-06-17,2026-07-20
wp101®,1,1,2023-09-28,2026-06-02
wpdatacenter.com visit website,1,1,2026-05-24,2026-05-24
writing a blog post,1,1,2022-11-23,2026-07-11
www.pressable.com link_icon,1,1,2024-11-21,2026-04-11
www.pressable.com ↗,1,1,2026-07-17,2026-07-17
www.pressable.com.,1,1,2026-06-15,2026-06-15
www.zippykid.com,1,1,2026-03-09,2026-06-05
xmlrpc checker,1,1,2026-03-17,2026-07-21
xwp,1,1,2026-07-16,2026-07-18
yoast indexables,1,1,2026-03-17,2026-07-21
yoast seo plugin,1,1,2024-12-06,2026-05-24
you can add mx records,1,1,2023-05-30,2026-06-06
you can find,1,1,2024-11-09,2026-07-21
you can follow this guide,1,1,2024-09-22,2026-04-17
you can follow this guide from pressable,1,1,2024-09-22,2026-04-17
you can learn more about pressable’s thoughts about php workers here,1,1,2024-05-24,2026-07-16
you might like to start here,1,1,2023-05-30,2026-07-21
you searched for dns - pressable,1,1,2024-06-24,2026-07-04
your control panel,1,1,2024-07-02,2026-07-04
your guide to responsive web design for wordpress,1,1,2026-03-17,2026-07-21
your guide to understanding the types of wordpress hosting,1,1,2026-03-17,2026-07-21
your main application servers temporarily store api response,1,1,2025-08-02,2026-07-19
zippkid zippkid,1,1,2025-03-12,2026-07-22
zippy kid wordpress hosting,1,1,2025-11-29,2026-07-22
zippykid - the next generation of wordpress hosting zippykid.com,1,1,2026-03-28,2026-03-28
zippykid had several hours of downtime for hundreds of customers,1,1,2025-03-14,2026-07-04
zippykid is now pressable pressable.com,1,1,2026-03-27,2026-03-27
zippykid is reporting on their blog,1,1,2024-02-29,2026-07-18
zippykid zippykid,1,1,2025-02-25,2026-07-16
"zippykid,",1,1,2026-02-24,2026-04-27
zippykid’s,1,1,2024-03-09,2026-02-24
zobacz →,1,1,2025-12-19,2026-06-11
"zona, tipo de registro y estructura de registro",1,1,2026-07-15,2026-07-18
здесь,1,1,2023-07-06,2026-05-15
использовать веб-приложение,1,1,2026-06-17,2026-06-17
конкурентен продукт,1,1,2024-10-29,2026-07-13
начните с pressable,1,1,2024-12-18,2026-05-13
облечен,1,1,2025-12-27,2026-06-22
официальный сайт,1,1,2023-09-15,2026-07-04
узнать больше,1,1,2026-06-17,2026-06-17
התחלת שימוש ב-pressable,1,1,2026-03-26,2026-07-07
לגלות את pressable,1,1,2026-03-05,2026-03-05
إدارة,1,1,2025-01-16,2026-03-03
ابدأ باستخدام pressable,1,1,2023-10-27,2026-05-19
استكشف منصة pressable,1,1,2026-02-11,2026-02-11
الإضافات المحظورة في pressable,1,1,2023-03-09,2026-07-18
المكون الإضافي للأمان jetpack,1,1,2026-04-12,2026-06-01
انقروا هنا للاطلاع عليها,1,1,2026-04-14,2026-07-14
جرب تطبيق pressable هنا,1,1,2026-04-17,2026-07-17
شركة pressable,1,1,2026-04-17,2026-07-15
صفحة الأسعار الرسمية لشركة pressable,1,1,2026-04-14,2026-07-20
قابل فشار,1,1,2025-08-04,2026-07-19
مصدر رقم 1,1,1,2025-06-29,2026-06-22
منبع ۲,1,1,2024-07-04,2026-07-22
وpressable,1,1,2026-04-17,2026-07-15
پریسبل,1,1,2024-12-12,2026-06-22
दबाने योग्य,1,1,2025-11-08,2026-07-16
प्रेसएबल एक अच्छा विकल्प है।,1,1,2024-02-24,2026-04-27
रखते,1,1,2026-04-20,2026-06-11
একটি চুক্তি ঘোষণা,1,1,2025-03-07,2026-05-31
কেন্দ্রিক,1,1,2026-04-30,2026-06-21
জিপ্পিকিড,1,1,2026-04-30,2026-06-21
বিশেষীকরণ,1,1,2026-04-30,2026-06-21
সংকুচিত,1,1,2025-06-01,2026-02-05
กดได้,1,1,2025-11-08,2026-07-16
โฮสติ้งที่,1,1,2026-02-25,2026-06-16
​very thorough read​,1,1,2025-12-17,2026-04-18
– pressable.com,1,1,2024-08-14,2026-07-06
“official pressable site”,1,1,2026-07-15,2026-07-15
⁠ pressable,1,1,2026-06-25,2026-06-25
↗,1,1,2026-06-02,2026-07-18
↗ visit site,1,1,2026-07-15,2026-07-17
⤤ website,1,1,2025-07-06,2026-07-08
ここで圧力をかけてみてください,1,1,2025-09-08,2026-01-06
可壓,1,1,2026-06-03,2026-06-03
官方 cdn 文件,1,1,2026-05-31,2026-07-07
官方 git 部署文件,1,1,2026-05-31,2026-07-07
官方網站,1,1,2026-06-29,2026-07-11
官方退款政策,1,1,2026-06-29,2026-07-11
從 pressable 開始,1,1,2026-03-11,2026-07-10
探索 pressable,1,1,2026-01-20,2026-01-20
方案與費用頁,1,1,2026-06-29,2026-07-11
由 pressable 托管。,1,1,2025-03-11,2026-03-12
背後的公司與 wordpress.com 相同，都是 automattic,1,1,2025-02-23,2026-01-13
虚拟,1,1,2026-07-23,2026-07-23
链接直达 ,1,1,2026-07-06,2026-07-22
開始使用 pressable,1,1,2026-04-09,2026-07-07
马上试用pressable,1,1,2025-04-13,2026-02-10
누르기 가능,1,1,2025-11-08,2026-07-16
누를 수,1,1,2025-06-03,2026-07-23
더 알아보기,1,1,2026-05-08,2026-05-08
웹 앱 사용,1,1,2026-05-08,2026-05-08
프레스 블,1,1,2024-12-20,2026-06-22
🌐 official website pressable.com,1,1,2026-07-19,2026-07-19
🌐 pressable.com,1,1,2024-06-19,2026-07-08
🎯 pressable.com,1,1,2025-06-20,2026-07-07
🏠 plugin homepage,1,1,2026-05-18,2026-06-19
👉 tap here to learn more about pressable,1,1,2025-09-30,2026-05-01
